timestamp_utc,fecha,hora,minuto,parque,atraccion,atraccion_id,estado,tipo_cola,espera_min,hora_retorno,precio,fuente
2026-08-20T22:01:04Z,2026-08-21,0,1,Disneyland Park,Adventure Isle,2702,CLOSED,STANDBY,0,,,queue-times.com
2026-08-20T22:01:04Z,2026-08-21,0,1,Disneyland Park,Indiana Jones and the Temple of Peril Single Rider,7306,CLOSED,STANDBY,0,,,queue-times.com
2026-08-20T22:01:04Z,2026-08-21,0,1,Disneyland Park,Indiana Jones™ and the Temple of Peril,2,CLOSED,STANDBY,0,,,queue-times.com
2026-08-20T22:01:04Z,2026-08-21,0,1,Disneyland Park,La Cabane des Robinson,1,CLOSED,STANDBY,0,,,queue-times.com
2026-08-20T22:01:04Z,2026-08-21,0,1,Disneyland Park,Le Passage Enchanté d'Aladdin,2703,CLOSED,STANDBY,0,,,queue-times.com
2026-08-20T22:01:04Z,2026-08-21,0,1,Disneyland Park,Pirate Galleon,2705,CLOSED,STANDBY,0,,,queue-times.com
2026-08-20T22:01:04Z,2026-08-21,0,1,Disneyland Park,Pirates of the Caribbean,3,CLOSED,STANDBY,0,,,queue-times.com
2026-08-20T22:01:04Z,2026-08-21,0,1,Disneyland Park,Pirates' Beach,2704,CLOSED,STANDBY,0,,,queue-times.com
2026-08-20T22:01:04Z,2026-08-21,0,1,Disneyland Park,"Autopia, presented by Avis",4,CLOSED,STANDBY,0,,,queue-times.com
2026-08-20T22:01:04Z,2026-08-21,0,1,Disneyland Park,Buzz Lightyear Laser Blast,5,CLOSED,STANDBY,0,,,queue-times.com
2026-08-20T22:01:04Z,2026-08-21,0,1,Disneyland Park,Disneyland Railroad Discoveryland Station,2706,CLOSED,STANDBY,0,,,queue-times.com
2026-08-20T22:01:04Z,2026-08-21,0,1,Disneyland Park,Les Mystères du Nautilus,6,CLOSED,STANDBY,0,,,queue-times.com
2026-08-20T22:01:04Z,2026-08-21,0,1,Disneyland Park,Mickey’s PhilharMagic,2707,CLOSED,STANDBY,0,,,queue-times.com
2026-08-20T22:01:04Z,2026-08-21,0,1,Disneyland Park,Orbitron®,7,CLOSED,STANDBY,0,,,queue-times.com
2026-08-20T22:01:04Z,2026-08-21,0,1,Disneyland Park,Star Tours: The Adventures Continue*,9,CLOSED,STANDBY,0,,,queue-times.com
2026-08-20T22:01:04Z,2026-08-21,0,1,Disneyland Park,Star Wars Hyperspace Mountain,8,CLOSED,STANDBY,0,,,queue-times.com
2026-08-20T22:01:04Z,2026-08-21,0,1,Disneyland Park,Star Wars Hyperspace Mountain Single Rider,7278,CLOSED,STANDBY,0,,,queue-times.com
2026-08-20T22:01:04Z,2026-08-21,0,1,Disneyland Park,Welcome to Starport: A Star Wars Encounter,4573,CLOSED,STANDBY,0,,,queue-times.com
2026-08-20T22:01:04Z,2026-08-21,0,1,Disneyland Park,"""it's a small world""",19,CLOSED,STANDBY,0,,,queue-times.com
2026-08-20T22:01:04Z,2026-08-21,0,1,Disneyland Park,Alice's Curious Labyrinth,14,CLOSED,STANDBY,0,,,queue-times.com
2026-08-20T22:01:04Z,2026-08-21,0,1,Disneyland Park,Blanche-Neige et les Sept Nains®,15,CLOSED,STANDBY,0,,,queue-times.com
2026-08-20T22:01:04Z,2026-08-21,0,1,Disneyland Park,Casey Jr. – le Petit Train du Cirque,17,CLOSED,STANDBY,0,,,queue-times.com
2026-08-20T22:01:04Z,2026-08-21,0,1,Disneyland Park,Disneyland Railroad Fantasyland Station,2711,CLOSED,STANDBY,0,,,queue-times.com
2026-08-20T22:01:04Z,2026-08-21,0,1,Disneyland Park,Disneyland Railroad Main Street Station,11,CLOSED,STANDBY,0,,,queue-times.com
2026-08-20T22:01:04Z,2026-08-21,0,1,Disneyland Park,Dumbo the Flying Elephant,18,CLOSED,STANDBY,0,,,queue-times.com
2026-08-20T22:01:04Z,2026-08-21,0,1,Disneyland Park,La Tanière du Dragon,2710,CLOSED,STANDBY,0,,,queue-times.com
2026-08-20T22:01:04Z,2026-08-21,0,1,Disneyland Park,Le Carrousel de Lancelot,16,CLOSED,STANDBY,0,,,queue-times.com
2026-08-20T22:01:04Z,2026-08-21,0,1,Disneyland Park,"Le Pays des Contes de Fées, presented by Vittel",21,CLOSED,STANDBY,0,,,queue-times.com
2026-08-20T22:01:04Z,2026-08-21,0,1,Disneyland Park,Les Voyages de Pinocchio,23,CLOSED,STANDBY,0,,,queue-times.com
2026-08-20T22:01:04Z,2026-08-21,0,1,Disneyland Park,Mad Hatter's Tea Cups,20,CLOSED,STANDBY,0,,,queue-times.com
2026-08-20T22:01:04Z,2026-08-21,0,1,Disneyland Park,Meet Mickey Mouse,13,CLOSED,STANDBY,0,,,queue-times.com
2026-08-20T22:01:04Z,2026-08-21,0,1,Disneyland Park,Peter Pan's Flight,22,CLOSED,STANDBY,0,,,queue-times.com
2026-08-20T22:01:04Z,2026-08-21,0,1,Disneyland Park,Princess Pavilion,24,CLOSED,STANDBY,0,,,queue-times.com
2026-08-20T22:01:04Z,2026-08-21,0,1,Disneyland Park,Big Thunder Mountain,25,CLOSED,STANDBY,0,,,queue-times.com
2026-08-20T22:01:04Z,2026-08-21,0,1,Disneyland Park,Disneyland Railroad Frontierland Depot,2714,CLOSED,STANDBY,0,,,queue-times.com
2026-08-20T22:01:04Z,2026-08-21,0,1,Disneyland Park,Frontierland Playground,2713,CLOSED,STANDBY,0,,,queue-times.com
2026-08-20T22:01:04Z,2026-08-21,0,1,Disneyland Park,Phantom Manor,26,CLOSED,STANDBY,0,,,queue-times.com
2026-08-20T22:01:04Z,2026-08-21,0,1,Disneyland Park,River Rogue Keelboats,27,CLOSED,STANDBY,0,,,queue-times.com
2026-08-20T22:01:04Z,2026-08-21,0,1,Disneyland Park,Rustler Roundup Shootin' Gallery,2712,CLOSED,STANDBY,0,,,queue-times.com
2026-08-20T22:01:04Z,2026-08-21,0,1,Disneyland Park,Thunder Mesa Riverboat Landing,28,CLOSED,STANDBY,0,,,queue-times.com
2026-08-20T22:01:04Z,2026-08-21,0,1,Disneyland Park,Disneyland Railroad Main Street Station,2708,CLOSED,STANDBY,0,,,queue-times.com
2026-08-20T22:01:04Z,2026-08-21,0,1,Disneyland Park,Main Street Vehicles,12,CLOSED,STANDBY,0,,,queue-times.com
2026-08-20T22:01:04Z,2026-08-21,0,1,Disney Adventure World,Avengers Assemble: Flight Force,10848,CLOSED,STANDBY,0,,,queue-times.com
2026-08-20T22:01:04Z,2026-08-21,0,1,Disney Adventure World,Avengers Assemble: Flight Force Single Rider,10849,CLOSED,STANDBY,0,,,queue-times.com
2026-08-20T22:01:04Z,2026-08-21,0,1,Disney Adventure World,Spider-Man W.E.B. Adventure,10845,CLOSED,STANDBY,0,,,queue-times.com
2026-08-20T22:01:04Z,2026-08-21,0,1,Disney Adventure World,Spider-Man W.E.B. Adventure Single Rider,10846,CLOSED,STANDBY,0,,,queue-times.com
2026-08-20T22:01:04Z,2026-08-21,0,1,Disney Adventure World,The Twilight Zone Tower of Terror,40,CLOSED,STANDBY,0,,,queue-times.com
2026-08-20T22:01:04Z,2026-08-21,0,1,Disney Adventure World,Cars Quatre Roues Rallye,31,CLOSED,STANDBY,0,,,queue-times.com
2026-08-20T22:01:04Z,2026-08-21,0,1,Disney Adventure World,Cars ROAD TRIP,29,CLOSED,STANDBY,0,,,queue-times.com
2026-08-20T22:01:04Z,2026-08-21,0,1,Disney Adventure World,Crush's Coaster,32,CLOSED,STANDBY,0,,,queue-times.com
2026-08-20T22:01:04Z,2026-08-21,0,1,Disney Adventure World,Crush's Coaster Single Rider,7277,CLOSED,STANDBY,0,,,queue-times.com
2026-08-20T22:01:04Z,2026-08-21,0,1,Disney Adventure World,Les Tapis Volants - Flying Carpets Over Agrabah®,33,CLOSED,STANDBY,0,,,queue-times.com
2026-08-20T22:01:04Z,2026-08-21,0,1,Disney Adventure World,Ratatouille : L’Aventure Totalement Toquée de Rémy​,37,CLOSED,STANDBY,0,,,queue-times.com
2026-08-20T22:01:04Z,2026-08-21,0,1,Disney Adventure World,Ratatouille: The Adventure Single Rider,7279,CLOSED,STANDBY,0,,,queue-times.com
2026-08-20T22:01:04Z,2026-08-21,0,1,Disney Adventure World,RC Racer,34,CLOSED,STANDBY,0,,,queue-times.com
2026-08-20T22:01:04Z,2026-08-21,0,1,Disney Adventure World,RC Racer Single Rider,7280,CLOSED,STANDBY,0,,,queue-times.com
2026-08-20T22:01:04Z,2026-08-21,0,1,Disney Adventure World,Slinky® Dog Zigzag Spin,36,CLOSED,STANDBY,0,,,queue-times.com
2026-08-20T22:01:04Z,2026-08-21,0,1,Disney Adventure World,Toy Soldiers Parachute Drop,35,CLOSED,STANDBY,0,,,queue-times.com
2026-08-20T22:01:04Z,2026-08-21,0,1,Disney Adventure World,Toy Soldiers Parachute Drop Single Rider,7281,CLOSED,STANDBY,0,,,queue-times.com
2026-08-20T22:01:04Z,2026-08-21,0,1,Disney Adventure World,Entry to World of Frozen,16247,CLOSED,STANDBY,0,,,queue-times.com
2026-08-20T22:01:04Z,2026-08-21,0,1,Disney Adventure World,Frozen Ever After,15413,CLOSED,STANDBY,0,,,queue-times.com
2026-08-20T22:01:04Z,2026-08-21,0,1,Disney Adventure World,Raiponce Tangled Spin,15415,CLOSED,STANDBY,0,,,queue-times.com
2026-08-20T22:11:32Z,2026-08-21,0,11,Disneyland Park,Adventure Isle,2702,CLOSED,STANDBY,0,,,queue-times.com
2026-08-20T22:11:32Z,2026-08-21,0,11,Disneyland Park,Indiana Jones and the Temple of Peril Single Rider,7306,CLOSED,STANDBY,0,,,queue-times.com
2026-08-20T22:11:32Z,2026-08-21,0,11,Disneyland Park,Indiana Jones™ and the Temple of Peril,2,CLOSED,STANDBY,0,,,queue-times.com
2026-08-20T22:11:32Z,2026-08-21,0,11,Disneyland Park,La Cabane des Robinson,1,CLOSED,STANDBY,0,,,queue-times.com
2026-08-20T22:11:32Z,2026-08-21,0,11,Disneyland Park,Le Passage Enchanté d'Aladdin,2703,CLOSED,STANDBY,0,,,queue-times.com
2026-08-20T22:11:32Z,2026-08-21,0,11,Disneyland Park,Pirate Galleon,2705,CLOSED,STANDBY,0,,,queue-times.com
2026-08-20T22:11:32Z,2026-08-21,0,11,Disneyland Park,Pirates of the Caribbean,3,CLOSED,STANDBY,0,,,queue-times.com
2026-08-20T22:11:32Z,2026-08-21,0,11,Disneyland Park,Pirates' Beach,2704,CLOSED,STANDBY,0,,,queue-times.com
2026-08-20T22:11:32Z,2026-08-21,0,11,Disneyland Park,"Autopia, presented by Avis",4,CLOSED,STANDBY,0,,,queue-times.com
2026-08-20T22:11:32Z,2026-08-21,0,11,Disneyland Park,Buzz Lightyear Laser Blast,5,CLOSED,STANDBY,0,,,queue-times.com
2026-08-20T22:11:32Z,2026-08-21,0,11,Disneyland Park,Disneyland Railroad Discoveryland Station,2706,CLOSED,STANDBY,0,,,queue-times.com
2026-08-20T22:11:32Z,2026-08-21,0,11,Disneyland Park,Les Mystères du Nautilus,6,CLOSED,STANDBY,0,,,queue-times.com
2026-08-20T22:11:32Z,2026-08-21,0,11,Disneyland Park,Mickey’s PhilharMagic,2707,CLOSED,STANDBY,0,,,queue-times.com
2026-08-20T22:11:32Z,2026-08-21,0,11,Disneyland Park,Orbitron®,7,CLOSED,STANDBY,0,,,queue-times.com
2026-08-20T22:11:32Z,2026-08-21,0,11,Disneyland Park,Star Tours: The Adventures Continue*,9,CLOSED,STANDBY,0,,,queue-times.com
2026-08-20T22:11:32Z,2026-08-21,0,11,Disneyland Park,Star Wars Hyperspace Mountain,8,CLOSED,STANDBY,0,,,queue-times.com
2026-08-20T22:11:32Z,2026-08-21,0,11,Disneyland Park,Star Wars Hyperspace Mountain Single Rider,7278,CLOSED,STANDBY,0,,,queue-times.com
2026-08-20T22:11:32Z,2026-08-21,0,11,Disneyland Park,Welcome to Starport: A Star Wars Encounter,4573,CLOSED,STANDBY,0,,,queue-times.com
2026-08-20T22:11:32Z,2026-08-21,0,11,Disneyland Park,"""it's a small world""",19,CLOSED,STANDBY,0,,,queue-times.com
2026-08-20T22:11:32Z,2026-08-21,0,11,Disneyland Park,Alice's Curious Labyrinth,14,CLOSED,STANDBY,0,,,queue-times.com
2026-08-20T22:11:32Z,2026-08-21,0,11,Disneyland Park,Blanche-Neige et les Sept Nains®,15,CLOSED,STANDBY,0,,,queue-times.com
2026-08-20T22:11:32Z,2026-08-21,0,11,Disneyland Park,Casey Jr. – le Petit Train du Cirque,17,CLOSED,STANDBY,0,,,queue-times.com
2026-08-20T22:11:32Z,2026-08-21,0,11,Disneyland Park,Disneyland Railroad Fantasyland Station,2711,CLOSED,STANDBY,0,,,queue-times.com
2026-08-20T22:11:32Z,2026-08-21,0,11,Disneyland Park,Disneyland Railroad Main Street Station,11,CLOSED,STANDBY,0,,,queue-times.com
2026-08-20T22:11:32Z,2026-08-21,0,11,Disneyland Park,Dumbo the Flying Elephant,18,CLOSED,STANDBY,0,,,queue-times.com
2026-08-20T22:11:32Z,2026-08-21,0,11,Disneyland Park,La Tanière du Dragon,2710,CLOSED,STANDBY,0,,,queue-times.com
2026-08-20T22:11:32Z,2026-08-21,0,11,Disneyland Park,Le Carrousel de Lancelot,16,CLOSED,STANDBY,0,,,queue-times.com
2026-08-20T22:11:32Z,2026-08-21,0,11,Disneyland Park,"Le Pays des Contes de Fées, presented by Vittel",21,CLOSED,STANDBY,0,,,queue-times.com
2026-08-20T22:11:32Z,2026-08-21,0,11,Disneyland Park,Les Voyages de Pinocchio,23,CLOSED,STANDBY,0,,,queue-times.com
2026-08-20T22:11:32Z,2026-08-21,0,11,Disneyland Park,Mad Hatter's Tea Cups,20,CLOSED,STANDBY,0,,,queue-times.com
2026-08-20T22:11:32Z,2026-08-21,0,11,Disneyland Park,Meet Mickey Mouse,13,CLOSED,STANDBY,0,,,queue-times.com
2026-08-20T22:11:32Z,2026-08-21,0,11,Disneyland Park,Peter Pan's Flight,22,CLOSED,STANDBY,0,,,queue-times.com
2026-08-20T22:11:32Z,2026-08-21,0,11,Disneyland Park,Princess Pavilion,24,CLOSED,STANDBY,0,,,queue-times.com
2026-08-20T22:11:32Z,2026-08-21,0,11,Disneyland Park,Big Thunder Mountain,25,CLOSED,STANDBY,0,,,queue-times.com
2026-08-20T22:11:32Z,2026-08-21,0,11,Disneyland Park,Disneyland Railroad Frontierland Depot,2714,CLOSED,STANDBY,0,,,queue-times.com
2026-08-20T22:11:32Z,2026-08-21,0,11,Disneyland Park,Frontierland Playground,2713,CLOSED,STANDBY,0,,,queue-times.com
2026-08-20T22:11:32Z,2026-08-21,0,11,Disneyland Park,Phantom Manor,26,CLOSED,STANDBY,0,,,queue-times.com
2026-08-20T22:11:32Z,2026-08-21,0,11,Disneyland Park,River Rogue Keelboats,27,CLOSED,STANDBY,0,,,queue-times.com
2026-08-20T22:11:32Z,2026-08-21,0,11,Disneyland Park,Rustler Roundup Shootin' Gallery,2712,CLOSED,STANDBY,0,,,queue-times.com
2026-08-20T22:11:32Z,2026-08-21,0,11,Disneyland Park,Thunder Mesa Riverboat Landing,28,CLOSED,STANDBY,0,,,queue-times.com
2026-08-20T22:11:32Z,2026-08-21,0,11,Disneyland Park,Disneyland Railroad Main Street Station,2708,CLOSED,STANDBY,0,,,queue-times.com
2026-08-20T22:11:32Z,2026-08-21,0,11,Disneyland Park,Main Street Vehicles,12,CLOSED,STANDBY,0,,,queue-times.com
2026-08-20T22:11:32Z,2026-08-21,0,11,Disney Adventure World,Avengers Assemble: Flight Force,10848,CLOSED,STANDBY,0,,,queue-times.com
2026-08-20T22:11:32Z,2026-08-21,0,11,Disney Adventure World,Avengers Assemble: Flight Force Single Rider,10849,CLOSED,STANDBY,0,,,queue-times.com
2026-08-20T22:11:32Z,2026-08-21,0,11,Disney Adventure World,Spider-Man W.E.B. Adventure,10845,CLOSED,STANDBY,0,,,queue-times.com
2026-08-20T22:11:32Z,2026-08-21,0,11,Disney Adventure World,Spider-Man W.E.B. Adventure Single Rider,10846,CLOSED,STANDBY,0,,,queue-times.com
2026-08-20T22:11:32Z,2026-08-21,0,11,Disney Adventure World,The Twilight Zone Tower of Terror,40,CLOSED,STANDBY,0,,,queue-times.com
2026-08-20T22:11:32Z,2026-08-21,0,11,Disney Adventure World,Cars Quatre Roues Rallye,31,CLOSED,STANDBY,0,,,queue-times.com
2026-08-20T22:11:32Z,2026-08-21,0,11,Disney Adventure World,Cars ROAD TRIP,29,CLOSED,STANDBY,0,,,queue-times.com
2026-08-20T22:11:32Z,2026-08-21,0,11,Disney Adventure World,Crush's Coaster,32,CLOSED,STANDBY,0,,,queue-times.com
2026-08-20T22:11:32Z,2026-08-21,0,11,Disney Adventure World,Crush's Coaster Single Rider,7277,CLOSED,STANDBY,0,,,queue-times.com
2026-08-20T22:11:32Z,2026-08-21,0,11,Disney Adventure World,Les Tapis Volants - Flying Carpets Over Agrabah®,33,CLOSED,STANDBY,0,,,queue-times.com
2026-08-20T22:11:32Z,2026-08-21,0,11,Disney Adventure World,Ratatouille : L’Aventure Totalement Toquée de Rémy​,37,CLOSED,STANDBY,0,,,queue-times.com
2026-08-20T22:11:32Z,2026-08-21,0,11,Disney Adventure World,Ratatouille: The Adventure Single Rider,7279,CLOSED,STANDBY,0,,,queue-times.com
2026-08-20T22:11:32Z,2026-08-21,0,11,Disney Adventure World,RC Racer,34,CLOSED,STANDBY,0,,,queue-times.com
2026-08-20T22:11:32Z,2026-08-21,0,11,Disney Adventure World,RC Racer Single Rider,7280,CLOSED,STANDBY,0,,,queue-times.com
2026-08-20T22:11:32Z,2026-08-21,0,11,Disney Adventure World,Slinky® Dog Zigzag Spin,36,CLOSED,STANDBY,0,,,queue-times.com
2026-08-20T22:11:32Z,2026-08-21,0,11,Disney Adventure World,Toy Soldiers Parachute Drop,35,CLOSED,STANDBY,0,,,queue-times.com
2026-08-20T22:11:32Z,2026-08-21,0,11,Disney Adventure World,Toy Soldiers Parachute Drop Single Rider,7281,CLOSED,STANDBY,0,,,queue-times.com
2026-08-20T22:11:32Z,2026-08-21,0,11,Disney Adventure World,Entry to World of Frozen,16247,CLOSED,STANDBY,0,,,queue-times.com
2026-08-20T22:11:32Z,2026-08-21,0,11,Disney Adventure World,Frozen Ever After,15413,CLOSED,STANDBY,0,,,queue-times.com
2026-08-20T22:11:32Z,2026-08-21,0,11,Disney Adventure World,Raiponce Tangled Spin,15415,CLOSED,STANDBY,0,,,queue-times.com
2026-08-20T22:15:34Z,2026-08-21,0,15,Disneyland Park,Adventure Isle,2702,CLOSED,STANDBY,0,,,queue-times.com
2026-08-20T22:15:34Z,2026-08-21,0,15,Disneyland Park,Indiana Jones and the Temple of Peril Single Rider,7306,CLOSED,STANDBY,0,,,queue-times.com
2026-08-20T22:15:34Z,2026-08-21,0,15,Disneyland Park,Indiana Jones™ and the Temple of Peril,2,CLOSED,STANDBY,0,,,queue-times.com
2026-08-20T22:15:34Z,2026-08-21,0,15,Disneyland Park,La Cabane des Robinson,1,CLOSED,STANDBY,0,,,queue-times.com
2026-08-20T22:15:34Z,2026-08-21,0,15,Disneyland Park,Le Passage Enchanté d'Aladdin,2703,CLOSED,STANDBY,0,,,queue-times.com
2026-08-20T22:15:34Z,2026-08-21,0,15,Disneyland Park,Pirate Galleon,2705,CLOSED,STANDBY,0,,,queue-times.com
2026-08-20T22:15:34Z,2026-08-21,0,15,Disneyland Park,Pirates of the Caribbean,3,CLOSED,STANDBY,0,,,queue-times.com
2026-08-20T22:15:34Z,2026-08-21,0,15,Disneyland Park,Pirates' Beach,2704,CLOSED,STANDBY,0,,,queue-times.com
2026-08-20T22:15:34Z,2026-08-21,0,15,Disneyland Park,"Autopia, presented by Avis",4,CLOSED,STANDBY,0,,,queue-times.com
2026-08-20T22:15:34Z,2026-08-21,0,15,Disneyland Park,Buzz Lightyear Laser Blast,5,CLOSED,STANDBY,0,,,queue-times.com
2026-08-20T22:15:34Z,2026-08-21,0,15,Disneyland Park,Disneyland Railroad Discoveryland Station,2706,CLOSED,STANDBY,0,,,queue-times.com
2026-08-20T22:15:34Z,2026-08-21,0,15,Disneyland Park,Les Mystères du Nautilus,6,CLOSED,STANDBY,0,,,queue-times.com
2026-08-20T22:15:34Z,2026-08-21,0,15,Disneyland Park,Mickey’s PhilharMagic,2707,CLOSED,STANDBY,0,,,queue-times.com
2026-08-20T22:15:34Z,2026-08-21,0,15,Disneyland Park,Orbitron®,7,CLOSED,STANDBY,0,,,queue-times.com
2026-08-20T22:15:34Z,2026-08-21,0,15,Disneyland Park,Star Tours: The Adventures Continue*,9,CLOSED,STANDBY,0,,,queue-times.com
2026-08-20T22:15:34Z,2026-08-21,0,15,Disneyland Park,Star Wars Hyperspace Mountain,8,CLOSED,STANDBY,0,,,queue-times.com
2026-08-20T22:15:34Z,2026-08-21,0,15,Disneyland Park,Star Wars Hyperspace Mountain Single Rider,7278,CLOSED,STANDBY,0,,,queue-times.com
2026-08-20T22:15:34Z,2026-08-21,0,15,Disneyland Park,Welcome to Starport: A Star Wars Encounter,4573,CLOSED,STANDBY,0,,,queue-times.com
2026-08-20T22:15:34Z,2026-08-21,0,15,Disneyland Park,"""it's a small world""",19,CLOSED,STANDBY,0,,,queue-times.com
2026-08-20T22:15:34Z,2026-08-21,0,15,Disneyland Park,Alice's Curious Labyrinth,14,CLOSED,STANDBY,0,,,queue-times.com
2026-08-20T22:15:34Z,2026-08-21,0,15,Disneyland Park,Blanche-Neige et les Sept Nains®,15,CLOSED,STANDBY,0,,,queue-times.com
2026-08-20T22:15:34Z,2026-08-21,0,15,Disneyland Park,Casey Jr. – le Petit Train du Cirque,17,CLOSED,STANDBY,0,,,queue-times.com
2026-08-20T22:15:34Z,2026-08-21,0,15,Disneyland Park,Disneyland Railroad Fantasyland Station,2711,CLOSED,STANDBY,0,,,queue-times.com
2026-08-20T22:15:34Z,2026-08-21,0,15,Disneyland Park,Disneyland Railroad Main Street Station,11,CLOSED,STANDBY,0,,,queue-times.com
2026-08-20T22:15:34Z,2026-08-21,0,15,Disneyland Park,Dumbo the Flying Elephant,18,CLOSED,STANDBY,0,,,queue-times.com
2026-08-20T22:15:34Z,2026-08-21,0,15,Disneyland Park,La Tanière du Dragon,2710,CLOSED,STANDBY,0,,,queue-times.com
2026-08-20T22:15:34Z,2026-08-21,0,15,Disneyland Park,Le Carrousel de Lancelot,16,CLOSED,STANDBY,0,,,queue-times.com
2026-08-20T22:15:34Z,2026-08-21,0,15,Disneyland Park,"Le Pays des Contes de Fées, presented by Vittel",21,CLOSED,STANDBY,0,,,queue-times.com
2026-08-20T22:15:34Z,2026-08-21,0,15,Disneyland Park,Les Voyages de Pinocchio,23,CLOSED,STANDBY,0,,,queue-times.com
2026-08-20T22:15:34Z,2026-08-21,0,15,Disneyland Park,Mad Hatter's Tea Cups,20,CLOSED,STANDBY,0,,,queue-times.com
2026-08-20T22:15:34Z,2026-08-21,0,15,Disneyland Park,Meet Mickey Mouse,13,CLOSED,STANDBY,0,,,queue-times.com
2026-08-20T22:15:34Z,2026-08-21,0,15,Disneyland Park,Peter Pan's Flight,22,CLOSED,STANDBY,0,,,queue-times.com
2026-08-20T22:15:34Z,2026-08-21,0,15,Disneyland Park,Princess Pavilion,24,CLOSED,STANDBY,0,,,queue-times.com
2026-08-20T22:15:34Z,2026-08-21,0,15,Disneyland Park,Big Thunder Mountain,25,CLOSED,STANDBY,0,,,queue-times.com
2026-08-20T22:15:34Z,2026-08-21,0,15,Disneyland Park,Disneyland Railroad Frontierland Depot,2714,CLOSED,STANDBY,0,,,queue-times.com
2026-08-20T22:15:34Z,2026-08-21,0,15,Disneyland Park,Frontierland Playground,2713,CLOSED,STANDBY,0,,,queue-times.com
2026-08-20T22:15:34Z,2026-08-21,0,15,Disneyland Park,Phantom Manor,26,CLOSED,STANDBY,0,,,queue-times.com
2026-08-20T22:15:34Z,2026-08-21,0,15,Disneyland Park,River Rogue Keelboats,27,CLOSED,STANDBY,0,,,queue-times.com
2026-08-20T22:15:34Z,2026-08-21,0,15,Disneyland Park,Rustler Roundup Shootin' Gallery,2712,CLOSED,STANDBY,0,,,queue-times.com
2026-08-20T22:15:34Z,2026-08-21,0,15,Disneyland Park,Thunder Mesa Riverboat Landing,28,CLOSED,STANDBY,0,,,queue-times.com
2026-08-20T22:15:34Z,2026-08-21,0,15,Disneyland Park,Disneyland Railroad Main Street Station,2708,CLOSED,STANDBY,0,,,queue-times.com
2026-08-20T22:15:34Z,2026-08-21,0,15,Disneyland Park,Main Street Vehicles,12,CLOSED,STANDBY,0,,,queue-times.com
2026-08-20T22:15:34Z,2026-08-21,0,15,Disney Adventure World,Avengers Assemble: Flight Force,10848,CLOSED,STANDBY,0,,,queue-times.com
2026-08-20T22:15:34Z,2026-08-21,0,15,Disney Adventure World,Avengers Assemble: Flight Force Single Rider,10849,CLOSED,STANDBY,0,,,queue-times.com
2026-08-20T22:15:34Z,2026-08-21,0,15,Disney Adventure World,Spider-Man W.E.B. Adventure,10845,CLOSED,STANDBY,0,,,queue-times.com
2026-08-20T22:15:34Z,2026-08-21,0,15,Disney Adventure World,Spider-Man W.E.B. Adventure Single Rider,10846,CLOSED,STANDBY,0,,,queue-times.com
2026-08-20T22:15:34Z,2026-08-21,0,15,Disney Adventure World,The Twilight Zone Tower of Terror,40,CLOSED,STANDBY,0,,,queue-times.com
2026-08-20T22:15:34Z,2026-08-21,0,15,Disney Adventure World,Cars Quatre Roues Rallye,31,CLOSED,STANDBY,0,,,queue-times.com
2026-08-20T22:15:34Z,2026-08-21,0,15,Disney Adventure World,Cars ROAD TRIP,29,CLOSED,STANDBY,0,,,queue-times.com
2026-08-20T22:15:34Z,2026-08-21,0,15,Disney Adventure World,Crush's Coaster,32,CLOSED,STANDBY,0,,,queue-times.com
2026-08-20T22:15:34Z,2026-08-21,0,15,Disney Adventure World,Crush's Coaster Single Rider,7277,CLOSED,STANDBY,0,,,queue-times.com
2026-08-20T22:15:34Z,2026-08-21,0,15,Disney Adventure World,Les Tapis Volants - Flying Carpets Over Agrabah®,33,CLOSED,STANDBY,0,,,queue-times.com
2026-08-20T22:15:34Z,2026-08-21,0,15,Disney Adventure World,Ratatouille : L’Aventure Totalement Toquée de Rémy​,37,CLOSED,STANDBY,0,,,queue-times.com
2026-08-20T22:15:34Z,2026-08-21,0,15,Disney Adventure World,Ratatouille: The Adventure Single Rider,7279,CLOSED,STANDBY,0,,,queue-times.com
2026-08-20T22:15:34Z,2026-08-21,0,15,Disney Adventure World,RC Racer,34,CLOSED,STANDBY,0,,,queue-times.com
2026-08-20T22:15:34Z,2026-08-21,0,15,Disney Adventure World,RC Racer Single Rider,7280,CLOSED,STANDBY,0,,,queue-times.com
2026-08-20T22:15:34Z,2026-08-21,0,15,Disney Adventure World,Slinky® Dog Zigzag Spin,36,CLOSED,STANDBY,0,,,queue-times.com
2026-08-20T22:15:34Z,2026-08-21,0,15,Disney Adventure World,Toy Soldiers Parachute Drop,35,CLOSED,STANDBY,0,,,queue-times.com
2026-08-20T22:15:34Z,2026-08-21,0,15,Disney Adventure World,Toy Soldiers Parachute Drop Single Rider,7281,CLOSED,STANDBY,0,,,queue-times.com
2026-08-20T22:15:34Z,2026-08-21,0,15,Disney Adventure World,Entry to World of Frozen,16247,CLOSED,STANDBY,0,,,queue-times.com
2026-08-20T22:15:34Z,2026-08-21,0,15,Disney Adventure World,Frozen Ever After,15413,CLOSED,STANDBY,0,,,queue-times.com
2026-08-20T22:15:34Z,2026-08-21,0,15,Disney Adventure World,Raiponce Tangled Spin,15415,CLOSED,STANDBY,0,,,queue-times.com
2026-08-20T22:30:50Z,2026-08-21,0,30,Disneyland Park,Adventure Isle,2702,CLOSED,STANDBY,0,,,queue-times.com
2026-08-20T22:30:50Z,2026-08-21,0,30,Disneyland Park,Indiana Jones and the Temple of Peril Single Rider,7306,CLOSED,STANDBY,0,,,queue-times.com
2026-08-20T22:30:50Z,2026-08-21,0,30,Disneyland Park,Indiana Jones™ and the Temple of Peril,2,CLOSED,STANDBY,0,,,queue-times.com
2026-08-20T22:30:50Z,2026-08-21,0,30,Disneyland Park,La Cabane des Robinson,1,CLOSED,STANDBY,0,,,queue-times.com
2026-08-20T22:30:50Z,2026-08-21,0,30,Disneyland Park,Le Passage Enchanté d'Aladdin,2703,CLOSED,STANDBY,0,,,queue-times.com
2026-08-20T22:30:50Z,2026-08-21,0,30,Disneyland Park,Pirate Galleon,2705,CLOSED,STANDBY,0,,,queue-times.com
2026-08-20T22:30:50Z,2026-08-21,0,30,Disneyland Park,Pirates of the Caribbean,3,CLOSED,STANDBY,0,,,queue-times.com
2026-08-20T22:30:50Z,2026-08-21,0,30,Disneyland Park,Pirates' Beach,2704,CLOSED,STANDBY,0,,,queue-times.com
2026-08-20T22:30:50Z,2026-08-21,0,30,Disneyland Park,"Autopia, presented by Avis",4,CLOSED,STANDBY,0,,,queue-times.com
2026-08-20T22:30:50Z,2026-08-21,0,30,Disneyland Park,Buzz Lightyear Laser Blast,5,CLOSED,STANDBY,0,,,queue-times.com
2026-08-20T22:30:50Z,2026-08-21,0,30,Disneyland Park,Disneyland Railroad Discoveryland Station,2706,CLOSED,STANDBY,0,,,queue-times.com
2026-08-20T22:30:50Z,2026-08-21,0,30,Disneyland Park,Les Mystères du Nautilus,6,CLOSED,STANDBY,0,,,queue-times.com
2026-08-20T22:30:50Z,2026-08-21,0,30,Disneyland Park,Mickey’s PhilharMagic,2707,CLOSED,STANDBY,0,,,queue-times.com
2026-08-20T22:30:50Z,2026-08-21,0,30,Disneyland Park,Orbitron®,7,CLOSED,STANDBY,0,,,queue-times.com
2026-08-20T22:30:50Z,2026-08-21,0,30,Disneyland Park,Star Tours: The Adventures Continue*,9,CLOSED,STANDBY,0,,,queue-times.com
2026-08-20T22:30:50Z,2026-08-21,0,30,Disneyland Park,Star Wars Hyperspace Mountain,8,CLOSED,STANDBY,0,,,queue-times.com
2026-08-20T22:30:50Z,2026-08-21,0,30,Disneyland Park,Star Wars Hyperspace Mountain Single Rider,7278,CLOSED,STANDBY,0,,,queue-times.com
2026-08-20T22:30:50Z,2026-08-21,0,30,Disneyland Park,Welcome to Starport: A Star Wars Encounter,4573,CLOSED,STANDBY,0,,,queue-times.com
2026-08-20T22:30:50Z,2026-08-21,0,30,Disneyland Park,"""it's a small world""",19,CLOSED,STANDBY,0,,,queue-times.com
2026-08-20T22:30:50Z,2026-08-21,0,30,Disneyland Park,Alice's Curious Labyrinth,14,CLOSED,STANDBY,0,,,queue-times.com
2026-08-20T22:30:50Z,2026-08-21,0,30,Disneyland Park,Blanche-Neige et les Sept Nains®,15,CLOSED,STANDBY,0,,,queue-times.com
2026-08-20T22:30:50Z,2026-08-21,0,30,Disneyland Park,Casey Jr. – le Petit Train du Cirque,17,CLOSED,STANDBY,0,,,queue-times.com
2026-08-20T22:30:50Z,2026-08-21,0,30,Disneyland Park,Disneyland Railroad Fantasyland Station,2711,CLOSED,STANDBY,0,,,queue-times.com
2026-08-20T22:30:50Z,2026-08-21,0,30,Disneyland Park,Disneyland Railroad Main Street Station,11,CLOSED,STANDBY,0,,,queue-times.com
2026-08-20T22:30:50Z,2026-08-21,0,30,Disneyland Park,Dumbo the Flying Elephant,18,CLOSED,STANDBY,0,,,queue-times.com
2026-08-20T22:30:50Z,2026-08-21,0,30,Disneyland Park,La Tanière du Dragon,2710,CLOSED,STANDBY,0,,,queue-times.com
2026-08-20T22:30:50Z,2026-08-21,0,30,Disneyland Park,Le Carrousel de Lancelot,16,CLOSED,STANDBY,0,,,queue-times.com
2026-08-20T22:30:50Z,2026-08-21,0,30,Disneyland Park,"Le Pays des Contes de Fées, presented by Vittel",21,CLOSED,STANDBY,0,,,queue-times.com
2026-08-20T22:30:50Z,2026-08-21,0,30,Disneyland Park,Les Voyages de Pinocchio,23,CLOSED,STANDBY,0,,,queue-times.com
2026-08-20T22:30:50Z,2026-08-21,0,30,Disneyland Park,Mad Hatter's Tea Cups,20,CLOSED,STANDBY,0,,,queue-times.com
2026-08-20T22:30:50Z,2026-08-21,0,30,Disneyland Park,Meet Mickey Mouse,13,CLOSED,STANDBY,0,,,queue-times.com
2026-08-20T22:30:50Z,2026-08-21,0,30,Disneyland Park,Peter Pan's Flight,22,CLOSED,STANDBY,0,,,queue-times.com
2026-08-20T22:30:50Z,2026-08-21,0,30,Disneyland Park,Princess Pavilion,24,CLOSED,STANDBY,0,,,queue-times.com
2026-08-20T22:30:50Z,2026-08-21,0,30,Disneyland Park,Big Thunder Mountain,25,CLOSED,STANDBY,0,,,queue-times.com
2026-08-20T22:30:50Z,2026-08-21,0,30,Disneyland Park,Disneyland Railroad Frontierland Depot,2714,CLOSED,STANDBY,0,,,queue-times.com
2026-08-20T22:30:50Z,2026-08-21,0,30,Disneyland Park,Frontierland Playground,2713,CLOSED,STANDBY,0,,,queue-times.com
2026-08-20T22:30:50Z,2026-08-21,0,30,Disneyland Park,Phantom Manor,26,CLOSED,STANDBY,0,,,queue-times.com
2026-08-20T22:30:50Z,2026-08-21,0,30,Disneyland Park,River Rogue Keelboats,27,CLOSED,STANDBY,0,,,queue-times.com
2026-08-20T22:30:50Z,2026-08-21,0,30,Disneyland Park,Rustler Roundup Shootin' Gallery,2712,CLOSED,STANDBY,0,,,queue-times.com
2026-08-20T22:30:50Z,2026-08-21,0,30,Disneyland Park,Thunder Mesa Riverboat Landing,28,CLOSED,STANDBY,0,,,queue-times.com
2026-08-20T22:30:50Z,2026-08-21,0,30,Disneyland Park,Disneyland Railroad Main Street Station,2708,CLOSED,STANDBY,0,,,queue-times.com
2026-08-20T22:30:50Z,2026-08-21,0,30,Disneyland Park,Main Street Vehicles,12,CLOSED,STANDBY,0,,,queue-times.com
2026-08-20T22:30:50Z,2026-08-21,0,30,Disney Adventure World,Avengers Assemble: Flight Force,10848,CLOSED,STANDBY,0,,,queue-times.com
2026-08-20T22:30:50Z,2026-08-21,0,30,Disney Adventure World,Avengers Assemble: Flight Force Single Rider,10849,CLOSED,STANDBY,0,,,queue-times.com
2026-08-20T22:30:50Z,2026-08-21,0,30,Disney Adventure World,Spider-Man W.E.B. Adventure,10845,CLOSED,STANDBY,0,,,queue-times.com
2026-08-20T22:30:50Z,2026-08-21,0,30,Disney Adventure World,Spider-Man W.E.B. Adventure Single Rider,10846,CLOSED,STANDBY,0,,,queue-times.com
2026-08-20T22:30:50Z,2026-08-21,0,30,Disney Adventure World,The Twilight Zone Tower of Terror,40,CLOSED,STANDBY,0,,,queue-times.com
2026-08-20T22:30:50Z,2026-08-21,0,30,Disney Adventure World,Cars Quatre Roues Rallye,31,CLOSED,STANDBY,0,,,queue-times.com
2026-08-20T22:30:50Z,2026-08-21,0,30,Disney Adventure World,Cars ROAD TRIP,29,CLOSED,STANDBY,0,,,queue-times.com
2026-08-20T22:30:50Z,2026-08-21,0,30,Disney Adventure World,Crush's Coaster,32,CLOSED,STANDBY,0,,,queue-times.com
2026-08-20T22:30:50Z,2026-08-21,0,30,Disney Adventure World,Crush's Coaster Single Rider,7277,CLOSED,STANDBY,0,,,queue-times.com
2026-08-20T22:30:50Z,2026-08-21,0,30,Disney Adventure World,Les Tapis Volants - Flying Carpets Over Agrabah®,33,CLOSED,STANDBY,0,,,queue-times.com
2026-08-20T22:30:50Z,2026-08-21,0,30,Disney Adventure World,Ratatouille : L’Aventure Totalement Toquée de Rémy​,37,CLOSED,STANDBY,0,,,queue-times.com
2026-08-20T22:30:50Z,2026-08-21,0,30,Disney Adventure World,Ratatouille: The Adventure Single Rider,7279,CLOSED,STANDBY,0,,,queue-times.com
2026-08-20T22:30:50Z,2026-08-21,0,30,Disney Adventure World,RC Racer,34,CLOSED,STANDBY,0,,,queue-times.com
2026-08-20T22:30:50Z,2026-08-21,0,30,Disney Adventure World,RC Racer Single Rider,7280,CLOSED,STANDBY,0,,,queue-times.com
2026-08-20T22:30:50Z,2026-08-21,0,30,Disney Adventure World,Slinky® Dog Zigzag Spin,36,CLOSED,STANDBY,0,,,queue-times.com
2026-08-20T22:30:50Z,2026-08-21,0,30,Disney Adventure World,Toy Soldiers Parachute Drop,35,CLOSED,STANDBY,0,,,queue-times.com
2026-08-20T22:30:50Z,2026-08-21,0,30,Disney Adventure World,Toy Soldiers Parachute Drop Single Rider,7281,CLOSED,STANDBY,0,,,queue-times.com
2026-08-20T22:30:50Z,2026-08-21,0,30,Disney Adventure World,Entry to World of Frozen,16247,CLOSED,STANDBY,0,,,queue-times.com
2026-08-20T22:30:50Z,2026-08-21,0,30,Disney Adventure World,Frozen Ever After,15413,CLOSED,STANDBY,0,,,queue-times.com
2026-08-20T22:30:50Z,2026-08-21,0,30,Disney Adventure World,Raiponce Tangled Spin,15415,CLOSED,STANDBY,0,,,queue-times.com
2026-08-20T22:45:32Z,2026-08-21,0,45,Disneyland Park,Adventure Isle,2702,CLOSED,STANDBY,0,,,queue-times.com
2026-08-20T22:45:32Z,2026-08-21,0,45,Disneyland Park,Indiana Jones and the Temple of Peril Single Rider,7306,CLOSED,STANDBY,0,,,queue-times.com
2026-08-20T22:45:32Z,2026-08-21,0,45,Disneyland Park,Indiana Jones™ and the Temple of Peril,2,CLOSED,STANDBY,0,,,queue-times.com
2026-08-20T22:45:32Z,2026-08-21,0,45,Disneyland Park,La Cabane des Robinson,1,CLOSED,STANDBY,0,,,queue-times.com
2026-08-20T22:45:32Z,2026-08-21,0,45,Disneyland Park,Le Passage Enchanté d'Aladdin,2703,CLOSED,STANDBY,0,,,queue-times.com
2026-08-20T22:45:32Z,2026-08-21,0,45,Disneyland Park,Pirate Galleon,2705,CLOSED,STANDBY,0,,,queue-times.com
2026-08-20T22:45:32Z,2026-08-21,0,45,Disneyland Park,Pirates of the Caribbean,3,CLOSED,STANDBY,0,,,queue-times.com
2026-08-20T22:45:32Z,2026-08-21,0,45,Disneyland Park,Pirates' Beach,2704,CLOSED,STANDBY,0,,,queue-times.com
2026-08-20T22:45:32Z,2026-08-21,0,45,Disneyland Park,"Autopia, presented by Avis",4,CLOSED,STANDBY,0,,,queue-times.com
2026-08-20T22:45:32Z,2026-08-21,0,45,Disneyland Park,Buzz Lightyear Laser Blast,5,CLOSED,STANDBY,0,,,queue-times.com
2026-08-20T22:45:32Z,2026-08-21,0,45,Disneyland Park,Disneyland Railroad Discoveryland Station,2706,CLOSED,STANDBY,0,,,queue-times.com
2026-08-20T22:45:32Z,2026-08-21,0,45,Disneyland Park,Les Mystères du Nautilus,6,CLOSED,STANDBY,0,,,queue-times.com
2026-08-20T22:45:32Z,2026-08-21,0,45,Disneyland Park,Mickey’s PhilharMagic,2707,CLOSED,STANDBY,0,,,queue-times.com
2026-08-20T22:45:32Z,2026-08-21,0,45,Disneyland Park,Orbitron®,7,CLOSED,STANDBY,0,,,queue-times.com
2026-08-20T22:45:32Z,2026-08-21,0,45,Disneyland Park,Star Tours: The Adventures Continue*,9,CLOSED,STANDBY,0,,,queue-times.com
2026-08-20T22:45:32Z,2026-08-21,0,45,Disneyland Park,Star Wars Hyperspace Mountain,8,CLOSED,STANDBY,0,,,queue-times.com
2026-08-20T22:45:32Z,2026-08-21,0,45,Disneyland Park,Star Wars Hyperspace Mountain Single Rider,7278,CLOSED,STANDBY,0,,,queue-times.com
2026-08-20T22:45:32Z,2026-08-21,0,45,Disneyland Park,Welcome to Starport: A Star Wars Encounter,4573,CLOSED,STANDBY,0,,,queue-times.com
2026-08-20T22:45:32Z,2026-08-21,0,45,Disneyland Park,"""it's a small world""",19,CLOSED,STANDBY,0,,,queue-times.com
2026-08-20T22:45:32Z,2026-08-21,0,45,Disneyland Park,Alice's Curious Labyrinth,14,CLOSED,STANDBY,0,,,queue-times.com
2026-08-20T22:45:32Z,2026-08-21,0,45,Disneyland Park,Blanche-Neige et les Sept Nains®,15,CLOSED,STANDBY,0,,,queue-times.com
2026-08-20T22:45:32Z,2026-08-21,0,45,Disneyland Park,Casey Jr. – le Petit Train du Cirque,17,CLOSED,STANDBY,0,,,queue-times.com
2026-08-20T22:45:32Z,2026-08-21,0,45,Disneyland Park,Disneyland Railroad Fantasyland Station,2711,CLOSED,STANDBY,0,,,queue-times.com
2026-08-20T22:45:32Z,2026-08-21,0,45,Disneyland Park,Disneyland Railroad Main Street Station,11,CLOSED,STANDBY,0,,,queue-times.com
2026-08-20T22:45:32Z,2026-08-21,0,45,Disneyland Park,Dumbo the Flying Elephant,18,CLOSED,STANDBY,0,,,queue-times.com
2026-08-20T22:45:32Z,2026-08-21,0,45,Disneyland Park,La Tanière du Dragon,2710,CLOSED,STANDBY,0,,,queue-times.com
2026-08-20T22:45:32Z,2026-08-21,0,45,Disneyland Park,Le Carrousel de Lancelot,16,CLOSED,STANDBY,0,,,queue-times.com
2026-08-20T22:45:32Z,2026-08-21,0,45,Disneyland Park,"Le Pays des Contes de Fées, presented by Vittel",21,CLOSED,STANDBY,0,,,queue-times.com
2026-08-20T22:45:32Z,2026-08-21,0,45,Disneyland Park,Les Voyages de Pinocchio,23,CLOSED,STANDBY,0,,,queue-times.com
2026-08-20T22:45:32Z,2026-08-21,0,45,Disneyland Park,Mad Hatter's Tea Cups,20,CLOSED,STANDBY,0,,,queue-times.com
2026-08-20T22:45:32Z,2026-08-21,0,45,Disneyland Park,Meet Mickey Mouse,13,CLOSED,STANDBY,0,,,queue-times.com
2026-08-20T22:45:32Z,2026-08-21,0,45,Disneyland Park,Peter Pan's Flight,22,CLOSED,STANDBY,0,,,queue-times.com
2026-08-20T22:45:32Z,2026-08-21,0,45,Disneyland Park,Princess Pavilion,24,CLOSED,STANDBY,0,,,queue-times.com
2026-08-20T22:45:32Z,2026-08-21,0,45,Disneyland Park,Big Thunder Mountain,25,CLOSED,STANDBY,0,,,queue-times.com
2026-08-20T22:45:32Z,2026-08-21,0,45,Disneyland Park,Disneyland Railroad Frontierland Depot,2714,CLOSED,STANDBY,0,,,queue-times.com
2026-08-20T22:45:32Z,2026-08-21,0,45,Disneyland Park,Frontierland Playground,2713,CLOSED,STANDBY,0,,,queue-times.com
2026-08-20T22:45:32Z,2026-08-21,0,45,Disneyland Park,Phantom Manor,26,CLOSED,STANDBY,0,,,queue-times.com
2026-08-20T22:45:32Z,2026-08-21,0,45,Disneyland Park,River Rogue Keelboats,27,CLOSED,STANDBY,0,,,queue-times.com
2026-08-20T22:45:32Z,2026-08-21,0,45,Disneyland Park,Rustler Roundup Shootin' Gallery,2712,CLOSED,STANDBY,0,,,queue-times.com
2026-08-20T22:45:32Z,2026-08-21,0,45,Disneyland Park,Thunder Mesa Riverboat Landing,28,CLOSED,STANDBY,0,,,queue-times.com
2026-08-20T22:45:32Z,2026-08-21,0,45,Disneyland Park,Disneyland Railroad Main Street Station,2708,CLOSED,STANDBY,0,,,queue-times.com
2026-08-20T22:45:32Z,2026-08-21,0,45,Disneyland Park,Main Street Vehicles,12,CLOSED,STANDBY,0,,,queue-times.com
2026-08-20T22:45:32Z,2026-08-21,0,45,Disney Adventure World,Avengers Assemble: Flight Force,10848,CLOSED,STANDBY,0,,,queue-times.com
2026-08-20T22:45:32Z,2026-08-21,0,45,Disney Adventure World,Avengers Assemble: Flight Force Single Rider,10849,CLOSED,STANDBY,0,,,queue-times.com
2026-08-20T22:45:32Z,2026-08-21,0,45,Disney Adventure World,Spider-Man W.E.B. Adventure,10845,CLOSED,STANDBY,0,,,queue-times.com
2026-08-20T22:45:32Z,2026-08-21,0,45,Disney Adventure World,Spider-Man W.E.B. Adventure Single Rider,10846,CLOSED,STANDBY,0,,,queue-times.com
2026-08-20T22:45:32Z,2026-08-21,0,45,Disney Adventure World,The Twilight Zone Tower of Terror,40,CLOSED,STANDBY,0,,,queue-times.com
2026-08-20T22:45:32Z,2026-08-21,0,45,Disney Adventure World,Cars Quatre Roues Rallye,31,CLOSED,STANDBY,0,,,queue-times.com
2026-08-20T22:45:32Z,2026-08-21,0,45,Disney Adventure World,Cars ROAD TRIP,29,CLOSED,STANDBY,0,,,queue-times.com
2026-08-20T22:45:32Z,2026-08-21,0,45,Disney Adventure World,Crush's Coaster,32,CLOSED,STANDBY,0,,,queue-times.com
2026-08-20T22:45:32Z,2026-08-21,0,45,Disney Adventure World,Crush's Coaster Single Rider,7277,CLOSED,STANDBY,0,,,queue-times.com
2026-08-20T22:45:32Z,2026-08-21,0,45,Disney Adventure World,Les Tapis Volants - Flying Carpets Over Agrabah®,33,CLOSED,STANDBY,0,,,queue-times.com
2026-08-20T22:45:32Z,2026-08-21,0,45,Disney Adventure World,Ratatouille : L’Aventure Totalement Toquée de Rémy​,37,CLOSED,STANDBY,0,,,queue-times.com
2026-08-20T22:45:32Z,2026-08-21,0,45,Disney Adventure World,Ratatouille: The Adventure Single Rider,7279,CLOSED,STANDBY,0,,,queue-times.com
2026-08-20T22:45:32Z,2026-08-21,0,45,Disney Adventure World,RC Racer,34,CLOSED,STANDBY,0,,,queue-times.com
2026-08-20T22:45:32Z,2026-08-21,0,45,Disney Adventure World,RC Racer Single Rider,7280,CLOSED,STANDBY,0,,,queue-times.com
2026-08-20T22:45:32Z,2026-08-21,0,45,Disney Adventure World,Slinky® Dog Zigzag Spin,36,CLOSED,STANDBY,0,,,queue-times.com
2026-08-20T22:45:32Z,2026-08-21,0,45,Disney Adventure World,Toy Soldiers Parachute Drop,35,CLOSED,STANDBY,0,,,queue-times.com
2026-08-20T22:45:32Z,2026-08-21,0,45,Disney Adventure World,Toy Soldiers Parachute Drop Single Rider,7281,CLOSED,STANDBY,0,,,queue-times.com
2026-08-20T22:45:32Z,2026-08-21,0,45,Disney Adventure World,Entry to World of Frozen,16247,CLOSED,STANDBY,0,,,queue-times.com
2026-08-20T22:45:32Z,2026-08-21,0,45,Disney Adventure World,Frozen Ever After,15413,CLOSED,STANDBY,0,,,queue-times.com
2026-08-20T22:45:32Z,2026-08-21,0,45,Disney Adventure World,Raiponce Tangled Spin,15415,CLOSED,STANDBY,0,,,queue-times.com
2026-08-20T22:48:50Z,2026-08-21,0,48,Disneyland Park,Adventure Isle,2702,CLOSED,STANDBY,0,,,queue-times.com
2026-08-20T22:48:50Z,2026-08-21,0,48,Disneyland Park,Indiana Jones and the Temple of Peril Single Rider,7306,CLOSED,STANDBY,0,,,queue-times.com
2026-08-20T22:48:50Z,2026-08-21,0,48,Disneyland Park,Indiana Jones™ and the Temple of Peril,2,CLOSED,STANDBY,0,,,queue-times.com
2026-08-20T22:48:50Z,2026-08-21,0,48,Disneyland Park,La Cabane des Robinson,1,CLOSED,STANDBY,0,,,queue-times.com
2026-08-20T22:48:50Z,2026-08-21,0,48,Disneyland Park,Le Passage Enchanté d'Aladdin,2703,CLOSED,STANDBY,0,,,queue-times.com
2026-08-20T22:48:50Z,2026-08-21,0,48,Disneyland Park,Pirate Galleon,2705,CLOSED,STANDBY,0,,,queue-times.com
2026-08-20T22:48:50Z,2026-08-21,0,48,Disneyland Park,Pirates of the Caribbean,3,CLOSED,STANDBY,0,,,queue-times.com
2026-08-20T22:48:50Z,2026-08-21,0,48,Disneyland Park,Pirates' Beach,2704,CLOSED,STANDBY,0,,,queue-times.com
2026-08-20T22:48:50Z,2026-08-21,0,48,Disneyland Park,"Autopia, presented by Avis",4,CLOSED,STANDBY,0,,,queue-times.com
2026-08-20T22:48:50Z,2026-08-21,0,48,Disneyland Park,Buzz Lightyear Laser Blast,5,CLOSED,STANDBY,0,,,queue-times.com
2026-08-20T22:48:50Z,2026-08-21,0,48,Disneyland Park,Disneyland Railroad Discoveryland Station,2706,CLOSED,STANDBY,0,,,queue-times.com
2026-08-20T22:48:50Z,2026-08-21,0,48,Disneyland Park,Les Mystères du Nautilus,6,CLOSED,STANDBY,0,,,queue-times.com
2026-08-20T22:48:50Z,2026-08-21,0,48,Disneyland Park,Mickey’s PhilharMagic,2707,CLOSED,STANDBY,0,,,queue-times.com
2026-08-20T22:48:50Z,2026-08-21,0,48,Disneyland Park,Orbitron®,7,CLOSED,STANDBY,0,,,queue-times.com
2026-08-20T22:48:50Z,2026-08-21,0,48,Disneyland Park,Star Tours: The Adventures Continue*,9,CLOSED,STANDBY,0,,,queue-times.com
2026-08-20T22:48:50Z,2026-08-21,0,48,Disneyland Park,Star Wars Hyperspace Mountain,8,CLOSED,STANDBY,0,,,queue-times.com
2026-08-20T22:48:50Z,2026-08-21,0,48,Disneyland Park,Star Wars Hyperspace Mountain Single Rider,7278,CLOSED,STANDBY,0,,,queue-times.com
2026-08-20T22:48:50Z,2026-08-21,0,48,Disneyland Park,Welcome to Starport: A Star Wars Encounter,4573,CLOSED,STANDBY,0,,,queue-times.com
2026-08-20T22:48:50Z,2026-08-21,0,48,Disneyland Park,"""it's a small world""",19,CLOSED,STANDBY,0,,,queue-times.com
2026-08-20T22:48:50Z,2026-08-21,0,48,Disneyland Park,Alice's Curious Labyrinth,14,CLOSED,STANDBY,0,,,queue-times.com
2026-08-20T22:48:50Z,2026-08-21,0,48,Disneyland Park,Blanche-Neige et les Sept Nains®,15,CLOSED,STANDBY,0,,,queue-times.com
2026-08-20T22:48:50Z,2026-08-21,0,48,Disneyland Park,Casey Jr. – le Petit Train du Cirque,17,CLOSED,STANDBY,0,,,queue-times.com
2026-08-20T22:48:50Z,2026-08-21,0,48,Disneyland Park,Disneyland Railroad Fantasyland Station,2711,CLOSED,STANDBY,0,,,queue-times.com
2026-08-20T22:48:50Z,2026-08-21,0,48,Disneyland Park,Disneyland Railroad Main Street Station,11,CLOSED,STANDBY,0,,,queue-times.com
2026-08-20T22:48:50Z,2026-08-21,0,48,Disneyland Park,Dumbo the Flying Elephant,18,CLOSED,STANDBY,0,,,queue-times.com
2026-08-20T22:48:50Z,2026-08-21,0,48,Disneyland Park,La Tanière du Dragon,2710,CLOSED,STANDBY,0,,,queue-times.com
2026-08-20T22:48:50Z,2026-08-21,0,48,Disneyland Park,Le Carrousel de Lancelot,16,CLOSED,STANDBY,0,,,queue-times.com
2026-08-20T22:48:50Z,2026-08-21,0,48,Disneyland Park,"Le Pays des Contes de Fées, presented by Vittel",21,CLOSED,STANDBY,0,,,queue-times.com
2026-08-20T22:48:50Z,2026-08-21,0,48,Disneyland Park,Les Voyages de Pinocchio,23,CLOSED,STANDBY,0,,,queue-times.com
2026-08-20T22:48:50Z,2026-08-21,0,48,Disneyland Park,Mad Hatter's Tea Cups,20,CLOSED,STANDBY,0,,,queue-times.com
2026-08-20T22:48:50Z,2026-08-21,0,48,Disneyland Park,Meet Mickey Mouse,13,CLOSED,STANDBY,0,,,queue-times.com
2026-08-20T22:48:50Z,2026-08-21,0,48,Disneyland Park,Peter Pan's Flight,22,CLOSED,STANDBY,0,,,queue-times.com
2026-08-20T22:48:50Z,2026-08-21,0,48,Disneyland Park,Princess Pavilion,24,CLOSED,STANDBY,0,,,queue-times.com
2026-08-20T22:48:50Z,2026-08-21,0,48,Disneyland Park,Big Thunder Mountain,25,CLOSED,STANDBY,0,,,queue-times.com
2026-08-20T22:48:50Z,2026-08-21,0,48,Disneyland Park,Disneyland Railroad Frontierland Depot,2714,CLOSED,STANDBY,0,,,queue-times.com
2026-08-20T22:48:50Z,2026-08-21,0,48,Disneyland Park,Frontierland Playground,2713,CLOSED,STANDBY,0,,,queue-times.com
2026-08-20T22:48:50Z,2026-08-21,0,48,Disneyland Park,Phantom Manor,26,CLOSED,STANDBY,0,,,queue-times.com
2026-08-20T22:48:50Z,2026-08-21,0,48,Disneyland Park,River Rogue Keelboats,27,CLOSED,STANDBY,0,,,queue-times.com
2026-08-20T22:48:50Z,2026-08-21,0,48,Disneyland Park,Rustler Roundup Shootin' Gallery,2712,CLOSED,STANDBY,0,,,queue-times.com
2026-08-20T22:48:50Z,2026-08-21,0,48,Disneyland Park,Thunder Mesa Riverboat Landing,28,CLOSED,STANDBY,0,,,queue-times.com
2026-08-20T22:48:50Z,2026-08-21,0,48,Disneyland Park,Disneyland Railroad Main Street Station,2708,CLOSED,STANDBY,0,,,queue-times.com
2026-08-20T22:48:50Z,2026-08-21,0,48,Disneyland Park,Main Street Vehicles,12,CLOSED,STANDBY,0,,,queue-times.com
2026-08-20T22:48:50Z,2026-08-21,0,48,Disney Adventure World,Avengers Assemble: Flight Force,10848,CLOSED,STANDBY,0,,,queue-times.com
2026-08-20T22:48:50Z,2026-08-21,0,48,Disney Adventure World,Avengers Assemble: Flight Force Single Rider,10849,CLOSED,STANDBY,0,,,queue-times.com
2026-08-20T22:48:50Z,2026-08-21,0,48,Disney Adventure World,Spider-Man W.E.B. Adventure,10845,CLOSED,STANDBY,0,,,queue-times.com
2026-08-20T22:48:50Z,2026-08-21,0,48,Disney Adventure World,Spider-Man W.E.B. Adventure Single Rider,10846,CLOSED,STANDBY,0,,,queue-times.com
2026-08-20T22:48:50Z,2026-08-21,0,48,Disney Adventure World,The Twilight Zone Tower of Terror,40,CLOSED,STANDBY,0,,,queue-times.com
2026-08-20T22:48:50Z,2026-08-21,0,48,Disney Adventure World,Cars Quatre Roues Rallye,31,CLOSED,STANDBY,0,,,queue-times.com
2026-08-20T22:48:50Z,2026-08-21,0,48,Disney Adventure World,Cars ROAD TRIP,29,CLOSED,STANDBY,0,,,queue-times.com
2026-08-20T22:48:50Z,2026-08-21,0,48,Disney Adventure World,Crush's Coaster,32,CLOSED,STANDBY,0,,,queue-times.com
2026-08-20T22:48:50Z,2026-08-21,0,48,Disney Adventure World,Crush's Coaster Single Rider,7277,CLOSED,STANDBY,0,,,queue-times.com
2026-08-20T22:48:50Z,2026-08-21,0,48,Disney Adventure World,Les Tapis Volants - Flying Carpets Over Agrabah®,33,CLOSED,STANDBY,0,,,queue-times.com
2026-08-20T22:48:50Z,2026-08-21,0,48,Disney Adventure World,Ratatouille : L’Aventure Totalement Toquée de Rémy​,37,CLOSED,STANDBY,0,,,queue-times.com
2026-08-20T22:48:50Z,2026-08-21,0,48,Disney Adventure World,Ratatouille: The Adventure Single Rider,7279,CLOSED,STANDBY,0,,,queue-times.com
2026-08-20T22:48:50Z,2026-08-21,0,48,Disney Adventure World,RC Racer,34,CLOSED,STANDBY,0,,,queue-times.com
2026-08-20T22:48:50Z,2026-08-21,0,48,Disney Adventure World,RC Racer Single Rider,7280,CLOSED,STANDBY,0,,,queue-times.com
2026-08-20T22:48:50Z,2026-08-21,0,48,Disney Adventure World,Slinky® Dog Zigzag Spin,36,CLOSED,STANDBY,0,,,queue-times.com
2026-08-20T22:48:50Z,2026-08-21,0,48,Disney Adventure World,Toy Soldiers Parachute Drop,35,CLOSED,STANDBY,0,,,queue-times.com
2026-08-20T22:48:50Z,2026-08-21,0,48,Disney Adventure World,Toy Soldiers Parachute Drop Single Rider,7281,CLOSED,STANDBY,0,,,queue-times.com
2026-08-20T22:48:50Z,2026-08-21,0,48,Disney Adventure World,Entry to World of Frozen,16247,CLOSED,STANDBY,0,,,queue-times.com
2026-08-20T22:48:50Z,2026-08-21,0,48,Disney Adventure World,Frozen Ever After,15413,CLOSED,STANDBY,0,,,queue-times.com
2026-08-20T22:48:50Z,2026-08-21,0,48,Disney Adventure World,Raiponce Tangled Spin,15415,CLOSED,STANDBY,0,,,queue-times.com
2026-08-20T23:01:02Z,2026-08-21,1,1,Disneyland Park,Adventure Isle,2702,CLOSED,STANDBY,0,,,queue-times.com
2026-08-20T23:01:02Z,2026-08-21,1,1,Disneyland Park,Indiana Jones and the Temple of Peril Single Rider,7306,CLOSED,STANDBY,0,,,queue-times.com
2026-08-20T23:01:02Z,2026-08-21,1,1,Disneyland Park,Indiana Jones™ and the Temple of Peril,2,CLOSED,STANDBY,0,,,queue-times.com
2026-08-20T23:01:02Z,2026-08-21,1,1,Disneyland Park,La Cabane des Robinson,1,CLOSED,STANDBY,0,,,queue-times.com
2026-08-20T23:01:02Z,2026-08-21,1,1,Disneyland Park,Le Passage Enchanté d'Aladdin,2703,CLOSED,STANDBY,0,,,queue-times.com
2026-08-20T23:01:02Z,2026-08-21,1,1,Disneyland Park,Pirate Galleon,2705,CLOSED,STANDBY,0,,,queue-times.com
2026-08-20T23:01:02Z,2026-08-21,1,1,Disneyland Park,Pirates of the Caribbean,3,CLOSED,STANDBY,0,,,queue-times.com
2026-08-20T23:01:02Z,2026-08-21,1,1,Disneyland Park,Pirates' Beach,2704,CLOSED,STANDBY,0,,,queue-times.com
2026-08-20T23:01:02Z,2026-08-21,1,1,Disneyland Park,"Autopia, presented by Avis",4,CLOSED,STANDBY,0,,,queue-times.com
2026-08-20T23:01:02Z,2026-08-21,1,1,Disneyland Park,Buzz Lightyear Laser Blast,5,CLOSED,STANDBY,0,,,queue-times.com
2026-08-20T23:01:02Z,2026-08-21,1,1,Disneyland Park,Disneyland Railroad Discoveryland Station,2706,CLOSED,STANDBY,0,,,queue-times.com
2026-08-20T23:01:02Z,2026-08-21,1,1,Disneyland Park,Les Mystères du Nautilus,6,CLOSED,STANDBY,0,,,queue-times.com
2026-08-20T23:01:02Z,2026-08-21,1,1,Disneyland Park,Mickey’s PhilharMagic,2707,CLOSED,STANDBY,0,,,queue-times.com
2026-08-20T23:01:02Z,2026-08-21,1,1,Disneyland Park,Orbitron®,7,CLOSED,STANDBY,0,,,queue-times.com
2026-08-20T23:01:02Z,2026-08-21,1,1,Disneyland Park,Star Tours: The Adventures Continue*,9,CLOSED,STANDBY,0,,,queue-times.com
2026-08-20T23:01:02Z,2026-08-21,1,1,Disneyland Park,Star Wars Hyperspace Mountain,8,CLOSED,STANDBY,0,,,queue-times.com
2026-08-20T23:01:02Z,2026-08-21,1,1,Disneyland Park,Star Wars Hyperspace Mountain Single Rider,7278,CLOSED,STANDBY,0,,,queue-times.com
2026-08-20T23:01:02Z,2026-08-21,1,1,Disneyland Park,Welcome to Starport: A Star Wars Encounter,4573,CLOSED,STANDBY,0,,,queue-times.com
2026-08-20T23:01:02Z,2026-08-21,1,1,Disneyland Park,"""it's a small world""",19,CLOSED,STANDBY,0,,,queue-times.com
2026-08-20T23:01:02Z,2026-08-21,1,1,Disneyland Park,Alice's Curious Labyrinth,14,CLOSED,STANDBY,0,,,queue-times.com
2026-08-20T23:01:02Z,2026-08-21,1,1,Disneyland Park,Blanche-Neige et les Sept Nains®,15,CLOSED,STANDBY,0,,,queue-times.com
2026-08-20T23:01:02Z,2026-08-21,1,1,Disneyland Park,Casey Jr. – le Petit Train du Cirque,17,CLOSED,STANDBY,0,,,queue-times.com
2026-08-20T23:01:02Z,2026-08-21,1,1,Disneyland Park,Disneyland Railroad Fantasyland Station,2711,CLOSED,STANDBY,0,,,queue-times.com
2026-08-20T23:01:02Z,2026-08-21,1,1,Disneyland Park,Disneyland Railroad Main Street Station,11,CLOSED,STANDBY,0,,,queue-times.com
2026-08-20T23:01:02Z,2026-08-21,1,1,Disneyland Park,Dumbo the Flying Elephant,18,CLOSED,STANDBY,0,,,queue-times.com
2026-08-20T23:01:02Z,2026-08-21,1,1,Disneyland Park,La Tanière du Dragon,2710,CLOSED,STANDBY,0,,,queue-times.com
2026-08-20T23:01:02Z,2026-08-21,1,1,Disneyland Park,Le Carrousel de Lancelot,16,CLOSED,STANDBY,0,,,queue-times.com
2026-08-20T23:01:02Z,2026-08-21,1,1,Disneyland Park,"Le Pays des Contes de Fées, presented by Vittel",21,CLOSED,STANDBY,0,,,queue-times.com
2026-08-20T23:01:02Z,2026-08-21,1,1,Disneyland Park,Les Voyages de Pinocchio,23,CLOSED,STANDBY,0,,,queue-times.com
2026-08-20T23:01:02Z,2026-08-21,1,1,Disneyland Park,Mad Hatter's Tea Cups,20,CLOSED,STANDBY,0,,,queue-times.com
2026-08-20T23:01:02Z,2026-08-21,1,1,Disneyland Park,Meet Mickey Mouse,13,CLOSED,STANDBY,0,,,queue-times.com
2026-08-20T23:01:02Z,2026-08-21,1,1,Disneyland Park,Peter Pan's Flight,22,CLOSED,STANDBY,0,,,queue-times.com
2026-08-20T23:01:02Z,2026-08-21,1,1,Disneyland Park,Princess Pavilion,24,CLOSED,STANDBY,0,,,queue-times.com
2026-08-20T23:01:02Z,2026-08-21,1,1,Disneyland Park,Big Thunder Mountain,25,CLOSED,STANDBY,0,,,queue-times.com
2026-08-20T23:01:02Z,2026-08-21,1,1,Disneyland Park,Disneyland Railroad Frontierland Depot,2714,CLOSED,STANDBY,0,,,queue-times.com
2026-08-20T23:01:02Z,2026-08-21,1,1,Disneyland Park,Frontierland Playground,2713,CLOSED,STANDBY,0,,,queue-times.com
2026-08-20T23:01:02Z,2026-08-21,1,1,Disneyland Park,Phantom Manor,26,CLOSED,STANDBY,0,,,queue-times.com
2026-08-20T23:01:02Z,2026-08-21,1,1,Disneyland Park,River Rogue Keelboats,27,CLOSED,STANDBY,0,,,queue-times.com
2026-08-20T23:01:02Z,2026-08-21,1,1,Disneyland Park,Rustler Roundup Shootin' Gallery,2712,CLOSED,STANDBY,0,,,queue-times.com
2026-08-20T23:01:02Z,2026-08-21,1,1,Disneyland Park,Thunder Mesa Riverboat Landing,28,CLOSED,STANDBY,0,,,queue-times.com
2026-08-20T23:01:02Z,2026-08-21,1,1,Disneyland Park,Disneyland Railroad Main Street Station,2708,CLOSED,STANDBY,0,,,queue-times.com
2026-08-20T23:01:02Z,2026-08-21,1,1,Disneyland Park,Main Street Vehicles,12,CLOSED,STANDBY,0,,,queue-times.com
2026-08-20T23:01:02Z,2026-08-21,1,1,Disney Adventure World,Avengers Assemble: Flight Force,10848,CLOSED,STANDBY,0,,,queue-times.com
2026-08-20T23:01:02Z,2026-08-21,1,1,Disney Adventure World,Avengers Assemble: Flight Force Single Rider,10849,CLOSED,STANDBY,0,,,queue-times.com
2026-08-20T23:01:02Z,2026-08-21,1,1,Disney Adventure World,Spider-Man W.E.B. Adventure,10845,CLOSED,STANDBY,0,,,queue-times.com
2026-08-20T23:01:02Z,2026-08-21,1,1,Disney Adventure World,Spider-Man W.E.B. Adventure Single Rider,10846,CLOSED,STANDBY,0,,,queue-times.com
2026-08-20T23:01:02Z,2026-08-21,1,1,Disney Adventure World,The Twilight Zone Tower of Terror,40,CLOSED,STANDBY,0,,,queue-times.com
2026-08-20T23:01:02Z,2026-08-21,1,1,Disney Adventure World,Cars Quatre Roues Rallye,31,CLOSED,STANDBY,0,,,queue-times.com
2026-08-20T23:01:02Z,2026-08-21,1,1,Disney Adventure World,Cars ROAD TRIP,29,CLOSED,STANDBY,0,,,queue-times.com
2026-08-20T23:01:02Z,2026-08-21,1,1,Disney Adventure World,Crush's Coaster,32,CLOSED,STANDBY,0,,,queue-times.com
2026-08-20T23:01:02Z,2026-08-21,1,1,Disney Adventure World,Crush's Coaster Single Rider,7277,CLOSED,STANDBY,0,,,queue-times.com
2026-08-20T23:01:02Z,2026-08-21,1,1,Disney Adventure World,Les Tapis Volants - Flying Carpets Over Agrabah®,33,CLOSED,STANDBY,0,,,queue-times.com
2026-08-20T23:01:02Z,2026-08-21,1,1,Disney Adventure World,Ratatouille : L’Aventure Totalement Toquée de Rémy​,37,CLOSED,STANDBY,0,,,queue-times.com
2026-08-20T23:01:02Z,2026-08-21,1,1,Disney Adventure World,Ratatouille: The Adventure Single Rider,7279,CLOSED,STANDBY,0,,,queue-times.com
2026-08-20T23:01:02Z,2026-08-21,1,1,Disney Adventure World,RC Racer,34,CLOSED,STANDBY,0,,,queue-times.com
2026-08-20T23:01:02Z,2026-08-21,1,1,Disney Adventure World,RC Racer Single Rider,7280,CLOSED,STANDBY,0,,,queue-times.com
2026-08-20T23:01:02Z,2026-08-21,1,1,Disney Adventure World,Slinky® Dog Zigzag Spin,36,CLOSED,STANDBY,0,,,queue-times.com
2026-08-20T23:01:02Z,2026-08-21,1,1,Disney Adventure World,Toy Soldiers Parachute Drop,35,CLOSED,STANDBY,0,,,queue-times.com
2026-08-20T23:01:02Z,2026-08-21,1,1,Disney Adventure World,Toy Soldiers Parachute Drop Single Rider,7281,CLOSED,STANDBY,0,,,queue-times.com
2026-08-20T23:01:02Z,2026-08-21,1,1,Disney Adventure World,Entry to World of Frozen,16247,CLOSED,STANDBY,0,,,queue-times.com
2026-08-20T23:01:02Z,2026-08-21,1,1,Disney Adventure World,Frozen Ever After,15413,CLOSED,STANDBY,0,,,queue-times.com
2026-08-20T23:01:02Z,2026-08-21,1,1,Disney Adventure World,Raiponce Tangled Spin,15415,CLOSED,STANDBY,0,,,queue-times.com
2026-08-20T23:12:35Z,2026-08-21,1,12,Disneyland Park,Adventure Isle,2702,CLOSED,STANDBY,0,,,queue-times.com
2026-08-20T23:12:35Z,2026-08-21,1,12,Disneyland Park,Indiana Jones and the Temple of Peril Single Rider,7306,CLOSED,STANDBY,0,,,queue-times.com
2026-08-20T23:12:35Z,2026-08-21,1,12,Disneyland Park,Indiana Jones™ and the Temple of Peril,2,CLOSED,STANDBY,0,,,queue-times.com
2026-08-20T23:12:35Z,2026-08-21,1,12,Disneyland Park,La Cabane des Robinson,1,CLOSED,STANDBY,0,,,queue-times.com
2026-08-20T23:12:35Z,2026-08-21,1,12,Disneyland Park,Le Passage Enchanté d'Aladdin,2703,CLOSED,STANDBY,0,,,queue-times.com
2026-08-20T23:12:35Z,2026-08-21,1,12,Disneyland Park,Pirate Galleon,2705,CLOSED,STANDBY,0,,,queue-times.com
2026-08-20T23:12:35Z,2026-08-21,1,12,Disneyland Park,Pirates of the Caribbean,3,CLOSED,STANDBY,0,,,queue-times.com
2026-08-20T23:12:35Z,2026-08-21,1,12,Disneyland Park,Pirates' Beach,2704,CLOSED,STANDBY,0,,,queue-times.com
2026-08-20T23:12:35Z,2026-08-21,1,12,Disneyland Park,"Autopia, presented by Avis",4,CLOSED,STANDBY,0,,,queue-times.com
2026-08-20T23:12:35Z,2026-08-21,1,12,Disneyland Park,Buzz Lightyear Laser Blast,5,CLOSED,STANDBY,0,,,queue-times.com
2026-08-20T23:12:35Z,2026-08-21,1,12,Disneyland Park,Disneyland Railroad Discoveryland Station,2706,CLOSED,STANDBY,0,,,queue-times.com
2026-08-20T23:12:35Z,2026-08-21,1,12,Disneyland Park,Les Mystères du Nautilus,6,CLOSED,STANDBY,0,,,queue-times.com
2026-08-20T23:12:35Z,2026-08-21,1,12,Disneyland Park,Mickey’s PhilharMagic,2707,CLOSED,STANDBY,0,,,queue-times.com
2026-08-20T23:12:35Z,2026-08-21,1,12,Disneyland Park,Orbitron®,7,CLOSED,STANDBY,0,,,queue-times.com
2026-08-20T23:12:35Z,2026-08-21,1,12,Disneyland Park,Star Tours: The Adventures Continue*,9,CLOSED,STANDBY,0,,,queue-times.com
2026-08-20T23:12:35Z,2026-08-21,1,12,Disneyland Park,Star Wars Hyperspace Mountain,8,CLOSED,STANDBY,0,,,queue-times.com
2026-08-20T23:12:35Z,2026-08-21,1,12,Disneyland Park,Star Wars Hyperspace Mountain Single Rider,7278,CLOSED,STANDBY,0,,,queue-times.com
2026-08-20T23:12:35Z,2026-08-21,1,12,Disneyland Park,Welcome to Starport: A Star Wars Encounter,4573,CLOSED,STANDBY,0,,,queue-times.com
2026-08-20T23:12:35Z,2026-08-21,1,12,Disneyland Park,"""it's a small world""",19,CLOSED,STANDBY,0,,,queue-times.com
2026-08-20T23:12:35Z,2026-08-21,1,12,Disneyland Park,Alice's Curious Labyrinth,14,CLOSED,STANDBY,0,,,queue-times.com
2026-08-20T23:12:35Z,2026-08-21,1,12,Disneyland Park,Blanche-Neige et les Sept Nains®,15,CLOSED,STANDBY,0,,,queue-times.com
2026-08-20T23:12:35Z,2026-08-21,1,12,Disneyland Park,Casey Jr. – le Petit Train du Cirque,17,CLOSED,STANDBY,0,,,queue-times.com
2026-08-20T23:12:35Z,2026-08-21,1,12,Disneyland Park,Disneyland Railroad Fantasyland Station,2711,CLOSED,STANDBY,0,,,queue-times.com
2026-08-20T23:12:35Z,2026-08-21,1,12,Disneyland Park,Disneyland Railroad Main Street Station,11,CLOSED,STANDBY,0,,,queue-times.com
2026-08-20T23:12:35Z,2026-08-21,1,12,Disneyland Park,Dumbo the Flying Elephant,18,CLOSED,STANDBY,0,,,queue-times.com
2026-08-20T23:12:35Z,2026-08-21,1,12,Disneyland Park,La Tanière du Dragon,2710,CLOSED,STANDBY,0,,,queue-times.com
2026-08-20T23:12:35Z,2026-08-21,1,12,Disneyland Park,Le Carrousel de Lancelot,16,CLOSED,STANDBY,0,,,queue-times.com
2026-08-20T23:12:35Z,2026-08-21,1,12,Disneyland Park,"Le Pays des Contes de Fées, presented by Vittel",21,CLOSED,STANDBY,0,,,queue-times.com
2026-08-20T23:12:35Z,2026-08-21,1,12,Disneyland Park,Les Voyages de Pinocchio,23,CLOSED,STANDBY,0,,,queue-times.com
2026-08-20T23:12:35Z,2026-08-21,1,12,Disneyland Park,Mad Hatter's Tea Cups,20,CLOSED,STANDBY,0,,,queue-times.com
2026-08-20T23:12:35Z,2026-08-21,1,12,Disneyland Park,Meet Mickey Mouse,13,CLOSED,STANDBY,0,,,queue-times.com
2026-08-20T23:12:35Z,2026-08-21,1,12,Disneyland Park,Peter Pan's Flight,22,CLOSED,STANDBY,0,,,queue-times.com
2026-08-20T23:12:35Z,2026-08-21,1,12,Disneyland Park,Princess Pavilion,24,CLOSED,STANDBY,0,,,queue-times.com
2026-08-20T23:12:35Z,2026-08-21,1,12,Disneyland Park,Big Thunder Mountain,25,CLOSED,STANDBY,0,,,queue-times.com
2026-08-20T23:12:35Z,2026-08-21,1,12,Disneyland Park,Disneyland Railroad Frontierland Depot,2714,CLOSED,STANDBY,0,,,queue-times.com
2026-08-20T23:12:35Z,2026-08-21,1,12,Disneyland Park,Frontierland Playground,2713,CLOSED,STANDBY,0,,,queue-times.com
2026-08-20T23:12:35Z,2026-08-21,1,12,Disneyland Park,Phantom Manor,26,CLOSED,STANDBY,0,,,queue-times.com
2026-08-20T23:12:35Z,2026-08-21,1,12,Disneyland Park,River Rogue Keelboats,27,CLOSED,STANDBY,0,,,queue-times.com
2026-08-20T23:12:35Z,2026-08-21,1,12,Disneyland Park,Rustler Roundup Shootin' Gallery,2712,CLOSED,STANDBY,0,,,queue-times.com
2026-08-20T23:12:35Z,2026-08-21,1,12,Disneyland Park,Thunder Mesa Riverboat Landing,28,CLOSED,STANDBY,0,,,queue-times.com
2026-08-20T23:12:35Z,2026-08-21,1,12,Disneyland Park,Disneyland Railroad Main Street Station,2708,CLOSED,STANDBY,0,,,queue-times.com
2026-08-20T23:12:35Z,2026-08-21,1,12,Disneyland Park,Main Street Vehicles,12,CLOSED,STANDBY,0,,,queue-times.com
2026-08-20T23:12:35Z,2026-08-21,1,12,Disney Adventure World,Avengers Assemble: Flight Force,10848,CLOSED,STANDBY,0,,,queue-times.com
2026-08-20T23:12:35Z,2026-08-21,1,12,Disney Adventure World,Avengers Assemble: Flight Force Single Rider,10849,CLOSED,STANDBY,0,,,queue-times.com
2026-08-20T23:12:35Z,2026-08-21,1,12,Disney Adventure World,Spider-Man W.E.B. Adventure,10845,CLOSED,STANDBY,0,,,queue-times.com
2026-08-20T23:12:35Z,2026-08-21,1,12,Disney Adventure World,Spider-Man W.E.B. Adventure Single Rider,10846,CLOSED,STANDBY,0,,,queue-times.com
2026-08-20T23:12:35Z,2026-08-21,1,12,Disney Adventure World,The Twilight Zone Tower of Terror,40,CLOSED,STANDBY,0,,,queue-times.com
2026-08-20T23:12:35Z,2026-08-21,1,12,Disney Adventure World,Cars Quatre Roues Rallye,31,CLOSED,STANDBY,0,,,queue-times.com
2026-08-20T23:12:35Z,2026-08-21,1,12,Disney Adventure World,Cars ROAD TRIP,29,CLOSED,STANDBY,0,,,queue-times.com
2026-08-20T23:12:35Z,2026-08-21,1,12,Disney Adventure World,Crush's Coaster,32,CLOSED,STANDBY,0,,,queue-times.com
2026-08-20T23:12:35Z,2026-08-21,1,12,Disney Adventure World,Crush's Coaster Single Rider,7277,CLOSED,STANDBY,0,,,queue-times.com
2026-08-20T23:12:35Z,2026-08-21,1,12,Disney Adventure World,Les Tapis Volants - Flying Carpets Over Agrabah®,33,CLOSED,STANDBY,0,,,queue-times.com
2026-08-20T23:12:35Z,2026-08-21,1,12,Disney Adventure World,Ratatouille : L’Aventure Totalement Toquée de Rémy​,37,CLOSED,STANDBY,0,,,queue-times.com
2026-08-20T23:12:35Z,2026-08-21,1,12,Disney Adventure World,Ratatouille: The Adventure Single Rider,7279,CLOSED,STANDBY,0,,,queue-times.com
2026-08-20T23:12:35Z,2026-08-21,1,12,Disney Adventure World,RC Racer,34,CLOSED,STANDBY,0,,,queue-times.com
2026-08-20T23:12:35Z,2026-08-21,1,12,Disney Adventure World,RC Racer Single Rider,7280,CLOSED,STANDBY,0,,,queue-times.com
2026-08-20T23:12:35Z,2026-08-21,1,12,Disney Adventure World,Slinky® Dog Zigzag Spin,36,CLOSED,STANDBY,0,,,queue-times.com
2026-08-20T23:12:35Z,2026-08-21,1,12,Disney Adventure World,Toy Soldiers Parachute Drop,35,CLOSED,STANDBY,0,,,queue-times.com
2026-08-20T23:12:35Z,2026-08-21,1,12,Disney Adventure World,Toy Soldiers Parachute Drop Single Rider,7281,CLOSED,STANDBY,0,,,queue-times.com
2026-08-20T23:12:35Z,2026-08-21,1,12,Disney Adventure World,Entry to World of Frozen,16247,CLOSED,STANDBY,0,,,queue-times.com
2026-08-20T23:12:35Z,2026-08-21,1,12,Disney Adventure World,Frozen Ever After,15413,CLOSED,STANDBY,0,,,queue-times.com
2026-08-20T23:12:35Z,2026-08-21,1,12,Disney Adventure World,Raiponce Tangled Spin,15415,CLOSED,STANDBY,0,,,queue-times.com
2026-08-20T23:15:36Z,2026-08-21,1,15,Disneyland Park,Adventure Isle,2702,CLOSED,STANDBY,0,,,queue-times.com
2026-08-20T23:15:36Z,2026-08-21,1,15,Disneyland Park,Indiana Jones and the Temple of Peril Single Rider,7306,CLOSED,STANDBY,0,,,queue-times.com
2026-08-20T23:15:36Z,2026-08-21,1,15,Disneyland Park,Indiana Jones™ and the Temple of Peril,2,CLOSED,STANDBY,0,,,queue-times.com
2026-08-20T23:15:36Z,2026-08-21,1,15,Disneyland Park,La Cabane des Robinson,1,CLOSED,STANDBY,0,,,queue-times.com
2026-08-20T23:15:36Z,2026-08-21,1,15,Disneyland Park,Le Passage Enchanté d'Aladdin,2703,CLOSED,STANDBY,0,,,queue-times.com
2026-08-20T23:15:36Z,2026-08-21,1,15,Disneyland Park,Pirate Galleon,2705,CLOSED,STANDBY,0,,,queue-times.com
2026-08-20T23:15:36Z,2026-08-21,1,15,Disneyland Park,Pirates of the Caribbean,3,CLOSED,STANDBY,0,,,queue-times.com
2026-08-20T23:15:36Z,2026-08-21,1,15,Disneyland Park,Pirates' Beach,2704,CLOSED,STANDBY,0,,,queue-times.com
2026-08-20T23:15:36Z,2026-08-21,1,15,Disneyland Park,"Autopia, presented by Avis",4,CLOSED,STANDBY,0,,,queue-times.com
2026-08-20T23:15:36Z,2026-08-21,1,15,Disneyland Park,Buzz Lightyear Laser Blast,5,CLOSED,STANDBY,0,,,queue-times.com
2026-08-20T23:15:36Z,2026-08-21,1,15,Disneyland Park,Disneyland Railroad Discoveryland Station,2706,CLOSED,STANDBY,0,,,queue-times.com
2026-08-20T23:15:36Z,2026-08-21,1,15,Disneyland Park,Les Mystères du Nautilus,6,CLOSED,STANDBY,0,,,queue-times.com
2026-08-20T23:15:36Z,2026-08-21,1,15,Disneyland Park,Mickey’s PhilharMagic,2707,CLOSED,STANDBY,0,,,queue-times.com
2026-08-20T23:15:36Z,2026-08-21,1,15,Disneyland Park,Orbitron®,7,CLOSED,STANDBY,0,,,queue-times.com
2026-08-20T23:15:36Z,2026-08-21,1,15,Disneyland Park,Star Tours: The Adventures Continue*,9,CLOSED,STANDBY,0,,,queue-times.com
2026-08-20T23:15:36Z,2026-08-21,1,15,Disneyland Park,Star Wars Hyperspace Mountain,8,CLOSED,STANDBY,0,,,queue-times.com
2026-08-20T23:15:36Z,2026-08-21,1,15,Disneyland Park,Star Wars Hyperspace Mountain Single Rider,7278,CLOSED,STANDBY,0,,,queue-times.com
2026-08-20T23:15:36Z,2026-08-21,1,15,Disneyland Park,Welcome to Starport: A Star Wars Encounter,4573,CLOSED,STANDBY,0,,,queue-times.com
2026-08-20T23:15:36Z,2026-08-21,1,15,Disneyland Park,"""it's a small world""",19,CLOSED,STANDBY,0,,,queue-times.com
2026-08-20T23:15:36Z,2026-08-21,1,15,Disneyland Park,Alice's Curious Labyrinth,14,CLOSED,STANDBY,0,,,queue-times.com
2026-08-20T23:15:36Z,2026-08-21,1,15,Disneyland Park,Blanche-Neige et les Sept Nains®,15,CLOSED,STANDBY,0,,,queue-times.com
2026-08-20T23:15:36Z,2026-08-21,1,15,Disneyland Park,Casey Jr. – le Petit Train du Cirque,17,CLOSED,STANDBY,0,,,queue-times.com
2026-08-20T23:15:36Z,2026-08-21,1,15,Disneyland Park,Disneyland Railroad Fantasyland Station,2711,CLOSED,STANDBY,0,,,queue-times.com
2026-08-20T23:15:36Z,2026-08-21,1,15,Disneyland Park,Disneyland Railroad Main Street Station,11,CLOSED,STANDBY,0,,,queue-times.com
2026-08-20T23:15:36Z,2026-08-21,1,15,Disneyland Park,Dumbo the Flying Elephant,18,CLOSED,STANDBY,0,,,queue-times.com
2026-08-20T23:15:36Z,2026-08-21,1,15,Disneyland Park,La Tanière du Dragon,2710,CLOSED,STANDBY,0,,,queue-times.com
2026-08-20T23:15:36Z,2026-08-21,1,15,Disneyland Park,Le Carrousel de Lancelot,16,CLOSED,STANDBY,0,,,queue-times.com
2026-08-20T23:15:36Z,2026-08-21,1,15,Disneyland Park,"Le Pays des Contes de Fées, presented by Vittel",21,CLOSED,STANDBY,0,,,queue-times.com
2026-08-20T23:15:36Z,2026-08-21,1,15,Disneyland Park,Les Voyages de Pinocchio,23,CLOSED,STANDBY,0,,,queue-times.com
2026-08-20T23:15:36Z,2026-08-21,1,15,Disneyland Park,Mad Hatter's Tea Cups,20,CLOSED,STANDBY,0,,,queue-times.com
2026-08-20T23:15:36Z,2026-08-21,1,15,Disneyland Park,Meet Mickey Mouse,13,CLOSED,STANDBY,0,,,queue-times.com
2026-08-20T23:15:36Z,2026-08-21,1,15,Disneyland Park,Peter Pan's Flight,22,CLOSED,STANDBY,0,,,queue-times.com
2026-08-20T23:15:36Z,2026-08-21,1,15,Disneyland Park,Princess Pavilion,24,CLOSED,STANDBY,0,,,queue-times.com
2026-08-20T23:15:36Z,2026-08-21,1,15,Disneyland Park,Big Thunder Mountain,25,CLOSED,STANDBY,0,,,queue-times.com
2026-08-20T23:15:36Z,2026-08-21,1,15,Disneyland Park,Disneyland Railroad Frontierland Depot,2714,CLOSED,STANDBY,0,,,queue-times.com
2026-08-20T23:15:36Z,2026-08-21,1,15,Disneyland Park,Frontierland Playground,2713,CLOSED,STANDBY,0,,,queue-times.com
2026-08-20T23:15:36Z,2026-08-21,1,15,Disneyland Park,Phantom Manor,26,CLOSED,STANDBY,0,,,queue-times.com
2026-08-20T23:15:36Z,2026-08-21,1,15,Disneyland Park,River Rogue Keelboats,27,CLOSED,STANDBY,0,,,queue-times.com
2026-08-20T23:15:36Z,2026-08-21,1,15,Disneyland Park,Rustler Roundup Shootin' Gallery,2712,CLOSED,STANDBY,0,,,queue-times.com
2026-08-20T23:15:36Z,2026-08-21,1,15,Disneyland Park,Thunder Mesa Riverboat Landing,28,CLOSED,STANDBY,0,,,queue-times.com
2026-08-20T23:15:36Z,2026-08-21,1,15,Disneyland Park,Disneyland Railroad Main Street Station,2708,CLOSED,STANDBY,0,,,queue-times.com
2026-08-20T23:15:36Z,2026-08-21,1,15,Disneyland Park,Main Street Vehicles,12,CLOSED,STANDBY,0,,,queue-times.com
2026-08-20T23:15:36Z,2026-08-21,1,15,Disney Adventure World,Avengers Assemble: Flight Force,10848,CLOSED,STANDBY,0,,,queue-times.com
2026-08-20T23:15:36Z,2026-08-21,1,15,Disney Adventure World,Avengers Assemble: Flight Force Single Rider,10849,CLOSED,STANDBY,0,,,queue-times.com
2026-08-20T23:15:36Z,2026-08-21,1,15,Disney Adventure World,Spider-Man W.E.B. Adventure,10845,CLOSED,STANDBY,0,,,queue-times.com
2026-08-20T23:15:36Z,2026-08-21,1,15,Disney Adventure World,Spider-Man W.E.B. Adventure Single Rider,10846,CLOSED,STANDBY,0,,,queue-times.com
2026-08-20T23:15:36Z,2026-08-21,1,15,Disney Adventure World,The Twilight Zone Tower of Terror,40,CLOSED,STANDBY,0,,,queue-times.com
2026-08-20T23:15:36Z,2026-08-21,1,15,Disney Adventure World,Cars Quatre Roues Rallye,31,CLOSED,STANDBY,0,,,queue-times.com
2026-08-20T23:15:36Z,2026-08-21,1,15,Disney Adventure World,Cars ROAD TRIP,29,CLOSED,STANDBY,0,,,queue-times.com
2026-08-20T23:15:36Z,2026-08-21,1,15,Disney Adventure World,Crush's Coaster,32,CLOSED,STANDBY,0,,,queue-times.com
2026-08-20T23:15:36Z,2026-08-21,1,15,Disney Adventure World,Crush's Coaster Single Rider,7277,CLOSED,STANDBY,0,,,queue-times.com
2026-08-20T23:15:36Z,2026-08-21,1,15,Disney Adventure World,Les Tapis Volants - Flying Carpets Over Agrabah®,33,CLOSED,STANDBY,0,,,queue-times.com
2026-08-20T23:15:36Z,2026-08-21,1,15,Disney Adventure World,Ratatouille : L’Aventure Totalement Toquée de Rémy​,37,CLOSED,STANDBY,0,,,queue-times.com
2026-08-20T23:15:36Z,2026-08-21,1,15,Disney Adventure World,Ratatouille: The Adventure Single Rider,7279,CLOSED,STANDBY,0,,,queue-times.com
2026-08-20T23:15:36Z,2026-08-21,1,15,Disney Adventure World,RC Racer,34,CLOSED,STANDBY,0,,,queue-times.com
2026-08-20T23:15:36Z,2026-08-21,1,15,Disney Adventure World,RC Racer Single Rider,7280,CLOSED,STANDBY,0,,,queue-times.com
2026-08-20T23:15:36Z,2026-08-21,1,15,Disney Adventure World,Slinky® Dog Zigzag Spin,36,CLOSED,STANDBY,0,,,queue-times.com
2026-08-20T23:15:36Z,2026-08-21,1,15,Disney Adventure World,Toy Soldiers Parachute Drop,35,CLOSED,STANDBY,0,,,queue-times.com
2026-08-20T23:15:36Z,2026-08-21,1,15,Disney Adventure World,Toy Soldiers Parachute Drop Single Rider,7281,CLOSED,STANDBY,0,,,queue-times.com
2026-08-20T23:15:36Z,2026-08-21,1,15,Disney Adventure World,Entry to World of Frozen,16247,CLOSED,STANDBY,0,,,queue-times.com
2026-08-20T23:15:36Z,2026-08-21,1,15,Disney Adventure World,Frozen Ever After,15413,CLOSED,STANDBY,0,,,queue-times.com
2026-08-20T23:15:36Z,2026-08-21,1,15,Disney Adventure World,Raiponce Tangled Spin,15415,CLOSED,STANDBY,0,,,queue-times.com
2026-08-20T23:30:50Z,2026-08-21,1,30,Disneyland Park,Adventure Isle,2702,CLOSED,STANDBY,0,,,queue-times.com
2026-08-20T23:30:50Z,2026-08-21,1,30,Disneyland Park,Indiana Jones and the Temple of Peril Single Rider,7306,CLOSED,STANDBY,0,,,queue-times.com
2026-08-20T23:30:50Z,2026-08-21,1,30,Disneyland Park,Indiana Jones™ and the Temple of Peril,2,CLOSED,STANDBY,0,,,queue-times.com
2026-08-20T23:30:50Z,2026-08-21,1,30,Disneyland Park,La Cabane des Robinson,1,CLOSED,STANDBY,0,,,queue-times.com
2026-08-20T23:30:50Z,2026-08-21,1,30,Disneyland Park,Le Passage Enchanté d'Aladdin,2703,CLOSED,STANDBY,0,,,queue-times.com
2026-08-20T23:30:50Z,2026-08-21,1,30,Disneyland Park,Pirate Galleon,2705,CLOSED,STANDBY,0,,,queue-times.com
2026-08-20T23:30:50Z,2026-08-21,1,30,Disneyland Park,Pirates of the Caribbean,3,CLOSED,STANDBY,0,,,queue-times.com
2026-08-20T23:30:50Z,2026-08-21,1,30,Disneyland Park,Pirates' Beach,2704,CLOSED,STANDBY,0,,,queue-times.com
2026-08-20T23:30:50Z,2026-08-21,1,30,Disneyland Park,"Autopia, presented by Avis",4,CLOSED,STANDBY,0,,,queue-times.com
2026-08-20T23:30:50Z,2026-08-21,1,30,Disneyland Park,Buzz Lightyear Laser Blast,5,CLOSED,STANDBY,0,,,queue-times.com
2026-08-20T23:30:50Z,2026-08-21,1,30,Disneyland Park,Disneyland Railroad Discoveryland Station,2706,CLOSED,STANDBY,0,,,queue-times.com
2026-08-20T23:30:50Z,2026-08-21,1,30,Disneyland Park,Les Mystères du Nautilus,6,CLOSED,STANDBY,0,,,queue-times.com
2026-08-20T23:30:50Z,2026-08-21,1,30,Disneyland Park,Mickey’s PhilharMagic,2707,CLOSED,STANDBY,0,,,queue-times.com
2026-08-20T23:30:50Z,2026-08-21,1,30,Disneyland Park,Orbitron®,7,CLOSED,STANDBY,0,,,queue-times.com
2026-08-20T23:30:50Z,2026-08-21,1,30,Disneyland Park,Star Tours: The Adventures Continue*,9,CLOSED,STANDBY,0,,,queue-times.com
2026-08-20T23:30:50Z,2026-08-21,1,30,Disneyland Park,Star Wars Hyperspace Mountain,8,CLOSED,STANDBY,0,,,queue-times.com
2026-08-20T23:30:50Z,2026-08-21,1,30,Disneyland Park,Star Wars Hyperspace Mountain Single Rider,7278,CLOSED,STANDBY,0,,,queue-times.com
2026-08-20T23:30:50Z,2026-08-21,1,30,Disneyland Park,Welcome to Starport: A Star Wars Encounter,4573,CLOSED,STANDBY,0,,,queue-times.com
2026-08-20T23:30:50Z,2026-08-21,1,30,Disneyland Park,"""it's a small world""",19,CLOSED,STANDBY,0,,,queue-times.com
2026-08-20T23:30:50Z,2026-08-21,1,30,Disneyland Park,Alice's Curious Labyrinth,14,CLOSED,STANDBY,0,,,queue-times.com
2026-08-20T23:30:50Z,2026-08-21,1,30,Disneyland Park,Blanche-Neige et les Sept Nains®,15,CLOSED,STANDBY,0,,,queue-times.com
2026-08-20T23:30:50Z,2026-08-21,1,30,Disneyland Park,Casey Jr. – le Petit Train du Cirque,17,CLOSED,STANDBY,0,,,queue-times.com
2026-08-20T23:30:50Z,2026-08-21,1,30,Disneyland Park,Disneyland Railroad Fantasyland Station,2711,CLOSED,STANDBY,0,,,queue-times.com
2026-08-20T23:30:50Z,2026-08-21,1,30,Disneyland Park,Disneyland Railroad Main Street Station,11,CLOSED,STANDBY,0,,,queue-times.com
2026-08-20T23:30:50Z,2026-08-21,1,30,Disneyland Park,Dumbo the Flying Elephant,18,CLOSED,STANDBY,0,,,queue-times.com
2026-08-20T23:30:50Z,2026-08-21,1,30,Disneyland Park,La Tanière du Dragon,2710,CLOSED,STANDBY,0,,,queue-times.com
2026-08-20T23:30:50Z,2026-08-21,1,30,Disneyland Park,Le Carrousel de Lancelot,16,CLOSED,STANDBY,0,,,queue-times.com
2026-08-20T23:30:50Z,2026-08-21,1,30,Disneyland Park,"Le Pays des Contes de Fées, presented by Vittel",21,CLOSED,STANDBY,0,,,queue-times.com
2026-08-20T23:30:50Z,2026-08-21,1,30,Disneyland Park,Les Voyages de Pinocchio,23,CLOSED,STANDBY,0,,,queue-times.com
2026-08-20T23:30:50Z,2026-08-21,1,30,Disneyland Park,Mad Hatter's Tea Cups,20,CLOSED,STANDBY,0,,,queue-times.com
2026-08-20T23:30:50Z,2026-08-21,1,30,Disneyland Park,Meet Mickey Mouse,13,CLOSED,STANDBY,0,,,queue-times.com
2026-08-20T23:30:50Z,2026-08-21,1,30,Disneyland Park,Peter Pan's Flight,22,CLOSED,STANDBY,0,,,queue-times.com
2026-08-20T23:30:50Z,2026-08-21,1,30,Disneyland Park,Princess Pavilion,24,CLOSED,STANDBY,0,,,queue-times.com
2026-08-20T23:30:50Z,2026-08-21,1,30,Disneyland Park,Big Thunder Mountain,25,CLOSED,STANDBY,0,,,queue-times.com
2026-08-20T23:30:50Z,2026-08-21,1,30,Disneyland Park,Disneyland Railroad Frontierland Depot,2714,CLOSED,STANDBY,0,,,queue-times.com
2026-08-20T23:30:50Z,2026-08-21,1,30,Disneyland Park,Frontierland Playground,2713,CLOSED,STANDBY,0,,,queue-times.com
2026-08-20T23:30:50Z,2026-08-21,1,30,Disneyland Park,Phantom Manor,26,CLOSED,STANDBY,0,,,queue-times.com
2026-08-20T23:30:50Z,2026-08-21,1,30,Disneyland Park,River Rogue Keelboats,27,CLOSED,STANDBY,0,,,queue-times.com
2026-08-20T23:30:50Z,2026-08-21,1,30,Disneyland Park,Rustler Roundup Shootin' Gallery,2712,CLOSED,STANDBY,0,,,queue-times.com
2026-08-20T23:30:50Z,2026-08-21,1,30,Disneyland Park,Thunder Mesa Riverboat Landing,28,CLOSED,STANDBY,0,,,queue-times.com
2026-08-20T23:30:50Z,2026-08-21,1,30,Disneyland Park,Disneyland Railroad Main Street Station,2708,CLOSED,STANDBY,0,,,queue-times.com
2026-08-20T23:30:50Z,2026-08-21,1,30,Disneyland Park,Main Street Vehicles,12,CLOSED,STANDBY,0,,,queue-times.com
2026-08-20T23:30:50Z,2026-08-21,1,30,Disney Adventure World,Avengers Assemble: Flight Force,10848,CLOSED,STANDBY,0,,,queue-times.com
2026-08-20T23:30:50Z,2026-08-21,1,30,Disney Adventure World,Avengers Assemble: Flight Force Single Rider,10849,CLOSED,STANDBY,0,,,queue-times.com
2026-08-20T23:30:50Z,2026-08-21,1,30,Disney Adventure World,Spider-Man W.E.B. Adventure,10845,CLOSED,STANDBY,0,,,queue-times.com
2026-08-20T23:30:50Z,2026-08-21,1,30,Disney Adventure World,Spider-Man W.E.B. Adventure Single Rider,10846,CLOSED,STANDBY,0,,,queue-times.com
2026-08-20T23:30:50Z,2026-08-21,1,30,Disney Adventure World,The Twilight Zone Tower of Terror,40,CLOSED,STANDBY,0,,,queue-times.com
2026-08-20T23:30:50Z,2026-08-21,1,30,Disney Adventure World,Cars Quatre Roues Rallye,31,CLOSED,STANDBY,0,,,queue-times.com
2026-08-20T23:30:50Z,2026-08-21,1,30,Disney Adventure World,Cars ROAD TRIP,29,CLOSED,STANDBY,0,,,queue-times.com
2026-08-20T23:30:50Z,2026-08-21,1,30,Disney Adventure World,Crush's Coaster,32,CLOSED,STANDBY,0,,,queue-times.com
2026-08-20T23:30:50Z,2026-08-21,1,30,Disney Adventure World,Crush's Coaster Single Rider,7277,CLOSED,STANDBY,0,,,queue-times.com
2026-08-20T23:30:50Z,2026-08-21,1,30,Disney Adventure World,Les Tapis Volants - Flying Carpets Over Agrabah®,33,CLOSED,STANDBY,0,,,queue-times.com
2026-08-20T23:30:50Z,2026-08-21,1,30,Disney Adventure World,Ratatouille : L’Aventure Totalement Toquée de Rémy​,37,CLOSED,STANDBY,0,,,queue-times.com
2026-08-20T23:30:50Z,2026-08-21,1,30,Disney Adventure World,Ratatouille: The Adventure Single Rider,7279,CLOSED,STANDBY,0,,,queue-times.com
2026-08-20T23:30:50Z,2026-08-21,1,30,Disney Adventure World,RC Racer,34,CLOSED,STANDBY,0,,,queue-times.com
2026-08-20T23:30:50Z,2026-08-21,1,30,Disney Adventure World,RC Racer Single Rider,7280,CLOSED,STANDBY,0,,,queue-times.com
2026-08-20T23:30:50Z,2026-08-21,1,30,Disney Adventure World,Slinky® Dog Zigzag Spin,36,CLOSED,STANDBY,0,,,queue-times.com
2026-08-20T23:30:50Z,2026-08-21,1,30,Disney Adventure World,Toy Soldiers Parachute Drop,35,CLOSED,STANDBY,0,,,queue-times.com
2026-08-20T23:30:50Z,2026-08-21,1,30,Disney Adventure World,Toy Soldiers Parachute Drop Single Rider,7281,CLOSED,STANDBY,0,,,queue-times.com
2026-08-20T23:30:50Z,2026-08-21,1,30,Disney Adventure World,Entry to World of Frozen,16247,CLOSED,STANDBY,0,,,queue-times.com
2026-08-20T23:30:50Z,2026-08-21,1,30,Disney Adventure World,Frozen Ever After,15413,CLOSED,STANDBY,0,,,queue-times.com
2026-08-20T23:30:50Z,2026-08-21,1,30,Disney Adventure World,Raiponce Tangled Spin,15415,CLOSED,STANDBY,0,,,queue-times.com
2026-08-20T23:45:35Z,2026-08-21,1,45,Disneyland Park,Adventure Isle,2702,CLOSED,STANDBY,0,,,queue-times.com
2026-08-20T23:45:35Z,2026-08-21,1,45,Disneyland Park,Indiana Jones and the Temple of Peril Single Rider,7306,CLOSED,STANDBY,0,,,queue-times.com
2026-08-20T23:45:35Z,2026-08-21,1,45,Disneyland Park,Indiana Jones™ and the Temple of Peril,2,CLOSED,STANDBY,0,,,queue-times.com
2026-08-20T23:45:35Z,2026-08-21,1,45,Disneyland Park,La Cabane des Robinson,1,CLOSED,STANDBY,0,,,queue-times.com
2026-08-20T23:45:35Z,2026-08-21,1,45,Disneyland Park,Le Passage Enchanté d'Aladdin,2703,CLOSED,STANDBY,0,,,queue-times.com
2026-08-20T23:45:35Z,2026-08-21,1,45,Disneyland Park,Pirate Galleon,2705,CLOSED,STANDBY,0,,,queue-times.com
2026-08-20T23:45:35Z,2026-08-21,1,45,Disneyland Park,Pirates of the Caribbean,3,CLOSED,STANDBY,0,,,queue-times.com
2026-08-20T23:45:35Z,2026-08-21,1,45,Disneyland Park,Pirates' Beach,2704,CLOSED,STANDBY,0,,,queue-times.com
2026-08-20T23:45:35Z,2026-08-21,1,45,Disneyland Park,"Autopia, presented by Avis",4,CLOSED,STANDBY,0,,,queue-times.com
2026-08-20T23:45:35Z,2026-08-21,1,45,Disneyland Park,Buzz Lightyear Laser Blast,5,CLOSED,STANDBY,0,,,queue-times.com
2026-08-20T23:45:35Z,2026-08-21,1,45,Disneyland Park,Disneyland Railroad Discoveryland Station,2706,CLOSED,STANDBY,0,,,queue-times.com
2026-08-20T23:45:35Z,2026-08-21,1,45,Disneyland Park,Les Mystères du Nautilus,6,CLOSED,STANDBY,0,,,queue-times.com
2026-08-20T23:45:35Z,2026-08-21,1,45,Disneyland Park,Mickey’s PhilharMagic,2707,CLOSED,STANDBY,0,,,queue-times.com
2026-08-20T23:45:35Z,2026-08-21,1,45,Disneyland Park,Orbitron®,7,CLOSED,STANDBY,0,,,queue-times.com
2026-08-20T23:45:35Z,2026-08-21,1,45,Disneyland Park,Star Tours: The Adventures Continue*,9,CLOSED,STANDBY,0,,,queue-times.com
2026-08-20T23:45:35Z,2026-08-21,1,45,Disneyland Park,Star Wars Hyperspace Mountain,8,CLOSED,STANDBY,0,,,queue-times.com
2026-08-20T23:45:35Z,2026-08-21,1,45,Disneyland Park,Star Wars Hyperspace Mountain Single Rider,7278,CLOSED,STANDBY,0,,,queue-times.com
2026-08-20T23:45:35Z,2026-08-21,1,45,Disneyland Park,Welcome to Starport: A Star Wars Encounter,4573,CLOSED,STANDBY,0,,,queue-times.com
2026-08-20T23:45:35Z,2026-08-21,1,45,Disneyland Park,"""it's a small world""",19,CLOSED,STANDBY,0,,,queue-times.com
2026-08-20T23:45:35Z,2026-08-21,1,45,Disneyland Park,Alice's Curious Labyrinth,14,CLOSED,STANDBY,0,,,queue-times.com
2026-08-20T23:45:35Z,2026-08-21,1,45,Disneyland Park,Blanche-Neige et les Sept Nains®,15,CLOSED,STANDBY,0,,,queue-times.com
2026-08-20T23:45:35Z,2026-08-21,1,45,Disneyland Park,Casey Jr. – le Petit Train du Cirque,17,CLOSED,STANDBY,0,,,queue-times.com
2026-08-20T23:45:35Z,2026-08-21,1,45,Disneyland Park,Disneyland Railroad Fantasyland Station,2711,CLOSED,STANDBY,0,,,queue-times.com
2026-08-20T23:45:35Z,2026-08-21,1,45,Disneyland Park,Disneyland Railroad Main Street Station,11,CLOSED,STANDBY,0,,,queue-times.com
2026-08-20T23:45:35Z,2026-08-21,1,45,Disneyland Park,Dumbo the Flying Elephant,18,CLOSED,STANDBY,0,,,queue-times.com
2026-08-20T23:45:35Z,2026-08-21,1,45,Disneyland Park,La Tanière du Dragon,2710,CLOSED,STANDBY,0,,,queue-times.com
2026-08-20T23:45:35Z,2026-08-21,1,45,Disneyland Park,Le Carrousel de Lancelot,16,CLOSED,STANDBY,0,,,queue-times.com
2026-08-20T23:45:35Z,2026-08-21,1,45,Disneyland Park,"Le Pays des Contes de Fées, presented by Vittel",21,CLOSED,STANDBY,0,,,queue-times.com
2026-08-20T23:45:35Z,2026-08-21,1,45,Disneyland Park,Les Voyages de Pinocchio,23,CLOSED,STANDBY,0,,,queue-times.com
2026-08-20T23:45:35Z,2026-08-21,1,45,Disneyland Park,Mad Hatter's Tea Cups,20,CLOSED,STANDBY,0,,,queue-times.com
2026-08-20T23:45:35Z,2026-08-21,1,45,Disneyland Park,Meet Mickey Mouse,13,CLOSED,STANDBY,0,,,queue-times.com
2026-08-20T23:45:35Z,2026-08-21,1,45,Disneyland Park,Peter Pan's Flight,22,CLOSED,STANDBY,0,,,queue-times.com
2026-08-20T23:45:35Z,2026-08-21,1,45,Disneyland Park,Princess Pavilion,24,CLOSED,STANDBY,0,,,queue-times.com
2026-08-20T23:45:35Z,2026-08-21,1,45,Disneyland Park,Big Thunder Mountain,25,CLOSED,STANDBY,0,,,queue-times.com
2026-08-20T23:45:35Z,2026-08-21,1,45,Disneyland Park,Disneyland Railroad Frontierland Depot,2714,CLOSED,STANDBY,0,,,queue-times.com
2026-08-20T23:45:35Z,2026-08-21,1,45,Disneyland Park,Frontierland Playground,2713,CLOSED,STANDBY,0,,,queue-times.com
2026-08-20T23:45:35Z,2026-08-21,1,45,Disneyland Park,Phantom Manor,26,CLOSED,STANDBY,0,,,queue-times.com
2026-08-20T23:45:35Z,2026-08-21,1,45,Disneyland Park,River Rogue Keelboats,27,CLOSED,STANDBY,0,,,queue-times.com
2026-08-20T23:45:35Z,2026-08-21,1,45,Disneyland Park,Rustler Roundup Shootin' Gallery,2712,CLOSED,STANDBY,0,,,queue-times.com
2026-08-20T23:45:35Z,2026-08-21,1,45,Disneyland Park,Thunder Mesa Riverboat Landing,28,CLOSED,STANDBY,0,,,queue-times.com
2026-08-20T23:45:35Z,2026-08-21,1,45,Disneyland Park,Disneyland Railroad Main Street Station,2708,CLOSED,STANDBY,0,,,queue-times.com
2026-08-20T23:45:35Z,2026-08-21,1,45,Disneyland Park,Main Street Vehicles,12,CLOSED,STANDBY,0,,,queue-times.com
2026-08-20T23:45:35Z,2026-08-21,1,45,Disney Adventure World,Avengers Assemble: Flight Force,10848,CLOSED,STANDBY,0,,,queue-times.com
2026-08-20T23:45:35Z,2026-08-21,1,45,Disney Adventure World,Avengers Assemble: Flight Force Single Rider,10849,CLOSED,STANDBY,0,,,queue-times.com
2026-08-20T23:45:35Z,2026-08-21,1,45,Disney Adventure World,Spider-Man W.E.B. Adventure,10845,CLOSED,STANDBY,0,,,queue-times.com
2026-08-20T23:45:35Z,2026-08-21,1,45,Disney Adventure World,Spider-Man W.E.B. Adventure Single Rider,10846,CLOSED,STANDBY,0,,,queue-times.com
2026-08-20T23:45:35Z,2026-08-21,1,45,Disney Adventure World,The Twilight Zone Tower of Terror,40,CLOSED,STANDBY,0,,,queue-times.com
2026-08-20T23:45:35Z,2026-08-21,1,45,Disney Adventure World,Cars Quatre Roues Rallye,31,CLOSED,STANDBY,0,,,queue-times.com
2026-08-20T23:45:35Z,2026-08-21,1,45,Disney Adventure World,Cars ROAD TRIP,29,CLOSED,STANDBY,0,,,queue-times.com
2026-08-20T23:45:35Z,2026-08-21,1,45,Disney Adventure World,Crush's Coaster,32,CLOSED,STANDBY,0,,,queue-times.com
2026-08-20T23:45:35Z,2026-08-21,1,45,Disney Adventure World,Crush's Coaster Single Rider,7277,CLOSED,STANDBY,0,,,queue-times.com
2026-08-20T23:45:35Z,2026-08-21,1,45,Disney Adventure World,Les Tapis Volants - Flying Carpets Over Agrabah®,33,CLOSED,STANDBY,0,,,queue-times.com
2026-08-20T23:45:35Z,2026-08-21,1,45,Disney Adventure World,Ratatouille : L’Aventure Totalement Toquée de Rémy​,37,CLOSED,STANDBY,0,,,queue-times.com
2026-08-20T23:45:35Z,2026-08-21,1,45,Disney Adventure World,Ratatouille: The Adventure Single Rider,7279,CLOSED,STANDBY,0,,,queue-times.com
2026-08-20T23:45:35Z,2026-08-21,1,45,Disney Adventure World,RC Racer,34,CLOSED,STANDBY,0,,,queue-times.com
2026-08-20T23:45:35Z,2026-08-21,1,45,Disney Adventure World,RC Racer Single Rider,7280,CLOSED,STANDBY,0,,,queue-times.com
2026-08-20T23:45:35Z,2026-08-21,1,45,Disney Adventure World,Slinky® Dog Zigzag Spin,36,CLOSED,STANDBY,0,,,queue-times.com
2026-08-20T23:45:35Z,2026-08-21,1,45,Disney Adventure World,Toy Soldiers Parachute Drop,35,CLOSED,STANDBY,0,,,queue-times.com
2026-08-20T23:45:35Z,2026-08-21,1,45,Disney Adventure World,Toy Soldiers Parachute Drop Single Rider,7281,CLOSED,STANDBY,0,,,queue-times.com
2026-08-20T23:45:35Z,2026-08-21,1,45,Disney Adventure World,Entry to World of Frozen,16247,CLOSED,STANDBY,0,,,queue-times.com
2026-08-20T23:45:35Z,2026-08-21,1,45,Disney Adventure World,Frozen Ever After,15413,CLOSED,STANDBY,0,,,queue-times.com
2026-08-20T23:45:35Z,2026-08-21,1,45,Disney Adventure World,Raiponce Tangled Spin,15415,CLOSED,STANDBY,0,,,queue-times.com
2026-08-21T06:01:04Z,2026-08-21,8,1,Disneyland Park,Adventure Isle,2702,CLOSED,STANDBY,0,,,queue-times.com
2026-08-21T06:01:04Z,2026-08-21,8,1,Disneyland Park,Indiana Jones and the Temple of Peril Single Rider,7306,CLOSED,STANDBY,0,,,queue-times.com
2026-08-21T06:01:04Z,2026-08-21,8,1,Disneyland Park,Indiana Jones™ and the Temple of Peril,2,CLOSED,STANDBY,0,,,queue-times.com
2026-08-21T06:01:04Z,2026-08-21,8,1,Disneyland Park,La Cabane des Robinson,1,CLOSED,STANDBY,0,,,queue-times.com
2026-08-21T06:01:04Z,2026-08-21,8,1,Disneyland Park,Le Passage Enchanté d'Aladdin,2703,CLOSED,STANDBY,0,,,queue-times.com
2026-08-21T06:01:04Z,2026-08-21,8,1,Disneyland Park,Pirate Galleon,2705,CLOSED,STANDBY,0,,,queue-times.com
2026-08-21T06:01:04Z,2026-08-21,8,1,Disneyland Park,Pirates of the Caribbean,3,CLOSED,STANDBY,0,,,queue-times.com
2026-08-21T06:01:04Z,2026-08-21,8,1,Disneyland Park,Pirates' Beach,2704,CLOSED,STANDBY,0,,,queue-times.com
2026-08-21T06:01:04Z,2026-08-21,8,1,Disneyland Park,"Autopia, presented by Avis",4,CLOSED,STANDBY,0,,,queue-times.com
2026-08-21T06:01:04Z,2026-08-21,8,1,Disneyland Park,Buzz Lightyear Laser Blast,5,CLOSED,STANDBY,0,,,queue-times.com
2026-08-21T06:01:04Z,2026-08-21,8,1,Disneyland Park,Disneyland Railroad Discoveryland Station,2706,CLOSED,STANDBY,0,,,queue-times.com
2026-08-21T06:01:04Z,2026-08-21,8,1,Disneyland Park,Les Mystères du Nautilus,6,CLOSED,STANDBY,0,,,queue-times.com
2026-08-21T06:01:04Z,2026-08-21,8,1,Disneyland Park,Mickey’s PhilharMagic,2707,CLOSED,STANDBY,0,,,queue-times.com
2026-08-21T06:01:04Z,2026-08-21,8,1,Disneyland Park,Orbitron®,7,CLOSED,STANDBY,0,,,queue-times.com
2026-08-21T06:01:04Z,2026-08-21,8,1,Disneyland Park,Star Tours: The Adventures Continue*,9,CLOSED,STANDBY,0,,,queue-times.com
2026-08-21T06:01:04Z,2026-08-21,8,1,Disneyland Park,Star Wars Hyperspace Mountain,8,CLOSED,STANDBY,0,,,queue-times.com
2026-08-21T06:01:04Z,2026-08-21,8,1,Disneyland Park,Star Wars Hyperspace Mountain Single Rider,7278,CLOSED,STANDBY,0,,,queue-times.com
2026-08-21T06:01:04Z,2026-08-21,8,1,Disneyland Park,Welcome to Starport: A Star Wars Encounter,4573,CLOSED,STANDBY,0,,,queue-times.com
2026-08-21T06:01:04Z,2026-08-21,8,1,Disneyland Park,"""it's a small world""",19,CLOSED,STANDBY,0,,,queue-times.com
2026-08-21T06:01:04Z,2026-08-21,8,1,Disneyland Park,Alice's Curious Labyrinth,14,CLOSED,STANDBY,0,,,queue-times.com
2026-08-21T06:01:04Z,2026-08-21,8,1,Disneyland Park,Blanche-Neige et les Sept Nains®,15,CLOSED,STANDBY,0,,,queue-times.com
2026-08-21T06:01:04Z,2026-08-21,8,1,Disneyland Park,Casey Jr. – le Petit Train du Cirque,17,CLOSED,STANDBY,0,,,queue-times.com
2026-08-21T06:01:04Z,2026-08-21,8,1,Disneyland Park,Disneyland Railroad Fantasyland Station,2711,CLOSED,STANDBY,0,,,queue-times.com
2026-08-21T06:01:04Z,2026-08-21,8,1,Disneyland Park,Disneyland Railroad Main Street Station,11,CLOSED,STANDBY,0,,,queue-times.com
2026-08-21T06:01:04Z,2026-08-21,8,1,Disneyland Park,Dumbo the Flying Elephant,18,CLOSED,STANDBY,0,,,queue-times.com
2026-08-21T06:01:04Z,2026-08-21,8,1,Disneyland Park,La Tanière du Dragon,2710,CLOSED,STANDBY,0,,,queue-times.com
2026-08-21T06:01:04Z,2026-08-21,8,1,Disneyland Park,Le Carrousel de Lancelot,16,CLOSED,STANDBY,0,,,queue-times.com
2026-08-21T06:01:04Z,2026-08-21,8,1,Disneyland Park,"Le Pays des Contes de Fées, presented by Vittel",21,CLOSED,STANDBY,0,,,queue-times.com
2026-08-21T06:01:04Z,2026-08-21,8,1,Disneyland Park,Les Voyages de Pinocchio,23,CLOSED,STANDBY,0,,,queue-times.com
2026-08-21T06:01:04Z,2026-08-21,8,1,Disneyland Park,Mad Hatter's Tea Cups,20,CLOSED,STANDBY,0,,,queue-times.com
2026-08-21T06:01:04Z,2026-08-21,8,1,Disneyland Park,Meet Mickey Mouse,13,CLOSED,STANDBY,0,,,queue-times.com
2026-08-21T06:01:04Z,2026-08-21,8,1,Disneyland Park,Peter Pan's Flight,22,CLOSED,STANDBY,0,,,queue-times.com
2026-08-21T06:01:04Z,2026-08-21,8,1,Disneyland Park,Princess Pavilion,24,CLOSED,STANDBY,0,,,queue-times.com
2026-08-21T06:01:04Z,2026-08-21,8,1,Disneyland Park,Big Thunder Mountain,25,CLOSED,STANDBY,0,,,queue-times.com
2026-08-21T06:01:04Z,2026-08-21,8,1,Disneyland Park,Disneyland Railroad Frontierland Depot,2714,CLOSED,STANDBY,0,,,queue-times.com
2026-08-21T06:01:04Z,2026-08-21,8,1,Disneyland Park,Frontierland Playground,2713,CLOSED,STANDBY,0,,,queue-times.com
2026-08-21T06:01:04Z,2026-08-21,8,1,Disneyland Park,Phantom Manor,26,CLOSED,STANDBY,0,,,queue-times.com
2026-08-21T06:01:04Z,2026-08-21,8,1,Disneyland Park,River Rogue Keelboats,27,CLOSED,STANDBY,0,,,queue-times.com
2026-08-21T06:01:04Z,2026-08-21,8,1,Disneyland Park,Rustler Roundup Shootin' Gallery,2712,CLOSED,STANDBY,0,,,queue-times.com
2026-08-21T06:01:04Z,2026-08-21,8,1,Disneyland Park,Thunder Mesa Riverboat Landing,28,CLOSED,STANDBY,0,,,queue-times.com
2026-08-21T06:01:04Z,2026-08-21,8,1,Disneyland Park,Disneyland Railroad Main Street Station,2708,CLOSED,STANDBY,0,,,queue-times.com
2026-08-21T06:01:04Z,2026-08-21,8,1,Disneyland Park,Main Street Vehicles,12,CLOSED,STANDBY,0,,,queue-times.com
2026-08-21T06:01:04Z,2026-08-21,8,1,Disney Adventure World,Avengers Assemble: Flight Force,10848,CLOSED,STANDBY,0,,,queue-times.com
2026-08-21T06:01:04Z,2026-08-21,8,1,Disney Adventure World,Avengers Assemble: Flight Force Single Rider,10849,CLOSED,STANDBY,0,,,queue-times.com
2026-08-21T06:01:04Z,2026-08-21,8,1,Disney Adventure World,Spider-Man W.E.B. Adventure,10845,CLOSED,STANDBY,0,,,queue-times.com
2026-08-21T06:01:04Z,2026-08-21,8,1,Disney Adventure World,Spider-Man W.E.B. Adventure Single Rider,10846,CLOSED,STANDBY,0,,,queue-times.com
2026-08-21T06:01:04Z,2026-08-21,8,1,Disney Adventure World,The Twilight Zone Tower of Terror,40,CLOSED,STANDBY,0,,,queue-times.com
2026-08-21T06:01:04Z,2026-08-21,8,1,Disney Adventure World,Cars Quatre Roues Rallye,31,CLOSED,STANDBY,0,,,queue-times.com
2026-08-21T06:01:04Z,2026-08-21,8,1,Disney Adventure World,Cars ROAD TRIP,29,CLOSED,STANDBY,0,,,queue-times.com
2026-08-21T06:01:04Z,2026-08-21,8,1,Disney Adventure World,Crush's Coaster,32,CLOSED,STANDBY,0,,,queue-times.com
2026-08-21T06:01:04Z,2026-08-21,8,1,Disney Adventure World,Crush's Coaster Single Rider,7277,CLOSED,STANDBY,0,,,queue-times.com
2026-08-21T06:01:04Z,2026-08-21,8,1,Disney Adventure World,Les Tapis Volants - Flying Carpets Over Agrabah®,33,CLOSED,STANDBY,0,,,queue-times.com
2026-08-21T06:01:04Z,2026-08-21,8,1,Disney Adventure World,Ratatouille : L’Aventure Totalement Toquée de Rémy​,37,CLOSED,STANDBY,0,,,queue-times.com
2026-08-21T06:01:04Z,2026-08-21,8,1,Disney Adventure World,Ratatouille: The Adventure Single Rider,7279,CLOSED,STANDBY,0,,,queue-times.com
2026-08-21T06:01:04Z,2026-08-21,8,1,Disney Adventure World,RC Racer,34,CLOSED,STANDBY,0,,,queue-times.com
2026-08-21T06:01:04Z,2026-08-21,8,1,Disney Adventure World,RC Racer Single Rider,7280,CLOSED,STANDBY,0,,,queue-times.com
2026-08-21T06:01:04Z,2026-08-21,8,1,Disney Adventure World,Slinky® Dog Zigzag Spin,36,CLOSED,STANDBY,0,,,queue-times.com
2026-08-21T06:01:04Z,2026-08-21,8,1,Disney Adventure World,Toy Soldiers Parachute Drop,35,CLOSED,STANDBY,0,,,queue-times.com
2026-08-21T06:01:04Z,2026-08-21,8,1,Disney Adventure World,Toy Soldiers Parachute Drop Single Rider,7281,CLOSED,STANDBY,0,,,queue-times.com
2026-08-21T06:01:04Z,2026-08-21,8,1,Disney Adventure World,Entry to World of Frozen,16247,CLOSED,STANDBY,0,,,queue-times.com
2026-08-21T06:01:04Z,2026-08-21,8,1,Disney Adventure World,Frozen Ever After,15413,CLOSED,STANDBY,0,,,queue-times.com
2026-08-21T06:01:04Z,2026-08-21,8,1,Disney Adventure World,Raiponce Tangled Spin,15415,CLOSED,STANDBY,0,,,queue-times.com
2026-08-21T06:15:36Z,2026-08-21,8,15,Disneyland Park,Adventure Isle,2702,CLOSED,STANDBY,0,,,queue-times.com
2026-08-21T06:15:36Z,2026-08-21,8,15,Disneyland Park,Indiana Jones and the Temple of Peril Single Rider,7306,CLOSED,STANDBY,0,,,queue-times.com
2026-08-21T06:15:36Z,2026-08-21,8,15,Disneyland Park,Indiana Jones™ and the Temple of Peril,2,CLOSED,STANDBY,0,,,queue-times.com
2026-08-21T06:15:36Z,2026-08-21,8,15,Disneyland Park,La Cabane des Robinson,1,CLOSED,STANDBY,0,,,queue-times.com
2026-08-21T06:15:36Z,2026-08-21,8,15,Disneyland Park,Le Passage Enchanté d'Aladdin,2703,CLOSED,STANDBY,0,,,queue-times.com
2026-08-21T06:15:36Z,2026-08-21,8,15,Disneyland Park,Pirate Galleon,2705,CLOSED,STANDBY,0,,,queue-times.com
2026-08-21T06:15:36Z,2026-08-21,8,15,Disneyland Park,Pirates of the Caribbean,3,CLOSED,STANDBY,0,,,queue-times.com
2026-08-21T06:15:36Z,2026-08-21,8,15,Disneyland Park,Pirates' Beach,2704,CLOSED,STANDBY,0,,,queue-times.com
2026-08-21T06:15:36Z,2026-08-21,8,15,Disneyland Park,"Autopia, presented by Avis",4,CLOSED,STANDBY,0,,,queue-times.com
2026-08-21T06:15:36Z,2026-08-21,8,15,Disneyland Park,Buzz Lightyear Laser Blast,5,CLOSED,STANDBY,0,,,queue-times.com
2026-08-21T06:15:36Z,2026-08-21,8,15,Disneyland Park,Disneyland Railroad Discoveryland Station,2706,CLOSED,STANDBY,0,,,queue-times.com
2026-08-21T06:15:36Z,2026-08-21,8,15,Disneyland Park,Les Mystères du Nautilus,6,CLOSED,STANDBY,0,,,queue-times.com
2026-08-21T06:15:36Z,2026-08-21,8,15,Disneyland Park,Mickey’s PhilharMagic,2707,CLOSED,STANDBY,0,,,queue-times.com
2026-08-21T06:15:36Z,2026-08-21,8,15,Disneyland Park,Orbitron®,7,CLOSED,STANDBY,0,,,queue-times.com
2026-08-21T06:15:36Z,2026-08-21,8,15,Disneyland Park,Star Tours: The Adventures Continue*,9,CLOSED,STANDBY,0,,,queue-times.com
2026-08-21T06:15:36Z,2026-08-21,8,15,Disneyland Park,Star Wars Hyperspace Mountain,8,CLOSED,STANDBY,0,,,queue-times.com
2026-08-21T06:15:36Z,2026-08-21,8,15,Disneyland Park,Star Wars Hyperspace Mountain Single Rider,7278,CLOSED,STANDBY,0,,,queue-times.com
2026-08-21T06:15:36Z,2026-08-21,8,15,Disneyland Park,Welcome to Starport: A Star Wars Encounter,4573,CLOSED,STANDBY,0,,,queue-times.com
2026-08-21T06:15:36Z,2026-08-21,8,15,Disneyland Park,"""it's a small world""",19,CLOSED,STANDBY,0,,,queue-times.com
2026-08-21T06:15:36Z,2026-08-21,8,15,Disneyland Park,Alice's Curious Labyrinth,14,CLOSED,STANDBY,0,,,queue-times.com
2026-08-21T06:15:36Z,2026-08-21,8,15,Disneyland Park,Blanche-Neige et les Sept Nains®,15,CLOSED,STANDBY,0,,,queue-times.com
2026-08-21T06:15:36Z,2026-08-21,8,15,Disneyland Park,Casey Jr. – le Petit Train du Cirque,17,CLOSED,STANDBY,0,,,queue-times.com
2026-08-21T06:15:36Z,2026-08-21,8,15,Disneyland Park,Disneyland Railroad Fantasyland Station,2711,CLOSED,STANDBY,0,,,queue-times.com
2026-08-21T06:15:36Z,2026-08-21,8,15,Disneyland Park,Disneyland Railroad Main Street Station,11,CLOSED,STANDBY,0,,,queue-times.com
2026-08-21T06:15:36Z,2026-08-21,8,15,Disneyland Park,Dumbo the Flying Elephant,18,CLOSED,STANDBY,0,,,queue-times.com
2026-08-21T06:15:36Z,2026-08-21,8,15,Disneyland Park,La Tanière du Dragon,2710,CLOSED,STANDBY,0,,,queue-times.com
2026-08-21T06:15:36Z,2026-08-21,8,15,Disneyland Park,Le Carrousel de Lancelot,16,CLOSED,STANDBY,0,,,queue-times.com
2026-08-21T06:15:36Z,2026-08-21,8,15,Disneyland Park,"Le Pays des Contes de Fées, presented by Vittel",21,CLOSED,STANDBY,0,,,queue-times.com
2026-08-21T06:15:36Z,2026-08-21,8,15,Disneyland Park,Les Voyages de Pinocchio,23,CLOSED,STANDBY,0,,,queue-times.com
2026-08-21T06:15:36Z,2026-08-21,8,15,Disneyland Park,Mad Hatter's Tea Cups,20,CLOSED,STANDBY,0,,,queue-times.com
2026-08-21T06:15:36Z,2026-08-21,8,15,Disneyland Park,Meet Mickey Mouse,13,CLOSED,STANDBY,0,,,queue-times.com
2026-08-21T06:15:36Z,2026-08-21,8,15,Disneyland Park,Peter Pan's Flight,22,CLOSED,STANDBY,0,,,queue-times.com
2026-08-21T06:15:36Z,2026-08-21,8,15,Disneyland Park,Princess Pavilion,24,CLOSED,STANDBY,0,,,queue-times.com
2026-08-21T06:15:36Z,2026-08-21,8,15,Disneyland Park,Big Thunder Mountain,25,CLOSED,STANDBY,0,,,queue-times.com
2026-08-21T06:15:36Z,2026-08-21,8,15,Disneyland Park,Disneyland Railroad Frontierland Depot,2714,CLOSED,STANDBY,0,,,queue-times.com
2026-08-21T06:15:36Z,2026-08-21,8,15,Disneyland Park,Frontierland Playground,2713,CLOSED,STANDBY,0,,,queue-times.com
2026-08-21T06:15:36Z,2026-08-21,8,15,Disneyland Park,Phantom Manor,26,CLOSED,STANDBY,0,,,queue-times.com
2026-08-21T06:15:36Z,2026-08-21,8,15,Disneyland Park,River Rogue Keelboats,27,CLOSED,STANDBY,0,,,queue-times.com
2026-08-21T06:15:36Z,2026-08-21,8,15,Disneyland Park,Rustler Roundup Shootin' Gallery,2712,CLOSED,STANDBY,0,,,queue-times.com
2026-08-21T06:15:36Z,2026-08-21,8,15,Disneyland Park,Thunder Mesa Riverboat Landing,28,CLOSED,STANDBY,0,,,queue-times.com
2026-08-21T06:15:36Z,2026-08-21,8,15,Disneyland Park,Disneyland Railroad Main Street Station,2708,CLOSED,STANDBY,0,,,queue-times.com
2026-08-21T06:15:36Z,2026-08-21,8,15,Disneyland Park,Main Street Vehicles,12,CLOSED,STANDBY,0,,,queue-times.com
2026-08-21T06:15:36Z,2026-08-21,8,15,Disney Adventure World,Avengers Assemble: Flight Force,10848,CLOSED,STANDBY,0,,,queue-times.com
2026-08-21T06:15:36Z,2026-08-21,8,15,Disney Adventure World,Avengers Assemble: Flight Force Single Rider,10849,CLOSED,STANDBY,0,,,queue-times.com
2026-08-21T06:15:36Z,2026-08-21,8,15,Disney Adventure World,Spider-Man W.E.B. Adventure,10845,CLOSED,STANDBY,0,,,queue-times.com
2026-08-21T06:15:36Z,2026-08-21,8,15,Disney Adventure World,Spider-Man W.E.B. Adventure Single Rider,10846,CLOSED,STANDBY,0,,,queue-times.com
2026-08-21T06:15:36Z,2026-08-21,8,15,Disney Adventure World,The Twilight Zone Tower of Terror,40,CLOSED,STANDBY,0,,,queue-times.com
2026-08-21T06:15:36Z,2026-08-21,8,15,Disney Adventure World,Cars Quatre Roues Rallye,31,CLOSED,STANDBY,0,,,queue-times.com
2026-08-21T06:15:36Z,2026-08-21,8,15,Disney Adventure World,Cars ROAD TRIP,29,CLOSED,STANDBY,0,,,queue-times.com
2026-08-21T06:15:36Z,2026-08-21,8,15,Disney Adventure World,Crush's Coaster,32,CLOSED,STANDBY,0,,,queue-times.com
2026-08-21T06:15:36Z,2026-08-21,8,15,Disney Adventure World,Crush's Coaster Single Rider,7277,CLOSED,STANDBY,0,,,queue-times.com
2026-08-21T06:15:36Z,2026-08-21,8,15,Disney Adventure World,Les Tapis Volants - Flying Carpets Over Agrabah®,33,CLOSED,STANDBY,0,,,queue-times.com
2026-08-21T06:15:36Z,2026-08-21,8,15,Disney Adventure World,Ratatouille : L’Aventure Totalement Toquée de Rémy​,37,CLOSED,STANDBY,0,,,queue-times.com
2026-08-21T06:15:36Z,2026-08-21,8,15,Disney Adventure World,Ratatouille: The Adventure Single Rider,7279,CLOSED,STANDBY,0,,,queue-times.com
2026-08-21T06:15:36Z,2026-08-21,8,15,Disney Adventure World,RC Racer,34,CLOSED,STANDBY,0,,,queue-times.com
2026-08-21T06:15:36Z,2026-08-21,8,15,Disney Adventure World,RC Racer Single Rider,7280,CLOSED,STANDBY,0,,,queue-times.com
2026-08-21T06:15:36Z,2026-08-21,8,15,Disney Adventure World,Slinky® Dog Zigzag Spin,36,CLOSED,STANDBY,0,,,queue-times.com
2026-08-21T06:15:36Z,2026-08-21,8,15,Disney Adventure World,Toy Soldiers Parachute Drop,35,CLOSED,STANDBY,0,,,queue-times.com
2026-08-21T06:15:36Z,2026-08-21,8,15,Disney Adventure World,Toy Soldiers Parachute Drop Single Rider,7281,CLOSED,STANDBY,0,,,queue-times.com
2026-08-21T06:15:36Z,2026-08-21,8,15,Disney Adventure World,Entry to World of Frozen,16247,CLOSED,STANDBY,0,,,queue-times.com
2026-08-21T06:15:36Z,2026-08-21,8,15,Disney Adventure World,Frozen Ever After,15413,CLOSED,STANDBY,0,,,queue-times.com
2026-08-21T06:15:36Z,2026-08-21,8,15,Disney Adventure World,Raiponce Tangled Spin,15415,CLOSED,STANDBY,0,,,queue-times.com
2026-08-21T06:30:52Z,2026-08-21,8,30,Disneyland Park,Adventure Isle,2702,CLOSED,STANDBY,0,,,queue-times.com
2026-08-21T06:30:52Z,2026-08-21,8,30,Disneyland Park,Indiana Jones and the Temple of Peril Single Rider,7306,CLOSED,STANDBY,0,,,queue-times.com
2026-08-21T06:30:52Z,2026-08-21,8,30,Disneyland Park,Indiana Jones™ and the Temple of Peril,2,CLOSED,STANDBY,0,,,queue-times.com
2026-08-21T06:30:52Z,2026-08-21,8,30,Disneyland Park,La Cabane des Robinson,1,CLOSED,STANDBY,0,,,queue-times.com
2026-08-21T06:30:52Z,2026-08-21,8,30,Disneyland Park,Le Passage Enchanté d'Aladdin,2703,CLOSED,STANDBY,0,,,queue-times.com
2026-08-21T06:30:52Z,2026-08-21,8,30,Disneyland Park,Pirate Galleon,2705,CLOSED,STANDBY,0,,,queue-times.com
2026-08-21T06:30:52Z,2026-08-21,8,30,Disneyland Park,Pirates of the Caribbean,3,CLOSED,STANDBY,0,,,queue-times.com
2026-08-21T06:30:52Z,2026-08-21,8,30,Disneyland Park,Pirates' Beach,2704,CLOSED,STANDBY,0,,,queue-times.com
2026-08-21T06:30:52Z,2026-08-21,8,30,Disneyland Park,"Autopia, presented by Avis",4,CLOSED,STANDBY,0,,,queue-times.com
2026-08-21T06:30:52Z,2026-08-21,8,30,Disneyland Park,Buzz Lightyear Laser Blast,5,OPERATING,STANDBY,5,,,queue-times.com
2026-08-21T06:30:52Z,2026-08-21,8,30,Disneyland Park,Disneyland Railroad Discoveryland Station,2706,CLOSED,STANDBY,0,,,queue-times.com
2026-08-21T06:30:52Z,2026-08-21,8,30,Disneyland Park,Les Mystères du Nautilus,6,CLOSED,STANDBY,0,,,queue-times.com
2026-08-21T06:30:52Z,2026-08-21,8,30,Disneyland Park,Mickey’s PhilharMagic,2707,CLOSED,STANDBY,0,,,queue-times.com
2026-08-21T06:30:52Z,2026-08-21,8,30,Disneyland Park,Orbitron®,7,CLOSED,STANDBY,0,,,queue-times.com
2026-08-21T06:30:52Z,2026-08-21,8,30,Disneyland Park,Star Tours: The Adventures Continue*,9,CLOSED,STANDBY,0,,,queue-times.com
2026-08-21T06:30:52Z,2026-08-21,8,30,Disneyland Park,Star Wars Hyperspace Mountain,8,OPERATING,STANDBY,5,,,queue-times.com
2026-08-21T06:30:52Z,2026-08-21,8,30,Disneyland Park,Star Wars Hyperspace Mountain Single Rider,7278,OPERATING,STANDBY,0,,,queue-times.com
2026-08-21T06:30:52Z,2026-08-21,8,30,Disneyland Park,Welcome to Starport: A Star Wars Encounter,4573,CLOSED,STANDBY,0,,,queue-times.com
2026-08-21T06:30:52Z,2026-08-21,8,30,Disneyland Park,"""it's a small world""",19,CLOSED,STANDBY,0,,,queue-times.com
2026-08-21T06:30:52Z,2026-08-21,8,30,Disneyland Park,Alice's Curious Labyrinth,14,CLOSED,STANDBY,0,,,queue-times.com
2026-08-21T06:30:52Z,2026-08-21,8,30,Disneyland Park,Blanche-Neige et les Sept Nains®,15,CLOSED,STANDBY,0,,,queue-times.com
2026-08-21T06:30:52Z,2026-08-21,8,30,Disneyland Park,Casey Jr. – le Petit Train du Cirque,17,CLOSED,STANDBY,0,,,queue-times.com
2026-08-21T06:30:52Z,2026-08-21,8,30,Disneyland Park,Disneyland Railroad Fantasyland Station,2711,CLOSED,STANDBY,0,,,queue-times.com
2026-08-21T06:30:52Z,2026-08-21,8,30,Disneyland Park,Disneyland Railroad Main Street Station,11,CLOSED,STANDBY,0,,,queue-times.com
2026-08-21T06:30:52Z,2026-08-21,8,30,Disneyland Park,Dumbo the Flying Elephant,18,CLOSED,STANDBY,0,,,queue-times.com
2026-08-21T06:30:52Z,2026-08-21,8,30,Disneyland Park,La Tanière du Dragon,2710,CLOSED,STANDBY,0,,,queue-times.com
2026-08-21T06:30:52Z,2026-08-21,8,30,Disneyland Park,Le Carrousel de Lancelot,16,CLOSED,STANDBY,0,,,queue-times.com
2026-08-21T06:30:52Z,2026-08-21,8,30,Disneyland Park,"Le Pays des Contes de Fées, presented by Vittel",21,CLOSED,STANDBY,0,,,queue-times.com
2026-08-21T06:30:52Z,2026-08-21,8,30,Disneyland Park,Les Voyages de Pinocchio,23,CLOSED,STANDBY,0,,,queue-times.com
2026-08-21T06:30:52Z,2026-08-21,8,30,Disneyland Park,Mad Hatter's Tea Cups,20,CLOSED,STANDBY,0,,,queue-times.com
2026-08-21T06:30:52Z,2026-08-21,8,30,Disneyland Park,Meet Mickey Mouse,13,CLOSED,STANDBY,0,,,queue-times.com
2026-08-21T06:30:52Z,2026-08-21,8,30,Disneyland Park,Peter Pan's Flight,22,OPERATING,STANDBY,5,,,queue-times.com
2026-08-21T06:30:52Z,2026-08-21,8,30,Disneyland Park,Princess Pavilion,24,CLOSED,STANDBY,0,,,queue-times.com
2026-08-21T06:30:52Z,2026-08-21,8,30,Disneyland Park,Big Thunder Mountain,25,CLOSED,STANDBY,0,,,queue-times.com
2026-08-21T06:30:52Z,2026-08-21,8,30,Disneyland Park,Disneyland Railroad Frontierland Depot,2714,CLOSED,STANDBY,0,,,queue-times.com
2026-08-21T06:30:52Z,2026-08-21,8,30,Disneyland Park,Frontierland Playground,2713,CLOSED,STANDBY,0,,,queue-times.com
2026-08-21T06:30:52Z,2026-08-21,8,30,Disneyland Park,Phantom Manor,26,CLOSED,STANDBY,0,,,queue-times.com
2026-08-21T06:30:52Z,2026-08-21,8,30,Disneyland Park,River Rogue Keelboats,27,CLOSED,STANDBY,0,,,queue-times.com
2026-08-21T06:30:52Z,2026-08-21,8,30,Disneyland Park,Rustler Roundup Shootin' Gallery,2712,CLOSED,STANDBY,0,,,queue-times.com
2026-08-21T06:30:52Z,2026-08-21,8,30,Disneyland Park,Thunder Mesa Riverboat Landing,28,CLOSED,STANDBY,0,,,queue-times.com
2026-08-21T06:30:52Z,2026-08-21,8,30,Disneyland Park,Disneyland Railroad Main Street Station,2708,CLOSED,STANDBY,0,,,queue-times.com
2026-08-21T06:30:52Z,2026-08-21,8,30,Disneyland Park,Main Street Vehicles,12,CLOSED,STANDBY,0,,,queue-times.com
2026-08-21T06:30:52Z,2026-08-21,8,30,Disney Adventure World,Avengers Assemble: Flight Force,10848,OPERATING,STANDBY,5,,,queue-times.com
2026-08-21T06:30:52Z,2026-08-21,8,30,Disney Adventure World,Avengers Assemble: Flight Force Single Rider,10849,OPERATING,STANDBY,0,,,queue-times.com
2026-08-21T06:30:52Z,2026-08-21,8,30,Disney Adventure World,Spider-Man W.E.B. Adventure,10845,OPERATING,STANDBY,5,,,queue-times.com
2026-08-21T06:30:52Z,2026-08-21,8,30,Disney Adventure World,Spider-Man W.E.B. Adventure Single Rider,10846,OPERATING,STANDBY,0,,,queue-times.com
2026-08-21T06:30:52Z,2026-08-21,8,30,Disney Adventure World,The Twilight Zone Tower of Terror,40,OPERATING,STANDBY,5,,,queue-times.com
2026-08-21T06:30:52Z,2026-08-21,8,30,Disney Adventure World,Cars Quatre Roues Rallye,31,CLOSED,STANDBY,0,,,queue-times.com
2026-08-21T06:30:52Z,2026-08-21,8,30,Disney Adventure World,Cars ROAD TRIP,29,CLOSED,STANDBY,0,,,queue-times.com
2026-08-21T06:30:52Z,2026-08-21,8,30,Disney Adventure World,Crush's Coaster,32,OPERATING,STANDBY,0,,,queue-times.com
2026-08-21T06:30:52Z,2026-08-21,8,30,Disney Adventure World,Crush's Coaster Single Rider,7277,OPERATING,STANDBY,0,,,queue-times.com
2026-08-21T06:30:52Z,2026-08-21,8,30,Disney Adventure World,Les Tapis Volants - Flying Carpets Over Agrabah®,33,CLOSED,STANDBY,0,,,queue-times.com
2026-08-21T06:30:52Z,2026-08-21,8,30,Disney Adventure World,Ratatouille : L’Aventure Totalement Toquée de Rémy​,37,OPERATING,STANDBY,5,,,queue-times.com
2026-08-21T06:30:52Z,2026-08-21,8,30,Disney Adventure World,Ratatouille: The Adventure Single Rider,7279,OPERATING,STANDBY,5,,,queue-times.com
2026-08-21T06:30:52Z,2026-08-21,8,30,Disney Adventure World,RC Racer,34,CLOSED,STANDBY,0,,,queue-times.com
2026-08-21T06:30:52Z,2026-08-21,8,30,Disney Adventure World,RC Racer Single Rider,7280,CLOSED,STANDBY,0,,,queue-times.com
2026-08-21T06:30:52Z,2026-08-21,8,30,Disney Adventure World,Slinky® Dog Zigzag Spin,36,OPERATING,STANDBY,5,,,queue-times.com
2026-08-21T06:30:52Z,2026-08-21,8,30,Disney Adventure World,Toy Soldiers Parachute Drop,35,CLOSED,STANDBY,0,,,queue-times.com
2026-08-21T06:30:52Z,2026-08-21,8,30,Disney Adventure World,Toy Soldiers Parachute Drop Single Rider,7281,CLOSED,STANDBY,0,,,queue-times.com
2026-08-21T06:30:52Z,2026-08-21,8,30,Disney Adventure World,Entry to World of Frozen,16247,CLOSED,STANDBY,0,,,queue-times.com
2026-08-21T06:30:52Z,2026-08-21,8,30,Disney Adventure World,Frozen Ever After,15413,OPERATING,STANDBY,0,,,queue-times.com
2026-08-21T06:30:52Z,2026-08-21,8,30,Disney Adventure World,Raiponce Tangled Spin,15415,CLOSED,STANDBY,0,,,queue-times.com
2026-08-21T06:45:34Z,2026-08-21,8,45,Disneyland Park,Adventure Isle,2702,CLOSED,STANDBY,0,,,queue-times.com
2026-08-21T06:45:34Z,2026-08-21,8,45,Disneyland Park,Indiana Jones and the Temple of Peril Single Rider,7306,CLOSED,STANDBY,0,,,queue-times.com
2026-08-21T06:45:34Z,2026-08-21,8,45,Disneyland Park,Indiana Jones™ and the Temple of Peril,2,CLOSED,STANDBY,0,,,queue-times.com
2026-08-21T06:45:34Z,2026-08-21,8,45,Disneyland Park,La Cabane des Robinson,1,CLOSED,STANDBY,0,,,queue-times.com
2026-08-21T06:45:34Z,2026-08-21,8,45,Disneyland Park,Le Passage Enchanté d'Aladdin,2703,CLOSED,STANDBY,0,,,queue-times.com
2026-08-21T06:45:34Z,2026-08-21,8,45,Disneyland Park,Pirate Galleon,2705,CLOSED,STANDBY,0,,,queue-times.com
2026-08-21T06:45:34Z,2026-08-21,8,45,Disneyland Park,Pirates of the Caribbean,3,CLOSED,STANDBY,0,,,queue-times.com
2026-08-21T06:45:34Z,2026-08-21,8,45,Disneyland Park,Pirates' Beach,2704,CLOSED,STANDBY,0,,,queue-times.com
2026-08-21T06:45:34Z,2026-08-21,8,45,Disneyland Park,"Autopia, presented by Avis",4,CLOSED,STANDBY,0,,,queue-times.com
2026-08-21T06:45:34Z,2026-08-21,8,45,Disneyland Park,Buzz Lightyear Laser Blast,5,OPERATING,STANDBY,5,,,queue-times.com
2026-08-21T06:45:34Z,2026-08-21,8,45,Disneyland Park,Disneyland Railroad Discoveryland Station,2706,CLOSED,STANDBY,0,,,queue-times.com
2026-08-21T06:45:34Z,2026-08-21,8,45,Disneyland Park,Les Mystères du Nautilus,6,CLOSED,STANDBY,0,,,queue-times.com
2026-08-21T06:45:34Z,2026-08-21,8,45,Disneyland Park,Mickey’s PhilharMagic,2707,CLOSED,STANDBY,0,,,queue-times.com
2026-08-21T06:45:34Z,2026-08-21,8,45,Disneyland Park,Orbitron®,7,CLOSED,STANDBY,0,,,queue-times.com
2026-08-21T06:45:34Z,2026-08-21,8,45,Disneyland Park,Star Tours: The Adventures Continue*,9,CLOSED,STANDBY,0,,,queue-times.com
2026-08-21T06:45:34Z,2026-08-21,8,45,Disneyland Park,Star Wars Hyperspace Mountain,8,OPERATING,STANDBY,5,,,queue-times.com
2026-08-21T06:45:34Z,2026-08-21,8,45,Disneyland Park,Star Wars Hyperspace Mountain Single Rider,7278,OPERATING,STANDBY,0,,,queue-times.com
2026-08-21T06:45:34Z,2026-08-21,8,45,Disneyland Park,Welcome to Starport: A Star Wars Encounter,4573,CLOSED,STANDBY,0,,,queue-times.com
2026-08-21T06:45:34Z,2026-08-21,8,45,Disneyland Park,"""it's a small world""",19,CLOSED,STANDBY,0,,,queue-times.com
2026-08-21T06:45:34Z,2026-08-21,8,45,Disneyland Park,Alice's Curious Labyrinth,14,CLOSED,STANDBY,0,,,queue-times.com
2026-08-21T06:45:34Z,2026-08-21,8,45,Disneyland Park,Blanche-Neige et les Sept Nains®,15,CLOSED,STANDBY,0,,,queue-times.com
2026-08-21T06:45:34Z,2026-08-21,8,45,Disneyland Park,Casey Jr. – le Petit Train du Cirque,17,CLOSED,STANDBY,0,,,queue-times.com
2026-08-21T06:45:34Z,2026-08-21,8,45,Disneyland Park,Disneyland Railroad Fantasyland Station,2711,CLOSED,STANDBY,0,,,queue-times.com
2026-08-21T06:45:34Z,2026-08-21,8,45,Disneyland Park,Disneyland Railroad Main Street Station,11,CLOSED,STANDBY,0,,,queue-times.com
2026-08-21T06:45:34Z,2026-08-21,8,45,Disneyland Park,Dumbo the Flying Elephant,18,CLOSED,STANDBY,0,,,queue-times.com
2026-08-21T06:45:34Z,2026-08-21,8,45,Disneyland Park,La Tanière du Dragon,2710,OPERATING,STANDBY,0,,,queue-times.com
2026-08-21T06:45:34Z,2026-08-21,8,45,Disneyland Park,Le Carrousel de Lancelot,16,CLOSED,STANDBY,0,,,queue-times.com
2026-08-21T06:45:34Z,2026-08-21,8,45,Disneyland Park,"Le Pays des Contes de Fées, presented by Vittel",21,CLOSED,STANDBY,0,,,queue-times.com
2026-08-21T06:45:34Z,2026-08-21,8,45,Disneyland Park,Les Voyages de Pinocchio,23,CLOSED,STANDBY,0,,,queue-times.com
2026-08-21T06:45:34Z,2026-08-21,8,45,Disneyland Park,Mad Hatter's Tea Cups,20,CLOSED,STANDBY,0,,,queue-times.com
2026-08-21T06:45:34Z,2026-08-21,8,45,Disneyland Park,Meet Mickey Mouse,13,CLOSED,STANDBY,0,,,queue-times.com
2026-08-21T06:45:34Z,2026-08-21,8,45,Disneyland Park,Peter Pan's Flight,22,OPERATING,STANDBY,20,,,queue-times.com
2026-08-21T06:45:34Z,2026-08-21,8,45,Disneyland Park,Princess Pavilion,24,CLOSED,STANDBY,0,,,queue-times.com
2026-08-21T06:45:34Z,2026-08-21,8,45,Disneyland Park,Big Thunder Mountain,25,OPERATING,STANDBY,40,,,queue-times.com
2026-08-21T06:45:34Z,2026-08-21,8,45,Disneyland Park,Disneyland Railroad Frontierland Depot,2714,CLOSED,STANDBY,0,,,queue-times.com
2026-08-21T06:45:34Z,2026-08-21,8,45,Disneyland Park,Frontierland Playground,2713,CLOSED,STANDBY,0,,,queue-times.com
2026-08-21T06:45:34Z,2026-08-21,8,45,Disneyland Park,Phantom Manor,26,CLOSED,STANDBY,0,,,queue-times.com
2026-08-21T06:45:34Z,2026-08-21,8,45,Disneyland Park,River Rogue Keelboats,27,CLOSED,STANDBY,0,,,queue-times.com
2026-08-21T06:45:34Z,2026-08-21,8,45,Disneyland Park,Rustler Roundup Shootin' Gallery,2712,OPERATING,STANDBY,0,,,queue-times.com
2026-08-21T06:45:34Z,2026-08-21,8,45,Disneyland Park,Thunder Mesa Riverboat Landing,28,CLOSED,STANDBY,0,,,queue-times.com
2026-08-21T06:45:34Z,2026-08-21,8,45,Disneyland Park,Disneyland Railroad Main Street Station,2708,CLOSED,STANDBY,0,,,queue-times.com
2026-08-21T06:45:34Z,2026-08-21,8,45,Disneyland Park,Main Street Vehicles,12,OPERATING,STANDBY,5,,,queue-times.com
2026-08-21T06:45:34Z,2026-08-21,8,45,Disney Adventure World,Avengers Assemble: Flight Force,10848,OPERATING,STANDBY,5,,,queue-times.com
2026-08-21T06:45:34Z,2026-08-21,8,45,Disney Adventure World,Avengers Assemble: Flight Force Single Rider,10849,OPERATING,STANDBY,0,,,queue-times.com
2026-08-21T06:45:34Z,2026-08-21,8,45,Disney Adventure World,Spider-Man W.E.B. Adventure,10845,OPERATING,STANDBY,5,,,queue-times.com
2026-08-21T06:45:34Z,2026-08-21,8,45,Disney Adventure World,Spider-Man W.E.B. Adventure Single Rider,10846,OPERATING,STANDBY,0,,,queue-times.com
2026-08-21T06:45:34Z,2026-08-21,8,45,Disney Adventure World,The Twilight Zone Tower of Terror,40,OPERATING,STANDBY,5,,,queue-times.com
2026-08-21T06:45:34Z,2026-08-21,8,45,Disney Adventure World,Cars Quatre Roues Rallye,31,CLOSED,STANDBY,0,,,queue-times.com
2026-08-21T06:45:34Z,2026-08-21,8,45,Disney Adventure World,Cars ROAD TRIP,29,CLOSED,STANDBY,0,,,queue-times.com
2026-08-21T06:45:34Z,2026-08-21,8,45,Disney Adventure World,Crush's Coaster,32,OPERATING,STANDBY,70,,,queue-times.com
2026-08-21T06:45:34Z,2026-08-21,8,45,Disney Adventure World,Crush's Coaster Single Rider,7277,OPERATING,STANDBY,35,,,queue-times.com
2026-08-21T06:45:34Z,2026-08-21,8,45,Disney Adventure World,Les Tapis Volants - Flying Carpets Over Agrabah®,33,CLOSED,STANDBY,0,,,queue-times.com
2026-08-21T06:45:34Z,2026-08-21,8,45,Disney Adventure World,Ratatouille : L’Aventure Totalement Toquée de Rémy​,37,OPERATING,STANDBY,5,,,queue-times.com
2026-08-21T06:45:34Z,2026-08-21,8,45,Disney Adventure World,Ratatouille: The Adventure Single Rider,7279,OPERATING,STANDBY,5,,,queue-times.com
2026-08-21T06:45:34Z,2026-08-21,8,45,Disney Adventure World,RC Racer,34,CLOSED,STANDBY,0,,,queue-times.com
2026-08-21T06:45:34Z,2026-08-21,8,45,Disney Adventure World,RC Racer Single Rider,7280,CLOSED,STANDBY,0,,,queue-times.com
2026-08-21T06:45:34Z,2026-08-21,8,45,Disney Adventure World,Slinky® Dog Zigzag Spin,36,OPERATING,STANDBY,5,,,queue-times.com
2026-08-21T06:45:34Z,2026-08-21,8,45,Disney Adventure World,Toy Soldiers Parachute Drop,35,CLOSED,STANDBY,0,,,queue-times.com
2026-08-21T06:45:34Z,2026-08-21,8,45,Disney Adventure World,Toy Soldiers Parachute Drop Single Rider,7281,CLOSED,STANDBY,0,,,queue-times.com
2026-08-21T06:45:34Z,2026-08-21,8,45,Disney Adventure World,Entry to World of Frozen,16247,OPERATING,STANDBY,0,,,queue-times.com
2026-08-21T06:45:34Z,2026-08-21,8,45,Disney Adventure World,Frozen Ever After,15413,OPERATING,STANDBY,20,,,queue-times.com
2026-08-21T06:45:34Z,2026-08-21,8,45,Disney Adventure World,Raiponce Tangled Spin,15415,OPERATING,STANDBY,5,,,queue-times.com
2026-08-21T07:01:03Z,2026-08-21,9,1,Disneyland Park,Adventure Isle,2702,CLOSED,STANDBY,0,,,queue-times.com
2026-08-21T07:01:03Z,2026-08-21,9,1,Disneyland Park,Indiana Jones and the Temple of Peril Single Rider,7306,CLOSED,STANDBY,0,,,queue-times.com
2026-08-21T07:01:03Z,2026-08-21,9,1,Disneyland Park,Indiana Jones™ and the Temple of Peril,2,CLOSED,STANDBY,0,,,queue-times.com
2026-08-21T07:01:03Z,2026-08-21,9,1,Disneyland Park,La Cabane des Robinson,1,CLOSED,STANDBY,0,,,queue-times.com
2026-08-21T07:01:03Z,2026-08-21,9,1,Disneyland Park,Le Passage Enchanté d'Aladdin,2703,CLOSED,STANDBY,0,,,queue-times.com
2026-08-21T07:01:03Z,2026-08-21,9,1,Disneyland Park,Pirate Galleon,2705,CLOSED,STANDBY,0,,,queue-times.com
2026-08-21T07:01:03Z,2026-08-21,9,1,Disneyland Park,Pirates of the Caribbean,3,CLOSED,STANDBY,0,,,queue-times.com
2026-08-21T07:01:03Z,2026-08-21,9,1,Disneyland Park,Pirates' Beach,2704,CLOSED,STANDBY,0,,,queue-times.com
2026-08-21T07:01:03Z,2026-08-21,9,1,Disneyland Park,"Autopia, presented by Avis",4,CLOSED,STANDBY,0,,,queue-times.com
2026-08-21T07:01:03Z,2026-08-21,9,1,Disneyland Park,Buzz Lightyear Laser Blast,5,OPERATING,STANDBY,5,,,queue-times.com
2026-08-21T07:01:03Z,2026-08-21,9,1,Disneyland Park,Disneyland Railroad Discoveryland Station,2706,CLOSED,STANDBY,0,,,queue-times.com
2026-08-21T07:01:03Z,2026-08-21,9,1,Disneyland Park,Les Mystères du Nautilus,6,CLOSED,STANDBY,0,,,queue-times.com
2026-08-21T07:01:03Z,2026-08-21,9,1,Disneyland Park,Mickey’s PhilharMagic,2707,CLOSED,STANDBY,0,,,queue-times.com
2026-08-21T07:01:03Z,2026-08-21,9,1,Disneyland Park,Orbitron®,7,CLOSED,STANDBY,0,,,queue-times.com
2026-08-21T07:01:03Z,2026-08-21,9,1,Disneyland Park,Star Tours: The Adventures Continue*,9,CLOSED,STANDBY,0,,,queue-times.com
2026-08-21T07:01:03Z,2026-08-21,9,1,Disneyland Park,Star Wars Hyperspace Mountain,8,OPERATING,STANDBY,5,,,queue-times.com
2026-08-21T07:01:03Z,2026-08-21,9,1,Disneyland Park,Star Wars Hyperspace Mountain Single Rider,7278,OPERATING,STANDBY,0,,,queue-times.com
2026-08-21T07:01:03Z,2026-08-21,9,1,Disneyland Park,Welcome to Starport: A Star Wars Encounter,4573,CLOSED,STANDBY,0,,,queue-times.com
2026-08-21T07:01:03Z,2026-08-21,9,1,Disneyland Park,"""it's a small world""",19,CLOSED,STANDBY,0,,,queue-times.com
2026-08-21T07:01:03Z,2026-08-21,9,1,Disneyland Park,Alice's Curious Labyrinth,14,CLOSED,STANDBY,0,,,queue-times.com
2026-08-21T07:01:03Z,2026-08-21,9,1,Disneyland Park,Blanche-Neige et les Sept Nains®,15,CLOSED,STANDBY,0,,,queue-times.com
2026-08-21T07:01:03Z,2026-08-21,9,1,Disneyland Park,Casey Jr. – le Petit Train du Cirque,17,CLOSED,STANDBY,0,,,queue-times.com
2026-08-21T07:01:03Z,2026-08-21,9,1,Disneyland Park,Disneyland Railroad Fantasyland Station,2711,CLOSED,STANDBY,0,,,queue-times.com
2026-08-21T07:01:03Z,2026-08-21,9,1,Disneyland Park,Disneyland Railroad Main Street Station,11,CLOSED,STANDBY,0,,,queue-times.com
2026-08-21T07:01:03Z,2026-08-21,9,1,Disneyland Park,Dumbo the Flying Elephant,18,CLOSED,STANDBY,0,,,queue-times.com
2026-08-21T07:01:03Z,2026-08-21,9,1,Disneyland Park,La Tanière du Dragon,2710,OPERATING,STANDBY,0,,,queue-times.com
2026-08-21T07:01:03Z,2026-08-21,9,1,Disneyland Park,Le Carrousel de Lancelot,16,CLOSED,STANDBY,0,,,queue-times.com
2026-08-21T07:01:03Z,2026-08-21,9,1,Disneyland Park,"Le Pays des Contes de Fées, presented by Vittel",21,CLOSED,STANDBY,0,,,queue-times.com
2026-08-21T07:01:03Z,2026-08-21,9,1,Disneyland Park,Les Voyages de Pinocchio,23,CLOSED,STANDBY,0,,,queue-times.com
2026-08-21T07:01:03Z,2026-08-21,9,1,Disneyland Park,Mad Hatter's Tea Cups,20,CLOSED,STANDBY,0,,,queue-times.com
2026-08-21T07:01:03Z,2026-08-21,9,1,Disneyland Park,Meet Mickey Mouse,13,CLOSED,STANDBY,0,,,queue-times.com
2026-08-21T07:01:03Z,2026-08-21,9,1,Disneyland Park,Peter Pan's Flight,22,OPERATING,STANDBY,50,,,queue-times.com
2026-08-21T07:01:03Z,2026-08-21,9,1,Disneyland Park,Princess Pavilion,24,CLOSED,STANDBY,0,,,queue-times.com
2026-08-21T07:01:03Z,2026-08-21,9,1,Disneyland Park,Big Thunder Mountain,25,OPERATING,STANDBY,70,,,queue-times.com
2026-08-21T07:01:03Z,2026-08-21,9,1,Disneyland Park,Disneyland Railroad Frontierland Depot,2714,CLOSED,STANDBY,0,,,queue-times.com
2026-08-21T07:01:03Z,2026-08-21,9,1,Disneyland Park,Frontierland Playground,2713,CLOSED,STANDBY,0,,,queue-times.com
2026-08-21T07:01:03Z,2026-08-21,9,1,Disneyland Park,Phantom Manor,26,CLOSED,STANDBY,0,,,queue-times.com
2026-08-21T07:01:03Z,2026-08-21,9,1,Disneyland Park,River Rogue Keelboats,27,CLOSED,STANDBY,0,,,queue-times.com
2026-08-21T07:01:03Z,2026-08-21,9,1,Disneyland Park,Rustler Roundup Shootin' Gallery,2712,OPERATING,STANDBY,0,,,queue-times.com
2026-08-21T07:01:03Z,2026-08-21,9,1,Disneyland Park,Thunder Mesa Riverboat Landing,28,CLOSED,STANDBY,0,,,queue-times.com
2026-08-21T07:01:03Z,2026-08-21,9,1,Disneyland Park,Disneyland Railroad Main Street Station,2708,CLOSED,STANDBY,0,,,queue-times.com
2026-08-21T07:01:03Z,2026-08-21,9,1,Disneyland Park,Main Street Vehicles,12,OPERATING,STANDBY,5,,,queue-times.com
2026-08-21T07:01:03Z,2026-08-21,9,1,Disney Adventure World,Avengers Assemble: Flight Force,10848,OPERATING,STANDBY,5,,,queue-times.com
2026-08-21T07:01:03Z,2026-08-21,9,1,Disney Adventure World,Avengers Assemble: Flight Force Single Rider,10849,OPERATING,STANDBY,0,,,queue-times.com
2026-08-21T07:01:03Z,2026-08-21,9,1,Disney Adventure World,Spider-Man W.E.B. Adventure,10845,OPERATING,STANDBY,20,,,queue-times.com
2026-08-21T07:01:03Z,2026-08-21,9,1,Disney Adventure World,Spider-Man W.E.B. Adventure Single Rider,10846,OPERATING,STANDBY,0,,,queue-times.com
2026-08-21T07:01:03Z,2026-08-21,9,1,Disney Adventure World,The Twilight Zone Tower of Terror,40,OPERATING,STANDBY,5,,,queue-times.com
2026-08-21T07:01:03Z,2026-08-21,9,1,Disney Adventure World,Cars Quatre Roues Rallye,31,CLOSED,STANDBY,0,,,queue-times.com
2026-08-21T07:01:03Z,2026-08-21,9,1,Disney Adventure World,Cars ROAD TRIP,29,CLOSED,STANDBY,0,,,queue-times.com
2026-08-21T07:01:03Z,2026-08-21,9,1,Disney Adventure World,Crush's Coaster,32,OPERATING,STANDBY,100,,,queue-times.com
2026-08-21T07:01:03Z,2026-08-21,9,1,Disney Adventure World,Crush's Coaster Single Rider,7277,OPERATING,STANDBY,50,,,queue-times.com
2026-08-21T07:01:03Z,2026-08-21,9,1,Disney Adventure World,Les Tapis Volants - Flying Carpets Over Agrabah®,33,CLOSED,STANDBY,0,,,queue-times.com
2026-08-21T07:01:03Z,2026-08-21,9,1,Disney Adventure World,Ratatouille : L’Aventure Totalement Toquée de Rémy​,37,OPERATING,STANDBY,15,,,queue-times.com
2026-08-21T07:01:03Z,2026-08-21,9,1,Disney Adventure World,Ratatouille: The Adventure Single Rider,7279,OPERATING,STANDBY,5,,,queue-times.com
2026-08-21T07:01:03Z,2026-08-21,9,1,Disney Adventure World,RC Racer,34,CLOSED,STANDBY,0,,,queue-times.com
2026-08-21T07:01:03Z,2026-08-21,9,1,Disney Adventure World,RC Racer Single Rider,7280,CLOSED,STANDBY,0,,,queue-times.com
2026-08-21T07:01:03Z,2026-08-21,9,1,Disney Adventure World,Slinky® Dog Zigzag Spin,36,OPERATING,STANDBY,5,,,queue-times.com
2026-08-21T07:01:03Z,2026-08-21,9,1,Disney Adventure World,Toy Soldiers Parachute Drop,35,CLOSED,STANDBY,0,,,queue-times.com
2026-08-21T07:01:03Z,2026-08-21,9,1,Disney Adventure World,Toy Soldiers Parachute Drop Single Rider,7281,CLOSED,STANDBY,0,,,queue-times.com
2026-08-21T07:01:03Z,2026-08-21,9,1,Disney Adventure World,Entry to World of Frozen,16247,OPERATING,STANDBY,0,,,queue-times.com
2026-08-21T07:01:03Z,2026-08-21,9,1,Disney Adventure World,Frozen Ever After,15413,OPERATING,STANDBY,80,,,queue-times.com
2026-08-21T07:01:03Z,2026-08-21,9,1,Disney Adventure World,Raiponce Tangled Spin,15415,OPERATING,STANDBY,5,,,queue-times.com
2026-08-21T07:02:27Z,2026-08-21,9,2,Disneyland Park,Adventure Isle,2702,CLOSED,STANDBY,0,,,queue-times.com
2026-08-21T07:02:27Z,2026-08-21,9,2,Disneyland Park,Indiana Jones and the Temple of Peril Single Rider,7306,CLOSED,STANDBY,0,,,queue-times.com
2026-08-21T07:02:27Z,2026-08-21,9,2,Disneyland Park,Indiana Jones™ and the Temple of Peril,2,CLOSED,STANDBY,0,,,queue-times.com
2026-08-21T07:02:27Z,2026-08-21,9,2,Disneyland Park,La Cabane des Robinson,1,CLOSED,STANDBY,0,,,queue-times.com
2026-08-21T07:02:27Z,2026-08-21,9,2,Disneyland Park,Le Passage Enchanté d'Aladdin,2703,CLOSED,STANDBY,0,,,queue-times.com
2026-08-21T07:02:27Z,2026-08-21,9,2,Disneyland Park,Pirate Galleon,2705,CLOSED,STANDBY,0,,,queue-times.com
2026-08-21T07:02:27Z,2026-08-21,9,2,Disneyland Park,Pirates of the Caribbean,3,CLOSED,STANDBY,0,,,queue-times.com
2026-08-21T07:02:27Z,2026-08-21,9,2,Disneyland Park,Pirates' Beach,2704,CLOSED,STANDBY,0,,,queue-times.com
2026-08-21T07:02:27Z,2026-08-21,9,2,Disneyland Park,"Autopia, presented by Avis",4,CLOSED,STANDBY,0,,,queue-times.com
2026-08-21T07:02:27Z,2026-08-21,9,2,Disneyland Park,Buzz Lightyear Laser Blast,5,OPERATING,STANDBY,5,,,queue-times.com
2026-08-21T07:02:27Z,2026-08-21,9,2,Disneyland Park,Disneyland Railroad Discoveryland Station,2706,CLOSED,STANDBY,0,,,queue-times.com
2026-08-21T07:02:27Z,2026-08-21,9,2,Disneyland Park,Les Mystères du Nautilus,6,CLOSED,STANDBY,0,,,queue-times.com
2026-08-21T07:02:27Z,2026-08-21,9,2,Disneyland Park,Mickey’s PhilharMagic,2707,CLOSED,STANDBY,0,,,queue-times.com
2026-08-21T07:02:27Z,2026-08-21,9,2,Disneyland Park,Orbitron®,7,CLOSED,STANDBY,0,,,queue-times.com
2026-08-21T07:02:27Z,2026-08-21,9,2,Disneyland Park,Star Tours: The Adventures Continue*,9,CLOSED,STANDBY,0,,,queue-times.com
2026-08-21T07:02:27Z,2026-08-21,9,2,Disneyland Park,Star Wars Hyperspace Mountain,8,OPERATING,STANDBY,5,,,queue-times.com
2026-08-21T07:02:27Z,2026-08-21,9,2,Disneyland Park,Star Wars Hyperspace Mountain Single Rider,7278,OPERATING,STANDBY,0,,,queue-times.com
2026-08-21T07:02:27Z,2026-08-21,9,2,Disneyland Park,Welcome to Starport: A Star Wars Encounter,4573,CLOSED,STANDBY,0,,,queue-times.com
2026-08-21T07:02:27Z,2026-08-21,9,2,Disneyland Park,"""it's a small world""",19,CLOSED,STANDBY,0,,,queue-times.com
2026-08-21T07:02:27Z,2026-08-21,9,2,Disneyland Park,Alice's Curious Labyrinth,14,CLOSED,STANDBY,0,,,queue-times.com
2026-08-21T07:02:27Z,2026-08-21,9,2,Disneyland Park,Blanche-Neige et les Sept Nains®,15,CLOSED,STANDBY,0,,,queue-times.com
2026-08-21T07:02:27Z,2026-08-21,9,2,Disneyland Park,Casey Jr. – le Petit Train du Cirque,17,CLOSED,STANDBY,0,,,queue-times.com
2026-08-21T07:02:27Z,2026-08-21,9,2,Disneyland Park,Disneyland Railroad Fantasyland Station,2711,CLOSED,STANDBY,0,,,queue-times.com
2026-08-21T07:02:27Z,2026-08-21,9,2,Disneyland Park,Disneyland Railroad Main Street Station,11,CLOSED,STANDBY,0,,,queue-times.com
2026-08-21T07:02:27Z,2026-08-21,9,2,Disneyland Park,Dumbo the Flying Elephant,18,CLOSED,STANDBY,0,,,queue-times.com
2026-08-21T07:02:27Z,2026-08-21,9,2,Disneyland Park,La Tanière du Dragon,2710,OPERATING,STANDBY,0,,,queue-times.com
2026-08-21T07:02:27Z,2026-08-21,9,2,Disneyland Park,Le Carrousel de Lancelot,16,CLOSED,STANDBY,0,,,queue-times.com
2026-08-21T07:02:27Z,2026-08-21,9,2,Disneyland Park,"Le Pays des Contes de Fées, presented by Vittel",21,CLOSED,STANDBY,0,,,queue-times.com
2026-08-21T07:02:27Z,2026-08-21,9,2,Disneyland Park,Les Voyages de Pinocchio,23,CLOSED,STANDBY,0,,,queue-times.com
2026-08-21T07:02:27Z,2026-08-21,9,2,Disneyland Park,Mad Hatter's Tea Cups,20,CLOSED,STANDBY,0,,,queue-times.com
2026-08-21T07:02:27Z,2026-08-21,9,2,Disneyland Park,Meet Mickey Mouse,13,CLOSED,STANDBY,0,,,queue-times.com
2026-08-21T07:02:27Z,2026-08-21,9,2,Disneyland Park,Peter Pan's Flight,22,OPERATING,STANDBY,50,,,queue-times.com
2026-08-21T07:02:27Z,2026-08-21,9,2,Disneyland Park,Princess Pavilion,24,CLOSED,STANDBY,0,,,queue-times.com
2026-08-21T07:02:27Z,2026-08-21,9,2,Disneyland Park,Big Thunder Mountain,25,OPERATING,STANDBY,70,,,queue-times.com
2026-08-21T07:02:27Z,2026-08-21,9,2,Disneyland Park,Disneyland Railroad Frontierland Depot,2714,CLOSED,STANDBY,0,,,queue-times.com
2026-08-21T07:02:27Z,2026-08-21,9,2,Disneyland Park,Frontierland Playground,2713,CLOSED,STANDBY,0,,,queue-times.com
2026-08-21T07:02:27Z,2026-08-21,9,2,Disneyland Park,Phantom Manor,26,CLOSED,STANDBY,0,,,queue-times.com
2026-08-21T07:02:27Z,2026-08-21,9,2,Disneyland Park,River Rogue Keelboats,27,CLOSED,STANDBY,0,,,queue-times.com
2026-08-21T07:02:27Z,2026-08-21,9,2,Disneyland Park,Rustler Roundup Shootin' Gallery,2712,OPERATING,STANDBY,0,,,queue-times.com
2026-08-21T07:02:27Z,2026-08-21,9,2,Disneyland Park,Thunder Mesa Riverboat Landing,28,CLOSED,STANDBY,0,,,queue-times.com
2026-08-21T07:02:27Z,2026-08-21,9,2,Disneyland Park,Disneyland Railroad Main Street Station,2708,CLOSED,STANDBY,0,,,queue-times.com
2026-08-21T07:02:27Z,2026-08-21,9,2,Disneyland Park,Main Street Vehicles,12,OPERATING,STANDBY,5,,,queue-times.com
2026-08-21T07:02:27Z,2026-08-21,9,2,Disney Adventure World,Avengers Assemble: Flight Force,10848,OPERATING,STANDBY,5,,,queue-times.com
2026-08-21T07:02:27Z,2026-08-21,9,2,Disney Adventure World,Avengers Assemble: Flight Force Single Rider,10849,OPERATING,STANDBY,0,,,queue-times.com
2026-08-21T07:02:27Z,2026-08-21,9,2,Disney Adventure World,Spider-Man W.E.B. Adventure,10845,OPERATING,STANDBY,20,,,queue-times.com
2026-08-21T07:02:27Z,2026-08-21,9,2,Disney Adventure World,Spider-Man W.E.B. Adventure Single Rider,10846,OPERATING,STANDBY,0,,,queue-times.com
2026-08-21T07:02:27Z,2026-08-21,9,2,Disney Adventure World,The Twilight Zone Tower of Terror,40,OPERATING,STANDBY,5,,,queue-times.com
2026-08-21T07:02:27Z,2026-08-21,9,2,Disney Adventure World,Cars Quatre Roues Rallye,31,CLOSED,STANDBY,0,,,queue-times.com
2026-08-21T07:02:27Z,2026-08-21,9,2,Disney Adventure World,Cars ROAD TRIP,29,CLOSED,STANDBY,0,,,queue-times.com
2026-08-21T07:02:27Z,2026-08-21,9,2,Disney Adventure World,Crush's Coaster,32,OPERATING,STANDBY,100,,,queue-times.com
2026-08-21T07:02:27Z,2026-08-21,9,2,Disney Adventure World,Crush's Coaster Single Rider,7277,OPERATING,STANDBY,50,,,queue-times.com
2026-08-21T07:02:27Z,2026-08-21,9,2,Disney Adventure World,Les Tapis Volants - Flying Carpets Over Agrabah®,33,CLOSED,STANDBY,0,,,queue-times.com
2026-08-21T07:02:27Z,2026-08-21,9,2,Disney Adventure World,Ratatouille : L’Aventure Totalement Toquée de Rémy​,37,OPERATING,STANDBY,15,,,queue-times.com
2026-08-21T07:02:27Z,2026-08-21,9,2,Disney Adventure World,Ratatouille: The Adventure Single Rider,7279,OPERATING,STANDBY,5,,,queue-times.com
2026-08-21T07:02:27Z,2026-08-21,9,2,Disney Adventure World,RC Racer,34,CLOSED,STANDBY,0,,,queue-times.com
2026-08-21T07:02:27Z,2026-08-21,9,2,Disney Adventure World,RC Racer Single Rider,7280,CLOSED,STANDBY,0,,,queue-times.com
2026-08-21T07:02:27Z,2026-08-21,9,2,Disney Adventure World,Slinky® Dog Zigzag Spin,36,OPERATING,STANDBY,5,,,queue-times.com
2026-08-21T07:02:27Z,2026-08-21,9,2,Disney Adventure World,Toy Soldiers Parachute Drop,35,CLOSED,STANDBY,0,,,queue-times.com
2026-08-21T07:02:27Z,2026-08-21,9,2,Disney Adventure World,Toy Soldiers Parachute Drop Single Rider,7281,CLOSED,STANDBY,0,,,queue-times.com
2026-08-21T07:02:27Z,2026-08-21,9,2,Disney Adventure World,Entry to World of Frozen,16247,OPERATING,STANDBY,0,,,queue-times.com
2026-08-21T07:02:27Z,2026-08-21,9,2,Disney Adventure World,Frozen Ever After,15413,OPERATING,STANDBY,80,,,queue-times.com
2026-08-21T07:02:27Z,2026-08-21,9,2,Disney Adventure World,Raiponce Tangled Spin,15415,OPERATING,STANDBY,5,,,queue-times.com
2026-08-21T07:15:36Z,2026-08-21,9,15,Disneyland Park,Adventure Isle,2702,OPERATING,STANDBY,0,,,queue-times.com
2026-08-21T07:15:36Z,2026-08-21,9,15,Disneyland Park,Indiana Jones and the Temple of Peril Single Rider,7306,CLOSED,STANDBY,0,,,queue-times.com
2026-08-21T07:15:36Z,2026-08-21,9,15,Disneyland Park,Indiana Jones™ and the Temple of Peril,2,CLOSED,STANDBY,0,,,queue-times.com
2026-08-21T07:15:36Z,2026-08-21,9,15,Disneyland Park,La Cabane des Robinson,1,CLOSED,STANDBY,0,,,queue-times.com
2026-08-21T07:15:36Z,2026-08-21,9,15,Disneyland Park,Le Passage Enchanté d'Aladdin,2703,OPERATING,STANDBY,0,,,queue-times.com
2026-08-21T07:15:36Z,2026-08-21,9,15,Disneyland Park,Pirate Galleon,2705,CLOSED,STANDBY,0,,,queue-times.com
2026-08-21T07:15:36Z,2026-08-21,9,15,Disneyland Park,Pirates of the Caribbean,3,CLOSED,STANDBY,0,,,queue-times.com
2026-08-21T07:15:36Z,2026-08-21,9,15,Disneyland Park,Pirates' Beach,2704,CLOSED,STANDBY,0,,,queue-times.com
2026-08-21T07:15:36Z,2026-08-21,9,15,Disneyland Park,"Autopia, presented by Avis",4,CLOSED,STANDBY,0,,,queue-times.com
2026-08-21T07:15:36Z,2026-08-21,9,15,Disneyland Park,Buzz Lightyear Laser Blast,5,OPERATING,STANDBY,20,,,queue-times.com
2026-08-21T07:15:36Z,2026-08-21,9,15,Disneyland Park,Disneyland Railroad Discoveryland Station,2706,CLOSED,STANDBY,0,,,queue-times.com
2026-08-21T07:15:36Z,2026-08-21,9,15,Disneyland Park,Les Mystères du Nautilus,6,CLOSED,STANDBY,0,,,queue-times.com
2026-08-21T07:15:36Z,2026-08-21,9,15,Disneyland Park,Mickey’s PhilharMagic,2707,CLOSED,STANDBY,0,,,queue-times.com
2026-08-21T07:15:36Z,2026-08-21,9,15,Disneyland Park,Orbitron®,7,CLOSED,STANDBY,0,,,queue-times.com
2026-08-21T07:15:36Z,2026-08-21,9,15,Disneyland Park,Star Tours: The Adventures Continue*,9,CLOSED,STANDBY,0,,,queue-times.com
2026-08-21T07:15:36Z,2026-08-21,9,15,Disneyland Park,Star Wars Hyperspace Mountain,8,OPERATING,STANDBY,5,,,queue-times.com
2026-08-21T07:15:36Z,2026-08-21,9,15,Disneyland Park,Star Wars Hyperspace Mountain Single Rider,7278,OPERATING,STANDBY,0,,,queue-times.com
2026-08-21T07:15:36Z,2026-08-21,9,15,Disneyland Park,Welcome to Starport: A Star Wars Encounter,4573,CLOSED,STANDBY,0,,,queue-times.com
2026-08-21T07:15:36Z,2026-08-21,9,15,Disneyland Park,"""it's a small world""",19,CLOSED,STANDBY,0,,,queue-times.com
2026-08-21T07:15:36Z,2026-08-21,9,15,Disneyland Park,Alice's Curious Labyrinth,14,CLOSED,STANDBY,0,,,queue-times.com
2026-08-21T07:15:36Z,2026-08-21,9,15,Disneyland Park,Blanche-Neige et les Sept Nains®,15,CLOSED,STANDBY,0,,,queue-times.com
2026-08-21T07:15:36Z,2026-08-21,9,15,Disneyland Park,Casey Jr. – le Petit Train du Cirque,17,CLOSED,STANDBY,0,,,queue-times.com
2026-08-21T07:15:36Z,2026-08-21,9,15,Disneyland Park,Disneyland Railroad Fantasyland Station,2711,CLOSED,STANDBY,0,,,queue-times.com
2026-08-21T07:15:36Z,2026-08-21,9,15,Disneyland Park,Disneyland Railroad Main Street Station,11,CLOSED,STANDBY,0,,,queue-times.com
2026-08-21T07:15:36Z,2026-08-21,9,15,Disneyland Park,Dumbo the Flying Elephant,18,CLOSED,STANDBY,0,,,queue-times.com
2026-08-21T07:15:36Z,2026-08-21,9,15,Disneyland Park,La Tanière du Dragon,2710,OPERATING,STANDBY,0,,,queue-times.com
2026-08-21T07:15:36Z,2026-08-21,9,15,Disneyland Park,Le Carrousel de Lancelot,16,CLOSED,STANDBY,0,,,queue-times.com
2026-08-21T07:15:36Z,2026-08-21,9,15,Disneyland Park,"Le Pays des Contes de Fées, presented by Vittel",21,CLOSED,STANDBY,0,,,queue-times.com
2026-08-21T07:15:36Z,2026-08-21,9,15,Disneyland Park,Les Voyages de Pinocchio,23,CLOSED,STANDBY,0,,,queue-times.com
2026-08-21T07:15:36Z,2026-08-21,9,15,Disneyland Park,Mad Hatter's Tea Cups,20,CLOSED,STANDBY,0,,,queue-times.com
2026-08-21T07:15:36Z,2026-08-21,9,15,Disneyland Park,Meet Mickey Mouse,13,CLOSED,STANDBY,0,,,queue-times.com
2026-08-21T07:15:36Z,2026-08-21,9,15,Disneyland Park,Peter Pan's Flight,22,OPERATING,STANDBY,50,,,queue-times.com
2026-08-21T07:15:36Z,2026-08-21,9,15,Disneyland Park,Princess Pavilion,24,CLOSED,STANDBY,0,,,queue-times.com
2026-08-21T07:15:36Z,2026-08-21,9,15,Disneyland Park,Big Thunder Mountain,25,OPERATING,STANDBY,70,,,queue-times.com
2026-08-21T07:15:36Z,2026-08-21,9,15,Disneyland Park,Disneyland Railroad Frontierland Depot,2714,CLOSED,STANDBY,0,,,queue-times.com
2026-08-21T07:15:36Z,2026-08-21,9,15,Disneyland Park,Frontierland Playground,2713,CLOSED,STANDBY,0,,,queue-times.com
2026-08-21T07:15:36Z,2026-08-21,9,15,Disneyland Park,Phantom Manor,26,CLOSED,STANDBY,0,,,queue-times.com
2026-08-21T07:15:36Z,2026-08-21,9,15,Disneyland Park,River Rogue Keelboats,27,CLOSED,STANDBY,0,,,queue-times.com
2026-08-21T07:15:36Z,2026-08-21,9,15,Disneyland Park,Rustler Roundup Shootin' Gallery,2712,OPERATING,STANDBY,0,,,queue-times.com
2026-08-21T07:15:36Z,2026-08-21,9,15,Disneyland Park,Thunder Mesa Riverboat Landing,28,CLOSED,STANDBY,0,,,queue-times.com
2026-08-21T07:15:36Z,2026-08-21,9,15,Disneyland Park,Disneyland Railroad Main Street Station,2708,CLOSED,STANDBY,0,,,queue-times.com
2026-08-21T07:15:36Z,2026-08-21,9,15,Disneyland Park,Main Street Vehicles,12,OPERATING,STANDBY,5,,,queue-times.com
2026-08-21T07:15:36Z,2026-08-21,9,15,Disney Adventure World,Avengers Assemble: Flight Force,10848,OPERATING,STANDBY,5,,,queue-times.com
2026-08-21T07:15:36Z,2026-08-21,9,15,Disney Adventure World,Avengers Assemble: Flight Force Single Rider,10849,OPERATING,STANDBY,0,,,queue-times.com
2026-08-21T07:15:36Z,2026-08-21,9,15,Disney Adventure World,Spider-Man W.E.B. Adventure,10845,OPERATING,STANDBY,45,,,queue-times.com
2026-08-21T07:15:36Z,2026-08-21,9,15,Disney Adventure World,Spider-Man W.E.B. Adventure Single Rider,10846,OPERATING,STANDBY,5,,,queue-times.com
2026-08-21T07:15:36Z,2026-08-21,9,15,Disney Adventure World,The Twilight Zone Tower of Terror,40,OPERATING,STANDBY,5,,,queue-times.com
2026-08-21T07:15:36Z,2026-08-21,9,15,Disney Adventure World,Cars Quatre Roues Rallye,31,CLOSED,STANDBY,0,,,queue-times.com
2026-08-21T07:15:36Z,2026-08-21,9,15,Disney Adventure World,Cars ROAD TRIP,29,CLOSED,STANDBY,0,,,queue-times.com
2026-08-21T07:15:36Z,2026-08-21,9,15,Disney Adventure World,Crush's Coaster,32,OPERATING,STANDBY,100,,,queue-times.com
2026-08-21T07:15:36Z,2026-08-21,9,15,Disney Adventure World,Crush's Coaster Single Rider,7277,OPERATING,STANDBY,40,,,queue-times.com
2026-08-21T07:15:36Z,2026-08-21,9,15,Disney Adventure World,Les Tapis Volants - Flying Carpets Over Agrabah®,33,CLOSED,STANDBY,0,,,queue-times.com
2026-08-21T07:15:36Z,2026-08-21,9,15,Disney Adventure World,Ratatouille : L’Aventure Totalement Toquée de Rémy​,37,OPERATING,STANDBY,20,,,queue-times.com
2026-08-21T07:15:36Z,2026-08-21,9,15,Disney Adventure World,Ratatouille: The Adventure Single Rider,7279,OPERATING,STANDBY,5,,,queue-times.com
2026-08-21T07:15:36Z,2026-08-21,9,15,Disney Adventure World,RC Racer,34,CLOSED,STANDBY,0,,,queue-times.com
2026-08-21T07:15:36Z,2026-08-21,9,15,Disney Adventure World,RC Racer Single Rider,7280,CLOSED,STANDBY,0,,,queue-times.com
2026-08-21T07:15:36Z,2026-08-21,9,15,Disney Adventure World,Slinky® Dog Zigzag Spin,36,OPERATING,STANDBY,5,,,queue-times.com
2026-08-21T07:15:36Z,2026-08-21,9,15,Disney Adventure World,Toy Soldiers Parachute Drop,35,CLOSED,STANDBY,0,,,queue-times.com
2026-08-21T07:15:36Z,2026-08-21,9,15,Disney Adventure World,Toy Soldiers Parachute Drop Single Rider,7281,CLOSED,STANDBY,0,,,queue-times.com
2026-08-21T07:15:36Z,2026-08-21,9,15,Disney Adventure World,Entry to World of Frozen,16247,OPERATING,STANDBY,0,,,queue-times.com
2026-08-21T07:15:36Z,2026-08-21,9,15,Disney Adventure World,Frozen Ever After,15413,OPERATING,STANDBY,80,,,queue-times.com
2026-08-21T07:15:36Z,2026-08-21,9,15,Disney Adventure World,Raiponce Tangled Spin,15415,OPERATING,STANDBY,5,,,queue-times.com
2026-08-21T07:30:51Z,2026-08-21,9,30,Disneyland Park,Adventure Isle,2702,OPERATING,STANDBY,0,,,queue-times.com
2026-08-21T07:30:51Z,2026-08-21,9,30,Disneyland Park,Indiana Jones and the Temple of Peril Single Rider,7306,CLOSED,STANDBY,0,,,queue-times.com
2026-08-21T07:30:51Z,2026-08-21,9,30,Disneyland Park,Indiana Jones™ and the Temple of Peril,2,CLOSED,STANDBY,0,,,queue-times.com
2026-08-21T07:30:51Z,2026-08-21,9,30,Disneyland Park,La Cabane des Robinson,1,CLOSED,STANDBY,0,,,queue-times.com
2026-08-21T07:30:51Z,2026-08-21,9,30,Disneyland Park,Le Passage Enchanté d'Aladdin,2703,OPERATING,STANDBY,0,,,queue-times.com
2026-08-21T07:30:51Z,2026-08-21,9,30,Disneyland Park,Pirate Galleon,2705,CLOSED,STANDBY,0,,,queue-times.com
2026-08-21T07:30:51Z,2026-08-21,9,30,Disneyland Park,Pirates of the Caribbean,3,OPERATING,STANDBY,5,,,queue-times.com
2026-08-21T07:30:51Z,2026-08-21,9,30,Disneyland Park,Pirates' Beach,2704,OPERATING,STANDBY,0,,,queue-times.com
2026-08-21T07:30:51Z,2026-08-21,9,30,Disneyland Park,"Autopia, presented by Avis",4,CLOSED,STANDBY,0,,,queue-times.com
2026-08-21T07:30:51Z,2026-08-21,9,30,Disneyland Park,Buzz Lightyear Laser Blast,5,OPERATING,STANDBY,20,,,queue-times.com
2026-08-21T07:30:51Z,2026-08-21,9,30,Disneyland Park,Disneyland Railroad Discoveryland Station,2706,CLOSED,STANDBY,0,,,queue-times.com
2026-08-21T07:30:51Z,2026-08-21,9,30,Disneyland Park,Les Mystères du Nautilus,6,OPERATING,STANDBY,5,,,queue-times.com
2026-08-21T07:30:51Z,2026-08-21,9,30,Disneyland Park,Mickey’s PhilharMagic,2707,CLOSED,STANDBY,0,,,queue-times.com
2026-08-21T07:30:51Z,2026-08-21,9,30,Disneyland Park,Orbitron®,7,CLOSED,STANDBY,0,,,queue-times.com
2026-08-21T07:30:51Z,2026-08-21,9,30,Disneyland Park,Star Tours: The Adventures Continue*,9,CLOSED,STANDBY,0,,,queue-times.com
2026-08-21T07:30:51Z,2026-08-21,9,30,Disneyland Park,Star Wars Hyperspace Mountain,8,OPERATING,STANDBY,15,,,queue-times.com
2026-08-21T07:30:51Z,2026-08-21,9,30,Disneyland Park,Star Wars Hyperspace Mountain Single Rider,7278,OPERATING,STANDBY,0,,,queue-times.com
2026-08-21T07:30:51Z,2026-08-21,9,30,Disneyland Park,Welcome to Starport: A Star Wars Encounter,4573,CLOSED,STANDBY,0,,,queue-times.com
2026-08-21T07:30:51Z,2026-08-21,9,30,Disneyland Park,"""it's a small world""",19,OPERATING,STANDBY,5,,,queue-times.com
2026-08-21T07:30:51Z,2026-08-21,9,30,Disneyland Park,Alice's Curious Labyrinth,14,OPERATING,STANDBY,0,,,queue-times.com
2026-08-21T07:30:51Z,2026-08-21,9,30,Disneyland Park,Blanche-Neige et les Sept Nains®,15,CLOSED,STANDBY,0,,,queue-times.com
2026-08-21T07:30:51Z,2026-08-21,9,30,Disneyland Park,Casey Jr. – le Petit Train du Cirque,17,OPERATING,STANDBY,5,,,queue-times.com
2026-08-21T07:30:51Z,2026-08-21,9,30,Disneyland Park,Disneyland Railroad Fantasyland Station,2711,CLOSED,STANDBY,0,,,queue-times.com
2026-08-21T07:30:51Z,2026-08-21,9,30,Disneyland Park,Disneyland Railroad Main Street Station,11,CLOSED,STANDBY,0,,,queue-times.com
2026-08-21T07:30:51Z,2026-08-21,9,30,Disneyland Park,Dumbo the Flying Elephant,18,CLOSED,STANDBY,0,,,queue-times.com
2026-08-21T07:30:51Z,2026-08-21,9,30,Disneyland Park,La Tanière du Dragon,2710,OPERATING,STANDBY,0,,,queue-times.com
2026-08-21T07:30:51Z,2026-08-21,9,30,Disneyland Park,Le Carrousel de Lancelot,16,CLOSED,STANDBY,0,,,queue-times.com
2026-08-21T07:30:51Z,2026-08-21,9,30,Disneyland Park,"Le Pays des Contes de Fées, presented by Vittel",21,OPERATING,STANDBY,5,,,queue-times.com
2026-08-21T07:30:51Z,2026-08-21,9,30,Disneyland Park,Les Voyages de Pinocchio,23,OPERATING,STANDBY,5,,,queue-times.com
2026-08-21T07:30:51Z,2026-08-21,9,30,Disneyland Park,Mad Hatter's Tea Cups,20,OPERATING,STANDBY,5,,,queue-times.com
2026-08-21T07:30:51Z,2026-08-21,9,30,Disneyland Park,Meet Mickey Mouse,13,CLOSED,STANDBY,0,,,queue-times.com
2026-08-21T07:30:51Z,2026-08-21,9,30,Disneyland Park,Peter Pan's Flight,22,OPERATING,STANDBY,60,,,queue-times.com
2026-08-21T07:30:51Z,2026-08-21,9,30,Disneyland Park,Princess Pavilion,24,CLOSED,STANDBY,0,,,queue-times.com
2026-08-21T07:30:51Z,2026-08-21,9,30,Disneyland Park,Big Thunder Mountain,25,OPERATING,STANDBY,35,,,queue-times.com
2026-08-21T07:30:51Z,2026-08-21,9,30,Disneyland Park,Disneyland Railroad Frontierland Depot,2714,CLOSED,STANDBY,0,,,queue-times.com
2026-08-21T07:30:51Z,2026-08-21,9,30,Disneyland Park,Frontierland Playground,2713,CLOSED,STANDBY,0,,,queue-times.com
2026-08-21T07:30:51Z,2026-08-21,9,30,Disneyland Park,Phantom Manor,26,OPERATING,STANDBY,5,,,queue-times.com
2026-08-21T07:30:51Z,2026-08-21,9,30,Disneyland Park,River Rogue Keelboats,27,CLOSED,STANDBY,0,,,queue-times.com
2026-08-21T07:30:51Z,2026-08-21,9,30,Disneyland Park,Rustler Roundup Shootin' Gallery,2712,OPERATING,STANDBY,0,,,queue-times.com
2026-08-21T07:30:51Z,2026-08-21,9,30,Disneyland Park,Thunder Mesa Riverboat Landing,28,CLOSED,STANDBY,0,,,queue-times.com
2026-08-21T07:30:51Z,2026-08-21,9,30,Disneyland Park,Disneyland Railroad Main Street Station,2708,CLOSED,STANDBY,0,,,queue-times.com
2026-08-21T07:30:51Z,2026-08-21,9,30,Disneyland Park,Main Street Vehicles,12,OPERATING,STANDBY,5,,,queue-times.com
2026-08-21T07:30:51Z,2026-08-21,9,30,Disney Adventure World,Avengers Assemble: Flight Force,10848,OPERATING,STANDBY,5,,,queue-times.com
2026-08-21T07:30:51Z,2026-08-21,9,30,Disney Adventure World,Avengers Assemble: Flight Force Single Rider,10849,OPERATING,STANDBY,5,,,queue-times.com
2026-08-21T07:30:51Z,2026-08-21,9,30,Disney Adventure World,Spider-Man W.E.B. Adventure,10845,OPERATING,STANDBY,50,,,queue-times.com
2026-08-21T07:30:51Z,2026-08-21,9,30,Disney Adventure World,Spider-Man W.E.B. Adventure Single Rider,10846,OPERATING,STANDBY,5,,,queue-times.com
2026-08-21T07:30:51Z,2026-08-21,9,30,Disney Adventure World,The Twilight Zone Tower of Terror,40,OPERATING,STANDBY,5,,,queue-times.com
2026-08-21T07:30:51Z,2026-08-21,9,30,Disney Adventure World,Cars Quatre Roues Rallye,31,CLOSED,STANDBY,0,,,queue-times.com
2026-08-21T07:30:51Z,2026-08-21,9,30,Disney Adventure World,Cars ROAD TRIP,29,CLOSED,STANDBY,0,,,queue-times.com
2026-08-21T07:30:51Z,2026-08-21,9,30,Disney Adventure World,Crush's Coaster,32,OPERATING,STANDBY,85,,,queue-times.com
2026-08-21T07:30:51Z,2026-08-21,9,30,Disney Adventure World,Crush's Coaster Single Rider,7277,OPERATING,STANDBY,50,,,queue-times.com
2026-08-21T07:30:51Z,2026-08-21,9,30,Disney Adventure World,Les Tapis Volants - Flying Carpets Over Agrabah®,33,CLOSED,STANDBY,0,,,queue-times.com
2026-08-21T07:30:51Z,2026-08-21,9,30,Disney Adventure World,Ratatouille : L’Aventure Totalement Toquée de Rémy​,37,OPERATING,STANDBY,35,,,queue-times.com
2026-08-21T07:30:51Z,2026-08-21,9,30,Disney Adventure World,Ratatouille: The Adventure Single Rider,7279,OPERATING,STANDBY,5,,,queue-times.com
2026-08-21T07:30:51Z,2026-08-21,9,30,Disney Adventure World,RC Racer,34,OPERATING,STANDBY,5,,,queue-times.com
2026-08-21T07:30:51Z,2026-08-21,9,30,Disney Adventure World,RC Racer Single Rider,7280,OPERATING,STANDBY,5,,,queue-times.com
2026-08-21T07:30:51Z,2026-08-21,9,30,Disney Adventure World,Slinky® Dog Zigzag Spin,36,OPERATING,STANDBY,5,,,queue-times.com
2026-08-21T07:30:51Z,2026-08-21,9,30,Disney Adventure World,Toy Soldiers Parachute Drop,35,OPERATING,STANDBY,30,,,queue-times.com
2026-08-21T07:30:51Z,2026-08-21,9,30,Disney Adventure World,Toy Soldiers Parachute Drop Single Rider,7281,OPERATING,STANDBY,5,,,queue-times.com
2026-08-21T07:30:51Z,2026-08-21,9,30,Disney Adventure World,Entry to World of Frozen,16247,OPERATING,STANDBY,0,,,queue-times.com
2026-08-21T07:30:51Z,2026-08-21,9,30,Disney Adventure World,Frozen Ever After,15413,OPERATING,STANDBY,80,,,queue-times.com
2026-08-21T07:30:51Z,2026-08-21,9,30,Disney Adventure World,Raiponce Tangled Spin,15415,OPERATING,STANDBY,5,,,queue-times.com
2026-08-21T07:45:38Z,2026-08-21,9,45,Disneyland Park,Adventure Isle,2702,OPERATING,STANDBY,0,,,queue-times.com
2026-08-21T07:45:38Z,2026-08-21,9,45,Disneyland Park,Indiana Jones and the Temple of Peril Single Rider,7306,OPERATING,STANDBY,5,,,queue-times.com
2026-08-21T07:45:38Z,2026-08-21,9,45,Disneyland Park,Indiana Jones™ and the Temple of Peril,2,OPERATING,STANDBY,5,,,queue-times.com
2026-08-21T07:45:38Z,2026-08-21,9,45,Disneyland Park,La Cabane des Robinson,1,OPERATING,STANDBY,5,,,queue-times.com
2026-08-21T07:45:38Z,2026-08-21,9,45,Disneyland Park,Le Passage Enchanté d'Aladdin,2703,OPERATING,STANDBY,0,,,queue-times.com
2026-08-21T07:45:38Z,2026-08-21,9,45,Disneyland Park,Pirate Galleon,2705,CLOSED,STANDBY,0,,,queue-times.com
2026-08-21T07:45:38Z,2026-08-21,9,45,Disneyland Park,Pirates of the Caribbean,3,OPERATING,STANDBY,15,,,queue-times.com
2026-08-21T07:45:38Z,2026-08-21,9,45,Disneyland Park,Pirates' Beach,2704,OPERATING,STANDBY,0,,,queue-times.com
2026-08-21T07:45:38Z,2026-08-21,9,45,Disneyland Park,"Autopia, presented by Avis",4,OPERATING,STANDBY,45,,,queue-times.com
2026-08-21T07:45:38Z,2026-08-21,9,45,Disneyland Park,Buzz Lightyear Laser Blast,5,OPERATING,STANDBY,40,,,queue-times.com
2026-08-21T07:45:38Z,2026-08-21,9,45,Disneyland Park,Disneyland Railroad Discoveryland Station,2706,CLOSED,STANDBY,0,,,queue-times.com
2026-08-21T07:45:38Z,2026-08-21,9,45,Disneyland Park,Les Mystères du Nautilus,6,OPERATING,STANDBY,5,,,queue-times.com
2026-08-21T07:45:38Z,2026-08-21,9,45,Disneyland Park,Mickey’s PhilharMagic,2707,CLOSED,STANDBY,0,,,queue-times.com
2026-08-21T07:45:38Z,2026-08-21,9,45,Disneyland Park,Orbitron®,7,OPERATING,STANDBY,25,,,queue-times.com
2026-08-21T07:45:38Z,2026-08-21,9,45,Disneyland Park,Star Tours: The Adventures Continue*,9,OPERATING,STANDBY,5,,,queue-times.com
2026-08-21T07:45:38Z,2026-08-21,9,45,Disneyland Park,Star Wars Hyperspace Mountain,8,OPERATING,STANDBY,20,,,queue-times.com
2026-08-21T07:45:38Z,2026-08-21,9,45,Disneyland Park,Star Wars Hyperspace Mountain Single Rider,7278,OPERATING,STANDBY,5,,,queue-times.com
2026-08-21T07:45:38Z,2026-08-21,9,45,Disneyland Park,Welcome to Starport: A Star Wars Encounter,4573,CLOSED,STANDBY,0,,,queue-times.com
2026-08-21T07:45:38Z,2026-08-21,9,45,Disneyland Park,"""it's a small world""",19,OPERATING,STANDBY,5,,,queue-times.com
2026-08-21T07:45:38Z,2026-08-21,9,45,Disneyland Park,Alice's Curious Labyrinth,14,OPERATING,STANDBY,5,,,queue-times.com
2026-08-21T07:45:38Z,2026-08-21,9,45,Disneyland Park,Blanche-Neige et les Sept Nains®,15,CLOSED,STANDBY,0,,,queue-times.com
2026-08-21T07:45:38Z,2026-08-21,9,45,Disneyland Park,Casey Jr. – le Petit Train du Cirque,17,OPERATING,STANDBY,5,,,queue-times.com
2026-08-21T07:45:38Z,2026-08-21,9,45,Disneyland Park,Disneyland Railroad Fantasyland Station,2711,CLOSED,STANDBY,0,,,queue-times.com
2026-08-21T07:45:38Z,2026-08-21,9,45,Disneyland Park,Disneyland Railroad Main Street Station,11,CLOSED,STANDBY,0,,,queue-times.com
2026-08-21T07:45:38Z,2026-08-21,9,45,Disneyland Park,Dumbo the Flying Elephant,18,CLOSED,STANDBY,0,,,queue-times.com
2026-08-21T07:45:38Z,2026-08-21,9,45,Disneyland Park,La Tanière du Dragon,2710,OPERATING,STANDBY,0,,,queue-times.com
2026-08-21T07:45:38Z,2026-08-21,9,45,Disneyland Park,Le Carrousel de Lancelot,16,OPERATING,STANDBY,0,,,queue-times.com
2026-08-21T07:45:38Z,2026-08-21,9,45,Disneyland Park,"Le Pays des Contes de Fées, presented by Vittel",21,OPERATING,STANDBY,5,,,queue-times.com
2026-08-21T07:45:38Z,2026-08-21,9,45,Disneyland Park,Les Voyages de Pinocchio,23,OPERATING,STANDBY,5,,,queue-times.com
2026-08-21T07:45:38Z,2026-08-21,9,45,Disneyland Park,Mad Hatter's Tea Cups,20,OPERATING,STANDBY,5,,,queue-times.com
2026-08-21T07:45:38Z,2026-08-21,9,45,Disneyland Park,Meet Mickey Mouse,13,CLOSED,STANDBY,0,,,queue-times.com
2026-08-21T07:45:38Z,2026-08-21,9,45,Disneyland Park,Peter Pan's Flight,22,OPERATING,STANDBY,65,,,queue-times.com
2026-08-21T07:45:38Z,2026-08-21,9,45,Disneyland Park,Princess Pavilion,24,CLOSED,STANDBY,0,,,queue-times.com
2026-08-21T07:45:38Z,2026-08-21,9,45,Disneyland Park,Big Thunder Mountain,25,OPERATING,STANDBY,45,,,queue-times.com
2026-08-21T07:45:38Z,2026-08-21,9,45,Disneyland Park,Disneyland Railroad Frontierland Depot,2714,CLOSED,STANDBY,0,,,queue-times.com
2026-08-21T07:45:38Z,2026-08-21,9,45,Disneyland Park,Frontierland Playground,2713,OPERATING,STANDBY,0,,,queue-times.com
2026-08-21T07:45:38Z,2026-08-21,9,45,Disneyland Park,Phantom Manor,26,OPERATING,STANDBY,5,,,queue-times.com
2026-08-21T07:45:38Z,2026-08-21,9,45,Disneyland Park,River Rogue Keelboats,27,CLOSED,STANDBY,0,,,queue-times.com
2026-08-21T07:45:38Z,2026-08-21,9,45,Disneyland Park,Rustler Roundup Shootin' Gallery,2712,OPERATING,STANDBY,0,,,queue-times.com
2026-08-21T07:45:38Z,2026-08-21,9,45,Disneyland Park,Thunder Mesa Riverboat Landing,28,CLOSED,STANDBY,0,,,queue-times.com
2026-08-21T07:45:38Z,2026-08-21,9,45,Disneyland Park,Disneyland Railroad Main Street Station,2708,CLOSED,STANDBY,0,,,queue-times.com
2026-08-21T07:45:38Z,2026-08-21,9,45,Disneyland Park,Main Street Vehicles,12,OPERATING,STANDBY,5,,,queue-times.com
2026-08-21T07:45:38Z,2026-08-21,9,45,Disney Adventure World,Avengers Assemble: Flight Force,10848,OPERATING,STANDBY,5,,,queue-times.com
2026-08-21T07:45:38Z,2026-08-21,9,45,Disney Adventure World,Avengers Assemble: Flight Force Single Rider,10849,OPERATING,STANDBY,5,,,queue-times.com
2026-08-21T07:45:38Z,2026-08-21,9,45,Disney Adventure World,Spider-Man W.E.B. Adventure,10845,OPERATING,STANDBY,50,,,queue-times.com
2026-08-21T07:45:38Z,2026-08-21,9,45,Disney Adventure World,Spider-Man W.E.B. Adventure Single Rider,10846,OPERATING,STANDBY,15,,,queue-times.com
2026-08-21T07:45:38Z,2026-08-21,9,45,Disney Adventure World,The Twilight Zone Tower of Terror,40,OPERATING,STANDBY,20,,,queue-times.com
2026-08-21T07:45:38Z,2026-08-21,9,45,Disney Adventure World,Cars Quatre Roues Rallye,31,OPERATING,STANDBY,5,,,queue-times.com
2026-08-21T07:45:38Z,2026-08-21,9,45,Disney Adventure World,Cars ROAD TRIP,29,OPERATING,STANDBY,5,,,queue-times.com
2026-08-21T07:45:38Z,2026-08-21,9,45,Disney Adventure World,Crush's Coaster,32,OPERATING,STANDBY,80,,,queue-times.com
2026-08-21T07:45:38Z,2026-08-21,9,45,Disney Adventure World,Crush's Coaster Single Rider,7277,OPERATING,STANDBY,60,,,queue-times.com
2026-08-21T07:45:38Z,2026-08-21,9,45,Disney Adventure World,Les Tapis Volants - Flying Carpets Over Agrabah®,33,OPERATING,STANDBY,10,,,queue-times.com
2026-08-21T07:45:38Z,2026-08-21,9,45,Disney Adventure World,Ratatouille : L’Aventure Totalement Toquée de Rémy​,37,OPERATING,STANDBY,65,,,queue-times.com
2026-08-21T07:45:38Z,2026-08-21,9,45,Disney Adventure World,Ratatouille: The Adventure Single Rider,7279,OPERATING,STANDBY,5,,,queue-times.com
2026-08-21T07:45:38Z,2026-08-21,9,45,Disney Adventure World,RC Racer,34,OPERATING,STANDBY,20,,,queue-times.com
2026-08-21T07:45:38Z,2026-08-21,9,45,Disney Adventure World,RC Racer Single Rider,7280,OPERATING,STANDBY,15,,,queue-times.com
2026-08-21T07:45:38Z,2026-08-21,9,45,Disney Adventure World,Slinky® Dog Zigzag Spin,36,OPERATING,STANDBY,5,,,queue-times.com
2026-08-21T07:45:38Z,2026-08-21,9,45,Disney Adventure World,Toy Soldiers Parachute Drop,35,OPERATING,STANDBY,45,,,queue-times.com
2026-08-21T07:45:38Z,2026-08-21,9,45,Disney Adventure World,Toy Soldiers Parachute Drop Single Rider,7281,OPERATING,STANDBY,5,,,queue-times.com
2026-08-21T07:45:38Z,2026-08-21,9,45,Disney Adventure World,Entry to World of Frozen,16247,OPERATING,STANDBY,0,,,queue-times.com
2026-08-21T07:45:38Z,2026-08-21,9,45,Disney Adventure World,Frozen Ever After,15413,OPERATING,STANDBY,80,,,queue-times.com
2026-08-21T07:45:38Z,2026-08-21,9,45,Disney Adventure World,Raiponce Tangled Spin,15415,OPERATING,STANDBY,5,,,queue-times.com
2026-08-21T07:52:17Z,2026-08-21,9,52,Disneyland Park,Adventure Isle,2702,OPERATING,STANDBY,0,,,queue-times.com
2026-08-21T07:52:17Z,2026-08-21,9,52,Disneyland Park,Indiana Jones and the Temple of Peril Single Rider,7306,OPERATING,STANDBY,5,,,queue-times.com
2026-08-21T07:52:17Z,2026-08-21,9,52,Disneyland Park,Indiana Jones™ and the Temple of Peril,2,OPERATING,STANDBY,5,,,queue-times.com
2026-08-21T07:52:17Z,2026-08-21,9,52,Disneyland Park,La Cabane des Robinson,1,OPERATING,STANDBY,5,,,queue-times.com
2026-08-21T07:52:17Z,2026-08-21,9,52,Disneyland Park,Le Passage Enchanté d'Aladdin,2703,OPERATING,STANDBY,0,,,queue-times.com
2026-08-21T07:52:17Z,2026-08-21,9,52,Disneyland Park,Pirate Galleon,2705,CLOSED,STANDBY,0,,,queue-times.com
2026-08-21T07:52:17Z,2026-08-21,9,52,Disneyland Park,Pirates of the Caribbean,3,OPERATING,STANDBY,15,,,queue-times.com
2026-08-21T07:52:17Z,2026-08-21,9,52,Disneyland Park,Pirates' Beach,2704,OPERATING,STANDBY,0,,,queue-times.com
2026-08-21T07:52:17Z,2026-08-21,9,52,Disneyland Park,"Autopia, presented by Avis",4,OPERATING,STANDBY,45,,,queue-times.com
2026-08-21T07:52:17Z,2026-08-21,9,52,Disneyland Park,Buzz Lightyear Laser Blast,5,OPERATING,STANDBY,40,,,queue-times.com
2026-08-21T07:52:17Z,2026-08-21,9,52,Disneyland Park,Disneyland Railroad Discoveryland Station,2706,CLOSED,STANDBY,0,,,queue-times.com
2026-08-21T07:52:17Z,2026-08-21,9,52,Disneyland Park,Les Mystères du Nautilus,6,OPERATING,STANDBY,5,,,queue-times.com
2026-08-21T07:52:17Z,2026-08-21,9,52,Disneyland Park,Mickey’s PhilharMagic,2707,CLOSED,STANDBY,0,,,queue-times.com
2026-08-21T07:52:17Z,2026-08-21,9,52,Disneyland Park,Orbitron®,7,OPERATING,STANDBY,40,,,queue-times.com
2026-08-21T07:52:17Z,2026-08-21,9,52,Disneyland Park,Star Tours: The Adventures Continue*,9,OPERATING,STANDBY,5,,,queue-times.com
2026-08-21T07:52:17Z,2026-08-21,9,52,Disneyland Park,Star Wars Hyperspace Mountain,8,OPERATING,STANDBY,20,,,queue-times.com
2026-08-21T07:52:17Z,2026-08-21,9,52,Disneyland Park,Star Wars Hyperspace Mountain Single Rider,7278,OPERATING,STANDBY,5,,,queue-times.com
2026-08-21T07:52:17Z,2026-08-21,9,52,Disneyland Park,Welcome to Starport: A Star Wars Encounter,4573,CLOSED,STANDBY,0,,,queue-times.com
2026-08-21T07:52:17Z,2026-08-21,9,52,Disneyland Park,"""it's a small world""",19,OPERATING,STANDBY,5,,,queue-times.com
2026-08-21T07:52:17Z,2026-08-21,9,52,Disneyland Park,Alice's Curious Labyrinth,14,OPERATING,STANDBY,5,,,queue-times.com
2026-08-21T07:52:17Z,2026-08-21,9,52,Disneyland Park,Blanche-Neige et les Sept Nains®,15,CLOSED,STANDBY,0,,,queue-times.com
2026-08-21T07:52:17Z,2026-08-21,9,52,Disneyland Park,Casey Jr. – le Petit Train du Cirque,17,OPERATING,STANDBY,5,,,queue-times.com
2026-08-21T07:52:17Z,2026-08-21,9,52,Disneyland Park,Disneyland Railroad Fantasyland Station,2711,CLOSED,STANDBY,0,,,queue-times.com
2026-08-21T07:52:17Z,2026-08-21,9,52,Disneyland Park,Disneyland Railroad Main Street Station,11,CLOSED,STANDBY,0,,,queue-times.com
2026-08-21T07:52:17Z,2026-08-21,9,52,Disneyland Park,Dumbo the Flying Elephant,18,CLOSED,STANDBY,0,,,queue-times.com
2026-08-21T07:52:17Z,2026-08-21,9,52,Disneyland Park,La Tanière du Dragon,2710,OPERATING,STANDBY,0,,,queue-times.com
2026-08-21T07:52:17Z,2026-08-21,9,52,Disneyland Park,Le Carrousel de Lancelot,16,OPERATING,STANDBY,0,,,queue-times.com
2026-08-21T07:52:17Z,2026-08-21,9,52,Disneyland Park,"Le Pays des Contes de Fées, presented by Vittel",21,OPERATING,STANDBY,5,,,queue-times.com
2026-08-21T07:52:17Z,2026-08-21,9,52,Disneyland Park,Les Voyages de Pinocchio,23,OPERATING,STANDBY,5,,,queue-times.com
2026-08-21T07:52:17Z,2026-08-21,9,52,Disneyland Park,Mad Hatter's Tea Cups,20,OPERATING,STANDBY,5,,,queue-times.com
2026-08-21T07:52:17Z,2026-08-21,9,52,Disneyland Park,Meet Mickey Mouse,13,CLOSED,STANDBY,0,,,queue-times.com
2026-08-21T07:52:17Z,2026-08-21,9,52,Disneyland Park,Peter Pan's Flight,22,OPERATING,STANDBY,65,,,queue-times.com
2026-08-21T07:52:17Z,2026-08-21,9,52,Disneyland Park,Princess Pavilion,24,CLOSED,STANDBY,0,,,queue-times.com
2026-08-21T07:52:17Z,2026-08-21,9,52,Disneyland Park,Big Thunder Mountain,25,OPERATING,STANDBY,55,,,queue-times.com
2026-08-21T07:52:17Z,2026-08-21,9,52,Disneyland Park,Disneyland Railroad Frontierland Depot,2714,CLOSED,STANDBY,0,,,queue-times.com
2026-08-21T07:52:17Z,2026-08-21,9,52,Disneyland Park,Frontierland Playground,2713,OPERATING,STANDBY,0,,,queue-times.com
2026-08-21T07:52:17Z,2026-08-21,9,52,Disneyland Park,Phantom Manor,26,OPERATING,STANDBY,5,,,queue-times.com
2026-08-21T07:52:17Z,2026-08-21,9,52,Disneyland Park,River Rogue Keelboats,27,CLOSED,STANDBY,0,,,queue-times.com
2026-08-21T07:52:17Z,2026-08-21,9,52,Disneyland Park,Rustler Roundup Shootin' Gallery,2712,OPERATING,STANDBY,0,,,queue-times.com
2026-08-21T07:52:17Z,2026-08-21,9,52,Disneyland Park,Thunder Mesa Riverboat Landing,28,CLOSED,STANDBY,0,,,queue-times.com
2026-08-21T07:52:17Z,2026-08-21,9,52,Disneyland Park,Disneyland Railroad Main Street Station,2708,CLOSED,STANDBY,0,,,queue-times.com
2026-08-21T07:52:17Z,2026-08-21,9,52,Disneyland Park,Main Street Vehicles,12,OPERATING,STANDBY,5,,,queue-times.com
2026-08-21T07:52:17Z,2026-08-21,9,52,Disney Adventure World,Avengers Assemble: Flight Force,10848,OPERATING,STANDBY,20,,,queue-times.com
2026-08-21T07:52:17Z,2026-08-21,9,52,Disney Adventure World,Avengers Assemble: Flight Force Single Rider,10849,OPERATING,STANDBY,10,,,queue-times.com
2026-08-21T07:52:17Z,2026-08-21,9,52,Disney Adventure World,Spider-Man W.E.B. Adventure,10845,OPERATING,STANDBY,40,,,queue-times.com
2026-08-21T07:52:17Z,2026-08-21,9,52,Disney Adventure World,Spider-Man W.E.B. Adventure Single Rider,10846,OPERATING,STANDBY,15,,,queue-times.com
2026-08-21T07:52:17Z,2026-08-21,9,52,Disney Adventure World,The Twilight Zone Tower of Terror,40,OPERATING,STANDBY,30,,,queue-times.com
2026-08-21T07:52:17Z,2026-08-21,9,52,Disney Adventure World,Cars Quatre Roues Rallye,31,OPERATING,STANDBY,5,,,queue-times.com
2026-08-21T07:52:17Z,2026-08-21,9,52,Disney Adventure World,Cars ROAD TRIP,29,OPERATING,STANDBY,5,,,queue-times.com
2026-08-21T07:52:17Z,2026-08-21,9,52,Disney Adventure World,Crush's Coaster,32,OPERATING,STANDBY,80,,,queue-times.com
2026-08-21T07:52:17Z,2026-08-21,9,52,Disney Adventure World,Crush's Coaster Single Rider,7277,OPERATING,STANDBY,60,,,queue-times.com
2026-08-21T07:52:17Z,2026-08-21,9,52,Disney Adventure World,Les Tapis Volants - Flying Carpets Over Agrabah®,33,OPERATING,STANDBY,5,,,queue-times.com
2026-08-21T07:52:17Z,2026-08-21,9,52,Disney Adventure World,Ratatouille : L’Aventure Totalement Toquée de Rémy​,37,OPERATING,STANDBY,60,,,queue-times.com
2026-08-21T07:52:17Z,2026-08-21,9,52,Disney Adventure World,Ratatouille: The Adventure Single Rider,7279,OPERATING,STANDBY,10,,,queue-times.com
2026-08-21T07:52:17Z,2026-08-21,9,52,Disney Adventure World,RC Racer,34,OPERATING,STANDBY,25,,,queue-times.com
2026-08-21T07:52:17Z,2026-08-21,9,52,Disney Adventure World,RC Racer Single Rider,7280,OPERATING,STANDBY,20,,,queue-times.com
2026-08-21T07:52:17Z,2026-08-21,9,52,Disney Adventure World,Slinky® Dog Zigzag Spin,36,OPERATING,STANDBY,5,,,queue-times.com
2026-08-21T07:52:17Z,2026-08-21,9,52,Disney Adventure World,Toy Soldiers Parachute Drop,35,OPERATING,STANDBY,45,,,queue-times.com
2026-08-21T07:52:17Z,2026-08-21,9,52,Disney Adventure World,Toy Soldiers Parachute Drop Single Rider,7281,OPERATING,STANDBY,20,,,queue-times.com
2026-08-21T07:52:17Z,2026-08-21,9,52,Disney Adventure World,Entry to World of Frozen,16247,OPERATING,STANDBY,0,,,queue-times.com
2026-08-21T07:52:17Z,2026-08-21,9,52,Disney Adventure World,Frozen Ever After,15413,OPERATING,STANDBY,80,,,queue-times.com
2026-08-21T07:52:17Z,2026-08-21,9,52,Disney Adventure World,Raiponce Tangled Spin,15415,OPERATING,STANDBY,5,,,queue-times.com
2026-08-21T08:01:03Z,2026-08-21,10,1,Disneyland Park,Adventure Isle,2702,OPERATING,STANDBY,0,,,queue-times.com
2026-08-21T08:01:03Z,2026-08-21,10,1,Disneyland Park,Indiana Jones and the Temple of Peril Single Rider,7306,OPERATING,STANDBY,5,,,queue-times.com
2026-08-21T08:01:03Z,2026-08-21,10,1,Disneyland Park,Indiana Jones™ and the Temple of Peril,2,OPERATING,STANDBY,5,,,queue-times.com
2026-08-21T08:01:03Z,2026-08-21,10,1,Disneyland Park,La Cabane des Robinson,1,OPERATING,STANDBY,5,,,queue-times.com
2026-08-21T08:01:03Z,2026-08-21,10,1,Disneyland Park,Le Passage Enchanté d'Aladdin,2703,OPERATING,STANDBY,0,,,queue-times.com
2026-08-21T08:01:03Z,2026-08-21,10,1,Disneyland Park,Pirate Galleon,2705,CLOSED,STANDBY,0,,,queue-times.com
2026-08-21T08:01:03Z,2026-08-21,10,1,Disneyland Park,Pirates of the Caribbean,3,OPERATING,STANDBY,15,,,queue-times.com
2026-08-21T08:01:03Z,2026-08-21,10,1,Disneyland Park,Pirates' Beach,2704,OPERATING,STANDBY,0,,,queue-times.com
2026-08-21T08:01:03Z,2026-08-21,10,1,Disneyland Park,"Autopia, presented by Avis",4,OPERATING,STANDBY,15,,,queue-times.com
2026-08-21T08:01:03Z,2026-08-21,10,1,Disneyland Park,Buzz Lightyear Laser Blast,5,OPERATING,STANDBY,25,,,queue-times.com
2026-08-21T08:01:03Z,2026-08-21,10,1,Disneyland Park,Disneyland Railroad Discoveryland Station,2706,CLOSED,STANDBY,0,,,queue-times.com
2026-08-21T08:01:03Z,2026-08-21,10,1,Disneyland Park,Les Mystères du Nautilus,6,OPERATING,STANDBY,5,,,queue-times.com
2026-08-21T08:01:03Z,2026-08-21,10,1,Disneyland Park,Mickey’s PhilharMagic,2707,CLOSED,STANDBY,0,,,queue-times.com
2026-08-21T08:01:03Z,2026-08-21,10,1,Disneyland Park,Orbitron®,7,OPERATING,STANDBY,40,,,queue-times.com
2026-08-21T08:01:03Z,2026-08-21,10,1,Disneyland Park,Star Tours: The Adventures Continue*,9,OPERATING,STANDBY,5,,,queue-times.com
2026-08-21T08:01:03Z,2026-08-21,10,1,Disneyland Park,Star Wars Hyperspace Mountain,8,OPERATING,STANDBY,15,,,queue-times.com
2026-08-21T08:01:03Z,2026-08-21,10,1,Disneyland Park,Star Wars Hyperspace Mountain Single Rider,7278,OPERATING,STANDBY,5,,,queue-times.com
2026-08-21T08:01:03Z,2026-08-21,10,1,Disneyland Park,Welcome to Starport: A Star Wars Encounter,4573,CLOSED,STANDBY,0,,,queue-times.com
2026-08-21T08:01:03Z,2026-08-21,10,1,Disneyland Park,"""it's a small world""",19,OPERATING,STANDBY,5,,,queue-times.com
2026-08-21T08:01:03Z,2026-08-21,10,1,Disneyland Park,Alice's Curious Labyrinth,14,OPERATING,STANDBY,5,,,queue-times.com
2026-08-21T08:01:03Z,2026-08-21,10,1,Disneyland Park,Blanche-Neige et les Sept Nains®,15,CLOSED,STANDBY,0,,,queue-times.com
2026-08-21T08:01:03Z,2026-08-21,10,1,Disneyland Park,Casey Jr. – le Petit Train du Cirque,17,OPERATING,STANDBY,5,,,queue-times.com
2026-08-21T08:01:03Z,2026-08-21,10,1,Disneyland Park,Disneyland Railroad Fantasyland Station,2711,CLOSED,STANDBY,0,,,queue-times.com
2026-08-21T08:01:03Z,2026-08-21,10,1,Disneyland Park,Disneyland Railroad Main Street Station,11,CLOSED,STANDBY,0,,,queue-times.com
2026-08-21T08:01:03Z,2026-08-21,10,1,Disneyland Park,Dumbo the Flying Elephant,18,CLOSED,STANDBY,0,,,queue-times.com
2026-08-21T08:01:03Z,2026-08-21,10,1,Disneyland Park,La Tanière du Dragon,2710,OPERATING,STANDBY,0,,,queue-times.com
2026-08-21T08:01:03Z,2026-08-21,10,1,Disneyland Park,Le Carrousel de Lancelot,16,OPERATING,STANDBY,0,,,queue-times.com
2026-08-21T08:01:03Z,2026-08-21,10,1,Disneyland Park,"Le Pays des Contes de Fées, presented by Vittel",21,OPERATING,STANDBY,5,,,queue-times.com
2026-08-21T08:01:03Z,2026-08-21,10,1,Disneyland Park,Les Voyages de Pinocchio,23,OPERATING,STANDBY,5,,,queue-times.com
2026-08-21T08:01:03Z,2026-08-21,10,1,Disneyland Park,Mad Hatter's Tea Cups,20,OPERATING,STANDBY,5,,,queue-times.com
2026-08-21T08:01:03Z,2026-08-21,10,1,Disneyland Park,Meet Mickey Mouse,13,CLOSED,STANDBY,0,,,queue-times.com
2026-08-21T08:01:03Z,2026-08-21,10,1,Disneyland Park,Peter Pan's Flight,22,OPERATING,STANDBY,55,,,queue-times.com
2026-08-21T08:01:03Z,2026-08-21,10,1,Disneyland Park,Princess Pavilion,24,CLOSED,STANDBY,0,,,queue-times.com
2026-08-21T08:01:03Z,2026-08-21,10,1,Disneyland Park,Big Thunder Mountain,25,OPERATING,STANDBY,55,,,queue-times.com
2026-08-21T08:01:03Z,2026-08-21,10,1,Disneyland Park,Disneyland Railroad Frontierland Depot,2714,CLOSED,STANDBY,0,,,queue-times.com
2026-08-21T08:01:03Z,2026-08-21,10,1,Disneyland Park,Frontierland Playground,2713,OPERATING,STANDBY,0,,,queue-times.com
2026-08-21T08:01:03Z,2026-08-21,10,1,Disneyland Park,Phantom Manor,26,OPERATING,STANDBY,5,,,queue-times.com
2026-08-21T08:01:03Z,2026-08-21,10,1,Disneyland Park,River Rogue Keelboats,27,CLOSED,STANDBY,0,,,queue-times.com
2026-08-21T08:01:03Z,2026-08-21,10,1,Disneyland Park,Rustler Roundup Shootin' Gallery,2712,OPERATING,STANDBY,0,,,queue-times.com
2026-08-21T08:01:03Z,2026-08-21,10,1,Disneyland Park,Thunder Mesa Riverboat Landing,28,CLOSED,STANDBY,0,,,queue-times.com
2026-08-21T08:01:03Z,2026-08-21,10,1,Disneyland Park,Disneyland Railroad Main Street Station,2708,CLOSED,STANDBY,0,,,queue-times.com
2026-08-21T08:01:03Z,2026-08-21,10,1,Disneyland Park,Main Street Vehicles,12,OPERATING,STANDBY,5,,,queue-times.com
2026-08-21T08:01:03Z,2026-08-21,10,1,Disney Adventure World,Avengers Assemble: Flight Force,10848,OPERATING,STANDBY,20,,,queue-times.com
2026-08-21T08:01:03Z,2026-08-21,10,1,Disney Adventure World,Avengers Assemble: Flight Force Single Rider,10849,OPERATING,STANDBY,15,,,queue-times.com
2026-08-21T08:01:03Z,2026-08-21,10,1,Disney Adventure World,Spider-Man W.E.B. Adventure,10845,OPERATING,STANDBY,50,,,queue-times.com
2026-08-21T08:01:03Z,2026-08-21,10,1,Disney Adventure World,Spider-Man W.E.B. Adventure Single Rider,10846,OPERATING,STANDBY,15,,,queue-times.com
2026-08-21T08:01:03Z,2026-08-21,10,1,Disney Adventure World,The Twilight Zone Tower of Terror,40,OPERATING,STANDBY,75,,,queue-times.com
2026-08-21T08:01:03Z,2026-08-21,10,1,Disney Adventure World,Cars Quatre Roues Rallye,31,OPERATING,STANDBY,5,,,queue-times.com
2026-08-21T08:01:03Z,2026-08-21,10,1,Disney Adventure World,Cars ROAD TRIP,29,OPERATING,STANDBY,5,,,queue-times.com
2026-08-21T08:01:03Z,2026-08-21,10,1,Disney Adventure World,Crush's Coaster,32,OPERATING,STANDBY,85,,,queue-times.com
2026-08-21T08:01:03Z,2026-08-21,10,1,Disney Adventure World,Crush's Coaster Single Rider,7277,OPERATING,STANDBY,50,,,queue-times.com
2026-08-21T08:01:03Z,2026-08-21,10,1,Disney Adventure World,Les Tapis Volants - Flying Carpets Over Agrabah®,33,OPERATING,STANDBY,5,,,queue-times.com
2026-08-21T08:01:03Z,2026-08-21,10,1,Disney Adventure World,Ratatouille : L’Aventure Totalement Toquée de Rémy​,37,OPERATING,STANDBY,40,,,queue-times.com
2026-08-21T08:01:03Z,2026-08-21,10,1,Disney Adventure World,Ratatouille: The Adventure Single Rider,7279,OPERATING,STANDBY,5,,,queue-times.com
2026-08-21T08:01:03Z,2026-08-21,10,1,Disney Adventure World,RC Racer,34,OPERATING,STANDBY,35,,,queue-times.com
2026-08-21T08:01:03Z,2026-08-21,10,1,Disney Adventure World,RC Racer Single Rider,7280,OPERATING,STANDBY,30,,,queue-times.com
2026-08-21T08:01:03Z,2026-08-21,10,1,Disney Adventure World,Slinky® Dog Zigzag Spin,36,OPERATING,STANDBY,5,,,queue-times.com
2026-08-21T08:01:03Z,2026-08-21,10,1,Disney Adventure World,Toy Soldiers Parachute Drop,35,OPERATING,STANDBY,50,,,queue-times.com
2026-08-21T08:01:03Z,2026-08-21,10,1,Disney Adventure World,Toy Soldiers Parachute Drop Single Rider,7281,OPERATING,STANDBY,20,,,queue-times.com
2026-08-21T08:01:03Z,2026-08-21,10,1,Disney Adventure World,Entry to World of Frozen,16247,OPERATING,STANDBY,0,,,queue-times.com
2026-08-21T08:01:03Z,2026-08-21,10,1,Disney Adventure World,Frozen Ever After,15413,OPERATING,STANDBY,80,,,queue-times.com
2026-08-21T08:01:03Z,2026-08-21,10,1,Disney Adventure World,Raiponce Tangled Spin,15415,OPERATING,STANDBY,10,,,queue-times.com
2026-08-21T08:15:35Z,2026-08-21,10,15,Disneyland Park,Adventure Isle,2702,OPERATING,STANDBY,0,,,queue-times.com
2026-08-21T08:15:35Z,2026-08-21,10,15,Disneyland Park,Indiana Jones and the Temple of Peril Single Rider,7306,OPERATING,STANDBY,5,,,queue-times.com
2026-08-21T08:15:35Z,2026-08-21,10,15,Disneyland Park,Indiana Jones™ and the Temple of Peril,2,OPERATING,STANDBY,5,,,queue-times.com
2026-08-21T08:15:35Z,2026-08-21,10,15,Disneyland Park,La Cabane des Robinson,1,OPERATING,STANDBY,5,,,queue-times.com
2026-08-21T08:15:35Z,2026-08-21,10,15,Disneyland Park,Le Passage Enchanté d'Aladdin,2703,OPERATING,STANDBY,0,,,queue-times.com
2026-08-21T08:15:35Z,2026-08-21,10,15,Disneyland Park,Pirate Galleon,2705,CLOSED,STANDBY,0,,,queue-times.com
2026-08-21T08:15:35Z,2026-08-21,10,15,Disneyland Park,Pirates of the Caribbean,3,OPERATING,STANDBY,15,,,queue-times.com
2026-08-21T08:15:35Z,2026-08-21,10,15,Disneyland Park,Pirates' Beach,2704,OPERATING,STANDBY,0,,,queue-times.com
2026-08-21T08:15:35Z,2026-08-21,10,15,Disneyland Park,"Autopia, presented by Avis",4,OPERATING,STANDBY,20,,,queue-times.com
2026-08-21T08:15:35Z,2026-08-21,10,15,Disneyland Park,Buzz Lightyear Laser Blast,5,OPERATING,STANDBY,30,,,queue-times.com
2026-08-21T08:15:35Z,2026-08-21,10,15,Disneyland Park,Disneyland Railroad Discoveryland Station,2706,CLOSED,STANDBY,0,,,queue-times.com
2026-08-21T08:15:35Z,2026-08-21,10,15,Disneyland Park,Les Mystères du Nautilus,6,OPERATING,STANDBY,5,,,queue-times.com
2026-08-21T08:15:35Z,2026-08-21,10,15,Disneyland Park,Mickey’s PhilharMagic,2707,CLOSED,STANDBY,0,,,queue-times.com
2026-08-21T08:15:35Z,2026-08-21,10,15,Disneyland Park,Orbitron®,7,OPERATING,STANDBY,50,,,queue-times.com
2026-08-21T08:15:35Z,2026-08-21,10,15,Disneyland Park,Star Tours: The Adventures Continue*,9,OPERATING,STANDBY,5,,,queue-times.com
2026-08-21T08:15:35Z,2026-08-21,10,15,Disneyland Park,Star Wars Hyperspace Mountain,8,OPERATING,STANDBY,15,,,queue-times.com
2026-08-21T08:15:35Z,2026-08-21,10,15,Disneyland Park,Star Wars Hyperspace Mountain Single Rider,7278,OPERATING,STANDBY,10,,,queue-times.com
2026-08-21T08:15:35Z,2026-08-21,10,15,Disneyland Park,Welcome to Starport: A Star Wars Encounter,4573,OPERATING,STANDBY,20,,,queue-times.com
2026-08-21T08:15:35Z,2026-08-21,10,15,Disneyland Park,"""it's a small world""",19,OPERATING,STANDBY,5,,,queue-times.com
2026-08-21T08:15:35Z,2026-08-21,10,15,Disneyland Park,Alice's Curious Labyrinth,14,OPERATING,STANDBY,5,,,queue-times.com
2026-08-21T08:15:35Z,2026-08-21,10,15,Disneyland Park,Blanche-Neige et les Sept Nains®,15,OPERATING,STANDBY,5,,,queue-times.com
2026-08-21T08:15:35Z,2026-08-21,10,15,Disneyland Park,Casey Jr. – le Petit Train du Cirque,17,OPERATING,STANDBY,5,,,queue-times.com
2026-08-21T08:15:35Z,2026-08-21,10,15,Disneyland Park,Disneyland Railroad Fantasyland Station,2711,CLOSED,STANDBY,0,,,queue-times.com
2026-08-21T08:15:35Z,2026-08-21,10,15,Disneyland Park,Disneyland Railroad Main Street Station,11,CLOSED,STANDBY,0,,,queue-times.com
2026-08-21T08:15:35Z,2026-08-21,10,15,Disneyland Park,Dumbo the Flying Elephant,18,CLOSED,STANDBY,0,,,queue-times.com
2026-08-21T08:15:35Z,2026-08-21,10,15,Disneyland Park,La Tanière du Dragon,2710,OPERATING,STANDBY,0,,,queue-times.com
2026-08-21T08:15:35Z,2026-08-21,10,15,Disneyland Park,Le Carrousel de Lancelot,16,OPERATING,STANDBY,10,,,queue-times.com
2026-08-21T08:15:35Z,2026-08-21,10,15,Disneyland Park,"Le Pays des Contes de Fées, presented by Vittel",21,OPERATING,STANDBY,5,,,queue-times.com
2026-08-21T08:15:35Z,2026-08-21,10,15,Disneyland Park,Les Voyages de Pinocchio,23,OPERATING,STANDBY,10,,,queue-times.com
2026-08-21T08:15:35Z,2026-08-21,10,15,Disneyland Park,Mad Hatter's Tea Cups,20,OPERATING,STANDBY,5,,,queue-times.com
2026-08-21T08:15:35Z,2026-08-21,10,15,Disneyland Park,Meet Mickey Mouse,13,OPERATING,STANDBY,0,,,queue-times.com
2026-08-21T08:15:35Z,2026-08-21,10,15,Disneyland Park,Peter Pan's Flight,22,OPERATING,STANDBY,55,,,queue-times.com
2026-08-21T08:15:35Z,2026-08-21,10,15,Disneyland Park,Princess Pavilion,24,OPERATING,STANDBY,0,,,queue-times.com
2026-08-21T08:15:35Z,2026-08-21,10,15,Disneyland Park,Big Thunder Mountain,25,OPERATING,STANDBY,55,,,queue-times.com
2026-08-21T08:15:35Z,2026-08-21,10,15,Disneyland Park,Disneyland Railroad Frontierland Depot,2714,CLOSED,STANDBY,0,,,queue-times.com
2026-08-21T08:15:35Z,2026-08-21,10,15,Disneyland Park,Frontierland Playground,2713,OPERATING,STANDBY,0,,,queue-times.com
2026-08-21T08:15:35Z,2026-08-21,10,15,Disneyland Park,Phantom Manor,26,OPERATING,STANDBY,5,,,queue-times.com
2026-08-21T08:15:35Z,2026-08-21,10,15,Disneyland Park,River Rogue Keelboats,27,CLOSED,STANDBY,0,,,queue-times.com
2026-08-21T08:15:35Z,2026-08-21,10,15,Disneyland Park,Rustler Roundup Shootin' Gallery,2712,OPERATING,STANDBY,0,,,queue-times.com
2026-08-21T08:15:35Z,2026-08-21,10,15,Disneyland Park,Thunder Mesa Riverboat Landing,28,CLOSED,STANDBY,0,,,queue-times.com
2026-08-21T08:15:35Z,2026-08-21,10,15,Disneyland Park,Disneyland Railroad Main Street Station,2708,CLOSED,STANDBY,0,,,queue-times.com
2026-08-21T08:15:35Z,2026-08-21,10,15,Disneyland Park,Main Street Vehicles,12,OPERATING,STANDBY,5,,,queue-times.com
2026-08-21T08:15:35Z,2026-08-21,10,15,Disney Adventure World,Avengers Assemble: Flight Force,10848,OPERATING,STANDBY,15,,,queue-times.com
2026-08-21T08:15:35Z,2026-08-21,10,15,Disney Adventure World,Avengers Assemble: Flight Force Single Rider,10849,OPERATING,STANDBY,10,,,queue-times.com
2026-08-21T08:15:35Z,2026-08-21,10,15,Disney Adventure World,Spider-Man W.E.B. Adventure,10845,OPERATING,STANDBY,50,,,queue-times.com
2026-08-21T08:15:35Z,2026-08-21,10,15,Disney Adventure World,Spider-Man W.E.B. Adventure Single Rider,10846,OPERATING,STANDBY,15,,,queue-times.com
2026-08-21T08:15:35Z,2026-08-21,10,15,Disney Adventure World,The Twilight Zone Tower of Terror,40,OPERATING,STANDBY,85,,,queue-times.com
2026-08-21T08:15:35Z,2026-08-21,10,15,Disney Adventure World,Cars Quatre Roues Rallye,31,OPERATING,STANDBY,5,,,queue-times.com
2026-08-21T08:15:35Z,2026-08-21,10,15,Disney Adventure World,Cars ROAD TRIP,29,OPERATING,STANDBY,5,,,queue-times.com
2026-08-21T08:15:35Z,2026-08-21,10,15,Disney Adventure World,Crush's Coaster,32,OPERATING,STANDBY,95,,,queue-times.com
2026-08-21T08:15:35Z,2026-08-21,10,15,Disney Adventure World,Crush's Coaster Single Rider,7277,OPERATING,STANDBY,40,,,queue-times.com
2026-08-21T08:15:35Z,2026-08-21,10,15,Disney Adventure World,Les Tapis Volants - Flying Carpets Over Agrabah®,33,OPERATING,STANDBY,10,,,queue-times.com
2026-08-21T08:15:35Z,2026-08-21,10,15,Disney Adventure World,Ratatouille : L’Aventure Totalement Toquée de Rémy​,37,OPERATING,STANDBY,40,,,queue-times.com
2026-08-21T08:15:35Z,2026-08-21,10,15,Disney Adventure World,Ratatouille: The Adventure Single Rider,7279,OPERATING,STANDBY,5,,,queue-times.com
2026-08-21T08:15:35Z,2026-08-21,10,15,Disney Adventure World,RC Racer,34,OPERATING,STANDBY,40,,,queue-times.com
2026-08-21T08:15:35Z,2026-08-21,10,15,Disney Adventure World,RC Racer Single Rider,7280,OPERATING,STANDBY,30,,,queue-times.com
2026-08-21T08:15:35Z,2026-08-21,10,15,Disney Adventure World,Slinky® Dog Zigzag Spin,36,OPERATING,STANDBY,15,,,queue-times.com
2026-08-21T08:15:35Z,2026-08-21,10,15,Disney Adventure World,Toy Soldiers Parachute Drop,35,OPERATING,STANDBY,50,,,queue-times.com
2026-08-21T08:15:35Z,2026-08-21,10,15,Disney Adventure World,Toy Soldiers Parachute Drop Single Rider,7281,OPERATING,STANDBY,25,,,queue-times.com
2026-08-21T08:15:35Z,2026-08-21,10,15,Disney Adventure World,Entry to World of Frozen,16247,OPERATING,STANDBY,0,,,queue-times.com
2026-08-21T08:15:35Z,2026-08-21,10,15,Disney Adventure World,Frozen Ever After,15413,OPERATING,STANDBY,55,,,queue-times.com
2026-08-21T08:15:35Z,2026-08-21,10,15,Disney Adventure World,Raiponce Tangled Spin,15415,OPERATING,STANDBY,5,,,queue-times.com
2026-08-21T08:30:52Z,2026-08-21,10,30,Disneyland Park,Adventure Isle,2702,OPERATING,STANDBY,0,,,queue-times.com
2026-08-21T08:30:52Z,2026-08-21,10,30,Disneyland Park,Indiana Jones and the Temple of Peril Single Rider,7306,OPERATING,STANDBY,5,,,queue-times.com
2026-08-21T08:30:52Z,2026-08-21,10,30,Disneyland Park,Indiana Jones™ and the Temple of Peril,2,OPERATING,STANDBY,15,,,queue-times.com
2026-08-21T08:30:52Z,2026-08-21,10,30,Disneyland Park,La Cabane des Robinson,1,OPERATING,STANDBY,5,,,queue-times.com
2026-08-21T08:30:52Z,2026-08-21,10,30,Disneyland Park,Le Passage Enchanté d'Aladdin,2703,OPERATING,STANDBY,0,,,queue-times.com
2026-08-21T08:30:52Z,2026-08-21,10,30,Disneyland Park,Pirate Galleon,2705,CLOSED,STANDBY,0,,,queue-times.com
2026-08-21T08:30:52Z,2026-08-21,10,30,Disneyland Park,Pirates of the Caribbean,3,OPERATING,STANDBY,25,,,queue-times.com
2026-08-21T08:30:52Z,2026-08-21,10,30,Disneyland Park,Pirates' Beach,2704,OPERATING,STANDBY,0,,,queue-times.com
2026-08-21T08:30:52Z,2026-08-21,10,30,Disneyland Park,"Autopia, presented by Avis",4,OPERATING,STANDBY,25,,,queue-times.com
2026-08-21T08:30:52Z,2026-08-21,10,30,Disneyland Park,Buzz Lightyear Laser Blast,5,OPERATING,STANDBY,45,,,queue-times.com
2026-08-21T08:30:52Z,2026-08-21,10,30,Disneyland Park,Disneyland Railroad Discoveryland Station,2706,CLOSED,STANDBY,0,,,queue-times.com
2026-08-21T08:30:52Z,2026-08-21,10,30,Disneyland Park,Les Mystères du Nautilus,6,OPERATING,STANDBY,5,,,queue-times.com
2026-08-21T08:30:52Z,2026-08-21,10,30,Disneyland Park,Mickey’s PhilharMagic,2707,CLOSED,STANDBY,0,,,queue-times.com
2026-08-21T08:30:52Z,2026-08-21,10,30,Disneyland Park,Orbitron®,7,OPERATING,STANDBY,45,,,queue-times.com
2026-08-21T08:30:52Z,2026-08-21,10,30,Disneyland Park,Star Tours: The Adventures Continue*,9,OPERATING,STANDBY,5,,,queue-times.com
2026-08-21T08:30:52Z,2026-08-21,10,30,Disneyland Park,Star Wars Hyperspace Mountain,8,OPERATING,STANDBY,20,,,queue-times.com
2026-08-21T08:30:52Z,2026-08-21,10,30,Disneyland Park,Star Wars Hyperspace Mountain Single Rider,7278,OPERATING,STANDBY,10,,,queue-times.com
2026-08-21T08:30:52Z,2026-08-21,10,30,Disneyland Park,Welcome to Starport: A Star Wars Encounter,4573,OPERATING,STANDBY,20,,,queue-times.com
2026-08-21T08:30:52Z,2026-08-21,10,30,Disneyland Park,"""it's a small world""",19,OPERATING,STANDBY,5,,,queue-times.com
2026-08-21T08:30:52Z,2026-08-21,10,30,Disneyland Park,Alice's Curious Labyrinth,14,OPERATING,STANDBY,5,,,queue-times.com
2026-08-21T08:30:52Z,2026-08-21,10,30,Disneyland Park,Blanche-Neige et les Sept Nains®,15,OPERATING,STANDBY,5,,,queue-times.com
2026-08-21T08:30:52Z,2026-08-21,10,30,Disneyland Park,Casey Jr. – le Petit Train du Cirque,17,OPERATING,STANDBY,5,,,queue-times.com
2026-08-21T08:30:52Z,2026-08-21,10,30,Disneyland Park,Disneyland Railroad Fantasyland Station,2711,CLOSED,STANDBY,0,,,queue-times.com
2026-08-21T08:30:52Z,2026-08-21,10,30,Disneyland Park,Disneyland Railroad Main Street Station,11,CLOSED,STANDBY,0,,,queue-times.com
2026-08-21T08:30:52Z,2026-08-21,10,30,Disneyland Park,Dumbo the Flying Elephant,18,CLOSED,STANDBY,0,,,queue-times.com
2026-08-21T08:30:52Z,2026-08-21,10,30,Disneyland Park,La Tanière du Dragon,2710,OPERATING,STANDBY,0,,,queue-times.com
2026-08-21T08:30:52Z,2026-08-21,10,30,Disneyland Park,Le Carrousel de Lancelot,16,OPERATING,STANDBY,10,,,queue-times.com
2026-08-21T08:30:52Z,2026-08-21,10,30,Disneyland Park,"Le Pays des Contes de Fées, presented by Vittel",21,OPERATING,STANDBY,5,,,queue-times.com
2026-08-21T08:30:52Z,2026-08-21,10,30,Disneyland Park,Les Voyages de Pinocchio,23,OPERATING,STANDBY,15,,,queue-times.com
2026-08-21T08:30:52Z,2026-08-21,10,30,Disneyland Park,Mad Hatter's Tea Cups,20,OPERATING,STANDBY,5,,,queue-times.com
2026-08-21T08:30:52Z,2026-08-21,10,30,Disneyland Park,Meet Mickey Mouse,13,OPERATING,STANDBY,0,,,queue-times.com
2026-08-21T08:30:52Z,2026-08-21,10,30,Disneyland Park,Peter Pan's Flight,22,OPERATING,STANDBY,55,,,queue-times.com
2026-08-21T08:30:52Z,2026-08-21,10,30,Disneyland Park,Princess Pavilion,24,OPERATING,STANDBY,0,,,queue-times.com
2026-08-21T08:30:52Z,2026-08-21,10,30,Disneyland Park,Big Thunder Mountain,25,OPERATING,STANDBY,50,,,queue-times.com
2026-08-21T08:30:52Z,2026-08-21,10,30,Disneyland Park,Disneyland Railroad Frontierland Depot,2714,CLOSED,STANDBY,0,,,queue-times.com
2026-08-21T08:30:52Z,2026-08-21,10,30,Disneyland Park,Frontierland Playground,2713,OPERATING,STANDBY,0,,,queue-times.com
2026-08-21T08:30:52Z,2026-08-21,10,30,Disneyland Park,Phantom Manor,26,OPERATING,STANDBY,10,,,queue-times.com
2026-08-21T08:30:52Z,2026-08-21,10,30,Disneyland Park,River Rogue Keelboats,27,CLOSED,STANDBY,0,,,queue-times.com
2026-08-21T08:30:52Z,2026-08-21,10,30,Disneyland Park,Rustler Roundup Shootin' Gallery,2712,OPERATING,STANDBY,0,,,queue-times.com
2026-08-21T08:30:52Z,2026-08-21,10,30,Disneyland Park,Thunder Mesa Riverboat Landing,28,OPERATING,STANDBY,0,,,queue-times.com
2026-08-21T08:30:52Z,2026-08-21,10,30,Disneyland Park,Disneyland Railroad Main Street Station,2708,CLOSED,STANDBY,0,,,queue-times.com
2026-08-21T08:30:52Z,2026-08-21,10,30,Disneyland Park,Main Street Vehicles,12,OPERATING,STANDBY,5,,,queue-times.com
2026-08-21T08:30:52Z,2026-08-21,10,30,Disney Adventure World,Avengers Assemble: Flight Force,10848,OPERATING,STANDBY,20,,,queue-times.com
2026-08-21T08:30:52Z,2026-08-21,10,30,Disney Adventure World,Avengers Assemble: Flight Force Single Rider,10849,OPERATING,STANDBY,10,,,queue-times.com
2026-08-21T08:30:52Z,2026-08-21,10,30,Disney Adventure World,Spider-Man W.E.B. Adventure,10845,OPERATING,STANDBY,50,,,queue-times.com
2026-08-21T08:30:52Z,2026-08-21,10,30,Disney Adventure World,Spider-Man W.E.B. Adventure Single Rider,10846,OPERATING,STANDBY,25,,,queue-times.com
2026-08-21T08:30:52Z,2026-08-21,10,30,Disney Adventure World,The Twilight Zone Tower of Terror,40,OPERATING,STANDBY,60,,,queue-times.com
2026-08-21T08:30:52Z,2026-08-21,10,30,Disney Adventure World,Cars Quatre Roues Rallye,31,OPERATING,STANDBY,15,,,queue-times.com
2026-08-21T08:30:52Z,2026-08-21,10,30,Disney Adventure World,Cars ROAD TRIP,29,OPERATING,STANDBY,25,,,queue-times.com
2026-08-21T08:30:52Z,2026-08-21,10,30,Disney Adventure World,Crush's Coaster,32,OPERATING,STANDBY,90,,,queue-times.com
2026-08-21T08:30:52Z,2026-08-21,10,30,Disney Adventure World,Crush's Coaster Single Rider,7277,OPERATING,STANDBY,50,,,queue-times.com
2026-08-21T08:30:52Z,2026-08-21,10,30,Disney Adventure World,Les Tapis Volants - Flying Carpets Over Agrabah®,33,OPERATING,STANDBY,5,,,queue-times.com
2026-08-21T08:30:52Z,2026-08-21,10,30,Disney Adventure World,Ratatouille : L’Aventure Totalement Toquée de Rémy​,37,OPERATING,STANDBY,35,,,queue-times.com
2026-08-21T08:30:52Z,2026-08-21,10,30,Disney Adventure World,Ratatouille: The Adventure Single Rider,7279,OPERATING,STANDBY,5,,,queue-times.com
2026-08-21T08:30:52Z,2026-08-21,10,30,Disney Adventure World,RC Racer,34,OPERATING,STANDBY,40,,,queue-times.com
2026-08-21T08:30:52Z,2026-08-21,10,30,Disney Adventure World,RC Racer Single Rider,7280,OPERATING,STANDBY,30,,,queue-times.com
2026-08-21T08:30:52Z,2026-08-21,10,30,Disney Adventure World,Slinky® Dog Zigzag Spin,36,OPERATING,STANDBY,20,,,queue-times.com
2026-08-21T08:30:52Z,2026-08-21,10,30,Disney Adventure World,Toy Soldiers Parachute Drop,35,OPERATING,STANDBY,55,,,queue-times.com
2026-08-21T08:30:52Z,2026-08-21,10,30,Disney Adventure World,Toy Soldiers Parachute Drop Single Rider,7281,OPERATING,STANDBY,20,,,queue-times.com
2026-08-21T08:30:52Z,2026-08-21,10,30,Disney Adventure World,Entry to World of Frozen,16247,OPERATING,STANDBY,0,,,queue-times.com
2026-08-21T08:30:52Z,2026-08-21,10,30,Disney Adventure World,Frozen Ever After,15413,OPERATING,STANDBY,70,,,queue-times.com
2026-08-21T08:30:52Z,2026-08-21,10,30,Disney Adventure World,Raiponce Tangled Spin,15415,OPERATING,STANDBY,10,,,queue-times.com
2026-08-21T08:45:37Z,2026-08-21,10,45,Disneyland Park,Adventure Isle,2702,OPERATING,STANDBY,0,,,queue-times.com
2026-08-21T08:45:37Z,2026-08-21,10,45,Disneyland Park,Indiana Jones and the Temple of Peril Single Rider,7306,OPERATING,STANDBY,5,,,queue-times.com
2026-08-21T08:45:37Z,2026-08-21,10,45,Disneyland Park,Indiana Jones™ and the Temple of Peril,2,OPERATING,STANDBY,15,,,queue-times.com
2026-08-21T08:45:37Z,2026-08-21,10,45,Disneyland Park,La Cabane des Robinson,1,OPERATING,STANDBY,5,,,queue-times.com
2026-08-21T08:45:37Z,2026-08-21,10,45,Disneyland Park,Le Passage Enchanté d'Aladdin,2703,OPERATING,STANDBY,0,,,queue-times.com
2026-08-21T08:45:37Z,2026-08-21,10,45,Disneyland Park,Pirate Galleon,2705,CLOSED,STANDBY,0,,,queue-times.com
2026-08-21T08:45:37Z,2026-08-21,10,45,Disneyland Park,Pirates of the Caribbean,3,OPERATING,STANDBY,25,,,queue-times.com
2026-08-21T08:45:37Z,2026-08-21,10,45,Disneyland Park,Pirates' Beach,2704,OPERATING,STANDBY,0,,,queue-times.com
2026-08-21T08:45:37Z,2026-08-21,10,45,Disneyland Park,"Autopia, presented by Avis",4,OPERATING,STANDBY,25,,,queue-times.com
2026-08-21T08:45:37Z,2026-08-21,10,45,Disneyland Park,Buzz Lightyear Laser Blast,5,OPERATING,STANDBY,45,,,queue-times.com
2026-08-21T08:45:37Z,2026-08-21,10,45,Disneyland Park,Disneyland Railroad Discoveryland Station,2706,CLOSED,STANDBY,0,,,queue-times.com
2026-08-21T08:45:37Z,2026-08-21,10,45,Disneyland Park,Les Mystères du Nautilus,6,OPERATING,STANDBY,5,,,queue-times.com
2026-08-21T08:45:37Z,2026-08-21,10,45,Disneyland Park,Mickey’s PhilharMagic,2707,CLOSED,STANDBY,0,,,queue-times.com
2026-08-21T08:45:37Z,2026-08-21,10,45,Disneyland Park,Orbitron®,7,OPERATING,STANDBY,50,,,queue-times.com
2026-08-21T08:45:37Z,2026-08-21,10,45,Disneyland Park,Star Tours: The Adventures Continue*,9,OPERATING,STANDBY,5,,,queue-times.com
2026-08-21T08:45:37Z,2026-08-21,10,45,Disneyland Park,Star Wars Hyperspace Mountain,8,OPERATING,STANDBY,20,,,queue-times.com
2026-08-21T08:45:37Z,2026-08-21,10,45,Disneyland Park,Star Wars Hyperspace Mountain Single Rider,7278,OPERATING,STANDBY,10,,,queue-times.com
2026-08-21T08:45:37Z,2026-08-21,10,45,Disneyland Park,Welcome to Starport: A Star Wars Encounter,4573,OPERATING,STANDBY,45,,,queue-times.com
2026-08-21T08:45:37Z,2026-08-21,10,45,Disneyland Park,"""it's a small world""",19,OPERATING,STANDBY,5,,,queue-times.com
2026-08-21T08:45:37Z,2026-08-21,10,45,Disneyland Park,Alice's Curious Labyrinth,14,OPERATING,STANDBY,5,,,queue-times.com
2026-08-21T08:45:37Z,2026-08-21,10,45,Disneyland Park,Blanche-Neige et les Sept Nains®,15,OPERATING,STANDBY,10,,,queue-times.com
2026-08-21T08:45:37Z,2026-08-21,10,45,Disneyland Park,Casey Jr. – le Petit Train du Cirque,17,OPERATING,STANDBY,5,,,queue-times.com
2026-08-21T08:45:37Z,2026-08-21,10,45,Disneyland Park,Disneyland Railroad Fantasyland Station,2711,CLOSED,STANDBY,0,,,queue-times.com
2026-08-21T08:45:37Z,2026-08-21,10,45,Disneyland Park,Disneyland Railroad Main Street Station,11,CLOSED,STANDBY,0,,,queue-times.com
2026-08-21T08:45:37Z,2026-08-21,10,45,Disneyland Park,Dumbo the Flying Elephant,18,CLOSED,STANDBY,0,,,queue-times.com
2026-08-21T08:45:37Z,2026-08-21,10,45,Disneyland Park,La Tanière du Dragon,2710,OPERATING,STANDBY,0,,,queue-times.com
2026-08-21T08:45:37Z,2026-08-21,10,45,Disneyland Park,Le Carrousel de Lancelot,16,OPERATING,STANDBY,10,,,queue-times.com
2026-08-21T08:45:37Z,2026-08-21,10,45,Disneyland Park,"Le Pays des Contes de Fées, presented by Vittel",21,OPERATING,STANDBY,5,,,queue-times.com
2026-08-21T08:45:37Z,2026-08-21,10,45,Disneyland Park,Les Voyages de Pinocchio,23,OPERATING,STANDBY,15,,,queue-times.com
2026-08-21T08:45:37Z,2026-08-21,10,45,Disneyland Park,Mad Hatter's Tea Cups,20,OPERATING,STANDBY,5,,,queue-times.com
2026-08-21T08:45:37Z,2026-08-21,10,45,Disneyland Park,Meet Mickey Mouse,13,OPERATING,STANDBY,0,,,queue-times.com
2026-08-21T08:45:37Z,2026-08-21,10,45,Disneyland Park,Peter Pan's Flight,22,OPERATING,STANDBY,55,,,queue-times.com
2026-08-21T08:45:37Z,2026-08-21,10,45,Disneyland Park,Princess Pavilion,24,OPERATING,STANDBY,0,,,queue-times.com
2026-08-21T08:45:37Z,2026-08-21,10,45,Disneyland Park,Big Thunder Mountain,25,OPERATING,STANDBY,40,,,queue-times.com
2026-08-21T08:45:37Z,2026-08-21,10,45,Disneyland Park,Disneyland Railroad Frontierland Depot,2714,CLOSED,STANDBY,0,,,queue-times.com
2026-08-21T08:45:37Z,2026-08-21,10,45,Disneyland Park,Frontierland Playground,2713,OPERATING,STANDBY,0,,,queue-times.com
2026-08-21T08:45:37Z,2026-08-21,10,45,Disneyland Park,Phantom Manor,26,OPERATING,STANDBY,5,,,queue-times.com
2026-08-21T08:45:37Z,2026-08-21,10,45,Disneyland Park,River Rogue Keelboats,27,CLOSED,STANDBY,0,,,queue-times.com
2026-08-21T08:45:37Z,2026-08-21,10,45,Disneyland Park,Rustler Roundup Shootin' Gallery,2712,OPERATING,STANDBY,0,,,queue-times.com
2026-08-21T08:45:37Z,2026-08-21,10,45,Disneyland Park,Thunder Mesa Riverboat Landing,28,OPERATING,STANDBY,0,,,queue-times.com
2026-08-21T08:45:37Z,2026-08-21,10,45,Disneyland Park,Disneyland Railroad Main Street Station,2708,CLOSED,STANDBY,0,,,queue-times.com
2026-08-21T08:45:37Z,2026-08-21,10,45,Disneyland Park,Main Street Vehicles,12,CLOSED,STANDBY,0,,,queue-times.com
2026-08-21T08:45:37Z,2026-08-21,10,45,Disney Adventure World,Avengers Assemble: Flight Force,10848,OPERATING,STANDBY,25,,,queue-times.com
2026-08-21T08:45:37Z,2026-08-21,10,45,Disney Adventure World,Avengers Assemble: Flight Force Single Rider,10849,OPERATING,STANDBY,15,,,queue-times.com
2026-08-21T08:45:37Z,2026-08-21,10,45,Disney Adventure World,Spider-Man W.E.B. Adventure,10845,OPERATING,STANDBY,50,,,queue-times.com
2026-08-21T08:45:37Z,2026-08-21,10,45,Disney Adventure World,Spider-Man W.E.B. Adventure Single Rider,10846,OPERATING,STANDBY,30,,,queue-times.com
2026-08-21T08:45:37Z,2026-08-21,10,45,Disney Adventure World,The Twilight Zone Tower of Terror,40,OPERATING,STANDBY,45,,,queue-times.com
2026-08-21T08:45:37Z,2026-08-21,10,45,Disney Adventure World,Cars Quatre Roues Rallye,31,OPERATING,STANDBY,15,,,queue-times.com
2026-08-21T08:45:37Z,2026-08-21,10,45,Disney Adventure World,Cars ROAD TRIP,29,OPERATING,STANDBY,25,,,queue-times.com
2026-08-21T08:45:37Z,2026-08-21,10,45,Disney Adventure World,Crush's Coaster,32,OPERATING,STANDBY,95,,,queue-times.com
2026-08-21T08:45:37Z,2026-08-21,10,45,Disney Adventure World,Crush's Coaster Single Rider,7277,OPERATING,STANDBY,45,,,queue-times.com
2026-08-21T08:45:37Z,2026-08-21,10,45,Disney Adventure World,Les Tapis Volants - Flying Carpets Over Agrabah®,33,OPERATING,STANDBY,15,,,queue-times.com
2026-08-21T08:45:37Z,2026-08-21,10,45,Disney Adventure World,Ratatouille : L’Aventure Totalement Toquée de Rémy​,37,OPERATING,STANDBY,65,,,queue-times.com
2026-08-21T08:45:37Z,2026-08-21,10,45,Disney Adventure World,Ratatouille: The Adventure Single Rider,7279,OPERATING,STANDBY,15,,,queue-times.com
2026-08-21T08:45:37Z,2026-08-21,10,45,Disney Adventure World,RC Racer,34,OPERATING,STANDBY,40,,,queue-times.com
2026-08-21T08:45:37Z,2026-08-21,10,45,Disney Adventure World,RC Racer Single Rider,7280,OPERATING,STANDBY,30,,,queue-times.com
2026-08-21T08:45:37Z,2026-08-21,10,45,Disney Adventure World,Slinky® Dog Zigzag Spin,36,OPERATING,STANDBY,20,,,queue-times.com
2026-08-21T08:45:37Z,2026-08-21,10,45,Disney Adventure World,Toy Soldiers Parachute Drop,35,OPERATING,STANDBY,55,,,queue-times.com
2026-08-21T08:45:37Z,2026-08-21,10,45,Disney Adventure World,Toy Soldiers Parachute Drop Single Rider,7281,OPERATING,STANDBY,25,,,queue-times.com
2026-08-21T08:45:37Z,2026-08-21,10,45,Disney Adventure World,Entry to World of Frozen,16247,OPERATING,STANDBY,0,,,queue-times.com
2026-08-21T08:45:37Z,2026-08-21,10,45,Disney Adventure World,Frozen Ever After,15413,OPERATING,STANDBY,85,,,queue-times.com
2026-08-21T08:45:37Z,2026-08-21,10,45,Disney Adventure World,Raiponce Tangled Spin,15415,OPERATING,STANDBY,20,,,queue-times.com
2026-08-21T08:53:12Z,2026-08-21,10,53,Disneyland Park,Adventure Isle,2702,OPERATING,STANDBY,0,,,queue-times.com
2026-08-21T08:53:12Z,2026-08-21,10,53,Disneyland Park,Indiana Jones and the Temple of Peril Single Rider,7306,OPERATING,STANDBY,5,,,queue-times.com
2026-08-21T08:53:12Z,2026-08-21,10,53,Disneyland Park,Indiana Jones™ and the Temple of Peril,2,OPERATING,STANDBY,15,,,queue-times.com
2026-08-21T08:53:12Z,2026-08-21,10,53,Disneyland Park,La Cabane des Robinson,1,OPERATING,STANDBY,5,,,queue-times.com
2026-08-21T08:53:12Z,2026-08-21,10,53,Disneyland Park,Le Passage Enchanté d'Aladdin,2703,OPERATING,STANDBY,0,,,queue-times.com
2026-08-21T08:53:12Z,2026-08-21,10,53,Disneyland Park,Pirate Galleon,2705,CLOSED,STANDBY,0,,,queue-times.com
2026-08-21T08:53:12Z,2026-08-21,10,53,Disneyland Park,Pirates of the Caribbean,3,OPERATING,STANDBY,15,,,queue-times.com
2026-08-21T08:53:12Z,2026-08-21,10,53,Disneyland Park,Pirates' Beach,2704,OPERATING,STANDBY,0,,,queue-times.com
2026-08-21T08:53:12Z,2026-08-21,10,53,Disneyland Park,"Autopia, presented by Avis",4,OPERATING,STANDBY,50,,,queue-times.com
2026-08-21T08:53:12Z,2026-08-21,10,53,Disneyland Park,Buzz Lightyear Laser Blast,5,OPERATING,STANDBY,45,,,queue-times.com
2026-08-21T08:53:12Z,2026-08-21,10,53,Disneyland Park,Disneyland Railroad Discoveryland Station,2706,CLOSED,STANDBY,0,,,queue-times.com
2026-08-21T08:53:12Z,2026-08-21,10,53,Disneyland Park,Les Mystères du Nautilus,6,OPERATING,STANDBY,5,,,queue-times.com
2026-08-21T08:53:12Z,2026-08-21,10,53,Disneyland Park,Mickey’s PhilharMagic,2707,CLOSED,STANDBY,0,,,queue-times.com
2026-08-21T08:53:12Z,2026-08-21,10,53,Disneyland Park,Orbitron®,7,OPERATING,STANDBY,60,,,queue-times.com
2026-08-21T08:53:12Z,2026-08-21,10,53,Disneyland Park,Star Tours: The Adventures Continue*,9,OPERATING,STANDBY,10,,,queue-times.com
2026-08-21T08:53:12Z,2026-08-21,10,53,Disneyland Park,Star Wars Hyperspace Mountain,8,OPERATING,STANDBY,20,,,queue-times.com
2026-08-21T08:53:12Z,2026-08-21,10,53,Disneyland Park,Star Wars Hyperspace Mountain Single Rider,7278,OPERATING,STANDBY,10,,,queue-times.com
2026-08-21T08:53:12Z,2026-08-21,10,53,Disneyland Park,Welcome to Starport: A Star Wars Encounter,4573,OPERATING,STANDBY,45,,,queue-times.com
2026-08-21T08:53:12Z,2026-08-21,10,53,Disneyland Park,"""it's a small world""",19,OPERATING,STANDBY,10,,,queue-times.com
2026-08-21T08:53:12Z,2026-08-21,10,53,Disneyland Park,Alice's Curious Labyrinth,14,OPERATING,STANDBY,5,,,queue-times.com
2026-08-21T08:53:12Z,2026-08-21,10,53,Disneyland Park,Blanche-Neige et les Sept Nains®,15,OPERATING,STANDBY,10,,,queue-times.com
2026-08-21T08:53:12Z,2026-08-21,10,53,Disneyland Park,Casey Jr. – le Petit Train du Cirque,17,OPERATING,STANDBY,10,,,queue-times.com
2026-08-21T08:53:12Z,2026-08-21,10,53,Disneyland Park,Disneyland Railroad Fantasyland Station,2711,CLOSED,STANDBY,0,,,queue-times.com
2026-08-21T08:53:12Z,2026-08-21,10,53,Disneyland Park,Disneyland Railroad Main Street Station,11,CLOSED,STANDBY,0,,,queue-times.com
2026-08-21T08:53:12Z,2026-08-21,10,53,Disneyland Park,Dumbo the Flying Elephant,18,CLOSED,STANDBY,0,,,queue-times.com
2026-08-21T08:53:12Z,2026-08-21,10,53,Disneyland Park,La Tanière du Dragon,2710,OPERATING,STANDBY,0,,,queue-times.com
2026-08-21T08:53:12Z,2026-08-21,10,53,Disneyland Park,Le Carrousel de Lancelot,16,OPERATING,STANDBY,10,,,queue-times.com
2026-08-21T08:53:12Z,2026-08-21,10,53,Disneyland Park,"Le Pays des Contes de Fées, presented by Vittel",21,OPERATING,STANDBY,5,,,queue-times.com
2026-08-21T08:53:12Z,2026-08-21,10,53,Disneyland Park,Les Voyages de Pinocchio,23,OPERATING,STANDBY,15,,,queue-times.com
2026-08-21T08:53:12Z,2026-08-21,10,53,Disneyland Park,Mad Hatter's Tea Cups,20,OPERATING,STANDBY,5,,,queue-times.com
2026-08-21T08:53:12Z,2026-08-21,10,53,Disneyland Park,Meet Mickey Mouse,13,OPERATING,STANDBY,0,,,queue-times.com
2026-08-21T08:53:12Z,2026-08-21,10,53,Disneyland Park,Peter Pan's Flight,22,OPERATING,STANDBY,55,,,queue-times.com
2026-08-21T08:53:12Z,2026-08-21,10,53,Disneyland Park,Princess Pavilion,24,OPERATING,STANDBY,0,,,queue-times.com
2026-08-21T08:53:12Z,2026-08-21,10,53,Disneyland Park,Big Thunder Mountain,25,OPERATING,STANDBY,70,,,queue-times.com
2026-08-21T08:53:12Z,2026-08-21,10,53,Disneyland Park,Disneyland Railroad Frontierland Depot,2714,CLOSED,STANDBY,0,,,queue-times.com
2026-08-21T08:53:12Z,2026-08-21,10,53,Disneyland Park,Frontierland Playground,2713,OPERATING,STANDBY,0,,,queue-times.com
2026-08-21T08:53:12Z,2026-08-21,10,53,Disneyland Park,Phantom Manor,26,OPERATING,STANDBY,5,,,queue-times.com
2026-08-21T08:53:12Z,2026-08-21,10,53,Disneyland Park,River Rogue Keelboats,27,CLOSED,STANDBY,0,,,queue-times.com
2026-08-21T08:53:12Z,2026-08-21,10,53,Disneyland Park,Rustler Roundup Shootin' Gallery,2712,OPERATING,STANDBY,0,,,queue-times.com
2026-08-21T08:53:12Z,2026-08-21,10,53,Disneyland Park,Thunder Mesa Riverboat Landing,28,OPERATING,STANDBY,20,,,queue-times.com
2026-08-21T08:53:12Z,2026-08-21,10,53,Disneyland Park,Disneyland Railroad Main Street Station,2708,CLOSED,STANDBY,0,,,queue-times.com
2026-08-21T08:53:12Z,2026-08-21,10,53,Disneyland Park,Main Street Vehicles,12,CLOSED,STANDBY,0,,,queue-times.com
2026-08-21T08:53:12Z,2026-08-21,10,53,Disney Adventure World,Avengers Assemble: Flight Force,10848,OPERATING,STANDBY,20,,,queue-times.com
2026-08-21T08:53:12Z,2026-08-21,10,53,Disney Adventure World,Avengers Assemble: Flight Force Single Rider,10849,OPERATING,STANDBY,15,,,queue-times.com
2026-08-21T08:53:12Z,2026-08-21,10,53,Disney Adventure World,Spider-Man W.E.B. Adventure,10845,OPERATING,STANDBY,50,,,queue-times.com
2026-08-21T08:53:12Z,2026-08-21,10,53,Disney Adventure World,Spider-Man W.E.B. Adventure Single Rider,10846,OPERATING,STANDBY,30,,,queue-times.com
2026-08-21T08:53:12Z,2026-08-21,10,53,Disney Adventure World,The Twilight Zone Tower of Terror,40,OPERATING,STANDBY,35,,,queue-times.com
2026-08-21T08:53:12Z,2026-08-21,10,53,Disney Adventure World,Cars Quatre Roues Rallye,31,OPERATING,STANDBY,15,,,queue-times.com
2026-08-21T08:53:12Z,2026-08-21,10,53,Disney Adventure World,Cars ROAD TRIP,29,OPERATING,STANDBY,15,,,queue-times.com
2026-08-21T08:53:12Z,2026-08-21,10,53,Disney Adventure World,Crush's Coaster,32,OPERATING,STANDBY,105,,,queue-times.com
2026-08-21T08:53:12Z,2026-08-21,10,53,Disney Adventure World,Crush's Coaster Single Rider,7277,OPERATING,STANDBY,55,,,queue-times.com
2026-08-21T08:53:12Z,2026-08-21,10,53,Disney Adventure World,Les Tapis Volants - Flying Carpets Over Agrabah®,33,OPERATING,STANDBY,35,,,queue-times.com
2026-08-21T08:53:12Z,2026-08-21,10,53,Disney Adventure World,Ratatouille : L’Aventure Totalement Toquée de Rémy​,37,OPERATING,STANDBY,75,,,queue-times.com
2026-08-21T08:53:12Z,2026-08-21,10,53,Disney Adventure World,Ratatouille: The Adventure Single Rider,7279,OPERATING,STANDBY,25,,,queue-times.com
2026-08-21T08:53:12Z,2026-08-21,10,53,Disney Adventure World,RC Racer,34,OPERATING,STANDBY,40,,,queue-times.com
2026-08-21T08:53:12Z,2026-08-21,10,53,Disney Adventure World,RC Racer Single Rider,7280,OPERATING,STANDBY,35,,,queue-times.com
2026-08-21T08:53:12Z,2026-08-21,10,53,Disney Adventure World,Slinky® Dog Zigzag Spin,36,OPERATING,STANDBY,25,,,queue-times.com
2026-08-21T08:53:12Z,2026-08-21,10,53,Disney Adventure World,Toy Soldiers Parachute Drop,35,OPERATING,STANDBY,60,,,queue-times.com
2026-08-21T08:53:12Z,2026-08-21,10,53,Disney Adventure World,Toy Soldiers Parachute Drop Single Rider,7281,OPERATING,STANDBY,25,,,queue-times.com
2026-08-21T08:53:12Z,2026-08-21,10,53,Disney Adventure World,Entry to World of Frozen,16247,OPERATING,STANDBY,0,,,queue-times.com
2026-08-21T08:53:12Z,2026-08-21,10,53,Disney Adventure World,Frozen Ever After,15413,OPERATING,STANDBY,85,,,queue-times.com
2026-08-21T08:53:12Z,2026-08-21,10,53,Disney Adventure World,Raiponce Tangled Spin,15415,OPERATING,STANDBY,20,,,queue-times.com
