timestamp_utc,fecha,hora,minuto,parque,atraccion,atraccion_id,estado,tipo_cola,espera_min,hora_retorno,precio,fuente
2026-08-13T22:01:19Z,2026-08-14,0,1,Disneyland Park,Adventure Isle,2702,CLOSED,STANDBY,0,,,queue-times.com
2026-08-13T22:01:19Z,2026-08-14,0,1,Disneyland Park,Indiana Jones and the Temple of Peril Single Rider,7306,CLOSED,STANDBY,0,,,queue-times.com
2026-08-13T22:01:19Z,2026-08-14,0,1,Disneyland Park,Indiana Jones™ and the Temple of Peril,2,CLOSED,STANDBY,0,,,queue-times.com
2026-08-13T22:01:19Z,2026-08-14,0,1,Disneyland Park,La Cabane des Robinson,1,CLOSED,STANDBY,0,,,queue-times.com
2026-08-13T22:01:19Z,2026-08-14,0,1,Disneyland Park,Le Passage Enchanté d'Aladdin,2703,CLOSED,STANDBY,0,,,queue-times.com
2026-08-13T22:01:19Z,2026-08-14,0,1,Disneyland Park,Pirate Galleon,2705,CLOSED,STANDBY,0,,,queue-times.com
2026-08-13T22:01:19Z,2026-08-14,0,1,Disneyland Park,Pirates of the Caribbean,3,CLOSED,STANDBY,0,,,queue-times.com
2026-08-13T22:01:19Z,2026-08-14,0,1,Disneyland Park,Pirates' Beach,2704,CLOSED,STANDBY,0,,,queue-times.com
2026-08-13T22:01:19Z,2026-08-14,0,1,Disneyland Park,"Autopia, presented by Avis",4,CLOSED,STANDBY,0,,,queue-times.com
2026-08-13T22:01:19Z,2026-08-14,0,1,Disneyland Park,Buzz Lightyear Laser Blast,5,CLOSED,STANDBY,0,,,queue-times.com
2026-08-13T22:01:19Z,2026-08-14,0,1,Disneyland Park,Disneyland Railroad Discoveryland Station,2706,CLOSED,STANDBY,0,,,queue-times.com
2026-08-13T22:01:19Z,2026-08-14,0,1,Disneyland Park,Les Mystères du Nautilus,6,CLOSED,STANDBY,0,,,queue-times.com
2026-08-13T22:01:19Z,2026-08-14,0,1,Disneyland Park,Mickey’s PhilharMagic,2707,CLOSED,STANDBY,0,,,queue-times.com
2026-08-13T22:01:19Z,2026-08-14,0,1,Disneyland Park,Orbitron®,7,CLOSED,STANDBY,0,,,queue-times.com
2026-08-13T22:01:19Z,2026-08-14,0,1,Disneyland Park,Star Tours: The Adventures Continue*,9,CLOSED,STANDBY,0,,,queue-times.com
2026-08-13T22:01:19Z,2026-08-14,0,1,Disneyland Park,Star Wars Hyperspace Mountain,8,CLOSED,STANDBY,0,,,queue-times.com
2026-08-13T22:01:19Z,2026-08-14,0,1,Disneyland Park,Star Wars Hyperspace Mountain Single Rider,7278,CLOSED,STANDBY,0,,,queue-times.com
2026-08-13T22:01:19Z,2026-08-14,0,1,Disneyland Park,Welcome to Starport: A Star Wars Encounter,4573,CLOSED,STANDBY,0,,,queue-times.com
2026-08-13T22:01:19Z,2026-08-14,0,1,Disneyland Park,"""it's a small world""",19,CLOSED,STANDBY,0,,,queue-times.com
2026-08-13T22:01:19Z,2026-08-14,0,1,Disneyland Park,Alice's Curious Labyrinth,14,CLOSED,STANDBY,0,,,queue-times.com
2026-08-13T22:01:19Z,2026-08-14,0,1,Disneyland Park,Blanche-Neige et les Sept Nains®,15,CLOSED,STANDBY,0,,,queue-times.com
2026-08-13T22:01:19Z,2026-08-14,0,1,Disneyland Park,Casey Jr. – le Petit Train du Cirque,17,CLOSED,STANDBY,0,,,queue-times.com
2026-08-13T22:01:19Z,2026-08-14,0,1,Disneyland Park,Disneyland Railroad Fantasyland Station,2711,CLOSED,STANDBY,0,,,queue-times.com
2026-08-13T22:01:19Z,2026-08-14,0,1,Disneyland Park,Disneyland Railroad Main Street Station,11,CLOSED,STANDBY,0,,,queue-times.com
2026-08-13T22:01:19Z,2026-08-14,0,1,Disneyland Park,Dumbo the Flying Elephant,18,CLOSED,STANDBY,0,,,queue-times.com
2026-08-13T22:01:19Z,2026-08-14,0,1,Disneyland Park,La Tanière du Dragon,2710,CLOSED,STANDBY,0,,,queue-times.com
2026-08-13T22:01:19Z,2026-08-14,0,1,Disneyland Park,Le Carrousel de Lancelot,16,CLOSED,STANDBY,0,,,queue-times.com
2026-08-13T22:01:19Z,2026-08-14,0,1,Disneyland Park,"Le Pays des Contes de Fées, presented by Vittel",21,CLOSED,STANDBY,0,,,queue-times.com
2026-08-13T22:01:19Z,2026-08-14,0,1,Disneyland Park,Les Voyages de Pinocchio,23,CLOSED,STANDBY,0,,,queue-times.com
2026-08-13T22:01:19Z,2026-08-14,0,1,Disneyland Park,Mad Hatter's Tea Cups,20,CLOSED,STANDBY,0,,,queue-times.com
2026-08-13T22:01:19Z,2026-08-14,0,1,Disneyland Park,Meet Mickey Mouse,13,CLOSED,STANDBY,0,,,queue-times.com
2026-08-13T22:01:19Z,2026-08-14,0,1,Disneyland Park,Peter Pan's Flight,22,CLOSED,STANDBY,0,,,queue-times.com
2026-08-13T22:01:19Z,2026-08-14,0,1,Disneyland Park,Princess Pavilion,24,CLOSED,STANDBY,0,,,queue-times.com
2026-08-13T22:01:19Z,2026-08-14,0,1,Disneyland Park,Big Thunder Mountain,25,CLOSED,STANDBY,0,,,queue-times.com
2026-08-13T22:01:19Z,2026-08-14,0,1,Disneyland Park,Disneyland Railroad Frontierland Depot,2714,CLOSED,STANDBY,0,,,queue-times.com
2026-08-13T22:01:19Z,2026-08-14,0,1,Disneyland Park,Frontierland Playground,2713,CLOSED,STANDBY,0,,,queue-times.com
2026-08-13T22:01:19Z,2026-08-14,0,1,Disneyland Park,Phantom Manor,26,CLOSED,STANDBY,0,,,queue-times.com
2026-08-13T22:01:19Z,2026-08-14,0,1,Disneyland Park,River Rogue Keelboats,27,CLOSED,STANDBY,0,,,queue-times.com
2026-08-13T22:01:19Z,2026-08-14,0,1,Disneyland Park,Rustler Roundup Shootin' Gallery,2712,CLOSED,STANDBY,0,,,queue-times.com
2026-08-13T22:01:19Z,2026-08-14,0,1,Disneyland Park,Thunder Mesa Riverboat Landing,28,CLOSED,STANDBY,0,,,queue-times.com
2026-08-13T22:01:19Z,2026-08-14,0,1,Disneyland Park,Disneyland Railroad Main Street Station,2708,CLOSED,STANDBY,0,,,queue-times.com
2026-08-13T22:01:19Z,2026-08-14,0,1,Disneyland Park,Main Street Vehicles,12,CLOSED,STANDBY,0,,,queue-times.com
2026-08-13T22:01:19Z,2026-08-14,0,1,Disney Adventure World,Avengers Assemble: Flight Force,10848,CLOSED,STANDBY,0,,,queue-times.com
2026-08-13T22:01:19Z,2026-08-14,0,1,Disney Adventure World,Avengers Assemble: Flight Force Single Rider,10849,CLOSED,STANDBY,0,,,queue-times.com
2026-08-13T22:01:19Z,2026-08-14,0,1,Disney Adventure World,Spider-Man W.E.B. Adventure,10845,CLOSED,STANDBY,0,,,queue-times.com
2026-08-13T22:01:19Z,2026-08-14,0,1,Disney Adventure World,Spider-Man W.E.B. Adventure Single Rider,10846,CLOSED,STANDBY,0,,,queue-times.com
2026-08-13T22:01:19Z,2026-08-14,0,1,Disney Adventure World,The Twilight Zone Tower of Terror,40,CLOSED,STANDBY,0,,,queue-times.com
2026-08-13T22:01:19Z,2026-08-14,0,1,Disney Adventure World,Cars Quatre Roues Rallye,31,CLOSED,STANDBY,0,,,queue-times.com
2026-08-13T22:01:19Z,2026-08-14,0,1,Disney Adventure World,Cars ROAD TRIP,29,CLOSED,STANDBY,0,,,queue-times.com
2026-08-13T22:01:19Z,2026-08-14,0,1,Disney Adventure World,Crush's Coaster,32,CLOSED,STANDBY,0,,,queue-times.com
2026-08-13T22:01:19Z,2026-08-14,0,1,Disney Adventure World,Crush's Coaster Single Rider,7277,CLOSED,STANDBY,0,,,queue-times.com
2026-08-13T22:01:19Z,2026-08-14,0,1,Disney Adventure World,Les Tapis Volants - Flying Carpets Over Agrabah®,33,CLOSED,STANDBY,0,,,queue-times.com
2026-08-13T22:01:19Z,2026-08-14,0,1,Disney Adventure World,Ratatouille : L’Aventure Totalement Toquée de Rémy​,37,CLOSED,STANDBY,0,,,queue-times.com
2026-08-13T22:01:19Z,2026-08-14,0,1,Disney Adventure World,Ratatouille: The Adventure Single Rider,7279,CLOSED,STANDBY,0,,,queue-times.com
2026-08-13T22:01:19Z,2026-08-14,0,1,Disney Adventure World,RC Racer,34,CLOSED,STANDBY,0,,,queue-times.com
2026-08-13T22:01:19Z,2026-08-14,0,1,Disney Adventure World,RC Racer Single Rider,7280,CLOSED,STANDBY,0,,,queue-times.com
2026-08-13T22:01:19Z,2026-08-14,0,1,Disney Adventure World,Slinky® Dog Zigzag Spin,36,CLOSED,STANDBY,0,,,queue-times.com
2026-08-13T22:01:19Z,2026-08-14,0,1,Disney Adventure World,Toy Soldiers Parachute Drop,35,CLOSED,STANDBY,0,,,queue-times.com
2026-08-13T22:01:19Z,2026-08-14,0,1,Disney Adventure World,Toy Soldiers Parachute Drop Single Rider,7281,CLOSED,STANDBY,0,,,queue-times.com
2026-08-13T22:01:19Z,2026-08-14,0,1,Disney Adventure World,Entry to World of Frozen,16247,CLOSED,STANDBY,0,,,queue-times.com
2026-08-13T22:01:19Z,2026-08-14,0,1,Disney Adventure World,Frozen Ever After,15413,CLOSED,STANDBY,0,,,queue-times.com
2026-08-13T22:01:19Z,2026-08-14,0,1,Disney Adventure World,Raiponce Tangled Spin,15415,CLOSED,STANDBY,0,,,queue-times.com
2026-08-13T22:15:48Z,2026-08-14,0,15,Disneyland Park,Adventure Isle,2702,CLOSED,STANDBY,0,,,queue-times.com
2026-08-13T22:15:48Z,2026-08-14,0,15,Disneyland Park,Indiana Jones and the Temple of Peril Single Rider,7306,CLOSED,STANDBY,0,,,queue-times.com
2026-08-13T22:15:48Z,2026-08-14,0,15,Disneyland Park,Indiana Jones™ and the Temple of Peril,2,CLOSED,STANDBY,0,,,queue-times.com
2026-08-13T22:15:48Z,2026-08-14,0,15,Disneyland Park,La Cabane des Robinson,1,CLOSED,STANDBY,0,,,queue-times.com
2026-08-13T22:15:48Z,2026-08-14,0,15,Disneyland Park,Le Passage Enchanté d'Aladdin,2703,CLOSED,STANDBY,0,,,queue-times.com
2026-08-13T22:15:48Z,2026-08-14,0,15,Disneyland Park,Pirate Galleon,2705,CLOSED,STANDBY,0,,,queue-times.com
2026-08-13T22:15:48Z,2026-08-14,0,15,Disneyland Park,Pirates of the Caribbean,3,CLOSED,STANDBY,0,,,queue-times.com
2026-08-13T22:15:48Z,2026-08-14,0,15,Disneyland Park,Pirates' Beach,2704,CLOSED,STANDBY,0,,,queue-times.com
2026-08-13T22:15:48Z,2026-08-14,0,15,Disneyland Park,"Autopia, presented by Avis",4,CLOSED,STANDBY,0,,,queue-times.com
2026-08-13T22:15:48Z,2026-08-14,0,15,Disneyland Park,Buzz Lightyear Laser Blast,5,CLOSED,STANDBY,0,,,queue-times.com
2026-08-13T22:15:48Z,2026-08-14,0,15,Disneyland Park,Disneyland Railroad Discoveryland Station,2706,CLOSED,STANDBY,0,,,queue-times.com
2026-08-13T22:15:48Z,2026-08-14,0,15,Disneyland Park,Les Mystères du Nautilus,6,CLOSED,STANDBY,0,,,queue-times.com
2026-08-13T22:15:48Z,2026-08-14,0,15,Disneyland Park,Mickey’s PhilharMagic,2707,CLOSED,STANDBY,0,,,queue-times.com
2026-08-13T22:15:48Z,2026-08-14,0,15,Disneyland Park,Orbitron®,7,CLOSED,STANDBY,0,,,queue-times.com
2026-08-13T22:15:48Z,2026-08-14,0,15,Disneyland Park,Star Tours: The Adventures Continue*,9,CLOSED,STANDBY,0,,,queue-times.com
2026-08-13T22:15:48Z,2026-08-14,0,15,Disneyland Park,Star Wars Hyperspace Mountain,8,CLOSED,STANDBY,0,,,queue-times.com
2026-08-13T22:15:48Z,2026-08-14,0,15,Disneyland Park,Star Wars Hyperspace Mountain Single Rider,7278,CLOSED,STANDBY,0,,,queue-times.com
2026-08-13T22:15:48Z,2026-08-14,0,15,Disneyland Park,Welcome to Starport: A Star Wars Encounter,4573,CLOSED,STANDBY,0,,,queue-times.com
2026-08-13T22:15:48Z,2026-08-14,0,15,Disneyland Park,"""it's a small world""",19,CLOSED,STANDBY,0,,,queue-times.com
2026-08-13T22:15:48Z,2026-08-14,0,15,Disneyland Park,Alice's Curious Labyrinth,14,CLOSED,STANDBY,0,,,queue-times.com
2026-08-13T22:15:48Z,2026-08-14,0,15,Disneyland Park,Blanche-Neige et les Sept Nains®,15,CLOSED,STANDBY,0,,,queue-times.com
2026-08-13T22:15:48Z,2026-08-14,0,15,Disneyland Park,Casey Jr. – le Petit Train du Cirque,17,CLOSED,STANDBY,0,,,queue-times.com
2026-08-13T22:15:48Z,2026-08-14,0,15,Disneyland Park,Disneyland Railroad Fantasyland Station,2711,CLOSED,STANDBY,0,,,queue-times.com
2026-08-13T22:15:48Z,2026-08-14,0,15,Disneyland Park,Disneyland Railroad Main Street Station,11,CLOSED,STANDBY,0,,,queue-times.com
2026-08-13T22:15:48Z,2026-08-14,0,15,Disneyland Park,Dumbo the Flying Elephant,18,CLOSED,STANDBY,0,,,queue-times.com
2026-08-13T22:15:48Z,2026-08-14,0,15,Disneyland Park,La Tanière du Dragon,2710,CLOSED,STANDBY,0,,,queue-times.com
2026-08-13T22:15:48Z,2026-08-14,0,15,Disneyland Park,Le Carrousel de Lancelot,16,CLOSED,STANDBY,0,,,queue-times.com
2026-08-13T22:15:48Z,2026-08-14,0,15,Disneyland Park,"Le Pays des Contes de Fées, presented by Vittel",21,CLOSED,STANDBY,0,,,queue-times.com
2026-08-13T22:15:48Z,2026-08-14,0,15,Disneyland Park,Les Voyages de Pinocchio,23,CLOSED,STANDBY,0,,,queue-times.com
2026-08-13T22:15:48Z,2026-08-14,0,15,Disneyland Park,Mad Hatter's Tea Cups,20,CLOSED,STANDBY,0,,,queue-times.com
2026-08-13T22:15:48Z,2026-08-14,0,15,Disneyland Park,Meet Mickey Mouse,13,CLOSED,STANDBY,0,,,queue-times.com
2026-08-13T22:15:48Z,2026-08-14,0,15,Disneyland Park,Peter Pan's Flight,22,CLOSED,STANDBY,0,,,queue-times.com
2026-08-13T22:15:48Z,2026-08-14,0,15,Disneyland Park,Princess Pavilion,24,CLOSED,STANDBY,0,,,queue-times.com
2026-08-13T22:15:48Z,2026-08-14,0,15,Disneyland Park,Big Thunder Mountain,25,CLOSED,STANDBY,0,,,queue-times.com
2026-08-13T22:15:48Z,2026-08-14,0,15,Disneyland Park,Disneyland Railroad Frontierland Depot,2714,CLOSED,STANDBY,0,,,queue-times.com
2026-08-13T22:15:48Z,2026-08-14,0,15,Disneyland Park,Frontierland Playground,2713,CLOSED,STANDBY,0,,,queue-times.com
2026-08-13T22:15:48Z,2026-08-14,0,15,Disneyland Park,Phantom Manor,26,CLOSED,STANDBY,0,,,queue-times.com
2026-08-13T22:15:48Z,2026-08-14,0,15,Disneyland Park,River Rogue Keelboats,27,CLOSED,STANDBY,0,,,queue-times.com
2026-08-13T22:15:48Z,2026-08-14,0,15,Disneyland Park,Rustler Roundup Shootin' Gallery,2712,CLOSED,STANDBY,0,,,queue-times.com
2026-08-13T22:15:48Z,2026-08-14,0,15,Disneyland Park,Thunder Mesa Riverboat Landing,28,CLOSED,STANDBY,0,,,queue-times.com
2026-08-13T22:15:48Z,2026-08-14,0,15,Disneyland Park,Disneyland Railroad Main Street Station,2708,CLOSED,STANDBY,0,,,queue-times.com
2026-08-13T22:15:48Z,2026-08-14,0,15,Disneyland Park,Main Street Vehicles,12,CLOSED,STANDBY,0,,,queue-times.com
2026-08-13T22:15:48Z,2026-08-14,0,15,Disney Adventure World,Avengers Assemble: Flight Force,10848,CLOSED,STANDBY,0,,,queue-times.com
2026-08-13T22:15:48Z,2026-08-14,0,15,Disney Adventure World,Avengers Assemble: Flight Force Single Rider,10849,CLOSED,STANDBY,0,,,queue-times.com
2026-08-13T22:15:48Z,2026-08-14,0,15,Disney Adventure World,Spider-Man W.E.B. Adventure,10845,CLOSED,STANDBY,0,,,queue-times.com
2026-08-13T22:15:48Z,2026-08-14,0,15,Disney Adventure World,Spider-Man W.E.B. Adventure Single Rider,10846,CLOSED,STANDBY,0,,,queue-times.com
2026-08-13T22:15:48Z,2026-08-14,0,15,Disney Adventure World,The Twilight Zone Tower of Terror,40,CLOSED,STANDBY,0,,,queue-times.com
2026-08-13T22:15:48Z,2026-08-14,0,15,Disney Adventure World,Cars Quatre Roues Rallye,31,CLOSED,STANDBY,0,,,queue-times.com
2026-08-13T22:15:48Z,2026-08-14,0,15,Disney Adventure World,Cars ROAD TRIP,29,CLOSED,STANDBY,0,,,queue-times.com
2026-08-13T22:15:48Z,2026-08-14,0,15,Disney Adventure World,Crush's Coaster,32,CLOSED,STANDBY,0,,,queue-times.com
2026-08-13T22:15:48Z,2026-08-14,0,15,Disney Adventure World,Crush's Coaster Single Rider,7277,CLOSED,STANDBY,0,,,queue-times.com
2026-08-13T22:15:48Z,2026-08-14,0,15,Disney Adventure World,Les Tapis Volants - Flying Carpets Over Agrabah®,33,CLOSED,STANDBY,0,,,queue-times.com
2026-08-13T22:15:48Z,2026-08-14,0,15,Disney Adventure World,Ratatouille : L’Aventure Totalement Toquée de Rémy​,37,CLOSED,STANDBY,0,,,queue-times.com
2026-08-13T22:15:48Z,2026-08-14,0,15,Disney Adventure World,Ratatouille: The Adventure Single Rider,7279,CLOSED,STANDBY,0,,,queue-times.com
2026-08-13T22:15:48Z,2026-08-14,0,15,Disney Adventure World,RC Racer,34,CLOSED,STANDBY,0,,,queue-times.com
2026-08-13T22:15:48Z,2026-08-14,0,15,Disney Adventure World,RC Racer Single Rider,7280,CLOSED,STANDBY,0,,,queue-times.com
2026-08-13T22:15:48Z,2026-08-14,0,15,Disney Adventure World,Slinky® Dog Zigzag Spin,36,CLOSED,STANDBY,0,,,queue-times.com
2026-08-13T22:15:48Z,2026-08-14,0,15,Disney Adventure World,Toy Soldiers Parachute Drop,35,CLOSED,STANDBY,0,,,queue-times.com
2026-08-13T22:15:48Z,2026-08-14,0,15,Disney Adventure World,Toy Soldiers Parachute Drop Single Rider,7281,CLOSED,STANDBY,0,,,queue-times.com
2026-08-13T22:15:48Z,2026-08-14,0,15,Disney Adventure World,Entry to World of Frozen,16247,CLOSED,STANDBY,0,,,queue-times.com
2026-08-13T22:15:48Z,2026-08-14,0,15,Disney Adventure World,Frozen Ever After,15413,CLOSED,STANDBY,0,,,queue-times.com
2026-08-13T22:15:48Z,2026-08-14,0,15,Disney Adventure World,Raiponce Tangled Spin,15415,CLOSED,STANDBY,0,,,queue-times.com
2026-08-13T22:21:48Z,2026-08-14,0,21,Disneyland Park,Adventure Isle,2702,CLOSED,STANDBY,0,,,queue-times.com
2026-08-13T22:21:48Z,2026-08-14,0,21,Disneyland Park,Indiana Jones and the Temple of Peril Single Rider,7306,CLOSED,STANDBY,0,,,queue-times.com
2026-08-13T22:21:48Z,2026-08-14,0,21,Disneyland Park,Indiana Jones™ and the Temple of Peril,2,CLOSED,STANDBY,0,,,queue-times.com
2026-08-13T22:21:48Z,2026-08-14,0,21,Disneyland Park,La Cabane des Robinson,1,CLOSED,STANDBY,0,,,queue-times.com
2026-08-13T22:21:48Z,2026-08-14,0,21,Disneyland Park,Le Passage Enchanté d'Aladdin,2703,CLOSED,STANDBY,0,,,queue-times.com
2026-08-13T22:21:48Z,2026-08-14,0,21,Disneyland Park,Pirate Galleon,2705,CLOSED,STANDBY,0,,,queue-times.com
2026-08-13T22:21:48Z,2026-08-14,0,21,Disneyland Park,Pirates of the Caribbean,3,CLOSED,STANDBY,0,,,queue-times.com
2026-08-13T22:21:48Z,2026-08-14,0,21,Disneyland Park,Pirates' Beach,2704,CLOSED,STANDBY,0,,,queue-times.com
2026-08-13T22:21:48Z,2026-08-14,0,21,Disneyland Park,"Autopia, presented by Avis",4,CLOSED,STANDBY,0,,,queue-times.com
2026-08-13T22:21:48Z,2026-08-14,0,21,Disneyland Park,Buzz Lightyear Laser Blast,5,CLOSED,STANDBY,0,,,queue-times.com
2026-08-13T22:21:48Z,2026-08-14,0,21,Disneyland Park,Disneyland Railroad Discoveryland Station,2706,CLOSED,STANDBY,0,,,queue-times.com
2026-08-13T22:21:48Z,2026-08-14,0,21,Disneyland Park,Les Mystères du Nautilus,6,CLOSED,STANDBY,0,,,queue-times.com
2026-08-13T22:21:48Z,2026-08-14,0,21,Disneyland Park,Mickey’s PhilharMagic,2707,CLOSED,STANDBY,0,,,queue-times.com
2026-08-13T22:21:48Z,2026-08-14,0,21,Disneyland Park,Orbitron®,7,CLOSED,STANDBY,0,,,queue-times.com
2026-08-13T22:21:48Z,2026-08-14,0,21,Disneyland Park,Star Tours: The Adventures Continue*,9,CLOSED,STANDBY,0,,,queue-times.com
2026-08-13T22:21:48Z,2026-08-14,0,21,Disneyland Park,Star Wars Hyperspace Mountain,8,CLOSED,STANDBY,0,,,queue-times.com
2026-08-13T22:21:48Z,2026-08-14,0,21,Disneyland Park,Star Wars Hyperspace Mountain Single Rider,7278,CLOSED,STANDBY,0,,,queue-times.com
2026-08-13T22:21:48Z,2026-08-14,0,21,Disneyland Park,Welcome to Starport: A Star Wars Encounter,4573,CLOSED,STANDBY,0,,,queue-times.com
2026-08-13T22:21:48Z,2026-08-14,0,21,Disneyland Park,"""it's a small world""",19,CLOSED,STANDBY,0,,,queue-times.com
2026-08-13T22:21:48Z,2026-08-14,0,21,Disneyland Park,Alice's Curious Labyrinth,14,CLOSED,STANDBY,0,,,queue-times.com
2026-08-13T22:21:48Z,2026-08-14,0,21,Disneyland Park,Blanche-Neige et les Sept Nains®,15,CLOSED,STANDBY,0,,,queue-times.com
2026-08-13T22:21:48Z,2026-08-14,0,21,Disneyland Park,Casey Jr. – le Petit Train du Cirque,17,CLOSED,STANDBY,0,,,queue-times.com
2026-08-13T22:21:48Z,2026-08-14,0,21,Disneyland Park,Disneyland Railroad Fantasyland Station,2711,CLOSED,STANDBY,0,,,queue-times.com
2026-08-13T22:21:48Z,2026-08-14,0,21,Disneyland Park,Disneyland Railroad Main Street Station,11,CLOSED,STANDBY,0,,,queue-times.com
2026-08-13T22:21:48Z,2026-08-14,0,21,Disneyland Park,Dumbo the Flying Elephant,18,CLOSED,STANDBY,0,,,queue-times.com
2026-08-13T22:21:48Z,2026-08-14,0,21,Disneyland Park,La Tanière du Dragon,2710,CLOSED,STANDBY,0,,,queue-times.com
2026-08-13T22:21:48Z,2026-08-14,0,21,Disneyland Park,Le Carrousel de Lancelot,16,CLOSED,STANDBY,0,,,queue-times.com
2026-08-13T22:21:48Z,2026-08-14,0,21,Disneyland Park,"Le Pays des Contes de Fées, presented by Vittel",21,CLOSED,STANDBY,0,,,queue-times.com
2026-08-13T22:21:48Z,2026-08-14,0,21,Disneyland Park,Les Voyages de Pinocchio,23,CLOSED,STANDBY,0,,,queue-times.com
2026-08-13T22:21:48Z,2026-08-14,0,21,Disneyland Park,Mad Hatter's Tea Cups,20,CLOSED,STANDBY,0,,,queue-times.com
2026-08-13T22:21:48Z,2026-08-14,0,21,Disneyland Park,Meet Mickey Mouse,13,CLOSED,STANDBY,0,,,queue-times.com
2026-08-13T22:21:48Z,2026-08-14,0,21,Disneyland Park,Peter Pan's Flight,22,CLOSED,STANDBY,0,,,queue-times.com
2026-08-13T22:21:48Z,2026-08-14,0,21,Disneyland Park,Princess Pavilion,24,CLOSED,STANDBY,0,,,queue-times.com
2026-08-13T22:21:48Z,2026-08-14,0,21,Disneyland Park,Big Thunder Mountain,25,CLOSED,STANDBY,0,,,queue-times.com
2026-08-13T22:21:48Z,2026-08-14,0,21,Disneyland Park,Disneyland Railroad Frontierland Depot,2714,CLOSED,STANDBY,0,,,queue-times.com
2026-08-13T22:21:48Z,2026-08-14,0,21,Disneyland Park,Frontierland Playground,2713,CLOSED,STANDBY,0,,,queue-times.com
2026-08-13T22:21:48Z,2026-08-14,0,21,Disneyland Park,Phantom Manor,26,CLOSED,STANDBY,0,,,queue-times.com
2026-08-13T22:21:48Z,2026-08-14,0,21,Disneyland Park,River Rogue Keelboats,27,CLOSED,STANDBY,0,,,queue-times.com
2026-08-13T22:21:48Z,2026-08-14,0,21,Disneyland Park,Rustler Roundup Shootin' Gallery,2712,CLOSED,STANDBY,0,,,queue-times.com
2026-08-13T22:21:48Z,2026-08-14,0,21,Disneyland Park,Thunder Mesa Riverboat Landing,28,CLOSED,STANDBY,0,,,queue-times.com
2026-08-13T22:21:48Z,2026-08-14,0,21,Disneyland Park,Disneyland Railroad Main Street Station,2708,CLOSED,STANDBY,0,,,queue-times.com
2026-08-13T22:21:48Z,2026-08-14,0,21,Disneyland Park,Main Street Vehicles,12,CLOSED,STANDBY,0,,,queue-times.com
2026-08-13T22:21:48Z,2026-08-14,0,21,Disney Adventure World,Avengers Assemble: Flight Force,10848,CLOSED,STANDBY,0,,,queue-times.com
2026-08-13T22:21:48Z,2026-08-14,0,21,Disney Adventure World,Avengers Assemble: Flight Force Single Rider,10849,CLOSED,STANDBY,0,,,queue-times.com
2026-08-13T22:21:48Z,2026-08-14,0,21,Disney Adventure World,Spider-Man W.E.B. Adventure,10845,CLOSED,STANDBY,0,,,queue-times.com
2026-08-13T22:21:48Z,2026-08-14,0,21,Disney Adventure World,Spider-Man W.E.B. Adventure Single Rider,10846,CLOSED,STANDBY,0,,,queue-times.com
2026-08-13T22:21:48Z,2026-08-14,0,21,Disney Adventure World,The Twilight Zone Tower of Terror,40,CLOSED,STANDBY,0,,,queue-times.com
2026-08-13T22:21:48Z,2026-08-14,0,21,Disney Adventure World,Cars Quatre Roues Rallye,31,CLOSED,STANDBY,0,,,queue-times.com
2026-08-13T22:21:48Z,2026-08-14,0,21,Disney Adventure World,Cars ROAD TRIP,29,CLOSED,STANDBY,0,,,queue-times.com
2026-08-13T22:21:48Z,2026-08-14,0,21,Disney Adventure World,Crush's Coaster,32,CLOSED,STANDBY,0,,,queue-times.com
2026-08-13T22:21:48Z,2026-08-14,0,21,Disney Adventure World,Crush's Coaster Single Rider,7277,CLOSED,STANDBY,0,,,queue-times.com
2026-08-13T22:21:48Z,2026-08-14,0,21,Disney Adventure World,Les Tapis Volants - Flying Carpets Over Agrabah®,33,CLOSED,STANDBY,0,,,queue-times.com
2026-08-13T22:21:48Z,2026-08-14,0,21,Disney Adventure World,Ratatouille : L’Aventure Totalement Toquée de Rémy​,37,CLOSED,STANDBY,0,,,queue-times.com
2026-08-13T22:21:48Z,2026-08-14,0,21,Disney Adventure World,Ratatouille: The Adventure Single Rider,7279,CLOSED,STANDBY,0,,,queue-times.com
2026-08-13T22:21:48Z,2026-08-14,0,21,Disney Adventure World,RC Racer,34,CLOSED,STANDBY,0,,,queue-times.com
2026-08-13T22:21:48Z,2026-08-14,0,21,Disney Adventure World,RC Racer Single Rider,7280,CLOSED,STANDBY,0,,,queue-times.com
2026-08-13T22:21:48Z,2026-08-14,0,21,Disney Adventure World,Slinky® Dog Zigzag Spin,36,CLOSED,STANDBY,0,,,queue-times.com
2026-08-13T22:21:48Z,2026-08-14,0,21,Disney Adventure World,Toy Soldiers Parachute Drop,35,CLOSED,STANDBY,0,,,queue-times.com
2026-08-13T22:21:48Z,2026-08-14,0,21,Disney Adventure World,Toy Soldiers Parachute Drop Single Rider,7281,CLOSED,STANDBY,0,,,queue-times.com
2026-08-13T22:21:48Z,2026-08-14,0,21,Disney Adventure World,Entry to World of Frozen,16247,CLOSED,STANDBY,0,,,queue-times.com
2026-08-13T22:21:48Z,2026-08-14,0,21,Disney Adventure World,Frozen Ever After,15413,CLOSED,STANDBY,0,,,queue-times.com
2026-08-13T22:21:48Z,2026-08-14,0,21,Disney Adventure World,Raiponce Tangled Spin,15415,CLOSED,STANDBY,0,,,queue-times.com
2026-08-13T22:31:07Z,2026-08-14,0,31,Disneyland Park,Adventure Isle,2702,CLOSED,STANDBY,0,,,queue-times.com
2026-08-13T22:31:07Z,2026-08-14,0,31,Disneyland Park,Indiana Jones and the Temple of Peril Single Rider,7306,CLOSED,STANDBY,0,,,queue-times.com
2026-08-13T22:31:07Z,2026-08-14,0,31,Disneyland Park,Indiana Jones™ and the Temple of Peril,2,CLOSED,STANDBY,0,,,queue-times.com
2026-08-13T22:31:07Z,2026-08-14,0,31,Disneyland Park,La Cabane des Robinson,1,CLOSED,STANDBY,0,,,queue-times.com
2026-08-13T22:31:07Z,2026-08-14,0,31,Disneyland Park,Le Passage Enchanté d'Aladdin,2703,CLOSED,STANDBY,0,,,queue-times.com
2026-08-13T22:31:07Z,2026-08-14,0,31,Disneyland Park,Pirate Galleon,2705,CLOSED,STANDBY,0,,,queue-times.com
2026-08-13T22:31:07Z,2026-08-14,0,31,Disneyland Park,Pirates of the Caribbean,3,CLOSED,STANDBY,0,,,queue-times.com
2026-08-13T22:31:07Z,2026-08-14,0,31,Disneyland Park,Pirates' Beach,2704,CLOSED,STANDBY,0,,,queue-times.com
2026-08-13T22:31:07Z,2026-08-14,0,31,Disneyland Park,"Autopia, presented by Avis",4,CLOSED,STANDBY,0,,,queue-times.com
2026-08-13T22:31:07Z,2026-08-14,0,31,Disneyland Park,Buzz Lightyear Laser Blast,5,CLOSED,STANDBY,0,,,queue-times.com
2026-08-13T22:31:07Z,2026-08-14,0,31,Disneyland Park,Disneyland Railroad Discoveryland Station,2706,CLOSED,STANDBY,0,,,queue-times.com
2026-08-13T22:31:07Z,2026-08-14,0,31,Disneyland Park,Les Mystères du Nautilus,6,CLOSED,STANDBY,0,,,queue-times.com
2026-08-13T22:31:07Z,2026-08-14,0,31,Disneyland Park,Mickey’s PhilharMagic,2707,CLOSED,STANDBY,0,,,queue-times.com
2026-08-13T22:31:07Z,2026-08-14,0,31,Disneyland Park,Orbitron®,7,CLOSED,STANDBY,0,,,queue-times.com
2026-08-13T22:31:07Z,2026-08-14,0,31,Disneyland Park,Star Tours: The Adventures Continue*,9,CLOSED,STANDBY,0,,,queue-times.com
2026-08-13T22:31:07Z,2026-08-14,0,31,Disneyland Park,Star Wars Hyperspace Mountain,8,CLOSED,STANDBY,0,,,queue-times.com
2026-08-13T22:31:07Z,2026-08-14,0,31,Disneyland Park,Star Wars Hyperspace Mountain Single Rider,7278,CLOSED,STANDBY,0,,,queue-times.com
2026-08-13T22:31:07Z,2026-08-14,0,31,Disneyland Park,Welcome to Starport: A Star Wars Encounter,4573,CLOSED,STANDBY,0,,,queue-times.com
2026-08-13T22:31:07Z,2026-08-14,0,31,Disneyland Park,"""it's a small world""",19,CLOSED,STANDBY,0,,,queue-times.com
2026-08-13T22:31:07Z,2026-08-14,0,31,Disneyland Park,Alice's Curious Labyrinth,14,CLOSED,STANDBY,0,,,queue-times.com
2026-08-13T22:31:07Z,2026-08-14,0,31,Disneyland Park,Blanche-Neige et les Sept Nains®,15,CLOSED,STANDBY,0,,,queue-times.com
2026-08-13T22:31:07Z,2026-08-14,0,31,Disneyland Park,Casey Jr. – le Petit Train du Cirque,17,CLOSED,STANDBY,0,,,queue-times.com
2026-08-13T22:31:07Z,2026-08-14,0,31,Disneyland Park,Disneyland Railroad Fantasyland Station,2711,CLOSED,STANDBY,0,,,queue-times.com
2026-08-13T22:31:07Z,2026-08-14,0,31,Disneyland Park,Disneyland Railroad Main Street Station,11,CLOSED,STANDBY,0,,,queue-times.com
2026-08-13T22:31:07Z,2026-08-14,0,31,Disneyland Park,Dumbo the Flying Elephant,18,CLOSED,STANDBY,0,,,queue-times.com
2026-08-13T22:31:07Z,2026-08-14,0,31,Disneyland Park,La Tanière du Dragon,2710,CLOSED,STANDBY,0,,,queue-times.com
2026-08-13T22:31:07Z,2026-08-14,0,31,Disneyland Park,Le Carrousel de Lancelot,16,CLOSED,STANDBY,0,,,queue-times.com
2026-08-13T22:31:07Z,2026-08-14,0,31,Disneyland Park,"Le Pays des Contes de Fées, presented by Vittel",21,CLOSED,STANDBY,0,,,queue-times.com
2026-08-13T22:31:07Z,2026-08-14,0,31,Disneyland Park,Les Voyages de Pinocchio,23,CLOSED,STANDBY,0,,,queue-times.com
2026-08-13T22:31:07Z,2026-08-14,0,31,Disneyland Park,Mad Hatter's Tea Cups,20,CLOSED,STANDBY,0,,,queue-times.com
2026-08-13T22:31:07Z,2026-08-14,0,31,Disneyland Park,Meet Mickey Mouse,13,CLOSED,STANDBY,0,,,queue-times.com
2026-08-13T22:31:07Z,2026-08-14,0,31,Disneyland Park,Peter Pan's Flight,22,CLOSED,STANDBY,0,,,queue-times.com
2026-08-13T22:31:07Z,2026-08-14,0,31,Disneyland Park,Princess Pavilion,24,CLOSED,STANDBY,0,,,queue-times.com
2026-08-13T22:31:07Z,2026-08-14,0,31,Disneyland Park,Big Thunder Mountain,25,CLOSED,STANDBY,0,,,queue-times.com
2026-08-13T22:31:07Z,2026-08-14,0,31,Disneyland Park,Disneyland Railroad Frontierland Depot,2714,CLOSED,STANDBY,0,,,queue-times.com
2026-08-13T22:31:07Z,2026-08-14,0,31,Disneyland Park,Frontierland Playground,2713,CLOSED,STANDBY,0,,,queue-times.com
2026-08-13T22:31:07Z,2026-08-14,0,31,Disneyland Park,Phantom Manor,26,CLOSED,STANDBY,0,,,queue-times.com
2026-08-13T22:31:07Z,2026-08-14,0,31,Disneyland Park,River Rogue Keelboats,27,CLOSED,STANDBY,0,,,queue-times.com
2026-08-13T22:31:07Z,2026-08-14,0,31,Disneyland Park,Rustler Roundup Shootin' Gallery,2712,CLOSED,STANDBY,0,,,queue-times.com
2026-08-13T22:31:07Z,2026-08-14,0,31,Disneyland Park,Thunder Mesa Riverboat Landing,28,CLOSED,STANDBY,0,,,queue-times.com
2026-08-13T22:31:07Z,2026-08-14,0,31,Disneyland Park,Disneyland Railroad Main Street Station,2708,CLOSED,STANDBY,0,,,queue-times.com
2026-08-13T22:31:07Z,2026-08-14,0,31,Disneyland Park,Main Street Vehicles,12,CLOSED,STANDBY,0,,,queue-times.com
2026-08-13T22:31:07Z,2026-08-14,0,31,Disney Adventure World,Avengers Assemble: Flight Force,10848,CLOSED,STANDBY,0,,,queue-times.com
2026-08-13T22:31:07Z,2026-08-14,0,31,Disney Adventure World,Avengers Assemble: Flight Force Single Rider,10849,CLOSED,STANDBY,0,,,queue-times.com
2026-08-13T22:31:07Z,2026-08-14,0,31,Disney Adventure World,Spider-Man W.E.B. Adventure,10845,CLOSED,STANDBY,0,,,queue-times.com
2026-08-13T22:31:07Z,2026-08-14,0,31,Disney Adventure World,Spider-Man W.E.B. Adventure Single Rider,10846,CLOSED,STANDBY,0,,,queue-times.com
2026-08-13T22:31:07Z,2026-08-14,0,31,Disney Adventure World,The Twilight Zone Tower of Terror,40,CLOSED,STANDBY,0,,,queue-times.com
2026-08-13T22:31:07Z,2026-08-14,0,31,Disney Adventure World,Cars Quatre Roues Rallye,31,CLOSED,STANDBY,0,,,queue-times.com
2026-08-13T22:31:07Z,2026-08-14,0,31,Disney Adventure World,Cars ROAD TRIP,29,CLOSED,STANDBY,0,,,queue-times.com
2026-08-13T22:31:07Z,2026-08-14,0,31,Disney Adventure World,Crush's Coaster,32,CLOSED,STANDBY,0,,,queue-times.com
2026-08-13T22:31:07Z,2026-08-14,0,31,Disney Adventure World,Crush's Coaster Single Rider,7277,CLOSED,STANDBY,0,,,queue-times.com
2026-08-13T22:31:07Z,2026-08-14,0,31,Disney Adventure World,Les Tapis Volants - Flying Carpets Over Agrabah®,33,CLOSED,STANDBY,0,,,queue-times.com
2026-08-13T22:31:07Z,2026-08-14,0,31,Disney Adventure World,Ratatouille : L’Aventure Totalement Toquée de Rémy​,37,CLOSED,STANDBY,0,,,queue-times.com
2026-08-13T22:31:07Z,2026-08-14,0,31,Disney Adventure World,Ratatouille: The Adventure Single Rider,7279,CLOSED,STANDBY,0,,,queue-times.com
2026-08-13T22:31:07Z,2026-08-14,0,31,Disney Adventure World,RC Racer,34,CLOSED,STANDBY,0,,,queue-times.com
2026-08-13T22:31:07Z,2026-08-14,0,31,Disney Adventure World,RC Racer Single Rider,7280,CLOSED,STANDBY,0,,,queue-times.com
2026-08-13T22:31:07Z,2026-08-14,0,31,Disney Adventure World,Slinky® Dog Zigzag Spin,36,CLOSED,STANDBY,0,,,queue-times.com
2026-08-13T22:31:07Z,2026-08-14,0,31,Disney Adventure World,Toy Soldiers Parachute Drop,35,CLOSED,STANDBY,0,,,queue-times.com
2026-08-13T22:31:07Z,2026-08-14,0,31,Disney Adventure World,Toy Soldiers Parachute Drop Single Rider,7281,CLOSED,STANDBY,0,,,queue-times.com
2026-08-13T22:31:07Z,2026-08-14,0,31,Disney Adventure World,Entry to World of Frozen,16247,CLOSED,STANDBY,0,,,queue-times.com
2026-08-13T22:31:07Z,2026-08-14,0,31,Disney Adventure World,Frozen Ever After,15413,CLOSED,STANDBY,0,,,queue-times.com
2026-08-13T22:31:07Z,2026-08-14,0,31,Disney Adventure World,Raiponce Tangled Spin,15415,CLOSED,STANDBY,0,,,queue-times.com
2026-08-13T22:45:46Z,2026-08-14,0,45,Disneyland Park,Adventure Isle,2702,CLOSED,STANDBY,0,,,queue-times.com
2026-08-13T22:45:46Z,2026-08-14,0,45,Disneyland Park,Indiana Jones and the Temple of Peril Single Rider,7306,CLOSED,STANDBY,0,,,queue-times.com
2026-08-13T22:45:46Z,2026-08-14,0,45,Disneyland Park,Indiana Jones™ and the Temple of Peril,2,CLOSED,STANDBY,0,,,queue-times.com
2026-08-13T22:45:46Z,2026-08-14,0,45,Disneyland Park,La Cabane des Robinson,1,CLOSED,STANDBY,0,,,queue-times.com
2026-08-13T22:45:46Z,2026-08-14,0,45,Disneyland Park,Le Passage Enchanté d'Aladdin,2703,CLOSED,STANDBY,0,,,queue-times.com
2026-08-13T22:45:46Z,2026-08-14,0,45,Disneyland Park,Pirate Galleon,2705,CLOSED,STANDBY,0,,,queue-times.com
2026-08-13T22:45:46Z,2026-08-14,0,45,Disneyland Park,Pirates of the Caribbean,3,CLOSED,STANDBY,0,,,queue-times.com
2026-08-13T22:45:46Z,2026-08-14,0,45,Disneyland Park,Pirates' Beach,2704,CLOSED,STANDBY,0,,,queue-times.com
2026-08-13T22:45:46Z,2026-08-14,0,45,Disneyland Park,"Autopia, presented by Avis",4,CLOSED,STANDBY,0,,,queue-times.com
2026-08-13T22:45:46Z,2026-08-14,0,45,Disneyland Park,Buzz Lightyear Laser Blast,5,CLOSED,STANDBY,0,,,queue-times.com
2026-08-13T22:45:46Z,2026-08-14,0,45,Disneyland Park,Disneyland Railroad Discoveryland Station,2706,CLOSED,STANDBY,0,,,queue-times.com
2026-08-13T22:45:46Z,2026-08-14,0,45,Disneyland Park,Les Mystères du Nautilus,6,CLOSED,STANDBY,0,,,queue-times.com
2026-08-13T22:45:46Z,2026-08-14,0,45,Disneyland Park,Mickey’s PhilharMagic,2707,CLOSED,STANDBY,0,,,queue-times.com
2026-08-13T22:45:46Z,2026-08-14,0,45,Disneyland Park,Orbitron®,7,CLOSED,STANDBY,0,,,queue-times.com
2026-08-13T22:45:46Z,2026-08-14,0,45,Disneyland Park,Star Tours: The Adventures Continue*,9,CLOSED,STANDBY,0,,,queue-times.com
2026-08-13T22:45:46Z,2026-08-14,0,45,Disneyland Park,Star Wars Hyperspace Mountain,8,CLOSED,STANDBY,0,,,queue-times.com
2026-08-13T22:45:46Z,2026-08-14,0,45,Disneyland Park,Star Wars Hyperspace Mountain Single Rider,7278,CLOSED,STANDBY,0,,,queue-times.com
2026-08-13T22:45:46Z,2026-08-14,0,45,Disneyland Park,Welcome to Starport: A Star Wars Encounter,4573,CLOSED,STANDBY,0,,,queue-times.com
2026-08-13T22:45:46Z,2026-08-14,0,45,Disneyland Park,"""it's a small world""",19,CLOSED,STANDBY,0,,,queue-times.com
2026-08-13T22:45:46Z,2026-08-14,0,45,Disneyland Park,Alice's Curious Labyrinth,14,CLOSED,STANDBY,0,,,queue-times.com
2026-08-13T22:45:46Z,2026-08-14,0,45,Disneyland Park,Blanche-Neige et les Sept Nains®,15,CLOSED,STANDBY,0,,,queue-times.com
2026-08-13T22:45:46Z,2026-08-14,0,45,Disneyland Park,Casey Jr. – le Petit Train du Cirque,17,CLOSED,STANDBY,0,,,queue-times.com
2026-08-13T22:45:46Z,2026-08-14,0,45,Disneyland Park,Disneyland Railroad Fantasyland Station,2711,CLOSED,STANDBY,0,,,queue-times.com
2026-08-13T22:45:46Z,2026-08-14,0,45,Disneyland Park,Disneyland Railroad Main Street Station,11,CLOSED,STANDBY,0,,,queue-times.com
2026-08-13T22:45:46Z,2026-08-14,0,45,Disneyland Park,Dumbo the Flying Elephant,18,CLOSED,STANDBY,0,,,queue-times.com
2026-08-13T22:45:46Z,2026-08-14,0,45,Disneyland Park,La Tanière du Dragon,2710,CLOSED,STANDBY,0,,,queue-times.com
2026-08-13T22:45:46Z,2026-08-14,0,45,Disneyland Park,Le Carrousel de Lancelot,16,CLOSED,STANDBY,0,,,queue-times.com
2026-08-13T22:45:46Z,2026-08-14,0,45,Disneyland Park,"Le Pays des Contes de Fées, presented by Vittel",21,CLOSED,STANDBY,0,,,queue-times.com
2026-08-13T22:45:46Z,2026-08-14,0,45,Disneyland Park,Les Voyages de Pinocchio,23,CLOSED,STANDBY,0,,,queue-times.com
2026-08-13T22:45:46Z,2026-08-14,0,45,Disneyland Park,Mad Hatter's Tea Cups,20,CLOSED,STANDBY,0,,,queue-times.com
2026-08-13T22:45:46Z,2026-08-14,0,45,Disneyland Park,Meet Mickey Mouse,13,CLOSED,STANDBY,0,,,queue-times.com
2026-08-13T22:45:46Z,2026-08-14,0,45,Disneyland Park,Peter Pan's Flight,22,CLOSED,STANDBY,0,,,queue-times.com
2026-08-13T22:45:46Z,2026-08-14,0,45,Disneyland Park,Princess Pavilion,24,CLOSED,STANDBY,0,,,queue-times.com
2026-08-13T22:45:46Z,2026-08-14,0,45,Disneyland Park,Big Thunder Mountain,25,CLOSED,STANDBY,0,,,queue-times.com
2026-08-13T22:45:46Z,2026-08-14,0,45,Disneyland Park,Disneyland Railroad Frontierland Depot,2714,CLOSED,STANDBY,0,,,queue-times.com
2026-08-13T22:45:46Z,2026-08-14,0,45,Disneyland Park,Frontierland Playground,2713,CLOSED,STANDBY,0,,,queue-times.com
2026-08-13T22:45:46Z,2026-08-14,0,45,Disneyland Park,Phantom Manor,26,CLOSED,STANDBY,0,,,queue-times.com
2026-08-13T22:45:46Z,2026-08-14,0,45,Disneyland Park,River Rogue Keelboats,27,CLOSED,STANDBY,0,,,queue-times.com
2026-08-13T22:45:46Z,2026-08-14,0,45,Disneyland Park,Rustler Roundup Shootin' Gallery,2712,CLOSED,STANDBY,0,,,queue-times.com
2026-08-13T22:45:46Z,2026-08-14,0,45,Disneyland Park,Thunder Mesa Riverboat Landing,28,CLOSED,STANDBY,0,,,queue-times.com
2026-08-13T22:45:46Z,2026-08-14,0,45,Disneyland Park,Disneyland Railroad Main Street Station,2708,CLOSED,STANDBY,0,,,queue-times.com
2026-08-13T22:45:46Z,2026-08-14,0,45,Disneyland Park,Main Street Vehicles,12,CLOSED,STANDBY,0,,,queue-times.com
2026-08-13T22:45:46Z,2026-08-14,0,45,Disney Adventure World,Avengers Assemble: Flight Force,10848,CLOSED,STANDBY,0,,,queue-times.com
2026-08-13T22:45:46Z,2026-08-14,0,45,Disney Adventure World,Avengers Assemble: Flight Force Single Rider,10849,CLOSED,STANDBY,0,,,queue-times.com
2026-08-13T22:45:46Z,2026-08-14,0,45,Disney Adventure World,Spider-Man W.E.B. Adventure,10845,CLOSED,STANDBY,0,,,queue-times.com
2026-08-13T22:45:46Z,2026-08-14,0,45,Disney Adventure World,Spider-Man W.E.B. Adventure Single Rider,10846,CLOSED,STANDBY,0,,,queue-times.com
2026-08-13T22:45:46Z,2026-08-14,0,45,Disney Adventure World,The Twilight Zone Tower of Terror,40,CLOSED,STANDBY,0,,,queue-times.com
2026-08-13T22:45:46Z,2026-08-14,0,45,Disney Adventure World,Cars Quatre Roues Rallye,31,CLOSED,STANDBY,0,,,queue-times.com
2026-08-13T22:45:46Z,2026-08-14,0,45,Disney Adventure World,Cars ROAD TRIP,29,CLOSED,STANDBY,0,,,queue-times.com
2026-08-13T22:45:46Z,2026-08-14,0,45,Disney Adventure World,Crush's Coaster,32,CLOSED,STANDBY,0,,,queue-times.com
2026-08-13T22:45:46Z,2026-08-14,0,45,Disney Adventure World,Crush's Coaster Single Rider,7277,CLOSED,STANDBY,0,,,queue-times.com
2026-08-13T22:45:46Z,2026-08-14,0,45,Disney Adventure World,Les Tapis Volants - Flying Carpets Over Agrabah®,33,CLOSED,STANDBY,0,,,queue-times.com
2026-08-13T22:45:46Z,2026-08-14,0,45,Disney Adventure World,Ratatouille : L’Aventure Totalement Toquée de Rémy​,37,CLOSED,STANDBY,0,,,queue-times.com
2026-08-13T22:45:46Z,2026-08-14,0,45,Disney Adventure World,Ratatouille: The Adventure Single Rider,7279,CLOSED,STANDBY,0,,,queue-times.com
2026-08-13T22:45:46Z,2026-08-14,0,45,Disney Adventure World,RC Racer,34,CLOSED,STANDBY,0,,,queue-times.com
2026-08-13T22:45:46Z,2026-08-14,0,45,Disney Adventure World,RC Racer Single Rider,7280,CLOSED,STANDBY,0,,,queue-times.com
2026-08-13T22:45:46Z,2026-08-14,0,45,Disney Adventure World,Slinky® Dog Zigzag Spin,36,CLOSED,STANDBY,0,,,queue-times.com
2026-08-13T22:45:46Z,2026-08-14,0,45,Disney Adventure World,Toy Soldiers Parachute Drop,35,CLOSED,STANDBY,0,,,queue-times.com
2026-08-13T22:45:46Z,2026-08-14,0,45,Disney Adventure World,Toy Soldiers Parachute Drop Single Rider,7281,CLOSED,STANDBY,0,,,queue-times.com
2026-08-13T22:45:46Z,2026-08-14,0,45,Disney Adventure World,Entry to World of Frozen,16247,CLOSED,STANDBY,0,,,queue-times.com
2026-08-13T22:45:46Z,2026-08-14,0,45,Disney Adventure World,Frozen Ever After,15413,CLOSED,STANDBY,0,,,queue-times.com
2026-08-13T22:45:46Z,2026-08-14,0,45,Disney Adventure World,Raiponce Tangled Spin,15415,CLOSED,STANDBY,0,,,queue-times.com
2026-08-13T23:01:19Z,2026-08-14,1,1,Disneyland Park,Adventure Isle,2702,CLOSED,STANDBY,0,,,queue-times.com
2026-08-13T23:01:19Z,2026-08-14,1,1,Disneyland Park,Indiana Jones and the Temple of Peril Single Rider,7306,CLOSED,STANDBY,0,,,queue-times.com
2026-08-13T23:01:19Z,2026-08-14,1,1,Disneyland Park,Indiana Jones™ and the Temple of Peril,2,CLOSED,STANDBY,0,,,queue-times.com
2026-08-13T23:01:19Z,2026-08-14,1,1,Disneyland Park,La Cabane des Robinson,1,CLOSED,STANDBY,0,,,queue-times.com
2026-08-13T23:01:19Z,2026-08-14,1,1,Disneyland Park,Le Passage Enchanté d'Aladdin,2703,CLOSED,STANDBY,0,,,queue-times.com
2026-08-13T23:01:19Z,2026-08-14,1,1,Disneyland Park,Pirate Galleon,2705,CLOSED,STANDBY,0,,,queue-times.com
2026-08-13T23:01:19Z,2026-08-14,1,1,Disneyland Park,Pirates of the Caribbean,3,CLOSED,STANDBY,0,,,queue-times.com
2026-08-13T23:01:19Z,2026-08-14,1,1,Disneyland Park,Pirates' Beach,2704,CLOSED,STANDBY,0,,,queue-times.com
2026-08-13T23:01:19Z,2026-08-14,1,1,Disneyland Park,"Autopia, presented by Avis",4,CLOSED,STANDBY,0,,,queue-times.com
2026-08-13T23:01:19Z,2026-08-14,1,1,Disneyland Park,Buzz Lightyear Laser Blast,5,CLOSED,STANDBY,0,,,queue-times.com
2026-08-13T23:01:19Z,2026-08-14,1,1,Disneyland Park,Disneyland Railroad Discoveryland Station,2706,CLOSED,STANDBY,0,,,queue-times.com
2026-08-13T23:01:19Z,2026-08-14,1,1,Disneyland Park,Les Mystères du Nautilus,6,CLOSED,STANDBY,0,,,queue-times.com
2026-08-13T23:01:19Z,2026-08-14,1,1,Disneyland Park,Mickey’s PhilharMagic,2707,CLOSED,STANDBY,0,,,queue-times.com
2026-08-13T23:01:19Z,2026-08-14,1,1,Disneyland Park,Orbitron®,7,CLOSED,STANDBY,0,,,queue-times.com
2026-08-13T23:01:19Z,2026-08-14,1,1,Disneyland Park,Star Tours: The Adventures Continue*,9,CLOSED,STANDBY,0,,,queue-times.com
2026-08-13T23:01:19Z,2026-08-14,1,1,Disneyland Park,Star Wars Hyperspace Mountain,8,CLOSED,STANDBY,0,,,queue-times.com
2026-08-13T23:01:19Z,2026-08-14,1,1,Disneyland Park,Star Wars Hyperspace Mountain Single Rider,7278,CLOSED,STANDBY,0,,,queue-times.com
2026-08-13T23:01:19Z,2026-08-14,1,1,Disneyland Park,Welcome to Starport: A Star Wars Encounter,4573,CLOSED,STANDBY,0,,,queue-times.com
2026-08-13T23:01:19Z,2026-08-14,1,1,Disneyland Park,"""it's a small world""",19,CLOSED,STANDBY,0,,,queue-times.com
2026-08-13T23:01:19Z,2026-08-14,1,1,Disneyland Park,Alice's Curious Labyrinth,14,CLOSED,STANDBY,0,,,queue-times.com
2026-08-13T23:01:19Z,2026-08-14,1,1,Disneyland Park,Blanche-Neige et les Sept Nains®,15,CLOSED,STANDBY,0,,,queue-times.com
2026-08-13T23:01:19Z,2026-08-14,1,1,Disneyland Park,Casey Jr. – le Petit Train du Cirque,17,CLOSED,STANDBY,0,,,queue-times.com
2026-08-13T23:01:19Z,2026-08-14,1,1,Disneyland Park,Disneyland Railroad Fantasyland Station,2711,CLOSED,STANDBY,0,,,queue-times.com
2026-08-13T23:01:19Z,2026-08-14,1,1,Disneyland Park,Disneyland Railroad Main Street Station,11,CLOSED,STANDBY,0,,,queue-times.com
2026-08-13T23:01:19Z,2026-08-14,1,1,Disneyland Park,Dumbo the Flying Elephant,18,CLOSED,STANDBY,0,,,queue-times.com
2026-08-13T23:01:19Z,2026-08-14,1,1,Disneyland Park,La Tanière du Dragon,2710,CLOSED,STANDBY,0,,,queue-times.com
2026-08-13T23:01:19Z,2026-08-14,1,1,Disneyland Park,Le Carrousel de Lancelot,16,CLOSED,STANDBY,0,,,queue-times.com
2026-08-13T23:01:19Z,2026-08-14,1,1,Disneyland Park,"Le Pays des Contes de Fées, presented by Vittel",21,CLOSED,STANDBY,0,,,queue-times.com
2026-08-13T23:01:19Z,2026-08-14,1,1,Disneyland Park,Les Voyages de Pinocchio,23,CLOSED,STANDBY,0,,,queue-times.com
2026-08-13T23:01:19Z,2026-08-14,1,1,Disneyland Park,Mad Hatter's Tea Cups,20,CLOSED,STANDBY,0,,,queue-times.com
2026-08-13T23:01:19Z,2026-08-14,1,1,Disneyland Park,Meet Mickey Mouse,13,CLOSED,STANDBY,0,,,queue-times.com
2026-08-13T23:01:19Z,2026-08-14,1,1,Disneyland Park,Peter Pan's Flight,22,CLOSED,STANDBY,0,,,queue-times.com
2026-08-13T23:01:19Z,2026-08-14,1,1,Disneyland Park,Princess Pavilion,24,CLOSED,STANDBY,0,,,queue-times.com
2026-08-13T23:01:19Z,2026-08-14,1,1,Disneyland Park,Big Thunder Mountain,25,CLOSED,STANDBY,0,,,queue-times.com
2026-08-13T23:01:19Z,2026-08-14,1,1,Disneyland Park,Disneyland Railroad Frontierland Depot,2714,CLOSED,STANDBY,0,,,queue-times.com
2026-08-13T23:01:19Z,2026-08-14,1,1,Disneyland Park,Frontierland Playground,2713,CLOSED,STANDBY,0,,,queue-times.com
2026-08-13T23:01:19Z,2026-08-14,1,1,Disneyland Park,Phantom Manor,26,CLOSED,STANDBY,0,,,queue-times.com
2026-08-13T23:01:19Z,2026-08-14,1,1,Disneyland Park,River Rogue Keelboats,27,CLOSED,STANDBY,0,,,queue-times.com
2026-08-13T23:01:19Z,2026-08-14,1,1,Disneyland Park,Rustler Roundup Shootin' Gallery,2712,CLOSED,STANDBY,0,,,queue-times.com
2026-08-13T23:01:19Z,2026-08-14,1,1,Disneyland Park,Thunder Mesa Riverboat Landing,28,CLOSED,STANDBY,0,,,queue-times.com
2026-08-13T23:01:19Z,2026-08-14,1,1,Disneyland Park,Disneyland Railroad Main Street Station,2708,CLOSED,STANDBY,0,,,queue-times.com
2026-08-13T23:01:19Z,2026-08-14,1,1,Disneyland Park,Main Street Vehicles,12,CLOSED,STANDBY,0,,,queue-times.com
2026-08-13T23:01:19Z,2026-08-14,1,1,Disney Adventure World,Avengers Assemble: Flight Force,10848,CLOSED,STANDBY,0,,,queue-times.com
2026-08-13T23:01:19Z,2026-08-14,1,1,Disney Adventure World,Avengers Assemble: Flight Force Single Rider,10849,CLOSED,STANDBY,0,,,queue-times.com
2026-08-13T23:01:19Z,2026-08-14,1,1,Disney Adventure World,Spider-Man W.E.B. Adventure,10845,CLOSED,STANDBY,0,,,queue-times.com
2026-08-13T23:01:19Z,2026-08-14,1,1,Disney Adventure World,Spider-Man W.E.B. Adventure Single Rider,10846,CLOSED,STANDBY,0,,,queue-times.com
2026-08-13T23:01:19Z,2026-08-14,1,1,Disney Adventure World,The Twilight Zone Tower of Terror,40,CLOSED,STANDBY,0,,,queue-times.com
2026-08-13T23:01:19Z,2026-08-14,1,1,Disney Adventure World,Cars Quatre Roues Rallye,31,CLOSED,STANDBY,0,,,queue-times.com
2026-08-13T23:01:19Z,2026-08-14,1,1,Disney Adventure World,Cars ROAD TRIP,29,CLOSED,STANDBY,0,,,queue-times.com
2026-08-13T23:01:19Z,2026-08-14,1,1,Disney Adventure World,Crush's Coaster,32,CLOSED,STANDBY,0,,,queue-times.com
2026-08-13T23:01:19Z,2026-08-14,1,1,Disney Adventure World,Crush's Coaster Single Rider,7277,CLOSED,STANDBY,0,,,queue-times.com
2026-08-13T23:01:19Z,2026-08-14,1,1,Disney Adventure World,Les Tapis Volants - Flying Carpets Over Agrabah®,33,CLOSED,STANDBY,0,,,queue-times.com
2026-08-13T23:01:19Z,2026-08-14,1,1,Disney Adventure World,Ratatouille : L’Aventure Totalement Toquée de Rémy​,37,CLOSED,STANDBY,0,,,queue-times.com
2026-08-13T23:01:19Z,2026-08-14,1,1,Disney Adventure World,Ratatouille: The Adventure Single Rider,7279,CLOSED,STANDBY,0,,,queue-times.com
2026-08-13T23:01:19Z,2026-08-14,1,1,Disney Adventure World,RC Racer,34,CLOSED,STANDBY,0,,,queue-times.com
2026-08-13T23:01:19Z,2026-08-14,1,1,Disney Adventure World,RC Racer Single Rider,7280,CLOSED,STANDBY,0,,,queue-times.com
2026-08-13T23:01:19Z,2026-08-14,1,1,Disney Adventure World,Slinky® Dog Zigzag Spin,36,CLOSED,STANDBY,0,,,queue-times.com
2026-08-13T23:01:19Z,2026-08-14,1,1,Disney Adventure World,Toy Soldiers Parachute Drop,35,CLOSED,STANDBY,0,,,queue-times.com
2026-08-13T23:01:19Z,2026-08-14,1,1,Disney Adventure World,Toy Soldiers Parachute Drop Single Rider,7281,CLOSED,STANDBY,0,,,queue-times.com
2026-08-13T23:01:19Z,2026-08-14,1,1,Disney Adventure World,Entry to World of Frozen,16247,CLOSED,STANDBY,0,,,queue-times.com
2026-08-13T23:01:19Z,2026-08-14,1,1,Disney Adventure World,Frozen Ever After,15413,CLOSED,STANDBY,0,,,queue-times.com
2026-08-13T23:01:19Z,2026-08-14,1,1,Disney Adventure World,Raiponce Tangled Spin,15415,CLOSED,STANDBY,0,,,queue-times.com
2026-08-13T23:09:36Z,2026-08-14,1,9,Disneyland Park,Adventure Isle,2702,CLOSED,STANDBY,0,,,queue-times.com
2026-08-13T23:09:36Z,2026-08-14,1,9,Disneyland Park,Indiana Jones and the Temple of Peril Single Rider,7306,CLOSED,STANDBY,0,,,queue-times.com
2026-08-13T23:09:36Z,2026-08-14,1,9,Disneyland Park,Indiana Jones™ and the Temple of Peril,2,CLOSED,STANDBY,0,,,queue-times.com
2026-08-13T23:09:36Z,2026-08-14,1,9,Disneyland Park,La Cabane des Robinson,1,CLOSED,STANDBY,0,,,queue-times.com
2026-08-13T23:09:36Z,2026-08-14,1,9,Disneyland Park,Le Passage Enchanté d'Aladdin,2703,CLOSED,STANDBY,0,,,queue-times.com
2026-08-13T23:09:36Z,2026-08-14,1,9,Disneyland Park,Pirate Galleon,2705,CLOSED,STANDBY,0,,,queue-times.com
2026-08-13T23:09:36Z,2026-08-14,1,9,Disneyland Park,Pirates of the Caribbean,3,CLOSED,STANDBY,0,,,queue-times.com
2026-08-13T23:09:36Z,2026-08-14,1,9,Disneyland Park,Pirates' Beach,2704,CLOSED,STANDBY,0,,,queue-times.com
2026-08-13T23:09:36Z,2026-08-14,1,9,Disneyland Park,"Autopia, presented by Avis",4,CLOSED,STANDBY,0,,,queue-times.com
2026-08-13T23:09:36Z,2026-08-14,1,9,Disneyland Park,Buzz Lightyear Laser Blast,5,CLOSED,STANDBY,0,,,queue-times.com
2026-08-13T23:09:36Z,2026-08-14,1,9,Disneyland Park,Disneyland Railroad Discoveryland Station,2706,CLOSED,STANDBY,0,,,queue-times.com
2026-08-13T23:09:36Z,2026-08-14,1,9,Disneyland Park,Les Mystères du Nautilus,6,CLOSED,STANDBY,0,,,queue-times.com
2026-08-13T23:09:36Z,2026-08-14,1,9,Disneyland Park,Mickey’s PhilharMagic,2707,CLOSED,STANDBY,0,,,queue-times.com
2026-08-13T23:09:36Z,2026-08-14,1,9,Disneyland Park,Orbitron®,7,CLOSED,STANDBY,0,,,queue-times.com
2026-08-13T23:09:36Z,2026-08-14,1,9,Disneyland Park,Star Tours: The Adventures Continue*,9,CLOSED,STANDBY,0,,,queue-times.com
2026-08-13T23:09:36Z,2026-08-14,1,9,Disneyland Park,Star Wars Hyperspace Mountain,8,CLOSED,STANDBY,0,,,queue-times.com
2026-08-13T23:09:36Z,2026-08-14,1,9,Disneyland Park,Star Wars Hyperspace Mountain Single Rider,7278,CLOSED,STANDBY,0,,,queue-times.com
2026-08-13T23:09:36Z,2026-08-14,1,9,Disneyland Park,Welcome to Starport: A Star Wars Encounter,4573,CLOSED,STANDBY,0,,,queue-times.com
2026-08-13T23:09:36Z,2026-08-14,1,9,Disneyland Park,"""it's a small world""",19,CLOSED,STANDBY,0,,,queue-times.com
2026-08-13T23:09:36Z,2026-08-14,1,9,Disneyland Park,Alice's Curious Labyrinth,14,CLOSED,STANDBY,0,,,queue-times.com
2026-08-13T23:09:36Z,2026-08-14,1,9,Disneyland Park,Blanche-Neige et les Sept Nains®,15,CLOSED,STANDBY,0,,,queue-times.com
2026-08-13T23:09:36Z,2026-08-14,1,9,Disneyland Park,Casey Jr. – le Petit Train du Cirque,17,CLOSED,STANDBY,0,,,queue-times.com
2026-08-13T23:09:36Z,2026-08-14,1,9,Disneyland Park,Disneyland Railroad Fantasyland Station,2711,CLOSED,STANDBY,0,,,queue-times.com
2026-08-13T23:09:36Z,2026-08-14,1,9,Disneyland Park,Disneyland Railroad Main Street Station,11,CLOSED,STANDBY,0,,,queue-times.com
2026-08-13T23:09:36Z,2026-08-14,1,9,Disneyland Park,Dumbo the Flying Elephant,18,CLOSED,STANDBY,0,,,queue-times.com
2026-08-13T23:09:36Z,2026-08-14,1,9,Disneyland Park,La Tanière du Dragon,2710,CLOSED,STANDBY,0,,,queue-times.com
2026-08-13T23:09:36Z,2026-08-14,1,9,Disneyland Park,Le Carrousel de Lancelot,16,CLOSED,STANDBY,0,,,queue-times.com
2026-08-13T23:09:36Z,2026-08-14,1,9,Disneyland Park,"Le Pays des Contes de Fées, presented by Vittel",21,CLOSED,STANDBY,0,,,queue-times.com
2026-08-13T23:09:36Z,2026-08-14,1,9,Disneyland Park,Les Voyages de Pinocchio,23,CLOSED,STANDBY,0,,,queue-times.com
2026-08-13T23:09:36Z,2026-08-14,1,9,Disneyland Park,Mad Hatter's Tea Cups,20,CLOSED,STANDBY,0,,,queue-times.com
2026-08-13T23:09:36Z,2026-08-14,1,9,Disneyland Park,Meet Mickey Mouse,13,CLOSED,STANDBY,0,,,queue-times.com
2026-08-13T23:09:36Z,2026-08-14,1,9,Disneyland Park,Peter Pan's Flight,22,CLOSED,STANDBY,0,,,queue-times.com
2026-08-13T23:09:36Z,2026-08-14,1,9,Disneyland Park,Princess Pavilion,24,CLOSED,STANDBY,0,,,queue-times.com
2026-08-13T23:09:36Z,2026-08-14,1,9,Disneyland Park,Big Thunder Mountain,25,CLOSED,STANDBY,0,,,queue-times.com
2026-08-13T23:09:36Z,2026-08-14,1,9,Disneyland Park,Disneyland Railroad Frontierland Depot,2714,CLOSED,STANDBY,0,,,queue-times.com
2026-08-13T23:09:36Z,2026-08-14,1,9,Disneyland Park,Frontierland Playground,2713,CLOSED,STANDBY,0,,,queue-times.com
2026-08-13T23:09:36Z,2026-08-14,1,9,Disneyland Park,Phantom Manor,26,CLOSED,STANDBY,0,,,queue-times.com
2026-08-13T23:09:36Z,2026-08-14,1,9,Disneyland Park,River Rogue Keelboats,27,CLOSED,STANDBY,0,,,queue-times.com
2026-08-13T23:09:36Z,2026-08-14,1,9,Disneyland Park,Rustler Roundup Shootin' Gallery,2712,CLOSED,STANDBY,0,,,queue-times.com
2026-08-13T23:09:36Z,2026-08-14,1,9,Disneyland Park,Thunder Mesa Riverboat Landing,28,CLOSED,STANDBY,0,,,queue-times.com
2026-08-13T23:09:36Z,2026-08-14,1,9,Disneyland Park,Disneyland Railroad Main Street Station,2708,CLOSED,STANDBY,0,,,queue-times.com
2026-08-13T23:09:36Z,2026-08-14,1,9,Disneyland Park,Main Street Vehicles,12,CLOSED,STANDBY,0,,,queue-times.com
2026-08-13T23:09:36Z,2026-08-14,1,9,Disney Adventure World,Avengers Assemble: Flight Force,10848,CLOSED,STANDBY,0,,,queue-times.com
2026-08-13T23:09:36Z,2026-08-14,1,9,Disney Adventure World,Avengers Assemble: Flight Force Single Rider,10849,CLOSED,STANDBY,0,,,queue-times.com
2026-08-13T23:09:36Z,2026-08-14,1,9,Disney Adventure World,Spider-Man W.E.B. Adventure,10845,CLOSED,STANDBY,0,,,queue-times.com
2026-08-13T23:09:36Z,2026-08-14,1,9,Disney Adventure World,Spider-Man W.E.B. Adventure Single Rider,10846,CLOSED,STANDBY,0,,,queue-times.com
2026-08-13T23:09:36Z,2026-08-14,1,9,Disney Adventure World,The Twilight Zone Tower of Terror,40,CLOSED,STANDBY,0,,,queue-times.com
2026-08-13T23:09:36Z,2026-08-14,1,9,Disney Adventure World,Cars Quatre Roues Rallye,31,CLOSED,STANDBY,0,,,queue-times.com
2026-08-13T23:09:36Z,2026-08-14,1,9,Disney Adventure World,Cars ROAD TRIP,29,CLOSED,STANDBY,0,,,queue-times.com
2026-08-13T23:09:36Z,2026-08-14,1,9,Disney Adventure World,Crush's Coaster,32,CLOSED,STANDBY,0,,,queue-times.com
2026-08-13T23:09:36Z,2026-08-14,1,9,Disney Adventure World,Crush's Coaster Single Rider,7277,CLOSED,STANDBY,0,,,queue-times.com
2026-08-13T23:09:36Z,2026-08-14,1,9,Disney Adventure World,Les Tapis Volants - Flying Carpets Over Agrabah®,33,CLOSED,STANDBY,0,,,queue-times.com
2026-08-13T23:09:36Z,2026-08-14,1,9,Disney Adventure World,Ratatouille : L’Aventure Totalement Toquée de Rémy​,37,CLOSED,STANDBY,0,,,queue-times.com
2026-08-13T23:09:36Z,2026-08-14,1,9,Disney Adventure World,Ratatouille: The Adventure Single Rider,7279,CLOSED,STANDBY,0,,,queue-times.com
2026-08-13T23:09:36Z,2026-08-14,1,9,Disney Adventure World,RC Racer,34,CLOSED,STANDBY,0,,,queue-times.com
2026-08-13T23:09:36Z,2026-08-14,1,9,Disney Adventure World,RC Racer Single Rider,7280,CLOSED,STANDBY,0,,,queue-times.com
2026-08-13T23:09:36Z,2026-08-14,1,9,Disney Adventure World,Slinky® Dog Zigzag Spin,36,CLOSED,STANDBY,0,,,queue-times.com
2026-08-13T23:09:36Z,2026-08-14,1,9,Disney Adventure World,Toy Soldiers Parachute Drop,35,CLOSED,STANDBY,0,,,queue-times.com
2026-08-13T23:09:36Z,2026-08-14,1,9,Disney Adventure World,Toy Soldiers Parachute Drop Single Rider,7281,CLOSED,STANDBY,0,,,queue-times.com
2026-08-13T23:09:36Z,2026-08-14,1,9,Disney Adventure World,Entry to World of Frozen,16247,CLOSED,STANDBY,0,,,queue-times.com
2026-08-13T23:09:36Z,2026-08-14,1,9,Disney Adventure World,Frozen Ever After,15413,CLOSED,STANDBY,0,,,queue-times.com
2026-08-13T23:09:36Z,2026-08-14,1,9,Disney Adventure World,Raiponce Tangled Spin,15415,CLOSED,STANDBY,0,,,queue-times.com
2026-08-13T23:15:48Z,2026-08-14,1,15,Disneyland Park,Adventure Isle,2702,CLOSED,STANDBY,0,,,queue-times.com
2026-08-13T23:15:48Z,2026-08-14,1,15,Disneyland Park,Indiana Jones and the Temple of Peril Single Rider,7306,CLOSED,STANDBY,0,,,queue-times.com
2026-08-13T23:15:48Z,2026-08-14,1,15,Disneyland Park,Indiana Jones™ and the Temple of Peril,2,CLOSED,STANDBY,0,,,queue-times.com
2026-08-13T23:15:48Z,2026-08-14,1,15,Disneyland Park,La Cabane des Robinson,1,CLOSED,STANDBY,0,,,queue-times.com
2026-08-13T23:15:48Z,2026-08-14,1,15,Disneyland Park,Le Passage Enchanté d'Aladdin,2703,CLOSED,STANDBY,0,,,queue-times.com
2026-08-13T23:15:48Z,2026-08-14,1,15,Disneyland Park,Pirate Galleon,2705,CLOSED,STANDBY,0,,,queue-times.com
2026-08-13T23:15:48Z,2026-08-14,1,15,Disneyland Park,Pirates of the Caribbean,3,CLOSED,STANDBY,0,,,queue-times.com
2026-08-13T23:15:48Z,2026-08-14,1,15,Disneyland Park,Pirates' Beach,2704,CLOSED,STANDBY,0,,,queue-times.com
2026-08-13T23:15:48Z,2026-08-14,1,15,Disneyland Park,"Autopia, presented by Avis",4,CLOSED,STANDBY,0,,,queue-times.com
2026-08-13T23:15:48Z,2026-08-14,1,15,Disneyland Park,Buzz Lightyear Laser Blast,5,CLOSED,STANDBY,0,,,queue-times.com
2026-08-13T23:15:48Z,2026-08-14,1,15,Disneyland Park,Disneyland Railroad Discoveryland Station,2706,CLOSED,STANDBY,0,,,queue-times.com
2026-08-13T23:15:48Z,2026-08-14,1,15,Disneyland Park,Les Mystères du Nautilus,6,CLOSED,STANDBY,0,,,queue-times.com
2026-08-13T23:15:48Z,2026-08-14,1,15,Disneyland Park,Mickey’s PhilharMagic,2707,CLOSED,STANDBY,0,,,queue-times.com
2026-08-13T23:15:48Z,2026-08-14,1,15,Disneyland Park,Orbitron®,7,CLOSED,STANDBY,0,,,queue-times.com
2026-08-13T23:15:48Z,2026-08-14,1,15,Disneyland Park,Star Tours: The Adventures Continue*,9,CLOSED,STANDBY,0,,,queue-times.com
2026-08-13T23:15:48Z,2026-08-14,1,15,Disneyland Park,Star Wars Hyperspace Mountain,8,CLOSED,STANDBY,0,,,queue-times.com
2026-08-13T23:15:48Z,2026-08-14,1,15,Disneyland Park,Star Wars Hyperspace Mountain Single Rider,7278,CLOSED,STANDBY,0,,,queue-times.com
2026-08-13T23:15:48Z,2026-08-14,1,15,Disneyland Park,Welcome to Starport: A Star Wars Encounter,4573,CLOSED,STANDBY,0,,,queue-times.com
2026-08-13T23:15:48Z,2026-08-14,1,15,Disneyland Park,"""it's a small world""",19,CLOSED,STANDBY,0,,,queue-times.com
2026-08-13T23:15:48Z,2026-08-14,1,15,Disneyland Park,Alice's Curious Labyrinth,14,CLOSED,STANDBY,0,,,queue-times.com
2026-08-13T23:15:48Z,2026-08-14,1,15,Disneyland Park,Blanche-Neige et les Sept Nains®,15,CLOSED,STANDBY,0,,,queue-times.com
2026-08-13T23:15:48Z,2026-08-14,1,15,Disneyland Park,Casey Jr. – le Petit Train du Cirque,17,CLOSED,STANDBY,0,,,queue-times.com
2026-08-13T23:15:48Z,2026-08-14,1,15,Disneyland Park,Disneyland Railroad Fantasyland Station,2711,CLOSED,STANDBY,0,,,queue-times.com
2026-08-13T23:15:48Z,2026-08-14,1,15,Disneyland Park,Disneyland Railroad Main Street Station,11,CLOSED,STANDBY,0,,,queue-times.com
2026-08-13T23:15:48Z,2026-08-14,1,15,Disneyland Park,Dumbo the Flying Elephant,18,CLOSED,STANDBY,0,,,queue-times.com
2026-08-13T23:15:48Z,2026-08-14,1,15,Disneyland Park,La Tanière du Dragon,2710,CLOSED,STANDBY,0,,,queue-times.com
2026-08-13T23:15:48Z,2026-08-14,1,15,Disneyland Park,Le Carrousel de Lancelot,16,CLOSED,STANDBY,0,,,queue-times.com
2026-08-13T23:15:48Z,2026-08-14,1,15,Disneyland Park,"Le Pays des Contes de Fées, presented by Vittel",21,CLOSED,STANDBY,0,,,queue-times.com
2026-08-13T23:15:48Z,2026-08-14,1,15,Disneyland Park,Les Voyages de Pinocchio,23,CLOSED,STANDBY,0,,,queue-times.com
2026-08-13T23:15:48Z,2026-08-14,1,15,Disneyland Park,Mad Hatter's Tea Cups,20,CLOSED,STANDBY,0,,,queue-times.com
2026-08-13T23:15:48Z,2026-08-14,1,15,Disneyland Park,Meet Mickey Mouse,13,CLOSED,STANDBY,0,,,queue-times.com
2026-08-13T23:15:48Z,2026-08-14,1,15,Disneyland Park,Peter Pan's Flight,22,CLOSED,STANDBY,0,,,queue-times.com
2026-08-13T23:15:48Z,2026-08-14,1,15,Disneyland Park,Princess Pavilion,24,CLOSED,STANDBY,0,,,queue-times.com
2026-08-13T23:15:48Z,2026-08-14,1,15,Disneyland Park,Big Thunder Mountain,25,CLOSED,STANDBY,0,,,queue-times.com
2026-08-13T23:15:48Z,2026-08-14,1,15,Disneyland Park,Disneyland Railroad Frontierland Depot,2714,CLOSED,STANDBY,0,,,queue-times.com
2026-08-13T23:15:48Z,2026-08-14,1,15,Disneyland Park,Frontierland Playground,2713,CLOSED,STANDBY,0,,,queue-times.com
2026-08-13T23:15:48Z,2026-08-14,1,15,Disneyland Park,Phantom Manor,26,CLOSED,STANDBY,0,,,queue-times.com
2026-08-13T23:15:48Z,2026-08-14,1,15,Disneyland Park,River Rogue Keelboats,27,CLOSED,STANDBY,0,,,queue-times.com
2026-08-13T23:15:48Z,2026-08-14,1,15,Disneyland Park,Rustler Roundup Shootin' Gallery,2712,CLOSED,STANDBY,0,,,queue-times.com
2026-08-13T23:15:48Z,2026-08-14,1,15,Disneyland Park,Thunder Mesa Riverboat Landing,28,CLOSED,STANDBY,0,,,queue-times.com
2026-08-13T23:15:48Z,2026-08-14,1,15,Disneyland Park,Disneyland Railroad Main Street Station,2708,CLOSED,STANDBY,0,,,queue-times.com
2026-08-13T23:15:48Z,2026-08-14,1,15,Disneyland Park,Main Street Vehicles,12,CLOSED,STANDBY,0,,,queue-times.com
2026-08-13T23:15:48Z,2026-08-14,1,15,Disney Adventure World,Avengers Assemble: Flight Force,10848,CLOSED,STANDBY,0,,,queue-times.com
2026-08-13T23:15:48Z,2026-08-14,1,15,Disney Adventure World,Avengers Assemble: Flight Force Single Rider,10849,CLOSED,STANDBY,0,,,queue-times.com
2026-08-13T23:15:48Z,2026-08-14,1,15,Disney Adventure World,Spider-Man W.E.B. Adventure,10845,CLOSED,STANDBY,0,,,queue-times.com
2026-08-13T23:15:48Z,2026-08-14,1,15,Disney Adventure World,Spider-Man W.E.B. Adventure Single Rider,10846,CLOSED,STANDBY,0,,,queue-times.com
2026-08-13T23:15:48Z,2026-08-14,1,15,Disney Adventure World,The Twilight Zone Tower of Terror,40,CLOSED,STANDBY,0,,,queue-times.com
2026-08-13T23:15:48Z,2026-08-14,1,15,Disney Adventure World,Cars Quatre Roues Rallye,31,CLOSED,STANDBY,0,,,queue-times.com
2026-08-13T23:15:48Z,2026-08-14,1,15,Disney Adventure World,Cars ROAD TRIP,29,CLOSED,STANDBY,0,,,queue-times.com
2026-08-13T23:15:48Z,2026-08-14,1,15,Disney Adventure World,Crush's Coaster,32,CLOSED,STANDBY,0,,,queue-times.com
2026-08-13T23:15:48Z,2026-08-14,1,15,Disney Adventure World,Crush's Coaster Single Rider,7277,CLOSED,STANDBY,0,,,queue-times.com
2026-08-13T23:15:48Z,2026-08-14,1,15,Disney Adventure World,Les Tapis Volants - Flying Carpets Over Agrabah®,33,CLOSED,STANDBY,0,,,queue-times.com
2026-08-13T23:15:48Z,2026-08-14,1,15,Disney Adventure World,Ratatouille : L’Aventure Totalement Toquée de Rémy​,37,CLOSED,STANDBY,0,,,queue-times.com
2026-08-13T23:15:48Z,2026-08-14,1,15,Disney Adventure World,Ratatouille: The Adventure Single Rider,7279,CLOSED,STANDBY,0,,,queue-times.com
2026-08-13T23:15:48Z,2026-08-14,1,15,Disney Adventure World,RC Racer,34,CLOSED,STANDBY,0,,,queue-times.com
2026-08-13T23:15:48Z,2026-08-14,1,15,Disney Adventure World,RC Racer Single Rider,7280,CLOSED,STANDBY,0,,,queue-times.com
2026-08-13T23:15:48Z,2026-08-14,1,15,Disney Adventure World,Slinky® Dog Zigzag Spin,36,CLOSED,STANDBY,0,,,queue-times.com
2026-08-13T23:15:48Z,2026-08-14,1,15,Disney Adventure World,Toy Soldiers Parachute Drop,35,CLOSED,STANDBY,0,,,queue-times.com
2026-08-13T23:15:48Z,2026-08-14,1,15,Disney Adventure World,Toy Soldiers Parachute Drop Single Rider,7281,CLOSED,STANDBY,0,,,queue-times.com
2026-08-13T23:15:48Z,2026-08-14,1,15,Disney Adventure World,Entry to World of Frozen,16247,CLOSED,STANDBY,0,,,queue-times.com
2026-08-13T23:15:48Z,2026-08-14,1,15,Disney Adventure World,Frozen Ever After,15413,CLOSED,STANDBY,0,,,queue-times.com
2026-08-13T23:15:48Z,2026-08-14,1,15,Disney Adventure World,Raiponce Tangled Spin,15415,CLOSED,STANDBY,0,,,queue-times.com
2026-08-13T23:31:12Z,2026-08-14,1,31,Disneyland Park,Adventure Isle,2702,CLOSED,STANDBY,0,,,queue-times.com
2026-08-13T23:31:12Z,2026-08-14,1,31,Disneyland Park,Indiana Jones and the Temple of Peril Single Rider,7306,CLOSED,STANDBY,0,,,queue-times.com
2026-08-13T23:31:12Z,2026-08-14,1,31,Disneyland Park,Indiana Jones™ and the Temple of Peril,2,CLOSED,STANDBY,0,,,queue-times.com
2026-08-13T23:31:12Z,2026-08-14,1,31,Disneyland Park,La Cabane des Robinson,1,CLOSED,STANDBY,0,,,queue-times.com
2026-08-13T23:31:12Z,2026-08-14,1,31,Disneyland Park,Le Passage Enchanté d'Aladdin,2703,CLOSED,STANDBY,0,,,queue-times.com
2026-08-13T23:31:12Z,2026-08-14,1,31,Disneyland Park,Pirate Galleon,2705,CLOSED,STANDBY,0,,,queue-times.com
2026-08-13T23:31:12Z,2026-08-14,1,31,Disneyland Park,Pirates of the Caribbean,3,CLOSED,STANDBY,0,,,queue-times.com
2026-08-13T23:31:12Z,2026-08-14,1,31,Disneyland Park,Pirates' Beach,2704,CLOSED,STANDBY,0,,,queue-times.com
2026-08-13T23:31:12Z,2026-08-14,1,31,Disneyland Park,"Autopia, presented by Avis",4,CLOSED,STANDBY,0,,,queue-times.com
2026-08-13T23:31:12Z,2026-08-14,1,31,Disneyland Park,Buzz Lightyear Laser Blast,5,CLOSED,STANDBY,0,,,queue-times.com
2026-08-13T23:31:12Z,2026-08-14,1,31,Disneyland Park,Disneyland Railroad Discoveryland Station,2706,CLOSED,STANDBY,0,,,queue-times.com
2026-08-13T23:31:12Z,2026-08-14,1,31,Disneyland Park,Les Mystères du Nautilus,6,CLOSED,STANDBY,0,,,queue-times.com
2026-08-13T23:31:12Z,2026-08-14,1,31,Disneyland Park,Mickey’s PhilharMagic,2707,CLOSED,STANDBY,0,,,queue-times.com
2026-08-13T23:31:12Z,2026-08-14,1,31,Disneyland Park,Orbitron®,7,CLOSED,STANDBY,0,,,queue-times.com
2026-08-13T23:31:12Z,2026-08-14,1,31,Disneyland Park,Star Tours: The Adventures Continue*,9,CLOSED,STANDBY,0,,,queue-times.com
2026-08-13T23:31:12Z,2026-08-14,1,31,Disneyland Park,Star Wars Hyperspace Mountain,8,CLOSED,STANDBY,0,,,queue-times.com
2026-08-13T23:31:12Z,2026-08-14,1,31,Disneyland Park,Star Wars Hyperspace Mountain Single Rider,7278,CLOSED,STANDBY,0,,,queue-times.com
2026-08-13T23:31:12Z,2026-08-14,1,31,Disneyland Park,Welcome to Starport: A Star Wars Encounter,4573,CLOSED,STANDBY,0,,,queue-times.com
2026-08-13T23:31:12Z,2026-08-14,1,31,Disneyland Park,"""it's a small world""",19,CLOSED,STANDBY,0,,,queue-times.com
2026-08-13T23:31:12Z,2026-08-14,1,31,Disneyland Park,Alice's Curious Labyrinth,14,CLOSED,STANDBY,0,,,queue-times.com
2026-08-13T23:31:12Z,2026-08-14,1,31,Disneyland Park,Blanche-Neige et les Sept Nains®,15,CLOSED,STANDBY,0,,,queue-times.com
2026-08-13T23:31:12Z,2026-08-14,1,31,Disneyland Park,Casey Jr. – le Petit Train du Cirque,17,CLOSED,STANDBY,0,,,queue-times.com
2026-08-13T23:31:12Z,2026-08-14,1,31,Disneyland Park,Disneyland Railroad Fantasyland Station,2711,CLOSED,STANDBY,0,,,queue-times.com
2026-08-13T23:31:12Z,2026-08-14,1,31,Disneyland Park,Disneyland Railroad Main Street Station,11,CLOSED,STANDBY,0,,,queue-times.com
2026-08-13T23:31:12Z,2026-08-14,1,31,Disneyland Park,Dumbo the Flying Elephant,18,CLOSED,STANDBY,0,,,queue-times.com
2026-08-13T23:31:12Z,2026-08-14,1,31,Disneyland Park,La Tanière du Dragon,2710,CLOSED,STANDBY,0,,,queue-times.com
2026-08-13T23:31:12Z,2026-08-14,1,31,Disneyland Park,Le Carrousel de Lancelot,16,CLOSED,STANDBY,0,,,queue-times.com
2026-08-13T23:31:12Z,2026-08-14,1,31,Disneyland Park,"Le Pays des Contes de Fées, presented by Vittel",21,CLOSED,STANDBY,0,,,queue-times.com
2026-08-13T23:31:12Z,2026-08-14,1,31,Disneyland Park,Les Voyages de Pinocchio,23,CLOSED,STANDBY,0,,,queue-times.com
2026-08-13T23:31:12Z,2026-08-14,1,31,Disneyland Park,Mad Hatter's Tea Cups,20,CLOSED,STANDBY,0,,,queue-times.com
2026-08-13T23:31:12Z,2026-08-14,1,31,Disneyland Park,Meet Mickey Mouse,13,CLOSED,STANDBY,0,,,queue-times.com
2026-08-13T23:31:12Z,2026-08-14,1,31,Disneyland Park,Peter Pan's Flight,22,CLOSED,STANDBY,0,,,queue-times.com
2026-08-13T23:31:12Z,2026-08-14,1,31,Disneyland Park,Princess Pavilion,24,CLOSED,STANDBY,0,,,queue-times.com
2026-08-13T23:31:12Z,2026-08-14,1,31,Disneyland Park,Big Thunder Mountain,25,CLOSED,STANDBY,0,,,queue-times.com
2026-08-13T23:31:12Z,2026-08-14,1,31,Disneyland Park,Disneyland Railroad Frontierland Depot,2714,CLOSED,STANDBY,0,,,queue-times.com
2026-08-13T23:31:12Z,2026-08-14,1,31,Disneyland Park,Frontierland Playground,2713,CLOSED,STANDBY,0,,,queue-times.com
2026-08-13T23:31:12Z,2026-08-14,1,31,Disneyland Park,Phantom Manor,26,CLOSED,STANDBY,0,,,queue-times.com
2026-08-13T23:31:12Z,2026-08-14,1,31,Disneyland Park,River Rogue Keelboats,27,CLOSED,STANDBY,0,,,queue-times.com
2026-08-13T23:31:12Z,2026-08-14,1,31,Disneyland Park,Rustler Roundup Shootin' Gallery,2712,CLOSED,STANDBY,0,,,queue-times.com
2026-08-13T23:31:12Z,2026-08-14,1,31,Disneyland Park,Thunder Mesa Riverboat Landing,28,CLOSED,STANDBY,0,,,queue-times.com
2026-08-13T23:31:12Z,2026-08-14,1,31,Disneyland Park,Disneyland Railroad Main Street Station,2708,CLOSED,STANDBY,0,,,queue-times.com
2026-08-13T23:31:12Z,2026-08-14,1,31,Disneyland Park,Main Street Vehicles,12,CLOSED,STANDBY,0,,,queue-times.com
2026-08-13T23:31:12Z,2026-08-14,1,31,Disney Adventure World,Avengers Assemble: Flight Force,10848,CLOSED,STANDBY,0,,,queue-times.com
2026-08-13T23:31:12Z,2026-08-14,1,31,Disney Adventure World,Avengers Assemble: Flight Force Single Rider,10849,CLOSED,STANDBY,0,,,queue-times.com
2026-08-13T23:31:12Z,2026-08-14,1,31,Disney Adventure World,Spider-Man W.E.B. Adventure,10845,CLOSED,STANDBY,0,,,queue-times.com
2026-08-13T23:31:12Z,2026-08-14,1,31,Disney Adventure World,Spider-Man W.E.B. Adventure Single Rider,10846,CLOSED,STANDBY,0,,,queue-times.com
2026-08-13T23:31:12Z,2026-08-14,1,31,Disney Adventure World,The Twilight Zone Tower of Terror,40,CLOSED,STANDBY,0,,,queue-times.com
2026-08-13T23:31:12Z,2026-08-14,1,31,Disney Adventure World,Cars Quatre Roues Rallye,31,CLOSED,STANDBY,0,,,queue-times.com
2026-08-13T23:31:12Z,2026-08-14,1,31,Disney Adventure World,Cars ROAD TRIP,29,CLOSED,STANDBY,0,,,queue-times.com
2026-08-13T23:31:12Z,2026-08-14,1,31,Disney Adventure World,Crush's Coaster,32,CLOSED,STANDBY,0,,,queue-times.com
2026-08-13T23:31:12Z,2026-08-14,1,31,Disney Adventure World,Crush's Coaster Single Rider,7277,CLOSED,STANDBY,0,,,queue-times.com
2026-08-13T23:31:12Z,2026-08-14,1,31,Disney Adventure World,Les Tapis Volants - Flying Carpets Over Agrabah®,33,CLOSED,STANDBY,0,,,queue-times.com
2026-08-13T23:31:12Z,2026-08-14,1,31,Disney Adventure World,Ratatouille : L’Aventure Totalement Toquée de Rémy​,37,CLOSED,STANDBY,0,,,queue-times.com
2026-08-13T23:31:12Z,2026-08-14,1,31,Disney Adventure World,Ratatouille: The Adventure Single Rider,7279,CLOSED,STANDBY,0,,,queue-times.com
2026-08-13T23:31:12Z,2026-08-14,1,31,Disney Adventure World,RC Racer,34,CLOSED,STANDBY,0,,,queue-times.com
2026-08-13T23:31:12Z,2026-08-14,1,31,Disney Adventure World,RC Racer Single Rider,7280,CLOSED,STANDBY,0,,,queue-times.com
2026-08-13T23:31:12Z,2026-08-14,1,31,Disney Adventure World,Slinky® Dog Zigzag Spin,36,CLOSED,STANDBY,0,,,queue-times.com
2026-08-13T23:31:12Z,2026-08-14,1,31,Disney Adventure World,Toy Soldiers Parachute Drop,35,CLOSED,STANDBY,0,,,queue-times.com
2026-08-13T23:31:12Z,2026-08-14,1,31,Disney Adventure World,Toy Soldiers Parachute Drop Single Rider,7281,CLOSED,STANDBY,0,,,queue-times.com
2026-08-13T23:31:12Z,2026-08-14,1,31,Disney Adventure World,Entry to World of Frozen,16247,CLOSED,STANDBY,0,,,queue-times.com
2026-08-13T23:31:12Z,2026-08-14,1,31,Disney Adventure World,Frozen Ever After,15413,CLOSED,STANDBY,0,,,queue-times.com
2026-08-13T23:31:12Z,2026-08-14,1,31,Disney Adventure World,Raiponce Tangled Spin,15415,CLOSED,STANDBY,0,,,queue-times.com
2026-08-13T23:45:46Z,2026-08-14,1,45,Disneyland Park,Adventure Isle,2702,CLOSED,STANDBY,0,,,queue-times.com
2026-08-13T23:45:46Z,2026-08-14,1,45,Disneyland Park,Indiana Jones and the Temple of Peril Single Rider,7306,CLOSED,STANDBY,0,,,queue-times.com
2026-08-13T23:45:46Z,2026-08-14,1,45,Disneyland Park,Indiana Jones™ and the Temple of Peril,2,CLOSED,STANDBY,0,,,queue-times.com
2026-08-13T23:45:46Z,2026-08-14,1,45,Disneyland Park,La Cabane des Robinson,1,CLOSED,STANDBY,0,,,queue-times.com
2026-08-13T23:45:46Z,2026-08-14,1,45,Disneyland Park,Le Passage Enchanté d'Aladdin,2703,CLOSED,STANDBY,0,,,queue-times.com
2026-08-13T23:45:46Z,2026-08-14,1,45,Disneyland Park,Pirate Galleon,2705,CLOSED,STANDBY,0,,,queue-times.com
2026-08-13T23:45:46Z,2026-08-14,1,45,Disneyland Park,Pirates of the Caribbean,3,CLOSED,STANDBY,0,,,queue-times.com
2026-08-13T23:45:46Z,2026-08-14,1,45,Disneyland Park,Pirates' Beach,2704,CLOSED,STANDBY,0,,,queue-times.com
2026-08-13T23:45:46Z,2026-08-14,1,45,Disneyland Park,"Autopia, presented by Avis",4,CLOSED,STANDBY,0,,,queue-times.com
2026-08-13T23:45:46Z,2026-08-14,1,45,Disneyland Park,Buzz Lightyear Laser Blast,5,CLOSED,STANDBY,0,,,queue-times.com
2026-08-13T23:45:46Z,2026-08-14,1,45,Disneyland Park,Disneyland Railroad Discoveryland Station,2706,CLOSED,STANDBY,0,,,queue-times.com
2026-08-13T23:45:46Z,2026-08-14,1,45,Disneyland Park,Les Mystères du Nautilus,6,CLOSED,STANDBY,0,,,queue-times.com
2026-08-13T23:45:46Z,2026-08-14,1,45,Disneyland Park,Mickey’s PhilharMagic,2707,CLOSED,STANDBY,0,,,queue-times.com
2026-08-13T23:45:46Z,2026-08-14,1,45,Disneyland Park,Orbitron®,7,CLOSED,STANDBY,0,,,queue-times.com
2026-08-13T23:45:46Z,2026-08-14,1,45,Disneyland Park,Star Tours: The Adventures Continue*,9,CLOSED,STANDBY,0,,,queue-times.com
2026-08-13T23:45:46Z,2026-08-14,1,45,Disneyland Park,Star Wars Hyperspace Mountain,8,CLOSED,STANDBY,0,,,queue-times.com
2026-08-13T23:45:46Z,2026-08-14,1,45,Disneyland Park,Star Wars Hyperspace Mountain Single Rider,7278,CLOSED,STANDBY,0,,,queue-times.com
2026-08-13T23:45:46Z,2026-08-14,1,45,Disneyland Park,Welcome to Starport: A Star Wars Encounter,4573,CLOSED,STANDBY,0,,,queue-times.com
2026-08-13T23:45:46Z,2026-08-14,1,45,Disneyland Park,"""it's a small world""",19,CLOSED,STANDBY,0,,,queue-times.com
2026-08-13T23:45:46Z,2026-08-14,1,45,Disneyland Park,Alice's Curious Labyrinth,14,CLOSED,STANDBY,0,,,queue-times.com
2026-08-13T23:45:46Z,2026-08-14,1,45,Disneyland Park,Blanche-Neige et les Sept Nains®,15,CLOSED,STANDBY,0,,,queue-times.com
2026-08-13T23:45:46Z,2026-08-14,1,45,Disneyland Park,Casey Jr. – le Petit Train du Cirque,17,CLOSED,STANDBY,0,,,queue-times.com
2026-08-13T23:45:46Z,2026-08-14,1,45,Disneyland Park,Disneyland Railroad Fantasyland Station,2711,CLOSED,STANDBY,0,,,queue-times.com
2026-08-13T23:45:46Z,2026-08-14,1,45,Disneyland Park,Disneyland Railroad Main Street Station,11,CLOSED,STANDBY,0,,,queue-times.com
2026-08-13T23:45:46Z,2026-08-14,1,45,Disneyland Park,Dumbo the Flying Elephant,18,CLOSED,STANDBY,0,,,queue-times.com
2026-08-13T23:45:46Z,2026-08-14,1,45,Disneyland Park,La Tanière du Dragon,2710,CLOSED,STANDBY,0,,,queue-times.com
2026-08-13T23:45:46Z,2026-08-14,1,45,Disneyland Park,Le Carrousel de Lancelot,16,CLOSED,STANDBY,0,,,queue-times.com
2026-08-13T23:45:46Z,2026-08-14,1,45,Disneyland Park,"Le Pays des Contes de Fées, presented by Vittel",21,CLOSED,STANDBY,0,,,queue-times.com
2026-08-13T23:45:46Z,2026-08-14,1,45,Disneyland Park,Les Voyages de Pinocchio,23,CLOSED,STANDBY,0,,,queue-times.com
2026-08-13T23:45:46Z,2026-08-14,1,45,Disneyland Park,Mad Hatter's Tea Cups,20,CLOSED,STANDBY,0,,,queue-times.com
2026-08-13T23:45:46Z,2026-08-14,1,45,Disneyland Park,Meet Mickey Mouse,13,CLOSED,STANDBY,0,,,queue-times.com
2026-08-13T23:45:46Z,2026-08-14,1,45,Disneyland Park,Peter Pan's Flight,22,CLOSED,STANDBY,0,,,queue-times.com
2026-08-13T23:45:46Z,2026-08-14,1,45,Disneyland Park,Princess Pavilion,24,CLOSED,STANDBY,0,,,queue-times.com
2026-08-13T23:45:46Z,2026-08-14,1,45,Disneyland Park,Big Thunder Mountain,25,CLOSED,STANDBY,0,,,queue-times.com
2026-08-13T23:45:46Z,2026-08-14,1,45,Disneyland Park,Disneyland Railroad Frontierland Depot,2714,CLOSED,STANDBY,0,,,queue-times.com
2026-08-13T23:45:46Z,2026-08-14,1,45,Disneyland Park,Frontierland Playground,2713,CLOSED,STANDBY,0,,,queue-times.com
2026-08-13T23:45:46Z,2026-08-14,1,45,Disneyland Park,Phantom Manor,26,CLOSED,STANDBY,0,,,queue-times.com
2026-08-13T23:45:46Z,2026-08-14,1,45,Disneyland Park,River Rogue Keelboats,27,CLOSED,STANDBY,0,,,queue-times.com
2026-08-13T23:45:46Z,2026-08-14,1,45,Disneyland Park,Rustler Roundup Shootin' Gallery,2712,CLOSED,STANDBY,0,,,queue-times.com
2026-08-13T23:45:46Z,2026-08-14,1,45,Disneyland Park,Thunder Mesa Riverboat Landing,28,CLOSED,STANDBY,0,,,queue-times.com
2026-08-13T23:45:46Z,2026-08-14,1,45,Disneyland Park,Disneyland Railroad Main Street Station,2708,CLOSED,STANDBY,0,,,queue-times.com
2026-08-13T23:45:46Z,2026-08-14,1,45,Disneyland Park,Main Street Vehicles,12,CLOSED,STANDBY,0,,,queue-times.com
2026-08-13T23:45:46Z,2026-08-14,1,45,Disney Adventure World,Avengers Assemble: Flight Force,10848,CLOSED,STANDBY,0,,,queue-times.com
2026-08-13T23:45:46Z,2026-08-14,1,45,Disney Adventure World,Avengers Assemble: Flight Force Single Rider,10849,CLOSED,STANDBY,0,,,queue-times.com
2026-08-13T23:45:46Z,2026-08-14,1,45,Disney Adventure World,Spider-Man W.E.B. Adventure,10845,CLOSED,STANDBY,0,,,queue-times.com
2026-08-13T23:45:46Z,2026-08-14,1,45,Disney Adventure World,Spider-Man W.E.B. Adventure Single Rider,10846,CLOSED,STANDBY,0,,,queue-times.com
2026-08-13T23:45:46Z,2026-08-14,1,45,Disney Adventure World,The Twilight Zone Tower of Terror,40,CLOSED,STANDBY,0,,,queue-times.com
2026-08-13T23:45:46Z,2026-08-14,1,45,Disney Adventure World,Cars Quatre Roues Rallye,31,CLOSED,STANDBY,0,,,queue-times.com
2026-08-13T23:45:46Z,2026-08-14,1,45,Disney Adventure World,Cars ROAD TRIP,29,CLOSED,STANDBY,0,,,queue-times.com
2026-08-13T23:45:46Z,2026-08-14,1,45,Disney Adventure World,Crush's Coaster,32,CLOSED,STANDBY,0,,,queue-times.com
2026-08-13T23:45:46Z,2026-08-14,1,45,Disney Adventure World,Crush's Coaster Single Rider,7277,CLOSED,STANDBY,0,,,queue-times.com
2026-08-13T23:45:46Z,2026-08-14,1,45,Disney Adventure World,Les Tapis Volants - Flying Carpets Over Agrabah®,33,CLOSED,STANDBY,0,,,queue-times.com
2026-08-13T23:45:46Z,2026-08-14,1,45,Disney Adventure World,Ratatouille : L’Aventure Totalement Toquée de Rémy​,37,CLOSED,STANDBY,0,,,queue-times.com
2026-08-13T23:45:46Z,2026-08-14,1,45,Disney Adventure World,Ratatouille: The Adventure Single Rider,7279,CLOSED,STANDBY,0,,,queue-times.com
2026-08-13T23:45:46Z,2026-08-14,1,45,Disney Adventure World,RC Racer,34,CLOSED,STANDBY,0,,,queue-times.com
2026-08-13T23:45:46Z,2026-08-14,1,45,Disney Adventure World,RC Racer Single Rider,7280,CLOSED,STANDBY,0,,,queue-times.com
2026-08-13T23:45:46Z,2026-08-14,1,45,Disney Adventure World,Slinky® Dog Zigzag Spin,36,CLOSED,STANDBY,0,,,queue-times.com
2026-08-13T23:45:46Z,2026-08-14,1,45,Disney Adventure World,Toy Soldiers Parachute Drop,35,CLOSED,STANDBY,0,,,queue-times.com
2026-08-13T23:45:46Z,2026-08-14,1,45,Disney Adventure World,Toy Soldiers Parachute Drop Single Rider,7281,CLOSED,STANDBY,0,,,queue-times.com
2026-08-13T23:45:46Z,2026-08-14,1,45,Disney Adventure World,Entry to World of Frozen,16247,CLOSED,STANDBY,0,,,queue-times.com
2026-08-13T23:45:46Z,2026-08-14,1,45,Disney Adventure World,Frozen Ever After,15413,CLOSED,STANDBY,0,,,queue-times.com
2026-08-13T23:45:46Z,2026-08-14,1,45,Disney Adventure World,Raiponce Tangled Spin,15415,CLOSED,STANDBY,0,,,queue-times.com
2026-08-14T06:01:05Z,2026-08-14,8,1,Disneyland Park,Adventure Isle,2702,CLOSED,STANDBY,0,,,queue-times.com
2026-08-14T06:01:05Z,2026-08-14,8,1,Disneyland Park,Indiana Jones and the Temple of Peril Single Rider,7306,CLOSED,STANDBY,0,,,queue-times.com
2026-08-14T06:01:05Z,2026-08-14,8,1,Disneyland Park,Indiana Jones™ and the Temple of Peril,2,CLOSED,STANDBY,0,,,queue-times.com
2026-08-14T06:01:05Z,2026-08-14,8,1,Disneyland Park,La Cabane des Robinson,1,CLOSED,STANDBY,0,,,queue-times.com
2026-08-14T06:01:05Z,2026-08-14,8,1,Disneyland Park,Le Passage Enchanté d'Aladdin,2703,CLOSED,STANDBY,0,,,queue-times.com
2026-08-14T06:01:05Z,2026-08-14,8,1,Disneyland Park,Pirate Galleon,2705,CLOSED,STANDBY,0,,,queue-times.com
2026-08-14T06:01:05Z,2026-08-14,8,1,Disneyland Park,Pirates of the Caribbean,3,CLOSED,STANDBY,0,,,queue-times.com
2026-08-14T06:01:05Z,2026-08-14,8,1,Disneyland Park,Pirates' Beach,2704,CLOSED,STANDBY,0,,,queue-times.com
2026-08-14T06:01:05Z,2026-08-14,8,1,Disneyland Park,"Autopia, presented by Avis",4,CLOSED,STANDBY,0,,,queue-times.com
2026-08-14T06:01:05Z,2026-08-14,8,1,Disneyland Park,Buzz Lightyear Laser Blast,5,CLOSED,STANDBY,0,,,queue-times.com
2026-08-14T06:01:05Z,2026-08-14,8,1,Disneyland Park,Disneyland Railroad Discoveryland Station,2706,CLOSED,STANDBY,0,,,queue-times.com
2026-08-14T06:01:05Z,2026-08-14,8,1,Disneyland Park,Les Mystères du Nautilus,6,CLOSED,STANDBY,0,,,queue-times.com
2026-08-14T06:01:05Z,2026-08-14,8,1,Disneyland Park,Mickey’s PhilharMagic,2707,CLOSED,STANDBY,0,,,queue-times.com
2026-08-14T06:01:05Z,2026-08-14,8,1,Disneyland Park,Orbitron®,7,CLOSED,STANDBY,0,,,queue-times.com
2026-08-14T06:01:05Z,2026-08-14,8,1,Disneyland Park,Star Tours: The Adventures Continue*,9,CLOSED,STANDBY,0,,,queue-times.com
2026-08-14T06:01:05Z,2026-08-14,8,1,Disneyland Park,Star Wars Hyperspace Mountain,8,CLOSED,STANDBY,0,,,queue-times.com
2026-08-14T06:01:05Z,2026-08-14,8,1,Disneyland Park,Star Wars Hyperspace Mountain Single Rider,7278,CLOSED,STANDBY,0,,,queue-times.com
2026-08-14T06:01:05Z,2026-08-14,8,1,Disneyland Park,Welcome to Starport: A Star Wars Encounter,4573,CLOSED,STANDBY,0,,,queue-times.com
2026-08-14T06:01:05Z,2026-08-14,8,1,Disneyland Park,"""it's a small world""",19,CLOSED,STANDBY,0,,,queue-times.com
2026-08-14T06:01:05Z,2026-08-14,8,1,Disneyland Park,Alice's Curious Labyrinth,14,CLOSED,STANDBY,0,,,queue-times.com
2026-08-14T06:01:05Z,2026-08-14,8,1,Disneyland Park,Blanche-Neige et les Sept Nains®,15,CLOSED,STANDBY,0,,,queue-times.com
2026-08-14T06:01:05Z,2026-08-14,8,1,Disneyland Park,Casey Jr. – le Petit Train du Cirque,17,CLOSED,STANDBY,0,,,queue-times.com
2026-08-14T06:01:05Z,2026-08-14,8,1,Disneyland Park,Disneyland Railroad Fantasyland Station,2711,CLOSED,STANDBY,0,,,queue-times.com
2026-08-14T06:01:05Z,2026-08-14,8,1,Disneyland Park,Disneyland Railroad Main Street Station,11,CLOSED,STANDBY,0,,,queue-times.com
2026-08-14T06:01:05Z,2026-08-14,8,1,Disneyland Park,Dumbo the Flying Elephant,18,CLOSED,STANDBY,0,,,queue-times.com
2026-08-14T06:01:05Z,2026-08-14,8,1,Disneyland Park,La Tanière du Dragon,2710,CLOSED,STANDBY,0,,,queue-times.com
2026-08-14T06:01:05Z,2026-08-14,8,1,Disneyland Park,Le Carrousel de Lancelot,16,CLOSED,STANDBY,0,,,queue-times.com
2026-08-14T06:01:05Z,2026-08-14,8,1,Disneyland Park,"Le Pays des Contes de Fées, presented by Vittel",21,CLOSED,STANDBY,0,,,queue-times.com
2026-08-14T06:01:05Z,2026-08-14,8,1,Disneyland Park,Les Voyages de Pinocchio,23,CLOSED,STANDBY,0,,,queue-times.com
2026-08-14T06:01:05Z,2026-08-14,8,1,Disneyland Park,Mad Hatter's Tea Cups,20,CLOSED,STANDBY,0,,,queue-times.com
2026-08-14T06:01:05Z,2026-08-14,8,1,Disneyland Park,Meet Mickey Mouse,13,CLOSED,STANDBY,0,,,queue-times.com
2026-08-14T06:01:05Z,2026-08-14,8,1,Disneyland Park,Peter Pan's Flight,22,CLOSED,STANDBY,0,,,queue-times.com
2026-08-14T06:01:05Z,2026-08-14,8,1,Disneyland Park,Princess Pavilion,24,CLOSED,STANDBY,0,,,queue-times.com
2026-08-14T06:01:05Z,2026-08-14,8,1,Disneyland Park,Big Thunder Mountain,25,CLOSED,STANDBY,0,,,queue-times.com
2026-08-14T06:01:05Z,2026-08-14,8,1,Disneyland Park,Disneyland Railroad Frontierland Depot,2714,CLOSED,STANDBY,0,,,queue-times.com
2026-08-14T06:01:05Z,2026-08-14,8,1,Disneyland Park,Frontierland Playground,2713,CLOSED,STANDBY,0,,,queue-times.com
2026-08-14T06:01:05Z,2026-08-14,8,1,Disneyland Park,Phantom Manor,26,CLOSED,STANDBY,0,,,queue-times.com
2026-08-14T06:01:05Z,2026-08-14,8,1,Disneyland Park,River Rogue Keelboats,27,CLOSED,STANDBY,0,,,queue-times.com
2026-08-14T06:01:05Z,2026-08-14,8,1,Disneyland Park,Rustler Roundup Shootin' Gallery,2712,CLOSED,STANDBY,0,,,queue-times.com
2026-08-14T06:01:05Z,2026-08-14,8,1,Disneyland Park,Thunder Mesa Riverboat Landing,28,CLOSED,STANDBY,0,,,queue-times.com
2026-08-14T06:01:05Z,2026-08-14,8,1,Disneyland Park,Disneyland Railroad Main Street Station,2708,CLOSED,STANDBY,0,,,queue-times.com
2026-08-14T06:01:05Z,2026-08-14,8,1,Disneyland Park,Main Street Vehicles,12,CLOSED,STANDBY,0,,,queue-times.com
2026-08-14T06:01:05Z,2026-08-14,8,1,Disney Adventure World,Avengers Assemble: Flight Force,10848,CLOSED,STANDBY,0,,,queue-times.com
2026-08-14T06:01:05Z,2026-08-14,8,1,Disney Adventure World,Avengers Assemble: Flight Force Single Rider,10849,CLOSED,STANDBY,0,,,queue-times.com
2026-08-14T06:01:05Z,2026-08-14,8,1,Disney Adventure World,Spider-Man W.E.B. Adventure,10845,CLOSED,STANDBY,0,,,queue-times.com
2026-08-14T06:01:05Z,2026-08-14,8,1,Disney Adventure World,Spider-Man W.E.B. Adventure Single Rider,10846,CLOSED,STANDBY,0,,,queue-times.com
2026-08-14T06:01:05Z,2026-08-14,8,1,Disney Adventure World,The Twilight Zone Tower of Terror,40,CLOSED,STANDBY,0,,,queue-times.com
2026-08-14T06:01:05Z,2026-08-14,8,1,Disney Adventure World,Cars Quatre Roues Rallye,31,CLOSED,STANDBY,0,,,queue-times.com
2026-08-14T06:01:05Z,2026-08-14,8,1,Disney Adventure World,Cars ROAD TRIP,29,CLOSED,STANDBY,0,,,queue-times.com
2026-08-14T06:01:05Z,2026-08-14,8,1,Disney Adventure World,Crush's Coaster,32,CLOSED,STANDBY,0,,,queue-times.com
2026-08-14T06:01:05Z,2026-08-14,8,1,Disney Adventure World,Crush's Coaster Single Rider,7277,CLOSED,STANDBY,0,,,queue-times.com
2026-08-14T06:01:05Z,2026-08-14,8,1,Disney Adventure World,Les Tapis Volants - Flying Carpets Over Agrabah®,33,CLOSED,STANDBY,0,,,queue-times.com
2026-08-14T06:01:05Z,2026-08-14,8,1,Disney Adventure World,Ratatouille : L’Aventure Totalement Toquée de Rémy​,37,CLOSED,STANDBY,0,,,queue-times.com
2026-08-14T06:01:05Z,2026-08-14,8,1,Disney Adventure World,Ratatouille: The Adventure Single Rider,7279,CLOSED,STANDBY,0,,,queue-times.com
2026-08-14T06:01:05Z,2026-08-14,8,1,Disney Adventure World,RC Racer,34,CLOSED,STANDBY,0,,,queue-times.com
2026-08-14T06:01:05Z,2026-08-14,8,1,Disney Adventure World,RC Racer Single Rider,7280,CLOSED,STANDBY,0,,,queue-times.com
2026-08-14T06:01:05Z,2026-08-14,8,1,Disney Adventure World,Slinky® Dog Zigzag Spin,36,CLOSED,STANDBY,0,,,queue-times.com
2026-08-14T06:01:05Z,2026-08-14,8,1,Disney Adventure World,Toy Soldiers Parachute Drop,35,CLOSED,STANDBY,0,,,queue-times.com
2026-08-14T06:01:05Z,2026-08-14,8,1,Disney Adventure World,Toy Soldiers Parachute Drop Single Rider,7281,CLOSED,STANDBY,0,,,queue-times.com
2026-08-14T06:01:05Z,2026-08-14,8,1,Disney Adventure World,Entry to World of Frozen,16247,CLOSED,STANDBY,0,,,queue-times.com
2026-08-14T06:01:05Z,2026-08-14,8,1,Disney Adventure World,Frozen Ever After,15413,CLOSED,STANDBY,0,,,queue-times.com
2026-08-14T06:01:05Z,2026-08-14,8,1,Disney Adventure World,Raiponce Tangled Spin,15415,CLOSED,STANDBY,0,,,queue-times.com
2026-08-14T06:15:41Z,2026-08-14,8,15,Disneyland Park,Adventure Isle,2702,CLOSED,STANDBY,0,,,queue-times.com
2026-08-14T06:15:41Z,2026-08-14,8,15,Disneyland Park,Indiana Jones and the Temple of Peril Single Rider,7306,CLOSED,STANDBY,0,,,queue-times.com
2026-08-14T06:15:41Z,2026-08-14,8,15,Disneyland Park,Indiana Jones™ and the Temple of Peril,2,CLOSED,STANDBY,0,,,queue-times.com
2026-08-14T06:15:41Z,2026-08-14,8,15,Disneyland Park,La Cabane des Robinson,1,CLOSED,STANDBY,0,,,queue-times.com
2026-08-14T06:15:41Z,2026-08-14,8,15,Disneyland Park,Le Passage Enchanté d'Aladdin,2703,CLOSED,STANDBY,0,,,queue-times.com
2026-08-14T06:15:41Z,2026-08-14,8,15,Disneyland Park,Pirate Galleon,2705,CLOSED,STANDBY,0,,,queue-times.com
2026-08-14T06:15:41Z,2026-08-14,8,15,Disneyland Park,Pirates of the Caribbean,3,CLOSED,STANDBY,0,,,queue-times.com
2026-08-14T06:15:41Z,2026-08-14,8,15,Disneyland Park,Pirates' Beach,2704,CLOSED,STANDBY,0,,,queue-times.com
2026-08-14T06:15:41Z,2026-08-14,8,15,Disneyland Park,"Autopia, presented by Avis",4,CLOSED,STANDBY,0,,,queue-times.com
2026-08-14T06:15:41Z,2026-08-14,8,15,Disneyland Park,Buzz Lightyear Laser Blast,5,CLOSED,STANDBY,0,,,queue-times.com
2026-08-14T06:15:41Z,2026-08-14,8,15,Disneyland Park,Disneyland Railroad Discoveryland Station,2706,CLOSED,STANDBY,0,,,queue-times.com
2026-08-14T06:15:41Z,2026-08-14,8,15,Disneyland Park,Les Mystères du Nautilus,6,CLOSED,STANDBY,0,,,queue-times.com
2026-08-14T06:15:41Z,2026-08-14,8,15,Disneyland Park,Mickey’s PhilharMagic,2707,CLOSED,STANDBY,0,,,queue-times.com
2026-08-14T06:15:41Z,2026-08-14,8,15,Disneyland Park,Orbitron®,7,CLOSED,STANDBY,0,,,queue-times.com
2026-08-14T06:15:41Z,2026-08-14,8,15,Disneyland Park,Star Tours: The Adventures Continue*,9,CLOSED,STANDBY,0,,,queue-times.com
2026-08-14T06:15:41Z,2026-08-14,8,15,Disneyland Park,Star Wars Hyperspace Mountain,8,CLOSED,STANDBY,0,,,queue-times.com
2026-08-14T06:15:41Z,2026-08-14,8,15,Disneyland Park,Star Wars Hyperspace Mountain Single Rider,7278,CLOSED,STANDBY,0,,,queue-times.com
2026-08-14T06:15:41Z,2026-08-14,8,15,Disneyland Park,Welcome to Starport: A Star Wars Encounter,4573,CLOSED,STANDBY,0,,,queue-times.com
2026-08-14T06:15:41Z,2026-08-14,8,15,Disneyland Park,"""it's a small world""",19,CLOSED,STANDBY,0,,,queue-times.com
2026-08-14T06:15:41Z,2026-08-14,8,15,Disneyland Park,Alice's Curious Labyrinth,14,CLOSED,STANDBY,0,,,queue-times.com
2026-08-14T06:15:41Z,2026-08-14,8,15,Disneyland Park,Blanche-Neige et les Sept Nains®,15,CLOSED,STANDBY,0,,,queue-times.com
2026-08-14T06:15:41Z,2026-08-14,8,15,Disneyland Park,Casey Jr. – le Petit Train du Cirque,17,CLOSED,STANDBY,0,,,queue-times.com
2026-08-14T06:15:41Z,2026-08-14,8,15,Disneyland Park,Disneyland Railroad Fantasyland Station,2711,CLOSED,STANDBY,0,,,queue-times.com
2026-08-14T06:15:41Z,2026-08-14,8,15,Disneyland Park,Disneyland Railroad Main Street Station,11,CLOSED,STANDBY,0,,,queue-times.com
2026-08-14T06:15:41Z,2026-08-14,8,15,Disneyland Park,Dumbo the Flying Elephant,18,CLOSED,STANDBY,0,,,queue-times.com
2026-08-14T06:15:41Z,2026-08-14,8,15,Disneyland Park,La Tanière du Dragon,2710,CLOSED,STANDBY,0,,,queue-times.com
2026-08-14T06:15:41Z,2026-08-14,8,15,Disneyland Park,Le Carrousel de Lancelot,16,CLOSED,STANDBY,0,,,queue-times.com
2026-08-14T06:15:41Z,2026-08-14,8,15,Disneyland Park,"Le Pays des Contes de Fées, presented by Vittel",21,CLOSED,STANDBY,0,,,queue-times.com
2026-08-14T06:15:41Z,2026-08-14,8,15,Disneyland Park,Les Voyages de Pinocchio,23,CLOSED,STANDBY,0,,,queue-times.com
2026-08-14T06:15:41Z,2026-08-14,8,15,Disneyland Park,Mad Hatter's Tea Cups,20,CLOSED,STANDBY,0,,,queue-times.com
2026-08-14T06:15:41Z,2026-08-14,8,15,Disneyland Park,Meet Mickey Mouse,13,CLOSED,STANDBY,0,,,queue-times.com
2026-08-14T06:15:41Z,2026-08-14,8,15,Disneyland Park,Peter Pan's Flight,22,CLOSED,STANDBY,0,,,queue-times.com
2026-08-14T06:15:41Z,2026-08-14,8,15,Disneyland Park,Princess Pavilion,24,CLOSED,STANDBY,0,,,queue-times.com
2026-08-14T06:15:41Z,2026-08-14,8,15,Disneyland Park,Big Thunder Mountain,25,CLOSED,STANDBY,0,,,queue-times.com
2026-08-14T06:15:41Z,2026-08-14,8,15,Disneyland Park,Disneyland Railroad Frontierland Depot,2714,CLOSED,STANDBY,0,,,queue-times.com
2026-08-14T06:15:41Z,2026-08-14,8,15,Disneyland Park,Frontierland Playground,2713,CLOSED,STANDBY,0,,,queue-times.com
2026-08-14T06:15:41Z,2026-08-14,8,15,Disneyland Park,Phantom Manor,26,CLOSED,STANDBY,0,,,queue-times.com
2026-08-14T06:15:41Z,2026-08-14,8,15,Disneyland Park,River Rogue Keelboats,27,CLOSED,STANDBY,0,,,queue-times.com
2026-08-14T06:15:41Z,2026-08-14,8,15,Disneyland Park,Rustler Roundup Shootin' Gallery,2712,CLOSED,STANDBY,0,,,queue-times.com
2026-08-14T06:15:41Z,2026-08-14,8,15,Disneyland Park,Thunder Mesa Riverboat Landing,28,CLOSED,STANDBY,0,,,queue-times.com
2026-08-14T06:15:41Z,2026-08-14,8,15,Disneyland Park,Disneyland Railroad Main Street Station,2708,CLOSED,STANDBY,0,,,queue-times.com
2026-08-14T06:15:41Z,2026-08-14,8,15,Disneyland Park,Main Street Vehicles,12,CLOSED,STANDBY,0,,,queue-times.com
2026-08-14T06:15:41Z,2026-08-14,8,15,Disney Adventure World,Avengers Assemble: Flight Force,10848,CLOSED,STANDBY,0,,,queue-times.com
2026-08-14T06:15:41Z,2026-08-14,8,15,Disney Adventure World,Avengers Assemble: Flight Force Single Rider,10849,CLOSED,STANDBY,0,,,queue-times.com
2026-08-14T06:15:41Z,2026-08-14,8,15,Disney Adventure World,Spider-Man W.E.B. Adventure,10845,CLOSED,STANDBY,0,,,queue-times.com
2026-08-14T06:15:41Z,2026-08-14,8,15,Disney Adventure World,Spider-Man W.E.B. Adventure Single Rider,10846,CLOSED,STANDBY,0,,,queue-times.com
2026-08-14T06:15:41Z,2026-08-14,8,15,Disney Adventure World,The Twilight Zone Tower of Terror,40,CLOSED,STANDBY,0,,,queue-times.com
2026-08-14T06:15:41Z,2026-08-14,8,15,Disney Adventure World,Cars Quatre Roues Rallye,31,CLOSED,STANDBY,0,,,queue-times.com
2026-08-14T06:15:41Z,2026-08-14,8,15,Disney Adventure World,Cars ROAD TRIP,29,CLOSED,STANDBY,0,,,queue-times.com
2026-08-14T06:15:41Z,2026-08-14,8,15,Disney Adventure World,Crush's Coaster,32,CLOSED,STANDBY,0,,,queue-times.com
2026-08-14T06:15:41Z,2026-08-14,8,15,Disney Adventure World,Crush's Coaster Single Rider,7277,CLOSED,STANDBY,0,,,queue-times.com
2026-08-14T06:15:41Z,2026-08-14,8,15,Disney Adventure World,Les Tapis Volants - Flying Carpets Over Agrabah®,33,CLOSED,STANDBY,0,,,queue-times.com
2026-08-14T06:15:41Z,2026-08-14,8,15,Disney Adventure World,Ratatouille : L’Aventure Totalement Toquée de Rémy​,37,CLOSED,STANDBY,0,,,queue-times.com
2026-08-14T06:15:41Z,2026-08-14,8,15,Disney Adventure World,Ratatouille: The Adventure Single Rider,7279,CLOSED,STANDBY,0,,,queue-times.com
2026-08-14T06:15:41Z,2026-08-14,8,15,Disney Adventure World,RC Racer,34,CLOSED,STANDBY,0,,,queue-times.com
2026-08-14T06:15:41Z,2026-08-14,8,15,Disney Adventure World,RC Racer Single Rider,7280,CLOSED,STANDBY,0,,,queue-times.com
2026-08-14T06:15:41Z,2026-08-14,8,15,Disney Adventure World,Slinky® Dog Zigzag Spin,36,CLOSED,STANDBY,0,,,queue-times.com
2026-08-14T06:15:41Z,2026-08-14,8,15,Disney Adventure World,Toy Soldiers Parachute Drop,35,CLOSED,STANDBY,0,,,queue-times.com
2026-08-14T06:15:41Z,2026-08-14,8,15,Disney Adventure World,Toy Soldiers Parachute Drop Single Rider,7281,CLOSED,STANDBY,0,,,queue-times.com
2026-08-14T06:15:41Z,2026-08-14,8,15,Disney Adventure World,Entry to World of Frozen,16247,CLOSED,STANDBY,0,,,queue-times.com
2026-08-14T06:15:41Z,2026-08-14,8,15,Disney Adventure World,Frozen Ever After,15413,CLOSED,STANDBY,0,,,queue-times.com
2026-08-14T06:15:41Z,2026-08-14,8,15,Disney Adventure World,Raiponce Tangled Spin,15415,CLOSED,STANDBY,0,,,queue-times.com
2026-08-14T06:30:55Z,2026-08-14,8,30,Disneyland Park,Adventure Isle,2702,CLOSED,STANDBY,0,,,queue-times.com
2026-08-14T06:30:55Z,2026-08-14,8,30,Disneyland Park,Indiana Jones and the Temple of Peril Single Rider,7306,CLOSED,STANDBY,0,,,queue-times.com
2026-08-14T06:30:55Z,2026-08-14,8,30,Disneyland Park,Indiana Jones™ and the Temple of Peril,2,CLOSED,STANDBY,0,,,queue-times.com
2026-08-14T06:30:55Z,2026-08-14,8,30,Disneyland Park,La Cabane des Robinson,1,CLOSED,STANDBY,0,,,queue-times.com
2026-08-14T06:30:55Z,2026-08-14,8,30,Disneyland Park,Le Passage Enchanté d'Aladdin,2703,CLOSED,STANDBY,0,,,queue-times.com
2026-08-14T06:30:55Z,2026-08-14,8,30,Disneyland Park,Pirate Galleon,2705,CLOSED,STANDBY,0,,,queue-times.com
2026-08-14T06:30:55Z,2026-08-14,8,30,Disneyland Park,Pirates of the Caribbean,3,CLOSED,STANDBY,0,,,queue-times.com
2026-08-14T06:30:55Z,2026-08-14,8,30,Disneyland Park,Pirates' Beach,2704,CLOSED,STANDBY,0,,,queue-times.com
2026-08-14T06:30:55Z,2026-08-14,8,30,Disneyland Park,"Autopia, presented by Avis",4,CLOSED,STANDBY,0,,,queue-times.com
2026-08-14T06:30:55Z,2026-08-14,8,30,Disneyland Park,Buzz Lightyear Laser Blast,5,CLOSED,STANDBY,0,,,queue-times.com
2026-08-14T06:30:55Z,2026-08-14,8,30,Disneyland Park,Disneyland Railroad Discoveryland Station,2706,CLOSED,STANDBY,0,,,queue-times.com
2026-08-14T06:30:55Z,2026-08-14,8,30,Disneyland Park,Les Mystères du Nautilus,6,CLOSED,STANDBY,0,,,queue-times.com
2026-08-14T06:30:55Z,2026-08-14,8,30,Disneyland Park,Mickey’s PhilharMagic,2707,CLOSED,STANDBY,0,,,queue-times.com
2026-08-14T06:30:55Z,2026-08-14,8,30,Disneyland Park,Orbitron®,7,CLOSED,STANDBY,0,,,queue-times.com
2026-08-14T06:30:55Z,2026-08-14,8,30,Disneyland Park,Star Tours: The Adventures Continue*,9,CLOSED,STANDBY,0,,,queue-times.com
2026-08-14T06:30:55Z,2026-08-14,8,30,Disneyland Park,Star Wars Hyperspace Mountain,8,CLOSED,STANDBY,0,,,queue-times.com
2026-08-14T06:30:55Z,2026-08-14,8,30,Disneyland Park,Star Wars Hyperspace Mountain Single Rider,7278,CLOSED,STANDBY,0,,,queue-times.com
2026-08-14T06:30:55Z,2026-08-14,8,30,Disneyland Park,Welcome to Starport: A Star Wars Encounter,4573,CLOSED,STANDBY,0,,,queue-times.com
2026-08-14T06:30:55Z,2026-08-14,8,30,Disneyland Park,"""it's a small world""",19,CLOSED,STANDBY,0,,,queue-times.com
2026-08-14T06:30:55Z,2026-08-14,8,30,Disneyland Park,Alice's Curious Labyrinth,14,CLOSED,STANDBY,0,,,queue-times.com
2026-08-14T06:30:55Z,2026-08-14,8,30,Disneyland Park,Blanche-Neige et les Sept Nains®,15,CLOSED,STANDBY,0,,,queue-times.com
2026-08-14T06:30:55Z,2026-08-14,8,30,Disneyland Park,Casey Jr. – le Petit Train du Cirque,17,CLOSED,STANDBY,0,,,queue-times.com
2026-08-14T06:30:55Z,2026-08-14,8,30,Disneyland Park,Disneyland Railroad Fantasyland Station,2711,CLOSED,STANDBY,0,,,queue-times.com
2026-08-14T06:30:55Z,2026-08-14,8,30,Disneyland Park,Disneyland Railroad Main Street Station,11,CLOSED,STANDBY,0,,,queue-times.com
2026-08-14T06:30:55Z,2026-08-14,8,30,Disneyland Park,Dumbo the Flying Elephant,18,OPERATING,STANDBY,5,,,queue-times.com
2026-08-14T06:30:55Z,2026-08-14,8,30,Disneyland Park,La Tanière du Dragon,2710,CLOSED,STANDBY,0,,,queue-times.com
2026-08-14T06:30:55Z,2026-08-14,8,30,Disneyland Park,Le Carrousel de Lancelot,16,CLOSED,STANDBY,0,,,queue-times.com
2026-08-14T06:30:55Z,2026-08-14,8,30,Disneyland Park,"Le Pays des Contes de Fées, presented by Vittel",21,CLOSED,STANDBY,0,,,queue-times.com
2026-08-14T06:30:55Z,2026-08-14,8,30,Disneyland Park,Les Voyages de Pinocchio,23,CLOSED,STANDBY,0,,,queue-times.com
2026-08-14T06:30:55Z,2026-08-14,8,30,Disneyland Park,Mad Hatter's Tea Cups,20,CLOSED,STANDBY,0,,,queue-times.com
2026-08-14T06:30:55Z,2026-08-14,8,30,Disneyland Park,Meet Mickey Mouse,13,CLOSED,STANDBY,0,,,queue-times.com
2026-08-14T06:30:55Z,2026-08-14,8,30,Disneyland Park,Peter Pan's Flight,22,CLOSED,STANDBY,0,,,queue-times.com
2026-08-14T06:30:55Z,2026-08-14,8,30,Disneyland Park,Princess Pavilion,24,CLOSED,STANDBY,0,,,queue-times.com
2026-08-14T06:30:55Z,2026-08-14,8,30,Disneyland Park,Big Thunder Mountain,25,CLOSED,STANDBY,0,,,queue-times.com
2026-08-14T06:30:55Z,2026-08-14,8,30,Disneyland Park,Disneyland Railroad Frontierland Depot,2714,CLOSED,STANDBY,0,,,queue-times.com
2026-08-14T06:30:55Z,2026-08-14,8,30,Disneyland Park,Frontierland Playground,2713,CLOSED,STANDBY,0,,,queue-times.com
2026-08-14T06:30:55Z,2026-08-14,8,30,Disneyland Park,Phantom Manor,26,CLOSED,STANDBY,0,,,queue-times.com
2026-08-14T06:30:55Z,2026-08-14,8,30,Disneyland Park,River Rogue Keelboats,27,CLOSED,STANDBY,0,,,queue-times.com
2026-08-14T06:30:55Z,2026-08-14,8,30,Disneyland Park,Rustler Roundup Shootin' Gallery,2712,CLOSED,STANDBY,0,,,queue-times.com
2026-08-14T06:30:55Z,2026-08-14,8,30,Disneyland Park,Thunder Mesa Riverboat Landing,28,CLOSED,STANDBY,0,,,queue-times.com
2026-08-14T06:30:55Z,2026-08-14,8,30,Disneyland Park,Disneyland Railroad Main Street Station,2708,CLOSED,STANDBY,0,,,queue-times.com
2026-08-14T06:30:55Z,2026-08-14,8,30,Disneyland Park,Main Street Vehicles,12,CLOSED,STANDBY,0,,,queue-times.com
2026-08-14T06:30:55Z,2026-08-14,8,30,Disney Adventure World,Avengers Assemble: Flight Force,10848,CLOSED,STANDBY,0,,,queue-times.com
2026-08-14T06:30:55Z,2026-08-14,8,30,Disney Adventure World,Avengers Assemble: Flight Force Single Rider,10849,CLOSED,STANDBY,0,,,queue-times.com
2026-08-14T06:30:55Z,2026-08-14,8,30,Disney Adventure World,Spider-Man W.E.B. Adventure,10845,CLOSED,STANDBY,0,,,queue-times.com
2026-08-14T06:30:55Z,2026-08-14,8,30,Disney Adventure World,Spider-Man W.E.B. Adventure Single Rider,10846,CLOSED,STANDBY,0,,,queue-times.com
2026-08-14T06:30:55Z,2026-08-14,8,30,Disney Adventure World,The Twilight Zone Tower of Terror,40,CLOSED,STANDBY,0,,,queue-times.com
2026-08-14T06:30:55Z,2026-08-14,8,30,Disney Adventure World,Cars Quatre Roues Rallye,31,CLOSED,STANDBY,0,,,queue-times.com
2026-08-14T06:30:55Z,2026-08-14,8,30,Disney Adventure World,Cars ROAD TRIP,29,CLOSED,STANDBY,0,,,queue-times.com
2026-08-14T06:30:55Z,2026-08-14,8,30,Disney Adventure World,Crush's Coaster,32,OPERATING,STANDBY,35,,,queue-times.com
2026-08-14T06:30:55Z,2026-08-14,8,30,Disney Adventure World,Crush's Coaster Single Rider,7277,OPERATING,STANDBY,10,,,queue-times.com
2026-08-14T06:30:55Z,2026-08-14,8,30,Disney Adventure World,Les Tapis Volants - Flying Carpets Over Agrabah®,33,CLOSED,STANDBY,0,,,queue-times.com
2026-08-14T06:30:55Z,2026-08-14,8,30,Disney Adventure World,Ratatouille : L’Aventure Totalement Toquée de Rémy​,37,OPERATING,STANDBY,5,,,queue-times.com
2026-08-14T06:30:55Z,2026-08-14,8,30,Disney Adventure World,Ratatouille: The Adventure Single Rider,7279,OPERATING,STANDBY,5,,,queue-times.com
2026-08-14T06:30:55Z,2026-08-14,8,30,Disney Adventure World,RC Racer,34,CLOSED,STANDBY,0,,,queue-times.com
2026-08-14T06:30:55Z,2026-08-14,8,30,Disney Adventure World,RC Racer Single Rider,7280,CLOSED,STANDBY,0,,,queue-times.com
2026-08-14T06:30:55Z,2026-08-14,8,30,Disney Adventure World,Slinky® Dog Zigzag Spin,36,OPERATING,STANDBY,5,,,queue-times.com
2026-08-14T06:30:55Z,2026-08-14,8,30,Disney Adventure World,Toy Soldiers Parachute Drop,35,CLOSED,STANDBY,0,,,queue-times.com
2026-08-14T06:30:55Z,2026-08-14,8,30,Disney Adventure World,Toy Soldiers Parachute Drop Single Rider,7281,CLOSED,STANDBY,0,,,queue-times.com
2026-08-14T06:30:55Z,2026-08-14,8,30,Disney Adventure World,Entry to World of Frozen,16247,CLOSED,STANDBY,0,,,queue-times.com
2026-08-14T06:30:55Z,2026-08-14,8,30,Disney Adventure World,Frozen Ever After,15413,CLOSED,STANDBY,0,,,queue-times.com
2026-08-14T06:30:55Z,2026-08-14,8,30,Disney Adventure World,Raiponce Tangled Spin,15415,OPERATING,STANDBY,5,,,queue-times.com
2026-08-14T06:45:40Z,2026-08-14,8,45,Disneyland Park,Adventure Isle,2702,CLOSED,STANDBY,0,,,queue-times.com
2026-08-14T06:45:40Z,2026-08-14,8,45,Disneyland Park,Indiana Jones and the Temple of Peril Single Rider,7306,CLOSED,STANDBY,0,,,queue-times.com
2026-08-14T06:45:40Z,2026-08-14,8,45,Disneyland Park,Indiana Jones™ and the Temple of Peril,2,CLOSED,STANDBY,0,,,queue-times.com
2026-08-14T06:45:40Z,2026-08-14,8,45,Disneyland Park,La Cabane des Robinson,1,CLOSED,STANDBY,0,,,queue-times.com
2026-08-14T06:45:40Z,2026-08-14,8,45,Disneyland Park,Le Passage Enchanté d'Aladdin,2703,CLOSED,STANDBY,0,,,queue-times.com
2026-08-14T06:45:40Z,2026-08-14,8,45,Disneyland Park,Pirate Galleon,2705,CLOSED,STANDBY,0,,,queue-times.com
2026-08-14T06:45:40Z,2026-08-14,8,45,Disneyland Park,Pirates of the Caribbean,3,CLOSED,STANDBY,0,,,queue-times.com
2026-08-14T06:45:40Z,2026-08-14,8,45,Disneyland Park,Pirates' Beach,2704,CLOSED,STANDBY,0,,,queue-times.com
2026-08-14T06:45:40Z,2026-08-14,8,45,Disneyland Park,"Autopia, presented by Avis",4,CLOSED,STANDBY,0,,,queue-times.com
2026-08-14T06:45:40Z,2026-08-14,8,45,Disneyland Park,Buzz Lightyear Laser Blast,5,OPERATING,STANDBY,5,,,queue-times.com
2026-08-14T06:45:40Z,2026-08-14,8,45,Disneyland Park,Disneyland Railroad Discoveryland Station,2706,CLOSED,STANDBY,0,,,queue-times.com
2026-08-14T06:45:40Z,2026-08-14,8,45,Disneyland Park,Les Mystères du Nautilus,6,CLOSED,STANDBY,0,,,queue-times.com
2026-08-14T06:45:40Z,2026-08-14,8,45,Disneyland Park,Mickey’s PhilharMagic,2707,CLOSED,STANDBY,0,,,queue-times.com
2026-08-14T06:45:40Z,2026-08-14,8,45,Disneyland Park,Orbitron®,7,CLOSED,STANDBY,0,,,queue-times.com
2026-08-14T06:45:40Z,2026-08-14,8,45,Disneyland Park,Star Tours: The Adventures Continue*,9,CLOSED,STANDBY,0,,,queue-times.com
2026-08-14T06:45:40Z,2026-08-14,8,45,Disneyland Park,Star Wars Hyperspace Mountain,8,CLOSED,STANDBY,0,,,queue-times.com
2026-08-14T06:45:40Z,2026-08-14,8,45,Disneyland Park,Star Wars Hyperspace Mountain Single Rider,7278,CLOSED,STANDBY,0,,,queue-times.com
2026-08-14T06:45:40Z,2026-08-14,8,45,Disneyland Park,Welcome to Starport: A Star Wars Encounter,4573,CLOSED,STANDBY,0,,,queue-times.com
2026-08-14T06:45:40Z,2026-08-14,8,45,Disneyland Park,"""it's a small world""",19,CLOSED,STANDBY,0,,,queue-times.com
2026-08-14T06:45:40Z,2026-08-14,8,45,Disneyland Park,Alice's Curious Labyrinth,14,CLOSED,STANDBY,0,,,queue-times.com
2026-08-14T06:45:40Z,2026-08-14,8,45,Disneyland Park,Blanche-Neige et les Sept Nains®,15,CLOSED,STANDBY,0,,,queue-times.com
2026-08-14T06:45:40Z,2026-08-14,8,45,Disneyland Park,Casey Jr. – le Petit Train du Cirque,17,CLOSED,STANDBY,0,,,queue-times.com
2026-08-14T06:45:40Z,2026-08-14,8,45,Disneyland Park,Disneyland Railroad Fantasyland Station,2711,CLOSED,STANDBY,0,,,queue-times.com
2026-08-14T06:45:40Z,2026-08-14,8,45,Disneyland Park,Disneyland Railroad Main Street Station,11,CLOSED,STANDBY,0,,,queue-times.com
2026-08-14T06:45:40Z,2026-08-14,8,45,Disneyland Park,Dumbo the Flying Elephant,18,OPERATING,STANDBY,5,,,queue-times.com
2026-08-14T06:45:40Z,2026-08-14,8,45,Disneyland Park,La Tanière du Dragon,2710,OPERATING,STANDBY,0,,,queue-times.com
2026-08-14T06:45:40Z,2026-08-14,8,45,Disneyland Park,Le Carrousel de Lancelot,16,CLOSED,STANDBY,0,,,queue-times.com
2026-08-14T06:45:40Z,2026-08-14,8,45,Disneyland Park,"Le Pays des Contes de Fées, presented by Vittel",21,CLOSED,STANDBY,0,,,queue-times.com
2026-08-14T06:45:40Z,2026-08-14,8,45,Disneyland Park,Les Voyages de Pinocchio,23,CLOSED,STANDBY,0,,,queue-times.com
2026-08-14T06:45:40Z,2026-08-14,8,45,Disneyland Park,Mad Hatter's Tea Cups,20,CLOSED,STANDBY,0,,,queue-times.com
2026-08-14T06:45:40Z,2026-08-14,8,45,Disneyland Park,Meet Mickey Mouse,13,CLOSED,STANDBY,0,,,queue-times.com
2026-08-14T06:45:40Z,2026-08-14,8,45,Disneyland Park,Peter Pan's Flight,22,OPERATING,STANDBY,15,,,queue-times.com
2026-08-14T06:45:40Z,2026-08-14,8,45,Disneyland Park,Princess Pavilion,24,CLOSED,STANDBY,0,,,queue-times.com
2026-08-14T06:45:40Z,2026-08-14,8,45,Disneyland Park,Big Thunder Mountain,25,OPERATING,STANDBY,5,,,queue-times.com
2026-08-14T06:45:40Z,2026-08-14,8,45,Disneyland Park,Disneyland Railroad Frontierland Depot,2714,CLOSED,STANDBY,0,,,queue-times.com
2026-08-14T06:45:40Z,2026-08-14,8,45,Disneyland Park,Frontierland Playground,2713,CLOSED,STANDBY,0,,,queue-times.com
2026-08-14T06:45:40Z,2026-08-14,8,45,Disneyland Park,Phantom Manor,26,CLOSED,STANDBY,0,,,queue-times.com
2026-08-14T06:45:40Z,2026-08-14,8,45,Disneyland Park,River Rogue Keelboats,27,CLOSED,STANDBY,0,,,queue-times.com
2026-08-14T06:45:40Z,2026-08-14,8,45,Disneyland Park,Rustler Roundup Shootin' Gallery,2712,OPERATING,STANDBY,0,,,queue-times.com
2026-08-14T06:45:40Z,2026-08-14,8,45,Disneyland Park,Thunder Mesa Riverboat Landing,28,CLOSED,STANDBY,0,,,queue-times.com
2026-08-14T06:45:40Z,2026-08-14,8,45,Disneyland Park,Disneyland Railroad Main Street Station,2708,CLOSED,STANDBY,0,,,queue-times.com
2026-08-14T06:45:40Z,2026-08-14,8,45,Disneyland Park,Main Street Vehicles,12,CLOSED,STANDBY,0,,,queue-times.com
2026-08-14T06:45:40Z,2026-08-14,8,45,Disney Adventure World,Avengers Assemble: Flight Force,10848,CLOSED,STANDBY,0,,,queue-times.com
2026-08-14T06:45:40Z,2026-08-14,8,45,Disney Adventure World,Avengers Assemble: Flight Force Single Rider,10849,CLOSED,STANDBY,0,,,queue-times.com
2026-08-14T06:45:40Z,2026-08-14,8,45,Disney Adventure World,Spider-Man W.E.B. Adventure,10845,OPERATING,STANDBY,5,,,queue-times.com
2026-08-14T06:45:40Z,2026-08-14,8,45,Disney Adventure World,Spider-Man W.E.B. Adventure Single Rider,10846,OPERATING,STANDBY,5,,,queue-times.com
2026-08-14T06:45:40Z,2026-08-14,8,45,Disney Adventure World,The Twilight Zone Tower of Terror,40,OPERATING,STANDBY,10,,,queue-times.com
2026-08-14T06:45:40Z,2026-08-14,8,45,Disney Adventure World,Cars Quatre Roues Rallye,31,CLOSED,STANDBY,0,,,queue-times.com
2026-08-14T06:45:40Z,2026-08-14,8,45,Disney Adventure World,Cars ROAD TRIP,29,CLOSED,STANDBY,0,,,queue-times.com
2026-08-14T06:45:40Z,2026-08-14,8,45,Disney Adventure World,Crush's Coaster,32,OPERATING,STANDBY,85,,,queue-times.com
2026-08-14T06:45:40Z,2026-08-14,8,45,Disney Adventure World,Crush's Coaster Single Rider,7277,OPERATING,STANDBY,75,,,queue-times.com
2026-08-14T06:45:40Z,2026-08-14,8,45,Disney Adventure World,Les Tapis Volants - Flying Carpets Over Agrabah®,33,CLOSED,STANDBY,0,,,queue-times.com
2026-08-14T06:45:40Z,2026-08-14,8,45,Disney Adventure World,Ratatouille : L’Aventure Totalement Toquée de Rémy​,37,OPERATING,STANDBY,10,,,queue-times.com
2026-08-14T06:45:40Z,2026-08-14,8,45,Disney Adventure World,Ratatouille: The Adventure Single Rider,7279,OPERATING,STANDBY,5,,,queue-times.com
2026-08-14T06:45:40Z,2026-08-14,8,45,Disney Adventure World,RC Racer,34,CLOSED,STANDBY,0,,,queue-times.com
2026-08-14T06:45:40Z,2026-08-14,8,45,Disney Adventure World,RC Racer Single Rider,7280,CLOSED,STANDBY,0,,,queue-times.com
2026-08-14T06:45:40Z,2026-08-14,8,45,Disney Adventure World,Slinky® Dog Zigzag Spin,36,OPERATING,STANDBY,5,,,queue-times.com
2026-08-14T06:45:40Z,2026-08-14,8,45,Disney Adventure World,Toy Soldiers Parachute Drop,35,CLOSED,STANDBY,0,,,queue-times.com
2026-08-14T06:45:40Z,2026-08-14,8,45,Disney Adventure World,Toy Soldiers Parachute Drop Single Rider,7281,CLOSED,STANDBY,0,,,queue-times.com
2026-08-14T06:45:40Z,2026-08-14,8,45,Disney Adventure World,Entry to World of Frozen,16247,OPERATING,STANDBY,0,,,queue-times.com
2026-08-14T06:45:40Z,2026-08-14,8,45,Disney Adventure World,Frozen Ever After,15413,CLOSED,STANDBY,0,,,queue-times.com
2026-08-14T06:45:40Z,2026-08-14,8,45,Disney Adventure World,Raiponce Tangled Spin,15415,OPERATING,STANDBY,5,,,queue-times.com
2026-08-14T07:15:38Z,2026-08-14,9,15,Disneyland Park,Adventure Isle,2702,CLOSED,STANDBY,0,,,queue-times.com
2026-08-14T07:15:38Z,2026-08-14,9,15,Disneyland Park,Indiana Jones and the Temple of Peril Single Rider,7306,CLOSED,STANDBY,0,,,queue-times.com
2026-08-14T07:15:38Z,2026-08-14,9,15,Disneyland Park,Indiana Jones™ and the Temple of Peril,2,CLOSED,STANDBY,0,,,queue-times.com
2026-08-14T07:15:38Z,2026-08-14,9,15,Disneyland Park,La Cabane des Robinson,1,CLOSED,STANDBY,0,,,queue-times.com
2026-08-14T07:15:38Z,2026-08-14,9,15,Disneyland Park,Le Passage Enchanté d'Aladdin,2703,CLOSED,STANDBY,0,,,queue-times.com
2026-08-14T07:15:38Z,2026-08-14,9,15,Disneyland Park,Pirate Galleon,2705,CLOSED,STANDBY,0,,,queue-times.com
2026-08-14T07:15:38Z,2026-08-14,9,15,Disneyland Park,Pirates of the Caribbean,3,CLOSED,STANDBY,0,,,queue-times.com
2026-08-14T07:15:38Z,2026-08-14,9,15,Disneyland Park,Pirates' Beach,2704,CLOSED,STANDBY,0,,,queue-times.com
2026-08-14T07:15:38Z,2026-08-14,9,15,Disneyland Park,"Autopia, presented by Avis",4,CLOSED,STANDBY,0,,,queue-times.com
2026-08-14T07:15:38Z,2026-08-14,9,15,Disneyland Park,Buzz Lightyear Laser Blast,5,OPERATING,STANDBY,10,,,queue-times.com
2026-08-14T07:15:38Z,2026-08-14,9,15,Disneyland Park,Disneyland Railroad Discoveryland Station,2706,CLOSED,STANDBY,0,,,queue-times.com
2026-08-14T07:15:38Z,2026-08-14,9,15,Disneyland Park,Les Mystères du Nautilus,6,CLOSED,STANDBY,0,,,queue-times.com
2026-08-14T07:15:38Z,2026-08-14,9,15,Disneyland Park,Mickey’s PhilharMagic,2707,CLOSED,STANDBY,0,,,queue-times.com
2026-08-14T07:15:38Z,2026-08-14,9,15,Disneyland Park,Orbitron®,7,CLOSED,STANDBY,0,,,queue-times.com
2026-08-14T07:15:38Z,2026-08-14,9,15,Disneyland Park,Star Tours: The Adventures Continue*,9,CLOSED,STANDBY,0,,,queue-times.com
2026-08-14T07:15:38Z,2026-08-14,9,15,Disneyland Park,Star Wars Hyperspace Mountain,8,OPERATING,STANDBY,5,,,queue-times.com
2026-08-14T07:15:38Z,2026-08-14,9,15,Disneyland Park,Star Wars Hyperspace Mountain Single Rider,7278,OPERATING,STANDBY,0,,,queue-times.com
2026-08-14T07:15:38Z,2026-08-14,9,15,Disneyland Park,Welcome to Starport: A Star Wars Encounter,4573,CLOSED,STANDBY,0,,,queue-times.com
2026-08-14T07:15:38Z,2026-08-14,9,15,Disneyland Park,"""it's a small world""",19,CLOSED,STANDBY,0,,,queue-times.com
2026-08-14T07:15:38Z,2026-08-14,9,15,Disneyland Park,Alice's Curious Labyrinth,14,CLOSED,STANDBY,0,,,queue-times.com
2026-08-14T07:15:38Z,2026-08-14,9,15,Disneyland Park,Blanche-Neige et les Sept Nains®,15,CLOSED,STANDBY,0,,,queue-times.com
2026-08-14T07:15:38Z,2026-08-14,9,15,Disneyland Park,Casey Jr. – le Petit Train du Cirque,17,CLOSED,STANDBY,0,,,queue-times.com
2026-08-14T07:15:38Z,2026-08-14,9,15,Disneyland Park,Disneyland Railroad Fantasyland Station,2711,CLOSED,STANDBY,0,,,queue-times.com
2026-08-14T07:15:38Z,2026-08-14,9,15,Disneyland Park,Disneyland Railroad Main Street Station,11,CLOSED,STANDBY,0,,,queue-times.com
2026-08-14T07:15:38Z,2026-08-14,9,15,Disneyland Park,Dumbo the Flying Elephant,18,OPERATING,STANDBY,15,,,queue-times.com
2026-08-14T07:15:38Z,2026-08-14,9,15,Disneyland Park,La Tanière du Dragon,2710,OPERATING,STANDBY,0,,,queue-times.com
2026-08-14T07:15:38Z,2026-08-14,9,15,Disneyland Park,Le Carrousel de Lancelot,16,CLOSED,STANDBY,0,,,queue-times.com
2026-08-14T07:15:38Z,2026-08-14,9,15,Disneyland Park,"Le Pays des Contes de Fées, presented by Vittel",21,CLOSED,STANDBY,0,,,queue-times.com
2026-08-14T07:15:38Z,2026-08-14,9,15,Disneyland Park,Les Voyages de Pinocchio,23,CLOSED,STANDBY,0,,,queue-times.com
2026-08-14T07:15:38Z,2026-08-14,9,15,Disneyland Park,Mad Hatter's Tea Cups,20,CLOSED,STANDBY,0,,,queue-times.com
2026-08-14T07:15:38Z,2026-08-14,9,15,Disneyland Park,Meet Mickey Mouse,13,CLOSED,STANDBY,0,,,queue-times.com
2026-08-14T07:15:38Z,2026-08-14,9,15,Disneyland Park,Peter Pan's Flight,22,OPERATING,STANDBY,45,,,queue-times.com
2026-08-14T07:15:38Z,2026-08-14,9,15,Disneyland Park,Princess Pavilion,24,CLOSED,STANDBY,0,,,queue-times.com
2026-08-14T07:15:38Z,2026-08-14,9,15,Disneyland Park,Big Thunder Mountain,25,OPERATING,STANDBY,60,,,queue-times.com
2026-08-14T07:15:38Z,2026-08-14,9,15,Disneyland Park,Disneyland Railroad Frontierland Depot,2714,CLOSED,STANDBY,0,,,queue-times.com
2026-08-14T07:15:38Z,2026-08-14,9,15,Disneyland Park,Frontierland Playground,2713,CLOSED,STANDBY,0,,,queue-times.com
2026-08-14T07:15:38Z,2026-08-14,9,15,Disneyland Park,Phantom Manor,26,CLOSED,STANDBY,0,,,queue-times.com
2026-08-14T07:15:38Z,2026-08-14,9,15,Disneyland Park,River Rogue Keelboats,27,CLOSED,STANDBY,0,,,queue-times.com
2026-08-14T07:15:38Z,2026-08-14,9,15,Disneyland Park,Rustler Roundup Shootin' Gallery,2712,OPERATING,STANDBY,0,,,queue-times.com
2026-08-14T07:15:38Z,2026-08-14,9,15,Disneyland Park,Thunder Mesa Riverboat Landing,28,CLOSED,STANDBY,0,,,queue-times.com
2026-08-14T07:15:38Z,2026-08-14,9,15,Disneyland Park,Disneyland Railroad Main Street Station,2708,CLOSED,STANDBY,0,,,queue-times.com
2026-08-14T07:15:38Z,2026-08-14,9,15,Disneyland Park,Main Street Vehicles,12,OPERATING,STANDBY,5,,,queue-times.com
2026-08-14T07:15:38Z,2026-08-14,9,15,Disney Adventure World,Avengers Assemble: Flight Force,10848,OPERATING,STANDBY,5,,,queue-times.com
2026-08-14T07:15:38Z,2026-08-14,9,15,Disney Adventure World,Avengers Assemble: Flight Force Single Rider,10849,OPERATING,STANDBY,5,,,queue-times.com
2026-08-14T07:15:38Z,2026-08-14,9,15,Disney Adventure World,Spider-Man W.E.B. Adventure,10845,OPERATING,STANDBY,50,,,queue-times.com
2026-08-14T07:15:38Z,2026-08-14,9,15,Disney Adventure World,Spider-Man W.E.B. Adventure Single Rider,10846,OPERATING,STANDBY,5,,,queue-times.com
2026-08-14T07:15:38Z,2026-08-14,9,15,Disney Adventure World,The Twilight Zone Tower of Terror,40,OPERATING,STANDBY,15,,,queue-times.com
2026-08-14T07:15:38Z,2026-08-14,9,15,Disney Adventure World,Cars Quatre Roues Rallye,31,CLOSED,STANDBY,0,,,queue-times.com
2026-08-14T07:15:38Z,2026-08-14,9,15,Disney Adventure World,Cars ROAD TRIP,29,CLOSED,STANDBY,0,,,queue-times.com
2026-08-14T07:15:38Z,2026-08-14,9,15,Disney Adventure World,Crush's Coaster,32,OPERATING,STANDBY,70,,,queue-times.com
2026-08-14T07:15:38Z,2026-08-14,9,15,Disney Adventure World,Crush's Coaster Single Rider,7277,OPERATING,STANDBY,45,,,queue-times.com
2026-08-14T07:15:38Z,2026-08-14,9,15,Disney Adventure World,Les Tapis Volants - Flying Carpets Over Agrabah®,33,CLOSED,STANDBY,0,,,queue-times.com
2026-08-14T07:15:38Z,2026-08-14,9,15,Disney Adventure World,Ratatouille : L’Aventure Totalement Toquée de Rémy​,37,OPERATING,STANDBY,25,,,queue-times.com
2026-08-14T07:15:38Z,2026-08-14,9,15,Disney Adventure World,Ratatouille: The Adventure Single Rider,7279,OPERATING,STANDBY,5,,,queue-times.com
2026-08-14T07:15:38Z,2026-08-14,9,15,Disney Adventure World,RC Racer,34,CLOSED,STANDBY,0,,,queue-times.com
2026-08-14T07:15:38Z,2026-08-14,9,15,Disney Adventure World,RC Racer Single Rider,7280,CLOSED,STANDBY,0,,,queue-times.com
2026-08-14T07:15:38Z,2026-08-14,9,15,Disney Adventure World,Slinky® Dog Zigzag Spin,36,OPERATING,STANDBY,15,,,queue-times.com
2026-08-14T07:15:38Z,2026-08-14,9,15,Disney Adventure World,Toy Soldiers Parachute Drop,35,CLOSED,STANDBY,0,,,queue-times.com
2026-08-14T07:15:38Z,2026-08-14,9,15,Disney Adventure World,Toy Soldiers Parachute Drop Single Rider,7281,CLOSED,STANDBY,0,,,queue-times.com
2026-08-14T07:15:38Z,2026-08-14,9,15,Disney Adventure World,Entry to World of Frozen,16247,OPERATING,STANDBY,0,,,queue-times.com
2026-08-14T07:15:38Z,2026-08-14,9,15,Disney Adventure World,Frozen Ever After,15413,OPERATING,STANDBY,30,,,queue-times.com
2026-08-14T07:15:38Z,2026-08-14,9,15,Disney Adventure World,Raiponce Tangled Spin,15415,OPERATING,STANDBY,5,,,queue-times.com
2026-08-14T07:30:52Z,2026-08-14,9,30,Disneyland Park,Adventure Isle,2702,CLOSED,STANDBY,0,,,queue-times.com
2026-08-14T07:30:52Z,2026-08-14,9,30,Disneyland Park,Indiana Jones and the Temple of Peril Single Rider,7306,CLOSED,STANDBY,0,,,queue-times.com
2026-08-14T07:30:52Z,2026-08-14,9,30,Disneyland Park,Indiana Jones™ and the Temple of Peril,2,CLOSED,STANDBY,0,,,queue-times.com
2026-08-14T07:30:52Z,2026-08-14,9,30,Disneyland Park,La Cabane des Robinson,1,CLOSED,STANDBY,0,,,queue-times.com
2026-08-14T07:30:52Z,2026-08-14,9,30,Disneyland Park,Le Passage Enchanté d'Aladdin,2703,OPERATING,STANDBY,0,,,queue-times.com
2026-08-14T07:30:52Z,2026-08-14,9,30,Disneyland Park,Pirate Galleon,2705,CLOSED,STANDBY,0,,,queue-times.com
2026-08-14T07:30:52Z,2026-08-14,9,30,Disneyland Park,Pirates of the Caribbean,3,CLOSED,STANDBY,0,,,queue-times.com
2026-08-14T07:30:52Z,2026-08-14,9,30,Disneyland Park,Pirates' Beach,2704,OPERATING,STANDBY,0,,,queue-times.com
2026-08-14T07:30:52Z,2026-08-14,9,30,Disneyland Park,"Autopia, presented by Avis",4,OPERATING,STANDBY,35,,,queue-times.com
2026-08-14T07:30:52Z,2026-08-14,9,30,Disneyland Park,Buzz Lightyear Laser Blast,5,OPERATING,STANDBY,20,,,queue-times.com
2026-08-14T07:30:52Z,2026-08-14,9,30,Disneyland Park,Disneyland Railroad Discoveryland Station,2706,CLOSED,STANDBY,0,,,queue-times.com
2026-08-14T07:30:52Z,2026-08-14,9,30,Disneyland Park,Les Mystères du Nautilus,6,OPERATING,STANDBY,0,,,queue-times.com
2026-08-14T07:30:52Z,2026-08-14,9,30,Disneyland Park,Mickey’s PhilharMagic,2707,CLOSED,STANDBY,0,,,queue-times.com
2026-08-14T07:30:52Z,2026-08-14,9,30,Disneyland Park,Orbitron®,7,OPERATING,STANDBY,5,,,queue-times.com
2026-08-14T07:30:52Z,2026-08-14,9,30,Disneyland Park,Star Tours: The Adventures Continue*,9,OPERATING,STANDBY,5,,,queue-times.com
2026-08-14T07:30:52Z,2026-08-14,9,30,Disneyland Park,Star Wars Hyperspace Mountain,8,OPERATING,STANDBY,5,,,queue-times.com
2026-08-14T07:30:52Z,2026-08-14,9,30,Disneyland Park,Star Wars Hyperspace Mountain Single Rider,7278,OPERATING,STANDBY,0,,,queue-times.com
2026-08-14T07:30:52Z,2026-08-14,9,30,Disneyland Park,Welcome to Starport: A Star Wars Encounter,4573,CLOSED,STANDBY,0,,,queue-times.com
2026-08-14T07:30:52Z,2026-08-14,9,30,Disneyland Park,"""it's a small world""",19,OPERATING,STANDBY,5,,,queue-times.com
2026-08-14T07:30:52Z,2026-08-14,9,30,Disneyland Park,Alice's Curious Labyrinth,14,OPERATING,STANDBY,5,,,queue-times.com
2026-08-14T07:30:52Z,2026-08-14,9,30,Disneyland Park,Blanche-Neige et les Sept Nains®,15,CLOSED,STANDBY,0,,,queue-times.com
2026-08-14T07:30:52Z,2026-08-14,9,30,Disneyland Park,Casey Jr. – le Petit Train du Cirque,17,OPERATING,STANDBY,5,,,queue-times.com
2026-08-14T07:30:52Z,2026-08-14,9,30,Disneyland Park,Disneyland Railroad Fantasyland Station,2711,CLOSED,STANDBY,0,,,queue-times.com
2026-08-14T07:30:52Z,2026-08-14,9,30,Disneyland Park,Disneyland Railroad Main Street Station,11,CLOSED,STANDBY,0,,,queue-times.com
2026-08-14T07:30:52Z,2026-08-14,9,30,Disneyland Park,Dumbo the Flying Elephant,18,OPERATING,STANDBY,20,,,queue-times.com
2026-08-14T07:30:52Z,2026-08-14,9,30,Disneyland Park,La Tanière du Dragon,2710,OPERATING,STANDBY,0,,,queue-times.com
2026-08-14T07:30:52Z,2026-08-14,9,30,Disneyland Park,Le Carrousel de Lancelot,16,OPERATING,STANDBY,5,,,queue-times.com
2026-08-14T07:30:52Z,2026-08-14,9,30,Disneyland Park,"Le Pays des Contes de Fées, presented by Vittel",21,OPERATING,STANDBY,5,,,queue-times.com
2026-08-14T07:30:52Z,2026-08-14,9,30,Disneyland Park,Les Voyages de Pinocchio,23,CLOSED,STANDBY,0,,,queue-times.com
2026-08-14T07:30:52Z,2026-08-14,9,30,Disneyland Park,Mad Hatter's Tea Cups,20,CLOSED,STANDBY,0,,,queue-times.com
2026-08-14T07:30:52Z,2026-08-14,9,30,Disneyland Park,Meet Mickey Mouse,13,CLOSED,STANDBY,0,,,queue-times.com
2026-08-14T07:30:52Z,2026-08-14,9,30,Disneyland Park,Peter Pan's Flight,22,OPERATING,STANDBY,45,,,queue-times.com
2026-08-14T07:30:52Z,2026-08-14,9,30,Disneyland Park,Princess Pavilion,24,CLOSED,STANDBY,0,,,queue-times.com
2026-08-14T07:30:52Z,2026-08-14,9,30,Disneyland Park,Big Thunder Mountain,25,OPERATING,STANDBY,80,,,queue-times.com
2026-08-14T07:30:52Z,2026-08-14,9,30,Disneyland Park,Disneyland Railroad Frontierland Depot,2714,CLOSED,STANDBY,0,,,queue-times.com
2026-08-14T07:30:52Z,2026-08-14,9,30,Disneyland Park,Frontierland Playground,2713,CLOSED,STANDBY,0,,,queue-times.com
2026-08-14T07:30:52Z,2026-08-14,9,30,Disneyland Park,Phantom Manor,26,CLOSED,STANDBY,0,,,queue-times.com
2026-08-14T07:30:52Z,2026-08-14,9,30,Disneyland Park,River Rogue Keelboats,27,CLOSED,STANDBY,0,,,queue-times.com
2026-08-14T07:30:52Z,2026-08-14,9,30,Disneyland Park,Rustler Roundup Shootin' Gallery,2712,OPERATING,STANDBY,0,,,queue-times.com
2026-08-14T07:30:52Z,2026-08-14,9,30,Disneyland Park,Thunder Mesa Riverboat Landing,28,CLOSED,STANDBY,0,,,queue-times.com
2026-08-14T07:30:52Z,2026-08-14,9,30,Disneyland Park,Disneyland Railroad Main Street Station,2708,CLOSED,STANDBY,0,,,queue-times.com
2026-08-14T07:30:52Z,2026-08-14,9,30,Disneyland Park,Main Street Vehicles,12,OPERATING,STANDBY,5,,,queue-times.com
2026-08-14T07:30:52Z,2026-08-14,9,30,Disney Adventure World,Avengers Assemble: Flight Force,10848,OPERATING,STANDBY,5,,,queue-times.com
2026-08-14T07:30:52Z,2026-08-14,9,30,Disney Adventure World,Avengers Assemble: Flight Force Single Rider,10849,OPERATING,STANDBY,5,,,queue-times.com
2026-08-14T07:30:52Z,2026-08-14,9,30,Disney Adventure World,Spider-Man W.E.B. Adventure,10845,OPERATING,STANDBY,30,,,queue-times.com
2026-08-14T07:30:52Z,2026-08-14,9,30,Disney Adventure World,Spider-Man W.E.B. Adventure Single Rider,10846,OPERATING,STANDBY,5,,,queue-times.com
2026-08-14T07:30:52Z,2026-08-14,9,30,Disney Adventure World,The Twilight Zone Tower of Terror,40,OPERATING,STANDBY,25,,,queue-times.com
2026-08-14T07:30:52Z,2026-08-14,9,30,Disney Adventure World,Cars Quatre Roues Rallye,31,OPERATING,STANDBY,5,,,queue-times.com
2026-08-14T07:30:52Z,2026-08-14,9,30,Disney Adventure World,Cars ROAD TRIP,29,OPERATING,STANDBY,0,,,queue-times.com
2026-08-14T07:30:52Z,2026-08-14,9,30,Disney Adventure World,Crush's Coaster,32,OPERATING,STANDBY,85,,,queue-times.com
2026-08-14T07:30:52Z,2026-08-14,9,30,Disney Adventure World,Crush's Coaster Single Rider,7277,OPERATING,STANDBY,40,,,queue-times.com
2026-08-14T07:30:52Z,2026-08-14,9,30,Disney Adventure World,Les Tapis Volants - Flying Carpets Over Agrabah®,33,OPERATING,STANDBY,5,,,queue-times.com
2026-08-14T07:30:52Z,2026-08-14,9,30,Disney Adventure World,Ratatouille : L’Aventure Totalement Toquée de Rémy​,37,OPERATING,STANDBY,25,,,queue-times.com
2026-08-14T07:30:52Z,2026-08-14,9,30,Disney Adventure World,Ratatouille: The Adventure Single Rider,7279,OPERATING,STANDBY,5,,,queue-times.com
2026-08-14T07:30:52Z,2026-08-14,9,30,Disney Adventure World,RC Racer,34,OPERATING,STANDBY,10,,,queue-times.com
2026-08-14T07:30:52Z,2026-08-14,9,30,Disney Adventure World,RC Racer Single Rider,7280,OPERATING,STANDBY,5,,,queue-times.com
2026-08-14T07:30:52Z,2026-08-14,9,30,Disney Adventure World,Slinky® Dog Zigzag Spin,36,OPERATING,STANDBY,5,,,queue-times.com
2026-08-14T07:30:52Z,2026-08-14,9,30,Disney Adventure World,Toy Soldiers Parachute Drop,35,OPERATING,STANDBY,25,,,queue-times.com
2026-08-14T07:30:52Z,2026-08-14,9,30,Disney Adventure World,Toy Soldiers Parachute Drop Single Rider,7281,OPERATING,STANDBY,5,,,queue-times.com
2026-08-14T07:30:52Z,2026-08-14,9,30,Disney Adventure World,Entry to World of Frozen,16247,OPERATING,STANDBY,0,,,queue-times.com
2026-08-14T07:30:52Z,2026-08-14,9,30,Disney Adventure World,Frozen Ever After,15413,OPERATING,STANDBY,65,,,queue-times.com
2026-08-14T07:30:52Z,2026-08-14,9,30,Disney Adventure World,Raiponce Tangled Spin,15415,CLOSED,STANDBY,0,,,queue-times.com
2026-08-14T07:45:33Z,2026-08-14,9,45,Disneyland Park,Adventure Isle,2702,OPERATING,STANDBY,0,,,queue-times.com
2026-08-14T07:45:33Z,2026-08-14,9,45,Disneyland Park,Indiana Jones and the Temple of Peril Single Rider,7306,OPERATING,STANDBY,5,,,queue-times.com
2026-08-14T07:45:33Z,2026-08-14,9,45,Disneyland Park,Indiana Jones™ and the Temple of Peril,2,OPERATING,STANDBY,5,,,queue-times.com
2026-08-14T07:45:33Z,2026-08-14,9,45,Disneyland Park,La Cabane des Robinson,1,OPERATING,STANDBY,5,,,queue-times.com
2026-08-14T07:45:33Z,2026-08-14,9,45,Disneyland Park,Le Passage Enchanté d'Aladdin,2703,OPERATING,STANDBY,0,,,queue-times.com
2026-08-14T07:45:33Z,2026-08-14,9,45,Disneyland Park,Pirate Galleon,2705,CLOSED,STANDBY,0,,,queue-times.com
2026-08-14T07:45:33Z,2026-08-14,9,45,Disneyland Park,Pirates of the Caribbean,3,OPERATING,STANDBY,5,,,queue-times.com
2026-08-14T07:45:33Z,2026-08-14,9,45,Disneyland Park,Pirates' Beach,2704,OPERATING,STANDBY,0,,,queue-times.com
2026-08-14T07:45:33Z,2026-08-14,9,45,Disneyland Park,"Autopia, presented by Avis",4,OPERATING,STANDBY,55,,,queue-times.com
2026-08-14T07:45:33Z,2026-08-14,9,45,Disneyland Park,Buzz Lightyear Laser Blast,5,OPERATING,STANDBY,20,,,queue-times.com
2026-08-14T07:45:33Z,2026-08-14,9,45,Disneyland Park,Disneyland Railroad Discoveryland Station,2706,CLOSED,STANDBY,0,,,queue-times.com
2026-08-14T07:45:33Z,2026-08-14,9,45,Disneyland Park,Les Mystères du Nautilus,6,OPERATING,STANDBY,5,,,queue-times.com
2026-08-14T07:45:33Z,2026-08-14,9,45,Disneyland Park,Mickey’s PhilharMagic,2707,CLOSED,STANDBY,0,,,queue-times.com
2026-08-14T07:45:33Z,2026-08-14,9,45,Disneyland Park,Orbitron®,7,OPERATING,STANDBY,5,,,queue-times.com
2026-08-14T07:45:33Z,2026-08-14,9,45,Disneyland Park,Star Tours: The Adventures Continue*,9,OPERATING,STANDBY,5,,,queue-times.com
2026-08-14T07:45:33Z,2026-08-14,9,45,Disneyland Park,Star Wars Hyperspace Mountain,8,OPERATING,STANDBY,20,,,queue-times.com
2026-08-14T07:45:33Z,2026-08-14,9,45,Disneyland Park,Star Wars Hyperspace Mountain Single Rider,7278,OPERATING,STANDBY,5,,,queue-times.com
2026-08-14T07:45:33Z,2026-08-14,9,45,Disneyland Park,Welcome to Starport: A Star Wars Encounter,4573,CLOSED,STANDBY,0,,,queue-times.com
2026-08-14T07:45:33Z,2026-08-14,9,45,Disneyland Park,"""it's a small world""",19,OPERATING,STANDBY,5,,,queue-times.com
2026-08-14T07:45:33Z,2026-08-14,9,45,Disneyland Park,Alice's Curious Labyrinth,14,OPERATING,STANDBY,5,,,queue-times.com
2026-08-14T07:45:33Z,2026-08-14,9,45,Disneyland Park,Blanche-Neige et les Sept Nains®,15,OPERATING,STANDBY,5,,,queue-times.com
2026-08-14T07:45:33Z,2026-08-14,9,45,Disneyland Park,Casey Jr. – le Petit Train du Cirque,17,OPERATING,STANDBY,5,,,queue-times.com
2026-08-14T07:45:33Z,2026-08-14,9,45,Disneyland Park,Disneyland Railroad Fantasyland Station,2711,CLOSED,STANDBY,0,,,queue-times.com
2026-08-14T07:45:33Z,2026-08-14,9,45,Disneyland Park,Disneyland Railroad Main Street Station,11,CLOSED,STANDBY,0,,,queue-times.com
2026-08-14T07:45:33Z,2026-08-14,9,45,Disneyland Park,Dumbo the Flying Elephant,18,OPERATING,STANDBY,25,,,queue-times.com
2026-08-14T07:45:33Z,2026-08-14,9,45,Disneyland Park,La Tanière du Dragon,2710,OPERATING,STANDBY,0,,,queue-times.com
2026-08-14T07:45:33Z,2026-08-14,9,45,Disneyland Park,Le Carrousel de Lancelot,16,OPERATING,STANDBY,5,,,queue-times.com
2026-08-14T07:45:33Z,2026-08-14,9,45,Disneyland Park,"Le Pays des Contes de Fées, presented by Vittel",21,OPERATING,STANDBY,5,,,queue-times.com
2026-08-14T07:45:33Z,2026-08-14,9,45,Disneyland Park,Les Voyages de Pinocchio,23,OPERATING,STANDBY,5,,,queue-times.com
2026-08-14T07:45:33Z,2026-08-14,9,45,Disneyland Park,Mad Hatter's Tea Cups,20,OPERATING,STANDBY,5,,,queue-times.com
2026-08-14T07:45:33Z,2026-08-14,9,45,Disneyland Park,Meet Mickey Mouse,13,CLOSED,STANDBY,0,,,queue-times.com
2026-08-14T07:45:33Z,2026-08-14,9,45,Disneyland Park,Peter Pan's Flight,22,OPERATING,STANDBY,55,,,queue-times.com
2026-08-14T07:45:33Z,2026-08-14,9,45,Disneyland Park,Princess Pavilion,24,CLOSED,STANDBY,0,,,queue-times.com
2026-08-14T07:45:33Z,2026-08-14,9,45,Disneyland Park,Big Thunder Mountain,25,OPERATING,STANDBY,80,,,queue-times.com
2026-08-14T07:45:33Z,2026-08-14,9,45,Disneyland Park,Disneyland Railroad Frontierland Depot,2714,CLOSED,STANDBY,0,,,queue-times.com
2026-08-14T07:45:33Z,2026-08-14,9,45,Disneyland Park,Frontierland Playground,2713,OPERATING,STANDBY,0,,,queue-times.com
2026-08-14T07:45:33Z,2026-08-14,9,45,Disneyland Park,Phantom Manor,26,OPERATING,STANDBY,5,,,queue-times.com
2026-08-14T07:45:33Z,2026-08-14,9,45,Disneyland Park,River Rogue Keelboats,27,CLOSED,STANDBY,0,,,queue-times.com
2026-08-14T07:45:33Z,2026-08-14,9,45,Disneyland Park,Rustler Roundup Shootin' Gallery,2712,OPERATING,STANDBY,0,,,queue-times.com
2026-08-14T07:45:33Z,2026-08-14,9,45,Disneyland Park,Thunder Mesa Riverboat Landing,28,CLOSED,STANDBY,0,,,queue-times.com
2026-08-14T07:45:33Z,2026-08-14,9,45,Disneyland Park,Disneyland Railroad Main Street Station,2708,CLOSED,STANDBY,0,,,queue-times.com
2026-08-14T07:45:33Z,2026-08-14,9,45,Disneyland Park,Main Street Vehicles,12,OPERATING,STANDBY,5,,,queue-times.com
2026-08-14T07:45:33Z,2026-08-14,9,45,Disney Adventure World,Avengers Assemble: Flight Force,10848,OPERATING,STANDBY,5,,,queue-times.com
2026-08-14T07:45:33Z,2026-08-14,9,45,Disney Adventure World,Avengers Assemble: Flight Force Single Rider,10849,OPERATING,STANDBY,5,,,queue-times.com
2026-08-14T07:45:33Z,2026-08-14,9,45,Disney Adventure World,Spider-Man W.E.B. Adventure,10845,OPERATING,STANDBY,30,,,queue-times.com
2026-08-14T07:45:33Z,2026-08-14,9,45,Disney Adventure World,Spider-Man W.E.B. Adventure Single Rider,10846,OPERATING,STANDBY,5,,,queue-times.com
2026-08-14T07:45:33Z,2026-08-14,9,45,Disney Adventure World,The Twilight Zone Tower of Terror,40,OPERATING,STANDBY,20,,,queue-times.com
2026-08-14T07:45:33Z,2026-08-14,9,45,Disney Adventure World,Cars Quatre Roues Rallye,31,OPERATING,STANDBY,5,,,queue-times.com
2026-08-14T07:45:33Z,2026-08-14,9,45,Disney Adventure World,Cars ROAD TRIP,29,OPERATING,STANDBY,10,,,queue-times.com
2026-08-14T07:45:33Z,2026-08-14,9,45,Disney Adventure World,Crush's Coaster,32,OPERATING,STANDBY,85,,,queue-times.com
2026-08-14T07:45:33Z,2026-08-14,9,45,Disney Adventure World,Crush's Coaster Single Rider,7277,OPERATING,STANDBY,45,,,queue-times.com
2026-08-14T07:45:33Z,2026-08-14,9,45,Disney Adventure World,Les Tapis Volants - Flying Carpets Over Agrabah®,33,OPERATING,STANDBY,5,,,queue-times.com
2026-08-14T07:45:33Z,2026-08-14,9,45,Disney Adventure World,Ratatouille : L’Aventure Totalement Toquée de Rémy​,37,OPERATING,STANDBY,40,,,queue-times.com
2026-08-14T07:45:33Z,2026-08-14,9,45,Disney Adventure World,Ratatouille: The Adventure Single Rider,7279,OPERATING,STANDBY,5,,,queue-times.com
2026-08-14T07:45:33Z,2026-08-14,9,45,Disney Adventure World,RC Racer,34,OPERATING,STANDBY,30,,,queue-times.com
2026-08-14T07:45:33Z,2026-08-14,9,45,Disney Adventure World,RC Racer Single Rider,7280,OPERATING,STANDBY,15,,,queue-times.com
2026-08-14T07:45:33Z,2026-08-14,9,45,Disney Adventure World,Slinky® Dog Zigzag Spin,36,OPERATING,STANDBY,5,,,queue-times.com
2026-08-14T07:45:33Z,2026-08-14,9,45,Disney Adventure World,Toy Soldiers Parachute Drop,35,OPERATING,STANDBY,35,,,queue-times.com
2026-08-14T07:45:33Z,2026-08-14,9,45,Disney Adventure World,Toy Soldiers Parachute Drop Single Rider,7281,OPERATING,STANDBY,10,,,queue-times.com
2026-08-14T07:45:33Z,2026-08-14,9,45,Disney Adventure World,Entry to World of Frozen,16247,OPERATING,STANDBY,0,,,queue-times.com
2026-08-14T07:45:33Z,2026-08-14,9,45,Disney Adventure World,Frozen Ever After,15413,OPERATING,STANDBY,65,,,queue-times.com
2026-08-14T07:45:33Z,2026-08-14,9,45,Disney Adventure World,Raiponce Tangled Spin,15415,CLOSED,STANDBY,0,,,queue-times.com
2026-08-14T08:01:09Z,2026-08-14,10,1,Disneyland Park,Adventure Isle,2702,OPERATING,STANDBY,0,,,queue-times.com
2026-08-14T08:01:09Z,2026-08-14,10,1,Disneyland Park,Indiana Jones and the Temple of Peril Single Rider,7306,OPERATING,STANDBY,5,,,queue-times.com
2026-08-14T08:01:09Z,2026-08-14,10,1,Disneyland Park,Indiana Jones™ and the Temple of Peril,2,OPERATING,STANDBY,5,,,queue-times.com
2026-08-14T08:01:09Z,2026-08-14,10,1,Disneyland Park,La Cabane des Robinson,1,OPERATING,STANDBY,5,,,queue-times.com
2026-08-14T08:01:09Z,2026-08-14,10,1,Disneyland Park,Le Passage Enchanté d'Aladdin,2703,OPERATING,STANDBY,0,,,queue-times.com
2026-08-14T08:01:09Z,2026-08-14,10,1,Disneyland Park,Pirate Galleon,2705,CLOSED,STANDBY,0,,,queue-times.com
2026-08-14T08:01:09Z,2026-08-14,10,1,Disneyland Park,Pirates of the Caribbean,3,OPERATING,STANDBY,15,,,queue-times.com
2026-08-14T08:01:09Z,2026-08-14,10,1,Disneyland Park,Pirates' Beach,2704,OPERATING,STANDBY,0,,,queue-times.com
2026-08-14T08:01:09Z,2026-08-14,10,1,Disneyland Park,"Autopia, presented by Avis",4,OPERATING,STANDBY,60,,,queue-times.com
2026-08-14T08:01:09Z,2026-08-14,10,1,Disneyland Park,Buzz Lightyear Laser Blast,5,OPERATING,STANDBY,30,,,queue-times.com
2026-08-14T08:01:09Z,2026-08-14,10,1,Disneyland Park,Disneyland Railroad Discoveryland Station,2706,CLOSED,STANDBY,0,,,queue-times.com
2026-08-14T08:01:09Z,2026-08-14,10,1,Disneyland Park,Les Mystères du Nautilus,6,OPERATING,STANDBY,5,,,queue-times.com
2026-08-14T08:01:09Z,2026-08-14,10,1,Disneyland Park,Mickey’s PhilharMagic,2707,CLOSED,STANDBY,0,,,queue-times.com
2026-08-14T08:01:09Z,2026-08-14,10,1,Disneyland Park,Orbitron®,7,OPERATING,STANDBY,35,,,queue-times.com
2026-08-14T08:01:09Z,2026-08-14,10,1,Disneyland Park,Star Tours: The Adventures Continue*,9,OPERATING,STANDBY,5,,,queue-times.com
2026-08-14T08:01:09Z,2026-08-14,10,1,Disneyland Park,Star Wars Hyperspace Mountain,8,OPERATING,STANDBY,20,,,queue-times.com
2026-08-14T08:01:09Z,2026-08-14,10,1,Disneyland Park,Star Wars Hyperspace Mountain Single Rider,7278,OPERATING,STANDBY,10,,,queue-times.com
2026-08-14T08:01:09Z,2026-08-14,10,1,Disneyland Park,Welcome to Starport: A Star Wars Encounter,4573,CLOSED,STANDBY,0,,,queue-times.com
2026-08-14T08:01:09Z,2026-08-14,10,1,Disneyland Park,"""it's a small world""",19,OPERATING,STANDBY,5,,,queue-times.com
2026-08-14T08:01:09Z,2026-08-14,10,1,Disneyland Park,Alice's Curious Labyrinth,14,OPERATING,STANDBY,5,,,queue-times.com
2026-08-14T08:01:09Z,2026-08-14,10,1,Disneyland Park,Blanche-Neige et les Sept Nains®,15,OPERATING,STANDBY,5,,,queue-times.com
2026-08-14T08:01:09Z,2026-08-14,10,1,Disneyland Park,Casey Jr. – le Petit Train du Cirque,17,OPERATING,STANDBY,5,,,queue-times.com
2026-08-14T08:01:09Z,2026-08-14,10,1,Disneyland Park,Disneyland Railroad Fantasyland Station,2711,CLOSED,STANDBY,0,,,queue-times.com
2026-08-14T08:01:09Z,2026-08-14,10,1,Disneyland Park,Disneyland Railroad Main Street Station,11,CLOSED,STANDBY,0,,,queue-times.com
2026-08-14T08:01:09Z,2026-08-14,10,1,Disneyland Park,Dumbo the Flying Elephant,18,OPERATING,STANDBY,25,,,queue-times.com
2026-08-14T08:01:09Z,2026-08-14,10,1,Disneyland Park,La Tanière du Dragon,2710,OPERATING,STANDBY,0,,,queue-times.com
2026-08-14T08:01:09Z,2026-08-14,10,1,Disneyland Park,Le Carrousel de Lancelot,16,OPERATING,STANDBY,5,,,queue-times.com
2026-08-14T08:01:09Z,2026-08-14,10,1,Disneyland Park,"Le Pays des Contes de Fées, presented by Vittel",21,OPERATING,STANDBY,5,,,queue-times.com
2026-08-14T08:01:09Z,2026-08-14,10,1,Disneyland Park,Les Voyages de Pinocchio,23,OPERATING,STANDBY,10,,,queue-times.com
2026-08-14T08:01:09Z,2026-08-14,10,1,Disneyland Park,Mad Hatter's Tea Cups,20,OPERATING,STANDBY,5,,,queue-times.com
2026-08-14T08:01:09Z,2026-08-14,10,1,Disneyland Park,Meet Mickey Mouse,13,CLOSED,STANDBY,0,,,queue-times.com
2026-08-14T08:01:09Z,2026-08-14,10,1,Disneyland Park,Peter Pan's Flight,22,OPERATING,STANDBY,55,,,queue-times.com
2026-08-14T08:01:09Z,2026-08-14,10,1,Disneyland Park,Princess Pavilion,24,CLOSED,STANDBY,0,,,queue-times.com
2026-08-14T08:01:09Z,2026-08-14,10,1,Disneyland Park,Big Thunder Mountain,25,OPERATING,STANDBY,55,,,queue-times.com
2026-08-14T08:01:09Z,2026-08-14,10,1,Disneyland Park,Disneyland Railroad Frontierland Depot,2714,CLOSED,STANDBY,0,,,queue-times.com
2026-08-14T08:01:09Z,2026-08-14,10,1,Disneyland Park,Frontierland Playground,2713,OPERATING,STANDBY,0,,,queue-times.com
2026-08-14T08:01:09Z,2026-08-14,10,1,Disneyland Park,Phantom Manor,26,OPERATING,STANDBY,5,,,queue-times.com
2026-08-14T08:01:09Z,2026-08-14,10,1,Disneyland Park,River Rogue Keelboats,27,CLOSED,STANDBY,0,,,queue-times.com
2026-08-14T08:01:09Z,2026-08-14,10,1,Disneyland Park,Rustler Roundup Shootin' Gallery,2712,OPERATING,STANDBY,0,,,queue-times.com
2026-08-14T08:01:09Z,2026-08-14,10,1,Disneyland Park,Thunder Mesa Riverboat Landing,28,OPERATING,STANDBY,0,,,queue-times.com
2026-08-14T08:01:09Z,2026-08-14,10,1,Disneyland Park,Disneyland Railroad Main Street Station,2708,CLOSED,STANDBY,0,,,queue-times.com
2026-08-14T08:01:09Z,2026-08-14,10,1,Disneyland Park,Main Street Vehicles,12,OPERATING,STANDBY,5,,,queue-times.com
2026-08-14T08:01:09Z,2026-08-14,10,1,Disney Adventure World,Avengers Assemble: Flight Force,10848,OPERATING,STANDBY,5,,,queue-times.com
2026-08-14T08:01:09Z,2026-08-14,10,1,Disney Adventure World,Avengers Assemble: Flight Force Single Rider,10849,OPERATING,STANDBY,5,,,queue-times.com
2026-08-14T08:01:09Z,2026-08-14,10,1,Disney Adventure World,Spider-Man W.E.B. Adventure,10845,OPERATING,STANDBY,40,,,queue-times.com
2026-08-14T08:01:09Z,2026-08-14,10,1,Disney Adventure World,Spider-Man W.E.B. Adventure Single Rider,10846,OPERATING,STANDBY,15,,,queue-times.com
2026-08-14T08:01:09Z,2026-08-14,10,1,Disney Adventure World,The Twilight Zone Tower of Terror,40,OPERATING,STANDBY,10,,,queue-times.com
2026-08-14T08:01:09Z,2026-08-14,10,1,Disney Adventure World,Cars Quatre Roues Rallye,31,OPERATING,STANDBY,10,,,queue-times.com
2026-08-14T08:01:09Z,2026-08-14,10,1,Disney Adventure World,Cars ROAD TRIP,29,OPERATING,STANDBY,5,,,queue-times.com
2026-08-14T08:01:09Z,2026-08-14,10,1,Disney Adventure World,Crush's Coaster,32,OPERATING,STANDBY,90,,,queue-times.com
2026-08-14T08:01:09Z,2026-08-14,10,1,Disney Adventure World,Crush's Coaster Single Rider,7277,OPERATING,STANDBY,60,,,queue-times.com
2026-08-14T08:01:09Z,2026-08-14,10,1,Disney Adventure World,Les Tapis Volants - Flying Carpets Over Agrabah®,33,OPERATING,STANDBY,5,,,queue-times.com
2026-08-14T08:01:09Z,2026-08-14,10,1,Disney Adventure World,Ratatouille : L’Aventure Totalement Toquée de Rémy​,37,OPERATING,STANDBY,45,,,queue-times.com
2026-08-14T08:01:09Z,2026-08-14,10,1,Disney Adventure World,Ratatouille: The Adventure Single Rider,7279,OPERATING,STANDBY,5,,,queue-times.com
2026-08-14T08:01:09Z,2026-08-14,10,1,Disney Adventure World,RC Racer,34,OPERATING,STANDBY,35,,,queue-times.com
2026-08-14T08:01:09Z,2026-08-14,10,1,Disney Adventure World,RC Racer Single Rider,7280,OPERATING,STANDBY,15,,,queue-times.com
2026-08-14T08:01:09Z,2026-08-14,10,1,Disney Adventure World,Slinky® Dog Zigzag Spin,36,OPERATING,STANDBY,5,,,queue-times.com
2026-08-14T08:01:09Z,2026-08-14,10,1,Disney Adventure World,Toy Soldiers Parachute Drop,35,OPERATING,STANDBY,40,,,queue-times.com
2026-08-14T08:01:09Z,2026-08-14,10,1,Disney Adventure World,Toy Soldiers Parachute Drop Single Rider,7281,OPERATING,STANDBY,20,,,queue-times.com
2026-08-14T08:01:09Z,2026-08-14,10,1,Disney Adventure World,Entry to World of Frozen,16247,OPERATING,STANDBY,0,,,queue-times.com
2026-08-14T08:01:09Z,2026-08-14,10,1,Disney Adventure World,Frozen Ever After,15413,OPERATING,STANDBY,70,,,queue-times.com
2026-08-14T08:01:09Z,2026-08-14,10,1,Disney Adventure World,Raiponce Tangled Spin,15415,CLOSED,STANDBY,0,,,queue-times.com
2026-08-14T08:15:38Z,2026-08-14,10,15,Disneyland Park,Adventure Isle,2702,OPERATING,STANDBY,0,,,queue-times.com
2026-08-14T08:15:38Z,2026-08-14,10,15,Disneyland Park,Indiana Jones and the Temple of Peril Single Rider,7306,OPERATING,STANDBY,5,,,queue-times.com
2026-08-14T08:15:38Z,2026-08-14,10,15,Disneyland Park,Indiana Jones™ and the Temple of Peril,2,OPERATING,STANDBY,10,,,queue-times.com
2026-08-14T08:15:38Z,2026-08-14,10,15,Disneyland Park,La Cabane des Robinson,1,OPERATING,STANDBY,5,,,queue-times.com
2026-08-14T08:15:38Z,2026-08-14,10,15,Disneyland Park,Le Passage Enchanté d'Aladdin,2703,OPERATING,STANDBY,0,,,queue-times.com
2026-08-14T08:15:38Z,2026-08-14,10,15,Disneyland Park,Pirate Galleon,2705,CLOSED,STANDBY,0,,,queue-times.com
2026-08-14T08:15:38Z,2026-08-14,10,15,Disneyland Park,Pirates of the Caribbean,3,OPERATING,STANDBY,15,,,queue-times.com
2026-08-14T08:15:38Z,2026-08-14,10,15,Disneyland Park,Pirates' Beach,2704,OPERATING,STANDBY,0,,,queue-times.com
2026-08-14T08:15:38Z,2026-08-14,10,15,Disneyland Park,"Autopia, presented by Avis",4,OPERATING,STANDBY,65,,,queue-times.com
2026-08-14T08:15:38Z,2026-08-14,10,15,Disneyland Park,Buzz Lightyear Laser Blast,5,OPERATING,STANDBY,40,,,queue-times.com
2026-08-14T08:15:38Z,2026-08-14,10,15,Disneyland Park,Disneyland Railroad Discoveryland Station,2706,CLOSED,STANDBY,0,,,queue-times.com
2026-08-14T08:15:38Z,2026-08-14,10,15,Disneyland Park,Les Mystères du Nautilus,6,OPERATING,STANDBY,5,,,queue-times.com
2026-08-14T08:15:38Z,2026-08-14,10,15,Disneyland Park,Mickey’s PhilharMagic,2707,CLOSED,STANDBY,0,,,queue-times.com
2026-08-14T08:15:38Z,2026-08-14,10,15,Disneyland Park,Orbitron®,7,OPERATING,STANDBY,35,,,queue-times.com
2026-08-14T08:15:38Z,2026-08-14,10,15,Disneyland Park,Star Tours: The Adventures Continue*,9,OPERATING,STANDBY,5,,,queue-times.com
2026-08-14T08:15:38Z,2026-08-14,10,15,Disneyland Park,Star Wars Hyperspace Mountain,8,OPERATING,STANDBY,20,,,queue-times.com
2026-08-14T08:15:38Z,2026-08-14,10,15,Disneyland Park,Star Wars Hyperspace Mountain Single Rider,7278,OPERATING,STANDBY,10,,,queue-times.com
2026-08-14T08:15:38Z,2026-08-14,10,15,Disneyland Park,Welcome to Starport: A Star Wars Encounter,4573,OPERATING,STANDBY,15,,,queue-times.com
2026-08-14T08:15:38Z,2026-08-14,10,15,Disneyland Park,"""it's a small world""",19,OPERATING,STANDBY,5,,,queue-times.com
2026-08-14T08:15:38Z,2026-08-14,10,15,Disneyland Park,Alice's Curious Labyrinth,14,OPERATING,STANDBY,5,,,queue-times.com
2026-08-14T08:15:38Z,2026-08-14,10,15,Disneyland Park,Blanche-Neige et les Sept Nains®,15,OPERATING,STANDBY,5,,,queue-times.com
2026-08-14T08:15:38Z,2026-08-14,10,15,Disneyland Park,Casey Jr. – le Petit Train du Cirque,17,OPERATING,STANDBY,5,,,queue-times.com
2026-08-14T08:15:38Z,2026-08-14,10,15,Disneyland Park,Disneyland Railroad Fantasyland Station,2711,CLOSED,STANDBY,0,,,queue-times.com
2026-08-14T08:15:38Z,2026-08-14,10,15,Disneyland Park,Disneyland Railroad Main Street Station,11,CLOSED,STANDBY,0,,,queue-times.com
2026-08-14T08:15:38Z,2026-08-14,10,15,Disneyland Park,Dumbo the Flying Elephant,18,OPERATING,STANDBY,25,,,queue-times.com
2026-08-14T08:15:38Z,2026-08-14,10,15,Disneyland Park,La Tanière du Dragon,2710,OPERATING,STANDBY,0,,,queue-times.com
2026-08-14T08:15:38Z,2026-08-14,10,15,Disneyland Park,Le Carrousel de Lancelot,16,OPERATING,STANDBY,10,,,queue-times.com
2026-08-14T08:15:38Z,2026-08-14,10,15,Disneyland Park,"Le Pays des Contes de Fées, presented by Vittel",21,OPERATING,STANDBY,5,,,queue-times.com
2026-08-14T08:15:38Z,2026-08-14,10,15,Disneyland Park,Les Voyages de Pinocchio,23,OPERATING,STANDBY,10,,,queue-times.com
2026-08-14T08:15:38Z,2026-08-14,10,15,Disneyland Park,Mad Hatter's Tea Cups,20,OPERATING,STANDBY,5,,,queue-times.com
2026-08-14T08:15:38Z,2026-08-14,10,15,Disneyland Park,Meet Mickey Mouse,13,OPERATING,STANDBY,0,,,queue-times.com
2026-08-14T08:15:38Z,2026-08-14,10,15,Disneyland Park,Peter Pan's Flight,22,OPERATING,STANDBY,55,,,queue-times.com
2026-08-14T08:15:38Z,2026-08-14,10,15,Disneyland Park,Princess Pavilion,24,OPERATING,STANDBY,0,,,queue-times.com
2026-08-14T08:15:38Z,2026-08-14,10,15,Disneyland Park,Big Thunder Mountain,25,OPERATING,STANDBY,55,,,queue-times.com
2026-08-14T08:15:38Z,2026-08-14,10,15,Disneyland Park,Disneyland Railroad Frontierland Depot,2714,CLOSED,STANDBY,0,,,queue-times.com
2026-08-14T08:15:38Z,2026-08-14,10,15,Disneyland Park,Frontierland Playground,2713,OPERATING,STANDBY,0,,,queue-times.com
2026-08-14T08:15:38Z,2026-08-14,10,15,Disneyland Park,Phantom Manor,26,OPERATING,STANDBY,5,,,queue-times.com
2026-08-14T08:15:38Z,2026-08-14,10,15,Disneyland Park,River Rogue Keelboats,27,CLOSED,STANDBY,0,,,queue-times.com
2026-08-14T08:15:38Z,2026-08-14,10,15,Disneyland Park,Rustler Roundup Shootin' Gallery,2712,OPERATING,STANDBY,0,,,queue-times.com
2026-08-14T08:15:38Z,2026-08-14,10,15,Disneyland Park,Thunder Mesa Riverboat Landing,28,OPERATING,STANDBY,10,,,queue-times.com
2026-08-14T08:15:38Z,2026-08-14,10,15,Disneyland Park,Disneyland Railroad Main Street Station,2708,CLOSED,STANDBY,0,,,queue-times.com
2026-08-14T08:15:38Z,2026-08-14,10,15,Disneyland Park,Main Street Vehicles,12,OPERATING,STANDBY,5,,,queue-times.com
2026-08-14T08:15:38Z,2026-08-14,10,15,Disney Adventure World,Avengers Assemble: Flight Force,10848,OPERATING,STANDBY,5,,,queue-times.com
2026-08-14T08:15:38Z,2026-08-14,10,15,Disney Adventure World,Avengers Assemble: Flight Force Single Rider,10849,OPERATING,STANDBY,5,,,queue-times.com
2026-08-14T08:15:38Z,2026-08-14,10,15,Disney Adventure World,Spider-Man W.E.B. Adventure,10845,OPERATING,STANDBY,40,,,queue-times.com
2026-08-14T08:15:38Z,2026-08-14,10,15,Disney Adventure World,Spider-Man W.E.B. Adventure Single Rider,10846,OPERATING,STANDBY,15,,,queue-times.com
2026-08-14T08:15:38Z,2026-08-14,10,15,Disney Adventure World,The Twilight Zone Tower of Terror,40,OPERATING,STANDBY,25,,,queue-times.com
2026-08-14T08:15:38Z,2026-08-14,10,15,Disney Adventure World,Cars Quatre Roues Rallye,31,OPERATING,STANDBY,5,,,queue-times.com
2026-08-14T08:15:38Z,2026-08-14,10,15,Disney Adventure World,Cars ROAD TRIP,29,OPERATING,STANDBY,5,,,queue-times.com
2026-08-14T08:15:38Z,2026-08-14,10,15,Disney Adventure World,Crush's Coaster,32,OPERATING,STANDBY,90,,,queue-times.com
2026-08-14T08:15:38Z,2026-08-14,10,15,Disney Adventure World,Crush's Coaster Single Rider,7277,OPERATING,STANDBY,50,,,queue-times.com
2026-08-14T08:15:38Z,2026-08-14,10,15,Disney Adventure World,Les Tapis Volants - Flying Carpets Over Agrabah®,33,OPERATING,STANDBY,5,,,queue-times.com
2026-08-14T08:15:38Z,2026-08-14,10,15,Disney Adventure World,Ratatouille : L’Aventure Totalement Toquée de Rémy​,37,OPERATING,STANDBY,50,,,queue-times.com
2026-08-14T08:15:38Z,2026-08-14,10,15,Disney Adventure World,Ratatouille: The Adventure Single Rider,7279,OPERATING,STANDBY,5,,,queue-times.com
2026-08-14T08:15:38Z,2026-08-14,10,15,Disney Adventure World,RC Racer,34,OPERATING,STANDBY,40,,,queue-times.com
2026-08-14T08:15:38Z,2026-08-14,10,15,Disney Adventure World,RC Racer Single Rider,7280,OPERATING,STANDBY,35,,,queue-times.com
2026-08-14T08:15:38Z,2026-08-14,10,15,Disney Adventure World,Slinky® Dog Zigzag Spin,36,OPERATING,STANDBY,5,,,queue-times.com
2026-08-14T08:15:38Z,2026-08-14,10,15,Disney Adventure World,Toy Soldiers Parachute Drop,35,OPERATING,STANDBY,40,,,queue-times.com
2026-08-14T08:15:38Z,2026-08-14,10,15,Disney Adventure World,Toy Soldiers Parachute Drop Single Rider,7281,OPERATING,STANDBY,20,,,queue-times.com
2026-08-14T08:15:38Z,2026-08-14,10,15,Disney Adventure World,Entry to World of Frozen,16247,OPERATING,STANDBY,0,,,queue-times.com
2026-08-14T08:15:38Z,2026-08-14,10,15,Disney Adventure World,Frozen Ever After,15413,OPERATING,STANDBY,60,,,queue-times.com
2026-08-14T08:15:38Z,2026-08-14,10,15,Disney Adventure World,Raiponce Tangled Spin,15415,CLOSED,STANDBY,0,,,queue-times.com
2026-08-14T08:30:58Z,2026-08-14,10,30,Disneyland Park,Adventure Isle,2702,OPERATING,STANDBY,0,,,queue-times.com
2026-08-14T08:30:58Z,2026-08-14,10,30,Disneyland Park,Indiana Jones and the Temple of Peril Single Rider,7306,OPERATING,STANDBY,5,,,queue-times.com
2026-08-14T08:30:58Z,2026-08-14,10,30,Disneyland Park,Indiana Jones™ and the Temple of Peril,2,OPERATING,STANDBY,15,,,queue-times.com
2026-08-14T08:30:58Z,2026-08-14,10,30,Disneyland Park,La Cabane des Robinson,1,OPERATING,STANDBY,5,,,queue-times.com
2026-08-14T08:30:58Z,2026-08-14,10,30,Disneyland Park,Le Passage Enchanté d'Aladdin,2703,OPERATING,STANDBY,0,,,queue-times.com
2026-08-14T08:30:58Z,2026-08-14,10,30,Disneyland Park,Pirate Galleon,2705,CLOSED,STANDBY,0,,,queue-times.com
2026-08-14T08:30:58Z,2026-08-14,10,30,Disneyland Park,Pirates of the Caribbean,3,OPERATING,STANDBY,15,,,queue-times.com
2026-08-14T08:30:58Z,2026-08-14,10,30,Disneyland Park,Pirates' Beach,2704,OPERATING,STANDBY,0,,,queue-times.com
2026-08-14T08:30:58Z,2026-08-14,10,30,Disneyland Park,"Autopia, presented by Avis",4,OPERATING,STANDBY,60,,,queue-times.com
2026-08-14T08:30:58Z,2026-08-14,10,30,Disneyland Park,Buzz Lightyear Laser Blast,5,OPERATING,STANDBY,45,,,queue-times.com
2026-08-14T08:30:58Z,2026-08-14,10,30,Disneyland Park,Disneyland Railroad Discoveryland Station,2706,CLOSED,STANDBY,0,,,queue-times.com
2026-08-14T08:30:58Z,2026-08-14,10,30,Disneyland Park,Les Mystères du Nautilus,6,OPERATING,STANDBY,5,,,queue-times.com
2026-08-14T08:30:58Z,2026-08-14,10,30,Disneyland Park,Mickey’s PhilharMagic,2707,CLOSED,STANDBY,0,,,queue-times.com
2026-08-14T08:30:58Z,2026-08-14,10,30,Disneyland Park,Orbitron®,7,OPERATING,STANDBY,40,,,queue-times.com
2026-08-14T08:30:58Z,2026-08-14,10,30,Disneyland Park,Star Tours: The Adventures Continue*,9,OPERATING,STANDBY,5,,,queue-times.com
2026-08-14T08:30:58Z,2026-08-14,10,30,Disneyland Park,Star Wars Hyperspace Mountain,8,OPERATING,STANDBY,20,,,queue-times.com
2026-08-14T08:30:58Z,2026-08-14,10,30,Disneyland Park,Star Wars Hyperspace Mountain Single Rider,7278,OPERATING,STANDBY,5,,,queue-times.com
2026-08-14T08:30:58Z,2026-08-14,10,30,Disneyland Park,Welcome to Starport: A Star Wars Encounter,4573,OPERATING,STANDBY,20,,,queue-times.com
2026-08-14T08:30:58Z,2026-08-14,10,30,Disneyland Park,"""it's a small world""",19,OPERATING,STANDBY,5,,,queue-times.com
2026-08-14T08:30:58Z,2026-08-14,10,30,Disneyland Park,Alice's Curious Labyrinth,14,OPERATING,STANDBY,5,,,queue-times.com
2026-08-14T08:30:58Z,2026-08-14,10,30,Disneyland Park,Blanche-Neige et les Sept Nains®,15,OPERATING,STANDBY,5,,,queue-times.com
2026-08-14T08:30:58Z,2026-08-14,10,30,Disneyland Park,Casey Jr. – le Petit Train du Cirque,17,OPERATING,STANDBY,5,,,queue-times.com
2026-08-14T08:30:58Z,2026-08-14,10,30,Disneyland Park,Disneyland Railroad Fantasyland Station,2711,CLOSED,STANDBY,0,,,queue-times.com
2026-08-14T08:30:58Z,2026-08-14,10,30,Disneyland Park,Disneyland Railroad Main Street Station,11,CLOSED,STANDBY,0,,,queue-times.com
2026-08-14T08:30:58Z,2026-08-14,10,30,Disneyland Park,Dumbo the Flying Elephant,18,OPERATING,STANDBY,25,,,queue-times.com
2026-08-14T08:30:58Z,2026-08-14,10,30,Disneyland Park,La Tanière du Dragon,2710,OPERATING,STANDBY,0,,,queue-times.com
2026-08-14T08:30:58Z,2026-08-14,10,30,Disneyland Park,Le Carrousel de Lancelot,16,OPERATING,STANDBY,10,,,queue-times.com
2026-08-14T08:30:58Z,2026-08-14,10,30,Disneyland Park,"Le Pays des Contes de Fées, presented by Vittel",21,OPERATING,STANDBY,5,,,queue-times.com
2026-08-14T08:30:58Z,2026-08-14,10,30,Disneyland Park,Les Voyages de Pinocchio,23,OPERATING,STANDBY,15,,,queue-times.com
2026-08-14T08:30:58Z,2026-08-14,10,30,Disneyland Park,Mad Hatter's Tea Cups,20,OPERATING,STANDBY,5,,,queue-times.com
2026-08-14T08:30:58Z,2026-08-14,10,30,Disneyland Park,Meet Mickey Mouse,13,OPERATING,STANDBY,0,,,queue-times.com
2026-08-14T08:30:58Z,2026-08-14,10,30,Disneyland Park,Peter Pan's Flight,22,OPERATING,STANDBY,55,,,queue-times.com
2026-08-14T08:30:58Z,2026-08-14,10,30,Disneyland Park,Princess Pavilion,24,OPERATING,STANDBY,0,,,queue-times.com
2026-08-14T08:30:58Z,2026-08-14,10,30,Disneyland Park,Big Thunder Mountain,25,OPERATING,STANDBY,50,,,queue-times.com
2026-08-14T08:30:58Z,2026-08-14,10,30,Disneyland Park,Disneyland Railroad Frontierland Depot,2714,CLOSED,STANDBY,0,,,queue-times.com
2026-08-14T08:30:58Z,2026-08-14,10,30,Disneyland Park,Frontierland Playground,2713,OPERATING,STANDBY,0,,,queue-times.com
2026-08-14T08:30:58Z,2026-08-14,10,30,Disneyland Park,Phantom Manor,26,OPERATING,STANDBY,5,,,queue-times.com
2026-08-14T08:30:58Z,2026-08-14,10,30,Disneyland Park,River Rogue Keelboats,27,CLOSED,STANDBY,0,,,queue-times.com
2026-08-14T08:30:58Z,2026-08-14,10,30,Disneyland Park,Rustler Roundup Shootin' Gallery,2712,OPERATING,STANDBY,0,,,queue-times.com
2026-08-14T08:30:58Z,2026-08-14,10,30,Disneyland Park,Thunder Mesa Riverboat Landing,28,OPERATING,STANDBY,10,,,queue-times.com
2026-08-14T08:30:58Z,2026-08-14,10,30,Disneyland Park,Disneyland Railroad Main Street Station,2708,CLOSED,STANDBY,0,,,queue-times.com
2026-08-14T08:30:58Z,2026-08-14,10,30,Disneyland Park,Main Street Vehicles,12,OPERATING,STANDBY,5,,,queue-times.com
2026-08-14T08:30:58Z,2026-08-14,10,30,Disney Adventure World,Avengers Assemble: Flight Force,10848,OPERATING,STANDBY,15,,,queue-times.com
2026-08-14T08:30:58Z,2026-08-14,10,30,Disney Adventure World,Avengers Assemble: Flight Force Single Rider,10849,OPERATING,STANDBY,5,,,queue-times.com
2026-08-14T08:30:58Z,2026-08-14,10,30,Disney Adventure World,Spider-Man W.E.B. Adventure,10845,OPERATING,STANDBY,45,,,queue-times.com
2026-08-14T08:30:58Z,2026-08-14,10,30,Disney Adventure World,Spider-Man W.E.B. Adventure Single Rider,10846,OPERATING,STANDBY,10,,,queue-times.com
2026-08-14T08:30:58Z,2026-08-14,10,30,Disney Adventure World,The Twilight Zone Tower of Terror,40,OPERATING,STANDBY,40,,,queue-times.com
2026-08-14T08:30:58Z,2026-08-14,10,30,Disney Adventure World,Cars Quatre Roues Rallye,31,OPERATING,STANDBY,10,,,queue-times.com
2026-08-14T08:30:58Z,2026-08-14,10,30,Disney Adventure World,Cars ROAD TRIP,29,OPERATING,STANDBY,5,,,queue-times.com
2026-08-14T08:30:58Z,2026-08-14,10,30,Disney Adventure World,Crush's Coaster,32,OPERATING,STANDBY,80,,,queue-times.com
2026-08-14T08:30:58Z,2026-08-14,10,30,Disney Adventure World,Crush's Coaster Single Rider,7277,OPERATING,STANDBY,55,,,queue-times.com
2026-08-14T08:30:58Z,2026-08-14,10,30,Disney Adventure World,Les Tapis Volants - Flying Carpets Over Agrabah®,33,OPERATING,STANDBY,5,,,queue-times.com
2026-08-14T08:30:58Z,2026-08-14,10,30,Disney Adventure World,Ratatouille : L’Aventure Totalement Toquée de Rémy​,37,OPERATING,STANDBY,40,,,queue-times.com
2026-08-14T08:30:58Z,2026-08-14,10,30,Disney Adventure World,Ratatouille: The Adventure Single Rider,7279,OPERATING,STANDBY,5,,,queue-times.com
2026-08-14T08:30:58Z,2026-08-14,10,30,Disney Adventure World,RC Racer,34,OPERATING,STANDBY,40,,,queue-times.com
2026-08-14T08:30:58Z,2026-08-14,10,30,Disney Adventure World,RC Racer Single Rider,7280,OPERATING,STANDBY,25,,,queue-times.com
2026-08-14T08:30:58Z,2026-08-14,10,30,Disney Adventure World,Slinky® Dog Zigzag Spin,36,OPERATING,STANDBY,5,,,queue-times.com
2026-08-14T08:30:58Z,2026-08-14,10,30,Disney Adventure World,Toy Soldiers Parachute Drop,35,OPERATING,STANDBY,45,,,queue-times.com
2026-08-14T08:30:58Z,2026-08-14,10,30,Disney Adventure World,Toy Soldiers Parachute Drop Single Rider,7281,OPERATING,STANDBY,15,,,queue-times.com
2026-08-14T08:30:58Z,2026-08-14,10,30,Disney Adventure World,Entry to World of Frozen,16247,OPERATING,STANDBY,0,,,queue-times.com
2026-08-14T08:30:58Z,2026-08-14,10,30,Disney Adventure World,Frozen Ever After,15413,OPERATING,STANDBY,70,,,queue-times.com
2026-08-14T08:30:58Z,2026-08-14,10,30,Disney Adventure World,Raiponce Tangled Spin,15415,OPERATING,STANDBY,5,,,queue-times.com
2026-08-14T08:45:45Z,2026-08-14,10,45,Disneyland Park,Adventure Isle,2702,OPERATING,STANDBY,0,,,queue-times.com
2026-08-14T08:45:45Z,2026-08-14,10,45,Disneyland Park,Indiana Jones and the Temple of Peril Single Rider,7306,OPERATING,STANDBY,5,,,queue-times.com
2026-08-14T08:45:45Z,2026-08-14,10,45,Disneyland Park,Indiana Jones™ and the Temple of Peril,2,OPERATING,STANDBY,15,,,queue-times.com
2026-08-14T08:45:45Z,2026-08-14,10,45,Disneyland Park,La Cabane des Robinson,1,OPERATING,STANDBY,5,,,queue-times.com
2026-08-14T08:45:45Z,2026-08-14,10,45,Disneyland Park,Le Passage Enchanté d'Aladdin,2703,OPERATING,STANDBY,0,,,queue-times.com
2026-08-14T08:45:45Z,2026-08-14,10,45,Disneyland Park,Pirate Galleon,2705,CLOSED,STANDBY,0,,,queue-times.com
2026-08-14T08:45:45Z,2026-08-14,10,45,Disneyland Park,Pirates of the Caribbean,3,OPERATING,STANDBY,15,,,queue-times.com
2026-08-14T08:45:45Z,2026-08-14,10,45,Disneyland Park,Pirates' Beach,2704,OPERATING,STANDBY,0,,,queue-times.com
2026-08-14T08:45:45Z,2026-08-14,10,45,Disneyland Park,"Autopia, presented by Avis",4,OPERATING,STANDBY,45,,,queue-times.com
2026-08-14T08:45:45Z,2026-08-14,10,45,Disneyland Park,Buzz Lightyear Laser Blast,5,OPERATING,STANDBY,30,,,queue-times.com
2026-08-14T08:45:45Z,2026-08-14,10,45,Disneyland Park,Disneyland Railroad Discoveryland Station,2706,CLOSED,STANDBY,0,,,queue-times.com
2026-08-14T08:45:45Z,2026-08-14,10,45,Disneyland Park,Les Mystères du Nautilus,6,OPERATING,STANDBY,5,,,queue-times.com
2026-08-14T08:45:45Z,2026-08-14,10,45,Disneyland Park,Mickey’s PhilharMagic,2707,CLOSED,STANDBY,0,,,queue-times.com
2026-08-14T08:45:45Z,2026-08-14,10,45,Disneyland Park,Orbitron®,7,OPERATING,STANDBY,50,,,queue-times.com
2026-08-14T08:45:45Z,2026-08-14,10,45,Disneyland Park,Star Tours: The Adventures Continue*,9,OPERATING,STANDBY,10,,,queue-times.com
2026-08-14T08:45:45Z,2026-08-14,10,45,Disneyland Park,Star Wars Hyperspace Mountain,8,OPERATING,STANDBY,20,,,queue-times.com
2026-08-14T08:45:45Z,2026-08-14,10,45,Disneyland Park,Star Wars Hyperspace Mountain Single Rider,7278,OPERATING,STANDBY,5,,,queue-times.com
2026-08-14T08:45:45Z,2026-08-14,10,45,Disneyland Park,Welcome to Starport: A Star Wars Encounter,4573,OPERATING,STANDBY,20,,,queue-times.com
2026-08-14T08:45:45Z,2026-08-14,10,45,Disneyland Park,"""it's a small world""",19,OPERATING,STANDBY,5,,,queue-times.com
2026-08-14T08:45:45Z,2026-08-14,10,45,Disneyland Park,Alice's Curious Labyrinth,14,OPERATING,STANDBY,5,,,queue-times.com
2026-08-14T08:45:45Z,2026-08-14,10,45,Disneyland Park,Blanche-Neige et les Sept Nains®,15,OPERATING,STANDBY,10,,,queue-times.com
2026-08-14T08:45:45Z,2026-08-14,10,45,Disneyland Park,Casey Jr. – le Petit Train du Cirque,17,OPERATING,STANDBY,5,,,queue-times.com
2026-08-14T08:45:45Z,2026-08-14,10,45,Disneyland Park,Disneyland Railroad Fantasyland Station,2711,CLOSED,STANDBY,0,,,queue-times.com
2026-08-14T08:45:45Z,2026-08-14,10,45,Disneyland Park,Disneyland Railroad Main Street Station,11,CLOSED,STANDBY,0,,,queue-times.com
2026-08-14T08:45:45Z,2026-08-14,10,45,Disneyland Park,Dumbo the Flying Elephant,18,OPERATING,STANDBY,25,,,queue-times.com
2026-08-14T08:45:45Z,2026-08-14,10,45,Disneyland Park,La Tanière du Dragon,2710,OPERATING,STANDBY,0,,,queue-times.com
2026-08-14T08:45:45Z,2026-08-14,10,45,Disneyland Park,Le Carrousel de Lancelot,16,OPERATING,STANDBY,10,,,queue-times.com
2026-08-14T08:45:45Z,2026-08-14,10,45,Disneyland Park,"Le Pays des Contes de Fées, presented by Vittel",21,OPERATING,STANDBY,5,,,queue-times.com
2026-08-14T08:45:45Z,2026-08-14,10,45,Disneyland Park,Les Voyages de Pinocchio,23,OPERATING,STANDBY,15,,,queue-times.com
2026-08-14T08:45:45Z,2026-08-14,10,45,Disneyland Park,Mad Hatter's Tea Cups,20,OPERATING,STANDBY,5,,,queue-times.com
2026-08-14T08:45:45Z,2026-08-14,10,45,Disneyland Park,Meet Mickey Mouse,13,OPERATING,STANDBY,0,,,queue-times.com
2026-08-14T08:45:45Z,2026-08-14,10,45,Disneyland Park,Peter Pan's Flight,22,OPERATING,STANDBY,55,,,queue-times.com
2026-08-14T08:45:45Z,2026-08-14,10,45,Disneyland Park,Princess Pavilion,24,OPERATING,STANDBY,0,,,queue-times.com
2026-08-14T08:45:45Z,2026-08-14,10,45,Disneyland Park,Big Thunder Mountain,25,OPERATING,STANDBY,55,,,queue-times.com
2026-08-14T08:45:45Z,2026-08-14,10,45,Disneyland Park,Disneyland Railroad Frontierland Depot,2714,CLOSED,STANDBY,0,,,queue-times.com
2026-08-14T08:45:45Z,2026-08-14,10,45,Disneyland Park,Frontierland Playground,2713,OPERATING,STANDBY,0,,,queue-times.com
2026-08-14T08:45:45Z,2026-08-14,10,45,Disneyland Park,Phantom Manor,26,OPERATING,STANDBY,5,,,queue-times.com
2026-08-14T08:45:45Z,2026-08-14,10,45,Disneyland Park,River Rogue Keelboats,27,CLOSED,STANDBY,0,,,queue-times.com
2026-08-14T08:45:45Z,2026-08-14,10,45,Disneyland Park,Rustler Roundup Shootin' Gallery,2712,OPERATING,STANDBY,0,,,queue-times.com
2026-08-14T08:45:45Z,2026-08-14,10,45,Disneyland Park,Thunder Mesa Riverboat Landing,28,OPERATING,STANDBY,10,,,queue-times.com
2026-08-14T08:45:45Z,2026-08-14,10,45,Disneyland Park,Disneyland Railroad Main Street Station,2708,CLOSED,STANDBY,0,,,queue-times.com
2026-08-14T08:45:45Z,2026-08-14,10,45,Disneyland Park,Main Street Vehicles,12,OPERATING,STANDBY,5,,,queue-times.com
2026-08-14T08:45:45Z,2026-08-14,10,45,Disney Adventure World,Avengers Assemble: Flight Force,10848,OPERATING,STANDBY,15,,,queue-times.com
2026-08-14T08:45:45Z,2026-08-14,10,45,Disney Adventure World,Avengers Assemble: Flight Force Single Rider,10849,OPERATING,STANDBY,5,,,queue-times.com
2026-08-14T08:45:45Z,2026-08-14,10,45,Disney Adventure World,Spider-Man W.E.B. Adventure,10845,OPERATING,STANDBY,50,,,queue-times.com
2026-08-14T08:45:45Z,2026-08-14,10,45,Disney Adventure World,Spider-Man W.E.B. Adventure Single Rider,10846,OPERATING,STANDBY,10,,,queue-times.com
2026-08-14T08:45:45Z,2026-08-14,10,45,Disney Adventure World,The Twilight Zone Tower of Terror,40,OPERATING,STANDBY,30,,,queue-times.com
2026-08-14T08:45:45Z,2026-08-14,10,45,Disney Adventure World,Cars Quatre Roues Rallye,31,OPERATING,STANDBY,10,,,queue-times.com
2026-08-14T08:45:45Z,2026-08-14,10,45,Disney Adventure World,Cars ROAD TRIP,29,OPERATING,STANDBY,10,,,queue-times.com
2026-08-14T08:45:45Z,2026-08-14,10,45,Disney Adventure World,Crush's Coaster,32,OPERATING,STANDBY,85,,,queue-times.com
2026-08-14T08:45:45Z,2026-08-14,10,45,Disney Adventure World,Crush's Coaster Single Rider,7277,OPERATING,STANDBY,45,,,queue-times.com
2026-08-14T08:45:45Z,2026-08-14,10,45,Disney Adventure World,Les Tapis Volants - Flying Carpets Over Agrabah®,33,OPERATING,STANDBY,20,,,queue-times.com
2026-08-14T08:45:45Z,2026-08-14,10,45,Disney Adventure World,Ratatouille : L’Aventure Totalement Toquée de Rémy​,37,OPERATING,STANDBY,45,,,queue-times.com
2026-08-14T08:45:45Z,2026-08-14,10,45,Disney Adventure World,Ratatouille: The Adventure Single Rider,7279,OPERATING,STANDBY,5,,,queue-times.com
2026-08-14T08:45:45Z,2026-08-14,10,45,Disney Adventure World,RC Racer,34,OPERATING,STANDBY,60,,,queue-times.com
2026-08-14T08:45:45Z,2026-08-14,10,45,Disney Adventure World,RC Racer Single Rider,7280,OPERATING,STANDBY,55,,,queue-times.com
2026-08-14T08:45:45Z,2026-08-14,10,45,Disney Adventure World,Slinky® Dog Zigzag Spin,36,OPERATING,STANDBY,15,,,queue-times.com
2026-08-14T08:45:45Z,2026-08-14,10,45,Disney Adventure World,Toy Soldiers Parachute Drop,35,OPERATING,STANDBY,40,,,queue-times.com
2026-08-14T08:45:45Z,2026-08-14,10,45,Disney Adventure World,Toy Soldiers Parachute Drop Single Rider,7281,OPERATING,STANDBY,20,,,queue-times.com
2026-08-14T08:45:45Z,2026-08-14,10,45,Disney Adventure World,Entry to World of Frozen,16247,OPERATING,STANDBY,0,,,queue-times.com
2026-08-14T08:45:45Z,2026-08-14,10,45,Disney Adventure World,Frozen Ever After,15413,OPERATING,STANDBY,70,,,queue-times.com
2026-08-14T08:45:45Z,2026-08-14,10,45,Disney Adventure World,Raiponce Tangled Spin,15415,OPERATING,STANDBY,5,,,queue-times.com
2026-08-14T08:51:32Z,2026-08-14,10,51,Disneyland Park,Adventure Isle,2702,OPERATING,STANDBY,0,,,queue-times.com
2026-08-14T08:51:32Z,2026-08-14,10,51,Disneyland Park,Indiana Jones and the Temple of Peril Single Rider,7306,OPERATING,STANDBY,5,,,queue-times.com
2026-08-14T08:51:32Z,2026-08-14,10,51,Disneyland Park,Indiana Jones™ and the Temple of Peril,2,OPERATING,STANDBY,15,,,queue-times.com
2026-08-14T08:51:32Z,2026-08-14,10,51,Disneyland Park,La Cabane des Robinson,1,OPERATING,STANDBY,5,,,queue-times.com
2026-08-14T08:51:32Z,2026-08-14,10,51,Disneyland Park,Le Passage Enchanté d'Aladdin,2703,OPERATING,STANDBY,0,,,queue-times.com
2026-08-14T08:51:32Z,2026-08-14,10,51,Disneyland Park,Pirate Galleon,2705,CLOSED,STANDBY,0,,,queue-times.com
2026-08-14T08:51:32Z,2026-08-14,10,51,Disneyland Park,Pirates of the Caribbean,3,OPERATING,STANDBY,15,,,queue-times.com
2026-08-14T08:51:32Z,2026-08-14,10,51,Disneyland Park,Pirates' Beach,2704,OPERATING,STANDBY,0,,,queue-times.com
2026-08-14T08:51:32Z,2026-08-14,10,51,Disneyland Park,"Autopia, presented by Avis",4,OPERATING,STANDBY,35,,,queue-times.com
2026-08-14T08:51:32Z,2026-08-14,10,51,Disneyland Park,Buzz Lightyear Laser Blast,5,OPERATING,STANDBY,30,,,queue-times.com
2026-08-14T08:51:32Z,2026-08-14,10,51,Disneyland Park,Disneyland Railroad Discoveryland Station,2706,CLOSED,STANDBY,0,,,queue-times.com
2026-08-14T08:51:32Z,2026-08-14,10,51,Disneyland Park,Les Mystères du Nautilus,6,OPERATING,STANDBY,5,,,queue-times.com
2026-08-14T08:51:32Z,2026-08-14,10,51,Disneyland Park,Mickey’s PhilharMagic,2707,CLOSED,STANDBY,0,,,queue-times.com
2026-08-14T08:51:32Z,2026-08-14,10,51,Disneyland Park,Orbitron®,7,OPERATING,STANDBY,40,,,queue-times.com
2026-08-14T08:51:32Z,2026-08-14,10,51,Disneyland Park,Star Tours: The Adventures Continue*,9,OPERATING,STANDBY,10,,,queue-times.com
2026-08-14T08:51:32Z,2026-08-14,10,51,Disneyland Park,Star Wars Hyperspace Mountain,8,OPERATING,STANDBY,20,,,queue-times.com
2026-08-14T08:51:32Z,2026-08-14,10,51,Disneyland Park,Star Wars Hyperspace Mountain Single Rider,7278,OPERATING,STANDBY,10,,,queue-times.com
2026-08-14T08:51:32Z,2026-08-14,10,51,Disneyland Park,Welcome to Starport: A Star Wars Encounter,4573,OPERATING,STANDBY,20,,,queue-times.com
2026-08-14T08:51:32Z,2026-08-14,10,51,Disneyland Park,"""it's a small world""",19,OPERATING,STANDBY,5,,,queue-times.com
2026-08-14T08:51:32Z,2026-08-14,10,51,Disneyland Park,Alice's Curious Labyrinth,14,OPERATING,STANDBY,5,,,queue-times.com
2026-08-14T08:51:32Z,2026-08-14,10,51,Disneyland Park,Blanche-Neige et les Sept Nains®,15,OPERATING,STANDBY,10,,,queue-times.com
2026-08-14T08:51:32Z,2026-08-14,10,51,Disneyland Park,Casey Jr. – le Petit Train du Cirque,17,OPERATING,STANDBY,5,,,queue-times.com
2026-08-14T08:51:32Z,2026-08-14,10,51,Disneyland Park,Disneyland Railroad Fantasyland Station,2711,CLOSED,STANDBY,0,,,queue-times.com
2026-08-14T08:51:32Z,2026-08-14,10,51,Disneyland Park,Disneyland Railroad Main Street Station,11,CLOSED,STANDBY,0,,,queue-times.com
2026-08-14T08:51:32Z,2026-08-14,10,51,Disneyland Park,Dumbo the Flying Elephant,18,OPERATING,STANDBY,35,,,queue-times.com
2026-08-14T08:51:32Z,2026-08-14,10,51,Disneyland Park,La Tanière du Dragon,2710,OPERATING,STANDBY,0,,,queue-times.com
2026-08-14T08:51:32Z,2026-08-14,10,51,Disneyland Park,Le Carrousel de Lancelot,16,OPERATING,STANDBY,10,,,queue-times.com
2026-08-14T08:51:32Z,2026-08-14,10,51,Disneyland Park,"Le Pays des Contes de Fées, presented by Vittel",21,OPERATING,STANDBY,5,,,queue-times.com
2026-08-14T08:51:32Z,2026-08-14,10,51,Disneyland Park,Les Voyages de Pinocchio,23,OPERATING,STANDBY,15,,,queue-times.com
2026-08-14T08:51:32Z,2026-08-14,10,51,Disneyland Park,Mad Hatter's Tea Cups,20,OPERATING,STANDBY,5,,,queue-times.com
2026-08-14T08:51:32Z,2026-08-14,10,51,Disneyland Park,Meet Mickey Mouse,13,OPERATING,STANDBY,0,,,queue-times.com
2026-08-14T08:51:32Z,2026-08-14,10,51,Disneyland Park,Peter Pan's Flight,22,OPERATING,STANDBY,55,,,queue-times.com
2026-08-14T08:51:32Z,2026-08-14,10,51,Disneyland Park,Princess Pavilion,24,OPERATING,STANDBY,0,,,queue-times.com
2026-08-14T08:51:32Z,2026-08-14,10,51,Disneyland Park,Big Thunder Mountain,25,OPERATING,STANDBY,55,,,queue-times.com
2026-08-14T08:51:32Z,2026-08-14,10,51,Disneyland Park,Disneyland Railroad Frontierland Depot,2714,CLOSED,STANDBY,0,,,queue-times.com
2026-08-14T08:51:32Z,2026-08-14,10,51,Disneyland Park,Frontierland Playground,2713,OPERATING,STANDBY,0,,,queue-times.com
2026-08-14T08:51:32Z,2026-08-14,10,51,Disneyland Park,Phantom Manor,26,OPERATING,STANDBY,5,,,queue-times.com
2026-08-14T08:51:32Z,2026-08-14,10,51,Disneyland Park,River Rogue Keelboats,27,CLOSED,STANDBY,0,,,queue-times.com
2026-08-14T08:51:32Z,2026-08-14,10,51,Disneyland Park,Rustler Roundup Shootin' Gallery,2712,OPERATING,STANDBY,0,,,queue-times.com
2026-08-14T08:51:32Z,2026-08-14,10,51,Disneyland Park,Thunder Mesa Riverboat Landing,28,OPERATING,STANDBY,10,,,queue-times.com
2026-08-14T08:51:32Z,2026-08-14,10,51,Disneyland Park,Disneyland Railroad Main Street Station,2708,CLOSED,STANDBY,0,,,queue-times.com
2026-08-14T08:51:32Z,2026-08-14,10,51,Disneyland Park,Main Street Vehicles,12,CLOSED,STANDBY,0,,,queue-times.com
2026-08-14T08:51:32Z,2026-08-14,10,51,Disney Adventure World,Avengers Assemble: Flight Force,10848,OPERATING,STANDBY,10,,,queue-times.com
2026-08-14T08:51:32Z,2026-08-14,10,51,Disney Adventure World,Avengers Assemble: Flight Force Single Rider,10849,OPERATING,STANDBY,5,,,queue-times.com
2026-08-14T08:51:32Z,2026-08-14,10,51,Disney Adventure World,Spider-Man W.E.B. Adventure,10845,OPERATING,STANDBY,50,,,queue-times.com
2026-08-14T08:51:32Z,2026-08-14,10,51,Disney Adventure World,Spider-Man W.E.B. Adventure Single Rider,10846,OPERATING,STANDBY,20,,,queue-times.com
2026-08-14T08:51:32Z,2026-08-14,10,51,Disney Adventure World,The Twilight Zone Tower of Terror,40,OPERATING,STANDBY,30,,,queue-times.com
2026-08-14T08:51:32Z,2026-08-14,10,51,Disney Adventure World,Cars Quatre Roues Rallye,31,OPERATING,STANDBY,10,,,queue-times.com
2026-08-14T08:51:32Z,2026-08-14,10,51,Disney Adventure World,Cars ROAD TRIP,29,OPERATING,STANDBY,25,,,queue-times.com
2026-08-14T08:51:32Z,2026-08-14,10,51,Disney Adventure World,Crush's Coaster,32,OPERATING,STANDBY,85,,,queue-times.com
2026-08-14T08:51:32Z,2026-08-14,10,51,Disney Adventure World,Crush's Coaster Single Rider,7277,OPERATING,STANDBY,45,,,queue-times.com
2026-08-14T08:51:32Z,2026-08-14,10,51,Disney Adventure World,Les Tapis Volants - Flying Carpets Over Agrabah®,33,OPERATING,STANDBY,20,,,queue-times.com
2026-08-14T08:51:32Z,2026-08-14,10,51,Disney Adventure World,Ratatouille : L’Aventure Totalement Toquée de Rémy​,37,OPERATING,STANDBY,50,,,queue-times.com
2026-08-14T08:51:32Z,2026-08-14,10,51,Disney Adventure World,Ratatouille: The Adventure Single Rider,7279,OPERATING,STANDBY,20,,,queue-times.com
2026-08-14T08:51:32Z,2026-08-14,10,51,Disney Adventure World,RC Racer,34,OPERATING,STANDBY,45,,,queue-times.com
2026-08-14T08:51:32Z,2026-08-14,10,51,Disney Adventure World,RC Racer Single Rider,7280,OPERATING,STANDBY,40,,,queue-times.com
2026-08-14T08:51:32Z,2026-08-14,10,51,Disney Adventure World,Slinky® Dog Zigzag Spin,36,OPERATING,STANDBY,15,,,queue-times.com
2026-08-14T08:51:32Z,2026-08-14,10,51,Disney Adventure World,Toy Soldiers Parachute Drop,35,OPERATING,STANDBY,50,,,queue-times.com
2026-08-14T08:51:32Z,2026-08-14,10,51,Disney Adventure World,Toy Soldiers Parachute Drop Single Rider,7281,OPERATING,STANDBY,15,,,queue-times.com
2026-08-14T08:51:32Z,2026-08-14,10,51,Disney Adventure World,Entry to World of Frozen,16247,OPERATING,STANDBY,0,,,queue-times.com
2026-08-14T08:51:32Z,2026-08-14,10,51,Disney Adventure World,Frozen Ever After,15413,OPERATING,STANDBY,80,,,queue-times.com
2026-08-14T08:51:32Z,2026-08-14,10,51,Disney Adventure World,Raiponce Tangled Spin,15415,OPERATING,STANDBY,15,,,queue-times.com
2026-08-14T09:01:07Z,2026-08-14,11,1,Disneyland Park,Adventure Isle,2702,OPERATING,STANDBY,0,,,queue-times.com
2026-08-14T09:01:07Z,2026-08-14,11,1,Disneyland Park,Indiana Jones and the Temple of Peril Single Rider,7306,OPERATING,STANDBY,10,,,queue-times.com
2026-08-14T09:01:07Z,2026-08-14,11,1,Disneyland Park,Indiana Jones™ and the Temple of Peril,2,OPERATING,STANDBY,15,,,queue-times.com
2026-08-14T09:01:07Z,2026-08-14,11,1,Disneyland Park,La Cabane des Robinson,1,OPERATING,STANDBY,5,,,queue-times.com
2026-08-14T09:01:07Z,2026-08-14,11,1,Disneyland Park,Le Passage Enchanté d'Aladdin,2703,OPERATING,STANDBY,0,,,queue-times.com
2026-08-14T09:01:07Z,2026-08-14,11,1,Disneyland Park,Pirate Galleon,2705,CLOSED,STANDBY,0,,,queue-times.com
2026-08-14T09:01:07Z,2026-08-14,11,1,Disneyland Park,Pirates of the Caribbean,3,OPERATING,STANDBY,10,,,queue-times.com
2026-08-14T09:01:07Z,2026-08-14,11,1,Disneyland Park,Pirates' Beach,2704,OPERATING,STANDBY,0,,,queue-times.com
2026-08-14T09:01:07Z,2026-08-14,11,1,Disneyland Park,"Autopia, presented by Avis",4,OPERATING,STANDBY,40,,,queue-times.com
2026-08-14T09:01:07Z,2026-08-14,11,1,Disneyland Park,Buzz Lightyear Laser Blast,5,OPERATING,STANDBY,35,,,queue-times.com
2026-08-14T09:01:07Z,2026-08-14,11,1,Disneyland Park,Disneyland Railroad Discoveryland Station,2706,CLOSED,STANDBY,0,,,queue-times.com
2026-08-14T09:01:07Z,2026-08-14,11,1,Disneyland Park,Les Mystères du Nautilus,6,OPERATING,STANDBY,5,,,queue-times.com
2026-08-14T09:01:07Z,2026-08-14,11,1,Disneyland Park,Mickey’s PhilharMagic,2707,CLOSED,STANDBY,0,,,queue-times.com
2026-08-14T09:01:07Z,2026-08-14,11,1,Disneyland Park,Orbitron®,7,OPERATING,STANDBY,40,,,queue-times.com
2026-08-14T09:01:07Z,2026-08-14,11,1,Disneyland Park,Star Tours: The Adventures Continue*,9,OPERATING,STANDBY,15,,,queue-times.com
2026-08-14T09:01:07Z,2026-08-14,11,1,Disneyland Park,Star Wars Hyperspace Mountain,8,OPERATING,STANDBY,20,,,queue-times.com
2026-08-14T09:01:07Z,2026-08-14,11,1,Disneyland Park,Star Wars Hyperspace Mountain Single Rider,7278,OPERATING,STANDBY,10,,,queue-times.com
2026-08-14T09:01:07Z,2026-08-14,11,1,Disneyland Park,Welcome to Starport: A Star Wars Encounter,4573,OPERATING,STANDBY,5,,,queue-times.com
2026-08-14T09:01:07Z,2026-08-14,11,1,Disneyland Park,"""it's a small world""",19,OPERATING,STANDBY,5,,,queue-times.com
2026-08-14T09:01:07Z,2026-08-14,11,1,Disneyland Park,Alice's Curious Labyrinth,14,OPERATING,STANDBY,5,,,queue-times.com
2026-08-14T09:01:07Z,2026-08-14,11,1,Disneyland Park,Blanche-Neige et les Sept Nains®,15,OPERATING,STANDBY,15,,,queue-times.com
2026-08-14T09:01:07Z,2026-08-14,11,1,Disneyland Park,Casey Jr. – le Petit Train du Cirque,17,OPERATING,STANDBY,5,,,queue-times.com
2026-08-14T09:01:07Z,2026-08-14,11,1,Disneyland Park,Disneyland Railroad Fantasyland Station,2711,CLOSED,STANDBY,0,,,queue-times.com
2026-08-14T09:01:07Z,2026-08-14,11,1,Disneyland Park,Disneyland Railroad Main Street Station,11,CLOSED,STANDBY,0,,,queue-times.com
2026-08-14T09:01:07Z,2026-08-14,11,1,Disneyland Park,Dumbo the Flying Elephant,18,OPERATING,STANDBY,35,,,queue-times.com
2026-08-14T09:01:07Z,2026-08-14,11,1,Disneyland Park,La Tanière du Dragon,2710,OPERATING,STANDBY,0,,,queue-times.com
2026-08-14T09:01:07Z,2026-08-14,11,1,Disneyland Park,Le Carrousel de Lancelot,16,OPERATING,STANDBY,10,,,queue-times.com
2026-08-14T09:01:07Z,2026-08-14,11,1,Disneyland Park,"Le Pays des Contes de Fées, presented by Vittel",21,OPERATING,STANDBY,5,,,queue-times.com
2026-08-14T09:01:07Z,2026-08-14,11,1,Disneyland Park,Les Voyages de Pinocchio,23,OPERATING,STANDBY,15,,,queue-times.com
2026-08-14T09:01:07Z,2026-08-14,11,1,Disneyland Park,Mad Hatter's Tea Cups,20,OPERATING,STANDBY,5,,,queue-times.com
2026-08-14T09:01:07Z,2026-08-14,11,1,Disneyland Park,Meet Mickey Mouse,13,OPERATING,STANDBY,0,,,queue-times.com
2026-08-14T09:01:07Z,2026-08-14,11,1,Disneyland Park,Peter Pan's Flight,22,OPERATING,STANDBY,50,,,queue-times.com
2026-08-14T09:01:07Z,2026-08-14,11,1,Disneyland Park,Princess Pavilion,24,OPERATING,STANDBY,0,,,queue-times.com
2026-08-14T09:01:07Z,2026-08-14,11,1,Disneyland Park,Big Thunder Mountain,25,OPERATING,STANDBY,70,,,queue-times.com
2026-08-14T09:01:07Z,2026-08-14,11,1,Disneyland Park,Disneyland Railroad Frontierland Depot,2714,CLOSED,STANDBY,0,,,queue-times.com
2026-08-14T09:01:07Z,2026-08-14,11,1,Disneyland Park,Frontierland Playground,2713,OPERATING,STANDBY,0,,,queue-times.com
2026-08-14T09:01:07Z,2026-08-14,11,1,Disneyland Park,Phantom Manor,26,OPERATING,STANDBY,5,,,queue-times.com
2026-08-14T09:01:07Z,2026-08-14,11,1,Disneyland Park,River Rogue Keelboats,27,CLOSED,STANDBY,0,,,queue-times.com
2026-08-14T09:01:07Z,2026-08-14,11,1,Disneyland Park,Rustler Roundup Shootin' Gallery,2712,OPERATING,STANDBY,0,,,queue-times.com
2026-08-14T09:01:07Z,2026-08-14,11,1,Disneyland Park,Thunder Mesa Riverboat Landing,28,OPERATING,STANDBY,10,,,queue-times.com
2026-08-14T09:01:07Z,2026-08-14,11,1,Disneyland Park,Disneyland Railroad Main Street Station,2708,CLOSED,STANDBY,0,,,queue-times.com
2026-08-14T09:01:07Z,2026-08-14,11,1,Disneyland Park,Main Street Vehicles,12,CLOSED,STANDBY,0,,,queue-times.com
2026-08-14T09:01:07Z,2026-08-14,11,1,Disney Adventure World,Avengers Assemble: Flight Force,10848,OPERATING,STANDBY,20,,,queue-times.com
2026-08-14T09:01:07Z,2026-08-14,11,1,Disney Adventure World,Avengers Assemble: Flight Force Single Rider,10849,OPERATING,STANDBY,15,,,queue-times.com
2026-08-14T09:01:07Z,2026-08-14,11,1,Disney Adventure World,Spider-Man W.E.B. Adventure,10845,OPERATING,STANDBY,50,,,queue-times.com
2026-08-14T09:01:07Z,2026-08-14,11,1,Disney Adventure World,Spider-Man W.E.B. Adventure Single Rider,10846,OPERATING,STANDBY,35,,,queue-times.com
2026-08-14T09:01:07Z,2026-08-14,11,1,Disney Adventure World,The Twilight Zone Tower of Terror,40,OPERATING,STANDBY,35,,,queue-times.com
2026-08-14T09:01:07Z,2026-08-14,11,1,Disney Adventure World,Cars Quatre Roues Rallye,31,OPERATING,STANDBY,10,,,queue-times.com
2026-08-14T09:01:07Z,2026-08-14,11,1,Disney Adventure World,Cars ROAD TRIP,29,OPERATING,STANDBY,25,,,queue-times.com
2026-08-14T09:01:07Z,2026-08-14,11,1,Disney Adventure World,Crush's Coaster,32,OPERATING,STANDBY,85,,,queue-times.com
2026-08-14T09:01:07Z,2026-08-14,11,1,Disney Adventure World,Crush's Coaster Single Rider,7277,OPERATING,STANDBY,45,,,queue-times.com
2026-08-14T09:01:07Z,2026-08-14,11,1,Disney Adventure World,Les Tapis Volants - Flying Carpets Over Agrabah®,33,OPERATING,STANDBY,5,,,queue-times.com
2026-08-14T09:01:07Z,2026-08-14,11,1,Disney Adventure World,Ratatouille : L’Aventure Totalement Toquée de Rémy​,37,OPERATING,STANDBY,55,,,queue-times.com
2026-08-14T09:01:07Z,2026-08-14,11,1,Disney Adventure World,Ratatouille: The Adventure Single Rider,7279,OPERATING,STANDBY,15,,,queue-times.com
2026-08-14T09:01:07Z,2026-08-14,11,1,Disney Adventure World,RC Racer,34,OPERATING,STANDBY,45,,,queue-times.com
2026-08-14T09:01:07Z,2026-08-14,11,1,Disney Adventure World,RC Racer Single Rider,7280,OPERATING,STANDBY,40,,,queue-times.com
2026-08-14T09:01:07Z,2026-08-14,11,1,Disney Adventure World,Slinky® Dog Zigzag Spin,36,OPERATING,STANDBY,25,,,queue-times.com
2026-08-14T09:01:07Z,2026-08-14,11,1,Disney Adventure World,Toy Soldiers Parachute Drop,35,OPERATING,STANDBY,45,,,queue-times.com
2026-08-14T09:01:07Z,2026-08-14,11,1,Disney Adventure World,Toy Soldiers Parachute Drop Single Rider,7281,OPERATING,STANDBY,10,,,queue-times.com
2026-08-14T09:01:07Z,2026-08-14,11,1,Disney Adventure World,Entry to World of Frozen,16247,OPERATING,STANDBY,0,,,queue-times.com
2026-08-14T09:01:07Z,2026-08-14,11,1,Disney Adventure World,Frozen Ever After,15413,OPERATING,STANDBY,80,,,queue-times.com
2026-08-14T09:01:07Z,2026-08-14,11,1,Disney Adventure World,Raiponce Tangled Spin,15415,OPERATING,STANDBY,25,,,queue-times.com
2026-08-14T09:15:39Z,2026-08-14,11,15,Disneyland Park,Adventure Isle,2702,OPERATING,STANDBY,0,,,queue-times.com
2026-08-14T09:15:39Z,2026-08-14,11,15,Disneyland Park,Indiana Jones and the Temple of Peril Single Rider,7306,OPERATING,STANDBY,10,,,queue-times.com
2026-08-14T09:15:39Z,2026-08-14,11,15,Disneyland Park,Indiana Jones™ and the Temple of Peril,2,OPERATING,STANDBY,15,,,queue-times.com
2026-08-14T09:15:39Z,2026-08-14,11,15,Disneyland Park,La Cabane des Robinson,1,OPERATING,STANDBY,5,,,queue-times.com
2026-08-14T09:15:39Z,2026-08-14,11,15,Disneyland Park,Le Passage Enchanté d'Aladdin,2703,OPERATING,STANDBY,0,,,queue-times.com
2026-08-14T09:15:39Z,2026-08-14,11,15,Disneyland Park,Pirate Galleon,2705,CLOSED,STANDBY,0,,,queue-times.com
2026-08-14T09:15:39Z,2026-08-14,11,15,Disneyland Park,Pirates of the Caribbean,3,OPERATING,STANDBY,10,,,queue-times.com
2026-08-14T09:15:39Z,2026-08-14,11,15,Disneyland Park,Pirates' Beach,2704,OPERATING,STANDBY,0,,,queue-times.com
2026-08-14T09:15:39Z,2026-08-14,11,15,Disneyland Park,"Autopia, presented by Avis",4,OPERATING,STANDBY,40,,,queue-times.com
2026-08-14T09:15:39Z,2026-08-14,11,15,Disneyland Park,Buzz Lightyear Laser Blast,5,OPERATING,STANDBY,30,,,queue-times.com
2026-08-14T09:15:39Z,2026-08-14,11,15,Disneyland Park,Disneyland Railroad Discoveryland Station,2706,CLOSED,STANDBY,0,,,queue-times.com
2026-08-14T09:15:39Z,2026-08-14,11,15,Disneyland Park,Les Mystères du Nautilus,6,OPERATING,STANDBY,5,,,queue-times.com
2026-08-14T09:15:39Z,2026-08-14,11,15,Disneyland Park,Mickey’s PhilharMagic,2707,CLOSED,STANDBY,0,,,queue-times.com
2026-08-14T09:15:39Z,2026-08-14,11,15,Disneyland Park,Orbitron®,7,OPERATING,STANDBY,55,,,queue-times.com
2026-08-14T09:15:39Z,2026-08-14,11,15,Disneyland Park,Star Tours: The Adventures Continue*,9,OPERATING,STANDBY,10,,,queue-times.com
2026-08-14T09:15:39Z,2026-08-14,11,15,Disneyland Park,Star Wars Hyperspace Mountain,8,OPERATING,STANDBY,20,,,queue-times.com
2026-08-14T09:15:39Z,2026-08-14,11,15,Disneyland Park,Star Wars Hyperspace Mountain Single Rider,7278,OPERATING,STANDBY,15,,,queue-times.com
2026-08-14T09:15:39Z,2026-08-14,11,15,Disneyland Park,Welcome to Starport: A Star Wars Encounter,4573,OPERATING,STANDBY,5,,,queue-times.com
2026-08-14T09:15:39Z,2026-08-14,11,15,Disneyland Park,"""it's a small world""",19,OPERATING,STANDBY,5,,,queue-times.com
2026-08-14T09:15:39Z,2026-08-14,11,15,Disneyland Park,Alice's Curious Labyrinth,14,OPERATING,STANDBY,5,,,queue-times.com
2026-08-14T09:15:39Z,2026-08-14,11,15,Disneyland Park,Blanche-Neige et les Sept Nains®,15,OPERATING,STANDBY,15,,,queue-times.com
2026-08-14T09:15:39Z,2026-08-14,11,15,Disneyland Park,Casey Jr. – le Petit Train du Cirque,17,OPERATING,STANDBY,5,,,queue-times.com
2026-08-14T09:15:39Z,2026-08-14,11,15,Disneyland Park,Disneyland Railroad Fantasyland Station,2711,CLOSED,STANDBY,0,,,queue-times.com
2026-08-14T09:15:39Z,2026-08-14,11,15,Disneyland Park,Disneyland Railroad Main Street Station,11,CLOSED,STANDBY,0,,,queue-times.com
2026-08-14T09:15:39Z,2026-08-14,11,15,Disneyland Park,Dumbo the Flying Elephant,18,OPERATING,STANDBY,35,,,queue-times.com
2026-08-14T09:15:39Z,2026-08-14,11,15,Disneyland Park,La Tanière du Dragon,2710,OPERATING,STANDBY,0,,,queue-times.com
2026-08-14T09:15:39Z,2026-08-14,11,15,Disneyland Park,Le Carrousel de Lancelot,16,OPERATING,STANDBY,10,,,queue-times.com
2026-08-14T09:15:39Z,2026-08-14,11,15,Disneyland Park,"Le Pays des Contes de Fées, presented by Vittel",21,OPERATING,STANDBY,5,,,queue-times.com
2026-08-14T09:15:39Z,2026-08-14,11,15,Disneyland Park,Les Voyages de Pinocchio,23,OPERATING,STANDBY,25,,,queue-times.com
2026-08-14T09:15:39Z,2026-08-14,11,15,Disneyland Park,Mad Hatter's Tea Cups,20,OPERATING,STANDBY,5,,,queue-times.com
2026-08-14T09:15:39Z,2026-08-14,11,15,Disneyland Park,Meet Mickey Mouse,13,OPERATING,STANDBY,0,,,queue-times.com
2026-08-14T09:15:39Z,2026-08-14,11,15,Disneyland Park,Peter Pan's Flight,22,OPERATING,STANDBY,55,,,queue-times.com
2026-08-14T09:15:39Z,2026-08-14,11,15,Disneyland Park,Princess Pavilion,24,OPERATING,STANDBY,0,,,queue-times.com
2026-08-14T09:15:39Z,2026-08-14,11,15,Disneyland Park,Big Thunder Mountain,25,OPERATING,STANDBY,70,,,queue-times.com
2026-08-14T09:15:39Z,2026-08-14,11,15,Disneyland Park,Disneyland Railroad Frontierland Depot,2714,CLOSED,STANDBY,0,,,queue-times.com
2026-08-14T09:15:39Z,2026-08-14,11,15,Disneyland Park,Frontierland Playground,2713,OPERATING,STANDBY,0,,,queue-times.com
2026-08-14T09:15:39Z,2026-08-14,11,15,Disneyland Park,Phantom Manor,26,OPERATING,STANDBY,5,,,queue-times.com
2026-08-14T09:15:39Z,2026-08-14,11,15,Disneyland Park,River Rogue Keelboats,27,CLOSED,STANDBY,0,,,queue-times.com
2026-08-14T09:15:39Z,2026-08-14,11,15,Disneyland Park,Rustler Roundup Shootin' Gallery,2712,OPERATING,STANDBY,0,,,queue-times.com
2026-08-14T09:15:39Z,2026-08-14,11,15,Disneyland Park,Thunder Mesa Riverboat Landing,28,OPERATING,STANDBY,10,,,queue-times.com
2026-08-14T09:15:39Z,2026-08-14,11,15,Disneyland Park,Disneyland Railroad Main Street Station,2708,CLOSED,STANDBY,0,,,queue-times.com
2026-08-14T09:15:39Z,2026-08-14,11,15,Disneyland Park,Main Street Vehicles,12,CLOSED,STANDBY,0,,,queue-times.com
2026-08-14T09:15:39Z,2026-08-14,11,15,Disney Adventure World,Avengers Assemble: Flight Force,10848,OPERATING,STANDBY,20,,,queue-times.com
2026-08-14T09:15:39Z,2026-08-14,11,15,Disney Adventure World,Avengers Assemble: Flight Force Single Rider,10849,OPERATING,STANDBY,10,,,queue-times.com
2026-08-14T09:15:39Z,2026-08-14,11,15,Disney Adventure World,Spider-Man W.E.B. Adventure,10845,OPERATING,STANDBY,50,,,queue-times.com
2026-08-14T09:15:39Z,2026-08-14,11,15,Disney Adventure World,Spider-Man W.E.B. Adventure Single Rider,10846,OPERATING,STANDBY,20,,,queue-times.com
2026-08-14T09:15:39Z,2026-08-14,11,15,Disney Adventure World,The Twilight Zone Tower of Terror,40,OPERATING,STANDBY,30,,,queue-times.com
2026-08-14T09:15:39Z,2026-08-14,11,15,Disney Adventure World,Cars Quatre Roues Rallye,31,OPERATING,STANDBY,10,,,queue-times.com
2026-08-14T09:15:39Z,2026-08-14,11,15,Disney Adventure World,Cars ROAD TRIP,29,OPERATING,STANDBY,15,,,queue-times.com
2026-08-14T09:15:39Z,2026-08-14,11,15,Disney Adventure World,Crush's Coaster,32,OPERATING,STANDBY,90,,,queue-times.com
2026-08-14T09:15:39Z,2026-08-14,11,15,Disney Adventure World,Crush's Coaster Single Rider,7277,OPERATING,STANDBY,45,,,queue-times.com
2026-08-14T09:15:39Z,2026-08-14,11,15,Disney Adventure World,Les Tapis Volants - Flying Carpets Over Agrabah®,33,OPERATING,STANDBY,5,,,queue-times.com
2026-08-14T09:15:39Z,2026-08-14,11,15,Disney Adventure World,Ratatouille : L’Aventure Totalement Toquée de Rémy​,37,CLOSED,STANDBY,0,,,queue-times.com
2026-08-14T09:15:39Z,2026-08-14,11,15,Disney Adventure World,Ratatouille: The Adventure Single Rider,7279,CLOSED,STANDBY,0,,,queue-times.com
2026-08-14T09:15:39Z,2026-08-14,11,15,Disney Adventure World,RC Racer,34,OPERATING,STANDBY,50,,,queue-times.com
2026-08-14T09:15:39Z,2026-08-14,11,15,Disney Adventure World,RC Racer Single Rider,7280,OPERATING,STANDBY,15,,,queue-times.com
2026-08-14T09:15:39Z,2026-08-14,11,15,Disney Adventure World,Slinky® Dog Zigzag Spin,36,OPERATING,STANDBY,30,,,queue-times.com
2026-08-14T09:15:39Z,2026-08-14,11,15,Disney Adventure World,Toy Soldiers Parachute Drop,35,OPERATING,STANDBY,55,,,queue-times.com
2026-08-14T09:15:39Z,2026-08-14,11,15,Disney Adventure World,Toy Soldiers Parachute Drop Single Rider,7281,OPERATING,STANDBY,20,,,queue-times.com
2026-08-14T09:15:39Z,2026-08-14,11,15,Disney Adventure World,Entry to World of Frozen,16247,OPERATING,STANDBY,0,,,queue-times.com
2026-08-14T09:15:39Z,2026-08-14,11,15,Disney Adventure World,Frozen Ever After,15413,OPERATING,STANDBY,70,,,queue-times.com
2026-08-14T09:15:39Z,2026-08-14,11,15,Disney Adventure World,Raiponce Tangled Spin,15415,OPERATING,STANDBY,25,,,queue-times.com
2026-08-14T09:30:54Z,2026-08-14,11,30,Disneyland Park,Adventure Isle,2702,OPERATING,STANDBY,0,,,queue-times.com
2026-08-14T09:30:54Z,2026-08-14,11,30,Disneyland Park,Indiana Jones and the Temple of Peril Single Rider,7306,OPERATING,STANDBY,5,,,queue-times.com
2026-08-14T09:30:54Z,2026-08-14,11,30,Disneyland Park,Indiana Jones™ and the Temple of Peril,2,OPERATING,STANDBY,25,,,queue-times.com
2026-08-14T09:30:54Z,2026-08-14,11,30,Disneyland Park,La Cabane des Robinson,1,OPERATING,STANDBY,5,,,queue-times.com
2026-08-14T09:30:54Z,2026-08-14,11,30,Disneyland Park,Le Passage Enchanté d'Aladdin,2703,OPERATING,STANDBY,0,,,queue-times.com
2026-08-14T09:30:54Z,2026-08-14,11,30,Disneyland Park,Pirate Galleon,2705,CLOSED,STANDBY,0,,,queue-times.com
2026-08-14T09:30:54Z,2026-08-14,11,30,Disneyland Park,Pirates of the Caribbean,3,OPERATING,STANDBY,15,,,queue-times.com
2026-08-14T09:30:54Z,2026-08-14,11,30,Disneyland Park,Pirates' Beach,2704,OPERATING,STANDBY,0,,,queue-times.com
2026-08-14T09:30:54Z,2026-08-14,11,30,Disneyland Park,"Autopia, presented by Avis",4,OPERATING,STANDBY,60,,,queue-times.com
2026-08-14T09:30:54Z,2026-08-14,11,30,Disneyland Park,Buzz Lightyear Laser Blast,5,OPERATING,STANDBY,20,,,queue-times.com
2026-08-14T09:30:54Z,2026-08-14,11,30,Disneyland Park,Disneyland Railroad Discoveryland Station,2706,CLOSED,STANDBY,0,,,queue-times.com
2026-08-14T09:30:54Z,2026-08-14,11,30,Disneyland Park,Les Mystères du Nautilus,6,OPERATING,STANDBY,5,,,queue-times.com
2026-08-14T09:30:54Z,2026-08-14,11,30,Disneyland Park,Mickey’s PhilharMagic,2707,CLOSED,STANDBY,0,,,queue-times.com
2026-08-14T09:30:54Z,2026-08-14,11,30,Disneyland Park,Orbitron®,7,OPERATING,STANDBY,50,,,queue-times.com
2026-08-14T09:30:54Z,2026-08-14,11,30,Disneyland Park,Star Tours: The Adventures Continue*,9,OPERATING,STANDBY,10,,,queue-times.com
2026-08-14T09:30:54Z,2026-08-14,11,30,Disneyland Park,Star Wars Hyperspace Mountain,8,OPERATING,STANDBY,25,,,queue-times.com
2026-08-14T09:30:54Z,2026-08-14,11,30,Disneyland Park,Star Wars Hyperspace Mountain Single Rider,7278,OPERATING,STANDBY,20,,,queue-times.com
2026-08-14T09:30:54Z,2026-08-14,11,30,Disneyland Park,Welcome to Starport: A Star Wars Encounter,4573,OPERATING,STANDBY,5,,,queue-times.com
2026-08-14T09:30:54Z,2026-08-14,11,30,Disneyland Park,"""it's a small world""",19,OPERATING,STANDBY,5,,,queue-times.com
2026-08-14T09:30:54Z,2026-08-14,11,30,Disneyland Park,Alice's Curious Labyrinth,14,OPERATING,STANDBY,5,,,queue-times.com
2026-08-14T09:30:54Z,2026-08-14,11,30,Disneyland Park,Blanche-Neige et les Sept Nains®,15,OPERATING,STANDBY,10,,,queue-times.com
2026-08-14T09:30:54Z,2026-08-14,11,30,Disneyland Park,Casey Jr. – le Petit Train du Cirque,17,OPERATING,STANDBY,10,,,queue-times.com
2026-08-14T09:30:54Z,2026-08-14,11,30,Disneyland Park,Disneyland Railroad Fantasyland Station,2711,CLOSED,STANDBY,0,,,queue-times.com
2026-08-14T09:30:54Z,2026-08-14,11,30,Disneyland Park,Disneyland Railroad Main Street Station,11,CLOSED,STANDBY,0,,,queue-times.com
2026-08-14T09:30:54Z,2026-08-14,11,30,Disneyland Park,Dumbo the Flying Elephant,18,OPERATING,STANDBY,30,,,queue-times.com
2026-08-14T09:30:54Z,2026-08-14,11,30,Disneyland Park,La Tanière du Dragon,2710,OPERATING,STANDBY,0,,,queue-times.com
2026-08-14T09:30:54Z,2026-08-14,11,30,Disneyland Park,Le Carrousel de Lancelot,16,OPERATING,STANDBY,10,,,queue-times.com
2026-08-14T09:30:54Z,2026-08-14,11,30,Disneyland Park,"Le Pays des Contes de Fées, presented by Vittel",21,OPERATING,STANDBY,5,,,queue-times.com
2026-08-14T09:30:54Z,2026-08-14,11,30,Disneyland Park,Les Voyages de Pinocchio,23,OPERATING,STANDBY,25,,,queue-times.com
2026-08-14T09:30:54Z,2026-08-14,11,30,Disneyland Park,Mad Hatter's Tea Cups,20,OPERATING,STANDBY,5,,,queue-times.com
2026-08-14T09:30:54Z,2026-08-14,11,30,Disneyland Park,Meet Mickey Mouse,13,OPERATING,STANDBY,0,,,queue-times.com
2026-08-14T09:30:54Z,2026-08-14,11,30,Disneyland Park,Peter Pan's Flight,22,OPERATING,STANDBY,55,,,queue-times.com
2026-08-14T09:30:54Z,2026-08-14,11,30,Disneyland Park,Princess Pavilion,24,OPERATING,STANDBY,0,,,queue-times.com
2026-08-14T09:30:54Z,2026-08-14,11,30,Disneyland Park,Big Thunder Mountain,25,OPERATING,STANDBY,85,,,queue-times.com
2026-08-14T09:30:54Z,2026-08-14,11,30,Disneyland Park,Disneyland Railroad Frontierland Depot,2714,CLOSED,STANDBY,0,,,queue-times.com
2026-08-14T09:30:54Z,2026-08-14,11,30,Disneyland Park,Frontierland Playground,2713,OPERATING,STANDBY,0,,,queue-times.com
2026-08-14T09:30:54Z,2026-08-14,11,30,Disneyland Park,Phantom Manor,26,OPERATING,STANDBY,5,,,queue-times.com
2026-08-14T09:30:54Z,2026-08-14,11,30,Disneyland Park,River Rogue Keelboats,27,CLOSED,STANDBY,0,,,queue-times.com
2026-08-14T09:30:54Z,2026-08-14,11,30,Disneyland Park,Rustler Roundup Shootin' Gallery,2712,OPERATING,STANDBY,0,,,queue-times.com
2026-08-14T09:30:54Z,2026-08-14,11,30,Disneyland Park,Thunder Mesa Riverboat Landing,28,OPERATING,STANDBY,10,,,queue-times.com
2026-08-14T09:30:54Z,2026-08-14,11,30,Disneyland Park,Disneyland Railroad Main Street Station,2708,CLOSED,STANDBY,0,,,queue-times.com
2026-08-14T09:30:54Z,2026-08-14,11,30,Disneyland Park,Main Street Vehicles,12,CLOSED,STANDBY,0,,,queue-times.com
2026-08-14T09:30:54Z,2026-08-14,11,30,Disney Adventure World,Avengers Assemble: Flight Force,10848,OPERATING,STANDBY,25,,,queue-times.com
2026-08-14T09:30:54Z,2026-08-14,11,30,Disney Adventure World,Avengers Assemble: Flight Force Single Rider,10849,OPERATING,STANDBY,15,,,queue-times.com
2026-08-14T09:30:54Z,2026-08-14,11,30,Disney Adventure World,Spider-Man W.E.B. Adventure,10845,OPERATING,STANDBY,50,,,queue-times.com
2026-08-14T09:30:54Z,2026-08-14,11,30,Disney Adventure World,Spider-Man W.E.B. Adventure Single Rider,10846,OPERATING,STANDBY,15,,,queue-times.com
2026-08-14T09:30:54Z,2026-08-14,11,30,Disney Adventure World,The Twilight Zone Tower of Terror,40,OPERATING,STANDBY,30,,,queue-times.com
2026-08-14T09:30:54Z,2026-08-14,11,30,Disney Adventure World,Cars Quatre Roues Rallye,31,OPERATING,STANDBY,20,,,queue-times.com
2026-08-14T09:30:54Z,2026-08-14,11,30,Disney Adventure World,Cars ROAD TRIP,29,OPERATING,STANDBY,25,,,queue-times.com
2026-08-14T09:30:54Z,2026-08-14,11,30,Disney Adventure World,Crush's Coaster,32,OPERATING,STANDBY,90,,,queue-times.com
2026-08-14T09:30:54Z,2026-08-14,11,30,Disney Adventure World,Crush's Coaster Single Rider,7277,OPERATING,STANDBY,85,,,queue-times.com
2026-08-14T09:30:54Z,2026-08-14,11,30,Disney Adventure World,Les Tapis Volants - Flying Carpets Over Agrabah®,33,OPERATING,STANDBY,15,,,queue-times.com
2026-08-14T09:30:54Z,2026-08-14,11,30,Disney Adventure World,Ratatouille : L’Aventure Totalement Toquée de Rémy​,37,OPERATING,STANDBY,50,,,queue-times.com
2026-08-14T09:30:54Z,2026-08-14,11,30,Disney Adventure World,Ratatouille: The Adventure Single Rider,7279,OPERATING,STANDBY,10,,,queue-times.com
2026-08-14T09:30:54Z,2026-08-14,11,30,Disney Adventure World,RC Racer,34,OPERATING,STANDBY,50,,,queue-times.com
2026-08-14T09:30:54Z,2026-08-14,11,30,Disney Adventure World,RC Racer Single Rider,7280,OPERATING,STANDBY,30,,,queue-times.com
2026-08-14T09:30:54Z,2026-08-14,11,30,Disney Adventure World,Slinky® Dog Zigzag Spin,36,OPERATING,STANDBY,15,,,queue-times.com
2026-08-14T09:30:54Z,2026-08-14,11,30,Disney Adventure World,Toy Soldiers Parachute Drop,35,OPERATING,STANDBY,50,,,queue-times.com
2026-08-14T09:30:54Z,2026-08-14,11,30,Disney Adventure World,Toy Soldiers Parachute Drop Single Rider,7281,OPERATING,STANDBY,15,,,queue-times.com
2026-08-14T09:30:54Z,2026-08-14,11,30,Disney Adventure World,Entry to World of Frozen,16247,OPERATING,STANDBY,0,,,queue-times.com
2026-08-14T09:30:54Z,2026-08-14,11,30,Disney Adventure World,Frozen Ever After,15413,OPERATING,STANDBY,65,,,queue-times.com
2026-08-14T09:30:54Z,2026-08-14,11,30,Disney Adventure World,Raiponce Tangled Spin,15415,OPERATING,STANDBY,5,,,queue-times.com
2026-08-14T09:45:36Z,2026-08-14,11,45,Disneyland Park,Adventure Isle,2702,OPERATING,STANDBY,0,,,queue-times.com
2026-08-14T09:45:36Z,2026-08-14,11,45,Disneyland Park,Indiana Jones and the Temple of Peril Single Rider,7306,OPERATING,STANDBY,5,,,queue-times.com
2026-08-14T09:45:36Z,2026-08-14,11,45,Disneyland Park,Indiana Jones™ and the Temple of Peril,2,OPERATING,STANDBY,25,,,queue-times.com
2026-08-14T09:45:36Z,2026-08-14,11,45,Disneyland Park,La Cabane des Robinson,1,OPERATING,STANDBY,5,,,queue-times.com
2026-08-14T09:45:36Z,2026-08-14,11,45,Disneyland Park,Le Passage Enchanté d'Aladdin,2703,OPERATING,STANDBY,0,,,queue-times.com
2026-08-14T09:45:36Z,2026-08-14,11,45,Disneyland Park,Pirate Galleon,2705,CLOSED,STANDBY,0,,,queue-times.com
2026-08-14T09:45:36Z,2026-08-14,11,45,Disneyland Park,Pirates of the Caribbean,3,OPERATING,STANDBY,15,,,queue-times.com
2026-08-14T09:45:36Z,2026-08-14,11,45,Disneyland Park,Pirates' Beach,2704,OPERATING,STANDBY,0,,,queue-times.com
2026-08-14T09:45:36Z,2026-08-14,11,45,Disneyland Park,"Autopia, presented by Avis",4,OPERATING,STANDBY,60,,,queue-times.com
2026-08-14T09:45:36Z,2026-08-14,11,45,Disneyland Park,Buzz Lightyear Laser Blast,5,OPERATING,STANDBY,20,,,queue-times.com
2026-08-14T09:45:36Z,2026-08-14,11,45,Disneyland Park,Disneyland Railroad Discoveryland Station,2706,CLOSED,STANDBY,0,,,queue-times.com
2026-08-14T09:45:36Z,2026-08-14,11,45,Disneyland Park,Les Mystères du Nautilus,6,OPERATING,STANDBY,5,,,queue-times.com
2026-08-14T09:45:36Z,2026-08-14,11,45,Disneyland Park,Mickey’s PhilharMagic,2707,CLOSED,STANDBY,0,,,queue-times.com
2026-08-14T09:45:36Z,2026-08-14,11,45,Disneyland Park,Orbitron®,7,OPERATING,STANDBY,45,,,queue-times.com
2026-08-14T09:45:36Z,2026-08-14,11,45,Disneyland Park,Star Tours: The Adventures Continue*,9,OPERATING,STANDBY,5,,,queue-times.com
2026-08-14T09:45:36Z,2026-08-14,11,45,Disneyland Park,Star Wars Hyperspace Mountain,8,OPERATING,STANDBY,15,,,queue-times.com
2026-08-14T09:45:36Z,2026-08-14,11,45,Disneyland Park,Star Wars Hyperspace Mountain Single Rider,7278,OPERATING,STANDBY,5,,,queue-times.com
2026-08-14T09:45:36Z,2026-08-14,11,45,Disneyland Park,Welcome to Starport: A Star Wars Encounter,4573,OPERATING,STANDBY,30,,,queue-times.com
2026-08-14T09:45:36Z,2026-08-14,11,45,Disneyland Park,"""it's a small world""",19,OPERATING,STANDBY,5,,,queue-times.com
2026-08-14T09:45:36Z,2026-08-14,11,45,Disneyland Park,Alice's Curious Labyrinth,14,OPERATING,STANDBY,5,,,queue-times.com
2026-08-14T09:45:36Z,2026-08-14,11,45,Disneyland Park,Blanche-Neige et les Sept Nains®,15,OPERATING,STANDBY,10,,,queue-times.com
2026-08-14T09:45:36Z,2026-08-14,11,45,Disneyland Park,Casey Jr. – le Petit Train du Cirque,17,OPERATING,STANDBY,10,,,queue-times.com
2026-08-14T09:45:36Z,2026-08-14,11,45,Disneyland Park,Disneyland Railroad Fantasyland Station,2711,CLOSED,STANDBY,0,,,queue-times.com
2026-08-14T09:45:36Z,2026-08-14,11,45,Disneyland Park,Disneyland Railroad Main Street Station,11,CLOSED,STANDBY,0,,,queue-times.com
2026-08-14T09:45:36Z,2026-08-14,11,45,Disneyland Park,Dumbo the Flying Elephant,18,OPERATING,STANDBY,30,,,queue-times.com
2026-08-14T09:45:36Z,2026-08-14,11,45,Disneyland Park,La Tanière du Dragon,2710,OPERATING,STANDBY,0,,,queue-times.com
2026-08-14T09:45:36Z,2026-08-14,11,45,Disneyland Park,Le Carrousel de Lancelot,16,OPERATING,STANDBY,10,,,queue-times.com
2026-08-14T09:45:36Z,2026-08-14,11,45,Disneyland Park,"Le Pays des Contes de Fées, presented by Vittel",21,OPERATING,STANDBY,5,,,queue-times.com
2026-08-14T09:45:36Z,2026-08-14,11,45,Disneyland Park,Les Voyages de Pinocchio,23,OPERATING,STANDBY,20,,,queue-times.com
2026-08-14T09:45:36Z,2026-08-14,11,45,Disneyland Park,Mad Hatter's Tea Cups,20,OPERATING,STANDBY,5,,,queue-times.com
2026-08-14T09:45:36Z,2026-08-14,11,45,Disneyland Park,Meet Mickey Mouse,13,OPERATING,STANDBY,0,,,queue-times.com
2026-08-14T09:45:36Z,2026-08-14,11,45,Disneyland Park,Peter Pan's Flight,22,OPERATING,STANDBY,45,,,queue-times.com
2026-08-14T09:45:36Z,2026-08-14,11,45,Disneyland Park,Princess Pavilion,24,OPERATING,STANDBY,0,,,queue-times.com
2026-08-14T09:45:36Z,2026-08-14,11,45,Disneyland Park,Big Thunder Mountain,25,OPERATING,STANDBY,70,,,queue-times.com
2026-08-14T09:45:36Z,2026-08-14,11,45,Disneyland Park,Disneyland Railroad Frontierland Depot,2714,CLOSED,STANDBY,0,,,queue-times.com
2026-08-14T09:45:36Z,2026-08-14,11,45,Disneyland Park,Frontierland Playground,2713,OPERATING,STANDBY,0,,,queue-times.com
2026-08-14T09:45:36Z,2026-08-14,11,45,Disneyland Park,Phantom Manor,26,OPERATING,STANDBY,5,,,queue-times.com
2026-08-14T09:45:36Z,2026-08-14,11,45,Disneyland Park,River Rogue Keelboats,27,CLOSED,STANDBY,0,,,queue-times.com
2026-08-14T09:45:36Z,2026-08-14,11,45,Disneyland Park,Rustler Roundup Shootin' Gallery,2712,OPERATING,STANDBY,0,,,queue-times.com
2026-08-14T09:45:36Z,2026-08-14,11,45,Disneyland Park,Thunder Mesa Riverboat Landing,28,OPERATING,STANDBY,10,,,queue-times.com
2026-08-14T09:45:36Z,2026-08-14,11,45,Disneyland Park,Disneyland Railroad Main Street Station,2708,CLOSED,STANDBY,0,,,queue-times.com
2026-08-14T09:45:36Z,2026-08-14,11,45,Disneyland Park,Main Street Vehicles,12,CLOSED,STANDBY,0,,,queue-times.com
2026-08-14T09:45:36Z,2026-08-14,11,45,Disney Adventure World,Avengers Assemble: Flight Force,10848,OPERATING,STANDBY,25,,,queue-times.com
2026-08-14T09:45:36Z,2026-08-14,11,45,Disney Adventure World,Avengers Assemble: Flight Force Single Rider,10849,OPERATING,STANDBY,15,,,queue-times.com
2026-08-14T09:45:36Z,2026-08-14,11,45,Disney Adventure World,Spider-Man W.E.B. Adventure,10845,OPERATING,STANDBY,40,,,queue-times.com
2026-08-14T09:45:36Z,2026-08-14,11,45,Disney Adventure World,Spider-Man W.E.B. Adventure Single Rider,10846,OPERATING,STANDBY,20,,,queue-times.com
2026-08-14T09:45:36Z,2026-08-14,11,45,Disney Adventure World,The Twilight Zone Tower of Terror,40,OPERATING,STANDBY,35,,,queue-times.com
2026-08-14T09:45:36Z,2026-08-14,11,45,Disney Adventure World,Cars Quatre Roues Rallye,31,OPERATING,STANDBY,15,,,queue-times.com
2026-08-14T09:45:36Z,2026-08-14,11,45,Disney Adventure World,Cars ROAD TRIP,29,OPERATING,STANDBY,25,,,queue-times.com
2026-08-14T09:45:36Z,2026-08-14,11,45,Disney Adventure World,Crush's Coaster,32,OPERATING,STANDBY,90,,,queue-times.com
2026-08-14T09:45:36Z,2026-08-14,11,45,Disney Adventure World,Crush's Coaster Single Rider,7277,OPERATING,STANDBY,30,,,queue-times.com
2026-08-14T09:45:36Z,2026-08-14,11,45,Disney Adventure World,Les Tapis Volants - Flying Carpets Over Agrabah®,33,OPERATING,STANDBY,15,,,queue-times.com
2026-08-14T09:45:36Z,2026-08-14,11,45,Disney Adventure World,Ratatouille : L’Aventure Totalement Toquée de Rémy​,37,OPERATING,STANDBY,50,,,queue-times.com
2026-08-14T09:45:36Z,2026-08-14,11,45,Disney Adventure World,Ratatouille: The Adventure Single Rider,7279,OPERATING,STANDBY,10,,,queue-times.com
2026-08-14T09:45:36Z,2026-08-14,11,45,Disney Adventure World,RC Racer,34,OPERATING,STANDBY,45,,,queue-times.com
2026-08-14T09:45:36Z,2026-08-14,11,45,Disney Adventure World,RC Racer Single Rider,7280,OPERATING,STANDBY,40,,,queue-times.com
2026-08-14T09:45:36Z,2026-08-14,11,45,Disney Adventure World,Slinky® Dog Zigzag Spin,36,OPERATING,STANDBY,15,,,queue-times.com
2026-08-14T09:45:36Z,2026-08-14,11,45,Disney Adventure World,Toy Soldiers Parachute Drop,35,OPERATING,STANDBY,40,,,queue-times.com
2026-08-14T09:45:36Z,2026-08-14,11,45,Disney Adventure World,Toy Soldiers Parachute Drop Single Rider,7281,OPERATING,STANDBY,15,,,queue-times.com
2026-08-14T09:45:36Z,2026-08-14,11,45,Disney Adventure World,Entry to World of Frozen,16247,OPERATING,STANDBY,0,,,queue-times.com
2026-08-14T09:45:36Z,2026-08-14,11,45,Disney Adventure World,Frozen Ever After,15413,OPERATING,STANDBY,55,,,queue-times.com
2026-08-14T09:45:36Z,2026-08-14,11,45,Disney Adventure World,Raiponce Tangled Spin,15415,OPERATING,STANDBY,5,,,queue-times.com
2026-08-14T09:50:54Z,2026-08-14,11,50,Disneyland Park,Adventure Isle,2702,OPERATING,STANDBY,0,,,queue-times.com
2026-08-14T09:50:54Z,2026-08-14,11,50,Disneyland Park,Indiana Jones and the Temple of Peril Single Rider,7306,OPERATING,STANDBY,5,,,queue-times.com
2026-08-14T09:50:54Z,2026-08-14,11,50,Disneyland Park,Indiana Jones™ and the Temple of Peril,2,OPERATING,STANDBY,25,,,queue-times.com
2026-08-14T09:50:54Z,2026-08-14,11,50,Disneyland Park,La Cabane des Robinson,1,OPERATING,STANDBY,5,,,queue-times.com
2026-08-14T09:50:54Z,2026-08-14,11,50,Disneyland Park,Le Passage Enchanté d'Aladdin,2703,OPERATING,STANDBY,0,,,queue-times.com
2026-08-14T09:50:54Z,2026-08-14,11,50,Disneyland Park,Pirate Galleon,2705,CLOSED,STANDBY,0,,,queue-times.com
2026-08-14T09:50:54Z,2026-08-14,11,50,Disneyland Park,Pirates of the Caribbean,3,OPERATING,STANDBY,15,,,queue-times.com
2026-08-14T09:50:54Z,2026-08-14,11,50,Disneyland Park,Pirates' Beach,2704,OPERATING,STANDBY,0,,,queue-times.com
2026-08-14T09:50:54Z,2026-08-14,11,50,Disneyland Park,"Autopia, presented by Avis",4,OPERATING,STANDBY,60,,,queue-times.com
2026-08-14T09:50:54Z,2026-08-14,11,50,Disneyland Park,Buzz Lightyear Laser Blast,5,OPERATING,STANDBY,20,,,queue-times.com
2026-08-14T09:50:54Z,2026-08-14,11,50,Disneyland Park,Disneyland Railroad Discoveryland Station,2706,CLOSED,STANDBY,0,,,queue-times.com
2026-08-14T09:50:54Z,2026-08-14,11,50,Disneyland Park,Les Mystères du Nautilus,6,OPERATING,STANDBY,5,,,queue-times.com
2026-08-14T09:50:54Z,2026-08-14,11,50,Disneyland Park,Mickey’s PhilharMagic,2707,CLOSED,STANDBY,0,,,queue-times.com
2026-08-14T09:50:54Z,2026-08-14,11,50,Disneyland Park,Orbitron®,7,OPERATING,STANDBY,45,,,queue-times.com
2026-08-14T09:50:54Z,2026-08-14,11,50,Disneyland Park,Star Tours: The Adventures Continue*,9,OPERATING,STANDBY,5,,,queue-times.com
2026-08-14T09:50:54Z,2026-08-14,11,50,Disneyland Park,Star Wars Hyperspace Mountain,8,OPERATING,STANDBY,15,,,queue-times.com
2026-08-14T09:50:54Z,2026-08-14,11,50,Disneyland Park,Star Wars Hyperspace Mountain Single Rider,7278,OPERATING,STANDBY,5,,,queue-times.com
2026-08-14T09:50:54Z,2026-08-14,11,50,Disneyland Park,Welcome to Starport: A Star Wars Encounter,4573,OPERATING,STANDBY,30,,,queue-times.com
2026-08-14T09:50:54Z,2026-08-14,11,50,Disneyland Park,"""it's a small world""",19,OPERATING,STANDBY,5,,,queue-times.com
2026-08-14T09:50:54Z,2026-08-14,11,50,Disneyland Park,Alice's Curious Labyrinth,14,OPERATING,STANDBY,5,,,queue-times.com
2026-08-14T09:50:54Z,2026-08-14,11,50,Disneyland Park,Blanche-Neige et les Sept Nains®,15,OPERATING,STANDBY,10,,,queue-times.com
2026-08-14T09:50:54Z,2026-08-14,11,50,Disneyland Park,Casey Jr. – le Petit Train du Cirque,17,OPERATING,STANDBY,10,,,queue-times.com
2026-08-14T09:50:54Z,2026-08-14,11,50,Disneyland Park,Disneyland Railroad Fantasyland Station,2711,CLOSED,STANDBY,0,,,queue-times.com
2026-08-14T09:50:54Z,2026-08-14,11,50,Disneyland Park,Disneyland Railroad Main Street Station,11,CLOSED,STANDBY,0,,,queue-times.com
2026-08-14T09:50:54Z,2026-08-14,11,50,Disneyland Park,Dumbo the Flying Elephant,18,OPERATING,STANDBY,30,,,queue-times.com
2026-08-14T09:50:54Z,2026-08-14,11,50,Disneyland Park,La Tanière du Dragon,2710,OPERATING,STANDBY,0,,,queue-times.com
2026-08-14T09:50:54Z,2026-08-14,11,50,Disneyland Park,Le Carrousel de Lancelot,16,OPERATING,STANDBY,10,,,queue-times.com
2026-08-14T09:50:54Z,2026-08-14,11,50,Disneyland Park,"Le Pays des Contes de Fées, presented by Vittel",21,OPERATING,STANDBY,5,,,queue-times.com
2026-08-14T09:50:54Z,2026-08-14,11,50,Disneyland Park,Les Voyages de Pinocchio,23,OPERATING,STANDBY,20,,,queue-times.com
2026-08-14T09:50:54Z,2026-08-14,11,50,Disneyland Park,Mad Hatter's Tea Cups,20,OPERATING,STANDBY,5,,,queue-times.com
2026-08-14T09:50:54Z,2026-08-14,11,50,Disneyland Park,Meet Mickey Mouse,13,OPERATING,STANDBY,0,,,queue-times.com
2026-08-14T09:50:54Z,2026-08-14,11,50,Disneyland Park,Peter Pan's Flight,22,OPERATING,STANDBY,45,,,queue-times.com
2026-08-14T09:50:54Z,2026-08-14,11,50,Disneyland Park,Princess Pavilion,24,OPERATING,STANDBY,0,,,queue-times.com
2026-08-14T09:50:54Z,2026-08-14,11,50,Disneyland Park,Big Thunder Mountain,25,OPERATING,STANDBY,65,,,queue-times.com
2026-08-14T09:50:54Z,2026-08-14,11,50,Disneyland Park,Disneyland Railroad Frontierland Depot,2714,CLOSED,STANDBY,0,,,queue-times.com
2026-08-14T09:50:54Z,2026-08-14,11,50,Disneyland Park,Frontierland Playground,2713,OPERATING,STANDBY,0,,,queue-times.com
2026-08-14T09:50:54Z,2026-08-14,11,50,Disneyland Park,Phantom Manor,26,OPERATING,STANDBY,5,,,queue-times.com
2026-08-14T09:50:54Z,2026-08-14,11,50,Disneyland Park,River Rogue Keelboats,27,CLOSED,STANDBY,0,,,queue-times.com
2026-08-14T09:50:54Z,2026-08-14,11,50,Disneyland Park,Rustler Roundup Shootin' Gallery,2712,OPERATING,STANDBY,0,,,queue-times.com
2026-08-14T09:50:54Z,2026-08-14,11,50,Disneyland Park,Thunder Mesa Riverboat Landing,28,OPERATING,STANDBY,10,,,queue-times.com
2026-08-14T09:50:54Z,2026-08-14,11,50,Disneyland Park,Disneyland Railroad Main Street Station,2708,CLOSED,STANDBY,0,,,queue-times.com
2026-08-14T09:50:54Z,2026-08-14,11,50,Disneyland Park,Main Street Vehicles,12,CLOSED,STANDBY,0,,,queue-times.com
2026-08-14T09:50:54Z,2026-08-14,11,50,Disney Adventure World,Avengers Assemble: Flight Force,10848,OPERATING,STANDBY,20,,,queue-times.com
2026-08-14T09:50:54Z,2026-08-14,11,50,Disney Adventure World,Avengers Assemble: Flight Force Single Rider,10849,OPERATING,STANDBY,15,,,queue-times.com
2026-08-14T09:50:54Z,2026-08-14,11,50,Disney Adventure World,Spider-Man W.E.B. Adventure,10845,OPERATING,STANDBY,40,,,queue-times.com
2026-08-14T09:50:54Z,2026-08-14,11,50,Disney Adventure World,Spider-Man W.E.B. Adventure Single Rider,10846,OPERATING,STANDBY,25,,,queue-times.com
2026-08-14T09:50:54Z,2026-08-14,11,50,Disney Adventure World,The Twilight Zone Tower of Terror,40,OPERATING,STANDBY,55,,,queue-times.com
2026-08-14T09:50:54Z,2026-08-14,11,50,Disney Adventure World,Cars Quatre Roues Rallye,31,OPERATING,STANDBY,15,,,queue-times.com
2026-08-14T09:50:54Z,2026-08-14,11,50,Disney Adventure World,Cars ROAD TRIP,29,OPERATING,STANDBY,25,,,queue-times.com
2026-08-14T09:50:54Z,2026-08-14,11,50,Disney Adventure World,Crush's Coaster,32,OPERATING,STANDBY,90,,,queue-times.com
2026-08-14T09:50:54Z,2026-08-14,11,50,Disney Adventure World,Crush's Coaster Single Rider,7277,OPERATING,STANDBY,50,,,queue-times.com
2026-08-14T09:50:54Z,2026-08-14,11,50,Disney Adventure World,Les Tapis Volants - Flying Carpets Over Agrabah®,33,OPERATING,STANDBY,20,,,queue-times.com
2026-08-14T09:50:54Z,2026-08-14,11,50,Disney Adventure World,Ratatouille : L’Aventure Totalement Toquée de Rémy​,37,OPERATING,STANDBY,60,,,queue-times.com
2026-08-14T09:50:54Z,2026-08-14,11,50,Disney Adventure World,Ratatouille: The Adventure Single Rider,7279,OPERATING,STANDBY,10,,,queue-times.com
2026-08-14T09:50:54Z,2026-08-14,11,50,Disney Adventure World,RC Racer,34,OPERATING,STANDBY,45,,,queue-times.com
2026-08-14T09:50:54Z,2026-08-14,11,50,Disney Adventure World,RC Racer Single Rider,7280,OPERATING,STANDBY,40,,,queue-times.com
2026-08-14T09:50:54Z,2026-08-14,11,50,Disney Adventure World,Slinky® Dog Zigzag Spin,36,OPERATING,STANDBY,20,,,queue-times.com
2026-08-14T09:50:54Z,2026-08-14,11,50,Disney Adventure World,Toy Soldiers Parachute Drop,35,OPERATING,STANDBY,55,,,queue-times.com
2026-08-14T09:50:54Z,2026-08-14,11,50,Disney Adventure World,Toy Soldiers Parachute Drop Single Rider,7281,OPERATING,STANDBY,15,,,queue-times.com
2026-08-14T09:50:54Z,2026-08-14,11,50,Disney Adventure World,Entry to World of Frozen,16247,OPERATING,STANDBY,0,,,queue-times.com
2026-08-14T09:50:54Z,2026-08-14,11,50,Disney Adventure World,Frozen Ever After,15413,OPERATING,STANDBY,60,,,queue-times.com
2026-08-14T09:50:54Z,2026-08-14,11,50,Disney Adventure World,Raiponce Tangled Spin,15415,OPERATING,STANDBY,30,,,queue-times.com
2026-08-14T10:01:05Z,2026-08-14,12,1,Disneyland Park,Adventure Isle,2702,OPERATING,STANDBY,0,,,queue-times.com
2026-08-14T10:01:05Z,2026-08-14,12,1,Disneyland Park,Indiana Jones and the Temple of Peril Single Rider,7306,CLOSED,STANDBY,0,,,queue-times.com
2026-08-14T10:01:05Z,2026-08-14,12,1,Disneyland Park,Indiana Jones™ and the Temple of Peril,2,CLOSED,STANDBY,0,,,queue-times.com
2026-08-14T10:01:05Z,2026-08-14,12,1,Disneyland Park,La Cabane des Robinson,1,OPERATING,STANDBY,5,,,queue-times.com
2026-08-14T10:01:05Z,2026-08-14,12,1,Disneyland Park,Le Passage Enchanté d'Aladdin,2703,OPERATING,STANDBY,0,,,queue-times.com
2026-08-14T10:01:05Z,2026-08-14,12,1,Disneyland Park,Pirate Galleon,2705,CLOSED,STANDBY,0,,,queue-times.com
2026-08-14T10:01:05Z,2026-08-14,12,1,Disneyland Park,Pirates of the Caribbean,3,OPERATING,STANDBY,20,,,queue-times.com
2026-08-14T10:01:05Z,2026-08-14,12,1,Disneyland Park,Pirates' Beach,2704,OPERATING,STANDBY,0,,,queue-times.com
2026-08-14T10:01:05Z,2026-08-14,12,1,Disneyland Park,"Autopia, presented by Avis",4,OPERATING,STANDBY,50,,,queue-times.com
2026-08-14T10:01:05Z,2026-08-14,12,1,Disneyland Park,Buzz Lightyear Laser Blast,5,CLOSED,STANDBY,0,,,queue-times.com
2026-08-14T10:01:05Z,2026-08-14,12,1,Disneyland Park,Disneyland Railroad Discoveryland Station,2706,CLOSED,STANDBY,0,,,queue-times.com
2026-08-14T10:01:05Z,2026-08-14,12,1,Disneyland Park,Les Mystères du Nautilus,6,OPERATING,STANDBY,5,,,queue-times.com
2026-08-14T10:01:05Z,2026-08-14,12,1,Disneyland Park,Mickey’s PhilharMagic,2707,CLOSED,STANDBY,0,,,queue-times.com
2026-08-14T10:01:05Z,2026-08-14,12,1,Disneyland Park,Orbitron®,7,OPERATING,STANDBY,50,,,queue-times.com
2026-08-14T10:01:05Z,2026-08-14,12,1,Disneyland Park,Star Tours: The Adventures Continue*,9,OPERATING,STANDBY,5,,,queue-times.com
2026-08-14T10:01:05Z,2026-08-14,12,1,Disneyland Park,Star Wars Hyperspace Mountain,8,OPERATING,STANDBY,25,,,queue-times.com
2026-08-14T10:01:05Z,2026-08-14,12,1,Disneyland Park,Star Wars Hyperspace Mountain Single Rider,7278,OPERATING,STANDBY,10,,,queue-times.com
2026-08-14T10:01:05Z,2026-08-14,12,1,Disneyland Park,Welcome to Starport: A Star Wars Encounter,4573,OPERATING,STANDBY,20,,,queue-times.com
2026-08-14T10:01:05Z,2026-08-14,12,1,Disneyland Park,"""it's a small world""",19,OPERATING,STANDBY,10,,,queue-times.com
2026-08-14T10:01:05Z,2026-08-14,12,1,Disneyland Park,Alice's Curious Labyrinth,14,OPERATING,STANDBY,5,,,queue-times.com
2026-08-14T10:01:05Z,2026-08-14,12,1,Disneyland Park,Blanche-Neige et les Sept Nains®,15,OPERATING,STANDBY,5,,,queue-times.com
2026-08-14T10:01:05Z,2026-08-14,12,1,Disneyland Park,Casey Jr. – le Petit Train du Cirque,17,OPERATING,STANDBY,10,,,queue-times.com
2026-08-14T10:01:05Z,2026-08-14,12,1,Disneyland Park,Disneyland Railroad Fantasyland Station,2711,CLOSED,STANDBY,0,,,queue-times.com
2026-08-14T10:01:05Z,2026-08-14,12,1,Disneyland Park,Disneyland Railroad Main Street Station,11,CLOSED,STANDBY,0,,,queue-times.com
2026-08-14T10:01:05Z,2026-08-14,12,1,Disneyland Park,Dumbo the Flying Elephant,18,OPERATING,STANDBY,30,,,queue-times.com
2026-08-14T10:01:05Z,2026-08-14,12,1,Disneyland Park,La Tanière du Dragon,2710,OPERATING,STANDBY,0,,,queue-times.com
2026-08-14T10:01:05Z,2026-08-14,12,1,Disneyland Park,Le Carrousel de Lancelot,16,OPERATING,STANDBY,10,,,queue-times.com
2026-08-14T10:01:05Z,2026-08-14,12,1,Disneyland Park,"Le Pays des Contes de Fées, presented by Vittel",21,CLOSED,STANDBY,0,,,queue-times.com
2026-08-14T10:01:05Z,2026-08-14,12,1,Disneyland Park,Les Voyages de Pinocchio,23,OPERATING,STANDBY,20,,,queue-times.com
2026-08-14T10:01:05Z,2026-08-14,12,1,Disneyland Park,Mad Hatter's Tea Cups,20,OPERATING,STANDBY,5,,,queue-times.com
2026-08-14T10:01:05Z,2026-08-14,12,1,Disneyland Park,Meet Mickey Mouse,13,OPERATING,STANDBY,0,,,queue-times.com
2026-08-14T10:01:05Z,2026-08-14,12,1,Disneyland Park,Peter Pan's Flight,22,OPERATING,STANDBY,55,,,queue-times.com
2026-08-14T10:01:05Z,2026-08-14,12,1,Disneyland Park,Princess Pavilion,24,OPERATING,STANDBY,0,,,queue-times.com
2026-08-14T10:01:05Z,2026-08-14,12,1,Disneyland Park,Big Thunder Mountain,25,OPERATING,STANDBY,65,,,queue-times.com
2026-08-14T10:01:05Z,2026-08-14,12,1,Disneyland Park,Disneyland Railroad Frontierland Depot,2714,CLOSED,STANDBY,0,,,queue-times.com
2026-08-14T10:01:05Z,2026-08-14,12,1,Disneyland Park,Frontierland Playground,2713,OPERATING,STANDBY,0,,,queue-times.com
2026-08-14T10:01:05Z,2026-08-14,12,1,Disneyland Park,Phantom Manor,26,OPERATING,STANDBY,5,,,queue-times.com
2026-08-14T10:01:05Z,2026-08-14,12,1,Disneyland Park,River Rogue Keelboats,27,CLOSED,STANDBY,0,,,queue-times.com
2026-08-14T10:01:05Z,2026-08-14,12,1,Disneyland Park,Rustler Roundup Shootin' Gallery,2712,OPERATING,STANDBY,0,,,queue-times.com
2026-08-14T10:01:05Z,2026-08-14,12,1,Disneyland Park,Thunder Mesa Riverboat Landing,28,OPERATING,STANDBY,10,,,queue-times.com
2026-08-14T10:01:05Z,2026-08-14,12,1,Disneyland Park,Disneyland Railroad Main Street Station,2708,CLOSED,STANDBY,0,,,queue-times.com
2026-08-14T10:01:05Z,2026-08-14,12,1,Disneyland Park,Main Street Vehicles,12,CLOSED,STANDBY,0,,,queue-times.com
2026-08-14T10:01:05Z,2026-08-14,12,1,Disney Adventure World,Avengers Assemble: Flight Force,10848,CLOSED,STANDBY,0,,,queue-times.com
2026-08-14T10:01:05Z,2026-08-14,12,1,Disney Adventure World,Avengers Assemble: Flight Force Single Rider,10849,CLOSED,STANDBY,0,,,queue-times.com
2026-08-14T10:01:05Z,2026-08-14,12,1,Disney Adventure World,Spider-Man W.E.B. Adventure,10845,OPERATING,STANDBY,40,,,queue-times.com
2026-08-14T10:01:05Z,2026-08-14,12,1,Disney Adventure World,Spider-Man W.E.B. Adventure Single Rider,10846,OPERATING,STANDBY,25,,,queue-times.com
2026-08-14T10:01:05Z,2026-08-14,12,1,Disney Adventure World,The Twilight Zone Tower of Terror,40,OPERATING,STANDBY,45,,,queue-times.com
2026-08-14T10:01:05Z,2026-08-14,12,1,Disney Adventure World,Cars Quatre Roues Rallye,31,OPERATING,STANDBY,5,,,queue-times.com
2026-08-14T10:01:05Z,2026-08-14,12,1,Disney Adventure World,Cars ROAD TRIP,29,OPERATING,STANDBY,5,,,queue-times.com
2026-08-14T10:01:05Z,2026-08-14,12,1,Disney Adventure World,Crush's Coaster,32,OPERATING,STANDBY,90,,,queue-times.com
2026-08-14T10:01:05Z,2026-08-14,12,1,Disney Adventure World,Crush's Coaster Single Rider,7277,OPERATING,STANDBY,35,,,queue-times.com
2026-08-14T10:01:05Z,2026-08-14,12,1,Disney Adventure World,Les Tapis Volants - Flying Carpets Over Agrabah®,33,OPERATING,STANDBY,15,,,queue-times.com
2026-08-14T10:01:05Z,2026-08-14,12,1,Disney Adventure World,Ratatouille : L’Aventure Totalement Toquée de Rémy​,37,OPERATING,STANDBY,60,,,queue-times.com
2026-08-14T10:01:05Z,2026-08-14,12,1,Disney Adventure World,Ratatouille: The Adventure Single Rider,7279,OPERATING,STANDBY,15,,,queue-times.com
2026-08-14T10:01:05Z,2026-08-14,12,1,Disney Adventure World,RC Racer,34,OPERATING,STANDBY,45,,,queue-times.com
2026-08-14T10:01:05Z,2026-08-14,12,1,Disney Adventure World,RC Racer Single Rider,7280,OPERATING,STANDBY,40,,,queue-times.com
2026-08-14T10:01:05Z,2026-08-14,12,1,Disney Adventure World,Slinky® Dog Zigzag Spin,36,OPERATING,STANDBY,20,,,queue-times.com
2026-08-14T10:01:05Z,2026-08-14,12,1,Disney Adventure World,Toy Soldiers Parachute Drop,35,OPERATING,STANDBY,40,,,queue-times.com
2026-08-14T10:01:05Z,2026-08-14,12,1,Disney Adventure World,Toy Soldiers Parachute Drop Single Rider,7281,OPERATING,STANDBY,20,,,queue-times.com
2026-08-14T10:01:05Z,2026-08-14,12,1,Disney Adventure World,Entry to World of Frozen,16247,OPERATING,STANDBY,0,,,queue-times.com
2026-08-14T10:01:05Z,2026-08-14,12,1,Disney Adventure World,Frozen Ever After,15413,OPERATING,STANDBY,55,,,queue-times.com
2026-08-14T10:01:05Z,2026-08-14,12,1,Disney Adventure World,Raiponce Tangled Spin,15415,OPERATING,STANDBY,20,,,queue-times.com
2026-08-14T10:15:37Z,2026-08-14,12,15,Disneyland Park,Adventure Isle,2702,OPERATING,STANDBY,0,,,queue-times.com
2026-08-14T10:15:37Z,2026-08-14,12,15,Disneyland Park,Indiana Jones and the Temple of Peril Single Rider,7306,CLOSED,STANDBY,0,,,queue-times.com
2026-08-14T10:15:37Z,2026-08-14,12,15,Disneyland Park,Indiana Jones™ and the Temple of Peril,2,CLOSED,STANDBY,0,,,queue-times.com
2026-08-14T10:15:37Z,2026-08-14,12,15,Disneyland Park,La Cabane des Robinson,1,OPERATING,STANDBY,5,,,queue-times.com
2026-08-14T10:15:37Z,2026-08-14,12,15,Disneyland Park,Le Passage Enchanté d'Aladdin,2703,OPERATING,STANDBY,0,,,queue-times.com
2026-08-14T10:15:37Z,2026-08-14,12,15,Disneyland Park,Pirate Galleon,2705,CLOSED,STANDBY,0,,,queue-times.com
2026-08-14T10:15:37Z,2026-08-14,12,15,Disneyland Park,Pirates of the Caribbean,3,OPERATING,STANDBY,30,,,queue-times.com
2026-08-14T10:15:37Z,2026-08-14,12,15,Disneyland Park,Pirates' Beach,2704,OPERATING,STANDBY,0,,,queue-times.com
2026-08-14T10:15:37Z,2026-08-14,12,15,Disneyland Park,"Autopia, presented by Avis",4,CLOSED,STANDBY,0,,,queue-times.com
2026-08-14T10:15:37Z,2026-08-14,12,15,Disneyland Park,Buzz Lightyear Laser Blast,5,OPERATING,STANDBY,20,,,queue-times.com
2026-08-14T10:15:37Z,2026-08-14,12,15,Disneyland Park,Disneyland Railroad Discoveryland Station,2706,CLOSED,STANDBY,0,,,queue-times.com
2026-08-14T10:15:37Z,2026-08-14,12,15,Disneyland Park,Les Mystères du Nautilus,6,OPERATING,STANDBY,5,,,queue-times.com
2026-08-14T10:15:37Z,2026-08-14,12,15,Disneyland Park,Mickey’s PhilharMagic,2707,OPERATING,STANDBY,0,,,queue-times.com
2026-08-14T10:15:37Z,2026-08-14,12,15,Disneyland Park,Orbitron®,7,CLOSED,STANDBY,0,,,queue-times.com
2026-08-14T10:15:37Z,2026-08-14,12,15,Disneyland Park,Star Tours: The Adventures Continue*,9,OPERATING,STANDBY,10,,,queue-times.com
2026-08-14T10:15:37Z,2026-08-14,12,15,Disneyland Park,Star Wars Hyperspace Mountain,8,OPERATING,STANDBY,30,,,queue-times.com
2026-08-14T10:15:37Z,2026-08-14,12,15,Disneyland Park,Star Wars Hyperspace Mountain Single Rider,7278,OPERATING,STANDBY,20,,,queue-times.com
2026-08-14T10:15:37Z,2026-08-14,12,15,Disneyland Park,Welcome to Starport: A Star Wars Encounter,4573,OPERATING,STANDBY,20,,,queue-times.com
2026-08-14T10:15:37Z,2026-08-14,12,15,Disneyland Park,"""it's a small world""",19,OPERATING,STANDBY,10,,,queue-times.com
2026-08-14T10:15:37Z,2026-08-14,12,15,Disneyland Park,Alice's Curious Labyrinth,14,OPERATING,STANDBY,5,,,queue-times.com
2026-08-14T10:15:37Z,2026-08-14,12,15,Disneyland Park,Blanche-Neige et les Sept Nains®,15,OPERATING,STANDBY,15,,,queue-times.com
2026-08-14T10:15:37Z,2026-08-14,12,15,Disneyland Park,Casey Jr. – le Petit Train du Cirque,17,OPERATING,STANDBY,10,,,queue-times.com
2026-08-14T10:15:37Z,2026-08-14,12,15,Disneyland Park,Disneyland Railroad Fantasyland Station,2711,CLOSED,STANDBY,0,,,queue-times.com
2026-08-14T10:15:37Z,2026-08-14,12,15,Disneyland Park,Disneyland Railroad Main Street Station,11,CLOSED,STANDBY,0,,,queue-times.com
2026-08-14T10:15:37Z,2026-08-14,12,15,Disneyland Park,Dumbo the Flying Elephant,18,OPERATING,STANDBY,30,,,queue-times.com
2026-08-14T10:15:37Z,2026-08-14,12,15,Disneyland Park,La Tanière du Dragon,2710,OPERATING,STANDBY,0,,,queue-times.com
2026-08-14T10:15:37Z,2026-08-14,12,15,Disneyland Park,Le Carrousel de Lancelot,16,OPERATING,STANDBY,10,,,queue-times.com
2026-08-14T10:15:37Z,2026-08-14,12,15,Disneyland Park,"Le Pays des Contes de Fées, presented by Vittel",21,CLOSED,STANDBY,0,,,queue-times.com
2026-08-14T10:15:37Z,2026-08-14,12,15,Disneyland Park,Les Voyages de Pinocchio,23,OPERATING,STANDBY,20,,,queue-times.com
2026-08-14T10:15:37Z,2026-08-14,12,15,Disneyland Park,Mad Hatter's Tea Cups,20,OPERATING,STANDBY,5,,,queue-times.com
2026-08-14T10:15:37Z,2026-08-14,12,15,Disneyland Park,Meet Mickey Mouse,13,OPERATING,STANDBY,0,,,queue-times.com
2026-08-14T10:15:37Z,2026-08-14,12,15,Disneyland Park,Peter Pan's Flight,22,OPERATING,STANDBY,55,,,queue-times.com
2026-08-14T10:15:37Z,2026-08-14,12,15,Disneyland Park,Princess Pavilion,24,OPERATING,STANDBY,0,,,queue-times.com
2026-08-14T10:15:37Z,2026-08-14,12,15,Disneyland Park,Big Thunder Mountain,25,OPERATING,STANDBY,85,,,queue-times.com
2026-08-14T10:15:37Z,2026-08-14,12,15,Disneyland Park,Disneyland Railroad Frontierland Depot,2714,CLOSED,STANDBY,0,,,queue-times.com
2026-08-14T10:15:37Z,2026-08-14,12,15,Disneyland Park,Frontierland Playground,2713,OPERATING,STANDBY,0,,,queue-times.com
2026-08-14T10:15:37Z,2026-08-14,12,15,Disneyland Park,Phantom Manor,26,OPERATING,STANDBY,10,,,queue-times.com
2026-08-14T10:15:37Z,2026-08-14,12,15,Disneyland Park,River Rogue Keelboats,27,CLOSED,STANDBY,0,,,queue-times.com
2026-08-14T10:15:37Z,2026-08-14,12,15,Disneyland Park,Rustler Roundup Shootin' Gallery,2712,OPERATING,STANDBY,0,,,queue-times.com
2026-08-14T10:15:37Z,2026-08-14,12,15,Disneyland Park,Thunder Mesa Riverboat Landing,28,CLOSED,STANDBY,0,,,queue-times.com
2026-08-14T10:15:37Z,2026-08-14,12,15,Disneyland Park,Disneyland Railroad Main Street Station,2708,CLOSED,STANDBY,0,,,queue-times.com
2026-08-14T10:15:37Z,2026-08-14,12,15,Disneyland Park,Main Street Vehicles,12,OPERATING,STANDBY,5,,,queue-times.com
2026-08-14T10:15:37Z,2026-08-14,12,15,Disney Adventure World,Avengers Assemble: Flight Force,10848,OPERATING,STANDBY,25,,,queue-times.com
2026-08-14T10:15:37Z,2026-08-14,12,15,Disney Adventure World,Avengers Assemble: Flight Force Single Rider,10849,OPERATING,STANDBY,15,,,queue-times.com
2026-08-14T10:15:37Z,2026-08-14,12,15,Disney Adventure World,Spider-Man W.E.B. Adventure,10845,OPERATING,STANDBY,55,,,queue-times.com
2026-08-14T10:15:37Z,2026-08-14,12,15,Disney Adventure World,Spider-Man W.E.B. Adventure Single Rider,10846,OPERATING,STANDBY,20,,,queue-times.com
2026-08-14T10:15:37Z,2026-08-14,12,15,Disney Adventure World,The Twilight Zone Tower of Terror,40,OPERATING,STANDBY,45,,,queue-times.com
2026-08-14T10:15:37Z,2026-08-14,12,15,Disney Adventure World,Cars Quatre Roues Rallye,31,OPERATING,STANDBY,5,,,queue-times.com
2026-08-14T10:15:37Z,2026-08-14,12,15,Disney Adventure World,Cars ROAD TRIP,29,OPERATING,STANDBY,5,,,queue-times.com
2026-08-14T10:15:37Z,2026-08-14,12,15,Disney Adventure World,Crush's Coaster,32,OPERATING,STANDBY,80,,,queue-times.com
2026-08-14T10:15:37Z,2026-08-14,12,15,Disney Adventure World,Crush's Coaster Single Rider,7277,OPERATING,STANDBY,60,,,queue-times.com
2026-08-14T10:15:37Z,2026-08-14,12,15,Disney Adventure World,Les Tapis Volants - Flying Carpets Over Agrabah®,33,CLOSED,STANDBY,0,,,queue-times.com
2026-08-14T10:15:37Z,2026-08-14,12,15,Disney Adventure World,Ratatouille : L’Aventure Totalement Toquée de Rémy​,37,OPERATING,STANDBY,50,,,queue-times.com
2026-08-14T10:15:37Z,2026-08-14,12,15,Disney Adventure World,Ratatouille: The Adventure Single Rider,7279,OPERATING,STANDBY,15,,,queue-times.com
2026-08-14T10:15:37Z,2026-08-14,12,15,Disney Adventure World,RC Racer,34,OPERATING,STANDBY,45,,,queue-times.com
2026-08-14T10:15:37Z,2026-08-14,12,15,Disney Adventure World,RC Racer Single Rider,7280,OPERATING,STANDBY,25,,,queue-times.com
2026-08-14T10:15:37Z,2026-08-14,12,15,Disney Adventure World,Slinky® Dog Zigzag Spin,36,CLOSED,STANDBY,0,,,queue-times.com
2026-08-14T10:15:37Z,2026-08-14,12,15,Disney Adventure World,Toy Soldiers Parachute Drop,35,OPERATING,STANDBY,55,,,queue-times.com
2026-08-14T10:15:37Z,2026-08-14,12,15,Disney Adventure World,Toy Soldiers Parachute Drop Single Rider,7281,OPERATING,STANDBY,15,,,queue-times.com
2026-08-14T10:15:37Z,2026-08-14,12,15,Disney Adventure World,Entry to World of Frozen,16247,OPERATING,STANDBY,0,,,queue-times.com
2026-08-14T10:15:37Z,2026-08-14,12,15,Disney Adventure World,Frozen Ever After,15413,OPERATING,STANDBY,60,,,queue-times.com
2026-08-14T10:15:37Z,2026-08-14,12,15,Disney Adventure World,Raiponce Tangled Spin,15415,OPERATING,STANDBY,20,,,queue-times.com
2026-08-14T10:30:52Z,2026-08-14,12,30,Disneyland Park,Adventure Isle,2702,OPERATING,STANDBY,0,,,queue-times.com
2026-08-14T10:30:52Z,2026-08-14,12,30,Disneyland Park,Indiana Jones and the Temple of Peril Single Rider,7306,CLOSED,STANDBY,0,,,queue-times.com
2026-08-14T10:30:52Z,2026-08-14,12,30,Disneyland Park,Indiana Jones™ and the Temple of Peril,2,CLOSED,STANDBY,0,,,queue-times.com
2026-08-14T10:30:52Z,2026-08-14,12,30,Disneyland Park,La Cabane des Robinson,1,OPERATING,STANDBY,5,,,queue-times.com
2026-08-14T10:30:52Z,2026-08-14,12,30,Disneyland Park,Le Passage Enchanté d'Aladdin,2703,OPERATING,STANDBY,0,,,queue-times.com
2026-08-14T10:30:52Z,2026-08-14,12,30,Disneyland Park,Pirate Galleon,2705,CLOSED,STANDBY,0,,,queue-times.com
2026-08-14T10:30:52Z,2026-08-14,12,30,Disneyland Park,Pirates of the Caribbean,3,OPERATING,STANDBY,30,,,queue-times.com
2026-08-14T10:30:52Z,2026-08-14,12,30,Disneyland Park,Pirates' Beach,2704,OPERATING,STANDBY,0,,,queue-times.com
2026-08-14T10:30:52Z,2026-08-14,12,30,Disneyland Park,"Autopia, presented by Avis",4,CLOSED,STANDBY,0,,,queue-times.com
2026-08-14T10:30:52Z,2026-08-14,12,30,Disneyland Park,Buzz Lightyear Laser Blast,5,OPERATING,STANDBY,25,,,queue-times.com
2026-08-14T10:30:52Z,2026-08-14,12,30,Disneyland Park,Disneyland Railroad Discoveryland Station,2706,CLOSED,STANDBY,0,,,queue-times.com
2026-08-14T10:30:52Z,2026-08-14,12,30,Disneyland Park,Les Mystères du Nautilus,6,OPERATING,STANDBY,5,,,queue-times.com
2026-08-14T10:30:52Z,2026-08-14,12,30,Disneyland Park,Mickey’s PhilharMagic,2707,OPERATING,STANDBY,0,,,queue-times.com
2026-08-14T10:30:52Z,2026-08-14,12,30,Disneyland Park,Orbitron®,7,CLOSED,STANDBY,0,,,queue-times.com
2026-08-14T10:30:52Z,2026-08-14,12,30,Disneyland Park,Star Tours: The Adventures Continue*,9,OPERATING,STANDBY,10,,,queue-times.com
2026-08-14T10:30:52Z,2026-08-14,12,30,Disneyland Park,Star Wars Hyperspace Mountain,8,OPERATING,STANDBY,30,,,queue-times.com
2026-08-14T10:30:52Z,2026-08-14,12,30,Disneyland Park,Star Wars Hyperspace Mountain Single Rider,7278,OPERATING,STANDBY,25,,,queue-times.com
2026-08-14T10:30:52Z,2026-08-14,12,30,Disneyland Park,Welcome to Starport: A Star Wars Encounter,4573,OPERATING,STANDBY,20,,,queue-times.com
2026-08-14T10:30:52Z,2026-08-14,12,30,Disneyland Park,"""it's a small world""",19,OPERATING,STANDBY,10,,,queue-times.com
2026-08-14T10:30:52Z,2026-08-14,12,30,Disneyland Park,Alice's Curious Labyrinth,14,OPERATING,STANDBY,5,,,queue-times.com
2026-08-14T10:30:52Z,2026-08-14,12,30,Disneyland Park,Blanche-Neige et les Sept Nains®,15,OPERATING,STANDBY,20,,,queue-times.com
2026-08-14T10:30:52Z,2026-08-14,12,30,Disneyland Park,Casey Jr. – le Petit Train du Cirque,17,OPERATING,STANDBY,10,,,queue-times.com
2026-08-14T10:30:52Z,2026-08-14,12,30,Disneyland Park,Disneyland Railroad Fantasyland Station,2711,CLOSED,STANDBY,0,,,queue-times.com
2026-08-14T10:30:52Z,2026-08-14,12,30,Disneyland Park,Disneyland Railroad Main Street Station,11,CLOSED,STANDBY,0,,,queue-times.com
2026-08-14T10:30:52Z,2026-08-14,12,30,Disneyland Park,Dumbo the Flying Elephant,18,CLOSED,STANDBY,0,,,queue-times.com
2026-08-14T10:30:52Z,2026-08-14,12,30,Disneyland Park,La Tanière du Dragon,2710,OPERATING,STANDBY,0,,,queue-times.com
2026-08-14T10:30:52Z,2026-08-14,12,30,Disneyland Park,Le Carrousel de Lancelot,16,OPERATING,STANDBY,10,,,queue-times.com
2026-08-14T10:30:52Z,2026-08-14,12,30,Disneyland Park,"Le Pays des Contes de Fées, presented by Vittel",21,CLOSED,STANDBY,0,,,queue-times.com
2026-08-14T10:30:52Z,2026-08-14,12,30,Disneyland Park,Les Voyages de Pinocchio,23,OPERATING,STANDBY,20,,,queue-times.com
2026-08-14T10:30:52Z,2026-08-14,12,30,Disneyland Park,Mad Hatter's Tea Cups,20,OPERATING,STANDBY,5,,,queue-times.com
2026-08-14T10:30:52Z,2026-08-14,12,30,Disneyland Park,Meet Mickey Mouse,13,OPERATING,STANDBY,0,,,queue-times.com
2026-08-14T10:30:52Z,2026-08-14,12,30,Disneyland Park,Peter Pan's Flight,22,OPERATING,STANDBY,55,,,queue-times.com
2026-08-14T10:30:52Z,2026-08-14,12,30,Disneyland Park,Princess Pavilion,24,OPERATING,STANDBY,0,,,queue-times.com
2026-08-14T10:30:52Z,2026-08-14,12,30,Disneyland Park,Big Thunder Mountain,25,OPERATING,STANDBY,70,,,queue-times.com
2026-08-14T10:30:52Z,2026-08-14,12,30,Disneyland Park,Disneyland Railroad Frontierland Depot,2714,CLOSED,STANDBY,0,,,queue-times.com
2026-08-14T10:30:52Z,2026-08-14,12,30,Disneyland Park,Frontierland Playground,2713,OPERATING,STANDBY,0,,,queue-times.com
2026-08-14T10:30:52Z,2026-08-14,12,30,Disneyland Park,Phantom Manor,26,OPERATING,STANDBY,15,,,queue-times.com
2026-08-14T10:30:52Z,2026-08-14,12,30,Disneyland Park,River Rogue Keelboats,27,CLOSED,STANDBY,0,,,queue-times.com
2026-08-14T10:30:52Z,2026-08-14,12,30,Disneyland Park,Rustler Roundup Shootin' Gallery,2712,OPERATING,STANDBY,0,,,queue-times.com
2026-08-14T10:30:52Z,2026-08-14,12,30,Disneyland Park,Thunder Mesa Riverboat Landing,28,CLOSED,STANDBY,0,,,queue-times.com
2026-08-14T10:30:52Z,2026-08-14,12,30,Disneyland Park,Disneyland Railroad Main Street Station,2708,CLOSED,STANDBY,0,,,queue-times.com
2026-08-14T10:30:52Z,2026-08-14,12,30,Disneyland Park,Main Street Vehicles,12,OPERATING,STANDBY,5,,,queue-times.com
2026-08-14T10:30:52Z,2026-08-14,12,30,Disney Adventure World,Avengers Assemble: Flight Force,10848,OPERATING,STANDBY,30,,,queue-times.com
2026-08-14T10:30:52Z,2026-08-14,12,30,Disney Adventure World,Avengers Assemble: Flight Force Single Rider,10849,OPERATING,STANDBY,15,,,queue-times.com
2026-08-14T10:30:52Z,2026-08-14,12,30,Disney Adventure World,Spider-Man W.E.B. Adventure,10845,OPERATING,STANDBY,65,,,queue-times.com
2026-08-14T10:30:52Z,2026-08-14,12,30,Disney Adventure World,Spider-Man W.E.B. Adventure Single Rider,10846,OPERATING,STANDBY,5,,,queue-times.com
2026-08-14T10:30:52Z,2026-08-14,12,30,Disney Adventure World,The Twilight Zone Tower of Terror,40,OPERATING,STANDBY,55,,,queue-times.com
2026-08-14T10:30:52Z,2026-08-14,12,30,Disney Adventure World,Cars Quatre Roues Rallye,31,OPERATING,STANDBY,15,,,queue-times.com
2026-08-14T10:30:52Z,2026-08-14,12,30,Disney Adventure World,Cars ROAD TRIP,29,OPERATING,STANDBY,5,,,queue-times.com
2026-08-14T10:30:52Z,2026-08-14,12,30,Disney Adventure World,Crush's Coaster,32,OPERATING,STANDBY,70,,,queue-times.com
2026-08-14T10:30:52Z,2026-08-14,12,30,Disney Adventure World,Crush's Coaster Single Rider,7277,OPERATING,STANDBY,45,,,queue-times.com
2026-08-14T10:30:52Z,2026-08-14,12,30,Disney Adventure World,Les Tapis Volants - Flying Carpets Over Agrabah®,33,CLOSED,STANDBY,0,,,queue-times.com
2026-08-14T10:30:52Z,2026-08-14,12,30,Disney Adventure World,Ratatouille : L’Aventure Totalement Toquée de Rémy​,37,OPERATING,STANDBY,50,,,queue-times.com
2026-08-14T10:30:52Z,2026-08-14,12,30,Disney Adventure World,Ratatouille: The Adventure Single Rider,7279,OPERATING,STANDBY,25,,,queue-times.com
2026-08-14T10:30:52Z,2026-08-14,12,30,Disney Adventure World,RC Racer,34,OPERATING,STANDBY,45,,,queue-times.com
2026-08-14T10:30:52Z,2026-08-14,12,30,Disney Adventure World,RC Racer Single Rider,7280,OPERATING,STANDBY,35,,,queue-times.com
2026-08-14T10:30:52Z,2026-08-14,12,30,Disney Adventure World,Slinky® Dog Zigzag Spin,36,CLOSED,STANDBY,0,,,queue-times.com
2026-08-14T10:30:52Z,2026-08-14,12,30,Disney Adventure World,Toy Soldiers Parachute Drop,35,OPERATING,STANDBY,40,,,queue-times.com
2026-08-14T10:30:52Z,2026-08-14,12,30,Disney Adventure World,Toy Soldiers Parachute Drop Single Rider,7281,OPERATING,STANDBY,25,,,queue-times.com
2026-08-14T10:30:52Z,2026-08-14,12,30,Disney Adventure World,Entry to World of Frozen,16247,OPERATING,STANDBY,0,,,queue-times.com
2026-08-14T10:30:52Z,2026-08-14,12,30,Disney Adventure World,Frozen Ever After,15413,OPERATING,STANDBY,60,,,queue-times.com
2026-08-14T10:30:52Z,2026-08-14,12,30,Disney Adventure World,Raiponce Tangled Spin,15415,OPERATING,STANDBY,15,,,queue-times.com
2026-08-14T10:45:38Z,2026-08-14,12,45,Disneyland Park,Adventure Isle,2702,OPERATING,STANDBY,0,,,queue-times.com
2026-08-14T10:45:38Z,2026-08-14,12,45,Disneyland Park,Indiana Jones and the Temple of Peril Single Rider,7306,OPERATING,STANDBY,5,,,queue-times.com
2026-08-14T10:45:38Z,2026-08-14,12,45,Disneyland Park,Indiana Jones™ and the Temple of Peril,2,OPERATING,STANDBY,15,,,queue-times.com
2026-08-14T10:45:38Z,2026-08-14,12,45,Disneyland Park,La Cabane des Robinson,1,OPERATING,STANDBY,5,,,queue-times.com
2026-08-14T10:45:38Z,2026-08-14,12,45,Disneyland Park,Le Passage Enchanté d'Aladdin,2703,OPERATING,STANDBY,0,,,queue-times.com
2026-08-14T10:45:38Z,2026-08-14,12,45,Disneyland Park,Pirate Galleon,2705,CLOSED,STANDBY,0,,,queue-times.com
2026-08-14T10:45:38Z,2026-08-14,12,45,Disneyland Park,Pirates of the Caribbean,3,OPERATING,STANDBY,30,,,queue-times.com
2026-08-14T10:45:38Z,2026-08-14,12,45,Disneyland Park,Pirates' Beach,2704,OPERATING,STANDBY,0,,,queue-times.com
2026-08-14T10:45:38Z,2026-08-14,12,45,Disneyland Park,"Autopia, presented by Avis",4,CLOSED,STANDBY,0,,,queue-times.com
2026-08-14T10:45:38Z,2026-08-14,12,45,Disneyland Park,Buzz Lightyear Laser Blast,5,OPERATING,STANDBY,45,,,queue-times.com
2026-08-14T10:45:38Z,2026-08-14,12,45,Disneyland Park,Disneyland Railroad Discoveryland Station,2706,CLOSED,STANDBY,0,,,queue-times.com
2026-08-14T10:45:38Z,2026-08-14,12,45,Disneyland Park,Les Mystères du Nautilus,6,OPERATING,STANDBY,5,,,queue-times.com
2026-08-14T10:45:38Z,2026-08-14,12,45,Disneyland Park,Mickey’s PhilharMagic,2707,OPERATING,STANDBY,0,,,queue-times.com
2026-08-14T10:45:38Z,2026-08-14,12,45,Disneyland Park,Orbitron®,7,CLOSED,STANDBY,0,,,queue-times.com
2026-08-14T10:45:38Z,2026-08-14,12,45,Disneyland Park,Star Tours: The Adventures Continue*,9,OPERATING,STANDBY,10,,,queue-times.com
2026-08-14T10:45:38Z,2026-08-14,12,45,Disneyland Park,Star Wars Hyperspace Mountain,8,OPERATING,STANDBY,30,,,queue-times.com
2026-08-14T10:45:38Z,2026-08-14,12,45,Disneyland Park,Star Wars Hyperspace Mountain Single Rider,7278,OPERATING,STANDBY,25,,,queue-times.com
2026-08-14T10:45:38Z,2026-08-14,12,45,Disneyland Park,Welcome to Starport: A Star Wars Encounter,4573,OPERATING,STANDBY,10,,,queue-times.com
2026-08-14T10:45:38Z,2026-08-14,12,45,Disneyland Park,"""it's a small world""",19,OPERATING,STANDBY,15,,,queue-times.com
2026-08-14T10:45:38Z,2026-08-14,12,45,Disneyland Park,Alice's Curious Labyrinth,14,OPERATING,STANDBY,5,,,queue-times.com
2026-08-14T10:45:38Z,2026-08-14,12,45,Disneyland Park,Blanche-Neige et les Sept Nains®,15,OPERATING,STANDBY,20,,,queue-times.com
2026-08-14T10:45:38Z,2026-08-14,12,45,Disneyland Park,Casey Jr. – le Petit Train du Cirque,17,OPERATING,STANDBY,10,,,queue-times.com
2026-08-14T10:45:38Z,2026-08-14,12,45,Disneyland Park,Disneyland Railroad Fantasyland Station,2711,CLOSED,STANDBY,0,,,queue-times.com
2026-08-14T10:45:38Z,2026-08-14,12,45,Disneyland Park,Disneyland Railroad Main Street Station,11,CLOSED,STANDBY,0,,,queue-times.com
2026-08-14T10:45:38Z,2026-08-14,12,45,Disneyland Park,Dumbo the Flying Elephant,18,CLOSED,STANDBY,0,,,queue-times.com
2026-08-14T10:45:38Z,2026-08-14,12,45,Disneyland Park,La Tanière du Dragon,2710,OPERATING,STANDBY,0,,,queue-times.com
2026-08-14T10:45:38Z,2026-08-14,12,45,Disneyland Park,Le Carrousel de Lancelot,16,OPERATING,STANDBY,10,,,queue-times.com
2026-08-14T10:45:38Z,2026-08-14,12,45,Disneyland Park,"Le Pays des Contes de Fées, presented by Vittel",21,CLOSED,STANDBY,0,,,queue-times.com
2026-08-14T10:45:38Z,2026-08-14,12,45,Disneyland Park,Les Voyages de Pinocchio,23,OPERATING,STANDBY,20,,,queue-times.com
2026-08-14T10:45:38Z,2026-08-14,12,45,Disneyland Park,Mad Hatter's Tea Cups,20,CLOSED,STANDBY,0,,,queue-times.com
2026-08-14T10:45:38Z,2026-08-14,12,45,Disneyland Park,Meet Mickey Mouse,13,OPERATING,STANDBY,0,,,queue-times.com
2026-08-14T10:45:38Z,2026-08-14,12,45,Disneyland Park,Peter Pan's Flight,22,OPERATING,STANDBY,50,,,queue-times.com
2026-08-14T10:45:38Z,2026-08-14,12,45,Disneyland Park,Princess Pavilion,24,OPERATING,STANDBY,0,,,queue-times.com
2026-08-14T10:45:38Z,2026-08-14,12,45,Disneyland Park,Big Thunder Mountain,25,OPERATING,STANDBY,70,,,queue-times.com
2026-08-14T10:45:38Z,2026-08-14,12,45,Disneyland Park,Disneyland Railroad Frontierland Depot,2714,CLOSED,STANDBY,0,,,queue-times.com
2026-08-14T10:45:38Z,2026-08-14,12,45,Disneyland Park,Frontierland Playground,2713,OPERATING,STANDBY,0,,,queue-times.com
2026-08-14T10:45:38Z,2026-08-14,12,45,Disneyland Park,Phantom Manor,26,OPERATING,STANDBY,20,,,queue-times.com
2026-08-14T10:45:38Z,2026-08-14,12,45,Disneyland Park,River Rogue Keelboats,27,CLOSED,STANDBY,0,,,queue-times.com
2026-08-14T10:45:38Z,2026-08-14,12,45,Disneyland Park,Rustler Roundup Shootin' Gallery,2712,OPERATING,STANDBY,0,,,queue-times.com
2026-08-14T10:45:38Z,2026-08-14,12,45,Disneyland Park,Thunder Mesa Riverboat Landing,28,CLOSED,STANDBY,0,,,queue-times.com
2026-08-14T10:45:38Z,2026-08-14,12,45,Disneyland Park,Disneyland Railroad Main Street Station,2708,CLOSED,STANDBY,0,,,queue-times.com
2026-08-14T10:45:38Z,2026-08-14,12,45,Disneyland Park,Main Street Vehicles,12,OPERATING,STANDBY,5,,,queue-times.com
2026-08-14T10:45:38Z,2026-08-14,12,45,Disney Adventure World,Avengers Assemble: Flight Force,10848,OPERATING,STANDBY,20,,,queue-times.com
2026-08-14T10:45:38Z,2026-08-14,12,45,Disney Adventure World,Avengers Assemble: Flight Force Single Rider,10849,OPERATING,STANDBY,15,,,queue-times.com
2026-08-14T10:45:38Z,2026-08-14,12,45,Disney Adventure World,Spider-Man W.E.B. Adventure,10845,OPERATING,STANDBY,50,,,queue-times.com
2026-08-14T10:45:38Z,2026-08-14,12,45,Disney Adventure World,Spider-Man W.E.B. Adventure Single Rider,10846,OPERATING,STANDBY,20,,,queue-times.com
2026-08-14T10:45:38Z,2026-08-14,12,45,Disney Adventure World,The Twilight Zone Tower of Terror,40,OPERATING,STANDBY,40,,,queue-times.com
2026-08-14T10:45:38Z,2026-08-14,12,45,Disney Adventure World,Cars Quatre Roues Rallye,31,OPERATING,STANDBY,15,,,queue-times.com
2026-08-14T10:45:38Z,2026-08-14,12,45,Disney Adventure World,Cars ROAD TRIP,29,OPERATING,STANDBY,10,,,queue-times.com
2026-08-14T10:45:38Z,2026-08-14,12,45,Disney Adventure World,Crush's Coaster,32,OPERATING,STANDBY,70,,,queue-times.com
2026-08-14T10:45:38Z,2026-08-14,12,45,Disney Adventure World,Crush's Coaster Single Rider,7277,OPERATING,STANDBY,60,,,queue-times.com
2026-08-14T10:45:38Z,2026-08-14,12,45,Disney Adventure World,Les Tapis Volants - Flying Carpets Over Agrabah®,33,CLOSED,STANDBY,0,,,queue-times.com
2026-08-14T10:45:38Z,2026-08-14,12,45,Disney Adventure World,Ratatouille : L’Aventure Totalement Toquée de Rémy​,37,OPERATING,STANDBY,50,,,queue-times.com
2026-08-14T10:45:38Z,2026-08-14,12,45,Disney Adventure World,Ratatouille: The Adventure Single Rider,7279,OPERATING,STANDBY,25,,,queue-times.com
2026-08-14T10:45:38Z,2026-08-14,12,45,Disney Adventure World,RC Racer,34,OPERATING,STANDBY,50,,,queue-times.com
2026-08-14T10:45:38Z,2026-08-14,12,45,Disney Adventure World,RC Racer Single Rider,7280,OPERATING,STANDBY,45,,,queue-times.com
2026-08-14T10:45:38Z,2026-08-14,12,45,Disney Adventure World,Slinky® Dog Zigzag Spin,36,CLOSED,STANDBY,0,,,queue-times.com
2026-08-14T10:45:38Z,2026-08-14,12,45,Disney Adventure World,Toy Soldiers Parachute Drop,35,OPERATING,STANDBY,35,,,queue-times.com
2026-08-14T10:45:38Z,2026-08-14,12,45,Disney Adventure World,Toy Soldiers Parachute Drop Single Rider,7281,OPERATING,STANDBY,20,,,queue-times.com
2026-08-14T10:45:38Z,2026-08-14,12,45,Disney Adventure World,Entry to World of Frozen,16247,OPERATING,STANDBY,0,,,queue-times.com
2026-08-14T10:45:38Z,2026-08-14,12,45,Disney Adventure World,Frozen Ever After,15413,OPERATING,STANDBY,60,,,queue-times.com
2026-08-14T10:45:38Z,2026-08-14,12,45,Disney Adventure World,Raiponce Tangled Spin,15415,OPERATING,STANDBY,10,,,queue-times.com
2026-08-14T10:46:16Z,2026-08-14,12,46,Disneyland Park,Adventure Isle,2702,OPERATING,STANDBY,0,,,queue-times.com
2026-08-14T10:46:16Z,2026-08-14,12,46,Disneyland Park,Indiana Jones and the Temple of Peril Single Rider,7306,OPERATING,STANDBY,5,,,queue-times.com
2026-08-14T10:46:16Z,2026-08-14,12,46,Disneyland Park,Indiana Jones™ and the Temple of Peril,2,OPERATING,STANDBY,15,,,queue-times.com
2026-08-14T10:46:16Z,2026-08-14,12,46,Disneyland Park,La Cabane des Robinson,1,OPERATING,STANDBY,5,,,queue-times.com
2026-08-14T10:46:16Z,2026-08-14,12,46,Disneyland Park,Le Passage Enchanté d'Aladdin,2703,OPERATING,STANDBY,0,,,queue-times.com
2026-08-14T10:46:16Z,2026-08-14,12,46,Disneyland Park,Pirate Galleon,2705,CLOSED,STANDBY,0,,,queue-times.com
2026-08-14T10:46:16Z,2026-08-14,12,46,Disneyland Park,Pirates of the Caribbean,3,OPERATING,STANDBY,30,,,queue-times.com
2026-08-14T10:46:16Z,2026-08-14,12,46,Disneyland Park,Pirates' Beach,2704,OPERATING,STANDBY,0,,,queue-times.com
2026-08-14T10:46:16Z,2026-08-14,12,46,Disneyland Park,"Autopia, presented by Avis",4,CLOSED,STANDBY,0,,,queue-times.com
2026-08-14T10:46:16Z,2026-08-14,12,46,Disneyland Park,Buzz Lightyear Laser Blast,5,OPERATING,STANDBY,45,,,queue-times.com
2026-08-14T10:46:16Z,2026-08-14,12,46,Disneyland Park,Disneyland Railroad Discoveryland Station,2706,CLOSED,STANDBY,0,,,queue-times.com
2026-08-14T10:46:16Z,2026-08-14,12,46,Disneyland Park,Les Mystères du Nautilus,6,OPERATING,STANDBY,5,,,queue-times.com
2026-08-14T10:46:16Z,2026-08-14,12,46,Disneyland Park,Mickey’s PhilharMagic,2707,OPERATING,STANDBY,0,,,queue-times.com
2026-08-14T10:46:16Z,2026-08-14,12,46,Disneyland Park,Orbitron®,7,CLOSED,STANDBY,0,,,queue-times.com
2026-08-14T10:46:16Z,2026-08-14,12,46,Disneyland Park,Star Tours: The Adventures Continue*,9,OPERATING,STANDBY,10,,,queue-times.com
2026-08-14T10:46:16Z,2026-08-14,12,46,Disneyland Park,Star Wars Hyperspace Mountain,8,OPERATING,STANDBY,30,,,queue-times.com
2026-08-14T10:46:16Z,2026-08-14,12,46,Disneyland Park,Star Wars Hyperspace Mountain Single Rider,7278,OPERATING,STANDBY,25,,,queue-times.com
2026-08-14T10:46:16Z,2026-08-14,12,46,Disneyland Park,Welcome to Starport: A Star Wars Encounter,4573,OPERATING,STANDBY,10,,,queue-times.com
2026-08-14T10:46:16Z,2026-08-14,12,46,Disneyland Park,"""it's a small world""",19,OPERATING,STANDBY,20,,,queue-times.com
2026-08-14T10:46:16Z,2026-08-14,12,46,Disneyland Park,Alice's Curious Labyrinth,14,OPERATING,STANDBY,5,,,queue-times.com
2026-08-14T10:46:16Z,2026-08-14,12,46,Disneyland Park,Blanche-Neige et les Sept Nains®,15,OPERATING,STANDBY,20,,,queue-times.com
2026-08-14T10:46:16Z,2026-08-14,12,46,Disneyland Park,Casey Jr. – le Petit Train du Cirque,17,OPERATING,STANDBY,10,,,queue-times.com
2026-08-14T10:46:16Z,2026-08-14,12,46,Disneyland Park,Disneyland Railroad Fantasyland Station,2711,CLOSED,STANDBY,0,,,queue-times.com
2026-08-14T10:46:16Z,2026-08-14,12,46,Disneyland Park,Disneyland Railroad Main Street Station,11,CLOSED,STANDBY,0,,,queue-times.com
2026-08-14T10:46:16Z,2026-08-14,12,46,Disneyland Park,Dumbo the Flying Elephant,18,CLOSED,STANDBY,0,,,queue-times.com
2026-08-14T10:46:16Z,2026-08-14,12,46,Disneyland Park,La Tanière du Dragon,2710,OPERATING,STANDBY,0,,,queue-times.com
2026-08-14T10:46:16Z,2026-08-14,12,46,Disneyland Park,Le Carrousel de Lancelot,16,OPERATING,STANDBY,10,,,queue-times.com
2026-08-14T10:46:16Z,2026-08-14,12,46,Disneyland Park,"Le Pays des Contes de Fées, presented by Vittel",21,CLOSED,STANDBY,0,,,queue-times.com
2026-08-14T10:46:16Z,2026-08-14,12,46,Disneyland Park,Les Voyages de Pinocchio,23,OPERATING,STANDBY,20,,,queue-times.com
2026-08-14T10:46:16Z,2026-08-14,12,46,Disneyland Park,Mad Hatter's Tea Cups,20,CLOSED,STANDBY,0,,,queue-times.com
2026-08-14T10:46:16Z,2026-08-14,12,46,Disneyland Park,Meet Mickey Mouse,13,OPERATING,STANDBY,0,,,queue-times.com
2026-08-14T10:46:16Z,2026-08-14,12,46,Disneyland Park,Peter Pan's Flight,22,OPERATING,STANDBY,65,,,queue-times.com
2026-08-14T10:46:16Z,2026-08-14,12,46,Disneyland Park,Princess Pavilion,24,OPERATING,STANDBY,0,,,queue-times.com
2026-08-14T10:46:16Z,2026-08-14,12,46,Disneyland Park,Big Thunder Mountain,25,OPERATING,STANDBY,70,,,queue-times.com
2026-08-14T10:46:16Z,2026-08-14,12,46,Disneyland Park,Disneyland Railroad Frontierland Depot,2714,CLOSED,STANDBY,0,,,queue-times.com
2026-08-14T10:46:16Z,2026-08-14,12,46,Disneyland Park,Frontierland Playground,2713,OPERATING,STANDBY,0,,,queue-times.com
2026-08-14T10:46:16Z,2026-08-14,12,46,Disneyland Park,Phantom Manor,26,OPERATING,STANDBY,20,,,queue-times.com
2026-08-14T10:46:16Z,2026-08-14,12,46,Disneyland Park,River Rogue Keelboats,27,CLOSED,STANDBY,0,,,queue-times.com
2026-08-14T10:46:16Z,2026-08-14,12,46,Disneyland Park,Rustler Roundup Shootin' Gallery,2712,OPERATING,STANDBY,0,,,queue-times.com
2026-08-14T10:46:16Z,2026-08-14,12,46,Disneyland Park,Thunder Mesa Riverboat Landing,28,CLOSED,STANDBY,0,,,queue-times.com
2026-08-14T10:46:16Z,2026-08-14,12,46,Disneyland Park,Disneyland Railroad Main Street Station,2708,CLOSED,STANDBY,0,,,queue-times.com
2026-08-14T10:46:16Z,2026-08-14,12,46,Disneyland Park,Main Street Vehicles,12,OPERATING,STANDBY,5,,,queue-times.com
2026-08-14T10:46:16Z,2026-08-14,12,46,Disney Adventure World,Avengers Assemble: Flight Force,10848,OPERATING,STANDBY,25,,,queue-times.com
2026-08-14T10:46:16Z,2026-08-14,12,46,Disney Adventure World,Avengers Assemble: Flight Force Single Rider,10849,OPERATING,STANDBY,20,,,queue-times.com
2026-08-14T10:46:16Z,2026-08-14,12,46,Disney Adventure World,Spider-Man W.E.B. Adventure,10845,OPERATING,STANDBY,50,,,queue-times.com
2026-08-14T10:46:16Z,2026-08-14,12,46,Disney Adventure World,Spider-Man W.E.B. Adventure Single Rider,10846,OPERATING,STANDBY,20,,,queue-times.com
2026-08-14T10:46:16Z,2026-08-14,12,46,Disney Adventure World,The Twilight Zone Tower of Terror,40,OPERATING,STANDBY,45,,,queue-times.com
2026-08-14T10:46:16Z,2026-08-14,12,46,Disney Adventure World,Cars Quatre Roues Rallye,31,OPERATING,STANDBY,15,,,queue-times.com
2026-08-14T10:46:16Z,2026-08-14,12,46,Disney Adventure World,Cars ROAD TRIP,29,OPERATING,STANDBY,10,,,queue-times.com
2026-08-14T10:46:16Z,2026-08-14,12,46,Disney Adventure World,Crush's Coaster,32,OPERATING,STANDBY,70,,,queue-times.com
2026-08-14T10:46:16Z,2026-08-14,12,46,Disney Adventure World,Crush's Coaster Single Rider,7277,OPERATING,STANDBY,60,,,queue-times.com
2026-08-14T10:46:16Z,2026-08-14,12,46,Disney Adventure World,Les Tapis Volants - Flying Carpets Over Agrabah®,33,CLOSED,STANDBY,0,,,queue-times.com
2026-08-14T10:46:16Z,2026-08-14,12,46,Disney Adventure World,Ratatouille : L’Aventure Totalement Toquée de Rémy​,37,OPERATING,STANDBY,50,,,queue-times.com
2026-08-14T10:46:16Z,2026-08-14,12,46,Disney Adventure World,Ratatouille: The Adventure Single Rider,7279,OPERATING,STANDBY,20,,,queue-times.com
2026-08-14T10:46:16Z,2026-08-14,12,46,Disney Adventure World,RC Racer,34,OPERATING,STANDBY,50,,,queue-times.com
2026-08-14T10:46:16Z,2026-08-14,12,46,Disney Adventure World,RC Racer Single Rider,7280,OPERATING,STANDBY,45,,,queue-times.com
2026-08-14T10:46:16Z,2026-08-14,12,46,Disney Adventure World,Slinky® Dog Zigzag Spin,36,CLOSED,STANDBY,0,,,queue-times.com
2026-08-14T10:46:16Z,2026-08-14,12,46,Disney Adventure World,Toy Soldiers Parachute Drop,35,OPERATING,STANDBY,35,,,queue-times.com
2026-08-14T10:46:16Z,2026-08-14,12,46,Disney Adventure World,Toy Soldiers Parachute Drop Single Rider,7281,OPERATING,STANDBY,20,,,queue-times.com
2026-08-14T10:46:16Z,2026-08-14,12,46,Disney Adventure World,Entry to World of Frozen,16247,OPERATING,STANDBY,0,,,queue-times.com
2026-08-14T10:46:16Z,2026-08-14,12,46,Disney Adventure World,Frozen Ever After,15413,OPERATING,STANDBY,60,,,queue-times.com
2026-08-14T10:46:16Z,2026-08-14,12,46,Disney Adventure World,Raiponce Tangled Spin,15415,OPERATING,STANDBY,10,,,queue-times.com
2026-08-14T11:01:08Z,2026-08-14,13,1,Disneyland Park,Adventure Isle,2702,OPERATING,STANDBY,0,,,queue-times.com
2026-08-14T11:01:08Z,2026-08-14,13,1,Disneyland Park,Indiana Jones and the Temple of Peril Single Rider,7306,OPERATING,STANDBY,5,,,queue-times.com
2026-08-14T11:01:08Z,2026-08-14,13,1,Disneyland Park,Indiana Jones™ and the Temple of Peril,2,OPERATING,STANDBY,15,,,queue-times.com
2026-08-14T11:01:08Z,2026-08-14,13,1,Disneyland Park,La Cabane des Robinson,1,OPERATING,STANDBY,5,,,queue-times.com
2026-08-14T11:01:08Z,2026-08-14,13,1,Disneyland Park,Le Passage Enchanté d'Aladdin,2703,OPERATING,STANDBY,0,,,queue-times.com
2026-08-14T11:01:08Z,2026-08-14,13,1,Disneyland Park,Pirate Galleon,2705,CLOSED,STANDBY,0,,,queue-times.com
2026-08-14T11:01:08Z,2026-08-14,13,1,Disneyland Park,Pirates of the Caribbean,3,OPERATING,STANDBY,30,,,queue-times.com
2026-08-14T11:01:08Z,2026-08-14,13,1,Disneyland Park,Pirates' Beach,2704,OPERATING,STANDBY,0,,,queue-times.com
2026-08-14T11:01:08Z,2026-08-14,13,1,Disneyland Park,"Autopia, presented by Avis",4,CLOSED,STANDBY,0,,,queue-times.com
2026-08-14T11:01:08Z,2026-08-14,13,1,Disneyland Park,Buzz Lightyear Laser Blast,5,OPERATING,STANDBY,45,,,queue-times.com
2026-08-14T11:01:08Z,2026-08-14,13,1,Disneyland Park,Disneyland Railroad Discoveryland Station,2706,CLOSED,STANDBY,0,,,queue-times.com
2026-08-14T11:01:08Z,2026-08-14,13,1,Disneyland Park,Les Mystères du Nautilus,6,OPERATING,STANDBY,5,,,queue-times.com
2026-08-14T11:01:08Z,2026-08-14,13,1,Disneyland Park,Mickey’s PhilharMagic,2707,OPERATING,STANDBY,0,,,queue-times.com
2026-08-14T11:01:08Z,2026-08-14,13,1,Disneyland Park,Orbitron®,7,CLOSED,STANDBY,0,,,queue-times.com
2026-08-14T11:01:08Z,2026-08-14,13,1,Disneyland Park,Star Tours: The Adventures Continue*,9,OPERATING,STANDBY,10,,,queue-times.com
2026-08-14T11:01:08Z,2026-08-14,13,1,Disneyland Park,Star Wars Hyperspace Mountain,8,OPERATING,STANDBY,30,,,queue-times.com
2026-08-14T11:01:08Z,2026-08-14,13,1,Disneyland Park,Star Wars Hyperspace Mountain Single Rider,7278,OPERATING,STANDBY,25,,,queue-times.com
2026-08-14T11:01:08Z,2026-08-14,13,1,Disneyland Park,Welcome to Starport: A Star Wars Encounter,4573,OPERATING,STANDBY,10,,,queue-times.com
2026-08-14T11:01:08Z,2026-08-14,13,1,Disneyland Park,"""it's a small world""",19,OPERATING,STANDBY,20,,,queue-times.com
2026-08-14T11:01:08Z,2026-08-14,13,1,Disneyland Park,Alice's Curious Labyrinth,14,OPERATING,STANDBY,5,,,queue-times.com
2026-08-14T11:01:08Z,2026-08-14,13,1,Disneyland Park,Blanche-Neige et les Sept Nains®,15,OPERATING,STANDBY,15,,,queue-times.com
2026-08-14T11:01:08Z,2026-08-14,13,1,Disneyland Park,Casey Jr. – le Petit Train du Cirque,17,CLOSED,STANDBY,0,,,queue-times.com
2026-08-14T11:01:08Z,2026-08-14,13,1,Disneyland Park,Disneyland Railroad Fantasyland Station,2711,CLOSED,STANDBY,0,,,queue-times.com
2026-08-14T11:01:08Z,2026-08-14,13,1,Disneyland Park,Disneyland Railroad Main Street Station,11,CLOSED,STANDBY,0,,,queue-times.com
2026-08-14T11:01:08Z,2026-08-14,13,1,Disneyland Park,Dumbo the Flying Elephant,18,CLOSED,STANDBY,0,,,queue-times.com
2026-08-14T11:01:08Z,2026-08-14,13,1,Disneyland Park,La Tanière du Dragon,2710,OPERATING,STANDBY,0,,,queue-times.com
2026-08-14T11:01:08Z,2026-08-14,13,1,Disneyland Park,Le Carrousel de Lancelot,16,OPERATING,STANDBY,10,,,queue-times.com
2026-08-14T11:01:08Z,2026-08-14,13,1,Disneyland Park,"Le Pays des Contes de Fées, presented by Vittel",21,CLOSED,STANDBY,0,,,queue-times.com
2026-08-14T11:01:08Z,2026-08-14,13,1,Disneyland Park,Les Voyages de Pinocchio,23,OPERATING,STANDBY,25,,,queue-times.com
2026-08-14T11:01:08Z,2026-08-14,13,1,Disneyland Park,Mad Hatter's Tea Cups,20,CLOSED,STANDBY,0,,,queue-times.com
2026-08-14T11:01:08Z,2026-08-14,13,1,Disneyland Park,Meet Mickey Mouse,13,OPERATING,STANDBY,0,,,queue-times.com
2026-08-14T11:01:08Z,2026-08-14,13,1,Disneyland Park,Peter Pan's Flight,22,OPERATING,STANDBY,75,,,queue-times.com
2026-08-14T11:01:08Z,2026-08-14,13,1,Disneyland Park,Princess Pavilion,24,OPERATING,STANDBY,0,,,queue-times.com
2026-08-14T11:01:08Z,2026-08-14,13,1,Disneyland Park,Big Thunder Mountain,25,CLOSED,STANDBY,0,,,queue-times.com
2026-08-14T11:01:08Z,2026-08-14,13,1,Disneyland Park,Disneyland Railroad Frontierland Depot,2714,CLOSED,STANDBY,0,,,queue-times.com
2026-08-14T11:01:08Z,2026-08-14,13,1,Disneyland Park,Frontierland Playground,2713,OPERATING,STANDBY,0,,,queue-times.com
2026-08-14T11:01:08Z,2026-08-14,13,1,Disneyland Park,Phantom Manor,26,OPERATING,STANDBY,15,,,queue-times.com
2026-08-14T11:01:08Z,2026-08-14,13,1,Disneyland Park,River Rogue Keelboats,27,CLOSED,STANDBY,0,,,queue-times.com
2026-08-14T11:01:08Z,2026-08-14,13,1,Disneyland Park,Rustler Roundup Shootin' Gallery,2712,OPERATING,STANDBY,0,,,queue-times.com
2026-08-14T11:01:08Z,2026-08-14,13,1,Disneyland Park,Thunder Mesa Riverboat Landing,28,CLOSED,STANDBY,0,,,queue-times.com
2026-08-14T11:01:08Z,2026-08-14,13,1,Disneyland Park,Disneyland Railroad Main Street Station,2708,CLOSED,STANDBY,0,,,queue-times.com
2026-08-14T11:01:08Z,2026-08-14,13,1,Disneyland Park,Main Street Vehicles,12,OPERATING,STANDBY,5,,,queue-times.com
2026-08-14T11:01:08Z,2026-08-14,13,1,Disney Adventure World,Avengers Assemble: Flight Force,10848,OPERATING,STANDBY,15,,,queue-times.com
2026-08-14T11:01:08Z,2026-08-14,13,1,Disney Adventure World,Avengers Assemble: Flight Force Single Rider,10849,OPERATING,STANDBY,10,,,queue-times.com
2026-08-14T11:01:08Z,2026-08-14,13,1,Disney Adventure World,Spider-Man W.E.B. Adventure,10845,OPERATING,STANDBY,45,,,queue-times.com
2026-08-14T11:01:08Z,2026-08-14,13,1,Disney Adventure World,Spider-Man W.E.B. Adventure Single Rider,10846,OPERATING,STANDBY,15,,,queue-times.com
2026-08-14T11:01:08Z,2026-08-14,13,1,Disney Adventure World,The Twilight Zone Tower of Terror,40,OPERATING,STANDBY,55,,,queue-times.com
2026-08-14T11:01:08Z,2026-08-14,13,1,Disney Adventure World,Cars Quatre Roues Rallye,31,OPERATING,STANDBY,20,,,queue-times.com
2026-08-14T11:01:08Z,2026-08-14,13,1,Disney Adventure World,Cars ROAD TRIP,29,OPERATING,STANDBY,5,,,queue-times.com
2026-08-14T11:01:08Z,2026-08-14,13,1,Disney Adventure World,Crush's Coaster,32,OPERATING,STANDBY,70,,,queue-times.com
2026-08-14T11:01:08Z,2026-08-14,13,1,Disney Adventure World,Crush's Coaster Single Rider,7277,OPERATING,STANDBY,35,,,queue-times.com
2026-08-14T11:01:08Z,2026-08-14,13,1,Disney Adventure World,Les Tapis Volants - Flying Carpets Over Agrabah®,33,CLOSED,STANDBY,0,,,queue-times.com
2026-08-14T11:01:08Z,2026-08-14,13,1,Disney Adventure World,Ratatouille : L’Aventure Totalement Toquée de Rémy​,37,OPERATING,STANDBY,65,,,queue-times.com
2026-08-14T11:01:08Z,2026-08-14,13,1,Disney Adventure World,Ratatouille: The Adventure Single Rider,7279,OPERATING,STANDBY,25,,,queue-times.com
2026-08-14T11:01:08Z,2026-08-14,13,1,Disney Adventure World,RC Racer,34,OPERATING,STANDBY,40,,,queue-times.com
2026-08-14T11:01:08Z,2026-08-14,13,1,Disney Adventure World,RC Racer Single Rider,7280,OPERATING,STANDBY,35,,,queue-times.com
2026-08-14T11:01:08Z,2026-08-14,13,1,Disney Adventure World,Slinky® Dog Zigzag Spin,36,CLOSED,STANDBY,0,,,queue-times.com
2026-08-14T11:01:08Z,2026-08-14,13,1,Disney Adventure World,Toy Soldiers Parachute Drop,35,OPERATING,STANDBY,50,,,queue-times.com
2026-08-14T11:01:08Z,2026-08-14,13,1,Disney Adventure World,Toy Soldiers Parachute Drop Single Rider,7281,OPERATING,STANDBY,5,,,queue-times.com
2026-08-14T11:01:08Z,2026-08-14,13,1,Disney Adventure World,Entry to World of Frozen,16247,OPERATING,STANDBY,0,,,queue-times.com
2026-08-14T11:01:08Z,2026-08-14,13,1,Disney Adventure World,Frozen Ever After,15413,OPERATING,STANDBY,60,,,queue-times.com
2026-08-14T11:01:08Z,2026-08-14,13,1,Disney Adventure World,Raiponce Tangled Spin,15415,OPERATING,STANDBY,15,,,queue-times.com
2026-08-14T11:15:39Z,2026-08-14,13,15,Disneyland Park,Adventure Isle,2702,OPERATING,STANDBY,0,,,queue-times.com
2026-08-14T11:15:39Z,2026-08-14,13,15,Disneyland Park,Indiana Jones and the Temple of Peril Single Rider,7306,OPERATING,STANDBY,5,,,queue-times.com
2026-08-14T11:15:39Z,2026-08-14,13,15,Disneyland Park,Indiana Jones™ and the Temple of Peril,2,OPERATING,STANDBY,30,,,queue-times.com
2026-08-14T11:15:39Z,2026-08-14,13,15,Disneyland Park,La Cabane des Robinson,1,OPERATING,STANDBY,5,,,queue-times.com
2026-08-14T11:15:39Z,2026-08-14,13,15,Disneyland Park,Le Passage Enchanté d'Aladdin,2703,OPERATING,STANDBY,0,,,queue-times.com
2026-08-14T11:15:39Z,2026-08-14,13,15,Disneyland Park,Pirate Galleon,2705,CLOSED,STANDBY,0,,,queue-times.com
2026-08-14T11:15:39Z,2026-08-14,13,15,Disneyland Park,Pirates of the Caribbean,3,OPERATING,STANDBY,25,,,queue-times.com
2026-08-14T11:15:39Z,2026-08-14,13,15,Disneyland Park,Pirates' Beach,2704,OPERATING,STANDBY,0,,,queue-times.com
2026-08-14T11:15:39Z,2026-08-14,13,15,Disneyland Park,"Autopia, presented by Avis",4,CLOSED,STANDBY,0,,,queue-times.com
2026-08-14T11:15:39Z,2026-08-14,13,15,Disneyland Park,Buzz Lightyear Laser Blast,5,OPERATING,STANDBY,35,,,queue-times.com
2026-08-14T11:15:39Z,2026-08-14,13,15,Disneyland Park,Disneyland Railroad Discoveryland Station,2706,CLOSED,STANDBY,0,,,queue-times.com
2026-08-14T11:15:39Z,2026-08-14,13,15,Disneyland Park,Les Mystères du Nautilus,6,OPERATING,STANDBY,5,,,queue-times.com
2026-08-14T11:15:39Z,2026-08-14,13,15,Disneyland Park,Mickey’s PhilharMagic,2707,OPERATING,STANDBY,0,,,queue-times.com
2026-08-14T11:15:39Z,2026-08-14,13,15,Disneyland Park,Orbitron®,7,CLOSED,STANDBY,0,,,queue-times.com
2026-08-14T11:15:39Z,2026-08-14,13,15,Disneyland Park,Star Tours: The Adventures Continue*,9,OPERATING,STANDBY,15,,,queue-times.com
2026-08-14T11:15:39Z,2026-08-14,13,15,Disneyland Park,Star Wars Hyperspace Mountain,8,OPERATING,STANDBY,25,,,queue-times.com
2026-08-14T11:15:39Z,2026-08-14,13,15,Disneyland Park,Star Wars Hyperspace Mountain Single Rider,7278,OPERATING,STANDBY,20,,,queue-times.com
2026-08-14T11:15:39Z,2026-08-14,13,15,Disneyland Park,Welcome to Starport: A Star Wars Encounter,4573,OPERATING,STANDBY,25,,,queue-times.com
2026-08-14T11:15:39Z,2026-08-14,13,15,Disneyland Park,"""it's a small world""",19,OPERATING,STANDBY,20,,,queue-times.com
2026-08-14T11:15:39Z,2026-08-14,13,15,Disneyland Park,Alice's Curious Labyrinth,14,OPERATING,STANDBY,5,,,queue-times.com
2026-08-14T11:15:39Z,2026-08-14,13,15,Disneyland Park,Blanche-Neige et les Sept Nains®,15,OPERATING,STANDBY,15,,,queue-times.com
2026-08-14T11:15:39Z,2026-08-14,13,15,Disneyland Park,Casey Jr. – le Petit Train du Cirque,17,CLOSED,STANDBY,0,,,queue-times.com
2026-08-14T11:15:39Z,2026-08-14,13,15,Disneyland Park,Disneyland Railroad Fantasyland Station,2711,CLOSED,STANDBY,0,,,queue-times.com
2026-08-14T11:15:39Z,2026-08-14,13,15,Disneyland Park,Disneyland Railroad Main Street Station,11,CLOSED,STANDBY,0,,,queue-times.com
2026-08-14T11:15:39Z,2026-08-14,13,15,Disneyland Park,Dumbo the Flying Elephant,18,CLOSED,STANDBY,0,,,queue-times.com
2026-08-14T11:15:39Z,2026-08-14,13,15,Disneyland Park,La Tanière du Dragon,2710,OPERATING,STANDBY,0,,,queue-times.com
2026-08-14T11:15:39Z,2026-08-14,13,15,Disneyland Park,Le Carrousel de Lancelot,16,OPERATING,STANDBY,15,,,queue-times.com
2026-08-14T11:15:39Z,2026-08-14,13,15,Disneyland Park,"Le Pays des Contes de Fées, presented by Vittel",21,CLOSED,STANDBY,0,,,queue-times.com
2026-08-14T11:15:39Z,2026-08-14,13,15,Disneyland Park,Les Voyages de Pinocchio,23,OPERATING,STANDBY,25,,,queue-times.com
2026-08-14T11:15:39Z,2026-08-14,13,15,Disneyland Park,Mad Hatter's Tea Cups,20,CLOSED,STANDBY,0,,,queue-times.com
2026-08-14T11:15:39Z,2026-08-14,13,15,Disneyland Park,Meet Mickey Mouse,13,OPERATING,STANDBY,0,,,queue-times.com
2026-08-14T11:15:39Z,2026-08-14,13,15,Disneyland Park,Peter Pan's Flight,22,OPERATING,STANDBY,75,,,queue-times.com
2026-08-14T11:15:39Z,2026-08-14,13,15,Disneyland Park,Princess Pavilion,24,OPERATING,STANDBY,0,,,queue-times.com
2026-08-14T11:15:39Z,2026-08-14,13,15,Disneyland Park,Big Thunder Mountain,25,CLOSED,STANDBY,0,,,queue-times.com
2026-08-14T11:15:39Z,2026-08-14,13,15,Disneyland Park,Disneyland Railroad Frontierland Depot,2714,CLOSED,STANDBY,0,,,queue-times.com
2026-08-14T11:15:39Z,2026-08-14,13,15,Disneyland Park,Frontierland Playground,2713,OPERATING,STANDBY,0,,,queue-times.com
2026-08-14T11:15:39Z,2026-08-14,13,15,Disneyland Park,Phantom Manor,26,OPERATING,STANDBY,15,,,queue-times.com
2026-08-14T11:15:39Z,2026-08-14,13,15,Disneyland Park,River Rogue Keelboats,27,CLOSED,STANDBY,0,,,queue-times.com
2026-08-14T11:15:39Z,2026-08-14,13,15,Disneyland Park,Rustler Roundup Shootin' Gallery,2712,OPERATING,STANDBY,0,,,queue-times.com
2026-08-14T11:15:39Z,2026-08-14,13,15,Disneyland Park,Thunder Mesa Riverboat Landing,28,CLOSED,STANDBY,0,,,queue-times.com
2026-08-14T11:15:39Z,2026-08-14,13,15,Disneyland Park,Disneyland Railroad Main Street Station,2708,CLOSED,STANDBY,0,,,queue-times.com
2026-08-14T11:15:39Z,2026-08-14,13,15,Disneyland Park,Main Street Vehicles,12,OPERATING,STANDBY,5,,,queue-times.com
2026-08-14T11:15:39Z,2026-08-14,13,15,Disney Adventure World,Avengers Assemble: Flight Force,10848,OPERATING,STANDBY,15,,,queue-times.com
2026-08-14T11:15:39Z,2026-08-14,13,15,Disney Adventure World,Avengers Assemble: Flight Force Single Rider,10849,OPERATING,STANDBY,10,,,queue-times.com
2026-08-14T11:15:39Z,2026-08-14,13,15,Disney Adventure World,Spider-Man W.E.B. Adventure,10845,OPERATING,STANDBY,45,,,queue-times.com
2026-08-14T11:15:39Z,2026-08-14,13,15,Disney Adventure World,Spider-Man W.E.B. Adventure Single Rider,10846,OPERATING,STANDBY,15,,,queue-times.com
2026-08-14T11:15:39Z,2026-08-14,13,15,Disney Adventure World,The Twilight Zone Tower of Terror,40,OPERATING,STANDBY,55,,,queue-times.com
2026-08-14T11:15:39Z,2026-08-14,13,15,Disney Adventure World,Cars Quatre Roues Rallye,31,OPERATING,STANDBY,20,,,queue-times.com
2026-08-14T11:15:39Z,2026-08-14,13,15,Disney Adventure World,Cars ROAD TRIP,29,OPERATING,STANDBY,5,,,queue-times.com
2026-08-14T11:15:39Z,2026-08-14,13,15,Disney Adventure World,Crush's Coaster,32,OPERATING,STANDBY,65,,,queue-times.com
2026-08-14T11:15:39Z,2026-08-14,13,15,Disney Adventure World,Crush's Coaster Single Rider,7277,OPERATING,STANDBY,60,,,queue-times.com
2026-08-14T11:15:39Z,2026-08-14,13,15,Disney Adventure World,Les Tapis Volants - Flying Carpets Over Agrabah®,33,CLOSED,STANDBY,0,,,queue-times.com
2026-08-14T11:15:39Z,2026-08-14,13,15,Disney Adventure World,Ratatouille : L’Aventure Totalement Toquée de Rémy​,37,OPERATING,STANDBY,50,,,queue-times.com
2026-08-14T11:15:39Z,2026-08-14,13,15,Disney Adventure World,Ratatouille: The Adventure Single Rider,7279,OPERATING,STANDBY,20,,,queue-times.com
2026-08-14T11:15:39Z,2026-08-14,13,15,Disney Adventure World,RC Racer,34,OPERATING,STANDBY,40,,,queue-times.com
2026-08-14T11:15:39Z,2026-08-14,13,15,Disney Adventure World,RC Racer Single Rider,7280,OPERATING,STANDBY,35,,,queue-times.com
2026-08-14T11:15:39Z,2026-08-14,13,15,Disney Adventure World,Slinky® Dog Zigzag Spin,36,CLOSED,STANDBY,0,,,queue-times.com
2026-08-14T11:15:39Z,2026-08-14,13,15,Disney Adventure World,Toy Soldiers Parachute Drop,35,OPERATING,STANDBY,45,,,queue-times.com
2026-08-14T11:15:39Z,2026-08-14,13,15,Disney Adventure World,Toy Soldiers Parachute Drop Single Rider,7281,OPERATING,STANDBY,15,,,queue-times.com
2026-08-14T11:15:39Z,2026-08-14,13,15,Disney Adventure World,Entry to World of Frozen,16247,OPERATING,STANDBY,0,,,queue-times.com
2026-08-14T11:15:39Z,2026-08-14,13,15,Disney Adventure World,Frozen Ever After,15413,OPERATING,STANDBY,60,,,queue-times.com
2026-08-14T11:15:39Z,2026-08-14,13,15,Disney Adventure World,Raiponce Tangled Spin,15415,OPERATING,STANDBY,10,,,queue-times.com
2026-08-14T11:30:53Z,2026-08-14,13,30,Disneyland Park,Adventure Isle,2702,OPERATING,STANDBY,0,,,queue-times.com
2026-08-14T11:30:53Z,2026-08-14,13,30,Disneyland Park,Indiana Jones and the Temple of Peril Single Rider,7306,CLOSED,STANDBY,0,,,queue-times.com
2026-08-14T11:30:53Z,2026-08-14,13,30,Disneyland Park,Indiana Jones™ and the Temple of Peril,2,CLOSED,STANDBY,0,,,queue-times.com
2026-08-14T11:30:53Z,2026-08-14,13,30,Disneyland Park,La Cabane des Robinson,1,CLOSED,STANDBY,0,,,queue-times.com
2026-08-14T11:30:53Z,2026-08-14,13,30,Disneyland Park,Le Passage Enchanté d'Aladdin,2703,OPERATING,STANDBY,0,,,queue-times.com
2026-08-14T11:30:53Z,2026-08-14,13,30,Disneyland Park,Pirate Galleon,2705,CLOSED,STANDBY,0,,,queue-times.com
2026-08-14T11:30:53Z,2026-08-14,13,30,Disneyland Park,Pirates of the Caribbean,3,OPERATING,STANDBY,30,,,queue-times.com
2026-08-14T11:30:53Z,2026-08-14,13,30,Disneyland Park,Pirates' Beach,2704,OPERATING,STANDBY,0,,,queue-times.com
2026-08-14T11:30:53Z,2026-08-14,13,30,Disneyland Park,"Autopia, presented by Avis",4,CLOSED,STANDBY,0,,,queue-times.com
2026-08-14T11:30:53Z,2026-08-14,13,30,Disneyland Park,Buzz Lightyear Laser Blast,5,OPERATING,STANDBY,35,,,queue-times.com
2026-08-14T11:30:53Z,2026-08-14,13,30,Disneyland Park,Disneyland Railroad Discoveryland Station,2706,CLOSED,STANDBY,0,,,queue-times.com
2026-08-14T11:30:53Z,2026-08-14,13,30,Disneyland Park,Les Mystères du Nautilus,6,OPERATING,STANDBY,5,,,queue-times.com
2026-08-14T11:30:53Z,2026-08-14,13,30,Disneyland Park,Mickey’s PhilharMagic,2707,OPERATING,STANDBY,0,,,queue-times.com
2026-08-14T11:30:53Z,2026-08-14,13,30,Disneyland Park,Orbitron®,7,CLOSED,STANDBY,0,,,queue-times.com
2026-08-14T11:30:53Z,2026-08-14,13,30,Disneyland Park,Star Tours: The Adventures Continue*,9,OPERATING,STANDBY,15,,,queue-times.com
2026-08-14T11:30:53Z,2026-08-14,13,30,Disneyland Park,Star Wars Hyperspace Mountain,8,OPERATING,STANDBY,25,,,queue-times.com
2026-08-14T11:30:53Z,2026-08-14,13,30,Disneyland Park,Star Wars Hyperspace Mountain Single Rider,7278,OPERATING,STANDBY,10,,,queue-times.com
2026-08-14T11:30:53Z,2026-08-14,13,30,Disneyland Park,Welcome to Starport: A Star Wars Encounter,4573,OPERATING,STANDBY,25,,,queue-times.com
2026-08-14T11:30:53Z,2026-08-14,13,30,Disneyland Park,"""it's a small world""",19,OPERATING,STANDBY,15,,,queue-times.com
2026-08-14T11:30:53Z,2026-08-14,13,30,Disneyland Park,Alice's Curious Labyrinth,14,OPERATING,STANDBY,5,,,queue-times.com
2026-08-14T11:30:53Z,2026-08-14,13,30,Disneyland Park,Blanche-Neige et les Sept Nains®,15,OPERATING,STANDBY,25,,,queue-times.com
2026-08-14T11:30:53Z,2026-08-14,13,30,Disneyland Park,Casey Jr. – le Petit Train du Cirque,17,CLOSED,STANDBY,0,,,queue-times.com
2026-08-14T11:30:53Z,2026-08-14,13,30,Disneyland Park,Disneyland Railroad Fantasyland Station,2711,CLOSED,STANDBY,0,,,queue-times.com
2026-08-14T11:30:53Z,2026-08-14,13,30,Disneyland Park,Disneyland Railroad Main Street Station,11,CLOSED,STANDBY,0,,,queue-times.com
2026-08-14T11:30:53Z,2026-08-14,13,30,Disneyland Park,Dumbo the Flying Elephant,18,CLOSED,STANDBY,0,,,queue-times.com
2026-08-14T11:30:53Z,2026-08-14,13,30,Disneyland Park,La Tanière du Dragon,2710,OPERATING,STANDBY,0,,,queue-times.com
2026-08-14T11:30:53Z,2026-08-14,13,30,Disneyland Park,Le Carrousel de Lancelot,16,OPERATING,STANDBY,15,,,queue-times.com
2026-08-14T11:30:53Z,2026-08-14,13,30,Disneyland Park,"Le Pays des Contes de Fées, presented by Vittel",21,CLOSED,STANDBY,0,,,queue-times.com
2026-08-14T11:30:53Z,2026-08-14,13,30,Disneyland Park,Les Voyages de Pinocchio,23,OPERATING,STANDBY,25,,,queue-times.com
2026-08-14T11:30:53Z,2026-08-14,13,30,Disneyland Park,Mad Hatter's Tea Cups,20,CLOSED,STANDBY,0,,,queue-times.com
2026-08-14T11:30:53Z,2026-08-14,13,30,Disneyland Park,Meet Mickey Mouse,13,OPERATING,STANDBY,0,,,queue-times.com
2026-08-14T11:30:53Z,2026-08-14,13,30,Disneyland Park,Peter Pan's Flight,22,OPERATING,STANDBY,75,,,queue-times.com
2026-08-14T11:30:53Z,2026-08-14,13,30,Disneyland Park,Princess Pavilion,24,OPERATING,STANDBY,0,,,queue-times.com
2026-08-14T11:30:53Z,2026-08-14,13,30,Disneyland Park,Big Thunder Mountain,25,CLOSED,STANDBY,0,,,queue-times.com
2026-08-14T11:30:53Z,2026-08-14,13,30,Disneyland Park,Disneyland Railroad Frontierland Depot,2714,CLOSED,STANDBY,0,,,queue-times.com
2026-08-14T11:30:53Z,2026-08-14,13,30,Disneyland Park,Frontierland Playground,2713,OPERATING,STANDBY,0,,,queue-times.com
2026-08-14T11:30:53Z,2026-08-14,13,30,Disneyland Park,Phantom Manor,26,OPERATING,STANDBY,25,,,queue-times.com
2026-08-14T11:30:53Z,2026-08-14,13,30,Disneyland Park,River Rogue Keelboats,27,CLOSED,STANDBY,0,,,queue-times.com
2026-08-14T11:30:53Z,2026-08-14,13,30,Disneyland Park,Rustler Roundup Shootin' Gallery,2712,OPERATING,STANDBY,0,,,queue-times.com
2026-08-14T11:30:53Z,2026-08-14,13,30,Disneyland Park,Thunder Mesa Riverboat Landing,28,CLOSED,STANDBY,0,,,queue-times.com
2026-08-14T11:30:53Z,2026-08-14,13,30,Disneyland Park,Disneyland Railroad Main Street Station,2708,CLOSED,STANDBY,0,,,queue-times.com
2026-08-14T11:30:53Z,2026-08-14,13,30,Disneyland Park,Main Street Vehicles,12,OPERATING,STANDBY,5,,,queue-times.com
2026-08-14T11:30:53Z,2026-08-14,13,30,Disney Adventure World,Avengers Assemble: Flight Force,10848,OPERATING,STANDBY,10,,,queue-times.com
2026-08-14T11:30:53Z,2026-08-14,13,30,Disney Adventure World,Avengers Assemble: Flight Force Single Rider,10849,OPERATING,STANDBY,5,,,queue-times.com
2026-08-14T11:30:53Z,2026-08-14,13,30,Disney Adventure World,Spider-Man W.E.B. Adventure,10845,OPERATING,STANDBY,50,,,queue-times.com
2026-08-14T11:30:53Z,2026-08-14,13,30,Disney Adventure World,Spider-Man W.E.B. Adventure Single Rider,10846,OPERATING,STANDBY,20,,,queue-times.com
2026-08-14T11:30:53Z,2026-08-14,13,30,Disney Adventure World,The Twilight Zone Tower of Terror,40,OPERATING,STANDBY,40,,,queue-times.com
2026-08-14T11:30:53Z,2026-08-14,13,30,Disney Adventure World,Cars Quatre Roues Rallye,31,OPERATING,STANDBY,20,,,queue-times.com
2026-08-14T11:30:53Z,2026-08-14,13,30,Disney Adventure World,Cars ROAD TRIP,29,OPERATING,STANDBY,5,,,queue-times.com
2026-08-14T11:30:53Z,2026-08-14,13,30,Disney Adventure World,Crush's Coaster,32,OPERATING,STANDBY,70,,,queue-times.com
2026-08-14T11:30:53Z,2026-08-14,13,30,Disney Adventure World,Crush's Coaster Single Rider,7277,OPERATING,STANDBY,45,,,queue-times.com
2026-08-14T11:30:53Z,2026-08-14,13,30,Disney Adventure World,Les Tapis Volants - Flying Carpets Over Agrabah®,33,CLOSED,STANDBY,0,,,queue-times.com
2026-08-14T11:30:53Z,2026-08-14,13,30,Disney Adventure World,Ratatouille : L’Aventure Totalement Toquée de Rémy​,37,OPERATING,STANDBY,50,,,queue-times.com
2026-08-14T11:30:53Z,2026-08-14,13,30,Disney Adventure World,Ratatouille: The Adventure Single Rider,7279,OPERATING,STANDBY,15,,,queue-times.com
2026-08-14T11:30:53Z,2026-08-14,13,30,Disney Adventure World,RC Racer,34,OPERATING,STANDBY,50,,,queue-times.com
2026-08-14T11:30:53Z,2026-08-14,13,30,Disney Adventure World,RC Racer Single Rider,7280,OPERATING,STANDBY,45,,,queue-times.com
2026-08-14T11:30:53Z,2026-08-14,13,30,Disney Adventure World,Slinky® Dog Zigzag Spin,36,CLOSED,STANDBY,0,,,queue-times.com
2026-08-14T11:30:53Z,2026-08-14,13,30,Disney Adventure World,Toy Soldiers Parachute Drop,35,OPERATING,STANDBY,70,,,queue-times.com
2026-08-14T11:30:53Z,2026-08-14,13,30,Disney Adventure World,Toy Soldiers Parachute Drop Single Rider,7281,OPERATING,STANDBY,15,,,queue-times.com
2026-08-14T11:30:53Z,2026-08-14,13,30,Disney Adventure World,Entry to World of Frozen,16247,OPERATING,STANDBY,0,,,queue-times.com
2026-08-14T11:30:53Z,2026-08-14,13,30,Disney Adventure World,Frozen Ever After,15413,OPERATING,STANDBY,60,,,queue-times.com
2026-08-14T11:30:53Z,2026-08-14,13,30,Disney Adventure World,Raiponce Tangled Spin,15415,OPERATING,STANDBY,10,,,queue-times.com
2026-08-14T11:33:01Z,2026-08-14,13,33,Disneyland Park,Adventure Isle,2702,OPERATING,STANDBY,0,,,queue-times.com
2026-08-14T11:33:01Z,2026-08-14,13,33,Disneyland Park,Indiana Jones and the Temple of Peril Single Rider,7306,CLOSED,STANDBY,0,,,queue-times.com
2026-08-14T11:33:01Z,2026-08-14,13,33,Disneyland Park,Indiana Jones™ and the Temple of Peril,2,CLOSED,STANDBY,0,,,queue-times.com
2026-08-14T11:33:01Z,2026-08-14,13,33,Disneyland Park,La Cabane des Robinson,1,CLOSED,STANDBY,0,,,queue-times.com
2026-08-14T11:33:01Z,2026-08-14,13,33,Disneyland Park,Le Passage Enchanté d'Aladdin,2703,OPERATING,STANDBY,0,,,queue-times.com
2026-08-14T11:33:01Z,2026-08-14,13,33,Disneyland Park,Pirate Galleon,2705,CLOSED,STANDBY,0,,,queue-times.com
2026-08-14T11:33:01Z,2026-08-14,13,33,Disneyland Park,Pirates of the Caribbean,3,OPERATING,STANDBY,30,,,queue-times.com
2026-08-14T11:33:01Z,2026-08-14,13,33,Disneyland Park,Pirates' Beach,2704,OPERATING,STANDBY,0,,,queue-times.com
2026-08-14T11:33:01Z,2026-08-14,13,33,Disneyland Park,"Autopia, presented by Avis",4,CLOSED,STANDBY,0,,,queue-times.com
2026-08-14T11:33:01Z,2026-08-14,13,33,Disneyland Park,Buzz Lightyear Laser Blast,5,OPERATING,STANDBY,35,,,queue-times.com
2026-08-14T11:33:01Z,2026-08-14,13,33,Disneyland Park,Disneyland Railroad Discoveryland Station,2706,CLOSED,STANDBY,0,,,queue-times.com
2026-08-14T11:33:01Z,2026-08-14,13,33,Disneyland Park,Les Mystères du Nautilus,6,OPERATING,STANDBY,5,,,queue-times.com
2026-08-14T11:33:01Z,2026-08-14,13,33,Disneyland Park,Mickey’s PhilharMagic,2707,OPERATING,STANDBY,0,,,queue-times.com
2026-08-14T11:33:01Z,2026-08-14,13,33,Disneyland Park,Orbitron®,7,CLOSED,STANDBY,0,,,queue-times.com
2026-08-14T11:33:01Z,2026-08-14,13,33,Disneyland Park,Star Tours: The Adventures Continue*,9,OPERATING,STANDBY,15,,,queue-times.com
2026-08-14T11:33:01Z,2026-08-14,13,33,Disneyland Park,Star Wars Hyperspace Mountain,8,OPERATING,STANDBY,25,,,queue-times.com
2026-08-14T11:33:01Z,2026-08-14,13,33,Disneyland Park,Star Wars Hyperspace Mountain Single Rider,7278,OPERATING,STANDBY,10,,,queue-times.com
2026-08-14T11:33:01Z,2026-08-14,13,33,Disneyland Park,Welcome to Starport: A Star Wars Encounter,4573,OPERATING,STANDBY,25,,,queue-times.com
2026-08-14T11:33:01Z,2026-08-14,13,33,Disneyland Park,"""it's a small world""",19,OPERATING,STANDBY,15,,,queue-times.com
2026-08-14T11:33:01Z,2026-08-14,13,33,Disneyland Park,Alice's Curious Labyrinth,14,OPERATING,STANDBY,5,,,queue-times.com
2026-08-14T11:33:01Z,2026-08-14,13,33,Disneyland Park,Blanche-Neige et les Sept Nains®,15,OPERATING,STANDBY,25,,,queue-times.com
2026-08-14T11:33:01Z,2026-08-14,13,33,Disneyland Park,Casey Jr. – le Petit Train du Cirque,17,CLOSED,STANDBY,0,,,queue-times.com
2026-08-14T11:33:01Z,2026-08-14,13,33,Disneyland Park,Disneyland Railroad Fantasyland Station,2711,CLOSED,STANDBY,0,,,queue-times.com
2026-08-14T11:33:01Z,2026-08-14,13,33,Disneyland Park,Disneyland Railroad Main Street Station,11,CLOSED,STANDBY,0,,,queue-times.com
2026-08-14T11:33:01Z,2026-08-14,13,33,Disneyland Park,Dumbo the Flying Elephant,18,CLOSED,STANDBY,0,,,queue-times.com
2026-08-14T11:33:01Z,2026-08-14,13,33,Disneyland Park,La Tanière du Dragon,2710,OPERATING,STANDBY,0,,,queue-times.com
2026-08-14T11:33:01Z,2026-08-14,13,33,Disneyland Park,Le Carrousel de Lancelot,16,OPERATING,STANDBY,15,,,queue-times.com
2026-08-14T11:33:01Z,2026-08-14,13,33,Disneyland Park,"Le Pays des Contes de Fées, presented by Vittel",21,CLOSED,STANDBY,0,,,queue-times.com
2026-08-14T11:33:01Z,2026-08-14,13,33,Disneyland Park,Les Voyages de Pinocchio,23,OPERATING,STANDBY,25,,,queue-times.com
2026-08-14T11:33:01Z,2026-08-14,13,33,Disneyland Park,Mad Hatter's Tea Cups,20,CLOSED,STANDBY,0,,,queue-times.com
2026-08-14T11:33:01Z,2026-08-14,13,33,Disneyland Park,Meet Mickey Mouse,13,OPERATING,STANDBY,0,,,queue-times.com
2026-08-14T11:33:01Z,2026-08-14,13,33,Disneyland Park,Peter Pan's Flight,22,OPERATING,STANDBY,75,,,queue-times.com
2026-08-14T11:33:01Z,2026-08-14,13,33,Disneyland Park,Princess Pavilion,24,OPERATING,STANDBY,0,,,queue-times.com
2026-08-14T11:33:01Z,2026-08-14,13,33,Disneyland Park,Big Thunder Mountain,25,CLOSED,STANDBY,0,,,queue-times.com
2026-08-14T11:33:01Z,2026-08-14,13,33,Disneyland Park,Disneyland Railroad Frontierland Depot,2714,CLOSED,STANDBY,0,,,queue-times.com
2026-08-14T11:33:01Z,2026-08-14,13,33,Disneyland Park,Frontierland Playground,2713,OPERATING,STANDBY,0,,,queue-times.com
2026-08-14T11:33:01Z,2026-08-14,13,33,Disneyland Park,Phantom Manor,26,OPERATING,STANDBY,25,,,queue-times.com
2026-08-14T11:33:01Z,2026-08-14,13,33,Disneyland Park,River Rogue Keelboats,27,CLOSED,STANDBY,0,,,queue-times.com
2026-08-14T11:33:01Z,2026-08-14,13,33,Disneyland Park,Rustler Roundup Shootin' Gallery,2712,OPERATING,STANDBY,0,,,queue-times.com
2026-08-14T11:33:01Z,2026-08-14,13,33,Disneyland Park,Thunder Mesa Riverboat Landing,28,CLOSED,STANDBY,0,,,queue-times.com
2026-08-14T11:33:01Z,2026-08-14,13,33,Disneyland Park,Disneyland Railroad Main Street Station,2708,CLOSED,STANDBY,0,,,queue-times.com
2026-08-14T11:33:01Z,2026-08-14,13,33,Disneyland Park,Main Street Vehicles,12,OPERATING,STANDBY,5,,,queue-times.com
2026-08-14T11:33:01Z,2026-08-14,13,33,Disney Adventure World,Avengers Assemble: Flight Force,10848,OPERATING,STANDBY,10,,,queue-times.com
2026-08-14T11:33:01Z,2026-08-14,13,33,Disney Adventure World,Avengers Assemble: Flight Force Single Rider,10849,OPERATING,STANDBY,5,,,queue-times.com
2026-08-14T11:33:01Z,2026-08-14,13,33,Disney Adventure World,Spider-Man W.E.B. Adventure,10845,OPERATING,STANDBY,50,,,queue-times.com
2026-08-14T11:33:01Z,2026-08-14,13,33,Disney Adventure World,Spider-Man W.E.B. Adventure Single Rider,10846,OPERATING,STANDBY,20,,,queue-times.com
2026-08-14T11:33:01Z,2026-08-14,13,33,Disney Adventure World,The Twilight Zone Tower of Terror,40,OPERATING,STANDBY,40,,,queue-times.com
2026-08-14T11:33:01Z,2026-08-14,13,33,Disney Adventure World,Cars Quatre Roues Rallye,31,OPERATING,STANDBY,20,,,queue-times.com
2026-08-14T11:33:01Z,2026-08-14,13,33,Disney Adventure World,Cars ROAD TRIP,29,OPERATING,STANDBY,5,,,queue-times.com
2026-08-14T11:33:01Z,2026-08-14,13,33,Disney Adventure World,Crush's Coaster,32,OPERATING,STANDBY,70,,,queue-times.com
2026-08-14T11:33:01Z,2026-08-14,13,33,Disney Adventure World,Crush's Coaster Single Rider,7277,OPERATING,STANDBY,50,,,queue-times.com
2026-08-14T11:33:01Z,2026-08-14,13,33,Disney Adventure World,Les Tapis Volants - Flying Carpets Over Agrabah®,33,CLOSED,STANDBY,0,,,queue-times.com
2026-08-14T11:33:01Z,2026-08-14,13,33,Disney Adventure World,Ratatouille : L’Aventure Totalement Toquée de Rémy​,37,OPERATING,STANDBY,50,,,queue-times.com
2026-08-14T11:33:01Z,2026-08-14,13,33,Disney Adventure World,Ratatouille: The Adventure Single Rider,7279,OPERATING,STANDBY,30,,,queue-times.com
2026-08-14T11:33:01Z,2026-08-14,13,33,Disney Adventure World,RC Racer,34,OPERATING,STANDBY,50,,,queue-times.com
2026-08-14T11:33:01Z,2026-08-14,13,33,Disney Adventure World,RC Racer Single Rider,7280,OPERATING,STANDBY,45,,,queue-times.com
2026-08-14T11:33:01Z,2026-08-14,13,33,Disney Adventure World,Slinky® Dog Zigzag Spin,36,CLOSED,STANDBY,0,,,queue-times.com
2026-08-14T11:33:01Z,2026-08-14,13,33,Disney Adventure World,Toy Soldiers Parachute Drop,35,OPERATING,STANDBY,70,,,queue-times.com
2026-08-14T11:33:01Z,2026-08-14,13,33,Disney Adventure World,Toy Soldiers Parachute Drop Single Rider,7281,OPERATING,STANDBY,15,,,queue-times.com
2026-08-14T11:33:01Z,2026-08-14,13,33,Disney Adventure World,Entry to World of Frozen,16247,OPERATING,STANDBY,0,,,queue-times.com
2026-08-14T11:33:01Z,2026-08-14,13,33,Disney Adventure World,Frozen Ever After,15413,OPERATING,STANDBY,45,,,queue-times.com
2026-08-14T11:33:01Z,2026-08-14,13,33,Disney Adventure World,Raiponce Tangled Spin,15415,OPERATING,STANDBY,10,,,queue-times.com
2026-08-14T11:45:36Z,2026-08-14,13,45,Disneyland Park,Adventure Isle,2702,OPERATING,STANDBY,0,,,queue-times.com
2026-08-14T11:45:36Z,2026-08-14,13,45,Disneyland Park,Indiana Jones and the Temple of Peril Single Rider,7306,CLOSED,STANDBY,0,,,queue-times.com
2026-08-14T11:45:36Z,2026-08-14,13,45,Disneyland Park,Indiana Jones™ and the Temple of Peril,2,CLOSED,STANDBY,0,,,queue-times.com
2026-08-14T11:45:36Z,2026-08-14,13,45,Disneyland Park,La Cabane des Robinson,1,CLOSED,STANDBY,0,,,queue-times.com
2026-08-14T11:45:36Z,2026-08-14,13,45,Disneyland Park,Le Passage Enchanté d'Aladdin,2703,OPERATING,STANDBY,0,,,queue-times.com
2026-08-14T11:45:36Z,2026-08-14,13,45,Disneyland Park,Pirate Galleon,2705,CLOSED,STANDBY,0,,,queue-times.com
2026-08-14T11:45:36Z,2026-08-14,13,45,Disneyland Park,Pirates of the Caribbean,3,OPERATING,STANDBY,35,,,queue-times.com
2026-08-14T11:45:36Z,2026-08-14,13,45,Disneyland Park,Pirates' Beach,2704,CLOSED,STANDBY,0,,,queue-times.com
2026-08-14T11:45:36Z,2026-08-14,13,45,Disneyland Park,"Autopia, presented by Avis",4,CLOSED,STANDBY,0,,,queue-times.com
2026-08-14T11:45:36Z,2026-08-14,13,45,Disneyland Park,Buzz Lightyear Laser Blast,5,OPERATING,STANDBY,35,,,queue-times.com
2026-08-14T11:45:36Z,2026-08-14,13,45,Disneyland Park,Disneyland Railroad Discoveryland Station,2706,CLOSED,STANDBY,0,,,queue-times.com
2026-08-14T11:45:36Z,2026-08-14,13,45,Disneyland Park,Les Mystères du Nautilus,6,OPERATING,STANDBY,5,,,queue-times.com
2026-08-14T11:45:36Z,2026-08-14,13,45,Disneyland Park,Mickey’s PhilharMagic,2707,OPERATING,STANDBY,0,,,queue-times.com
2026-08-14T11:45:36Z,2026-08-14,13,45,Disneyland Park,Orbitron®,7,CLOSED,STANDBY,0,,,queue-times.com
2026-08-14T11:45:36Z,2026-08-14,13,45,Disneyland Park,Star Tours: The Adventures Continue*,9,OPERATING,STANDBY,10,,,queue-times.com
2026-08-14T11:45:36Z,2026-08-14,13,45,Disneyland Park,Star Wars Hyperspace Mountain,8,OPERATING,STANDBY,25,,,queue-times.com
2026-08-14T11:45:36Z,2026-08-14,13,45,Disneyland Park,Star Wars Hyperspace Mountain Single Rider,7278,OPERATING,STANDBY,10,,,queue-times.com
2026-08-14T11:45:36Z,2026-08-14,13,45,Disneyland Park,Welcome to Starport: A Star Wars Encounter,4573,OPERATING,STANDBY,25,,,queue-times.com
2026-08-14T11:45:36Z,2026-08-14,13,45,Disneyland Park,"""it's a small world""",19,OPERATING,STANDBY,15,,,queue-times.com
2026-08-14T11:45:36Z,2026-08-14,13,45,Disneyland Park,Alice's Curious Labyrinth,14,OPERATING,STANDBY,5,,,queue-times.com
2026-08-14T11:45:36Z,2026-08-14,13,45,Disneyland Park,Blanche-Neige et les Sept Nains®,15,OPERATING,STANDBY,25,,,queue-times.com
2026-08-14T11:45:36Z,2026-08-14,13,45,Disneyland Park,Casey Jr. – le Petit Train du Cirque,17,CLOSED,STANDBY,0,,,queue-times.com
2026-08-14T11:45:36Z,2026-08-14,13,45,Disneyland Park,Disneyland Railroad Fantasyland Station,2711,CLOSED,STANDBY,0,,,queue-times.com
2026-08-14T11:45:36Z,2026-08-14,13,45,Disneyland Park,Disneyland Railroad Main Street Station,11,CLOSED,STANDBY,0,,,queue-times.com
2026-08-14T11:45:36Z,2026-08-14,13,45,Disneyland Park,Dumbo the Flying Elephant,18,CLOSED,STANDBY,0,,,queue-times.com
2026-08-14T11:45:36Z,2026-08-14,13,45,Disneyland Park,La Tanière du Dragon,2710,OPERATING,STANDBY,0,,,queue-times.com
2026-08-14T11:45:36Z,2026-08-14,13,45,Disneyland Park,Le Carrousel de Lancelot,16,OPERATING,STANDBY,15,,,queue-times.com
2026-08-14T11:45:36Z,2026-08-14,13,45,Disneyland Park,"Le Pays des Contes de Fées, presented by Vittel",21,CLOSED,STANDBY,0,,,queue-times.com
2026-08-14T11:45:36Z,2026-08-14,13,45,Disneyland Park,Les Voyages de Pinocchio,23,OPERATING,STANDBY,25,,,queue-times.com
2026-08-14T11:45:36Z,2026-08-14,13,45,Disneyland Park,Mad Hatter's Tea Cups,20,CLOSED,STANDBY,0,,,queue-times.com
2026-08-14T11:45:36Z,2026-08-14,13,45,Disneyland Park,Meet Mickey Mouse,13,OPERATING,STANDBY,0,,,queue-times.com
2026-08-14T11:45:36Z,2026-08-14,13,45,Disneyland Park,Peter Pan's Flight,22,OPERATING,STANDBY,75,,,queue-times.com
2026-08-14T11:45:36Z,2026-08-14,13,45,Disneyland Park,Princess Pavilion,24,OPERATING,STANDBY,0,,,queue-times.com
2026-08-14T11:45:36Z,2026-08-14,13,45,Disneyland Park,Big Thunder Mountain,25,CLOSED,STANDBY,0,,,queue-times.com
2026-08-14T11:45:36Z,2026-08-14,13,45,Disneyland Park,Disneyland Railroad Frontierland Depot,2714,CLOSED,STANDBY,0,,,queue-times.com
2026-08-14T11:45:36Z,2026-08-14,13,45,Disneyland Park,Frontierland Playground,2713,OPERATING,STANDBY,0,,,queue-times.com
2026-08-14T11:45:36Z,2026-08-14,13,45,Disneyland Park,Phantom Manor,26,OPERATING,STANDBY,25,,,queue-times.com
2026-08-14T11:45:36Z,2026-08-14,13,45,Disneyland Park,River Rogue Keelboats,27,CLOSED,STANDBY,0,,,queue-times.com
2026-08-14T11:45:36Z,2026-08-14,13,45,Disneyland Park,Rustler Roundup Shootin' Gallery,2712,OPERATING,STANDBY,0,,,queue-times.com
2026-08-14T11:45:36Z,2026-08-14,13,45,Disneyland Park,Thunder Mesa Riverboat Landing,28,CLOSED,STANDBY,0,,,queue-times.com
2026-08-14T11:45:36Z,2026-08-14,13,45,Disneyland Park,Disneyland Railroad Main Street Station,2708,CLOSED,STANDBY,0,,,queue-times.com
2026-08-14T11:45:36Z,2026-08-14,13,45,Disneyland Park,Main Street Vehicles,12,OPERATING,STANDBY,5,,,queue-times.com
2026-08-14T11:45:36Z,2026-08-14,13,45,Disney Adventure World,Avengers Assemble: Flight Force,10848,OPERATING,STANDBY,10,,,queue-times.com
2026-08-14T11:45:36Z,2026-08-14,13,45,Disney Adventure World,Avengers Assemble: Flight Force Single Rider,10849,OPERATING,STANDBY,5,,,queue-times.com
2026-08-14T11:45:36Z,2026-08-14,13,45,Disney Adventure World,Spider-Man W.E.B. Adventure,10845,OPERATING,STANDBY,60,,,queue-times.com
2026-08-14T11:45:36Z,2026-08-14,13,45,Disney Adventure World,Spider-Man W.E.B. Adventure Single Rider,10846,OPERATING,STANDBY,30,,,queue-times.com
2026-08-14T11:45:36Z,2026-08-14,13,45,Disney Adventure World,The Twilight Zone Tower of Terror,40,OPERATING,STANDBY,25,,,queue-times.com
2026-08-14T11:45:36Z,2026-08-14,13,45,Disney Adventure World,Cars Quatre Roues Rallye,31,OPERATING,STANDBY,15,,,queue-times.com
2026-08-14T11:45:36Z,2026-08-14,13,45,Disney Adventure World,Cars ROAD TRIP,29,OPERATING,STANDBY,5,,,queue-times.com
2026-08-14T11:45:36Z,2026-08-14,13,45,Disney Adventure World,Crush's Coaster,32,OPERATING,STANDBY,75,,,queue-times.com
2026-08-14T11:45:36Z,2026-08-14,13,45,Disney Adventure World,Crush's Coaster Single Rider,7277,OPERATING,STANDBY,45,,,queue-times.com
2026-08-14T11:45:36Z,2026-08-14,13,45,Disney Adventure World,Les Tapis Volants - Flying Carpets Over Agrabah®,33,CLOSED,STANDBY,0,,,queue-times.com
2026-08-14T11:45:36Z,2026-08-14,13,45,Disney Adventure World,Ratatouille : L’Aventure Totalement Toquée de Rémy​,37,OPERATING,STANDBY,55,,,queue-times.com
2026-08-14T11:45:36Z,2026-08-14,13,45,Disney Adventure World,Ratatouille: The Adventure Single Rider,7279,OPERATING,STANDBY,30,,,queue-times.com
2026-08-14T11:45:36Z,2026-08-14,13,45,Disney Adventure World,RC Racer,34,OPERATING,STANDBY,35,,,queue-times.com
2026-08-14T11:45:36Z,2026-08-14,13,45,Disney Adventure World,RC Racer Single Rider,7280,OPERATING,STANDBY,30,,,queue-times.com
2026-08-14T11:45:36Z,2026-08-14,13,45,Disney Adventure World,Slinky® Dog Zigzag Spin,36,CLOSED,STANDBY,0,,,queue-times.com
2026-08-14T11:45:36Z,2026-08-14,13,45,Disney Adventure World,Toy Soldiers Parachute Drop,35,OPERATING,STANDBY,50,,,queue-times.com
2026-08-14T11:45:36Z,2026-08-14,13,45,Disney Adventure World,Toy Soldiers Parachute Drop Single Rider,7281,OPERATING,STANDBY,10,,,queue-times.com
2026-08-14T11:45:36Z,2026-08-14,13,45,Disney Adventure World,Entry to World of Frozen,16247,OPERATING,STANDBY,0,,,queue-times.com
2026-08-14T11:45:36Z,2026-08-14,13,45,Disney Adventure World,Frozen Ever After,15413,OPERATING,STANDBY,50,,,queue-times.com
2026-08-14T11:45:36Z,2026-08-14,13,45,Disney Adventure World,Raiponce Tangled Spin,15415,OPERATING,STANDBY,15,,,queue-times.com
2026-08-14T12:01:04Z,2026-08-14,14,1,Disneyland Park,Adventure Isle,2702,OPERATING,STANDBY,0,,,queue-times.com
2026-08-14T12:01:04Z,2026-08-14,14,1,Disneyland Park,Indiana Jones and the Temple of Peril Single Rider,7306,CLOSED,STANDBY,0,,,queue-times.com
2026-08-14T12:01:04Z,2026-08-14,14,1,Disneyland Park,Indiana Jones™ and the Temple of Peril,2,CLOSED,STANDBY,0,,,queue-times.com
2026-08-14T12:01:04Z,2026-08-14,14,1,Disneyland Park,La Cabane des Robinson,1,CLOSED,STANDBY,0,,,queue-times.com
2026-08-14T12:01:04Z,2026-08-14,14,1,Disneyland Park,Le Passage Enchanté d'Aladdin,2703,OPERATING,STANDBY,0,,,queue-times.com
2026-08-14T12:01:04Z,2026-08-14,14,1,Disneyland Park,Pirate Galleon,2705,CLOSED,STANDBY,0,,,queue-times.com
2026-08-14T12:01:04Z,2026-08-14,14,1,Disneyland Park,Pirates of the Caribbean,3,OPERATING,STANDBY,35,,,queue-times.com
2026-08-14T12:01:04Z,2026-08-14,14,1,Disneyland Park,Pirates' Beach,2704,CLOSED,STANDBY,0,,,queue-times.com
2026-08-14T12:01:04Z,2026-08-14,14,1,Disneyland Park,"Autopia, presented by Avis",4,CLOSED,STANDBY,0,,,queue-times.com
2026-08-14T12:01:04Z,2026-08-14,14,1,Disneyland Park,Buzz Lightyear Laser Blast,5,OPERATING,STANDBY,40,,,queue-times.com
2026-08-14T12:01:04Z,2026-08-14,14,1,Disneyland Park,Disneyland Railroad Discoveryland Station,2706,CLOSED,STANDBY,0,,,queue-times.com
2026-08-14T12:01:04Z,2026-08-14,14,1,Disneyland Park,Les Mystères du Nautilus,6,OPERATING,STANDBY,5,,,queue-times.com
2026-08-14T12:01:04Z,2026-08-14,14,1,Disneyland Park,Mickey’s PhilharMagic,2707,OPERATING,STANDBY,0,,,queue-times.com
2026-08-14T12:01:04Z,2026-08-14,14,1,Disneyland Park,Orbitron®,7,CLOSED,STANDBY,0,,,queue-times.com
2026-08-14T12:01:04Z,2026-08-14,14,1,Disneyland Park,Star Tours: The Adventures Continue*,9,OPERATING,STANDBY,10,,,queue-times.com
2026-08-14T12:01:04Z,2026-08-14,14,1,Disneyland Park,Star Wars Hyperspace Mountain,8,OPERATING,STANDBY,30,,,queue-times.com
2026-08-14T12:01:04Z,2026-08-14,14,1,Disneyland Park,Star Wars Hyperspace Mountain Single Rider,7278,OPERATING,STANDBY,20,,,queue-times.com
2026-08-14T12:01:04Z,2026-08-14,14,1,Disneyland Park,Welcome to Starport: A Star Wars Encounter,4573,OPERATING,STANDBY,15,,,queue-times.com
2026-08-14T12:01:04Z,2026-08-14,14,1,Disneyland Park,"""it's a small world""",19,OPERATING,STANDBY,20,,,queue-times.com
2026-08-14T12:01:04Z,2026-08-14,14,1,Disneyland Park,Alice's Curious Labyrinth,14,OPERATING,STANDBY,5,,,queue-times.com
2026-08-14T12:01:04Z,2026-08-14,14,1,Disneyland Park,Blanche-Neige et les Sept Nains®,15,OPERATING,STANDBY,25,,,queue-times.com
2026-08-14T12:01:04Z,2026-08-14,14,1,Disneyland Park,Casey Jr. – le Petit Train du Cirque,17,CLOSED,STANDBY,0,,,queue-times.com
2026-08-14T12:01:04Z,2026-08-14,14,1,Disneyland Park,Disneyland Railroad Fantasyland Station,2711,CLOSED,STANDBY,0,,,queue-times.com
2026-08-14T12:01:04Z,2026-08-14,14,1,Disneyland Park,Disneyland Railroad Main Street Station,11,CLOSED,STANDBY,0,,,queue-times.com
2026-08-14T12:01:04Z,2026-08-14,14,1,Disneyland Park,Dumbo the Flying Elephant,18,CLOSED,STANDBY,0,,,queue-times.com
2026-08-14T12:01:04Z,2026-08-14,14,1,Disneyland Park,La Tanière du Dragon,2710,OPERATING,STANDBY,0,,,queue-times.com
2026-08-14T12:01:04Z,2026-08-14,14,1,Disneyland Park,Le Carrousel de Lancelot,16,OPERATING,STANDBY,15,,,queue-times.com
2026-08-14T12:01:04Z,2026-08-14,14,1,Disneyland Park,"Le Pays des Contes de Fées, presented by Vittel",21,CLOSED,STANDBY,0,,,queue-times.com
2026-08-14T12:01:04Z,2026-08-14,14,1,Disneyland Park,Les Voyages de Pinocchio,23,OPERATING,STANDBY,25,,,queue-times.com
2026-08-14T12:01:04Z,2026-08-14,14,1,Disneyland Park,Mad Hatter's Tea Cups,20,CLOSED,STANDBY,0,,,queue-times.com
2026-08-14T12:01:04Z,2026-08-14,14,1,Disneyland Park,Meet Mickey Mouse,13,OPERATING,STANDBY,0,,,queue-times.com
2026-08-14T12:01:04Z,2026-08-14,14,1,Disneyland Park,Peter Pan's Flight,22,OPERATING,STANDBY,60,,,queue-times.com
2026-08-14T12:01:04Z,2026-08-14,14,1,Disneyland Park,Princess Pavilion,24,OPERATING,STANDBY,0,,,queue-times.com
2026-08-14T12:01:04Z,2026-08-14,14,1,Disneyland Park,Big Thunder Mountain,25,CLOSED,STANDBY,0,,,queue-times.com
2026-08-14T12:01:04Z,2026-08-14,14,1,Disneyland Park,Disneyland Railroad Frontierland Depot,2714,CLOSED,STANDBY,0,,,queue-times.com
2026-08-14T12:01:04Z,2026-08-14,14,1,Disneyland Park,Frontierland Playground,2713,CLOSED,STANDBY,0,,,queue-times.com
2026-08-14T12:01:04Z,2026-08-14,14,1,Disneyland Park,Phantom Manor,26,OPERATING,STANDBY,30,,,queue-times.com
2026-08-14T12:01:04Z,2026-08-14,14,1,Disneyland Park,River Rogue Keelboats,27,CLOSED,STANDBY,0,,,queue-times.com
2026-08-14T12:01:04Z,2026-08-14,14,1,Disneyland Park,Rustler Roundup Shootin' Gallery,2712,OPERATING,STANDBY,0,,,queue-times.com
2026-08-14T12:01:04Z,2026-08-14,14,1,Disneyland Park,Thunder Mesa Riverboat Landing,28,CLOSED,STANDBY,0,,,queue-times.com
2026-08-14T12:01:04Z,2026-08-14,14,1,Disneyland Park,Disneyland Railroad Main Street Station,2708,CLOSED,STANDBY,0,,,queue-times.com
2026-08-14T12:01:04Z,2026-08-14,14,1,Disneyland Park,Main Street Vehicles,12,OPERATING,STANDBY,5,,,queue-times.com
2026-08-14T12:01:04Z,2026-08-14,14,1,Disney Adventure World,Avengers Assemble: Flight Force,10848,OPERATING,STANDBY,10,,,queue-times.com
2026-08-14T12:01:04Z,2026-08-14,14,1,Disney Adventure World,Avengers Assemble: Flight Force Single Rider,10849,OPERATING,STANDBY,5,,,queue-times.com
2026-08-14T12:01:04Z,2026-08-14,14,1,Disney Adventure World,Spider-Man W.E.B. Adventure,10845,OPERATING,STANDBY,50,,,queue-times.com
2026-08-14T12:01:04Z,2026-08-14,14,1,Disney Adventure World,Spider-Man W.E.B. Adventure Single Rider,10846,OPERATING,STANDBY,15,,,queue-times.com
2026-08-14T12:01:04Z,2026-08-14,14,1,Disney Adventure World,The Twilight Zone Tower of Terror,40,OPERATING,STANDBY,40,,,queue-times.com
2026-08-14T12:01:04Z,2026-08-14,14,1,Disney Adventure World,Cars Quatre Roues Rallye,31,OPERATING,STANDBY,10,,,queue-times.com
2026-08-14T12:01:04Z,2026-08-14,14,1,Disney Adventure World,Cars ROAD TRIP,29,OPERATING,STANDBY,15,,,queue-times.com
2026-08-14T12:01:04Z,2026-08-14,14,1,Disney Adventure World,Crush's Coaster,32,OPERATING,STANDBY,80,,,queue-times.com
2026-08-14T12:01:04Z,2026-08-14,14,1,Disney Adventure World,Crush's Coaster Single Rider,7277,OPERATING,STANDBY,55,,,queue-times.com
2026-08-14T12:01:04Z,2026-08-14,14,1,Disney Adventure World,Les Tapis Volants - Flying Carpets Over Agrabah®,33,CLOSED,STANDBY,0,,,queue-times.com
2026-08-14T12:01:04Z,2026-08-14,14,1,Disney Adventure World,Ratatouille : L’Aventure Totalement Toquée de Rémy​,37,OPERATING,STANDBY,60,,,queue-times.com
2026-08-14T12:01:04Z,2026-08-14,14,1,Disney Adventure World,Ratatouille: The Adventure Single Rider,7279,OPERATING,STANDBY,15,,,queue-times.com
2026-08-14T12:01:04Z,2026-08-14,14,1,Disney Adventure World,RC Racer,34,CLOSED,STANDBY,0,,,queue-times.com
2026-08-14T12:01:04Z,2026-08-14,14,1,Disney Adventure World,RC Racer Single Rider,7280,CLOSED,STANDBY,0,,,queue-times.com
2026-08-14T12:01:04Z,2026-08-14,14,1,Disney Adventure World,Slinky® Dog Zigzag Spin,36,CLOSED,STANDBY,0,,,queue-times.com
2026-08-14T12:01:04Z,2026-08-14,14,1,Disney Adventure World,Toy Soldiers Parachute Drop,35,CLOSED,STANDBY,0,,,queue-times.com
2026-08-14T12:01:04Z,2026-08-14,14,1,Disney Adventure World,Toy Soldiers Parachute Drop Single Rider,7281,CLOSED,STANDBY,0,,,queue-times.com
2026-08-14T12:01:04Z,2026-08-14,14,1,Disney Adventure World,Entry to World of Frozen,16247,OPERATING,STANDBY,0,,,queue-times.com
2026-08-14T12:01:04Z,2026-08-14,14,1,Disney Adventure World,Frozen Ever After,15413,OPERATING,STANDBY,50,,,queue-times.com
2026-08-14T12:01:04Z,2026-08-14,14,1,Disney Adventure World,Raiponce Tangled Spin,15415,OPERATING,STANDBY,10,,,queue-times.com
2026-08-14T12:15:37Z,2026-08-14,14,15,Disneyland Park,Adventure Isle,2702,OPERATING,STANDBY,0,,,queue-times.com
2026-08-14T12:15:37Z,2026-08-14,14,15,Disneyland Park,Indiana Jones and the Temple of Peril Single Rider,7306,OPERATING,STANDBY,5,,,queue-times.com
2026-08-14T12:15:37Z,2026-08-14,14,15,Disneyland Park,Indiana Jones™ and the Temple of Peril,2,OPERATING,STANDBY,5,,,queue-times.com
2026-08-14T12:15:37Z,2026-08-14,14,15,Disneyland Park,La Cabane des Robinson,1,CLOSED,STANDBY,0,,,queue-times.com
2026-08-14T12:15:37Z,2026-08-14,14,15,Disneyland Park,Le Passage Enchanté d'Aladdin,2703,OPERATING,STANDBY,0,,,queue-times.com
2026-08-14T12:15:37Z,2026-08-14,14,15,Disneyland Park,Pirate Galleon,2705,CLOSED,STANDBY,0,,,queue-times.com
2026-08-14T12:15:37Z,2026-08-14,14,15,Disneyland Park,Pirates of the Caribbean,3,OPERATING,STANDBY,35,,,queue-times.com
2026-08-14T12:15:37Z,2026-08-14,14,15,Disneyland Park,Pirates' Beach,2704,CLOSED,STANDBY,0,,,queue-times.com
2026-08-14T12:15:37Z,2026-08-14,14,15,Disneyland Park,"Autopia, presented by Avis",4,CLOSED,STANDBY,0,,,queue-times.com
2026-08-14T12:15:37Z,2026-08-14,14,15,Disneyland Park,Buzz Lightyear Laser Blast,5,OPERATING,STANDBY,40,,,queue-times.com
2026-08-14T12:15:37Z,2026-08-14,14,15,Disneyland Park,Disneyland Railroad Discoveryland Station,2706,CLOSED,STANDBY,0,,,queue-times.com
2026-08-14T12:15:37Z,2026-08-14,14,15,Disneyland Park,Les Mystères du Nautilus,6,OPERATING,STANDBY,5,,,queue-times.com
2026-08-14T12:15:37Z,2026-08-14,14,15,Disneyland Park,Mickey’s PhilharMagic,2707,OPERATING,STANDBY,0,,,queue-times.com
2026-08-14T12:15:37Z,2026-08-14,14,15,Disneyland Park,Orbitron®,7,CLOSED,STANDBY,0,,,queue-times.com
2026-08-14T12:15:37Z,2026-08-14,14,15,Disneyland Park,Star Tours: The Adventures Continue*,9,OPERATING,STANDBY,10,,,queue-times.com
2026-08-14T12:15:37Z,2026-08-14,14,15,Disneyland Park,Star Wars Hyperspace Mountain,8,OPERATING,STANDBY,25,,,queue-times.com
2026-08-14T12:15:37Z,2026-08-14,14,15,Disneyland Park,Star Wars Hyperspace Mountain Single Rider,7278,OPERATING,STANDBY,20,,,queue-times.com
2026-08-14T12:15:37Z,2026-08-14,14,15,Disneyland Park,Welcome to Starport: A Star Wars Encounter,4573,OPERATING,STANDBY,20,,,queue-times.com
2026-08-14T12:15:37Z,2026-08-14,14,15,Disneyland Park,"""it's a small world""",19,OPERATING,STANDBY,20,,,queue-times.com
2026-08-14T12:15:37Z,2026-08-14,14,15,Disneyland Park,Alice's Curious Labyrinth,14,OPERATING,STANDBY,5,,,queue-times.com
2026-08-14T12:15:37Z,2026-08-14,14,15,Disneyland Park,Blanche-Neige et les Sept Nains®,15,OPERATING,STANDBY,25,,,queue-times.com
2026-08-14T12:15:37Z,2026-08-14,14,15,Disneyland Park,Casey Jr. – le Petit Train du Cirque,17,CLOSED,STANDBY,0,,,queue-times.com
2026-08-14T12:15:37Z,2026-08-14,14,15,Disneyland Park,Disneyland Railroad Fantasyland Station,2711,CLOSED,STANDBY,0,,,queue-times.com
2026-08-14T12:15:37Z,2026-08-14,14,15,Disneyland Park,Disneyland Railroad Main Street Station,11,CLOSED,STANDBY,0,,,queue-times.com
2026-08-14T12:15:37Z,2026-08-14,14,15,Disneyland Park,Dumbo the Flying Elephant,18,CLOSED,STANDBY,0,,,queue-times.com
2026-08-14T12:15:37Z,2026-08-14,14,15,Disneyland Park,La Tanière du Dragon,2710,OPERATING,STANDBY,0,,,queue-times.com
2026-08-14T12:15:37Z,2026-08-14,14,15,Disneyland Park,Le Carrousel de Lancelot,16,OPERATING,STANDBY,15,,,queue-times.com
2026-08-14T12:15:37Z,2026-08-14,14,15,Disneyland Park,"Le Pays des Contes de Fées, presented by Vittel",21,CLOSED,STANDBY,0,,,queue-times.com
2026-08-14T12:15:37Z,2026-08-14,14,15,Disneyland Park,Les Voyages de Pinocchio,23,OPERATING,STANDBY,25,,,queue-times.com
2026-08-14T12:15:37Z,2026-08-14,14,15,Disneyland Park,Mad Hatter's Tea Cups,20,CLOSED,STANDBY,0,,,queue-times.com
2026-08-14T12:15:37Z,2026-08-14,14,15,Disneyland Park,Meet Mickey Mouse,13,OPERATING,STANDBY,0,,,queue-times.com
2026-08-14T12:15:37Z,2026-08-14,14,15,Disneyland Park,Peter Pan's Flight,22,OPERATING,STANDBY,55,,,queue-times.com
2026-08-14T12:15:37Z,2026-08-14,14,15,Disneyland Park,Princess Pavilion,24,OPERATING,STANDBY,0,,,queue-times.com
2026-08-14T12:15:37Z,2026-08-14,14,15,Disneyland Park,Big Thunder Mountain,25,CLOSED,STANDBY,0,,,queue-times.com
2026-08-14T12:15:37Z,2026-08-14,14,15,Disneyland Park,Disneyland Railroad Frontierland Depot,2714,CLOSED,STANDBY,0,,,queue-times.com
2026-08-14T12:15:37Z,2026-08-14,14,15,Disneyland Park,Frontierland Playground,2713,CLOSED,STANDBY,0,,,queue-times.com
2026-08-14T12:15:37Z,2026-08-14,14,15,Disneyland Park,Phantom Manor,26,OPERATING,STANDBY,30,,,queue-times.com
2026-08-14T12:15:37Z,2026-08-14,14,15,Disneyland Park,River Rogue Keelboats,27,CLOSED,STANDBY,0,,,queue-times.com
2026-08-14T12:15:37Z,2026-08-14,14,15,Disneyland Park,Rustler Roundup Shootin' Gallery,2712,OPERATING,STANDBY,0,,,queue-times.com
2026-08-14T12:15:37Z,2026-08-14,14,15,Disneyland Park,Thunder Mesa Riverboat Landing,28,CLOSED,STANDBY,0,,,queue-times.com
2026-08-14T12:15:37Z,2026-08-14,14,15,Disneyland Park,Disneyland Railroad Main Street Station,2708,CLOSED,STANDBY,0,,,queue-times.com
2026-08-14T12:15:37Z,2026-08-14,14,15,Disneyland Park,Main Street Vehicles,12,OPERATING,STANDBY,5,,,queue-times.com
2026-08-14T12:15:37Z,2026-08-14,14,15,Disney Adventure World,Avengers Assemble: Flight Force,10848,OPERATING,STANDBY,10,,,queue-times.com
2026-08-14T12:15:37Z,2026-08-14,14,15,Disney Adventure World,Avengers Assemble: Flight Force Single Rider,10849,OPERATING,STANDBY,5,,,queue-times.com
2026-08-14T12:15:37Z,2026-08-14,14,15,Disney Adventure World,Spider-Man W.E.B. Adventure,10845,OPERATING,STANDBY,45,,,queue-times.com
2026-08-14T12:15:37Z,2026-08-14,14,15,Disney Adventure World,Spider-Man W.E.B. Adventure Single Rider,10846,OPERATING,STANDBY,15,,,queue-times.com
2026-08-14T12:15:37Z,2026-08-14,14,15,Disney Adventure World,The Twilight Zone Tower of Terror,40,OPERATING,STANDBY,35,,,queue-times.com
2026-08-14T12:15:37Z,2026-08-14,14,15,Disney Adventure World,Cars Quatre Roues Rallye,31,OPERATING,STANDBY,10,,,queue-times.com
2026-08-14T12:15:37Z,2026-08-14,14,15,Disney Adventure World,Cars ROAD TRIP,29,OPERATING,STANDBY,20,,,queue-times.com
2026-08-14T12:15:37Z,2026-08-14,14,15,Disney Adventure World,Crush's Coaster,32,OPERATING,STANDBY,80,,,queue-times.com
2026-08-14T12:15:37Z,2026-08-14,14,15,Disney Adventure World,Crush's Coaster Single Rider,7277,OPERATING,STANDBY,45,,,queue-times.com
2026-08-14T12:15:37Z,2026-08-14,14,15,Disney Adventure World,Les Tapis Volants - Flying Carpets Over Agrabah®,33,CLOSED,STANDBY,0,,,queue-times.com
2026-08-14T12:15:37Z,2026-08-14,14,15,Disney Adventure World,Ratatouille : L’Aventure Totalement Toquée de Rémy​,37,OPERATING,STANDBY,70,,,queue-times.com
2026-08-14T12:15:37Z,2026-08-14,14,15,Disney Adventure World,Ratatouille: The Adventure Single Rider,7279,OPERATING,STANDBY,15,,,queue-times.com
2026-08-14T12:15:37Z,2026-08-14,14,15,Disney Adventure World,RC Racer,34,CLOSED,STANDBY,0,,,queue-times.com
2026-08-14T12:15:37Z,2026-08-14,14,15,Disney Adventure World,RC Racer Single Rider,7280,CLOSED,STANDBY,0,,,queue-times.com
2026-08-14T12:15:37Z,2026-08-14,14,15,Disney Adventure World,Slinky® Dog Zigzag Spin,36,CLOSED,STANDBY,0,,,queue-times.com
2026-08-14T12:15:37Z,2026-08-14,14,15,Disney Adventure World,Toy Soldiers Parachute Drop,35,CLOSED,STANDBY,0,,,queue-times.com
2026-08-14T12:15:37Z,2026-08-14,14,15,Disney Adventure World,Toy Soldiers Parachute Drop Single Rider,7281,CLOSED,STANDBY,0,,,queue-times.com
2026-08-14T12:15:37Z,2026-08-14,14,15,Disney Adventure World,Entry to World of Frozen,16247,OPERATING,STANDBY,0,,,queue-times.com
2026-08-14T12:15:37Z,2026-08-14,14,15,Disney Adventure World,Frozen Ever After,15413,OPERATING,STANDBY,50,,,queue-times.com
2026-08-14T12:15:37Z,2026-08-14,14,15,Disney Adventure World,Raiponce Tangled Spin,15415,OPERATING,STANDBY,5,,,queue-times.com
2026-08-14T12:26:11Z,2026-08-14,14,26,Disneyland Park,Adventure Isle,2702,OPERATING,STANDBY,0,,,queue-times.com
2026-08-14T12:26:11Z,2026-08-14,14,26,Disneyland Park,Indiana Jones and the Temple of Peril Single Rider,7306,OPERATING,STANDBY,5,,,queue-times.com
2026-08-14T12:26:11Z,2026-08-14,14,26,Disneyland Park,Indiana Jones™ and the Temple of Peril,2,OPERATING,STANDBY,10,,,queue-times.com
2026-08-14T12:26:11Z,2026-08-14,14,26,Disneyland Park,La Cabane des Robinson,1,CLOSED,STANDBY,0,,,queue-times.com
2026-08-14T12:26:11Z,2026-08-14,14,26,Disneyland Park,Le Passage Enchanté d'Aladdin,2703,OPERATING,STANDBY,0,,,queue-times.com
2026-08-14T12:26:11Z,2026-08-14,14,26,Disneyland Park,Pirate Galleon,2705,CLOSED,STANDBY,0,,,queue-times.com
2026-08-14T12:26:11Z,2026-08-14,14,26,Disneyland Park,Pirates of the Caribbean,3,OPERATING,STANDBY,35,,,queue-times.com
2026-08-14T12:26:11Z,2026-08-14,14,26,Disneyland Park,Pirates' Beach,2704,CLOSED,STANDBY,0,,,queue-times.com
2026-08-14T12:26:11Z,2026-08-14,14,26,Disneyland Park,"Autopia, presented by Avis",4,CLOSED,STANDBY,0,,,queue-times.com
2026-08-14T12:26:11Z,2026-08-14,14,26,Disneyland Park,Buzz Lightyear Laser Blast,5,OPERATING,STANDBY,40,,,queue-times.com
2026-08-14T12:26:11Z,2026-08-14,14,26,Disneyland Park,Disneyland Railroad Discoveryland Station,2706,CLOSED,STANDBY,0,,,queue-times.com
2026-08-14T12:26:11Z,2026-08-14,14,26,Disneyland Park,Les Mystères du Nautilus,6,OPERATING,STANDBY,5,,,queue-times.com
2026-08-14T12:26:11Z,2026-08-14,14,26,Disneyland Park,Mickey’s PhilharMagic,2707,OPERATING,STANDBY,0,,,queue-times.com
2026-08-14T12:26:11Z,2026-08-14,14,26,Disneyland Park,Orbitron®,7,CLOSED,STANDBY,0,,,queue-times.com
2026-08-14T12:26:11Z,2026-08-14,14,26,Disneyland Park,Star Tours: The Adventures Continue*,9,OPERATING,STANDBY,10,,,queue-times.com
2026-08-14T12:26:11Z,2026-08-14,14,26,Disneyland Park,Star Wars Hyperspace Mountain,8,OPERATING,STANDBY,25,,,queue-times.com
2026-08-14T12:26:11Z,2026-08-14,14,26,Disneyland Park,Star Wars Hyperspace Mountain Single Rider,7278,OPERATING,STANDBY,20,,,queue-times.com
2026-08-14T12:26:11Z,2026-08-14,14,26,Disneyland Park,Welcome to Starport: A Star Wars Encounter,4573,OPERATING,STANDBY,20,,,queue-times.com
2026-08-14T12:26:11Z,2026-08-14,14,26,Disneyland Park,"""it's a small world""",19,OPERATING,STANDBY,25,,,queue-times.com
2026-08-14T12:26:11Z,2026-08-14,14,26,Disneyland Park,Alice's Curious Labyrinth,14,OPERATING,STANDBY,5,,,queue-times.com
2026-08-14T12:26:11Z,2026-08-14,14,26,Disneyland Park,Blanche-Neige et les Sept Nains®,15,OPERATING,STANDBY,30,,,queue-times.com
2026-08-14T12:26:11Z,2026-08-14,14,26,Disneyland Park,Casey Jr. – le Petit Train du Cirque,17,CLOSED,STANDBY,0,,,queue-times.com
2026-08-14T12:26:11Z,2026-08-14,14,26,Disneyland Park,Disneyland Railroad Fantasyland Station,2711,CLOSED,STANDBY,0,,,queue-times.com
2026-08-14T12:26:11Z,2026-08-14,14,26,Disneyland Park,Disneyland Railroad Main Street Station,11,CLOSED,STANDBY,0,,,queue-times.com
2026-08-14T12:26:11Z,2026-08-14,14,26,Disneyland Park,Dumbo the Flying Elephant,18,CLOSED,STANDBY,0,,,queue-times.com
2026-08-14T12:26:11Z,2026-08-14,14,26,Disneyland Park,La Tanière du Dragon,2710,OPERATING,STANDBY,0,,,queue-times.com
2026-08-14T12:26:11Z,2026-08-14,14,26,Disneyland Park,Le Carrousel de Lancelot,16,OPERATING,STANDBY,15,,,queue-times.com
2026-08-14T12:26:11Z,2026-08-14,14,26,Disneyland Park,"Le Pays des Contes de Fées, presented by Vittel",21,CLOSED,STANDBY,0,,,queue-times.com
2026-08-14T12:26:11Z,2026-08-14,14,26,Disneyland Park,Les Voyages de Pinocchio,23,OPERATING,STANDBY,25,,,queue-times.com
2026-08-14T12:26:11Z,2026-08-14,14,26,Disneyland Park,Mad Hatter's Tea Cups,20,CLOSED,STANDBY,0,,,queue-times.com
2026-08-14T12:26:11Z,2026-08-14,14,26,Disneyland Park,Meet Mickey Mouse,13,OPERATING,STANDBY,0,,,queue-times.com
2026-08-14T12:26:11Z,2026-08-14,14,26,Disneyland Park,Peter Pan's Flight,22,OPERATING,STANDBY,45,,,queue-times.com
2026-08-14T12:26:11Z,2026-08-14,14,26,Disneyland Park,Princess Pavilion,24,OPERATING,STANDBY,0,,,queue-times.com
2026-08-14T12:26:11Z,2026-08-14,14,26,Disneyland Park,Big Thunder Mountain,25,CLOSED,STANDBY,0,,,queue-times.com
2026-08-14T12:26:11Z,2026-08-14,14,26,Disneyland Park,Disneyland Railroad Frontierland Depot,2714,CLOSED,STANDBY,0,,,queue-times.com
2026-08-14T12:26:11Z,2026-08-14,14,26,Disneyland Park,Frontierland Playground,2713,CLOSED,STANDBY,0,,,queue-times.com
2026-08-14T12:26:11Z,2026-08-14,14,26,Disneyland Park,Phantom Manor,26,OPERATING,STANDBY,30,,,queue-times.com
2026-08-14T12:26:11Z,2026-08-14,14,26,Disneyland Park,River Rogue Keelboats,27,CLOSED,STANDBY,0,,,queue-times.com
2026-08-14T12:26:11Z,2026-08-14,14,26,Disneyland Park,Rustler Roundup Shootin' Gallery,2712,OPERATING,STANDBY,0,,,queue-times.com
2026-08-14T12:26:11Z,2026-08-14,14,26,Disneyland Park,Thunder Mesa Riverboat Landing,28,CLOSED,STANDBY,0,,,queue-times.com
2026-08-14T12:26:11Z,2026-08-14,14,26,Disneyland Park,Disneyland Railroad Main Street Station,2708,CLOSED,STANDBY,0,,,queue-times.com
2026-08-14T12:26:11Z,2026-08-14,14,26,Disneyland Park,Main Street Vehicles,12,OPERATING,STANDBY,5,,,queue-times.com
2026-08-14T12:26:11Z,2026-08-14,14,26,Disney Adventure World,Avengers Assemble: Flight Force,10848,OPERATING,STANDBY,15,,,queue-times.com
2026-08-14T12:26:11Z,2026-08-14,14,26,Disney Adventure World,Avengers Assemble: Flight Force Single Rider,10849,OPERATING,STANDBY,10,,,queue-times.com
2026-08-14T12:26:11Z,2026-08-14,14,26,Disney Adventure World,Spider-Man W.E.B. Adventure,10845,OPERATING,STANDBY,45,,,queue-times.com
2026-08-14T12:26:11Z,2026-08-14,14,26,Disney Adventure World,Spider-Man W.E.B. Adventure Single Rider,10846,OPERATING,STANDBY,35,,,queue-times.com
2026-08-14T12:26:11Z,2026-08-14,14,26,Disney Adventure World,The Twilight Zone Tower of Terror,40,OPERATING,STANDBY,30,,,queue-times.com
2026-08-14T12:26:11Z,2026-08-14,14,26,Disney Adventure World,Cars Quatre Roues Rallye,31,OPERATING,STANDBY,10,,,queue-times.com
2026-08-14T12:26:11Z,2026-08-14,14,26,Disney Adventure World,Cars ROAD TRIP,29,OPERATING,STANDBY,20,,,queue-times.com
2026-08-14T12:26:11Z,2026-08-14,14,26,Disney Adventure World,Crush's Coaster,32,OPERATING,STANDBY,65,,,queue-times.com
2026-08-14T12:26:11Z,2026-08-14,14,26,Disney Adventure World,Crush's Coaster Single Rider,7277,OPERATING,STANDBY,60,,,queue-times.com
2026-08-14T12:26:11Z,2026-08-14,14,26,Disney Adventure World,Les Tapis Volants - Flying Carpets Over Agrabah®,33,CLOSED,STANDBY,0,,,queue-times.com
2026-08-14T12:26:11Z,2026-08-14,14,26,Disney Adventure World,Ratatouille : L’Aventure Totalement Toquée de Rémy​,37,OPERATING,STANDBY,60,,,queue-times.com
2026-08-14T12:26:11Z,2026-08-14,14,26,Disney Adventure World,Ratatouille: The Adventure Single Rider,7279,OPERATING,STANDBY,25,,,queue-times.com
2026-08-14T12:26:11Z,2026-08-14,14,26,Disney Adventure World,RC Racer,34,CLOSED,STANDBY,0,,,queue-times.com
2026-08-14T12:26:11Z,2026-08-14,14,26,Disney Adventure World,RC Racer Single Rider,7280,CLOSED,STANDBY,0,,,queue-times.com
2026-08-14T12:26:11Z,2026-08-14,14,26,Disney Adventure World,Slinky® Dog Zigzag Spin,36,CLOSED,STANDBY,0,,,queue-times.com
2026-08-14T12:26:11Z,2026-08-14,14,26,Disney Adventure World,Toy Soldiers Parachute Drop,35,OPERATING,STANDBY,5,,,queue-times.com
2026-08-14T12:26:11Z,2026-08-14,14,26,Disney Adventure World,Toy Soldiers Parachute Drop Single Rider,7281,OPERATING,STANDBY,5,,,queue-times.com
2026-08-14T12:26:11Z,2026-08-14,14,26,Disney Adventure World,Entry to World of Frozen,16247,OPERATING,STANDBY,0,,,queue-times.com
2026-08-14T12:26:11Z,2026-08-14,14,26,Disney Adventure World,Frozen Ever After,15413,OPERATING,STANDBY,50,,,queue-times.com
2026-08-14T12:26:11Z,2026-08-14,14,26,Disney Adventure World,Raiponce Tangled Spin,15415,OPERATING,STANDBY,5,,,queue-times.com
2026-08-14T12:30:51Z,2026-08-14,14,30,Disneyland Park,Adventure Isle,2702,OPERATING,STANDBY,0,,,queue-times.com
2026-08-14T12:30:51Z,2026-08-14,14,30,Disneyland Park,Indiana Jones and the Temple of Peril Single Rider,7306,OPERATING,STANDBY,5,,,queue-times.com
2026-08-14T12:30:51Z,2026-08-14,14,30,Disneyland Park,Indiana Jones™ and the Temple of Peril,2,OPERATING,STANDBY,10,,,queue-times.com
2026-08-14T12:30:51Z,2026-08-14,14,30,Disneyland Park,La Cabane des Robinson,1,CLOSED,STANDBY,0,,,queue-times.com
2026-08-14T12:30:51Z,2026-08-14,14,30,Disneyland Park,Le Passage Enchanté d'Aladdin,2703,OPERATING,STANDBY,0,,,queue-times.com
2026-08-14T12:30:51Z,2026-08-14,14,30,Disneyland Park,Pirate Galleon,2705,CLOSED,STANDBY,0,,,queue-times.com
2026-08-14T12:30:51Z,2026-08-14,14,30,Disneyland Park,Pirates of the Caribbean,3,OPERATING,STANDBY,35,,,queue-times.com
2026-08-14T12:30:51Z,2026-08-14,14,30,Disneyland Park,Pirates' Beach,2704,CLOSED,STANDBY,0,,,queue-times.com
2026-08-14T12:30:51Z,2026-08-14,14,30,Disneyland Park,"Autopia, presented by Avis",4,CLOSED,STANDBY,0,,,queue-times.com
2026-08-14T12:30:51Z,2026-08-14,14,30,Disneyland Park,Buzz Lightyear Laser Blast,5,OPERATING,STANDBY,40,,,queue-times.com
2026-08-14T12:30:51Z,2026-08-14,14,30,Disneyland Park,Disneyland Railroad Discoveryland Station,2706,CLOSED,STANDBY,0,,,queue-times.com
2026-08-14T12:30:51Z,2026-08-14,14,30,Disneyland Park,Les Mystères du Nautilus,6,OPERATING,STANDBY,5,,,queue-times.com
2026-08-14T12:30:51Z,2026-08-14,14,30,Disneyland Park,Mickey’s PhilharMagic,2707,OPERATING,STANDBY,0,,,queue-times.com
2026-08-14T12:30:51Z,2026-08-14,14,30,Disneyland Park,Orbitron®,7,CLOSED,STANDBY,0,,,queue-times.com
2026-08-14T12:30:51Z,2026-08-14,14,30,Disneyland Park,Star Tours: The Adventures Continue*,9,OPERATING,STANDBY,15,,,queue-times.com
2026-08-14T12:30:51Z,2026-08-14,14,30,Disneyland Park,Star Wars Hyperspace Mountain,8,OPERATING,STANDBY,30,,,queue-times.com
2026-08-14T12:30:51Z,2026-08-14,14,30,Disneyland Park,Star Wars Hyperspace Mountain Single Rider,7278,OPERATING,STANDBY,10,,,queue-times.com
2026-08-14T12:30:51Z,2026-08-14,14,30,Disneyland Park,Welcome to Starport: A Star Wars Encounter,4573,OPERATING,STANDBY,20,,,queue-times.com
2026-08-14T12:30:51Z,2026-08-14,14,30,Disneyland Park,"""it's a small world""",19,OPERATING,STANDBY,25,,,queue-times.com
2026-08-14T12:30:51Z,2026-08-14,14,30,Disneyland Park,Alice's Curious Labyrinth,14,OPERATING,STANDBY,5,,,queue-times.com
2026-08-14T12:30:51Z,2026-08-14,14,30,Disneyland Park,Blanche-Neige et les Sept Nains®,15,OPERATING,STANDBY,30,,,queue-times.com
2026-08-14T12:30:51Z,2026-08-14,14,30,Disneyland Park,Casey Jr. – le Petit Train du Cirque,17,CLOSED,STANDBY,0,,,queue-times.com
2026-08-14T12:30:51Z,2026-08-14,14,30,Disneyland Park,Disneyland Railroad Fantasyland Station,2711,CLOSED,STANDBY,0,,,queue-times.com
2026-08-14T12:30:51Z,2026-08-14,14,30,Disneyland Park,Disneyland Railroad Main Street Station,11,CLOSED,STANDBY,0,,,queue-times.com
2026-08-14T12:30:51Z,2026-08-14,14,30,Disneyland Park,Dumbo the Flying Elephant,18,CLOSED,STANDBY,0,,,queue-times.com
2026-08-14T12:30:51Z,2026-08-14,14,30,Disneyland Park,La Tanière du Dragon,2710,OPERATING,STANDBY,0,,,queue-times.com
2026-08-14T12:30:51Z,2026-08-14,14,30,Disneyland Park,Le Carrousel de Lancelot,16,OPERATING,STANDBY,15,,,queue-times.com
2026-08-14T12:30:51Z,2026-08-14,14,30,Disneyland Park,"Le Pays des Contes de Fées, presented by Vittel",21,CLOSED,STANDBY,0,,,queue-times.com
2026-08-14T12:30:51Z,2026-08-14,14,30,Disneyland Park,Les Voyages de Pinocchio,23,OPERATING,STANDBY,25,,,queue-times.com
2026-08-14T12:30:51Z,2026-08-14,14,30,Disneyland Park,Mad Hatter's Tea Cups,20,CLOSED,STANDBY,0,,,queue-times.com
2026-08-14T12:30:51Z,2026-08-14,14,30,Disneyland Park,Meet Mickey Mouse,13,OPERATING,STANDBY,0,,,queue-times.com
2026-08-14T12:30:51Z,2026-08-14,14,30,Disneyland Park,Peter Pan's Flight,22,OPERATING,STANDBY,45,,,queue-times.com
2026-08-14T12:30:51Z,2026-08-14,14,30,Disneyland Park,Princess Pavilion,24,OPERATING,STANDBY,0,,,queue-times.com
2026-08-14T12:30:51Z,2026-08-14,14,30,Disneyland Park,Big Thunder Mountain,25,CLOSED,STANDBY,0,,,queue-times.com
2026-08-14T12:30:51Z,2026-08-14,14,30,Disneyland Park,Disneyland Railroad Frontierland Depot,2714,CLOSED,STANDBY,0,,,queue-times.com
2026-08-14T12:30:51Z,2026-08-14,14,30,Disneyland Park,Frontierland Playground,2713,CLOSED,STANDBY,0,,,queue-times.com
2026-08-14T12:30:51Z,2026-08-14,14,30,Disneyland Park,Phantom Manor,26,OPERATING,STANDBY,30,,,queue-times.com
2026-08-14T12:30:51Z,2026-08-14,14,30,Disneyland Park,River Rogue Keelboats,27,CLOSED,STANDBY,0,,,queue-times.com
2026-08-14T12:30:51Z,2026-08-14,14,30,Disneyland Park,Rustler Roundup Shootin' Gallery,2712,OPERATING,STANDBY,0,,,queue-times.com
2026-08-14T12:30:51Z,2026-08-14,14,30,Disneyland Park,Thunder Mesa Riverboat Landing,28,CLOSED,STANDBY,0,,,queue-times.com
2026-08-14T12:30:51Z,2026-08-14,14,30,Disneyland Park,Disneyland Railroad Main Street Station,2708,CLOSED,STANDBY,0,,,queue-times.com
2026-08-14T12:30:51Z,2026-08-14,14,30,Disneyland Park,Main Street Vehicles,12,OPERATING,STANDBY,5,,,queue-times.com
2026-08-14T12:30:51Z,2026-08-14,14,30,Disney Adventure World,Avengers Assemble: Flight Force,10848,OPERATING,STANDBY,15,,,queue-times.com
2026-08-14T12:30:51Z,2026-08-14,14,30,Disney Adventure World,Avengers Assemble: Flight Force Single Rider,10849,OPERATING,STANDBY,10,,,queue-times.com
2026-08-14T12:30:51Z,2026-08-14,14,30,Disney Adventure World,Spider-Man W.E.B. Adventure,10845,OPERATING,STANDBY,45,,,queue-times.com
2026-08-14T12:30:51Z,2026-08-14,14,30,Disney Adventure World,Spider-Man W.E.B. Adventure Single Rider,10846,OPERATING,STANDBY,35,,,queue-times.com
2026-08-14T12:30:51Z,2026-08-14,14,30,Disney Adventure World,The Twilight Zone Tower of Terror,40,OPERATING,STANDBY,30,,,queue-times.com
2026-08-14T12:30:51Z,2026-08-14,14,30,Disney Adventure World,Cars Quatre Roues Rallye,31,OPERATING,STANDBY,10,,,queue-times.com
2026-08-14T12:30:51Z,2026-08-14,14,30,Disney Adventure World,Cars ROAD TRIP,29,OPERATING,STANDBY,20,,,queue-times.com
2026-08-14T12:30:51Z,2026-08-14,14,30,Disney Adventure World,Crush's Coaster,32,OPERATING,STANDBY,65,,,queue-times.com
2026-08-14T12:30:51Z,2026-08-14,14,30,Disney Adventure World,Crush's Coaster Single Rider,7277,OPERATING,STANDBY,60,,,queue-times.com
2026-08-14T12:30:51Z,2026-08-14,14,30,Disney Adventure World,Les Tapis Volants - Flying Carpets Over Agrabah®,33,CLOSED,STANDBY,0,,,queue-times.com
2026-08-14T12:30:51Z,2026-08-14,14,30,Disney Adventure World,Ratatouille : L’Aventure Totalement Toquée de Rémy​,37,OPERATING,STANDBY,60,,,queue-times.com
2026-08-14T12:30:51Z,2026-08-14,14,30,Disney Adventure World,Ratatouille: The Adventure Single Rider,7279,OPERATING,STANDBY,25,,,queue-times.com
2026-08-14T12:30:51Z,2026-08-14,14,30,Disney Adventure World,RC Racer,34,CLOSED,STANDBY,0,,,queue-times.com
2026-08-14T12:30:51Z,2026-08-14,14,30,Disney Adventure World,RC Racer Single Rider,7280,CLOSED,STANDBY,0,,,queue-times.com
2026-08-14T12:30:51Z,2026-08-14,14,30,Disney Adventure World,Slinky® Dog Zigzag Spin,36,CLOSED,STANDBY,0,,,queue-times.com
2026-08-14T12:30:51Z,2026-08-14,14,30,Disney Adventure World,Toy Soldiers Parachute Drop,35,OPERATING,STANDBY,5,,,queue-times.com
2026-08-14T12:30:51Z,2026-08-14,14,30,Disney Adventure World,Toy Soldiers Parachute Drop Single Rider,7281,OPERATING,STANDBY,5,,,queue-times.com
2026-08-14T12:30:51Z,2026-08-14,14,30,Disney Adventure World,Entry to World of Frozen,16247,OPERATING,STANDBY,0,,,queue-times.com
2026-08-14T12:30:51Z,2026-08-14,14,30,Disney Adventure World,Frozen Ever After,15413,OPERATING,STANDBY,50,,,queue-times.com
2026-08-14T12:30:51Z,2026-08-14,14,30,Disney Adventure World,Raiponce Tangled Spin,15415,OPERATING,STANDBY,5,,,queue-times.com
2026-08-14T12:45:36Z,2026-08-14,14,45,Disneyland Park,Adventure Isle,2702,OPERATING,STANDBY,0,,,queue-times.com
2026-08-14T12:45:36Z,2026-08-14,14,45,Disneyland Park,Indiana Jones and the Temple of Peril Single Rider,7306,OPERATING,STANDBY,5,,,queue-times.com
2026-08-14T12:45:36Z,2026-08-14,14,45,Disneyland Park,Indiana Jones™ and the Temple of Peril,2,OPERATING,STANDBY,10,,,queue-times.com
2026-08-14T12:45:36Z,2026-08-14,14,45,Disneyland Park,La Cabane des Robinson,1,CLOSED,STANDBY,0,,,queue-times.com
2026-08-14T12:45:36Z,2026-08-14,14,45,Disneyland Park,Le Passage Enchanté d'Aladdin,2703,OPERATING,STANDBY,0,,,queue-times.com
2026-08-14T12:45:36Z,2026-08-14,14,45,Disneyland Park,Pirate Galleon,2705,CLOSED,STANDBY,0,,,queue-times.com
2026-08-14T12:45:36Z,2026-08-14,14,45,Disneyland Park,Pirates of the Caribbean,3,OPERATING,STANDBY,25,,,queue-times.com
2026-08-14T12:45:36Z,2026-08-14,14,45,Disneyland Park,Pirates' Beach,2704,CLOSED,STANDBY,0,,,queue-times.com
2026-08-14T12:45:36Z,2026-08-14,14,45,Disneyland Park,"Autopia, presented by Avis",4,CLOSED,STANDBY,0,,,queue-times.com
2026-08-14T12:45:36Z,2026-08-14,14,45,Disneyland Park,Buzz Lightyear Laser Blast,5,OPERATING,STANDBY,45,,,queue-times.com
2026-08-14T12:45:36Z,2026-08-14,14,45,Disneyland Park,Disneyland Railroad Discoveryland Station,2706,CLOSED,STANDBY,0,,,queue-times.com
2026-08-14T12:45:36Z,2026-08-14,14,45,Disneyland Park,Les Mystères du Nautilus,6,OPERATING,STANDBY,5,,,queue-times.com
2026-08-14T12:45:36Z,2026-08-14,14,45,Disneyland Park,Mickey’s PhilharMagic,2707,OPERATING,STANDBY,0,,,queue-times.com
2026-08-14T12:45:36Z,2026-08-14,14,45,Disneyland Park,Orbitron®,7,CLOSED,STANDBY,0,,,queue-times.com
2026-08-14T12:45:36Z,2026-08-14,14,45,Disneyland Park,Star Tours: The Adventures Continue*,9,OPERATING,STANDBY,20,,,queue-times.com
2026-08-14T12:45:36Z,2026-08-14,14,45,Disneyland Park,Star Wars Hyperspace Mountain,8,OPERATING,STANDBY,30,,,queue-times.com
2026-08-14T12:45:36Z,2026-08-14,14,45,Disneyland Park,Star Wars Hyperspace Mountain Single Rider,7278,OPERATING,STANDBY,10,,,queue-times.com
2026-08-14T12:45:36Z,2026-08-14,14,45,Disneyland Park,Welcome to Starport: A Star Wars Encounter,4573,OPERATING,STANDBY,20,,,queue-times.com
2026-08-14T12:45:36Z,2026-08-14,14,45,Disneyland Park,"""it's a small world""",19,OPERATING,STANDBY,25,,,queue-times.com
2026-08-14T12:45:36Z,2026-08-14,14,45,Disneyland Park,Alice's Curious Labyrinth,14,OPERATING,STANDBY,5,,,queue-times.com
2026-08-14T12:45:36Z,2026-08-14,14,45,Disneyland Park,Blanche-Neige et les Sept Nains®,15,OPERATING,STANDBY,30,,,queue-times.com
2026-08-14T12:45:36Z,2026-08-14,14,45,Disneyland Park,Casey Jr. – le Petit Train du Cirque,17,CLOSED,STANDBY,0,,,queue-times.com
2026-08-14T12:45:36Z,2026-08-14,14,45,Disneyland Park,Disneyland Railroad Fantasyland Station,2711,CLOSED,STANDBY,0,,,queue-times.com
2026-08-14T12:45:36Z,2026-08-14,14,45,Disneyland Park,Disneyland Railroad Main Street Station,11,CLOSED,STANDBY,0,,,queue-times.com
2026-08-14T12:45:36Z,2026-08-14,14,45,Disneyland Park,Dumbo the Flying Elephant,18,CLOSED,STANDBY,0,,,queue-times.com
2026-08-14T12:45:36Z,2026-08-14,14,45,Disneyland Park,La Tanière du Dragon,2710,OPERATING,STANDBY,0,,,queue-times.com
2026-08-14T12:45:36Z,2026-08-14,14,45,Disneyland Park,Le Carrousel de Lancelot,16,OPERATING,STANDBY,15,,,queue-times.com
2026-08-14T12:45:36Z,2026-08-14,14,45,Disneyland Park,"Le Pays des Contes de Fées, presented by Vittel",21,CLOSED,STANDBY,0,,,queue-times.com
2026-08-14T12:45:36Z,2026-08-14,14,45,Disneyland Park,Les Voyages de Pinocchio,23,OPERATING,STANDBY,25,,,queue-times.com
2026-08-14T12:45:36Z,2026-08-14,14,45,Disneyland Park,Mad Hatter's Tea Cups,20,CLOSED,STANDBY,0,,,queue-times.com
2026-08-14T12:45:36Z,2026-08-14,14,45,Disneyland Park,Meet Mickey Mouse,13,OPERATING,STANDBY,0,,,queue-times.com
2026-08-14T12:45:36Z,2026-08-14,14,45,Disneyland Park,Peter Pan's Flight,22,OPERATING,STANDBY,55,,,queue-times.com
2026-08-14T12:45:36Z,2026-08-14,14,45,Disneyland Park,Princess Pavilion,24,OPERATING,STANDBY,0,,,queue-times.com
2026-08-14T12:45:36Z,2026-08-14,14,45,Disneyland Park,Big Thunder Mountain,25,CLOSED,STANDBY,0,,,queue-times.com
2026-08-14T12:45:36Z,2026-08-14,14,45,Disneyland Park,Disneyland Railroad Frontierland Depot,2714,CLOSED,STANDBY,0,,,queue-times.com
2026-08-14T12:45:36Z,2026-08-14,14,45,Disneyland Park,Frontierland Playground,2713,CLOSED,STANDBY,0,,,queue-times.com
2026-08-14T12:45:36Z,2026-08-14,14,45,Disneyland Park,Phantom Manor,26,OPERATING,STANDBY,30,,,queue-times.com
2026-08-14T12:45:36Z,2026-08-14,14,45,Disneyland Park,River Rogue Keelboats,27,CLOSED,STANDBY,0,,,queue-times.com
2026-08-14T12:45:36Z,2026-08-14,14,45,Disneyland Park,Rustler Roundup Shootin' Gallery,2712,OPERATING,STANDBY,0,,,queue-times.com
2026-08-14T12:45:36Z,2026-08-14,14,45,Disneyland Park,Thunder Mesa Riverboat Landing,28,CLOSED,STANDBY,0,,,queue-times.com
2026-08-14T12:45:36Z,2026-08-14,14,45,Disneyland Park,Disneyland Railroad Main Street Station,2708,CLOSED,STANDBY,0,,,queue-times.com
2026-08-14T12:45:36Z,2026-08-14,14,45,Disneyland Park,Main Street Vehicles,12,OPERATING,STANDBY,5,,,queue-times.com
2026-08-14T12:45:36Z,2026-08-14,14,45,Disney Adventure World,Avengers Assemble: Flight Force,10848,OPERATING,STANDBY,15,,,queue-times.com
2026-08-14T12:45:36Z,2026-08-14,14,45,Disney Adventure World,Avengers Assemble: Flight Force Single Rider,10849,OPERATING,STANDBY,10,,,queue-times.com
2026-08-14T12:45:36Z,2026-08-14,14,45,Disney Adventure World,Spider-Man W.E.B. Adventure,10845,OPERATING,STANDBY,75,,,queue-times.com
2026-08-14T12:45:36Z,2026-08-14,14,45,Disney Adventure World,Spider-Man W.E.B. Adventure Single Rider,10846,OPERATING,STANDBY,30,,,queue-times.com
2026-08-14T12:45:36Z,2026-08-14,14,45,Disney Adventure World,The Twilight Zone Tower of Terror,40,OPERATING,STANDBY,30,,,queue-times.com
2026-08-14T12:45:36Z,2026-08-14,14,45,Disney Adventure World,Cars Quatre Roues Rallye,31,CLOSED,STANDBY,0,,,queue-times.com
2026-08-14T12:45:36Z,2026-08-14,14,45,Disney Adventure World,Cars ROAD TRIP,29,OPERATING,STANDBY,5,,,queue-times.com
2026-08-14T12:45:36Z,2026-08-14,14,45,Disney Adventure World,Crush's Coaster,32,OPERATING,STANDBY,60,,,queue-times.com
2026-08-14T12:45:36Z,2026-08-14,14,45,Disney Adventure World,Crush's Coaster Single Rider,7277,OPERATING,STANDBY,45,,,queue-times.com
2026-08-14T12:45:36Z,2026-08-14,14,45,Disney Adventure World,Les Tapis Volants - Flying Carpets Over Agrabah®,33,CLOSED,STANDBY,0,,,queue-times.com
2026-08-14T12:45:36Z,2026-08-14,14,45,Disney Adventure World,Ratatouille : L’Aventure Totalement Toquée de Rémy​,37,OPERATING,STANDBY,45,,,queue-times.com
2026-08-14T12:45:36Z,2026-08-14,14,45,Disney Adventure World,Ratatouille: The Adventure Single Rider,7279,OPERATING,STANDBY,25,,,queue-times.com
2026-08-14T12:45:36Z,2026-08-14,14,45,Disney Adventure World,RC Racer,34,CLOSED,STANDBY,0,,,queue-times.com
2026-08-14T12:45:36Z,2026-08-14,14,45,Disney Adventure World,RC Racer Single Rider,7280,CLOSED,STANDBY,0,,,queue-times.com
2026-08-14T12:45:36Z,2026-08-14,14,45,Disney Adventure World,Slinky® Dog Zigzag Spin,36,CLOSED,STANDBY,0,,,queue-times.com
2026-08-14T12:45:36Z,2026-08-14,14,45,Disney Adventure World,Toy Soldiers Parachute Drop,35,CLOSED,STANDBY,0,,,queue-times.com
2026-08-14T12:45:36Z,2026-08-14,14,45,Disney Adventure World,Toy Soldiers Parachute Drop Single Rider,7281,CLOSED,STANDBY,0,,,queue-times.com
2026-08-14T12:45:36Z,2026-08-14,14,45,Disney Adventure World,Entry to World of Frozen,16247,OPERATING,STANDBY,0,,,queue-times.com
2026-08-14T12:45:36Z,2026-08-14,14,45,Disney Adventure World,Frozen Ever After,15413,OPERATING,STANDBY,45,,,queue-times.com
2026-08-14T12:45:36Z,2026-08-14,14,45,Disney Adventure World,Raiponce Tangled Spin,15415,OPERATING,STANDBY,10,,,queue-times.com
2026-08-14T13:01:08Z,2026-08-14,15,1,Disneyland Park,Adventure Isle,2702,OPERATING,STANDBY,0,,,queue-times.com
2026-08-14T13:01:08Z,2026-08-14,15,1,Disneyland Park,Indiana Jones and the Temple of Peril Single Rider,7306,OPERATING,STANDBY,25,,,queue-times.com
2026-08-14T13:01:08Z,2026-08-14,15,1,Disneyland Park,Indiana Jones™ and the Temple of Peril,2,OPERATING,STANDBY,30,,,queue-times.com
2026-08-14T13:01:08Z,2026-08-14,15,1,Disneyland Park,La Cabane des Robinson,1,CLOSED,STANDBY,0,,,queue-times.com
2026-08-14T13:01:08Z,2026-08-14,15,1,Disneyland Park,Le Passage Enchanté d'Aladdin,2703,OPERATING,STANDBY,0,,,queue-times.com
2026-08-14T13:01:08Z,2026-08-14,15,1,Disneyland Park,Pirate Galleon,2705,CLOSED,STANDBY,0,,,queue-times.com
2026-08-14T13:01:08Z,2026-08-14,15,1,Disneyland Park,Pirates of the Caribbean,3,OPERATING,STANDBY,25,,,queue-times.com
2026-08-14T13:01:08Z,2026-08-14,15,1,Disneyland Park,Pirates' Beach,2704,CLOSED,STANDBY,0,,,queue-times.com
2026-08-14T13:01:08Z,2026-08-14,15,1,Disneyland Park,"Autopia, presented by Avis",4,CLOSED,STANDBY,0,,,queue-times.com
2026-08-14T13:01:08Z,2026-08-14,15,1,Disneyland Park,Buzz Lightyear Laser Blast,5,OPERATING,STANDBY,65,,,queue-times.com
2026-08-14T13:01:08Z,2026-08-14,15,1,Disneyland Park,Disneyland Railroad Discoveryland Station,2706,CLOSED,STANDBY,0,,,queue-times.com
2026-08-14T13:01:08Z,2026-08-14,15,1,Disneyland Park,Les Mystères du Nautilus,6,OPERATING,STANDBY,5,,,queue-times.com
2026-08-14T13:01:08Z,2026-08-14,15,1,Disneyland Park,Mickey’s PhilharMagic,2707,OPERATING,STANDBY,0,,,queue-times.com
2026-08-14T13:01:08Z,2026-08-14,15,1,Disneyland Park,Orbitron®,7,CLOSED,STANDBY,0,,,queue-times.com
2026-08-14T13:01:08Z,2026-08-14,15,1,Disneyland Park,Star Tours: The Adventures Continue*,9,OPERATING,STANDBY,15,,,queue-times.com
2026-08-14T13:01:08Z,2026-08-14,15,1,Disneyland Park,Star Wars Hyperspace Mountain,8,OPERATING,STANDBY,30,,,queue-times.com
2026-08-14T13:01:08Z,2026-08-14,15,1,Disneyland Park,Star Wars Hyperspace Mountain Single Rider,7278,OPERATING,STANDBY,15,,,queue-times.com
2026-08-14T13:01:08Z,2026-08-14,15,1,Disneyland Park,Welcome to Starport: A Star Wars Encounter,4573,OPERATING,STANDBY,25,,,queue-times.com
2026-08-14T13:01:08Z,2026-08-14,15,1,Disneyland Park,"""it's a small world""",19,OPERATING,STANDBY,15,,,queue-times.com
2026-08-14T13:01:08Z,2026-08-14,15,1,Disneyland Park,Alice's Curious Labyrinth,14,OPERATING,STANDBY,5,,,queue-times.com
2026-08-14T13:01:08Z,2026-08-14,15,1,Disneyland Park,Blanche-Neige et les Sept Nains®,15,OPERATING,STANDBY,25,,,queue-times.com
2026-08-14T13:01:08Z,2026-08-14,15,1,Disneyland Park,Casey Jr. – le Petit Train du Cirque,17,CLOSED,STANDBY,0,,,queue-times.com
2026-08-14T13:01:08Z,2026-08-14,15,1,Disneyland Park,Disneyland Railroad Fantasyland Station,2711,CLOSED,STANDBY,0,,,queue-times.com
2026-08-14T13:01:08Z,2026-08-14,15,1,Disneyland Park,Disneyland Railroad Main Street Station,11,CLOSED,STANDBY,0,,,queue-times.com
2026-08-14T13:01:08Z,2026-08-14,15,1,Disneyland Park,Dumbo the Flying Elephant,18,CLOSED,STANDBY,0,,,queue-times.com
2026-08-14T13:01:08Z,2026-08-14,15,1,Disneyland Park,La Tanière du Dragon,2710,OPERATING,STANDBY,0,,,queue-times.com
2026-08-14T13:01:08Z,2026-08-14,15,1,Disneyland Park,Le Carrousel de Lancelot,16,OPERATING,STANDBY,15,,,queue-times.com
2026-08-14T13:01:08Z,2026-08-14,15,1,Disneyland Park,"Le Pays des Contes de Fées, presented by Vittel",21,CLOSED,STANDBY,0,,,queue-times.com
2026-08-14T13:01:08Z,2026-08-14,15,1,Disneyland Park,Les Voyages de Pinocchio,23,OPERATING,STANDBY,25,,,queue-times.com
2026-08-14T13:01:08Z,2026-08-14,15,1,Disneyland Park,Mad Hatter's Tea Cups,20,CLOSED,STANDBY,0,,,queue-times.com
2026-08-14T13:01:08Z,2026-08-14,15,1,Disneyland Park,Meet Mickey Mouse,13,OPERATING,STANDBY,0,,,queue-times.com
2026-08-14T13:01:08Z,2026-08-14,15,1,Disneyland Park,Peter Pan's Flight,22,OPERATING,STANDBY,65,,,queue-times.com
2026-08-14T13:01:08Z,2026-08-14,15,1,Disneyland Park,Princess Pavilion,24,OPERATING,STANDBY,0,,,queue-times.com
2026-08-14T13:01:08Z,2026-08-14,15,1,Disneyland Park,Big Thunder Mountain,25,CLOSED,STANDBY,0,,,queue-times.com
2026-08-14T13:01:08Z,2026-08-14,15,1,Disneyland Park,Disneyland Railroad Frontierland Depot,2714,CLOSED,STANDBY,0,,,queue-times.com
2026-08-14T13:01:08Z,2026-08-14,15,1,Disneyland Park,Frontierland Playground,2713,CLOSED,STANDBY,0,,,queue-times.com
2026-08-14T13:01:08Z,2026-08-14,15,1,Disneyland Park,Phantom Manor,26,OPERATING,STANDBY,30,,,queue-times.com
2026-08-14T13:01:08Z,2026-08-14,15,1,Disneyland Park,River Rogue Keelboats,27,CLOSED,STANDBY,0,,,queue-times.com
2026-08-14T13:01:08Z,2026-08-14,15,1,Disneyland Park,Rustler Roundup Shootin' Gallery,2712,OPERATING,STANDBY,0,,,queue-times.com
2026-08-14T13:01:08Z,2026-08-14,15,1,Disneyland Park,Thunder Mesa Riverboat Landing,28,CLOSED,STANDBY,0,,,queue-times.com
2026-08-14T13:01:08Z,2026-08-14,15,1,Disneyland Park,Disneyland Railroad Main Street Station,2708,CLOSED,STANDBY,0,,,queue-times.com
2026-08-14T13:01:08Z,2026-08-14,15,1,Disneyland Park,Main Street Vehicles,12,CLOSED,STANDBY,0,,,queue-times.com
2026-08-14T13:01:08Z,2026-08-14,15,1,Disney Adventure World,Avengers Assemble: Flight Force,10848,OPERATING,STANDBY,15,,,queue-times.com
2026-08-14T13:01:08Z,2026-08-14,15,1,Disney Adventure World,Avengers Assemble: Flight Force Single Rider,10849,OPERATING,STANDBY,10,,,queue-times.com
2026-08-14T13:01:08Z,2026-08-14,15,1,Disney Adventure World,Spider-Man W.E.B. Adventure,10845,OPERATING,STANDBY,155,,,queue-times.com
2026-08-14T13:01:08Z,2026-08-14,15,1,Disney Adventure World,Spider-Man W.E.B. Adventure Single Rider,10846,OPERATING,STANDBY,20,,,queue-times.com
2026-08-14T13:01:08Z,2026-08-14,15,1,Disney Adventure World,The Twilight Zone Tower of Terror,40,OPERATING,STANDBY,30,,,queue-times.com
2026-08-14T13:01:08Z,2026-08-14,15,1,Disney Adventure World,Cars Quatre Roues Rallye,31,CLOSED,STANDBY,0,,,queue-times.com
2026-08-14T13:01:08Z,2026-08-14,15,1,Disney Adventure World,Cars ROAD TRIP,29,OPERATING,STANDBY,5,,,queue-times.com
2026-08-14T13:01:08Z,2026-08-14,15,1,Disney Adventure World,Crush's Coaster,32,OPERATING,STANDBY,65,,,queue-times.com
2026-08-14T13:01:08Z,2026-08-14,15,1,Disney Adventure World,Crush's Coaster Single Rider,7277,OPERATING,STANDBY,60,,,queue-times.com
2026-08-14T13:01:08Z,2026-08-14,15,1,Disney Adventure World,Les Tapis Volants - Flying Carpets Over Agrabah®,33,CLOSED,STANDBY,0,,,queue-times.com
2026-08-14T13:01:08Z,2026-08-14,15,1,Disney Adventure World,Ratatouille : L’Aventure Totalement Toquée de Rémy​,37,OPERATING,STANDBY,45,,,queue-times.com
2026-08-14T13:01:08Z,2026-08-14,15,1,Disney Adventure World,Ratatouille: The Adventure Single Rider,7279,OPERATING,STANDBY,10,,,queue-times.com
2026-08-14T13:01:08Z,2026-08-14,15,1,Disney Adventure World,RC Racer,34,CLOSED,STANDBY,0,,,queue-times.com
2026-08-14T13:01:08Z,2026-08-14,15,1,Disney Adventure World,RC Racer Single Rider,7280,CLOSED,STANDBY,0,,,queue-times.com
2026-08-14T13:01:08Z,2026-08-14,15,1,Disney Adventure World,Slinky® Dog Zigzag Spin,36,CLOSED,STANDBY,0,,,queue-times.com
2026-08-14T13:01:08Z,2026-08-14,15,1,Disney Adventure World,Toy Soldiers Parachute Drop,35,CLOSED,STANDBY,0,,,queue-times.com
2026-08-14T13:01:08Z,2026-08-14,15,1,Disney Adventure World,Toy Soldiers Parachute Drop Single Rider,7281,CLOSED,STANDBY,0,,,queue-times.com
2026-08-14T13:01:08Z,2026-08-14,15,1,Disney Adventure World,Entry to World of Frozen,16247,OPERATING,STANDBY,0,,,queue-times.com
2026-08-14T13:01:08Z,2026-08-14,15,1,Disney Adventure World,Frozen Ever After,15413,OPERATING,STANDBY,60,,,queue-times.com
2026-08-14T13:01:08Z,2026-08-14,15,1,Disney Adventure World,Raiponce Tangled Spin,15415,OPERATING,STANDBY,15,,,queue-times.com
2026-08-14T13:15:36Z,2026-08-14,15,15,Disneyland Park,Adventure Isle,2702,OPERATING,STANDBY,0,,,queue-times.com
2026-08-14T13:15:36Z,2026-08-14,15,15,Disneyland Park,Indiana Jones and the Temple of Peril Single Rider,7306,OPERATING,STANDBY,25,,,queue-times.com
2026-08-14T13:15:36Z,2026-08-14,15,15,Disneyland Park,Indiana Jones™ and the Temple of Peril,2,OPERATING,STANDBY,30,,,queue-times.com
2026-08-14T13:15:36Z,2026-08-14,15,15,Disneyland Park,La Cabane des Robinson,1,CLOSED,STANDBY,0,,,queue-times.com
2026-08-14T13:15:36Z,2026-08-14,15,15,Disneyland Park,Le Passage Enchanté d'Aladdin,2703,OPERATING,STANDBY,0,,,queue-times.com
2026-08-14T13:15:36Z,2026-08-14,15,15,Disneyland Park,Pirate Galleon,2705,CLOSED,STANDBY,0,,,queue-times.com
2026-08-14T13:15:36Z,2026-08-14,15,15,Disneyland Park,Pirates of the Caribbean,3,OPERATING,STANDBY,20,,,queue-times.com
2026-08-14T13:15:36Z,2026-08-14,15,15,Disneyland Park,Pirates' Beach,2704,CLOSED,STANDBY,0,,,queue-times.com
2026-08-14T13:15:36Z,2026-08-14,15,15,Disneyland Park,"Autopia, presented by Avis",4,CLOSED,STANDBY,0,,,queue-times.com
2026-08-14T13:15:36Z,2026-08-14,15,15,Disneyland Park,Buzz Lightyear Laser Blast,5,OPERATING,STANDBY,80,,,queue-times.com
2026-08-14T13:15:36Z,2026-08-14,15,15,Disneyland Park,Disneyland Railroad Discoveryland Station,2706,CLOSED,STANDBY,0,,,queue-times.com
2026-08-14T13:15:36Z,2026-08-14,15,15,Disneyland Park,Les Mystères du Nautilus,6,OPERATING,STANDBY,5,,,queue-times.com
2026-08-14T13:15:36Z,2026-08-14,15,15,Disneyland Park,Mickey’s PhilharMagic,2707,OPERATING,STANDBY,0,,,queue-times.com
2026-08-14T13:15:36Z,2026-08-14,15,15,Disneyland Park,Orbitron®,7,CLOSED,STANDBY,0,,,queue-times.com
2026-08-14T13:15:36Z,2026-08-14,15,15,Disneyland Park,Star Tours: The Adventures Continue*,9,OPERATING,STANDBY,15,,,queue-times.com
2026-08-14T13:15:36Z,2026-08-14,15,15,Disneyland Park,Star Wars Hyperspace Mountain,8,OPERATING,STANDBY,25,,,queue-times.com
2026-08-14T13:15:36Z,2026-08-14,15,15,Disneyland Park,Star Wars Hyperspace Mountain Single Rider,7278,OPERATING,STANDBY,15,,,queue-times.com
2026-08-14T13:15:36Z,2026-08-14,15,15,Disneyland Park,Welcome to Starport: A Star Wars Encounter,4573,OPERATING,STANDBY,25,,,queue-times.com
2026-08-14T13:15:36Z,2026-08-14,15,15,Disneyland Park,"""it's a small world""",19,OPERATING,STANDBY,15,,,queue-times.com
2026-08-14T13:15:36Z,2026-08-14,15,15,Disneyland Park,Alice's Curious Labyrinth,14,OPERATING,STANDBY,5,,,queue-times.com
2026-08-14T13:15:36Z,2026-08-14,15,15,Disneyland Park,Blanche-Neige et les Sept Nains®,15,OPERATING,STANDBY,25,,,queue-times.com
2026-08-14T13:15:36Z,2026-08-14,15,15,Disneyland Park,Casey Jr. – le Petit Train du Cirque,17,CLOSED,STANDBY,0,,,queue-times.com
2026-08-14T13:15:36Z,2026-08-14,15,15,Disneyland Park,Disneyland Railroad Fantasyland Station,2711,CLOSED,STANDBY,0,,,queue-times.com
2026-08-14T13:15:36Z,2026-08-14,15,15,Disneyland Park,Disneyland Railroad Main Street Station,11,CLOSED,STANDBY,0,,,queue-times.com
2026-08-14T13:15:36Z,2026-08-14,15,15,Disneyland Park,Dumbo the Flying Elephant,18,CLOSED,STANDBY,0,,,queue-times.com
2026-08-14T13:15:36Z,2026-08-14,15,15,Disneyland Park,La Tanière du Dragon,2710,OPERATING,STANDBY,0,,,queue-times.com
2026-08-14T13:15:36Z,2026-08-14,15,15,Disneyland Park,Le Carrousel de Lancelot,16,OPERATING,STANDBY,15,,,queue-times.com
2026-08-14T13:15:36Z,2026-08-14,15,15,Disneyland Park,"Le Pays des Contes de Fées, presented by Vittel",21,CLOSED,STANDBY,0,,,queue-times.com
2026-08-14T13:15:36Z,2026-08-14,15,15,Disneyland Park,Les Voyages de Pinocchio,23,OPERATING,STANDBY,25,,,queue-times.com
2026-08-14T13:15:36Z,2026-08-14,15,15,Disneyland Park,Mad Hatter's Tea Cups,20,CLOSED,STANDBY,0,,,queue-times.com
2026-08-14T13:15:36Z,2026-08-14,15,15,Disneyland Park,Meet Mickey Mouse,13,OPERATING,STANDBY,0,,,queue-times.com
2026-08-14T13:15:36Z,2026-08-14,15,15,Disneyland Park,Peter Pan's Flight,22,OPERATING,STANDBY,60,,,queue-times.com
2026-08-14T13:15:36Z,2026-08-14,15,15,Disneyland Park,Princess Pavilion,24,OPERATING,STANDBY,0,,,queue-times.com
2026-08-14T13:15:36Z,2026-08-14,15,15,Disneyland Park,Big Thunder Mountain,25,CLOSED,STANDBY,0,,,queue-times.com
2026-08-14T13:15:36Z,2026-08-14,15,15,Disneyland Park,Disneyland Railroad Frontierland Depot,2714,CLOSED,STANDBY,0,,,queue-times.com
2026-08-14T13:15:36Z,2026-08-14,15,15,Disneyland Park,Frontierland Playground,2713,CLOSED,STANDBY,0,,,queue-times.com
2026-08-14T13:15:36Z,2026-08-14,15,15,Disneyland Park,Phantom Manor,26,OPERATING,STANDBY,25,,,queue-times.com
2026-08-14T13:15:36Z,2026-08-14,15,15,Disneyland Park,River Rogue Keelboats,27,CLOSED,STANDBY,0,,,queue-times.com
2026-08-14T13:15:36Z,2026-08-14,15,15,Disneyland Park,Rustler Roundup Shootin' Gallery,2712,OPERATING,STANDBY,0,,,queue-times.com
2026-08-14T13:15:36Z,2026-08-14,15,15,Disneyland Park,Thunder Mesa Riverboat Landing,28,CLOSED,STANDBY,0,,,queue-times.com
2026-08-14T13:15:36Z,2026-08-14,15,15,Disneyland Park,Disneyland Railroad Main Street Station,2708,CLOSED,STANDBY,0,,,queue-times.com
2026-08-14T13:15:36Z,2026-08-14,15,15,Disneyland Park,Main Street Vehicles,12,CLOSED,STANDBY,0,,,queue-times.com
2026-08-14T13:15:36Z,2026-08-14,15,15,Disney Adventure World,Avengers Assemble: Flight Force,10848,OPERATING,STANDBY,15,,,queue-times.com
2026-08-14T13:15:36Z,2026-08-14,15,15,Disney Adventure World,Avengers Assemble: Flight Force Single Rider,10849,OPERATING,STANDBY,10,,,queue-times.com
2026-08-14T13:15:36Z,2026-08-14,15,15,Disney Adventure World,Spider-Man W.E.B. Adventure,10845,OPERATING,STANDBY,45,,,queue-times.com
2026-08-14T13:15:36Z,2026-08-14,15,15,Disney Adventure World,Spider-Man W.E.B. Adventure Single Rider,10846,OPERATING,STANDBY,20,,,queue-times.com
2026-08-14T13:15:36Z,2026-08-14,15,15,Disney Adventure World,The Twilight Zone Tower of Terror,40,OPERATING,STANDBY,25,,,queue-times.com
2026-08-14T13:15:36Z,2026-08-14,15,15,Disney Adventure World,Cars Quatre Roues Rallye,31,CLOSED,STANDBY,0,,,queue-times.com
2026-08-14T13:15:36Z,2026-08-14,15,15,Disney Adventure World,Cars ROAD TRIP,29,OPERATING,STANDBY,5,,,queue-times.com
2026-08-14T13:15:36Z,2026-08-14,15,15,Disney Adventure World,Crush's Coaster,32,OPERATING,STANDBY,65,,,queue-times.com
2026-08-14T13:15:36Z,2026-08-14,15,15,Disney Adventure World,Crush's Coaster Single Rider,7277,OPERATING,STANDBY,40,,,queue-times.com
2026-08-14T13:15:36Z,2026-08-14,15,15,Disney Adventure World,Les Tapis Volants - Flying Carpets Over Agrabah®,33,CLOSED,STANDBY,0,,,queue-times.com
2026-08-14T13:15:36Z,2026-08-14,15,15,Disney Adventure World,Ratatouille : L’Aventure Totalement Toquée de Rémy​,37,OPERATING,STANDBY,45,,,queue-times.com
2026-08-14T13:15:36Z,2026-08-14,15,15,Disney Adventure World,Ratatouille: The Adventure Single Rider,7279,OPERATING,STANDBY,10,,,queue-times.com
2026-08-14T13:15:36Z,2026-08-14,15,15,Disney Adventure World,RC Racer,34,CLOSED,STANDBY,0,,,queue-times.com
2026-08-14T13:15:36Z,2026-08-14,15,15,Disney Adventure World,RC Racer Single Rider,7280,CLOSED,STANDBY,0,,,queue-times.com
2026-08-14T13:15:36Z,2026-08-14,15,15,Disney Adventure World,Slinky® Dog Zigzag Spin,36,CLOSED,STANDBY,0,,,queue-times.com
2026-08-14T13:15:36Z,2026-08-14,15,15,Disney Adventure World,Toy Soldiers Parachute Drop,35,CLOSED,STANDBY,0,,,queue-times.com
2026-08-14T13:15:36Z,2026-08-14,15,15,Disney Adventure World,Toy Soldiers Parachute Drop Single Rider,7281,CLOSED,STANDBY,0,,,queue-times.com
2026-08-14T13:15:36Z,2026-08-14,15,15,Disney Adventure World,Entry to World of Frozen,16247,OPERATING,STANDBY,0,,,queue-times.com
2026-08-14T13:15:36Z,2026-08-14,15,15,Disney Adventure World,Frozen Ever After,15413,OPERATING,STANDBY,75,,,queue-times.com
2026-08-14T13:15:36Z,2026-08-14,15,15,Disney Adventure World,Raiponce Tangled Spin,15415,OPERATING,STANDBY,10,,,queue-times.com
2026-08-14T13:30:53Z,2026-08-14,15,30,Disneyland Park,Adventure Isle,2702,OPERATING,STANDBY,0,,,queue-times.com
2026-08-14T13:30:53Z,2026-08-14,15,30,Disneyland Park,Indiana Jones and the Temple of Peril Single Rider,7306,CLOSED,STANDBY,0,,,queue-times.com
2026-08-14T13:30:53Z,2026-08-14,15,30,Disneyland Park,Indiana Jones™ and the Temple of Peril,2,CLOSED,STANDBY,0,,,queue-times.com
2026-08-14T13:30:53Z,2026-08-14,15,30,Disneyland Park,La Cabane des Robinson,1,CLOSED,STANDBY,0,,,queue-times.com
2026-08-14T13:30:53Z,2026-08-14,15,30,Disneyland Park,Le Passage Enchanté d'Aladdin,2703,OPERATING,STANDBY,0,,,queue-times.com
2026-08-14T13:30:53Z,2026-08-14,15,30,Disneyland Park,Pirate Galleon,2705,CLOSED,STANDBY,0,,,queue-times.com
2026-08-14T13:30:53Z,2026-08-14,15,30,Disneyland Park,Pirates of the Caribbean,3,OPERATING,STANDBY,30,,,queue-times.com
2026-08-14T13:30:53Z,2026-08-14,15,30,Disneyland Park,Pirates' Beach,2704,CLOSED,STANDBY,0,,,queue-times.com
2026-08-14T13:30:53Z,2026-08-14,15,30,Disneyland Park,"Autopia, presented by Avis",4,CLOSED,STANDBY,0,,,queue-times.com
2026-08-14T13:30:53Z,2026-08-14,15,30,Disneyland Park,Buzz Lightyear Laser Blast,5,OPERATING,STANDBY,80,,,queue-times.com
2026-08-14T13:30:53Z,2026-08-14,15,30,Disneyland Park,Disneyland Railroad Discoveryland Station,2706,CLOSED,STANDBY,0,,,queue-times.com
2026-08-14T13:30:53Z,2026-08-14,15,30,Disneyland Park,Les Mystères du Nautilus,6,OPERATING,STANDBY,5,,,queue-times.com
2026-08-14T13:30:53Z,2026-08-14,15,30,Disneyland Park,Mickey’s PhilharMagic,2707,OPERATING,STANDBY,0,,,queue-times.com
2026-08-14T13:30:53Z,2026-08-14,15,30,Disneyland Park,Orbitron®,7,CLOSED,STANDBY,0,,,queue-times.com
2026-08-14T13:30:53Z,2026-08-14,15,30,Disneyland Park,Star Tours: The Adventures Continue*,9,OPERATING,STANDBY,20,,,queue-times.com
2026-08-14T13:30:53Z,2026-08-14,15,30,Disneyland Park,Star Wars Hyperspace Mountain,8,OPERATING,STANDBY,25,,,queue-times.com
2026-08-14T13:30:53Z,2026-08-14,15,30,Disneyland Park,Star Wars Hyperspace Mountain Single Rider,7278,OPERATING,STANDBY,20,,,queue-times.com
2026-08-14T13:30:53Z,2026-08-14,15,30,Disneyland Park,Welcome to Starport: A Star Wars Encounter,4573,OPERATING,STANDBY,25,,,queue-times.com
2026-08-14T13:30:53Z,2026-08-14,15,30,Disneyland Park,"""it's a small world""",19,CLOSED,STANDBY,0,,,queue-times.com
2026-08-14T13:30:53Z,2026-08-14,15,30,Disneyland Park,Alice's Curious Labyrinth,14,OPERATING,STANDBY,5,,,queue-times.com
2026-08-14T13:30:53Z,2026-08-14,15,30,Disneyland Park,Blanche-Neige et les Sept Nains®,15,OPERATING,STANDBY,25,,,queue-times.com
2026-08-14T13:30:53Z,2026-08-14,15,30,Disneyland Park,Casey Jr. – le Petit Train du Cirque,17,CLOSED,STANDBY,0,,,queue-times.com
2026-08-14T13:30:53Z,2026-08-14,15,30,Disneyland Park,Disneyland Railroad Fantasyland Station,2711,CLOSED,STANDBY,0,,,queue-times.com
2026-08-14T13:30:53Z,2026-08-14,15,30,Disneyland Park,Disneyland Railroad Main Street Station,11,CLOSED,STANDBY,0,,,queue-times.com
2026-08-14T13:30:53Z,2026-08-14,15,30,Disneyland Park,Dumbo the Flying Elephant,18,CLOSED,STANDBY,0,,,queue-times.com
2026-08-14T13:30:53Z,2026-08-14,15,30,Disneyland Park,La Tanière du Dragon,2710,OPERATING,STANDBY,0,,,queue-times.com
2026-08-14T13:30:53Z,2026-08-14,15,30,Disneyland Park,Le Carrousel de Lancelot,16,OPERATING,STANDBY,15,,,queue-times.com
2026-08-14T13:30:53Z,2026-08-14,15,30,Disneyland Park,"Le Pays des Contes de Fées, presented by Vittel",21,CLOSED,STANDBY,0,,,queue-times.com
2026-08-14T13:30:53Z,2026-08-14,15,30,Disneyland Park,Les Voyages de Pinocchio,23,OPERATING,STANDBY,25,,,queue-times.com
2026-08-14T13:30:53Z,2026-08-14,15,30,Disneyland Park,Mad Hatter's Tea Cups,20,CLOSED,STANDBY,0,,,queue-times.com
2026-08-14T13:30:53Z,2026-08-14,15,30,Disneyland Park,Meet Mickey Mouse,13,OPERATING,STANDBY,0,,,queue-times.com
2026-08-14T13:30:53Z,2026-08-14,15,30,Disneyland Park,Peter Pan's Flight,22,OPERATING,STANDBY,60,,,queue-times.com
2026-08-14T13:30:53Z,2026-08-14,15,30,Disneyland Park,Princess Pavilion,24,OPERATING,STANDBY,0,,,queue-times.com
2026-08-14T13:30:53Z,2026-08-14,15,30,Disneyland Park,Big Thunder Mountain,25,CLOSED,STANDBY,0,,,queue-times.com
2026-08-14T13:30:53Z,2026-08-14,15,30,Disneyland Park,Disneyland Railroad Frontierland Depot,2714,CLOSED,STANDBY,0,,,queue-times.com
2026-08-14T13:30:53Z,2026-08-14,15,30,Disneyland Park,Frontierland Playground,2713,CLOSED,STANDBY,0,,,queue-times.com
2026-08-14T13:30:53Z,2026-08-14,15,30,Disneyland Park,Phantom Manor,26,OPERATING,STANDBY,25,,,queue-times.com
2026-08-14T13:30:53Z,2026-08-14,15,30,Disneyland Park,River Rogue Keelboats,27,CLOSED,STANDBY,0,,,queue-times.com
2026-08-14T13:30:53Z,2026-08-14,15,30,Disneyland Park,Rustler Roundup Shootin' Gallery,2712,OPERATING,STANDBY,0,,,queue-times.com
2026-08-14T13:30:53Z,2026-08-14,15,30,Disneyland Park,Thunder Mesa Riverboat Landing,28,CLOSED,STANDBY,0,,,queue-times.com
2026-08-14T13:30:53Z,2026-08-14,15,30,Disneyland Park,Disneyland Railroad Main Street Station,2708,CLOSED,STANDBY,0,,,queue-times.com
2026-08-14T13:30:53Z,2026-08-14,15,30,Disneyland Park,Main Street Vehicles,12,CLOSED,STANDBY,0,,,queue-times.com
2026-08-14T13:30:53Z,2026-08-14,15,30,Disney Adventure World,Avengers Assemble: Flight Force,10848,OPERATING,STANDBY,15,,,queue-times.com
2026-08-14T13:30:53Z,2026-08-14,15,30,Disney Adventure World,Avengers Assemble: Flight Force Single Rider,10849,OPERATING,STANDBY,10,,,queue-times.com
2026-08-14T13:30:53Z,2026-08-14,15,30,Disney Adventure World,Spider-Man W.E.B. Adventure,10845,OPERATING,STANDBY,50,,,queue-times.com
2026-08-14T13:30:53Z,2026-08-14,15,30,Disney Adventure World,Spider-Man W.E.B. Adventure Single Rider,10846,OPERATING,STANDBY,15,,,queue-times.com
2026-08-14T13:30:53Z,2026-08-14,15,30,Disney Adventure World,The Twilight Zone Tower of Terror,40,OPERATING,STANDBY,25,,,queue-times.com
2026-08-14T13:30:53Z,2026-08-14,15,30,Disney Adventure World,Cars Quatre Roues Rallye,31,CLOSED,STANDBY,0,,,queue-times.com
2026-08-14T13:30:53Z,2026-08-14,15,30,Disney Adventure World,Cars ROAD TRIP,29,CLOSED,STANDBY,0,,,queue-times.com
2026-08-14T13:30:53Z,2026-08-14,15,30,Disney Adventure World,Crush's Coaster,32,OPERATING,STANDBY,75,,,queue-times.com
2026-08-14T13:30:53Z,2026-08-14,15,30,Disney Adventure World,Crush's Coaster Single Rider,7277,OPERATING,STANDBY,65,,,queue-times.com
2026-08-14T13:30:53Z,2026-08-14,15,30,Disney Adventure World,Les Tapis Volants - Flying Carpets Over Agrabah®,33,CLOSED,STANDBY,0,,,queue-times.com
2026-08-14T13:30:53Z,2026-08-14,15,30,Disney Adventure World,Ratatouille : L’Aventure Totalement Toquée de Rémy​,37,OPERATING,STANDBY,45,,,queue-times.com
2026-08-14T13:30:53Z,2026-08-14,15,30,Disney Adventure World,Ratatouille: The Adventure Single Rider,7279,OPERATING,STANDBY,10,,,queue-times.com
2026-08-14T13:30:53Z,2026-08-14,15,30,Disney Adventure World,RC Racer,34,CLOSED,STANDBY,0,,,queue-times.com
2026-08-14T13:30:53Z,2026-08-14,15,30,Disney Adventure World,RC Racer Single Rider,7280,CLOSED,STANDBY,0,,,queue-times.com
2026-08-14T13:30:53Z,2026-08-14,15,30,Disney Adventure World,Slinky® Dog Zigzag Spin,36,CLOSED,STANDBY,0,,,queue-times.com
2026-08-14T13:30:53Z,2026-08-14,15,30,Disney Adventure World,Toy Soldiers Parachute Drop,35,CLOSED,STANDBY,0,,,queue-times.com
2026-08-14T13:30:53Z,2026-08-14,15,30,Disney Adventure World,Toy Soldiers Parachute Drop Single Rider,7281,CLOSED,STANDBY,0,,,queue-times.com
2026-08-14T13:30:53Z,2026-08-14,15,30,Disney Adventure World,Entry to World of Frozen,16247,OPERATING,STANDBY,0,,,queue-times.com
2026-08-14T13:30:53Z,2026-08-14,15,30,Disney Adventure World,Frozen Ever After,15413,OPERATING,STANDBY,75,,,queue-times.com
2026-08-14T13:30:53Z,2026-08-14,15,30,Disney Adventure World,Raiponce Tangled Spin,15415,OPERATING,STANDBY,15,,,queue-times.com
2026-08-14T13:45:36Z,2026-08-14,15,45,Disneyland Park,Adventure Isle,2702,OPERATING,STANDBY,0,,,queue-times.com
2026-08-14T13:45:36Z,2026-08-14,15,45,Disneyland Park,Indiana Jones and the Temple of Peril Single Rider,7306,CLOSED,STANDBY,0,,,queue-times.com
2026-08-14T13:45:36Z,2026-08-14,15,45,Disneyland Park,Indiana Jones™ and the Temple of Peril,2,CLOSED,STANDBY,0,,,queue-times.com
2026-08-14T13:45:36Z,2026-08-14,15,45,Disneyland Park,La Cabane des Robinson,1,CLOSED,STANDBY,0,,,queue-times.com
2026-08-14T13:45:36Z,2026-08-14,15,45,Disneyland Park,Le Passage Enchanté d'Aladdin,2703,OPERATING,STANDBY,0,,,queue-times.com
2026-08-14T13:45:36Z,2026-08-14,15,45,Disneyland Park,Pirate Galleon,2705,CLOSED,STANDBY,0,,,queue-times.com
2026-08-14T13:45:36Z,2026-08-14,15,45,Disneyland Park,Pirates of the Caribbean,3,OPERATING,STANDBY,30,,,queue-times.com
2026-08-14T13:45:36Z,2026-08-14,15,45,Disneyland Park,Pirates' Beach,2704,CLOSED,STANDBY,0,,,queue-times.com
2026-08-14T13:45:36Z,2026-08-14,15,45,Disneyland Park,"Autopia, presented by Avis",4,CLOSED,STANDBY,0,,,queue-times.com
2026-08-14T13:45:36Z,2026-08-14,15,45,Disneyland Park,Buzz Lightyear Laser Blast,5,OPERATING,STANDBY,80,,,queue-times.com
2026-08-14T13:45:36Z,2026-08-14,15,45,Disneyland Park,Disneyland Railroad Discoveryland Station,2706,CLOSED,STANDBY,0,,,queue-times.com
2026-08-14T13:45:36Z,2026-08-14,15,45,Disneyland Park,Les Mystères du Nautilus,6,OPERATING,STANDBY,5,,,queue-times.com
2026-08-14T13:45:36Z,2026-08-14,15,45,Disneyland Park,Mickey’s PhilharMagic,2707,OPERATING,STANDBY,0,,,queue-times.com
2026-08-14T13:45:36Z,2026-08-14,15,45,Disneyland Park,Orbitron®,7,CLOSED,STANDBY,0,,,queue-times.com
2026-08-14T13:45:36Z,2026-08-14,15,45,Disneyland Park,Star Tours: The Adventures Continue*,9,OPERATING,STANDBY,15,,,queue-times.com
2026-08-14T13:45:36Z,2026-08-14,15,45,Disneyland Park,Star Wars Hyperspace Mountain,8,OPERATING,STANDBY,30,,,queue-times.com
2026-08-14T13:45:36Z,2026-08-14,15,45,Disneyland Park,Star Wars Hyperspace Mountain Single Rider,7278,OPERATING,STANDBY,25,,,queue-times.com
2026-08-14T13:45:36Z,2026-08-14,15,45,Disneyland Park,Welcome to Starport: A Star Wars Encounter,4573,OPERATING,STANDBY,25,,,queue-times.com
2026-08-14T13:45:36Z,2026-08-14,15,45,Disneyland Park,"""it's a small world""",19,CLOSED,STANDBY,0,,,queue-times.com
2026-08-14T13:45:36Z,2026-08-14,15,45,Disneyland Park,Alice's Curious Labyrinth,14,OPERATING,STANDBY,5,,,queue-times.com
2026-08-14T13:45:36Z,2026-08-14,15,45,Disneyland Park,Blanche-Neige et les Sept Nains®,15,OPERATING,STANDBY,25,,,queue-times.com
2026-08-14T13:45:36Z,2026-08-14,15,45,Disneyland Park,Casey Jr. – le Petit Train du Cirque,17,CLOSED,STANDBY,0,,,queue-times.com
2026-08-14T13:45:36Z,2026-08-14,15,45,Disneyland Park,Disneyland Railroad Fantasyland Station,2711,CLOSED,STANDBY,0,,,queue-times.com
2026-08-14T13:45:36Z,2026-08-14,15,45,Disneyland Park,Disneyland Railroad Main Street Station,11,CLOSED,STANDBY,0,,,queue-times.com
2026-08-14T13:45:36Z,2026-08-14,15,45,Disneyland Park,Dumbo the Flying Elephant,18,CLOSED,STANDBY,0,,,queue-times.com
2026-08-14T13:45:36Z,2026-08-14,15,45,Disneyland Park,La Tanière du Dragon,2710,OPERATING,STANDBY,0,,,queue-times.com
2026-08-14T13:45:36Z,2026-08-14,15,45,Disneyland Park,Le Carrousel de Lancelot,16,OPERATING,STANDBY,15,,,queue-times.com
2026-08-14T13:45:36Z,2026-08-14,15,45,Disneyland Park,"Le Pays des Contes de Fées, presented by Vittel",21,CLOSED,STANDBY,0,,,queue-times.com
2026-08-14T13:45:36Z,2026-08-14,15,45,Disneyland Park,Les Voyages de Pinocchio,23,OPERATING,STANDBY,25,,,queue-times.com
2026-08-14T13:45:36Z,2026-08-14,15,45,Disneyland Park,Mad Hatter's Tea Cups,20,CLOSED,STANDBY,0,,,queue-times.com
2026-08-14T13:45:36Z,2026-08-14,15,45,Disneyland Park,Meet Mickey Mouse,13,OPERATING,STANDBY,0,,,queue-times.com
2026-08-14T13:45:36Z,2026-08-14,15,45,Disneyland Park,Peter Pan's Flight,22,OPERATING,STANDBY,50,,,queue-times.com
2026-08-14T13:45:36Z,2026-08-14,15,45,Disneyland Park,Princess Pavilion,24,OPERATING,STANDBY,0,,,queue-times.com
2026-08-14T13:45:36Z,2026-08-14,15,45,Disneyland Park,Big Thunder Mountain,25,CLOSED,STANDBY,0,,,queue-times.com
2026-08-14T13:45:36Z,2026-08-14,15,45,Disneyland Park,Disneyland Railroad Frontierland Depot,2714,CLOSED,STANDBY,0,,,queue-times.com
2026-08-14T13:45:36Z,2026-08-14,15,45,Disneyland Park,Frontierland Playground,2713,CLOSED,STANDBY,0,,,queue-times.com
2026-08-14T13:45:36Z,2026-08-14,15,45,Disneyland Park,Phantom Manor,26,OPERATING,STANDBY,25,,,queue-times.com
2026-08-14T13:45:36Z,2026-08-14,15,45,Disneyland Park,River Rogue Keelboats,27,CLOSED,STANDBY,0,,,queue-times.com
2026-08-14T13:45:36Z,2026-08-14,15,45,Disneyland Park,Rustler Roundup Shootin' Gallery,2712,OPERATING,STANDBY,0,,,queue-times.com
2026-08-14T13:45:36Z,2026-08-14,15,45,Disneyland Park,Thunder Mesa Riverboat Landing,28,CLOSED,STANDBY,0,,,queue-times.com
2026-08-14T13:45:36Z,2026-08-14,15,45,Disneyland Park,Disneyland Railroad Main Street Station,2708,CLOSED,STANDBY,0,,,queue-times.com
2026-08-14T13:45:36Z,2026-08-14,15,45,Disneyland Park,Main Street Vehicles,12,CLOSED,STANDBY,0,,,queue-times.com
2026-08-14T13:45:36Z,2026-08-14,15,45,Disney Adventure World,Avengers Assemble: Flight Force,10848,CLOSED,STANDBY,0,,,queue-times.com
2026-08-14T13:45:36Z,2026-08-14,15,45,Disney Adventure World,Avengers Assemble: Flight Force Single Rider,10849,CLOSED,STANDBY,0,,,queue-times.com
2026-08-14T13:45:36Z,2026-08-14,15,45,Disney Adventure World,Spider-Man W.E.B. Adventure,10845,OPERATING,STANDBY,60,,,queue-times.com
2026-08-14T13:45:36Z,2026-08-14,15,45,Disney Adventure World,Spider-Man W.E.B. Adventure Single Rider,10846,OPERATING,STANDBY,25,,,queue-times.com
2026-08-14T13:45:36Z,2026-08-14,15,45,Disney Adventure World,The Twilight Zone Tower of Terror,40,OPERATING,STANDBY,35,,,queue-times.com
2026-08-14T13:45:36Z,2026-08-14,15,45,Disney Adventure World,Cars Quatre Roues Rallye,31,CLOSED,STANDBY,0,,,queue-times.com
2026-08-14T13:45:36Z,2026-08-14,15,45,Disney Adventure World,Cars ROAD TRIP,29,CLOSED,STANDBY,0,,,queue-times.com
2026-08-14T13:45:36Z,2026-08-14,15,45,Disney Adventure World,Crush's Coaster,32,OPERATING,STANDBY,80,,,queue-times.com
2026-08-14T13:45:36Z,2026-08-14,15,45,Disney Adventure World,Crush's Coaster Single Rider,7277,OPERATING,STANDBY,60,,,queue-times.com
2026-08-14T13:45:36Z,2026-08-14,15,45,Disney Adventure World,Les Tapis Volants - Flying Carpets Over Agrabah®,33,CLOSED,STANDBY,0,,,queue-times.com
2026-08-14T13:45:36Z,2026-08-14,15,45,Disney Adventure World,Ratatouille : L’Aventure Totalement Toquée de Rémy​,37,OPERATING,STANDBY,55,,,queue-times.com
2026-08-14T13:45:36Z,2026-08-14,15,45,Disney Adventure World,Ratatouille: The Adventure Single Rider,7279,OPERATING,STANDBY,20,,,queue-times.com
2026-08-14T13:45:36Z,2026-08-14,15,45,Disney Adventure World,RC Racer,34,CLOSED,STANDBY,0,,,queue-times.com
2026-08-14T13:45:36Z,2026-08-14,15,45,Disney Adventure World,RC Racer Single Rider,7280,CLOSED,STANDBY,0,,,queue-times.com
2026-08-14T13:45:36Z,2026-08-14,15,45,Disney Adventure World,Slinky® Dog Zigzag Spin,36,CLOSED,STANDBY,0,,,queue-times.com
2026-08-14T13:45:36Z,2026-08-14,15,45,Disney Adventure World,Toy Soldiers Parachute Drop,35,CLOSED,STANDBY,0,,,queue-times.com
2026-08-14T13:45:36Z,2026-08-14,15,45,Disney Adventure World,Toy Soldiers Parachute Drop Single Rider,7281,CLOSED,STANDBY,0,,,queue-times.com
2026-08-14T13:45:36Z,2026-08-14,15,45,Disney Adventure World,Entry to World of Frozen,16247,OPERATING,STANDBY,0,,,queue-times.com
2026-08-14T13:45:36Z,2026-08-14,15,45,Disney Adventure World,Frozen Ever After,15413,OPERATING,STANDBY,55,,,queue-times.com
2026-08-14T13:45:36Z,2026-08-14,15,45,Disney Adventure World,Raiponce Tangled Spin,15415,OPERATING,STANDBY,15,,,queue-times.com
2026-08-14T13:58:32Z,2026-08-14,15,58,Disneyland Park,Adventure Isle,2702,OPERATING,STANDBY,0,,,queue-times.com
2026-08-14T13:58:32Z,2026-08-14,15,58,Disneyland Park,Indiana Jones and the Temple of Peril Single Rider,7306,CLOSED,STANDBY,0,,,queue-times.com
2026-08-14T13:58:32Z,2026-08-14,15,58,Disneyland Park,Indiana Jones™ and the Temple of Peril,2,CLOSED,STANDBY,0,,,queue-times.com
2026-08-14T13:58:32Z,2026-08-14,15,58,Disneyland Park,La Cabane des Robinson,1,CLOSED,STANDBY,0,,,queue-times.com
2026-08-14T13:58:32Z,2026-08-14,15,58,Disneyland Park,Le Passage Enchanté d'Aladdin,2703,OPERATING,STANDBY,0,,,queue-times.com
2026-08-14T13:58:32Z,2026-08-14,15,58,Disneyland Park,Pirate Galleon,2705,CLOSED,STANDBY,0,,,queue-times.com
2026-08-14T13:58:32Z,2026-08-14,15,58,Disneyland Park,Pirates of the Caribbean,3,OPERATING,STANDBY,30,,,queue-times.com
2026-08-14T13:58:32Z,2026-08-14,15,58,Disneyland Park,Pirates' Beach,2704,CLOSED,STANDBY,0,,,queue-times.com
2026-08-14T13:58:32Z,2026-08-14,15,58,Disneyland Park,"Autopia, presented by Avis",4,CLOSED,STANDBY,0,,,queue-times.com
2026-08-14T13:58:32Z,2026-08-14,15,58,Disneyland Park,Buzz Lightyear Laser Blast,5,OPERATING,STANDBY,60,,,queue-times.com
2026-08-14T13:58:32Z,2026-08-14,15,58,Disneyland Park,Disneyland Railroad Discoveryland Station,2706,CLOSED,STANDBY,0,,,queue-times.com
2026-08-14T13:58:32Z,2026-08-14,15,58,Disneyland Park,Les Mystères du Nautilus,6,OPERATING,STANDBY,5,,,queue-times.com
2026-08-14T13:58:32Z,2026-08-14,15,58,Disneyland Park,Mickey’s PhilharMagic,2707,OPERATING,STANDBY,0,,,queue-times.com
2026-08-14T13:58:32Z,2026-08-14,15,58,Disneyland Park,Orbitron®,7,CLOSED,STANDBY,0,,,queue-times.com
2026-08-14T13:58:32Z,2026-08-14,15,58,Disneyland Park,Star Tours: The Adventures Continue*,9,OPERATING,STANDBY,10,,,queue-times.com
2026-08-14T13:58:32Z,2026-08-14,15,58,Disneyland Park,Star Wars Hyperspace Mountain,8,OPERATING,STANDBY,25,,,queue-times.com
2026-08-14T13:58:32Z,2026-08-14,15,58,Disneyland Park,Star Wars Hyperspace Mountain Single Rider,7278,OPERATING,STANDBY,15,,,queue-times.com
2026-08-14T13:58:32Z,2026-08-14,15,58,Disneyland Park,Welcome to Starport: A Star Wars Encounter,4573,OPERATING,STANDBY,25,,,queue-times.com
2026-08-14T13:58:32Z,2026-08-14,15,58,Disneyland Park,"""it's a small world""",19,CLOSED,STANDBY,0,,,queue-times.com
2026-08-14T13:58:32Z,2026-08-14,15,58,Disneyland Park,Alice's Curious Labyrinth,14,OPERATING,STANDBY,5,,,queue-times.com
2026-08-14T13:58:32Z,2026-08-14,15,58,Disneyland Park,Blanche-Neige et les Sept Nains®,15,OPERATING,STANDBY,25,,,queue-times.com
2026-08-14T13:58:32Z,2026-08-14,15,58,Disneyland Park,Casey Jr. – le Petit Train du Cirque,17,CLOSED,STANDBY,0,,,queue-times.com
2026-08-14T13:58:32Z,2026-08-14,15,58,Disneyland Park,Disneyland Railroad Fantasyland Station,2711,CLOSED,STANDBY,0,,,queue-times.com
2026-08-14T13:58:32Z,2026-08-14,15,58,Disneyland Park,Disneyland Railroad Main Street Station,11,CLOSED,STANDBY,0,,,queue-times.com
2026-08-14T13:58:32Z,2026-08-14,15,58,Disneyland Park,Dumbo the Flying Elephant,18,CLOSED,STANDBY,0,,,queue-times.com
2026-08-14T13:58:32Z,2026-08-14,15,58,Disneyland Park,La Tanière du Dragon,2710,OPERATING,STANDBY,0,,,queue-times.com
2026-08-14T13:58:32Z,2026-08-14,15,58,Disneyland Park,Le Carrousel de Lancelot,16,OPERATING,STANDBY,15,,,queue-times.com
2026-08-14T13:58:32Z,2026-08-14,15,58,Disneyland Park,"Le Pays des Contes de Fées, presented by Vittel",21,CLOSED,STANDBY,0,,,queue-times.com
2026-08-14T13:58:32Z,2026-08-14,15,58,Disneyland Park,Les Voyages de Pinocchio,23,OPERATING,STANDBY,25,,,queue-times.com
2026-08-14T13:58:32Z,2026-08-14,15,58,Disneyland Park,Mad Hatter's Tea Cups,20,CLOSED,STANDBY,0,,,queue-times.com
2026-08-14T13:58:32Z,2026-08-14,15,58,Disneyland Park,Meet Mickey Mouse,13,OPERATING,STANDBY,0,,,queue-times.com
2026-08-14T13:58:32Z,2026-08-14,15,58,Disneyland Park,Peter Pan's Flight,22,OPERATING,STANDBY,50,,,queue-times.com
2026-08-14T13:58:32Z,2026-08-14,15,58,Disneyland Park,Princess Pavilion,24,OPERATING,STANDBY,0,,,queue-times.com
2026-08-14T13:58:32Z,2026-08-14,15,58,Disneyland Park,Big Thunder Mountain,25,CLOSED,STANDBY,0,,,queue-times.com
2026-08-14T13:58:32Z,2026-08-14,15,58,Disneyland Park,Disneyland Railroad Frontierland Depot,2714,CLOSED,STANDBY,0,,,queue-times.com
2026-08-14T13:58:32Z,2026-08-14,15,58,Disneyland Park,Frontierland Playground,2713,CLOSED,STANDBY,0,,,queue-times.com
2026-08-14T13:58:32Z,2026-08-14,15,58,Disneyland Park,Phantom Manor,26,OPERATING,STANDBY,15,,,queue-times.com
2026-08-14T13:58:32Z,2026-08-14,15,58,Disneyland Park,River Rogue Keelboats,27,CLOSED,STANDBY,0,,,queue-times.com
2026-08-14T13:58:32Z,2026-08-14,15,58,Disneyland Park,Rustler Roundup Shootin' Gallery,2712,OPERATING,STANDBY,0,,,queue-times.com
2026-08-14T13:58:32Z,2026-08-14,15,58,Disneyland Park,Thunder Mesa Riverboat Landing,28,CLOSED,STANDBY,0,,,queue-times.com
2026-08-14T13:58:32Z,2026-08-14,15,58,Disneyland Park,Disneyland Railroad Main Street Station,2708,CLOSED,STANDBY,0,,,queue-times.com
2026-08-14T13:58:32Z,2026-08-14,15,58,Disneyland Park,Main Street Vehicles,12,CLOSED,STANDBY,0,,,queue-times.com
2026-08-14T13:58:32Z,2026-08-14,15,58,Disney Adventure World,Avengers Assemble: Flight Force,10848,CLOSED,STANDBY,0,,,queue-times.com
2026-08-14T13:58:32Z,2026-08-14,15,58,Disney Adventure World,Avengers Assemble: Flight Force Single Rider,10849,CLOSED,STANDBY,0,,,queue-times.com
2026-08-14T13:58:32Z,2026-08-14,15,58,Disney Adventure World,Spider-Man W.E.B. Adventure,10845,OPERATING,STANDBY,60,,,queue-times.com
2026-08-14T13:58:32Z,2026-08-14,15,58,Disney Adventure World,Spider-Man W.E.B. Adventure Single Rider,10846,OPERATING,STANDBY,25,,,queue-times.com
2026-08-14T13:58:32Z,2026-08-14,15,58,Disney Adventure World,The Twilight Zone Tower of Terror,40,OPERATING,STANDBY,50,,,queue-times.com
2026-08-14T13:58:32Z,2026-08-14,15,58,Disney Adventure World,Cars Quatre Roues Rallye,31,CLOSED,STANDBY,0,,,queue-times.com
2026-08-14T13:58:32Z,2026-08-14,15,58,Disney Adventure World,Cars ROAD TRIP,29,CLOSED,STANDBY,0,,,queue-times.com
2026-08-14T13:58:32Z,2026-08-14,15,58,Disney Adventure World,Crush's Coaster,32,OPERATING,STANDBY,80,,,queue-times.com
2026-08-14T13:58:32Z,2026-08-14,15,58,Disney Adventure World,Crush's Coaster Single Rider,7277,OPERATING,STANDBY,65,,,queue-times.com
2026-08-14T13:58:32Z,2026-08-14,15,58,Disney Adventure World,Les Tapis Volants - Flying Carpets Over Agrabah®,33,CLOSED,STANDBY,0,,,queue-times.com
2026-08-14T13:58:32Z,2026-08-14,15,58,Disney Adventure World,Ratatouille : L’Aventure Totalement Toquée de Rémy​,37,OPERATING,STANDBY,50,,,queue-times.com
2026-08-14T13:58:32Z,2026-08-14,15,58,Disney Adventure World,Ratatouille: The Adventure Single Rider,7279,OPERATING,STANDBY,15,,,queue-times.com
2026-08-14T13:58:32Z,2026-08-14,15,58,Disney Adventure World,RC Racer,34,CLOSED,STANDBY,0,,,queue-times.com
2026-08-14T13:58:32Z,2026-08-14,15,58,Disney Adventure World,RC Racer Single Rider,7280,CLOSED,STANDBY,0,,,queue-times.com
2026-08-14T13:58:32Z,2026-08-14,15,58,Disney Adventure World,Slinky® Dog Zigzag Spin,36,CLOSED,STANDBY,0,,,queue-times.com
2026-08-14T13:58:32Z,2026-08-14,15,58,Disney Adventure World,Toy Soldiers Parachute Drop,35,CLOSED,STANDBY,0,,,queue-times.com
2026-08-14T13:58:32Z,2026-08-14,15,58,Disney Adventure World,Toy Soldiers Parachute Drop Single Rider,7281,CLOSED,STANDBY,0,,,queue-times.com
2026-08-14T13:58:32Z,2026-08-14,15,58,Disney Adventure World,Entry to World of Frozen,16247,OPERATING,STANDBY,0,,,queue-times.com
2026-08-14T13:58:32Z,2026-08-14,15,58,Disney Adventure World,Frozen Ever After,15413,OPERATING,STANDBY,50,,,queue-times.com
2026-08-14T13:58:32Z,2026-08-14,15,58,Disney Adventure World,Raiponce Tangled Spin,15415,OPERATING,STANDBY,15,,,queue-times.com
2026-08-14T14:01:05Z,2026-08-14,16,1,Disneyland Park,Adventure Isle,2702,OPERATING,STANDBY,0,,,queue-times.com
2026-08-14T14:01:05Z,2026-08-14,16,1,Disneyland Park,Indiana Jones and the Temple of Peril Single Rider,7306,CLOSED,STANDBY,0,,,queue-times.com
2026-08-14T14:01:05Z,2026-08-14,16,1,Disneyland Park,Indiana Jones™ and the Temple of Peril,2,CLOSED,STANDBY,0,,,queue-times.com
2026-08-14T14:01:05Z,2026-08-14,16,1,Disneyland Park,La Cabane des Robinson,1,CLOSED,STANDBY,0,,,queue-times.com
2026-08-14T14:01:05Z,2026-08-14,16,1,Disneyland Park,Le Passage Enchanté d'Aladdin,2703,OPERATING,STANDBY,0,,,queue-times.com
2026-08-14T14:01:05Z,2026-08-14,16,1,Disneyland Park,Pirate Galleon,2705,CLOSED,STANDBY,0,,,queue-times.com
2026-08-14T14:01:05Z,2026-08-14,16,1,Disneyland Park,Pirates of the Caribbean,3,OPERATING,STANDBY,30,,,queue-times.com
2026-08-14T14:01:05Z,2026-08-14,16,1,Disneyland Park,Pirates' Beach,2704,CLOSED,STANDBY,0,,,queue-times.com
2026-08-14T14:01:05Z,2026-08-14,16,1,Disneyland Park,"Autopia, presented by Avis",4,CLOSED,STANDBY,0,,,queue-times.com
2026-08-14T14:01:05Z,2026-08-14,16,1,Disneyland Park,Buzz Lightyear Laser Blast,5,OPERATING,STANDBY,60,,,queue-times.com
2026-08-14T14:01:05Z,2026-08-14,16,1,Disneyland Park,Disneyland Railroad Discoveryland Station,2706,CLOSED,STANDBY,0,,,queue-times.com
2026-08-14T14:01:05Z,2026-08-14,16,1,Disneyland Park,Les Mystères du Nautilus,6,OPERATING,STANDBY,5,,,queue-times.com
2026-08-14T14:01:05Z,2026-08-14,16,1,Disneyland Park,Mickey’s PhilharMagic,2707,OPERATING,STANDBY,0,,,queue-times.com
2026-08-14T14:01:05Z,2026-08-14,16,1,Disneyland Park,Orbitron®,7,CLOSED,STANDBY,0,,,queue-times.com
2026-08-14T14:01:05Z,2026-08-14,16,1,Disneyland Park,Star Tours: The Adventures Continue*,9,OPERATING,STANDBY,10,,,queue-times.com
2026-08-14T14:01:05Z,2026-08-14,16,1,Disneyland Park,Star Wars Hyperspace Mountain,8,OPERATING,STANDBY,30,,,queue-times.com
2026-08-14T14:01:05Z,2026-08-14,16,1,Disneyland Park,Star Wars Hyperspace Mountain Single Rider,7278,OPERATING,STANDBY,25,,,queue-times.com
2026-08-14T14:01:05Z,2026-08-14,16,1,Disneyland Park,Welcome to Starport: A Star Wars Encounter,4573,OPERATING,STANDBY,25,,,queue-times.com
2026-08-14T14:01:05Z,2026-08-14,16,1,Disneyland Park,"""it's a small world""",19,CLOSED,STANDBY,0,,,queue-times.com
2026-08-14T14:01:05Z,2026-08-14,16,1,Disneyland Park,Alice's Curious Labyrinth,14,OPERATING,STANDBY,5,,,queue-times.com
2026-08-14T14:01:05Z,2026-08-14,16,1,Disneyland Park,Blanche-Neige et les Sept Nains®,15,OPERATING,STANDBY,25,,,queue-times.com
2026-08-14T14:01:05Z,2026-08-14,16,1,Disneyland Park,Casey Jr. – le Petit Train du Cirque,17,CLOSED,STANDBY,0,,,queue-times.com
2026-08-14T14:01:05Z,2026-08-14,16,1,Disneyland Park,Disneyland Railroad Fantasyland Station,2711,CLOSED,STANDBY,0,,,queue-times.com
2026-08-14T14:01:05Z,2026-08-14,16,1,Disneyland Park,Disneyland Railroad Main Street Station,11,CLOSED,STANDBY,0,,,queue-times.com
2026-08-14T14:01:05Z,2026-08-14,16,1,Disneyland Park,Dumbo the Flying Elephant,18,CLOSED,STANDBY,0,,,queue-times.com
2026-08-14T14:01:05Z,2026-08-14,16,1,Disneyland Park,La Tanière du Dragon,2710,OPERATING,STANDBY,0,,,queue-times.com
2026-08-14T14:01:05Z,2026-08-14,16,1,Disneyland Park,Le Carrousel de Lancelot,16,OPERATING,STANDBY,15,,,queue-times.com
2026-08-14T14:01:05Z,2026-08-14,16,1,Disneyland Park,"Le Pays des Contes de Fées, presented by Vittel",21,CLOSED,STANDBY,0,,,queue-times.com
2026-08-14T14:01:05Z,2026-08-14,16,1,Disneyland Park,Les Voyages de Pinocchio,23,OPERATING,STANDBY,25,,,queue-times.com
2026-08-14T14:01:05Z,2026-08-14,16,1,Disneyland Park,Mad Hatter's Tea Cups,20,CLOSED,STANDBY,0,,,queue-times.com
2026-08-14T14:01:05Z,2026-08-14,16,1,Disneyland Park,Meet Mickey Mouse,13,OPERATING,STANDBY,0,,,queue-times.com
2026-08-14T14:01:05Z,2026-08-14,16,1,Disneyland Park,Peter Pan's Flight,22,OPERATING,STANDBY,50,,,queue-times.com
2026-08-14T14:01:05Z,2026-08-14,16,1,Disneyland Park,Princess Pavilion,24,OPERATING,STANDBY,0,,,queue-times.com
2026-08-14T14:01:05Z,2026-08-14,16,1,Disneyland Park,Big Thunder Mountain,25,CLOSED,STANDBY,0,,,queue-times.com
2026-08-14T14:01:05Z,2026-08-14,16,1,Disneyland Park,Disneyland Railroad Frontierland Depot,2714,CLOSED,STANDBY,0,,,queue-times.com
2026-08-14T14:01:05Z,2026-08-14,16,1,Disneyland Park,Frontierland Playground,2713,CLOSED,STANDBY,0,,,queue-times.com
2026-08-14T14:01:05Z,2026-08-14,16,1,Disneyland Park,Phantom Manor,26,OPERATING,STANDBY,15,,,queue-times.com
2026-08-14T14:01:05Z,2026-08-14,16,1,Disneyland Park,River Rogue Keelboats,27,CLOSED,STANDBY,0,,,queue-times.com
2026-08-14T14:01:05Z,2026-08-14,16,1,Disneyland Park,Rustler Roundup Shootin' Gallery,2712,OPERATING,STANDBY,0,,,queue-times.com
2026-08-14T14:01:05Z,2026-08-14,16,1,Disneyland Park,Thunder Mesa Riverboat Landing,28,CLOSED,STANDBY,0,,,queue-times.com
2026-08-14T14:01:05Z,2026-08-14,16,1,Disneyland Park,Disneyland Railroad Main Street Station,2708,CLOSED,STANDBY,0,,,queue-times.com
2026-08-14T14:01:05Z,2026-08-14,16,1,Disneyland Park,Main Street Vehicles,12,CLOSED,STANDBY,0,,,queue-times.com
2026-08-14T14:01:05Z,2026-08-14,16,1,Disney Adventure World,Avengers Assemble: Flight Force,10848,CLOSED,STANDBY,0,,,queue-times.com
2026-08-14T14:01:05Z,2026-08-14,16,1,Disney Adventure World,Avengers Assemble: Flight Force Single Rider,10849,CLOSED,STANDBY,0,,,queue-times.com
2026-08-14T14:01:05Z,2026-08-14,16,1,Disney Adventure World,Spider-Man W.E.B. Adventure,10845,OPERATING,STANDBY,60,,,queue-times.com
2026-08-14T14:01:05Z,2026-08-14,16,1,Disney Adventure World,Spider-Man W.E.B. Adventure Single Rider,10846,OPERATING,STANDBY,25,,,queue-times.com
2026-08-14T14:01:05Z,2026-08-14,16,1,Disney Adventure World,The Twilight Zone Tower of Terror,40,OPERATING,STANDBY,50,,,queue-times.com
2026-08-14T14:01:05Z,2026-08-14,16,1,Disney Adventure World,Cars Quatre Roues Rallye,31,CLOSED,STANDBY,0,,,queue-times.com
2026-08-14T14:01:05Z,2026-08-14,16,1,Disney Adventure World,Cars ROAD TRIP,29,CLOSED,STANDBY,0,,,queue-times.com
2026-08-14T14:01:05Z,2026-08-14,16,1,Disney Adventure World,Crush's Coaster,32,OPERATING,STANDBY,80,,,queue-times.com
2026-08-14T14:01:05Z,2026-08-14,16,1,Disney Adventure World,Crush's Coaster Single Rider,7277,OPERATING,STANDBY,70,,,queue-times.com
2026-08-14T14:01:05Z,2026-08-14,16,1,Disney Adventure World,Les Tapis Volants - Flying Carpets Over Agrabah®,33,CLOSED,STANDBY,0,,,queue-times.com
2026-08-14T14:01:05Z,2026-08-14,16,1,Disney Adventure World,Ratatouille : L’Aventure Totalement Toquée de Rémy​,37,OPERATING,STANDBY,50,,,queue-times.com
2026-08-14T14:01:05Z,2026-08-14,16,1,Disney Adventure World,Ratatouille: The Adventure Single Rider,7279,OPERATING,STANDBY,15,,,queue-times.com
2026-08-14T14:01:05Z,2026-08-14,16,1,Disney Adventure World,RC Racer,34,CLOSED,STANDBY,0,,,queue-times.com
2026-08-14T14:01:05Z,2026-08-14,16,1,Disney Adventure World,RC Racer Single Rider,7280,CLOSED,STANDBY,0,,,queue-times.com
2026-08-14T14:01:05Z,2026-08-14,16,1,Disney Adventure World,Slinky® Dog Zigzag Spin,36,CLOSED,STANDBY,0,,,queue-times.com
2026-08-14T14:01:05Z,2026-08-14,16,1,Disney Adventure World,Toy Soldiers Parachute Drop,35,CLOSED,STANDBY,0,,,queue-times.com
2026-08-14T14:01:05Z,2026-08-14,16,1,Disney Adventure World,Toy Soldiers Parachute Drop Single Rider,7281,CLOSED,STANDBY,0,,,queue-times.com
2026-08-14T14:01:05Z,2026-08-14,16,1,Disney Adventure World,Entry to World of Frozen,16247,OPERATING,STANDBY,0,,,queue-times.com
2026-08-14T14:01:05Z,2026-08-14,16,1,Disney Adventure World,Frozen Ever After,15413,OPERATING,STANDBY,50,,,queue-times.com
2026-08-14T14:01:05Z,2026-08-14,16,1,Disney Adventure World,Raiponce Tangled Spin,15415,OPERATING,STANDBY,15,,,queue-times.com
2026-08-14T14:15:36Z,2026-08-14,16,15,Disneyland Park,Adventure Isle,2702,OPERATING,STANDBY,0,,,queue-times.com
2026-08-14T14:15:36Z,2026-08-14,16,15,Disneyland Park,Indiana Jones and the Temple of Peril Single Rider,7306,CLOSED,STANDBY,0,,,queue-times.com
2026-08-14T14:15:36Z,2026-08-14,16,15,Disneyland Park,Indiana Jones™ and the Temple of Peril,2,CLOSED,STANDBY,0,,,queue-times.com
2026-08-14T14:15:36Z,2026-08-14,16,15,Disneyland Park,La Cabane des Robinson,1,CLOSED,STANDBY,0,,,queue-times.com
2026-08-14T14:15:36Z,2026-08-14,16,15,Disneyland Park,Le Passage Enchanté d'Aladdin,2703,OPERATING,STANDBY,0,,,queue-times.com
2026-08-14T14:15:36Z,2026-08-14,16,15,Disneyland Park,Pirate Galleon,2705,CLOSED,STANDBY,0,,,queue-times.com
2026-08-14T14:15:36Z,2026-08-14,16,15,Disneyland Park,Pirates of the Caribbean,3,OPERATING,STANDBY,15,,,queue-times.com
2026-08-14T14:15:36Z,2026-08-14,16,15,Disneyland Park,Pirates' Beach,2704,CLOSED,STANDBY,0,,,queue-times.com
2026-08-14T14:15:36Z,2026-08-14,16,15,Disneyland Park,"Autopia, presented by Avis",4,CLOSED,STANDBY,0,,,queue-times.com
2026-08-14T14:15:36Z,2026-08-14,16,15,Disneyland Park,Buzz Lightyear Laser Blast,5,OPERATING,STANDBY,65,,,queue-times.com
2026-08-14T14:15:36Z,2026-08-14,16,15,Disneyland Park,Disneyland Railroad Discoveryland Station,2706,CLOSED,STANDBY,0,,,queue-times.com
2026-08-14T14:15:36Z,2026-08-14,16,15,Disneyland Park,Les Mystères du Nautilus,6,OPERATING,STANDBY,5,,,queue-times.com
2026-08-14T14:15:36Z,2026-08-14,16,15,Disneyland Park,Mickey’s PhilharMagic,2707,OPERATING,STANDBY,0,,,queue-times.com
2026-08-14T14:15:36Z,2026-08-14,16,15,Disneyland Park,Orbitron®,7,CLOSED,STANDBY,0,,,queue-times.com
2026-08-14T14:15:36Z,2026-08-14,16,15,Disneyland Park,Star Tours: The Adventures Continue*,9,OPERATING,STANDBY,15,,,queue-times.com
2026-08-14T14:15:36Z,2026-08-14,16,15,Disneyland Park,Star Wars Hyperspace Mountain,8,OPERATING,STANDBY,20,,,queue-times.com
2026-08-14T14:15:36Z,2026-08-14,16,15,Disneyland Park,Star Wars Hyperspace Mountain Single Rider,7278,OPERATING,STANDBY,10,,,queue-times.com
2026-08-14T14:15:36Z,2026-08-14,16,15,Disneyland Park,Welcome to Starport: A Star Wars Encounter,4573,OPERATING,STANDBY,25,,,queue-times.com
2026-08-14T14:15:36Z,2026-08-14,16,15,Disneyland Park,"""it's a small world""",19,CLOSED,STANDBY,0,,,queue-times.com
2026-08-14T14:15:36Z,2026-08-14,16,15,Disneyland Park,Alice's Curious Labyrinth,14,OPERATING,STANDBY,5,,,queue-times.com
2026-08-14T14:15:36Z,2026-08-14,16,15,Disneyland Park,Blanche-Neige et les Sept Nains®,15,OPERATING,STANDBY,30,,,queue-times.com
2026-08-14T14:15:36Z,2026-08-14,16,15,Disneyland Park,Casey Jr. – le Petit Train du Cirque,17,CLOSED,STANDBY,0,,,queue-times.com
2026-08-14T14:15:36Z,2026-08-14,16,15,Disneyland Park,Disneyland Railroad Fantasyland Station,2711,CLOSED,STANDBY,0,,,queue-times.com
2026-08-14T14:15:36Z,2026-08-14,16,15,Disneyland Park,Disneyland Railroad Main Street Station,11,CLOSED,STANDBY,0,,,queue-times.com
2026-08-14T14:15:36Z,2026-08-14,16,15,Disneyland Park,Dumbo the Flying Elephant,18,CLOSED,STANDBY,0,,,queue-times.com
2026-08-14T14:15:36Z,2026-08-14,16,15,Disneyland Park,La Tanière du Dragon,2710,OPERATING,STANDBY,0,,,queue-times.com
2026-08-14T14:15:36Z,2026-08-14,16,15,Disneyland Park,Le Carrousel de Lancelot,16,OPERATING,STANDBY,15,,,queue-times.com
2026-08-14T14:15:36Z,2026-08-14,16,15,Disneyland Park,"Le Pays des Contes de Fées, presented by Vittel",21,CLOSED,STANDBY,0,,,queue-times.com
2026-08-14T14:15:36Z,2026-08-14,16,15,Disneyland Park,Les Voyages de Pinocchio,23,OPERATING,STANDBY,25,,,queue-times.com
2026-08-14T14:15:36Z,2026-08-14,16,15,Disneyland Park,Mad Hatter's Tea Cups,20,CLOSED,STANDBY,0,,,queue-times.com
2026-08-14T14:15:36Z,2026-08-14,16,15,Disneyland Park,Meet Mickey Mouse,13,OPERATING,STANDBY,0,,,queue-times.com
2026-08-14T14:15:36Z,2026-08-14,16,15,Disneyland Park,Peter Pan's Flight,22,OPERATING,STANDBY,60,,,queue-times.com
2026-08-14T14:15:36Z,2026-08-14,16,15,Disneyland Park,Princess Pavilion,24,OPERATING,STANDBY,0,,,queue-times.com
2026-08-14T14:15:36Z,2026-08-14,16,15,Disneyland Park,Big Thunder Mountain,25,CLOSED,STANDBY,0,,,queue-times.com
2026-08-14T14:15:36Z,2026-08-14,16,15,Disneyland Park,Disneyland Railroad Frontierland Depot,2714,CLOSED,STANDBY,0,,,queue-times.com
2026-08-14T14:15:36Z,2026-08-14,16,15,Disneyland Park,Frontierland Playground,2713,CLOSED,STANDBY,0,,,queue-times.com
2026-08-14T14:15:36Z,2026-08-14,16,15,Disneyland Park,Phantom Manor,26,OPERATING,STANDBY,15,,,queue-times.com
2026-08-14T14:15:36Z,2026-08-14,16,15,Disneyland Park,River Rogue Keelboats,27,CLOSED,STANDBY,0,,,queue-times.com
2026-08-14T14:15:36Z,2026-08-14,16,15,Disneyland Park,Rustler Roundup Shootin' Gallery,2712,OPERATING,STANDBY,0,,,queue-times.com
2026-08-14T14:15:36Z,2026-08-14,16,15,Disneyland Park,Thunder Mesa Riverboat Landing,28,CLOSED,STANDBY,0,,,queue-times.com
2026-08-14T14:15:36Z,2026-08-14,16,15,Disneyland Park,Disneyland Railroad Main Street Station,2708,CLOSED,STANDBY,0,,,queue-times.com
2026-08-14T14:15:36Z,2026-08-14,16,15,Disneyland Park,Main Street Vehicles,12,CLOSED,STANDBY,0,,,queue-times.com
2026-08-14T14:15:36Z,2026-08-14,16,15,Disney Adventure World,Avengers Assemble: Flight Force,10848,CLOSED,STANDBY,0,,,queue-times.com
2026-08-14T14:15:36Z,2026-08-14,16,15,Disney Adventure World,Avengers Assemble: Flight Force Single Rider,10849,CLOSED,STANDBY,0,,,queue-times.com
2026-08-14T14:15:36Z,2026-08-14,16,15,Disney Adventure World,Spider-Man W.E.B. Adventure,10845,OPERATING,STANDBY,60,,,queue-times.com
2026-08-14T14:15:36Z,2026-08-14,16,15,Disney Adventure World,Spider-Man W.E.B. Adventure Single Rider,10846,OPERATING,STANDBY,30,,,queue-times.com
2026-08-14T14:15:36Z,2026-08-14,16,15,Disney Adventure World,The Twilight Zone Tower of Terror,40,OPERATING,STANDBY,65,,,queue-times.com
2026-08-14T14:15:36Z,2026-08-14,16,15,Disney Adventure World,Cars Quatre Roues Rallye,31,CLOSED,STANDBY,0,,,queue-times.com
2026-08-14T14:15:36Z,2026-08-14,16,15,Disney Adventure World,Cars ROAD TRIP,29,CLOSED,STANDBY,0,,,queue-times.com
2026-08-14T14:15:36Z,2026-08-14,16,15,Disney Adventure World,Crush's Coaster,32,OPERATING,STANDBY,80,,,queue-times.com
2026-08-14T14:15:36Z,2026-08-14,16,15,Disney Adventure World,Crush's Coaster Single Rider,7277,OPERATING,STANDBY,60,,,queue-times.com
2026-08-14T14:15:36Z,2026-08-14,16,15,Disney Adventure World,Les Tapis Volants - Flying Carpets Over Agrabah®,33,CLOSED,STANDBY,0,,,queue-times.com
2026-08-14T14:15:36Z,2026-08-14,16,15,Disney Adventure World,Ratatouille : L’Aventure Totalement Toquée de Rémy​,37,OPERATING,STANDBY,80,,,queue-times.com
2026-08-14T14:15:36Z,2026-08-14,16,15,Disney Adventure World,Ratatouille: The Adventure Single Rider,7279,OPERATING,STANDBY,15,,,queue-times.com
2026-08-14T14:15:36Z,2026-08-14,16,15,Disney Adventure World,RC Racer,34,CLOSED,STANDBY,0,,,queue-times.com
2026-08-14T14:15:36Z,2026-08-14,16,15,Disney Adventure World,RC Racer Single Rider,7280,CLOSED,STANDBY,0,,,queue-times.com
2026-08-14T14:15:36Z,2026-08-14,16,15,Disney Adventure World,Slinky® Dog Zigzag Spin,36,CLOSED,STANDBY,0,,,queue-times.com
2026-08-14T14:15:36Z,2026-08-14,16,15,Disney Adventure World,Toy Soldiers Parachute Drop,35,CLOSED,STANDBY,0,,,queue-times.com
2026-08-14T14:15:36Z,2026-08-14,16,15,Disney Adventure World,Toy Soldiers Parachute Drop Single Rider,7281,CLOSED,STANDBY,0,,,queue-times.com
2026-08-14T14:15:36Z,2026-08-14,16,15,Disney Adventure World,Entry to World of Frozen,16247,OPERATING,STANDBY,0,,,queue-times.com
2026-08-14T14:15:36Z,2026-08-14,16,15,Disney Adventure World,Frozen Ever After,15413,OPERATING,STANDBY,55,,,queue-times.com
2026-08-14T14:15:36Z,2026-08-14,16,15,Disney Adventure World,Raiponce Tangled Spin,15415,OPERATING,STANDBY,20,,,queue-times.com
2026-08-14T14:30:54Z,2026-08-14,16,30,Disneyland Park,Adventure Isle,2702,OPERATING,STANDBY,0,,,queue-times.com
2026-08-14T14:30:54Z,2026-08-14,16,30,Disneyland Park,Indiana Jones and the Temple of Peril Single Rider,7306,CLOSED,STANDBY,0,,,queue-times.com
2026-08-14T14:30:54Z,2026-08-14,16,30,Disneyland Park,Indiana Jones™ and the Temple of Peril,2,CLOSED,STANDBY,0,,,queue-times.com
2026-08-14T14:30:54Z,2026-08-14,16,30,Disneyland Park,La Cabane des Robinson,1,CLOSED,STANDBY,0,,,queue-times.com
2026-08-14T14:30:54Z,2026-08-14,16,30,Disneyland Park,Le Passage Enchanté d'Aladdin,2703,OPERATING,STANDBY,0,,,queue-times.com
2026-08-14T14:30:54Z,2026-08-14,16,30,Disneyland Park,Pirate Galleon,2705,CLOSED,STANDBY,0,,,queue-times.com
2026-08-14T14:30:54Z,2026-08-14,16,30,Disneyland Park,Pirates of the Caribbean,3,OPERATING,STANDBY,15,,,queue-times.com
2026-08-14T14:30:54Z,2026-08-14,16,30,Disneyland Park,Pirates' Beach,2704,CLOSED,STANDBY,0,,,queue-times.com
2026-08-14T14:30:54Z,2026-08-14,16,30,Disneyland Park,"Autopia, presented by Avis",4,CLOSED,STANDBY,0,,,queue-times.com
2026-08-14T14:30:54Z,2026-08-14,16,30,Disneyland Park,Buzz Lightyear Laser Blast,5,OPERATING,STANDBY,45,,,queue-times.com
2026-08-14T14:30:54Z,2026-08-14,16,30,Disneyland Park,Disneyland Railroad Discoveryland Station,2706,CLOSED,STANDBY,0,,,queue-times.com
2026-08-14T14:30:54Z,2026-08-14,16,30,Disneyland Park,Les Mystères du Nautilus,6,OPERATING,STANDBY,5,,,queue-times.com
2026-08-14T14:30:54Z,2026-08-14,16,30,Disneyland Park,Mickey’s PhilharMagic,2707,OPERATING,STANDBY,0,,,queue-times.com
2026-08-14T14:30:54Z,2026-08-14,16,30,Disneyland Park,Orbitron®,7,CLOSED,STANDBY,0,,,queue-times.com
2026-08-14T14:30:54Z,2026-08-14,16,30,Disneyland Park,Star Tours: The Adventures Continue*,9,OPERATING,STANDBY,25,,,queue-times.com
2026-08-14T14:30:54Z,2026-08-14,16,30,Disneyland Park,Star Wars Hyperspace Mountain,8,OPERATING,STANDBY,25,,,queue-times.com
2026-08-14T14:30:54Z,2026-08-14,16,30,Disneyland Park,Star Wars Hyperspace Mountain Single Rider,7278,OPERATING,STANDBY,15,,,queue-times.com
2026-08-14T14:30:54Z,2026-08-14,16,30,Disneyland Park,Welcome to Starport: A Star Wars Encounter,4573,OPERATING,STANDBY,25,,,queue-times.com
2026-08-14T14:30:54Z,2026-08-14,16,30,Disneyland Park,"""it's a small world""",19,CLOSED,STANDBY,0,,,queue-times.com
2026-08-14T14:30:54Z,2026-08-14,16,30,Disneyland Park,Alice's Curious Labyrinth,14,OPERATING,STANDBY,5,,,queue-times.com
2026-08-14T14:30:54Z,2026-08-14,16,30,Disneyland Park,Blanche-Neige et les Sept Nains®,15,OPERATING,STANDBY,30,,,queue-times.com
2026-08-14T14:30:54Z,2026-08-14,16,30,Disneyland Park,Casey Jr. – le Petit Train du Cirque,17,CLOSED,STANDBY,0,,,queue-times.com
2026-08-14T14:30:54Z,2026-08-14,16,30,Disneyland Park,Disneyland Railroad Fantasyland Station,2711,CLOSED,STANDBY,0,,,queue-times.com
2026-08-14T14:30:54Z,2026-08-14,16,30,Disneyland Park,Disneyland Railroad Main Street Station,11,CLOSED,STANDBY,0,,,queue-times.com
2026-08-14T14:30:54Z,2026-08-14,16,30,Disneyland Park,Dumbo the Flying Elephant,18,CLOSED,STANDBY,0,,,queue-times.com
2026-08-14T14:30:54Z,2026-08-14,16,30,Disneyland Park,La Tanière du Dragon,2710,OPERATING,STANDBY,0,,,queue-times.com
2026-08-14T14:30:54Z,2026-08-14,16,30,Disneyland Park,Le Carrousel de Lancelot,16,OPERATING,STANDBY,15,,,queue-times.com
2026-08-14T14:30:54Z,2026-08-14,16,30,Disneyland Park,"Le Pays des Contes de Fées, presented by Vittel",21,CLOSED,STANDBY,0,,,queue-times.com
2026-08-14T14:30:54Z,2026-08-14,16,30,Disneyland Park,Les Voyages de Pinocchio,23,OPERATING,STANDBY,35,,,queue-times.com
2026-08-14T14:30:54Z,2026-08-14,16,30,Disneyland Park,Mad Hatter's Tea Cups,20,CLOSED,STANDBY,0,,,queue-times.com
2026-08-14T14:30:54Z,2026-08-14,16,30,Disneyland Park,Meet Mickey Mouse,13,OPERATING,STANDBY,0,,,queue-times.com
2026-08-14T14:30:54Z,2026-08-14,16,30,Disneyland Park,Peter Pan's Flight,22,OPERATING,STANDBY,60,,,queue-times.com
2026-08-14T14:30:54Z,2026-08-14,16,30,Disneyland Park,Princess Pavilion,24,OPERATING,STANDBY,0,,,queue-times.com
2026-08-14T14:30:54Z,2026-08-14,16,30,Disneyland Park,Big Thunder Mountain,25,CLOSED,STANDBY,0,,,queue-times.com
2026-08-14T14:30:54Z,2026-08-14,16,30,Disneyland Park,Disneyland Railroad Frontierland Depot,2714,CLOSED,STANDBY,0,,,queue-times.com
2026-08-14T14:30:54Z,2026-08-14,16,30,Disneyland Park,Frontierland Playground,2713,CLOSED,STANDBY,0,,,queue-times.com
2026-08-14T14:30:54Z,2026-08-14,16,30,Disneyland Park,Phantom Manor,26,OPERATING,STANDBY,25,,,queue-times.com
2026-08-14T14:30:54Z,2026-08-14,16,30,Disneyland Park,River Rogue Keelboats,27,CLOSED,STANDBY,0,,,queue-times.com
2026-08-14T14:30:54Z,2026-08-14,16,30,Disneyland Park,Rustler Roundup Shootin' Gallery,2712,OPERATING,STANDBY,0,,,queue-times.com
2026-08-14T14:30:54Z,2026-08-14,16,30,Disneyland Park,Thunder Mesa Riverboat Landing,28,CLOSED,STANDBY,0,,,queue-times.com
2026-08-14T14:30:54Z,2026-08-14,16,30,Disneyland Park,Disneyland Railroad Main Street Station,2708,CLOSED,STANDBY,0,,,queue-times.com
2026-08-14T14:30:54Z,2026-08-14,16,30,Disneyland Park,Main Street Vehicles,12,CLOSED,STANDBY,0,,,queue-times.com
2026-08-14T14:30:54Z,2026-08-14,16,30,Disney Adventure World,Avengers Assemble: Flight Force,10848,OPERATING,STANDBY,5,,,queue-times.com
2026-08-14T14:30:54Z,2026-08-14,16,30,Disney Adventure World,Avengers Assemble: Flight Force Single Rider,10849,OPERATING,STANDBY,5,,,queue-times.com
2026-08-14T14:30:54Z,2026-08-14,16,30,Disney Adventure World,Spider-Man W.E.B. Adventure,10845,OPERATING,STANDBY,60,,,queue-times.com
2026-08-14T14:30:54Z,2026-08-14,16,30,Disney Adventure World,Spider-Man W.E.B. Adventure Single Rider,10846,OPERATING,STANDBY,30,,,queue-times.com
2026-08-14T14:30:54Z,2026-08-14,16,30,Disney Adventure World,The Twilight Zone Tower of Terror,40,OPERATING,STANDBY,45,,,queue-times.com
2026-08-14T14:30:54Z,2026-08-14,16,30,Disney Adventure World,Cars Quatre Roues Rallye,31,CLOSED,STANDBY,0,,,queue-times.com
2026-08-14T14:30:54Z,2026-08-14,16,30,Disney Adventure World,Cars ROAD TRIP,29,CLOSED,STANDBY,0,,,queue-times.com
2026-08-14T14:30:54Z,2026-08-14,16,30,Disney Adventure World,Crush's Coaster,32,OPERATING,STANDBY,80,,,queue-times.com
2026-08-14T14:30:54Z,2026-08-14,16,30,Disney Adventure World,Crush's Coaster Single Rider,7277,OPERATING,STANDBY,60,,,queue-times.com
2026-08-14T14:30:54Z,2026-08-14,16,30,Disney Adventure World,Les Tapis Volants - Flying Carpets Over Agrabah®,33,CLOSED,STANDBY,0,,,queue-times.com
2026-08-14T14:30:54Z,2026-08-14,16,30,Disney Adventure World,Ratatouille : L’Aventure Totalement Toquée de Rémy​,37,OPERATING,STANDBY,40,,,queue-times.com
2026-08-14T14:30:54Z,2026-08-14,16,30,Disney Adventure World,Ratatouille: The Adventure Single Rider,7279,OPERATING,STANDBY,20,,,queue-times.com
2026-08-14T14:30:54Z,2026-08-14,16,30,Disney Adventure World,RC Racer,34,CLOSED,STANDBY,0,,,queue-times.com
2026-08-14T14:30:54Z,2026-08-14,16,30,Disney Adventure World,RC Racer Single Rider,7280,CLOSED,STANDBY,0,,,queue-times.com
2026-08-14T14:30:54Z,2026-08-14,16,30,Disney Adventure World,Slinky® Dog Zigzag Spin,36,CLOSED,STANDBY,0,,,queue-times.com
2026-08-14T14:30:54Z,2026-08-14,16,30,Disney Adventure World,Toy Soldiers Parachute Drop,35,CLOSED,STANDBY,0,,,queue-times.com
2026-08-14T14:30:54Z,2026-08-14,16,30,Disney Adventure World,Toy Soldiers Parachute Drop Single Rider,7281,CLOSED,STANDBY,0,,,queue-times.com
2026-08-14T14:30:54Z,2026-08-14,16,30,Disney Adventure World,Entry to World of Frozen,16247,OPERATING,STANDBY,0,,,queue-times.com
2026-08-14T14:30:54Z,2026-08-14,16,30,Disney Adventure World,Frozen Ever After,15413,OPERATING,STANDBY,80,,,queue-times.com
2026-08-14T14:30:54Z,2026-08-14,16,30,Disney Adventure World,Raiponce Tangled Spin,15415,OPERATING,STANDBY,20,,,queue-times.com
2026-08-14T14:45:39Z,2026-08-14,16,45,Disneyland Park,Adventure Isle,2702,OPERATING,STANDBY,0,,,queue-times.com
2026-08-14T14:45:39Z,2026-08-14,16,45,Disneyland Park,Indiana Jones and the Temple of Peril Single Rider,7306,CLOSED,STANDBY,0,,,queue-times.com
2026-08-14T14:45:39Z,2026-08-14,16,45,Disneyland Park,Indiana Jones™ and the Temple of Peril,2,CLOSED,STANDBY,0,,,queue-times.com
2026-08-14T14:45:39Z,2026-08-14,16,45,Disneyland Park,La Cabane des Robinson,1,CLOSED,STANDBY,0,,,queue-times.com
2026-08-14T14:45:39Z,2026-08-14,16,45,Disneyland Park,Le Passage Enchanté d'Aladdin,2703,OPERATING,STANDBY,0,,,queue-times.com
2026-08-14T14:45:39Z,2026-08-14,16,45,Disneyland Park,Pirate Galleon,2705,CLOSED,STANDBY,0,,,queue-times.com
2026-08-14T14:45:39Z,2026-08-14,16,45,Disneyland Park,Pirates of the Caribbean,3,OPERATING,STANDBY,20,,,queue-times.com
2026-08-14T14:45:39Z,2026-08-14,16,45,Disneyland Park,Pirates' Beach,2704,CLOSED,STANDBY,0,,,queue-times.com
2026-08-14T14:45:39Z,2026-08-14,16,45,Disneyland Park,"Autopia, presented by Avis",4,CLOSED,STANDBY,0,,,queue-times.com
2026-08-14T14:45:39Z,2026-08-14,16,45,Disneyland Park,Buzz Lightyear Laser Blast,5,OPERATING,STANDBY,30,,,queue-times.com
2026-08-14T14:45:39Z,2026-08-14,16,45,Disneyland Park,Disneyland Railroad Discoveryland Station,2706,CLOSED,STANDBY,0,,,queue-times.com
2026-08-14T14:45:39Z,2026-08-14,16,45,Disneyland Park,Les Mystères du Nautilus,6,OPERATING,STANDBY,5,,,queue-times.com
2026-08-14T14:45:39Z,2026-08-14,16,45,Disneyland Park,Mickey’s PhilharMagic,2707,OPERATING,STANDBY,0,,,queue-times.com
2026-08-14T14:45:39Z,2026-08-14,16,45,Disneyland Park,Orbitron®,7,CLOSED,STANDBY,0,,,queue-times.com
2026-08-14T14:45:39Z,2026-08-14,16,45,Disneyland Park,Star Tours: The Adventures Continue*,9,OPERATING,STANDBY,30,,,queue-times.com
2026-08-14T14:45:39Z,2026-08-14,16,45,Disneyland Park,Star Wars Hyperspace Mountain,8,OPERATING,STANDBY,30,,,queue-times.com
2026-08-14T14:45:39Z,2026-08-14,16,45,Disneyland Park,Star Wars Hyperspace Mountain Single Rider,7278,OPERATING,STANDBY,15,,,queue-times.com
2026-08-14T14:45:39Z,2026-08-14,16,45,Disneyland Park,Welcome to Starport: A Star Wars Encounter,4573,OPERATING,STANDBY,25,,,queue-times.com
2026-08-14T14:45:39Z,2026-08-14,16,45,Disneyland Park,"""it's a small world""",19,CLOSED,STANDBY,0,,,queue-times.com
2026-08-14T14:45:39Z,2026-08-14,16,45,Disneyland Park,Alice's Curious Labyrinth,14,OPERATING,STANDBY,5,,,queue-times.com
2026-08-14T14:45:39Z,2026-08-14,16,45,Disneyland Park,Blanche-Neige et les Sept Nains®,15,OPERATING,STANDBY,30,,,queue-times.com
2026-08-14T14:45:39Z,2026-08-14,16,45,Disneyland Park,Casey Jr. – le Petit Train du Cirque,17,CLOSED,STANDBY,0,,,queue-times.com
2026-08-14T14:45:39Z,2026-08-14,16,45,Disneyland Park,Disneyland Railroad Fantasyland Station,2711,CLOSED,STANDBY,0,,,queue-times.com
2026-08-14T14:45:39Z,2026-08-14,16,45,Disneyland Park,Disneyland Railroad Main Street Station,11,CLOSED,STANDBY,0,,,queue-times.com
2026-08-14T14:45:39Z,2026-08-14,16,45,Disneyland Park,Dumbo the Flying Elephant,18,CLOSED,STANDBY,0,,,queue-times.com
2026-08-14T14:45:39Z,2026-08-14,16,45,Disneyland Park,La Tanière du Dragon,2710,OPERATING,STANDBY,0,,,queue-times.com
2026-08-14T14:45:39Z,2026-08-14,16,45,Disneyland Park,Le Carrousel de Lancelot,16,OPERATING,STANDBY,15,,,queue-times.com
2026-08-14T14:45:39Z,2026-08-14,16,45,Disneyland Park,"Le Pays des Contes de Fées, presented by Vittel",21,CLOSED,STANDBY,0,,,queue-times.com
2026-08-14T14:45:39Z,2026-08-14,16,45,Disneyland Park,Les Voyages de Pinocchio,23,OPERATING,STANDBY,35,,,queue-times.com
2026-08-14T14:45:39Z,2026-08-14,16,45,Disneyland Park,Mad Hatter's Tea Cups,20,CLOSED,STANDBY,0,,,queue-times.com
2026-08-14T14:45:39Z,2026-08-14,16,45,Disneyland Park,Meet Mickey Mouse,13,OPERATING,STANDBY,0,,,queue-times.com
2026-08-14T14:45:39Z,2026-08-14,16,45,Disneyland Park,Peter Pan's Flight,22,OPERATING,STANDBY,60,,,queue-times.com
2026-08-14T14:45:39Z,2026-08-14,16,45,Disneyland Park,Princess Pavilion,24,OPERATING,STANDBY,0,,,queue-times.com
2026-08-14T14:45:39Z,2026-08-14,16,45,Disneyland Park,Big Thunder Mountain,25,CLOSED,STANDBY,0,,,queue-times.com
2026-08-14T14:45:39Z,2026-08-14,16,45,Disneyland Park,Disneyland Railroad Frontierland Depot,2714,CLOSED,STANDBY,0,,,queue-times.com
2026-08-14T14:45:39Z,2026-08-14,16,45,Disneyland Park,Frontierland Playground,2713,CLOSED,STANDBY,0,,,queue-times.com
2026-08-14T14:45:39Z,2026-08-14,16,45,Disneyland Park,Phantom Manor,26,OPERATING,STANDBY,25,,,queue-times.com
2026-08-14T14:45:39Z,2026-08-14,16,45,Disneyland Park,River Rogue Keelboats,27,CLOSED,STANDBY,0,,,queue-times.com
2026-08-14T14:45:39Z,2026-08-14,16,45,Disneyland Park,Rustler Roundup Shootin' Gallery,2712,OPERATING,STANDBY,0,,,queue-times.com
2026-08-14T14:45:39Z,2026-08-14,16,45,Disneyland Park,Thunder Mesa Riverboat Landing,28,CLOSED,STANDBY,0,,,queue-times.com
2026-08-14T14:45:39Z,2026-08-14,16,45,Disneyland Park,Disneyland Railroad Main Street Station,2708,CLOSED,STANDBY,0,,,queue-times.com
2026-08-14T14:45:39Z,2026-08-14,16,45,Disneyland Park,Main Street Vehicles,12,CLOSED,STANDBY,0,,,queue-times.com
2026-08-14T14:45:39Z,2026-08-14,16,45,Disney Adventure World,Avengers Assemble: Flight Force,10848,OPERATING,STANDBY,10,,,queue-times.com
2026-08-14T14:45:39Z,2026-08-14,16,45,Disney Adventure World,Avengers Assemble: Flight Force Single Rider,10849,OPERATING,STANDBY,5,,,queue-times.com
2026-08-14T14:45:39Z,2026-08-14,16,45,Disney Adventure World,Spider-Man W.E.B. Adventure,10845,OPERATING,STANDBY,50,,,queue-times.com
2026-08-14T14:45:39Z,2026-08-14,16,45,Disney Adventure World,Spider-Man W.E.B. Adventure Single Rider,10846,OPERATING,STANDBY,15,,,queue-times.com
2026-08-14T14:45:39Z,2026-08-14,16,45,Disney Adventure World,The Twilight Zone Tower of Terror,40,OPERATING,STANDBY,35,,,queue-times.com
2026-08-14T14:45:39Z,2026-08-14,16,45,Disney Adventure World,Cars Quatre Roues Rallye,31,CLOSED,STANDBY,0,,,queue-times.com
2026-08-14T14:45:39Z,2026-08-14,16,45,Disney Adventure World,Cars ROAD TRIP,29,CLOSED,STANDBY,0,,,queue-times.com
2026-08-14T14:45:39Z,2026-08-14,16,45,Disney Adventure World,Crush's Coaster,32,OPERATING,STANDBY,80,,,queue-times.com
2026-08-14T14:45:39Z,2026-08-14,16,45,Disney Adventure World,Crush's Coaster Single Rider,7277,OPERATING,STANDBY,45,,,queue-times.com
2026-08-14T14:45:39Z,2026-08-14,16,45,Disney Adventure World,Les Tapis Volants - Flying Carpets Over Agrabah®,33,CLOSED,STANDBY,0,,,queue-times.com
2026-08-14T14:45:39Z,2026-08-14,16,45,Disney Adventure World,Ratatouille : L’Aventure Totalement Toquée de Rémy​,37,OPERATING,STANDBY,50,,,queue-times.com
2026-08-14T14:45:39Z,2026-08-14,16,45,Disney Adventure World,Ratatouille: The Adventure Single Rider,7279,OPERATING,STANDBY,10,,,queue-times.com
2026-08-14T14:45:39Z,2026-08-14,16,45,Disney Adventure World,RC Racer,34,CLOSED,STANDBY,0,,,queue-times.com
2026-08-14T14:45:39Z,2026-08-14,16,45,Disney Adventure World,RC Racer Single Rider,7280,CLOSED,STANDBY,0,,,queue-times.com
2026-08-14T14:45:39Z,2026-08-14,16,45,Disney Adventure World,Slinky® Dog Zigzag Spin,36,CLOSED,STANDBY,0,,,queue-times.com
2026-08-14T14:45:39Z,2026-08-14,16,45,Disney Adventure World,Toy Soldiers Parachute Drop,35,CLOSED,STANDBY,0,,,queue-times.com
2026-08-14T14:45:39Z,2026-08-14,16,45,Disney Adventure World,Toy Soldiers Parachute Drop Single Rider,7281,CLOSED,STANDBY,0,,,queue-times.com
2026-08-14T14:45:39Z,2026-08-14,16,45,Disney Adventure World,Entry to World of Frozen,16247,OPERATING,STANDBY,0,,,queue-times.com
2026-08-14T14:45:39Z,2026-08-14,16,45,Disney Adventure World,Frozen Ever After,15413,OPERATING,STANDBY,65,,,queue-times.com
2026-08-14T14:45:39Z,2026-08-14,16,45,Disney Adventure World,Raiponce Tangled Spin,15415,OPERATING,STANDBY,5,,,queue-times.com
2026-08-14T15:01:05Z,2026-08-14,17,1,Disneyland Park,Adventure Isle,2702,OPERATING,STANDBY,0,,,queue-times.com
2026-08-14T15:01:05Z,2026-08-14,17,1,Disneyland Park,Indiana Jones and the Temple of Peril Single Rider,7306,CLOSED,STANDBY,0,,,queue-times.com
2026-08-14T15:01:05Z,2026-08-14,17,1,Disneyland Park,Indiana Jones™ and the Temple of Peril,2,CLOSED,STANDBY,0,,,queue-times.com
2026-08-14T15:01:05Z,2026-08-14,17,1,Disneyland Park,La Cabane des Robinson,1,CLOSED,STANDBY,0,,,queue-times.com
2026-08-14T15:01:05Z,2026-08-14,17,1,Disneyland Park,Le Passage Enchanté d'Aladdin,2703,OPERATING,STANDBY,0,,,queue-times.com
2026-08-14T15:01:05Z,2026-08-14,17,1,Disneyland Park,Pirate Galleon,2705,CLOSED,STANDBY,0,,,queue-times.com
2026-08-14T15:01:05Z,2026-08-14,17,1,Disneyland Park,Pirates of the Caribbean,3,OPERATING,STANDBY,15,,,queue-times.com
2026-08-14T15:01:05Z,2026-08-14,17,1,Disneyland Park,Pirates' Beach,2704,CLOSED,STANDBY,0,,,queue-times.com
2026-08-14T15:01:05Z,2026-08-14,17,1,Disneyland Park,"Autopia, presented by Avis",4,CLOSED,STANDBY,0,,,queue-times.com
2026-08-14T15:01:05Z,2026-08-14,17,1,Disneyland Park,Buzz Lightyear Laser Blast,5,OPERATING,STANDBY,50,,,queue-times.com
2026-08-14T15:01:05Z,2026-08-14,17,1,Disneyland Park,Disneyland Railroad Discoveryland Station,2706,CLOSED,STANDBY,0,,,queue-times.com
2026-08-14T15:01:05Z,2026-08-14,17,1,Disneyland Park,Les Mystères du Nautilus,6,OPERATING,STANDBY,5,,,queue-times.com
2026-08-14T15:01:05Z,2026-08-14,17,1,Disneyland Park,Mickey’s PhilharMagic,2707,OPERATING,STANDBY,0,,,queue-times.com
2026-08-14T15:01:05Z,2026-08-14,17,1,Disneyland Park,Orbitron®,7,CLOSED,STANDBY,0,,,queue-times.com
2026-08-14T15:01:05Z,2026-08-14,17,1,Disneyland Park,Star Tours: The Adventures Continue*,9,OPERATING,STANDBY,20,,,queue-times.com
2026-08-14T15:01:05Z,2026-08-14,17,1,Disneyland Park,Star Wars Hyperspace Mountain,8,OPERATING,STANDBY,30,,,queue-times.com
2026-08-14T15:01:05Z,2026-08-14,17,1,Disneyland Park,Star Wars Hyperspace Mountain Single Rider,7278,OPERATING,STANDBY,15,,,queue-times.com
2026-08-14T15:01:05Z,2026-08-14,17,1,Disneyland Park,Welcome to Starport: A Star Wars Encounter,4573,OPERATING,STANDBY,25,,,queue-times.com
2026-08-14T15:01:05Z,2026-08-14,17,1,Disneyland Park,"""it's a small world""",19,CLOSED,STANDBY,0,,,queue-times.com
2026-08-14T15:01:05Z,2026-08-14,17,1,Disneyland Park,Alice's Curious Labyrinth,14,OPERATING,STANDBY,5,,,queue-times.com
2026-08-14T15:01:05Z,2026-08-14,17,1,Disneyland Park,Blanche-Neige et les Sept Nains®,15,OPERATING,STANDBY,30,,,queue-times.com
2026-08-14T15:01:05Z,2026-08-14,17,1,Disneyland Park,Casey Jr. – le Petit Train du Cirque,17,CLOSED,STANDBY,0,,,queue-times.com
2026-08-14T15:01:05Z,2026-08-14,17,1,Disneyland Park,Disneyland Railroad Fantasyland Station,2711,CLOSED,STANDBY,0,,,queue-times.com
2026-08-14T15:01:05Z,2026-08-14,17,1,Disneyland Park,Disneyland Railroad Main Street Station,11,CLOSED,STANDBY,0,,,queue-times.com
2026-08-14T15:01:05Z,2026-08-14,17,1,Disneyland Park,Dumbo the Flying Elephant,18,CLOSED,STANDBY,0,,,queue-times.com
2026-08-14T15:01:05Z,2026-08-14,17,1,Disneyland Park,La Tanière du Dragon,2710,OPERATING,STANDBY,0,,,queue-times.com
2026-08-14T15:01:05Z,2026-08-14,17,1,Disneyland Park,Le Carrousel de Lancelot,16,OPERATING,STANDBY,15,,,queue-times.com
2026-08-14T15:01:05Z,2026-08-14,17,1,Disneyland Park,"Le Pays des Contes de Fées, presented by Vittel",21,CLOSED,STANDBY,0,,,queue-times.com
2026-08-14T15:01:05Z,2026-08-14,17,1,Disneyland Park,Les Voyages de Pinocchio,23,OPERATING,STANDBY,35,,,queue-times.com
2026-08-14T15:01:05Z,2026-08-14,17,1,Disneyland Park,Mad Hatter's Tea Cups,20,CLOSED,STANDBY,0,,,queue-times.com
2026-08-14T15:01:05Z,2026-08-14,17,1,Disneyland Park,Meet Mickey Mouse,13,OPERATING,STANDBY,0,,,queue-times.com
2026-08-14T15:01:05Z,2026-08-14,17,1,Disneyland Park,Peter Pan's Flight,22,OPERATING,STANDBY,55,,,queue-times.com
2026-08-14T15:01:05Z,2026-08-14,17,1,Disneyland Park,Princess Pavilion,24,OPERATING,STANDBY,0,,,queue-times.com
2026-08-14T15:01:05Z,2026-08-14,17,1,Disneyland Park,Big Thunder Mountain,25,CLOSED,STANDBY,0,,,queue-times.com
2026-08-14T15:01:05Z,2026-08-14,17,1,Disneyland Park,Disneyland Railroad Frontierland Depot,2714,CLOSED,STANDBY,0,,,queue-times.com
2026-08-14T15:01:05Z,2026-08-14,17,1,Disneyland Park,Frontierland Playground,2713,CLOSED,STANDBY,0,,,queue-times.com
2026-08-14T15:01:05Z,2026-08-14,17,1,Disneyland Park,Phantom Manor,26,OPERATING,STANDBY,25,,,queue-times.com
2026-08-14T15:01:05Z,2026-08-14,17,1,Disneyland Park,River Rogue Keelboats,27,CLOSED,STANDBY,0,,,queue-times.com
2026-08-14T15:01:05Z,2026-08-14,17,1,Disneyland Park,Rustler Roundup Shootin' Gallery,2712,OPERATING,STANDBY,0,,,queue-times.com
2026-08-14T15:01:05Z,2026-08-14,17,1,Disneyland Park,Thunder Mesa Riverboat Landing,28,CLOSED,STANDBY,0,,,queue-times.com
2026-08-14T15:01:05Z,2026-08-14,17,1,Disneyland Park,Disneyland Railroad Main Street Station,2708,CLOSED,STANDBY,0,,,queue-times.com
2026-08-14T15:01:05Z,2026-08-14,17,1,Disneyland Park,Main Street Vehicles,12,CLOSED,STANDBY,0,,,queue-times.com
2026-08-14T15:01:05Z,2026-08-14,17,1,Disney Adventure World,Avengers Assemble: Flight Force,10848,CLOSED,STANDBY,0,,,queue-times.com
2026-08-14T15:01:05Z,2026-08-14,17,1,Disney Adventure World,Avengers Assemble: Flight Force Single Rider,10849,CLOSED,STANDBY,0,,,queue-times.com
2026-08-14T15:01:05Z,2026-08-14,17,1,Disney Adventure World,Spider-Man W.E.B. Adventure,10845,OPERATING,STANDBY,50,,,queue-times.com
2026-08-14T15:01:05Z,2026-08-14,17,1,Disney Adventure World,Spider-Man W.E.B. Adventure Single Rider,10846,OPERATING,STANDBY,35,,,queue-times.com
2026-08-14T15:01:05Z,2026-08-14,17,1,Disney Adventure World,The Twilight Zone Tower of Terror,40,OPERATING,STANDBY,45,,,queue-times.com
2026-08-14T15:01:05Z,2026-08-14,17,1,Disney Adventure World,Cars Quatre Roues Rallye,31,CLOSED,STANDBY,0,,,queue-times.com
2026-08-14T15:01:05Z,2026-08-14,17,1,Disney Adventure World,Cars ROAD TRIP,29,CLOSED,STANDBY,0,,,queue-times.com
2026-08-14T15:01:05Z,2026-08-14,17,1,Disney Adventure World,Crush's Coaster,32,OPERATING,STANDBY,65,,,queue-times.com
2026-08-14T15:01:05Z,2026-08-14,17,1,Disney Adventure World,Crush's Coaster Single Rider,7277,OPERATING,STANDBY,55,,,queue-times.com
2026-08-14T15:01:05Z,2026-08-14,17,1,Disney Adventure World,Les Tapis Volants - Flying Carpets Over Agrabah®,33,CLOSED,STANDBY,0,,,queue-times.com
2026-08-14T15:01:05Z,2026-08-14,17,1,Disney Adventure World,Ratatouille : L’Aventure Totalement Toquée de Rémy​,37,OPERATING,STANDBY,50,,,queue-times.com
2026-08-14T15:01:05Z,2026-08-14,17,1,Disney Adventure World,Ratatouille: The Adventure Single Rider,7279,OPERATING,STANDBY,10,,,queue-times.com
2026-08-14T15:01:05Z,2026-08-14,17,1,Disney Adventure World,RC Racer,34,CLOSED,STANDBY,0,,,queue-times.com
2026-08-14T15:01:05Z,2026-08-14,17,1,Disney Adventure World,RC Racer Single Rider,7280,CLOSED,STANDBY,0,,,queue-times.com
2026-08-14T15:01:05Z,2026-08-14,17,1,Disney Adventure World,Slinky® Dog Zigzag Spin,36,CLOSED,STANDBY,0,,,queue-times.com
2026-08-14T15:01:05Z,2026-08-14,17,1,Disney Adventure World,Toy Soldiers Parachute Drop,35,CLOSED,STANDBY,0,,,queue-times.com
2026-08-14T15:01:05Z,2026-08-14,17,1,Disney Adventure World,Toy Soldiers Parachute Drop Single Rider,7281,CLOSED,STANDBY,0,,,queue-times.com
2026-08-14T15:01:05Z,2026-08-14,17,1,Disney Adventure World,Entry to World of Frozen,16247,OPERATING,STANDBY,0,,,queue-times.com
2026-08-14T15:01:05Z,2026-08-14,17,1,Disney Adventure World,Frozen Ever After,15413,OPERATING,STANDBY,60,,,queue-times.com
2026-08-14T15:01:05Z,2026-08-14,17,1,Disney Adventure World,Raiponce Tangled Spin,15415,OPERATING,STANDBY,5,,,queue-times.com
2026-08-14T15:02:33Z,2026-08-14,17,2,Disneyland Park,Adventure Isle,2702,OPERATING,STANDBY,0,,,queue-times.com
2026-08-14T15:02:33Z,2026-08-14,17,2,Disneyland Park,Indiana Jones and the Temple of Peril Single Rider,7306,CLOSED,STANDBY,0,,,queue-times.com
2026-08-14T15:02:33Z,2026-08-14,17,2,Disneyland Park,Indiana Jones™ and the Temple of Peril,2,CLOSED,STANDBY,0,,,queue-times.com
2026-08-14T15:02:33Z,2026-08-14,17,2,Disneyland Park,La Cabane des Robinson,1,CLOSED,STANDBY,0,,,queue-times.com
2026-08-14T15:02:33Z,2026-08-14,17,2,Disneyland Park,Le Passage Enchanté d'Aladdin,2703,OPERATING,STANDBY,0,,,queue-times.com
2026-08-14T15:02:33Z,2026-08-14,17,2,Disneyland Park,Pirate Galleon,2705,CLOSED,STANDBY,0,,,queue-times.com
2026-08-14T15:02:33Z,2026-08-14,17,2,Disneyland Park,Pirates of the Caribbean,3,OPERATING,STANDBY,15,,,queue-times.com
2026-08-14T15:02:33Z,2026-08-14,17,2,Disneyland Park,Pirates' Beach,2704,CLOSED,STANDBY,0,,,queue-times.com
2026-08-14T15:02:33Z,2026-08-14,17,2,Disneyland Park,"Autopia, presented by Avis",4,CLOSED,STANDBY,0,,,queue-times.com
2026-08-14T15:02:33Z,2026-08-14,17,2,Disneyland Park,Buzz Lightyear Laser Blast,5,OPERATING,STANDBY,50,,,queue-times.com
2026-08-14T15:02:33Z,2026-08-14,17,2,Disneyland Park,Disneyland Railroad Discoveryland Station,2706,CLOSED,STANDBY,0,,,queue-times.com
2026-08-14T15:02:33Z,2026-08-14,17,2,Disneyland Park,Les Mystères du Nautilus,6,OPERATING,STANDBY,5,,,queue-times.com
2026-08-14T15:02:33Z,2026-08-14,17,2,Disneyland Park,Mickey’s PhilharMagic,2707,OPERATING,STANDBY,0,,,queue-times.com
2026-08-14T15:02:33Z,2026-08-14,17,2,Disneyland Park,Orbitron®,7,CLOSED,STANDBY,0,,,queue-times.com
2026-08-14T15:02:33Z,2026-08-14,17,2,Disneyland Park,Star Tours: The Adventures Continue*,9,OPERATING,STANDBY,20,,,queue-times.com
2026-08-14T15:02:33Z,2026-08-14,17,2,Disneyland Park,Star Wars Hyperspace Mountain,8,OPERATING,STANDBY,30,,,queue-times.com
2026-08-14T15:02:33Z,2026-08-14,17,2,Disneyland Park,Star Wars Hyperspace Mountain Single Rider,7278,OPERATING,STANDBY,15,,,queue-times.com
2026-08-14T15:02:33Z,2026-08-14,17,2,Disneyland Park,Welcome to Starport: A Star Wars Encounter,4573,OPERATING,STANDBY,25,,,queue-times.com
2026-08-14T15:02:33Z,2026-08-14,17,2,Disneyland Park,"""it's a small world""",19,CLOSED,STANDBY,0,,,queue-times.com
2026-08-14T15:02:33Z,2026-08-14,17,2,Disneyland Park,Alice's Curious Labyrinth,14,OPERATING,STANDBY,5,,,queue-times.com
2026-08-14T15:02:33Z,2026-08-14,17,2,Disneyland Park,Blanche-Neige et les Sept Nains®,15,OPERATING,STANDBY,30,,,queue-times.com
2026-08-14T15:02:33Z,2026-08-14,17,2,Disneyland Park,Casey Jr. – le Petit Train du Cirque,17,CLOSED,STANDBY,0,,,queue-times.com
2026-08-14T15:02:33Z,2026-08-14,17,2,Disneyland Park,Disneyland Railroad Fantasyland Station,2711,CLOSED,STANDBY,0,,,queue-times.com
2026-08-14T15:02:33Z,2026-08-14,17,2,Disneyland Park,Disneyland Railroad Main Street Station,11,CLOSED,STANDBY,0,,,queue-times.com
2026-08-14T15:02:33Z,2026-08-14,17,2,Disneyland Park,Dumbo the Flying Elephant,18,CLOSED,STANDBY,0,,,queue-times.com
2026-08-14T15:02:33Z,2026-08-14,17,2,Disneyland Park,La Tanière du Dragon,2710,OPERATING,STANDBY,0,,,queue-times.com
2026-08-14T15:02:33Z,2026-08-14,17,2,Disneyland Park,Le Carrousel de Lancelot,16,OPERATING,STANDBY,15,,,queue-times.com
2026-08-14T15:02:33Z,2026-08-14,17,2,Disneyland Park,"Le Pays des Contes de Fées, presented by Vittel",21,CLOSED,STANDBY,0,,,queue-times.com
2026-08-14T15:02:33Z,2026-08-14,17,2,Disneyland Park,Les Voyages de Pinocchio,23,OPERATING,STANDBY,35,,,queue-times.com
2026-08-14T15:02:33Z,2026-08-14,17,2,Disneyland Park,Mad Hatter's Tea Cups,20,CLOSED,STANDBY,0,,,queue-times.com
2026-08-14T15:02:33Z,2026-08-14,17,2,Disneyland Park,Meet Mickey Mouse,13,OPERATING,STANDBY,0,,,queue-times.com
2026-08-14T15:02:33Z,2026-08-14,17,2,Disneyland Park,Peter Pan's Flight,22,OPERATING,STANDBY,55,,,queue-times.com
2026-08-14T15:02:33Z,2026-08-14,17,2,Disneyland Park,Princess Pavilion,24,OPERATING,STANDBY,0,,,queue-times.com
2026-08-14T15:02:33Z,2026-08-14,17,2,Disneyland Park,Big Thunder Mountain,25,CLOSED,STANDBY,0,,,queue-times.com
2026-08-14T15:02:33Z,2026-08-14,17,2,Disneyland Park,Disneyland Railroad Frontierland Depot,2714,CLOSED,STANDBY,0,,,queue-times.com
2026-08-14T15:02:33Z,2026-08-14,17,2,Disneyland Park,Frontierland Playground,2713,CLOSED,STANDBY,0,,,queue-times.com
2026-08-14T15:02:33Z,2026-08-14,17,2,Disneyland Park,Phantom Manor,26,OPERATING,STANDBY,25,,,queue-times.com
2026-08-14T15:02:33Z,2026-08-14,17,2,Disneyland Park,River Rogue Keelboats,27,CLOSED,STANDBY,0,,,queue-times.com
2026-08-14T15:02:33Z,2026-08-14,17,2,Disneyland Park,Rustler Roundup Shootin' Gallery,2712,OPERATING,STANDBY,0,,,queue-times.com
2026-08-14T15:02:33Z,2026-08-14,17,2,Disneyland Park,Thunder Mesa Riverboat Landing,28,CLOSED,STANDBY,0,,,queue-times.com
2026-08-14T15:02:33Z,2026-08-14,17,2,Disneyland Park,Disneyland Railroad Main Street Station,2708,CLOSED,STANDBY,0,,,queue-times.com
2026-08-14T15:02:33Z,2026-08-14,17,2,Disneyland Park,Main Street Vehicles,12,CLOSED,STANDBY,0,,,queue-times.com
2026-08-14T15:02:33Z,2026-08-14,17,2,Disney Adventure World,Avengers Assemble: Flight Force,10848,CLOSED,STANDBY,0,,,queue-times.com
2026-08-14T15:02:33Z,2026-08-14,17,2,Disney Adventure World,Avengers Assemble: Flight Force Single Rider,10849,CLOSED,STANDBY,0,,,queue-times.com
2026-08-14T15:02:33Z,2026-08-14,17,2,Disney Adventure World,Spider-Man W.E.B. Adventure,10845,OPERATING,STANDBY,50,,,queue-times.com
2026-08-14T15:02:33Z,2026-08-14,17,2,Disney Adventure World,Spider-Man W.E.B. Adventure Single Rider,10846,OPERATING,STANDBY,35,,,queue-times.com
2026-08-14T15:02:33Z,2026-08-14,17,2,Disney Adventure World,The Twilight Zone Tower of Terror,40,OPERATING,STANDBY,45,,,queue-times.com
2026-08-14T15:02:33Z,2026-08-14,17,2,Disney Adventure World,Cars Quatre Roues Rallye,31,CLOSED,STANDBY,0,,,queue-times.com
2026-08-14T15:02:33Z,2026-08-14,17,2,Disney Adventure World,Cars ROAD TRIP,29,CLOSED,STANDBY,0,,,queue-times.com
2026-08-14T15:02:33Z,2026-08-14,17,2,Disney Adventure World,Crush's Coaster,32,OPERATING,STANDBY,65,,,queue-times.com
2026-08-14T15:02:33Z,2026-08-14,17,2,Disney Adventure World,Crush's Coaster Single Rider,7277,OPERATING,STANDBY,55,,,queue-times.com
2026-08-14T15:02:33Z,2026-08-14,17,2,Disney Adventure World,Les Tapis Volants - Flying Carpets Over Agrabah®,33,CLOSED,STANDBY,0,,,queue-times.com
2026-08-14T15:02:33Z,2026-08-14,17,2,Disney Adventure World,Ratatouille : L’Aventure Totalement Toquée de Rémy​,37,OPERATING,STANDBY,50,,,queue-times.com
2026-08-14T15:02:33Z,2026-08-14,17,2,Disney Adventure World,Ratatouille: The Adventure Single Rider,7279,OPERATING,STANDBY,10,,,queue-times.com
2026-08-14T15:02:33Z,2026-08-14,17,2,Disney Adventure World,RC Racer,34,CLOSED,STANDBY,0,,,queue-times.com
2026-08-14T15:02:33Z,2026-08-14,17,2,Disney Adventure World,RC Racer Single Rider,7280,CLOSED,STANDBY,0,,,queue-times.com
2026-08-14T15:02:33Z,2026-08-14,17,2,Disney Adventure World,Slinky® Dog Zigzag Spin,36,CLOSED,STANDBY,0,,,queue-times.com
2026-08-14T15:02:33Z,2026-08-14,17,2,Disney Adventure World,Toy Soldiers Parachute Drop,35,CLOSED,STANDBY,0,,,queue-times.com
2026-08-14T15:02:33Z,2026-08-14,17,2,Disney Adventure World,Toy Soldiers Parachute Drop Single Rider,7281,CLOSED,STANDBY,0,,,queue-times.com
2026-08-14T15:02:33Z,2026-08-14,17,2,Disney Adventure World,Entry to World of Frozen,16247,OPERATING,STANDBY,0,,,queue-times.com
2026-08-14T15:02:33Z,2026-08-14,17,2,Disney Adventure World,Frozen Ever After,15413,OPERATING,STANDBY,60,,,queue-times.com
2026-08-14T15:02:33Z,2026-08-14,17,2,Disney Adventure World,Raiponce Tangled Spin,15415,OPERATING,STANDBY,5,,,queue-times.com
2026-08-14T15:15:37Z,2026-08-14,17,15,Disneyland Park,Adventure Isle,2702,OPERATING,STANDBY,0,,,queue-times.com
2026-08-14T15:15:37Z,2026-08-14,17,15,Disneyland Park,Indiana Jones and the Temple of Peril Single Rider,7306,CLOSED,STANDBY,0,,,queue-times.com
2026-08-14T15:15:37Z,2026-08-14,17,15,Disneyland Park,Indiana Jones™ and the Temple of Peril,2,CLOSED,STANDBY,0,,,queue-times.com
2026-08-14T15:15:37Z,2026-08-14,17,15,Disneyland Park,La Cabane des Robinson,1,OPERATING,STANDBY,5,,,queue-times.com
2026-08-14T15:15:37Z,2026-08-14,17,15,Disneyland Park,Le Passage Enchanté d'Aladdin,2703,OPERATING,STANDBY,0,,,queue-times.com
2026-08-14T15:15:37Z,2026-08-14,17,15,Disneyland Park,Pirate Galleon,2705,CLOSED,STANDBY,0,,,queue-times.com
2026-08-14T15:15:37Z,2026-08-14,17,15,Disneyland Park,Pirates of the Caribbean,3,OPERATING,STANDBY,20,,,queue-times.com
2026-08-14T15:15:37Z,2026-08-14,17,15,Disneyland Park,Pirates' Beach,2704,CLOSED,STANDBY,0,,,queue-times.com
2026-08-14T15:15:37Z,2026-08-14,17,15,Disneyland Park,"Autopia, presented by Avis",4,CLOSED,STANDBY,0,,,queue-times.com
2026-08-14T15:15:37Z,2026-08-14,17,15,Disneyland Park,Buzz Lightyear Laser Blast,5,OPERATING,STANDBY,50,,,queue-times.com
2026-08-14T15:15:37Z,2026-08-14,17,15,Disneyland Park,Disneyland Railroad Discoveryland Station,2706,CLOSED,STANDBY,0,,,queue-times.com
2026-08-14T15:15:37Z,2026-08-14,17,15,Disneyland Park,Les Mystères du Nautilus,6,OPERATING,STANDBY,5,,,queue-times.com
2026-08-14T15:15:37Z,2026-08-14,17,15,Disneyland Park,Mickey’s PhilharMagic,2707,OPERATING,STANDBY,0,,,queue-times.com
2026-08-14T15:15:37Z,2026-08-14,17,15,Disneyland Park,Orbitron®,7,CLOSED,STANDBY,0,,,queue-times.com
2026-08-14T15:15:37Z,2026-08-14,17,15,Disneyland Park,Star Tours: The Adventures Continue*,9,OPERATING,STANDBY,20,,,queue-times.com
2026-08-14T15:15:37Z,2026-08-14,17,15,Disneyland Park,Star Wars Hyperspace Mountain,8,OPERATING,STANDBY,25,,,queue-times.com
2026-08-14T15:15:37Z,2026-08-14,17,15,Disneyland Park,Star Wars Hyperspace Mountain Single Rider,7278,OPERATING,STANDBY,20,,,queue-times.com
2026-08-14T15:15:37Z,2026-08-14,17,15,Disneyland Park,Welcome to Starport: A Star Wars Encounter,4573,OPERATING,STANDBY,25,,,queue-times.com
2026-08-14T15:15:37Z,2026-08-14,17,15,Disneyland Park,"""it's a small world""",19,CLOSED,STANDBY,0,,,queue-times.com
2026-08-14T15:15:37Z,2026-08-14,17,15,Disneyland Park,Alice's Curious Labyrinth,14,OPERATING,STANDBY,5,,,queue-times.com
2026-08-14T15:15:37Z,2026-08-14,17,15,Disneyland Park,Blanche-Neige et les Sept Nains®,15,OPERATING,STANDBY,30,,,queue-times.com
2026-08-14T15:15:37Z,2026-08-14,17,15,Disneyland Park,Casey Jr. – le Petit Train du Cirque,17,CLOSED,STANDBY,0,,,queue-times.com
2026-08-14T15:15:37Z,2026-08-14,17,15,Disneyland Park,Disneyland Railroad Fantasyland Station,2711,CLOSED,STANDBY,0,,,queue-times.com
2026-08-14T15:15:37Z,2026-08-14,17,15,Disneyland Park,Disneyland Railroad Main Street Station,11,CLOSED,STANDBY,0,,,queue-times.com
2026-08-14T15:15:37Z,2026-08-14,17,15,Disneyland Park,Dumbo the Flying Elephant,18,CLOSED,STANDBY,0,,,queue-times.com
2026-08-14T15:15:37Z,2026-08-14,17,15,Disneyland Park,La Tanière du Dragon,2710,OPERATING,STANDBY,0,,,queue-times.com
2026-08-14T15:15:37Z,2026-08-14,17,15,Disneyland Park,Le Carrousel de Lancelot,16,OPERATING,STANDBY,15,,,queue-times.com
2026-08-14T15:15:37Z,2026-08-14,17,15,Disneyland Park,"Le Pays des Contes de Fées, presented by Vittel",21,CLOSED,STANDBY,0,,,queue-times.com
2026-08-14T15:15:37Z,2026-08-14,17,15,Disneyland Park,Les Voyages de Pinocchio,23,OPERATING,STANDBY,35,,,queue-times.com
2026-08-14T15:15:37Z,2026-08-14,17,15,Disneyland Park,Mad Hatter's Tea Cups,20,CLOSED,STANDBY,0,,,queue-times.com
2026-08-14T15:15:37Z,2026-08-14,17,15,Disneyland Park,Meet Mickey Mouse,13,OPERATING,STANDBY,0,,,queue-times.com
2026-08-14T15:15:37Z,2026-08-14,17,15,Disneyland Park,Peter Pan's Flight,22,OPERATING,STANDBY,55,,,queue-times.com
2026-08-14T15:15:37Z,2026-08-14,17,15,Disneyland Park,Princess Pavilion,24,OPERATING,STANDBY,0,,,queue-times.com
2026-08-14T15:15:37Z,2026-08-14,17,15,Disneyland Park,Big Thunder Mountain,25,CLOSED,STANDBY,0,,,queue-times.com
2026-08-14T15:15:37Z,2026-08-14,17,15,Disneyland Park,Disneyland Railroad Frontierland Depot,2714,CLOSED,STANDBY,0,,,queue-times.com
2026-08-14T15:15:37Z,2026-08-14,17,15,Disneyland Park,Frontierland Playground,2713,CLOSED,STANDBY,0,,,queue-times.com
2026-08-14T15:15:37Z,2026-08-14,17,15,Disneyland Park,Phantom Manor,26,OPERATING,STANDBY,25,,,queue-times.com
2026-08-14T15:15:37Z,2026-08-14,17,15,Disneyland Park,River Rogue Keelboats,27,CLOSED,STANDBY,0,,,queue-times.com
2026-08-14T15:15:37Z,2026-08-14,17,15,Disneyland Park,Rustler Roundup Shootin' Gallery,2712,OPERATING,STANDBY,0,,,queue-times.com
2026-08-14T15:15:37Z,2026-08-14,17,15,Disneyland Park,Thunder Mesa Riverboat Landing,28,CLOSED,STANDBY,0,,,queue-times.com
2026-08-14T15:15:37Z,2026-08-14,17,15,Disneyland Park,Disneyland Railroad Main Street Station,2708,CLOSED,STANDBY,0,,,queue-times.com
2026-08-14T15:15:37Z,2026-08-14,17,15,Disneyland Park,Main Street Vehicles,12,CLOSED,STANDBY,0,,,queue-times.com
2026-08-14T15:15:37Z,2026-08-14,17,15,Disney Adventure World,Avengers Assemble: Flight Force,10848,CLOSED,STANDBY,0,,,queue-times.com
2026-08-14T15:15:37Z,2026-08-14,17,15,Disney Adventure World,Avengers Assemble: Flight Force Single Rider,10849,CLOSED,STANDBY,0,,,queue-times.com
2026-08-14T15:15:37Z,2026-08-14,17,15,Disney Adventure World,Spider-Man W.E.B. Adventure,10845,OPERATING,STANDBY,45,,,queue-times.com
2026-08-14T15:15:37Z,2026-08-14,17,15,Disney Adventure World,Spider-Man W.E.B. Adventure Single Rider,10846,OPERATING,STANDBY,40,,,queue-times.com
2026-08-14T15:15:37Z,2026-08-14,17,15,Disney Adventure World,The Twilight Zone Tower of Terror,40,OPERATING,STANDBY,60,,,queue-times.com
2026-08-14T15:15:37Z,2026-08-14,17,15,Disney Adventure World,Cars Quatre Roues Rallye,31,CLOSED,STANDBY,0,,,queue-times.com
2026-08-14T15:15:37Z,2026-08-14,17,15,Disney Adventure World,Cars ROAD TRIP,29,CLOSED,STANDBY,0,,,queue-times.com
2026-08-14T15:15:37Z,2026-08-14,17,15,Disney Adventure World,Crush's Coaster,32,OPERATING,STANDBY,80,,,queue-times.com
2026-08-14T15:15:37Z,2026-08-14,17,15,Disney Adventure World,Crush's Coaster Single Rider,7277,OPERATING,STANDBY,30,,,queue-times.com
2026-08-14T15:15:37Z,2026-08-14,17,15,Disney Adventure World,Les Tapis Volants - Flying Carpets Over Agrabah®,33,CLOSED,STANDBY,0,,,queue-times.com
2026-08-14T15:15:37Z,2026-08-14,17,15,Disney Adventure World,Ratatouille : L’Aventure Totalement Toquée de Rémy​,37,OPERATING,STANDBY,45,,,queue-times.com
2026-08-14T15:15:37Z,2026-08-14,17,15,Disney Adventure World,Ratatouille: The Adventure Single Rider,7279,OPERATING,STANDBY,10,,,queue-times.com
2026-08-14T15:15:37Z,2026-08-14,17,15,Disney Adventure World,RC Racer,34,CLOSED,STANDBY,0,,,queue-times.com
2026-08-14T15:15:37Z,2026-08-14,17,15,Disney Adventure World,RC Racer Single Rider,7280,CLOSED,STANDBY,0,,,queue-times.com
2026-08-14T15:15:37Z,2026-08-14,17,15,Disney Adventure World,Slinky® Dog Zigzag Spin,36,CLOSED,STANDBY,0,,,queue-times.com
2026-08-14T15:15:37Z,2026-08-14,17,15,Disney Adventure World,Toy Soldiers Parachute Drop,35,CLOSED,STANDBY,0,,,queue-times.com
2026-08-14T15:15:37Z,2026-08-14,17,15,Disney Adventure World,Toy Soldiers Parachute Drop Single Rider,7281,CLOSED,STANDBY,0,,,queue-times.com
2026-08-14T15:15:37Z,2026-08-14,17,15,Disney Adventure World,Entry to World of Frozen,16247,OPERATING,STANDBY,0,,,queue-times.com
2026-08-14T15:15:37Z,2026-08-14,17,15,Disney Adventure World,Frozen Ever After,15413,OPERATING,STANDBY,50,,,queue-times.com
2026-08-14T15:15:37Z,2026-08-14,17,15,Disney Adventure World,Raiponce Tangled Spin,15415,OPERATING,STANDBY,10,,,queue-times.com
2026-08-14T15:30:52Z,2026-08-14,17,30,Disneyland Park,Adventure Isle,2702,OPERATING,STANDBY,0,,,queue-times.com
2026-08-14T15:30:52Z,2026-08-14,17,30,Disneyland Park,Indiana Jones and the Temple of Peril Single Rider,7306,CLOSED,STANDBY,0,,,queue-times.com
2026-08-14T15:30:52Z,2026-08-14,17,30,Disneyland Park,Indiana Jones™ and the Temple of Peril,2,CLOSED,STANDBY,0,,,queue-times.com
2026-08-14T15:30:52Z,2026-08-14,17,30,Disneyland Park,La Cabane des Robinson,1,OPERATING,STANDBY,5,,,queue-times.com
2026-08-14T15:30:52Z,2026-08-14,17,30,Disneyland Park,Le Passage Enchanté d'Aladdin,2703,OPERATING,STANDBY,0,,,queue-times.com
2026-08-14T15:30:52Z,2026-08-14,17,30,Disneyland Park,Pirate Galleon,2705,CLOSED,STANDBY,0,,,queue-times.com
2026-08-14T15:30:52Z,2026-08-14,17,30,Disneyland Park,Pirates of the Caribbean,3,OPERATING,STANDBY,30,,,queue-times.com
2026-08-14T15:30:52Z,2026-08-14,17,30,Disneyland Park,Pirates' Beach,2704,CLOSED,STANDBY,0,,,queue-times.com
2026-08-14T15:30:52Z,2026-08-14,17,30,Disneyland Park,"Autopia, presented by Avis",4,CLOSED,STANDBY,0,,,queue-times.com
2026-08-14T15:30:52Z,2026-08-14,17,30,Disneyland Park,Buzz Lightyear Laser Blast,5,OPERATING,STANDBY,40,,,queue-times.com
2026-08-14T15:30:52Z,2026-08-14,17,30,Disneyland Park,Disneyland Railroad Discoveryland Station,2706,CLOSED,STANDBY,0,,,queue-times.com
2026-08-14T15:30:52Z,2026-08-14,17,30,Disneyland Park,Les Mystères du Nautilus,6,OPERATING,STANDBY,5,,,queue-times.com
2026-08-14T15:30:52Z,2026-08-14,17,30,Disneyland Park,Mickey’s PhilharMagic,2707,OPERATING,STANDBY,0,,,queue-times.com
2026-08-14T15:30:52Z,2026-08-14,17,30,Disneyland Park,Orbitron®,7,CLOSED,STANDBY,0,,,queue-times.com
2026-08-14T15:30:52Z,2026-08-14,17,30,Disneyland Park,Star Tours: The Adventures Continue*,9,OPERATING,STANDBY,20,,,queue-times.com
2026-08-14T15:30:52Z,2026-08-14,17,30,Disneyland Park,Star Wars Hyperspace Mountain,8,OPERATING,STANDBY,20,,,queue-times.com
2026-08-14T15:30:52Z,2026-08-14,17,30,Disneyland Park,Star Wars Hyperspace Mountain Single Rider,7278,OPERATING,STANDBY,15,,,queue-times.com
2026-08-14T15:30:52Z,2026-08-14,17,30,Disneyland Park,Welcome to Starport: A Star Wars Encounter,4573,CLOSED,STANDBY,0,,,queue-times.com
2026-08-14T15:30:52Z,2026-08-14,17,30,Disneyland Park,"""it's a small world""",19,OPERATING,STANDBY,5,,,queue-times.com
2026-08-14T15:30:52Z,2026-08-14,17,30,Disneyland Park,Alice's Curious Labyrinth,14,OPERATING,STANDBY,5,,,queue-times.com
2026-08-14T15:30:52Z,2026-08-14,17,30,Disneyland Park,Blanche-Neige et les Sept Nains®,15,OPERATING,STANDBY,30,,,queue-times.com
2026-08-14T15:30:52Z,2026-08-14,17,30,Disneyland Park,Casey Jr. – le Petit Train du Cirque,17,CLOSED,STANDBY,0,,,queue-times.com
2026-08-14T15:30:52Z,2026-08-14,17,30,Disneyland Park,Disneyland Railroad Fantasyland Station,2711,CLOSED,STANDBY,0,,,queue-times.com
2026-08-14T15:30:52Z,2026-08-14,17,30,Disneyland Park,Disneyland Railroad Main Street Station,11,CLOSED,STANDBY,0,,,queue-times.com
2026-08-14T15:30:52Z,2026-08-14,17,30,Disneyland Park,Dumbo the Flying Elephant,18,CLOSED,STANDBY,0,,,queue-times.com
2026-08-14T15:30:52Z,2026-08-14,17,30,Disneyland Park,La Tanière du Dragon,2710,OPERATING,STANDBY,0,,,queue-times.com
2026-08-14T15:30:52Z,2026-08-14,17,30,Disneyland Park,Le Carrousel de Lancelot,16,OPERATING,STANDBY,15,,,queue-times.com
2026-08-14T15:30:52Z,2026-08-14,17,30,Disneyland Park,"Le Pays des Contes de Fées, presented by Vittel",21,CLOSED,STANDBY,0,,,queue-times.com
2026-08-14T15:30:52Z,2026-08-14,17,30,Disneyland Park,Les Voyages de Pinocchio,23,OPERATING,STANDBY,35,,,queue-times.com
2026-08-14T15:30:52Z,2026-08-14,17,30,Disneyland Park,Mad Hatter's Tea Cups,20,CLOSED,STANDBY,0,,,queue-times.com
2026-08-14T15:30:52Z,2026-08-14,17,30,Disneyland Park,Meet Mickey Mouse,13,OPERATING,STANDBY,0,,,queue-times.com
2026-08-14T15:30:52Z,2026-08-14,17,30,Disneyland Park,Peter Pan's Flight,22,OPERATING,STANDBY,50,,,queue-times.com
2026-08-14T15:30:52Z,2026-08-14,17,30,Disneyland Park,Princess Pavilion,24,OPERATING,STANDBY,0,,,queue-times.com
2026-08-14T15:30:52Z,2026-08-14,17,30,Disneyland Park,Big Thunder Mountain,25,CLOSED,STANDBY,0,,,queue-times.com
2026-08-14T15:30:52Z,2026-08-14,17,30,Disneyland Park,Disneyland Railroad Frontierland Depot,2714,CLOSED,STANDBY,0,,,queue-times.com
2026-08-14T15:30:52Z,2026-08-14,17,30,Disneyland Park,Frontierland Playground,2713,CLOSED,STANDBY,0,,,queue-times.com
2026-08-14T15:30:52Z,2026-08-14,17,30,Disneyland Park,Phantom Manor,26,OPERATING,STANDBY,15,,,queue-times.com
2026-08-14T15:30:52Z,2026-08-14,17,30,Disneyland Park,River Rogue Keelboats,27,CLOSED,STANDBY,0,,,queue-times.com
2026-08-14T15:30:52Z,2026-08-14,17,30,Disneyland Park,Rustler Roundup Shootin' Gallery,2712,OPERATING,STANDBY,0,,,queue-times.com
2026-08-14T15:30:52Z,2026-08-14,17,30,Disneyland Park,Thunder Mesa Riverboat Landing,28,CLOSED,STANDBY,0,,,queue-times.com
2026-08-14T15:30:52Z,2026-08-14,17,30,Disneyland Park,Disneyland Railroad Main Street Station,2708,CLOSED,STANDBY,0,,,queue-times.com
2026-08-14T15:30:52Z,2026-08-14,17,30,Disneyland Park,Main Street Vehicles,12,CLOSED,STANDBY,0,,,queue-times.com
2026-08-14T15:30:52Z,2026-08-14,17,30,Disney Adventure World,Avengers Assemble: Flight Force,10848,CLOSED,STANDBY,0,,,queue-times.com
2026-08-14T15:30:52Z,2026-08-14,17,30,Disney Adventure World,Avengers Assemble: Flight Force Single Rider,10849,CLOSED,STANDBY,0,,,queue-times.com
2026-08-14T15:30:52Z,2026-08-14,17,30,Disney Adventure World,Spider-Man W.E.B. Adventure,10845,OPERATING,STANDBY,50,,,queue-times.com
2026-08-14T15:30:52Z,2026-08-14,17,30,Disney Adventure World,Spider-Man W.E.B. Adventure Single Rider,10846,OPERATING,STANDBY,20,,,queue-times.com
2026-08-14T15:30:52Z,2026-08-14,17,30,Disney Adventure World,The Twilight Zone Tower of Terror,40,OPERATING,STANDBY,75,,,queue-times.com
2026-08-14T15:30:52Z,2026-08-14,17,30,Disney Adventure World,Cars Quatre Roues Rallye,31,CLOSED,STANDBY,0,,,queue-times.com
2026-08-14T15:30:52Z,2026-08-14,17,30,Disney Adventure World,Cars ROAD TRIP,29,CLOSED,STANDBY,0,,,queue-times.com
2026-08-14T15:30:52Z,2026-08-14,17,30,Disney Adventure World,Crush's Coaster,32,OPERATING,STANDBY,90,,,queue-times.com
2026-08-14T15:30:52Z,2026-08-14,17,30,Disney Adventure World,Crush's Coaster Single Rider,7277,OPERATING,STANDBY,60,,,queue-times.com
2026-08-14T15:30:52Z,2026-08-14,17,30,Disney Adventure World,Les Tapis Volants - Flying Carpets Over Agrabah®,33,CLOSED,STANDBY,0,,,queue-times.com
2026-08-14T15:30:52Z,2026-08-14,17,30,Disney Adventure World,Ratatouille : L’Aventure Totalement Toquée de Rémy​,37,OPERATING,STANDBY,60,,,queue-times.com
2026-08-14T15:30:52Z,2026-08-14,17,30,Disney Adventure World,Ratatouille: The Adventure Single Rider,7279,OPERATING,STANDBY,10,,,queue-times.com
2026-08-14T15:30:52Z,2026-08-14,17,30,Disney Adventure World,RC Racer,34,CLOSED,STANDBY,0,,,queue-times.com
2026-08-14T15:30:52Z,2026-08-14,17,30,Disney Adventure World,RC Racer Single Rider,7280,CLOSED,STANDBY,0,,,queue-times.com
2026-08-14T15:30:52Z,2026-08-14,17,30,Disney Adventure World,Slinky® Dog Zigzag Spin,36,CLOSED,STANDBY,0,,,queue-times.com
2026-08-14T15:30:52Z,2026-08-14,17,30,Disney Adventure World,Toy Soldiers Parachute Drop,35,CLOSED,STANDBY,0,,,queue-times.com
2026-08-14T15:30:52Z,2026-08-14,17,30,Disney Adventure World,Toy Soldiers Parachute Drop Single Rider,7281,CLOSED,STANDBY,0,,,queue-times.com
2026-08-14T15:30:52Z,2026-08-14,17,30,Disney Adventure World,Entry to World of Frozen,16247,OPERATING,STANDBY,0,,,queue-times.com
2026-08-14T15:30:52Z,2026-08-14,17,30,Disney Adventure World,Frozen Ever After,15413,OPERATING,STANDBY,50,,,queue-times.com
2026-08-14T15:30:52Z,2026-08-14,17,30,Disney Adventure World,Raiponce Tangled Spin,15415,OPERATING,STANDBY,5,,,queue-times.com
