timestamp_utc,fecha,hora,minuto,parque,atraccion,atraccion_id,estado,tipo_cola,espera_min,hora_retorno,precio,fuente
2026-08-02T22:01:21Z,2026-08-03,0,1,Disneyland Park,Adventure Isle,2702,CLOSED,STANDBY,0,,,queue-times.com
2026-08-02T22:01:21Z,2026-08-03,0,1,Disneyland Park,Indiana Jones and the Temple of Peril Single Rider,7306,CLOSED,STANDBY,0,,,queue-times.com
2026-08-02T22:01:21Z,2026-08-03,0,1,Disneyland Park,Indiana Jones™ and the Temple of Peril,2,CLOSED,STANDBY,0,,,queue-times.com
2026-08-02T22:01:21Z,2026-08-03,0,1,Disneyland Park,La Cabane des Robinson,1,CLOSED,STANDBY,0,,,queue-times.com
2026-08-02T22:01:21Z,2026-08-03,0,1,Disneyland Park,Le Passage Enchanté d'Aladdin,2703,CLOSED,STANDBY,0,,,queue-times.com
2026-08-02T22:01:21Z,2026-08-03,0,1,Disneyland Park,Pirate Galleon,2705,CLOSED,STANDBY,0,,,queue-times.com
2026-08-02T22:01:21Z,2026-08-03,0,1,Disneyland Park,Pirates of the Caribbean,3,CLOSED,STANDBY,0,,,queue-times.com
2026-08-02T22:01:21Z,2026-08-03,0,1,Disneyland Park,Pirates' Beach,2704,CLOSED,STANDBY,0,,,queue-times.com
2026-08-02T22:01:21Z,2026-08-03,0,1,Disneyland Park,"Autopia, presented by Avis",4,CLOSED,STANDBY,0,,,queue-times.com
2026-08-02T22:01:21Z,2026-08-03,0,1,Disneyland Park,Buzz Lightyear Laser Blast,5,CLOSED,STANDBY,0,,,queue-times.com
2026-08-02T22:01:21Z,2026-08-03,0,1,Disneyland Park,Disneyland Railroad Discoveryland Station,2706,CLOSED,STANDBY,0,,,queue-times.com
2026-08-02T22:01:21Z,2026-08-03,0,1,Disneyland Park,Les Mystères du Nautilus,6,CLOSED,STANDBY,0,,,queue-times.com
2026-08-02T22:01:21Z,2026-08-03,0,1,Disneyland Park,Mickey’s PhilharMagic,2707,CLOSED,STANDBY,0,,,queue-times.com
2026-08-02T22:01:21Z,2026-08-03,0,1,Disneyland Park,Orbitron®,7,CLOSED,STANDBY,0,,,queue-times.com
2026-08-02T22:01:21Z,2026-08-03,0,1,Disneyland Park,Star Tours: The Adventures Continue*,9,CLOSED,STANDBY,0,,,queue-times.com
2026-08-02T22:01:21Z,2026-08-03,0,1,Disneyland Park,Star Wars Hyperspace Mountain,8,CLOSED,STANDBY,0,,,queue-times.com
2026-08-02T22:01:21Z,2026-08-03,0,1,Disneyland Park,Star Wars Hyperspace Mountain Single Rider,7278,CLOSED,STANDBY,0,,,queue-times.com
2026-08-02T22:01:21Z,2026-08-03,0,1,Disneyland Park,Welcome to Starport: A Star Wars Encounter,4573,CLOSED,STANDBY,0,,,queue-times.com
2026-08-02T22:01:21Z,2026-08-03,0,1,Disneyland Park,"""it's a small world""",19,CLOSED,STANDBY,0,,,queue-times.com
2026-08-02T22:01:21Z,2026-08-03,0,1,Disneyland Park,Alice's Curious Labyrinth,14,CLOSED,STANDBY,0,,,queue-times.com
2026-08-02T22:01:21Z,2026-08-03,0,1,Disneyland Park,Blanche-Neige et les Sept Nains®,15,CLOSED,STANDBY,0,,,queue-times.com
2026-08-02T22:01:21Z,2026-08-03,0,1,Disneyland Park,Casey Jr. – le Petit Train du Cirque,17,CLOSED,STANDBY,0,,,queue-times.com
2026-08-02T22:01:21Z,2026-08-03,0,1,Disneyland Park,Disneyland Railroad Fantasyland Station,2711,CLOSED,STANDBY,0,,,queue-times.com
2026-08-02T22:01:21Z,2026-08-03,0,1,Disneyland Park,Disneyland Railroad Main Street Station,11,CLOSED,STANDBY,0,,,queue-times.com
2026-08-02T22:01:21Z,2026-08-03,0,1,Disneyland Park,Dumbo the Flying Elephant,18,CLOSED,STANDBY,0,,,queue-times.com
2026-08-02T22:01:21Z,2026-08-03,0,1,Disneyland Park,La Tanière du Dragon,2710,CLOSED,STANDBY,0,,,queue-times.com
2026-08-02T22:01:21Z,2026-08-03,0,1,Disneyland Park,Le Carrousel de Lancelot,16,CLOSED,STANDBY,0,,,queue-times.com
2026-08-02T22:01:21Z,2026-08-03,0,1,Disneyland Park,"Le Pays des Contes de Fées, presented by Vittel",21,CLOSED,STANDBY,0,,,queue-times.com
2026-08-02T22:01:21Z,2026-08-03,0,1,Disneyland Park,Les Voyages de Pinocchio,23,CLOSED,STANDBY,0,,,queue-times.com
2026-08-02T22:01:21Z,2026-08-03,0,1,Disneyland Park,Mad Hatter's Tea Cups,20,CLOSED,STANDBY,0,,,queue-times.com
2026-08-02T22:01:21Z,2026-08-03,0,1,Disneyland Park,Meet Mickey Mouse,13,CLOSED,STANDBY,0,,,queue-times.com
2026-08-02T22:01:21Z,2026-08-03,0,1,Disneyland Park,Peter Pan's Flight,22,CLOSED,STANDBY,0,,,queue-times.com
2026-08-02T22:01:21Z,2026-08-03,0,1,Disneyland Park,Princess Pavilion,24,CLOSED,STANDBY,0,,,queue-times.com
2026-08-02T22:01:21Z,2026-08-03,0,1,Disneyland Park,Big Thunder Mountain,25,CLOSED,STANDBY,0,,,queue-times.com
2026-08-02T22:01:21Z,2026-08-03,0,1,Disneyland Park,Disneyland Railroad Frontierland Depot,2714,CLOSED,STANDBY,0,,,queue-times.com
2026-08-02T22:01:21Z,2026-08-03,0,1,Disneyland Park,Frontierland Playground,2713,CLOSED,STANDBY,0,,,queue-times.com
2026-08-02T22:01:21Z,2026-08-03,0,1,Disneyland Park,Phantom Manor,26,CLOSED,STANDBY,0,,,queue-times.com
2026-08-02T22:01:21Z,2026-08-03,0,1,Disneyland Park,River Rogue Keelboats,27,CLOSED,STANDBY,0,,,queue-times.com
2026-08-02T22:01:21Z,2026-08-03,0,1,Disneyland Park,Rustler Roundup Shootin' Gallery,2712,CLOSED,STANDBY,0,,,queue-times.com
2026-08-02T22:01:21Z,2026-08-03,0,1,Disneyland Park,Thunder Mesa Riverboat Landing,28,CLOSED,STANDBY,0,,,queue-times.com
2026-08-02T22:01:21Z,2026-08-03,0,1,Disneyland Park,Disneyland Railroad Main Street Station,2708,CLOSED,STANDBY,0,,,queue-times.com
2026-08-02T22:01:21Z,2026-08-03,0,1,Disneyland Park,Main Street Vehicles,12,CLOSED,STANDBY,0,,,queue-times.com
2026-08-02T22:01:21Z,2026-08-03,0,1,Disney Adventure World,Avengers Assemble: Flight Force,10848,CLOSED,STANDBY,0,,,queue-times.com
2026-08-02T22:01:21Z,2026-08-03,0,1,Disney Adventure World,Avengers Assemble: Flight Force Single Rider,10849,CLOSED,STANDBY,0,,,queue-times.com
2026-08-02T22:01:21Z,2026-08-03,0,1,Disney Adventure World,Spider-Man W.E.B. Adventure,10845,CLOSED,STANDBY,0,,,queue-times.com
2026-08-02T22:01:21Z,2026-08-03,0,1,Disney Adventure World,Spider-Man W.E.B. Adventure Single Rider,10846,CLOSED,STANDBY,0,,,queue-times.com
2026-08-02T22:01:21Z,2026-08-03,0,1,Disney Adventure World,The Twilight Zone Tower of Terror,40,CLOSED,STANDBY,0,,,queue-times.com
2026-08-02T22:01:21Z,2026-08-03,0,1,Disney Adventure World,Cars Quatre Roues Rallye,31,CLOSED,STANDBY,0,,,queue-times.com
2026-08-02T22:01:21Z,2026-08-03,0,1,Disney Adventure World,Cars ROAD TRIP,29,CLOSED,STANDBY,0,,,queue-times.com
2026-08-02T22:01:21Z,2026-08-03,0,1,Disney Adventure World,Crush's Coaster,32,CLOSED,STANDBY,0,,,queue-times.com
2026-08-02T22:01:21Z,2026-08-03,0,1,Disney Adventure World,Crush's Coaster Single Rider,7277,CLOSED,STANDBY,0,,,queue-times.com
2026-08-02T22:01:21Z,2026-08-03,0,1,Disney Adventure World,Les Tapis Volants - Flying Carpets Over Agrabah®,33,CLOSED,STANDBY,0,,,queue-times.com
2026-08-02T22:01:21Z,2026-08-03,0,1,Disney Adventure World,Ratatouille : L’Aventure Totalement Toquée de Rémy​,37,CLOSED,STANDBY,0,,,queue-times.com
2026-08-02T22:01:21Z,2026-08-03,0,1,Disney Adventure World,Ratatouille: The Adventure Single Rider,7279,CLOSED,STANDBY,0,,,queue-times.com
2026-08-02T22:01:21Z,2026-08-03,0,1,Disney Adventure World,RC Racer,34,CLOSED,STANDBY,0,,,queue-times.com
2026-08-02T22:01:21Z,2026-08-03,0,1,Disney Adventure World,RC Racer Single Rider,7280,CLOSED,STANDBY,0,,,queue-times.com
2026-08-02T22:01:21Z,2026-08-03,0,1,Disney Adventure World,Slinky® Dog Zigzag Spin,36,CLOSED,STANDBY,0,,,queue-times.com
2026-08-02T22:01:21Z,2026-08-03,0,1,Disney Adventure World,Toy Soldiers Parachute Drop,35,CLOSED,STANDBY,0,,,queue-times.com
2026-08-02T22:01:21Z,2026-08-03,0,1,Disney Adventure World,Toy Soldiers Parachute Drop Single Rider,7281,CLOSED,STANDBY,0,,,queue-times.com
2026-08-02T22:01:21Z,2026-08-03,0,1,Disney Adventure World,Entry to World of Frozen,16247,CLOSED,STANDBY,0,,,queue-times.com
2026-08-02T22:01:21Z,2026-08-03,0,1,Disney Adventure World,Frozen Ever After,15413,CLOSED,STANDBY,0,,,queue-times.com
2026-08-02T22:01:21Z,2026-08-03,0,1,Disney Adventure World,Raiponce Tangled Spin,15415,CLOSED,STANDBY,0,,,queue-times.com
2026-08-02T22:08:09Z,2026-08-03,0,8,Disneyland Park,Adventure Isle,2702,CLOSED,STANDBY,0,,,queue-times.com
2026-08-02T22:08:09Z,2026-08-03,0,8,Disneyland Park,Indiana Jones and the Temple of Peril Single Rider,7306,CLOSED,STANDBY,0,,,queue-times.com
2026-08-02T22:08:09Z,2026-08-03,0,8,Disneyland Park,Indiana Jones™ and the Temple of Peril,2,CLOSED,STANDBY,0,,,queue-times.com
2026-08-02T22:08:09Z,2026-08-03,0,8,Disneyland Park,La Cabane des Robinson,1,CLOSED,STANDBY,0,,,queue-times.com
2026-08-02T22:08:09Z,2026-08-03,0,8,Disneyland Park,Le Passage Enchanté d'Aladdin,2703,CLOSED,STANDBY,0,,,queue-times.com
2026-08-02T22:08:09Z,2026-08-03,0,8,Disneyland Park,Pirate Galleon,2705,CLOSED,STANDBY,0,,,queue-times.com
2026-08-02T22:08:09Z,2026-08-03,0,8,Disneyland Park,Pirates of the Caribbean,3,CLOSED,STANDBY,0,,,queue-times.com
2026-08-02T22:08:09Z,2026-08-03,0,8,Disneyland Park,Pirates' Beach,2704,CLOSED,STANDBY,0,,,queue-times.com
2026-08-02T22:08:09Z,2026-08-03,0,8,Disneyland Park,"Autopia, presented by Avis",4,CLOSED,STANDBY,0,,,queue-times.com
2026-08-02T22:08:09Z,2026-08-03,0,8,Disneyland Park,Buzz Lightyear Laser Blast,5,CLOSED,STANDBY,0,,,queue-times.com
2026-08-02T22:08:09Z,2026-08-03,0,8,Disneyland Park,Disneyland Railroad Discoveryland Station,2706,CLOSED,STANDBY,0,,,queue-times.com
2026-08-02T22:08:09Z,2026-08-03,0,8,Disneyland Park,Les Mystères du Nautilus,6,CLOSED,STANDBY,0,,,queue-times.com
2026-08-02T22:08:09Z,2026-08-03,0,8,Disneyland Park,Mickey’s PhilharMagic,2707,CLOSED,STANDBY,0,,,queue-times.com
2026-08-02T22:08:09Z,2026-08-03,0,8,Disneyland Park,Orbitron®,7,CLOSED,STANDBY,0,,,queue-times.com
2026-08-02T22:08:09Z,2026-08-03,0,8,Disneyland Park,Star Tours: The Adventures Continue*,9,CLOSED,STANDBY,0,,,queue-times.com
2026-08-02T22:08:09Z,2026-08-03,0,8,Disneyland Park,Star Wars Hyperspace Mountain,8,CLOSED,STANDBY,0,,,queue-times.com
2026-08-02T22:08:09Z,2026-08-03,0,8,Disneyland Park,Star Wars Hyperspace Mountain Single Rider,7278,CLOSED,STANDBY,0,,,queue-times.com
2026-08-02T22:08:09Z,2026-08-03,0,8,Disneyland Park,Welcome to Starport: A Star Wars Encounter,4573,CLOSED,STANDBY,0,,,queue-times.com
2026-08-02T22:08:09Z,2026-08-03,0,8,Disneyland Park,"""it's a small world""",19,CLOSED,STANDBY,0,,,queue-times.com
2026-08-02T22:08:09Z,2026-08-03,0,8,Disneyland Park,Alice's Curious Labyrinth,14,CLOSED,STANDBY,0,,,queue-times.com
2026-08-02T22:08:09Z,2026-08-03,0,8,Disneyland Park,Blanche-Neige et les Sept Nains®,15,CLOSED,STANDBY,0,,,queue-times.com
2026-08-02T22:08:09Z,2026-08-03,0,8,Disneyland Park,Casey Jr. – le Petit Train du Cirque,17,CLOSED,STANDBY,0,,,queue-times.com
2026-08-02T22:08:09Z,2026-08-03,0,8,Disneyland Park,Disneyland Railroad Fantasyland Station,2711,CLOSED,STANDBY,0,,,queue-times.com
2026-08-02T22:08:09Z,2026-08-03,0,8,Disneyland Park,Disneyland Railroad Main Street Station,11,CLOSED,STANDBY,0,,,queue-times.com
2026-08-02T22:08:09Z,2026-08-03,0,8,Disneyland Park,Dumbo the Flying Elephant,18,CLOSED,STANDBY,0,,,queue-times.com
2026-08-02T22:08:09Z,2026-08-03,0,8,Disneyland Park,La Tanière du Dragon,2710,CLOSED,STANDBY,0,,,queue-times.com
2026-08-02T22:08:09Z,2026-08-03,0,8,Disneyland Park,Le Carrousel de Lancelot,16,CLOSED,STANDBY,0,,,queue-times.com
2026-08-02T22:08:09Z,2026-08-03,0,8,Disneyland Park,"Le Pays des Contes de Fées, presented by Vittel",21,CLOSED,STANDBY,0,,,queue-times.com
2026-08-02T22:08:09Z,2026-08-03,0,8,Disneyland Park,Les Voyages de Pinocchio,23,CLOSED,STANDBY,0,,,queue-times.com
2026-08-02T22:08:09Z,2026-08-03,0,8,Disneyland Park,Mad Hatter's Tea Cups,20,CLOSED,STANDBY,0,,,queue-times.com
2026-08-02T22:08:09Z,2026-08-03,0,8,Disneyland Park,Meet Mickey Mouse,13,CLOSED,STANDBY,0,,,queue-times.com
2026-08-02T22:08:09Z,2026-08-03,0,8,Disneyland Park,Peter Pan's Flight,22,CLOSED,STANDBY,0,,,queue-times.com
2026-08-02T22:08:09Z,2026-08-03,0,8,Disneyland Park,Princess Pavilion,24,CLOSED,STANDBY,0,,,queue-times.com
2026-08-02T22:08:09Z,2026-08-03,0,8,Disneyland Park,Big Thunder Mountain,25,CLOSED,STANDBY,0,,,queue-times.com
2026-08-02T22:08:09Z,2026-08-03,0,8,Disneyland Park,Disneyland Railroad Frontierland Depot,2714,CLOSED,STANDBY,0,,,queue-times.com
2026-08-02T22:08:09Z,2026-08-03,0,8,Disneyland Park,Frontierland Playground,2713,CLOSED,STANDBY,0,,,queue-times.com
2026-08-02T22:08:09Z,2026-08-03,0,8,Disneyland Park,Phantom Manor,26,CLOSED,STANDBY,0,,,queue-times.com
2026-08-02T22:08:09Z,2026-08-03,0,8,Disneyland Park,River Rogue Keelboats,27,CLOSED,STANDBY,0,,,queue-times.com
2026-08-02T22:08:09Z,2026-08-03,0,8,Disneyland Park,Rustler Roundup Shootin' Gallery,2712,CLOSED,STANDBY,0,,,queue-times.com
2026-08-02T22:08:09Z,2026-08-03,0,8,Disneyland Park,Thunder Mesa Riverboat Landing,28,CLOSED,STANDBY,0,,,queue-times.com
2026-08-02T22:08:09Z,2026-08-03,0,8,Disneyland Park,Disneyland Railroad Main Street Station,2708,CLOSED,STANDBY,0,,,queue-times.com
2026-08-02T22:08:09Z,2026-08-03,0,8,Disneyland Park,Main Street Vehicles,12,CLOSED,STANDBY,0,,,queue-times.com
2026-08-02T22:08:09Z,2026-08-03,0,8,Disney Adventure World,Avengers Assemble: Flight Force,10848,CLOSED,STANDBY,0,,,queue-times.com
2026-08-02T22:08:09Z,2026-08-03,0,8,Disney Adventure World,Avengers Assemble: Flight Force Single Rider,10849,CLOSED,STANDBY,0,,,queue-times.com
2026-08-02T22:08:09Z,2026-08-03,0,8,Disney Adventure World,Spider-Man W.E.B. Adventure,10845,CLOSED,STANDBY,0,,,queue-times.com
2026-08-02T22:08:09Z,2026-08-03,0,8,Disney Adventure World,Spider-Man W.E.B. Adventure Single Rider,10846,CLOSED,STANDBY,0,,,queue-times.com
2026-08-02T22:08:09Z,2026-08-03,0,8,Disney Adventure World,The Twilight Zone Tower of Terror,40,CLOSED,STANDBY,0,,,queue-times.com
2026-08-02T22:08:09Z,2026-08-03,0,8,Disney Adventure World,Cars Quatre Roues Rallye,31,CLOSED,STANDBY,0,,,queue-times.com
2026-08-02T22:08:09Z,2026-08-03,0,8,Disney Adventure World,Cars ROAD TRIP,29,CLOSED,STANDBY,0,,,queue-times.com
2026-08-02T22:08:09Z,2026-08-03,0,8,Disney Adventure World,Crush's Coaster,32,CLOSED,STANDBY,0,,,queue-times.com
2026-08-02T22:08:09Z,2026-08-03,0,8,Disney Adventure World,Crush's Coaster Single Rider,7277,CLOSED,STANDBY,0,,,queue-times.com
2026-08-02T22:08:09Z,2026-08-03,0,8,Disney Adventure World,Les Tapis Volants - Flying Carpets Over Agrabah®,33,CLOSED,STANDBY,0,,,queue-times.com
2026-08-02T22:08:09Z,2026-08-03,0,8,Disney Adventure World,Ratatouille : L’Aventure Totalement Toquée de Rémy​,37,CLOSED,STANDBY,0,,,queue-times.com
2026-08-02T22:08:09Z,2026-08-03,0,8,Disney Adventure World,Ratatouille: The Adventure Single Rider,7279,CLOSED,STANDBY,0,,,queue-times.com
2026-08-02T22:08:09Z,2026-08-03,0,8,Disney Adventure World,RC Racer,34,CLOSED,STANDBY,0,,,queue-times.com
2026-08-02T22:08:09Z,2026-08-03,0,8,Disney Adventure World,RC Racer Single Rider,7280,CLOSED,STANDBY,0,,,queue-times.com
2026-08-02T22:08:09Z,2026-08-03,0,8,Disney Adventure World,Slinky® Dog Zigzag Spin,36,CLOSED,STANDBY,0,,,queue-times.com
2026-08-02T22:08:09Z,2026-08-03,0,8,Disney Adventure World,Toy Soldiers Parachute Drop,35,CLOSED,STANDBY,0,,,queue-times.com
2026-08-02T22:08:09Z,2026-08-03,0,8,Disney Adventure World,Toy Soldiers Parachute Drop Single Rider,7281,CLOSED,STANDBY,0,,,queue-times.com
2026-08-02T22:08:09Z,2026-08-03,0,8,Disney Adventure World,Entry to World of Frozen,16247,CLOSED,STANDBY,0,,,queue-times.com
2026-08-02T22:08:09Z,2026-08-03,0,8,Disney Adventure World,Frozen Ever After,15413,CLOSED,STANDBY,0,,,queue-times.com
2026-08-02T22:08:09Z,2026-08-03,0,8,Disney Adventure World,Raiponce Tangled Spin,15415,CLOSED,STANDBY,0,,,queue-times.com
2026-08-02T22:15:52Z,2026-08-03,0,15,Disneyland Park,Adventure Isle,2702,CLOSED,STANDBY,0,,,queue-times.com
2026-08-02T22:15:52Z,2026-08-03,0,15,Disneyland Park,Indiana Jones and the Temple of Peril Single Rider,7306,CLOSED,STANDBY,0,,,queue-times.com
2026-08-02T22:15:52Z,2026-08-03,0,15,Disneyland Park,Indiana Jones™ and the Temple of Peril,2,CLOSED,STANDBY,0,,,queue-times.com
2026-08-02T22:15:52Z,2026-08-03,0,15,Disneyland Park,La Cabane des Robinson,1,CLOSED,STANDBY,0,,,queue-times.com
2026-08-02T22:15:52Z,2026-08-03,0,15,Disneyland Park,Le Passage Enchanté d'Aladdin,2703,CLOSED,STANDBY,0,,,queue-times.com
2026-08-02T22:15:52Z,2026-08-03,0,15,Disneyland Park,Pirate Galleon,2705,CLOSED,STANDBY,0,,,queue-times.com
2026-08-02T22:15:52Z,2026-08-03,0,15,Disneyland Park,Pirates of the Caribbean,3,CLOSED,STANDBY,0,,,queue-times.com
2026-08-02T22:15:52Z,2026-08-03,0,15,Disneyland Park,Pirates' Beach,2704,CLOSED,STANDBY,0,,,queue-times.com
2026-08-02T22:15:52Z,2026-08-03,0,15,Disneyland Park,"Autopia, presented by Avis",4,CLOSED,STANDBY,0,,,queue-times.com
2026-08-02T22:15:52Z,2026-08-03,0,15,Disneyland Park,Buzz Lightyear Laser Blast,5,CLOSED,STANDBY,0,,,queue-times.com
2026-08-02T22:15:52Z,2026-08-03,0,15,Disneyland Park,Disneyland Railroad Discoveryland Station,2706,CLOSED,STANDBY,0,,,queue-times.com
2026-08-02T22:15:52Z,2026-08-03,0,15,Disneyland Park,Les Mystères du Nautilus,6,CLOSED,STANDBY,0,,,queue-times.com
2026-08-02T22:15:52Z,2026-08-03,0,15,Disneyland Park,Mickey’s PhilharMagic,2707,CLOSED,STANDBY,0,,,queue-times.com
2026-08-02T22:15:52Z,2026-08-03,0,15,Disneyland Park,Orbitron®,7,CLOSED,STANDBY,0,,,queue-times.com
2026-08-02T22:15:52Z,2026-08-03,0,15,Disneyland Park,Star Tours: The Adventures Continue*,9,CLOSED,STANDBY,0,,,queue-times.com
2026-08-02T22:15:52Z,2026-08-03,0,15,Disneyland Park,Star Wars Hyperspace Mountain,8,CLOSED,STANDBY,0,,,queue-times.com
2026-08-02T22:15:52Z,2026-08-03,0,15,Disneyland Park,Star Wars Hyperspace Mountain Single Rider,7278,CLOSED,STANDBY,0,,,queue-times.com
2026-08-02T22:15:52Z,2026-08-03,0,15,Disneyland Park,Welcome to Starport: A Star Wars Encounter,4573,CLOSED,STANDBY,0,,,queue-times.com
2026-08-02T22:15:52Z,2026-08-03,0,15,Disneyland Park,"""it's a small world""",19,CLOSED,STANDBY,0,,,queue-times.com
2026-08-02T22:15:52Z,2026-08-03,0,15,Disneyland Park,Alice's Curious Labyrinth,14,CLOSED,STANDBY,0,,,queue-times.com
2026-08-02T22:15:52Z,2026-08-03,0,15,Disneyland Park,Blanche-Neige et les Sept Nains®,15,CLOSED,STANDBY,0,,,queue-times.com
2026-08-02T22:15:52Z,2026-08-03,0,15,Disneyland Park,Casey Jr. – le Petit Train du Cirque,17,CLOSED,STANDBY,0,,,queue-times.com
2026-08-02T22:15:52Z,2026-08-03,0,15,Disneyland Park,Disneyland Railroad Fantasyland Station,2711,CLOSED,STANDBY,0,,,queue-times.com
2026-08-02T22:15:52Z,2026-08-03,0,15,Disneyland Park,Disneyland Railroad Main Street Station,11,CLOSED,STANDBY,0,,,queue-times.com
2026-08-02T22:15:52Z,2026-08-03,0,15,Disneyland Park,Dumbo the Flying Elephant,18,CLOSED,STANDBY,0,,,queue-times.com
2026-08-02T22:15:52Z,2026-08-03,0,15,Disneyland Park,La Tanière du Dragon,2710,CLOSED,STANDBY,0,,,queue-times.com
2026-08-02T22:15:52Z,2026-08-03,0,15,Disneyland Park,Le Carrousel de Lancelot,16,CLOSED,STANDBY,0,,,queue-times.com
2026-08-02T22:15:52Z,2026-08-03,0,15,Disneyland Park,"Le Pays des Contes de Fées, presented by Vittel",21,CLOSED,STANDBY,0,,,queue-times.com
2026-08-02T22:15:52Z,2026-08-03,0,15,Disneyland Park,Les Voyages de Pinocchio,23,CLOSED,STANDBY,0,,,queue-times.com
2026-08-02T22:15:52Z,2026-08-03,0,15,Disneyland Park,Mad Hatter's Tea Cups,20,CLOSED,STANDBY,0,,,queue-times.com
2026-08-02T22:15:52Z,2026-08-03,0,15,Disneyland Park,Meet Mickey Mouse,13,CLOSED,STANDBY,0,,,queue-times.com
2026-08-02T22:15:52Z,2026-08-03,0,15,Disneyland Park,Peter Pan's Flight,22,CLOSED,STANDBY,0,,,queue-times.com
2026-08-02T22:15:52Z,2026-08-03,0,15,Disneyland Park,Princess Pavilion,24,CLOSED,STANDBY,0,,,queue-times.com
2026-08-02T22:15:52Z,2026-08-03,0,15,Disneyland Park,Big Thunder Mountain,25,CLOSED,STANDBY,0,,,queue-times.com
2026-08-02T22:15:52Z,2026-08-03,0,15,Disneyland Park,Disneyland Railroad Frontierland Depot,2714,CLOSED,STANDBY,0,,,queue-times.com
2026-08-02T22:15:52Z,2026-08-03,0,15,Disneyland Park,Frontierland Playground,2713,CLOSED,STANDBY,0,,,queue-times.com
2026-08-02T22:15:52Z,2026-08-03,0,15,Disneyland Park,Phantom Manor,26,CLOSED,STANDBY,0,,,queue-times.com
2026-08-02T22:15:52Z,2026-08-03,0,15,Disneyland Park,River Rogue Keelboats,27,CLOSED,STANDBY,0,,,queue-times.com
2026-08-02T22:15:52Z,2026-08-03,0,15,Disneyland Park,Rustler Roundup Shootin' Gallery,2712,CLOSED,STANDBY,0,,,queue-times.com
2026-08-02T22:15:52Z,2026-08-03,0,15,Disneyland Park,Thunder Mesa Riverboat Landing,28,CLOSED,STANDBY,0,,,queue-times.com
2026-08-02T22:15:52Z,2026-08-03,0,15,Disneyland Park,Disneyland Railroad Main Street Station,2708,CLOSED,STANDBY,0,,,queue-times.com
2026-08-02T22:15:52Z,2026-08-03,0,15,Disneyland Park,Main Street Vehicles,12,CLOSED,STANDBY,0,,,queue-times.com
2026-08-02T22:15:52Z,2026-08-03,0,15,Disney Adventure World,Avengers Assemble: Flight Force,10848,CLOSED,STANDBY,0,,,queue-times.com
2026-08-02T22:15:52Z,2026-08-03,0,15,Disney Adventure World,Avengers Assemble: Flight Force Single Rider,10849,CLOSED,STANDBY,0,,,queue-times.com
2026-08-02T22:15:52Z,2026-08-03,0,15,Disney Adventure World,Spider-Man W.E.B. Adventure,10845,CLOSED,STANDBY,0,,,queue-times.com
2026-08-02T22:15:52Z,2026-08-03,0,15,Disney Adventure World,Spider-Man W.E.B. Adventure Single Rider,10846,CLOSED,STANDBY,0,,,queue-times.com
2026-08-02T22:15:52Z,2026-08-03,0,15,Disney Adventure World,The Twilight Zone Tower of Terror,40,CLOSED,STANDBY,0,,,queue-times.com
2026-08-02T22:15:52Z,2026-08-03,0,15,Disney Adventure World,Cars Quatre Roues Rallye,31,CLOSED,STANDBY,0,,,queue-times.com
2026-08-02T22:15:52Z,2026-08-03,0,15,Disney Adventure World,Cars ROAD TRIP,29,CLOSED,STANDBY,0,,,queue-times.com
2026-08-02T22:15:52Z,2026-08-03,0,15,Disney Adventure World,Crush's Coaster,32,CLOSED,STANDBY,0,,,queue-times.com
2026-08-02T22:15:52Z,2026-08-03,0,15,Disney Adventure World,Crush's Coaster Single Rider,7277,CLOSED,STANDBY,0,,,queue-times.com
2026-08-02T22:15:52Z,2026-08-03,0,15,Disney Adventure World,Les Tapis Volants - Flying Carpets Over Agrabah®,33,CLOSED,STANDBY,0,,,queue-times.com
2026-08-02T22:15:52Z,2026-08-03,0,15,Disney Adventure World,Ratatouille : L’Aventure Totalement Toquée de Rémy​,37,CLOSED,STANDBY,0,,,queue-times.com
2026-08-02T22:15:52Z,2026-08-03,0,15,Disney Adventure World,Ratatouille: The Adventure Single Rider,7279,CLOSED,STANDBY,0,,,queue-times.com
2026-08-02T22:15:52Z,2026-08-03,0,15,Disney Adventure World,RC Racer,34,CLOSED,STANDBY,0,,,queue-times.com
2026-08-02T22:15:52Z,2026-08-03,0,15,Disney Adventure World,RC Racer Single Rider,7280,CLOSED,STANDBY,0,,,queue-times.com
2026-08-02T22:15:52Z,2026-08-03,0,15,Disney Adventure World,Slinky® Dog Zigzag Spin,36,CLOSED,STANDBY,0,,,queue-times.com
2026-08-02T22:15:52Z,2026-08-03,0,15,Disney Adventure World,Toy Soldiers Parachute Drop,35,CLOSED,STANDBY,0,,,queue-times.com
2026-08-02T22:15:52Z,2026-08-03,0,15,Disney Adventure World,Toy Soldiers Parachute Drop Single Rider,7281,CLOSED,STANDBY,0,,,queue-times.com
2026-08-02T22:15:52Z,2026-08-03,0,15,Disney Adventure World,Entry to World of Frozen,16247,CLOSED,STANDBY,0,,,queue-times.com
2026-08-02T22:15:52Z,2026-08-03,0,15,Disney Adventure World,Frozen Ever After,15413,CLOSED,STANDBY,0,,,queue-times.com
2026-08-02T22:15:52Z,2026-08-03,0,15,Disney Adventure World,Raiponce Tangled Spin,15415,CLOSED,STANDBY,0,,,queue-times.com
2026-08-02T22:30:58Z,2026-08-03,0,30,Disneyland Park,Adventure Isle,2702,CLOSED,STANDBY,0,,,queue-times.com
2026-08-02T22:30:58Z,2026-08-03,0,30,Disneyland Park,Indiana Jones and the Temple of Peril Single Rider,7306,CLOSED,STANDBY,0,,,queue-times.com
2026-08-02T22:30:58Z,2026-08-03,0,30,Disneyland Park,Indiana Jones™ and the Temple of Peril,2,CLOSED,STANDBY,0,,,queue-times.com
2026-08-02T22:30:58Z,2026-08-03,0,30,Disneyland Park,La Cabane des Robinson,1,CLOSED,STANDBY,0,,,queue-times.com
2026-08-02T22:30:58Z,2026-08-03,0,30,Disneyland Park,Le Passage Enchanté d'Aladdin,2703,CLOSED,STANDBY,0,,,queue-times.com
2026-08-02T22:30:58Z,2026-08-03,0,30,Disneyland Park,Pirate Galleon,2705,CLOSED,STANDBY,0,,,queue-times.com
2026-08-02T22:30:58Z,2026-08-03,0,30,Disneyland Park,Pirates of the Caribbean,3,CLOSED,STANDBY,0,,,queue-times.com
2026-08-02T22:30:58Z,2026-08-03,0,30,Disneyland Park,Pirates' Beach,2704,CLOSED,STANDBY,0,,,queue-times.com
2026-08-02T22:30:58Z,2026-08-03,0,30,Disneyland Park,"Autopia, presented by Avis",4,CLOSED,STANDBY,0,,,queue-times.com
2026-08-02T22:30:58Z,2026-08-03,0,30,Disneyland Park,Buzz Lightyear Laser Blast,5,CLOSED,STANDBY,0,,,queue-times.com
2026-08-02T22:30:58Z,2026-08-03,0,30,Disneyland Park,Disneyland Railroad Discoveryland Station,2706,CLOSED,STANDBY,0,,,queue-times.com
2026-08-02T22:30:58Z,2026-08-03,0,30,Disneyland Park,Les Mystères du Nautilus,6,CLOSED,STANDBY,0,,,queue-times.com
2026-08-02T22:30:58Z,2026-08-03,0,30,Disneyland Park,Mickey’s PhilharMagic,2707,CLOSED,STANDBY,0,,,queue-times.com
2026-08-02T22:30:58Z,2026-08-03,0,30,Disneyland Park,Orbitron®,7,CLOSED,STANDBY,0,,,queue-times.com
2026-08-02T22:30:58Z,2026-08-03,0,30,Disneyland Park,Star Tours: The Adventures Continue*,9,CLOSED,STANDBY,0,,,queue-times.com
2026-08-02T22:30:58Z,2026-08-03,0,30,Disneyland Park,Star Wars Hyperspace Mountain,8,CLOSED,STANDBY,0,,,queue-times.com
2026-08-02T22:30:58Z,2026-08-03,0,30,Disneyland Park,Star Wars Hyperspace Mountain Single Rider,7278,CLOSED,STANDBY,0,,,queue-times.com
2026-08-02T22:30:58Z,2026-08-03,0,30,Disneyland Park,Welcome to Starport: A Star Wars Encounter,4573,CLOSED,STANDBY,0,,,queue-times.com
2026-08-02T22:30:58Z,2026-08-03,0,30,Disneyland Park,"""it's a small world""",19,CLOSED,STANDBY,0,,,queue-times.com
2026-08-02T22:30:58Z,2026-08-03,0,30,Disneyland Park,Alice's Curious Labyrinth,14,CLOSED,STANDBY,0,,,queue-times.com
2026-08-02T22:30:58Z,2026-08-03,0,30,Disneyland Park,Blanche-Neige et les Sept Nains®,15,CLOSED,STANDBY,0,,,queue-times.com
2026-08-02T22:30:58Z,2026-08-03,0,30,Disneyland Park,Casey Jr. – le Petit Train du Cirque,17,CLOSED,STANDBY,0,,,queue-times.com
2026-08-02T22:30:58Z,2026-08-03,0,30,Disneyland Park,Disneyland Railroad Fantasyland Station,2711,CLOSED,STANDBY,0,,,queue-times.com
2026-08-02T22:30:58Z,2026-08-03,0,30,Disneyland Park,Disneyland Railroad Main Street Station,11,CLOSED,STANDBY,0,,,queue-times.com
2026-08-02T22:30:58Z,2026-08-03,0,30,Disneyland Park,Dumbo the Flying Elephant,18,CLOSED,STANDBY,0,,,queue-times.com
2026-08-02T22:30:58Z,2026-08-03,0,30,Disneyland Park,La Tanière du Dragon,2710,CLOSED,STANDBY,0,,,queue-times.com
2026-08-02T22:30:58Z,2026-08-03,0,30,Disneyland Park,Le Carrousel de Lancelot,16,CLOSED,STANDBY,0,,,queue-times.com
2026-08-02T22:30:58Z,2026-08-03,0,30,Disneyland Park,"Le Pays des Contes de Fées, presented by Vittel",21,CLOSED,STANDBY,0,,,queue-times.com
2026-08-02T22:30:58Z,2026-08-03,0,30,Disneyland Park,Les Voyages de Pinocchio,23,CLOSED,STANDBY,0,,,queue-times.com
2026-08-02T22:30:58Z,2026-08-03,0,30,Disneyland Park,Mad Hatter's Tea Cups,20,CLOSED,STANDBY,0,,,queue-times.com
2026-08-02T22:30:58Z,2026-08-03,0,30,Disneyland Park,Meet Mickey Mouse,13,CLOSED,STANDBY,0,,,queue-times.com
2026-08-02T22:30:58Z,2026-08-03,0,30,Disneyland Park,Peter Pan's Flight,22,CLOSED,STANDBY,0,,,queue-times.com
2026-08-02T22:30:58Z,2026-08-03,0,30,Disneyland Park,Princess Pavilion,24,CLOSED,STANDBY,0,,,queue-times.com
2026-08-02T22:30:58Z,2026-08-03,0,30,Disneyland Park,Big Thunder Mountain,25,CLOSED,STANDBY,0,,,queue-times.com
2026-08-02T22:30:58Z,2026-08-03,0,30,Disneyland Park,Disneyland Railroad Frontierland Depot,2714,CLOSED,STANDBY,0,,,queue-times.com
2026-08-02T22:30:58Z,2026-08-03,0,30,Disneyland Park,Frontierland Playground,2713,CLOSED,STANDBY,0,,,queue-times.com
2026-08-02T22:30:58Z,2026-08-03,0,30,Disneyland Park,Phantom Manor,26,CLOSED,STANDBY,0,,,queue-times.com
2026-08-02T22:30:58Z,2026-08-03,0,30,Disneyland Park,River Rogue Keelboats,27,CLOSED,STANDBY,0,,,queue-times.com
2026-08-02T22:30:58Z,2026-08-03,0,30,Disneyland Park,Rustler Roundup Shootin' Gallery,2712,CLOSED,STANDBY,0,,,queue-times.com
2026-08-02T22:30:58Z,2026-08-03,0,30,Disneyland Park,Thunder Mesa Riverboat Landing,28,CLOSED,STANDBY,0,,,queue-times.com
2026-08-02T22:30:58Z,2026-08-03,0,30,Disneyland Park,Disneyland Railroad Main Street Station,2708,CLOSED,STANDBY,0,,,queue-times.com
2026-08-02T22:30:58Z,2026-08-03,0,30,Disneyland Park,Main Street Vehicles,12,CLOSED,STANDBY,0,,,queue-times.com
2026-08-02T22:30:58Z,2026-08-03,0,30,Disney Adventure World,Avengers Assemble: Flight Force,10848,CLOSED,STANDBY,0,,,queue-times.com
2026-08-02T22:30:58Z,2026-08-03,0,30,Disney Adventure World,Avengers Assemble: Flight Force Single Rider,10849,CLOSED,STANDBY,0,,,queue-times.com
2026-08-02T22:30:58Z,2026-08-03,0,30,Disney Adventure World,Spider-Man W.E.B. Adventure,10845,CLOSED,STANDBY,0,,,queue-times.com
2026-08-02T22:30:58Z,2026-08-03,0,30,Disney Adventure World,Spider-Man W.E.B. Adventure Single Rider,10846,CLOSED,STANDBY,0,,,queue-times.com
2026-08-02T22:30:58Z,2026-08-03,0,30,Disney Adventure World,The Twilight Zone Tower of Terror,40,CLOSED,STANDBY,0,,,queue-times.com
2026-08-02T22:30:58Z,2026-08-03,0,30,Disney Adventure World,Cars Quatre Roues Rallye,31,CLOSED,STANDBY,0,,,queue-times.com
2026-08-02T22:30:58Z,2026-08-03,0,30,Disney Adventure World,Cars ROAD TRIP,29,CLOSED,STANDBY,0,,,queue-times.com
2026-08-02T22:30:58Z,2026-08-03,0,30,Disney Adventure World,Crush's Coaster,32,CLOSED,STANDBY,0,,,queue-times.com
2026-08-02T22:30:58Z,2026-08-03,0,30,Disney Adventure World,Crush's Coaster Single Rider,7277,CLOSED,STANDBY,0,,,queue-times.com
2026-08-02T22:30:58Z,2026-08-03,0,30,Disney Adventure World,Les Tapis Volants - Flying Carpets Over Agrabah®,33,CLOSED,STANDBY,0,,,queue-times.com
2026-08-02T22:30:58Z,2026-08-03,0,30,Disney Adventure World,Ratatouille : L’Aventure Totalement Toquée de Rémy​,37,CLOSED,STANDBY,0,,,queue-times.com
2026-08-02T22:30:58Z,2026-08-03,0,30,Disney Adventure World,Ratatouille: The Adventure Single Rider,7279,CLOSED,STANDBY,0,,,queue-times.com
2026-08-02T22:30:58Z,2026-08-03,0,30,Disney Adventure World,RC Racer,34,CLOSED,STANDBY,0,,,queue-times.com
2026-08-02T22:30:58Z,2026-08-03,0,30,Disney Adventure World,RC Racer Single Rider,7280,CLOSED,STANDBY,0,,,queue-times.com
2026-08-02T22:30:58Z,2026-08-03,0,30,Disney Adventure World,Slinky® Dog Zigzag Spin,36,CLOSED,STANDBY,0,,,queue-times.com
2026-08-02T22:30:58Z,2026-08-03,0,30,Disney Adventure World,Toy Soldiers Parachute Drop,35,CLOSED,STANDBY,0,,,queue-times.com
2026-08-02T22:30:58Z,2026-08-03,0,30,Disney Adventure World,Toy Soldiers Parachute Drop Single Rider,7281,CLOSED,STANDBY,0,,,queue-times.com
2026-08-02T22:30:58Z,2026-08-03,0,30,Disney Adventure World,Entry to World of Frozen,16247,CLOSED,STANDBY,0,,,queue-times.com
2026-08-02T22:30:58Z,2026-08-03,0,30,Disney Adventure World,Frozen Ever After,15413,CLOSED,STANDBY,0,,,queue-times.com
2026-08-02T22:30:58Z,2026-08-03,0,30,Disney Adventure World,Raiponce Tangled Spin,15415,CLOSED,STANDBY,0,,,queue-times.com
2026-08-02T22:45:42Z,2026-08-03,0,45,Disneyland Park,Adventure Isle,2702,CLOSED,STANDBY,0,,,queue-times.com
2026-08-02T22:45:42Z,2026-08-03,0,45,Disneyland Park,Indiana Jones and the Temple of Peril Single Rider,7306,CLOSED,STANDBY,0,,,queue-times.com
2026-08-02T22:45:42Z,2026-08-03,0,45,Disneyland Park,Indiana Jones™ and the Temple of Peril,2,CLOSED,STANDBY,0,,,queue-times.com
2026-08-02T22:45:42Z,2026-08-03,0,45,Disneyland Park,La Cabane des Robinson,1,CLOSED,STANDBY,0,,,queue-times.com
2026-08-02T22:45:42Z,2026-08-03,0,45,Disneyland Park,Le Passage Enchanté d'Aladdin,2703,CLOSED,STANDBY,0,,,queue-times.com
2026-08-02T22:45:42Z,2026-08-03,0,45,Disneyland Park,Pirate Galleon,2705,CLOSED,STANDBY,0,,,queue-times.com
2026-08-02T22:45:42Z,2026-08-03,0,45,Disneyland Park,Pirates of the Caribbean,3,CLOSED,STANDBY,0,,,queue-times.com
2026-08-02T22:45:42Z,2026-08-03,0,45,Disneyland Park,Pirates' Beach,2704,CLOSED,STANDBY,0,,,queue-times.com
2026-08-02T22:45:42Z,2026-08-03,0,45,Disneyland Park,"Autopia, presented by Avis",4,CLOSED,STANDBY,0,,,queue-times.com
2026-08-02T22:45:42Z,2026-08-03,0,45,Disneyland Park,Buzz Lightyear Laser Blast,5,CLOSED,STANDBY,0,,,queue-times.com
2026-08-02T22:45:42Z,2026-08-03,0,45,Disneyland Park,Disneyland Railroad Discoveryland Station,2706,CLOSED,STANDBY,0,,,queue-times.com
2026-08-02T22:45:42Z,2026-08-03,0,45,Disneyland Park,Les Mystères du Nautilus,6,CLOSED,STANDBY,0,,,queue-times.com
2026-08-02T22:45:42Z,2026-08-03,0,45,Disneyland Park,Mickey’s PhilharMagic,2707,CLOSED,STANDBY,0,,,queue-times.com
2026-08-02T22:45:42Z,2026-08-03,0,45,Disneyland Park,Orbitron®,7,CLOSED,STANDBY,0,,,queue-times.com
2026-08-02T22:45:42Z,2026-08-03,0,45,Disneyland Park,Star Tours: The Adventures Continue*,9,CLOSED,STANDBY,0,,,queue-times.com
2026-08-02T22:45:42Z,2026-08-03,0,45,Disneyland Park,Star Wars Hyperspace Mountain,8,CLOSED,STANDBY,0,,,queue-times.com
2026-08-02T22:45:42Z,2026-08-03,0,45,Disneyland Park,Star Wars Hyperspace Mountain Single Rider,7278,CLOSED,STANDBY,0,,,queue-times.com
2026-08-02T22:45:42Z,2026-08-03,0,45,Disneyland Park,Welcome to Starport: A Star Wars Encounter,4573,CLOSED,STANDBY,0,,,queue-times.com
2026-08-02T22:45:42Z,2026-08-03,0,45,Disneyland Park,"""it's a small world""",19,CLOSED,STANDBY,0,,,queue-times.com
2026-08-02T22:45:42Z,2026-08-03,0,45,Disneyland Park,Alice's Curious Labyrinth,14,CLOSED,STANDBY,0,,,queue-times.com
2026-08-02T22:45:42Z,2026-08-03,0,45,Disneyland Park,Blanche-Neige et les Sept Nains®,15,CLOSED,STANDBY,0,,,queue-times.com
2026-08-02T22:45:42Z,2026-08-03,0,45,Disneyland Park,Casey Jr. – le Petit Train du Cirque,17,CLOSED,STANDBY,0,,,queue-times.com
2026-08-02T22:45:42Z,2026-08-03,0,45,Disneyland Park,Disneyland Railroad Fantasyland Station,2711,CLOSED,STANDBY,0,,,queue-times.com
2026-08-02T22:45:42Z,2026-08-03,0,45,Disneyland Park,Disneyland Railroad Main Street Station,11,CLOSED,STANDBY,0,,,queue-times.com
2026-08-02T22:45:42Z,2026-08-03,0,45,Disneyland Park,Dumbo the Flying Elephant,18,CLOSED,STANDBY,0,,,queue-times.com
2026-08-02T22:45:42Z,2026-08-03,0,45,Disneyland Park,La Tanière du Dragon,2710,CLOSED,STANDBY,0,,,queue-times.com
2026-08-02T22:45:42Z,2026-08-03,0,45,Disneyland Park,Le Carrousel de Lancelot,16,CLOSED,STANDBY,0,,,queue-times.com
2026-08-02T22:45:42Z,2026-08-03,0,45,Disneyland Park,"Le Pays des Contes de Fées, presented by Vittel",21,CLOSED,STANDBY,0,,,queue-times.com
2026-08-02T22:45:42Z,2026-08-03,0,45,Disneyland Park,Les Voyages de Pinocchio,23,CLOSED,STANDBY,0,,,queue-times.com
2026-08-02T22:45:42Z,2026-08-03,0,45,Disneyland Park,Mad Hatter's Tea Cups,20,CLOSED,STANDBY,0,,,queue-times.com
2026-08-02T22:45:42Z,2026-08-03,0,45,Disneyland Park,Meet Mickey Mouse,13,CLOSED,STANDBY,0,,,queue-times.com
2026-08-02T22:45:42Z,2026-08-03,0,45,Disneyland Park,Peter Pan's Flight,22,CLOSED,STANDBY,0,,,queue-times.com
2026-08-02T22:45:42Z,2026-08-03,0,45,Disneyland Park,Princess Pavilion,24,CLOSED,STANDBY,0,,,queue-times.com
2026-08-02T22:45:42Z,2026-08-03,0,45,Disneyland Park,Big Thunder Mountain,25,CLOSED,STANDBY,0,,,queue-times.com
2026-08-02T22:45:42Z,2026-08-03,0,45,Disneyland Park,Disneyland Railroad Frontierland Depot,2714,CLOSED,STANDBY,0,,,queue-times.com
2026-08-02T22:45:42Z,2026-08-03,0,45,Disneyland Park,Frontierland Playground,2713,CLOSED,STANDBY,0,,,queue-times.com
2026-08-02T22:45:42Z,2026-08-03,0,45,Disneyland Park,Phantom Manor,26,CLOSED,STANDBY,0,,,queue-times.com
2026-08-02T22:45:42Z,2026-08-03,0,45,Disneyland Park,River Rogue Keelboats,27,CLOSED,STANDBY,0,,,queue-times.com
2026-08-02T22:45:42Z,2026-08-03,0,45,Disneyland Park,Rustler Roundup Shootin' Gallery,2712,CLOSED,STANDBY,0,,,queue-times.com
2026-08-02T22:45:42Z,2026-08-03,0,45,Disneyland Park,Thunder Mesa Riverboat Landing,28,CLOSED,STANDBY,0,,,queue-times.com
2026-08-02T22:45:42Z,2026-08-03,0,45,Disneyland Park,Disneyland Railroad Main Street Station,2708,CLOSED,STANDBY,0,,,queue-times.com
2026-08-02T22:45:42Z,2026-08-03,0,45,Disneyland Park,Main Street Vehicles,12,CLOSED,STANDBY,0,,,queue-times.com
2026-08-02T22:45:42Z,2026-08-03,0,45,Disney Adventure World,Avengers Assemble: Flight Force,10848,CLOSED,STANDBY,0,,,queue-times.com
2026-08-02T22:45:42Z,2026-08-03,0,45,Disney Adventure World,Avengers Assemble: Flight Force Single Rider,10849,CLOSED,STANDBY,0,,,queue-times.com
2026-08-02T22:45:42Z,2026-08-03,0,45,Disney Adventure World,Spider-Man W.E.B. Adventure,10845,CLOSED,STANDBY,0,,,queue-times.com
2026-08-02T22:45:42Z,2026-08-03,0,45,Disney Adventure World,Spider-Man W.E.B. Adventure Single Rider,10846,CLOSED,STANDBY,0,,,queue-times.com
2026-08-02T22:45:42Z,2026-08-03,0,45,Disney Adventure World,The Twilight Zone Tower of Terror,40,CLOSED,STANDBY,0,,,queue-times.com
2026-08-02T22:45:42Z,2026-08-03,0,45,Disney Adventure World,Cars Quatre Roues Rallye,31,CLOSED,STANDBY,0,,,queue-times.com
2026-08-02T22:45:42Z,2026-08-03,0,45,Disney Adventure World,Cars ROAD TRIP,29,CLOSED,STANDBY,0,,,queue-times.com
2026-08-02T22:45:42Z,2026-08-03,0,45,Disney Adventure World,Crush's Coaster,32,CLOSED,STANDBY,0,,,queue-times.com
2026-08-02T22:45:42Z,2026-08-03,0,45,Disney Adventure World,Crush's Coaster Single Rider,7277,CLOSED,STANDBY,0,,,queue-times.com
2026-08-02T22:45:42Z,2026-08-03,0,45,Disney Adventure World,Les Tapis Volants - Flying Carpets Over Agrabah®,33,CLOSED,STANDBY,0,,,queue-times.com
2026-08-02T22:45:42Z,2026-08-03,0,45,Disney Adventure World,Ratatouille : L’Aventure Totalement Toquée de Rémy​,37,CLOSED,STANDBY,0,,,queue-times.com
2026-08-02T22:45:42Z,2026-08-03,0,45,Disney Adventure World,Ratatouille: The Adventure Single Rider,7279,CLOSED,STANDBY,0,,,queue-times.com
2026-08-02T22:45:42Z,2026-08-03,0,45,Disney Adventure World,RC Racer,34,CLOSED,STANDBY,0,,,queue-times.com
2026-08-02T22:45:42Z,2026-08-03,0,45,Disney Adventure World,RC Racer Single Rider,7280,CLOSED,STANDBY,0,,,queue-times.com
2026-08-02T22:45:42Z,2026-08-03,0,45,Disney Adventure World,Slinky® Dog Zigzag Spin,36,CLOSED,STANDBY,0,,,queue-times.com
2026-08-02T22:45:42Z,2026-08-03,0,45,Disney Adventure World,Toy Soldiers Parachute Drop,35,CLOSED,STANDBY,0,,,queue-times.com
2026-08-02T22:45:42Z,2026-08-03,0,45,Disney Adventure World,Toy Soldiers Parachute Drop Single Rider,7281,CLOSED,STANDBY,0,,,queue-times.com
2026-08-02T22:45:42Z,2026-08-03,0,45,Disney Adventure World,Entry to World of Frozen,16247,CLOSED,STANDBY,0,,,queue-times.com
2026-08-02T22:45:42Z,2026-08-03,0,45,Disney Adventure World,Frozen Ever After,15413,CLOSED,STANDBY,0,,,queue-times.com
2026-08-02T22:45:42Z,2026-08-03,0,45,Disney Adventure World,Raiponce Tangled Spin,15415,CLOSED,STANDBY,0,,,queue-times.com
2026-08-02T23:01:18Z,2026-08-03,1,1,Disneyland Park,Adventure Isle,2702,CLOSED,STANDBY,0,,,queue-times.com
2026-08-02T23:01:18Z,2026-08-03,1,1,Disneyland Park,Indiana Jones and the Temple of Peril Single Rider,7306,CLOSED,STANDBY,0,,,queue-times.com
2026-08-02T23:01:18Z,2026-08-03,1,1,Disneyland Park,Indiana Jones™ and the Temple of Peril,2,CLOSED,STANDBY,0,,,queue-times.com
2026-08-02T23:01:18Z,2026-08-03,1,1,Disneyland Park,La Cabane des Robinson,1,CLOSED,STANDBY,0,,,queue-times.com
2026-08-02T23:01:18Z,2026-08-03,1,1,Disneyland Park,Le Passage Enchanté d'Aladdin,2703,CLOSED,STANDBY,0,,,queue-times.com
2026-08-02T23:01:18Z,2026-08-03,1,1,Disneyland Park,Pirate Galleon,2705,CLOSED,STANDBY,0,,,queue-times.com
2026-08-02T23:01:18Z,2026-08-03,1,1,Disneyland Park,Pirates of the Caribbean,3,CLOSED,STANDBY,0,,,queue-times.com
2026-08-02T23:01:18Z,2026-08-03,1,1,Disneyland Park,Pirates' Beach,2704,CLOSED,STANDBY,0,,,queue-times.com
2026-08-02T23:01:18Z,2026-08-03,1,1,Disneyland Park,"Autopia, presented by Avis",4,CLOSED,STANDBY,0,,,queue-times.com
2026-08-02T23:01:18Z,2026-08-03,1,1,Disneyland Park,Buzz Lightyear Laser Blast,5,CLOSED,STANDBY,0,,,queue-times.com
2026-08-02T23:01:18Z,2026-08-03,1,1,Disneyland Park,Disneyland Railroad Discoveryland Station,2706,CLOSED,STANDBY,0,,,queue-times.com
2026-08-02T23:01:18Z,2026-08-03,1,1,Disneyland Park,Les Mystères du Nautilus,6,CLOSED,STANDBY,0,,,queue-times.com
2026-08-02T23:01:18Z,2026-08-03,1,1,Disneyland Park,Mickey’s PhilharMagic,2707,CLOSED,STANDBY,0,,,queue-times.com
2026-08-02T23:01:18Z,2026-08-03,1,1,Disneyland Park,Orbitron®,7,CLOSED,STANDBY,0,,,queue-times.com
2026-08-02T23:01:18Z,2026-08-03,1,1,Disneyland Park,Star Tours: The Adventures Continue*,9,CLOSED,STANDBY,0,,,queue-times.com
2026-08-02T23:01:18Z,2026-08-03,1,1,Disneyland Park,Star Wars Hyperspace Mountain,8,CLOSED,STANDBY,0,,,queue-times.com
2026-08-02T23:01:18Z,2026-08-03,1,1,Disneyland Park,Star Wars Hyperspace Mountain Single Rider,7278,CLOSED,STANDBY,0,,,queue-times.com
2026-08-02T23:01:18Z,2026-08-03,1,1,Disneyland Park,Welcome to Starport: A Star Wars Encounter,4573,CLOSED,STANDBY,0,,,queue-times.com
2026-08-02T23:01:18Z,2026-08-03,1,1,Disneyland Park,"""it's a small world""",19,CLOSED,STANDBY,0,,,queue-times.com
2026-08-02T23:01:18Z,2026-08-03,1,1,Disneyland Park,Alice's Curious Labyrinth,14,CLOSED,STANDBY,0,,,queue-times.com
2026-08-02T23:01:18Z,2026-08-03,1,1,Disneyland Park,Blanche-Neige et les Sept Nains®,15,CLOSED,STANDBY,0,,,queue-times.com
2026-08-02T23:01:18Z,2026-08-03,1,1,Disneyland Park,Casey Jr. – le Petit Train du Cirque,17,CLOSED,STANDBY,0,,,queue-times.com
2026-08-02T23:01:18Z,2026-08-03,1,1,Disneyland Park,Disneyland Railroad Fantasyland Station,2711,CLOSED,STANDBY,0,,,queue-times.com
2026-08-02T23:01:18Z,2026-08-03,1,1,Disneyland Park,Disneyland Railroad Main Street Station,11,CLOSED,STANDBY,0,,,queue-times.com
2026-08-02T23:01:18Z,2026-08-03,1,1,Disneyland Park,Dumbo the Flying Elephant,18,CLOSED,STANDBY,0,,,queue-times.com
2026-08-02T23:01:18Z,2026-08-03,1,1,Disneyland Park,La Tanière du Dragon,2710,CLOSED,STANDBY,0,,,queue-times.com
2026-08-02T23:01:18Z,2026-08-03,1,1,Disneyland Park,Le Carrousel de Lancelot,16,CLOSED,STANDBY,0,,,queue-times.com
2026-08-02T23:01:18Z,2026-08-03,1,1,Disneyland Park,"Le Pays des Contes de Fées, presented by Vittel",21,CLOSED,STANDBY,0,,,queue-times.com
2026-08-02T23:01:18Z,2026-08-03,1,1,Disneyland Park,Les Voyages de Pinocchio,23,CLOSED,STANDBY,0,,,queue-times.com
2026-08-02T23:01:18Z,2026-08-03,1,1,Disneyland Park,Mad Hatter's Tea Cups,20,CLOSED,STANDBY,0,,,queue-times.com
2026-08-02T23:01:18Z,2026-08-03,1,1,Disneyland Park,Meet Mickey Mouse,13,CLOSED,STANDBY,0,,,queue-times.com
2026-08-02T23:01:18Z,2026-08-03,1,1,Disneyland Park,Peter Pan's Flight,22,CLOSED,STANDBY,0,,,queue-times.com
2026-08-02T23:01:18Z,2026-08-03,1,1,Disneyland Park,Princess Pavilion,24,CLOSED,STANDBY,0,,,queue-times.com
2026-08-02T23:01:18Z,2026-08-03,1,1,Disneyland Park,Big Thunder Mountain,25,CLOSED,STANDBY,0,,,queue-times.com
2026-08-02T23:01:18Z,2026-08-03,1,1,Disneyland Park,Disneyland Railroad Frontierland Depot,2714,CLOSED,STANDBY,0,,,queue-times.com
2026-08-02T23:01:18Z,2026-08-03,1,1,Disneyland Park,Frontierland Playground,2713,CLOSED,STANDBY,0,,,queue-times.com
2026-08-02T23:01:18Z,2026-08-03,1,1,Disneyland Park,Phantom Manor,26,CLOSED,STANDBY,0,,,queue-times.com
2026-08-02T23:01:18Z,2026-08-03,1,1,Disneyland Park,River Rogue Keelboats,27,CLOSED,STANDBY,0,,,queue-times.com
2026-08-02T23:01:18Z,2026-08-03,1,1,Disneyland Park,Rustler Roundup Shootin' Gallery,2712,CLOSED,STANDBY,0,,,queue-times.com
2026-08-02T23:01:18Z,2026-08-03,1,1,Disneyland Park,Thunder Mesa Riverboat Landing,28,CLOSED,STANDBY,0,,,queue-times.com
2026-08-02T23:01:18Z,2026-08-03,1,1,Disneyland Park,Disneyland Railroad Main Street Station,2708,CLOSED,STANDBY,0,,,queue-times.com
2026-08-02T23:01:18Z,2026-08-03,1,1,Disneyland Park,Main Street Vehicles,12,CLOSED,STANDBY,0,,,queue-times.com
2026-08-02T23:01:18Z,2026-08-03,1,1,Disney Adventure World,Avengers Assemble: Flight Force,10848,CLOSED,STANDBY,0,,,queue-times.com
2026-08-02T23:01:18Z,2026-08-03,1,1,Disney Adventure World,Avengers Assemble: Flight Force Single Rider,10849,CLOSED,STANDBY,0,,,queue-times.com
2026-08-02T23:01:18Z,2026-08-03,1,1,Disney Adventure World,Spider-Man W.E.B. Adventure,10845,CLOSED,STANDBY,0,,,queue-times.com
2026-08-02T23:01:18Z,2026-08-03,1,1,Disney Adventure World,Spider-Man W.E.B. Adventure Single Rider,10846,CLOSED,STANDBY,0,,,queue-times.com
2026-08-02T23:01:18Z,2026-08-03,1,1,Disney Adventure World,The Twilight Zone Tower of Terror,40,CLOSED,STANDBY,0,,,queue-times.com
2026-08-02T23:01:18Z,2026-08-03,1,1,Disney Adventure World,Cars Quatre Roues Rallye,31,CLOSED,STANDBY,0,,,queue-times.com
2026-08-02T23:01:18Z,2026-08-03,1,1,Disney Adventure World,Cars ROAD TRIP,29,CLOSED,STANDBY,0,,,queue-times.com
2026-08-02T23:01:18Z,2026-08-03,1,1,Disney Adventure World,Crush's Coaster,32,CLOSED,STANDBY,0,,,queue-times.com
2026-08-02T23:01:18Z,2026-08-03,1,1,Disney Adventure World,Crush's Coaster Single Rider,7277,CLOSED,STANDBY,0,,,queue-times.com
2026-08-02T23:01:18Z,2026-08-03,1,1,Disney Adventure World,Les Tapis Volants - Flying Carpets Over Agrabah®,33,CLOSED,STANDBY,0,,,queue-times.com
2026-08-02T23:01:18Z,2026-08-03,1,1,Disney Adventure World,Ratatouille : L’Aventure Totalement Toquée de Rémy​,37,CLOSED,STANDBY,0,,,queue-times.com
2026-08-02T23:01:18Z,2026-08-03,1,1,Disney Adventure World,Ratatouille: The Adventure Single Rider,7279,CLOSED,STANDBY,0,,,queue-times.com
2026-08-02T23:01:18Z,2026-08-03,1,1,Disney Adventure World,RC Racer,34,CLOSED,STANDBY,0,,,queue-times.com
2026-08-02T23:01:18Z,2026-08-03,1,1,Disney Adventure World,RC Racer Single Rider,7280,CLOSED,STANDBY,0,,,queue-times.com
2026-08-02T23:01:18Z,2026-08-03,1,1,Disney Adventure World,Slinky® Dog Zigzag Spin,36,CLOSED,STANDBY,0,,,queue-times.com
2026-08-02T23:01:18Z,2026-08-03,1,1,Disney Adventure World,Toy Soldiers Parachute Drop,35,CLOSED,STANDBY,0,,,queue-times.com
2026-08-02T23:01:18Z,2026-08-03,1,1,Disney Adventure World,Toy Soldiers Parachute Drop Single Rider,7281,CLOSED,STANDBY,0,,,queue-times.com
2026-08-02T23:01:18Z,2026-08-03,1,1,Disney Adventure World,Entry to World of Frozen,16247,CLOSED,STANDBY,0,,,queue-times.com
2026-08-02T23:01:18Z,2026-08-03,1,1,Disney Adventure World,Frozen Ever After,15413,CLOSED,STANDBY,0,,,queue-times.com
2026-08-02T23:01:18Z,2026-08-03,1,1,Disney Adventure World,Raiponce Tangled Spin,15415,CLOSED,STANDBY,0,,,queue-times.com
2026-08-02T23:15:49Z,2026-08-03,1,15,Disneyland Park,Adventure Isle,2702,CLOSED,STANDBY,0,,,queue-times.com
2026-08-02T23:15:49Z,2026-08-03,1,15,Disneyland Park,Indiana Jones and the Temple of Peril Single Rider,7306,CLOSED,STANDBY,0,,,queue-times.com
2026-08-02T23:15:49Z,2026-08-03,1,15,Disneyland Park,Indiana Jones™ and the Temple of Peril,2,CLOSED,STANDBY,0,,,queue-times.com
2026-08-02T23:15:49Z,2026-08-03,1,15,Disneyland Park,La Cabane des Robinson,1,CLOSED,STANDBY,0,,,queue-times.com
2026-08-02T23:15:49Z,2026-08-03,1,15,Disneyland Park,Le Passage Enchanté d'Aladdin,2703,CLOSED,STANDBY,0,,,queue-times.com
2026-08-02T23:15:49Z,2026-08-03,1,15,Disneyland Park,Pirate Galleon,2705,CLOSED,STANDBY,0,,,queue-times.com
2026-08-02T23:15:49Z,2026-08-03,1,15,Disneyland Park,Pirates of the Caribbean,3,CLOSED,STANDBY,0,,,queue-times.com
2026-08-02T23:15:49Z,2026-08-03,1,15,Disneyland Park,Pirates' Beach,2704,CLOSED,STANDBY,0,,,queue-times.com
2026-08-02T23:15:49Z,2026-08-03,1,15,Disneyland Park,"Autopia, presented by Avis",4,CLOSED,STANDBY,0,,,queue-times.com
2026-08-02T23:15:49Z,2026-08-03,1,15,Disneyland Park,Buzz Lightyear Laser Blast,5,CLOSED,STANDBY,0,,,queue-times.com
2026-08-02T23:15:49Z,2026-08-03,1,15,Disneyland Park,Disneyland Railroad Discoveryland Station,2706,CLOSED,STANDBY,0,,,queue-times.com
2026-08-02T23:15:49Z,2026-08-03,1,15,Disneyland Park,Les Mystères du Nautilus,6,CLOSED,STANDBY,0,,,queue-times.com
2026-08-02T23:15:49Z,2026-08-03,1,15,Disneyland Park,Mickey’s PhilharMagic,2707,CLOSED,STANDBY,0,,,queue-times.com
2026-08-02T23:15:49Z,2026-08-03,1,15,Disneyland Park,Orbitron®,7,CLOSED,STANDBY,0,,,queue-times.com
2026-08-02T23:15:49Z,2026-08-03,1,15,Disneyland Park,Star Tours: The Adventures Continue*,9,CLOSED,STANDBY,0,,,queue-times.com
2026-08-02T23:15:49Z,2026-08-03,1,15,Disneyland Park,Star Wars Hyperspace Mountain,8,CLOSED,STANDBY,0,,,queue-times.com
2026-08-02T23:15:49Z,2026-08-03,1,15,Disneyland Park,Star Wars Hyperspace Mountain Single Rider,7278,CLOSED,STANDBY,0,,,queue-times.com
2026-08-02T23:15:49Z,2026-08-03,1,15,Disneyland Park,Welcome to Starport: A Star Wars Encounter,4573,CLOSED,STANDBY,0,,,queue-times.com
2026-08-02T23:15:49Z,2026-08-03,1,15,Disneyland Park,"""it's a small world""",19,CLOSED,STANDBY,0,,,queue-times.com
2026-08-02T23:15:49Z,2026-08-03,1,15,Disneyland Park,Alice's Curious Labyrinth,14,CLOSED,STANDBY,0,,,queue-times.com
2026-08-02T23:15:49Z,2026-08-03,1,15,Disneyland Park,Blanche-Neige et les Sept Nains®,15,CLOSED,STANDBY,0,,,queue-times.com
2026-08-02T23:15:49Z,2026-08-03,1,15,Disneyland Park,Casey Jr. – le Petit Train du Cirque,17,CLOSED,STANDBY,0,,,queue-times.com
2026-08-02T23:15:49Z,2026-08-03,1,15,Disneyland Park,Disneyland Railroad Fantasyland Station,2711,CLOSED,STANDBY,0,,,queue-times.com
2026-08-02T23:15:49Z,2026-08-03,1,15,Disneyland Park,Disneyland Railroad Main Street Station,11,CLOSED,STANDBY,0,,,queue-times.com
2026-08-02T23:15:49Z,2026-08-03,1,15,Disneyland Park,Dumbo the Flying Elephant,18,CLOSED,STANDBY,0,,,queue-times.com
2026-08-02T23:15:49Z,2026-08-03,1,15,Disneyland Park,La Tanière du Dragon,2710,CLOSED,STANDBY,0,,,queue-times.com
2026-08-02T23:15:49Z,2026-08-03,1,15,Disneyland Park,Le Carrousel de Lancelot,16,CLOSED,STANDBY,0,,,queue-times.com
2026-08-02T23:15:49Z,2026-08-03,1,15,Disneyland Park,"Le Pays des Contes de Fées, presented by Vittel",21,CLOSED,STANDBY,0,,,queue-times.com
2026-08-02T23:15:49Z,2026-08-03,1,15,Disneyland Park,Les Voyages de Pinocchio,23,CLOSED,STANDBY,0,,,queue-times.com
2026-08-02T23:15:49Z,2026-08-03,1,15,Disneyland Park,Mad Hatter's Tea Cups,20,CLOSED,STANDBY,0,,,queue-times.com
2026-08-02T23:15:49Z,2026-08-03,1,15,Disneyland Park,Meet Mickey Mouse,13,CLOSED,STANDBY,0,,,queue-times.com
2026-08-02T23:15:49Z,2026-08-03,1,15,Disneyland Park,Peter Pan's Flight,22,CLOSED,STANDBY,0,,,queue-times.com
2026-08-02T23:15:49Z,2026-08-03,1,15,Disneyland Park,Princess Pavilion,24,CLOSED,STANDBY,0,,,queue-times.com
2026-08-02T23:15:49Z,2026-08-03,1,15,Disneyland Park,Big Thunder Mountain,25,CLOSED,STANDBY,0,,,queue-times.com
2026-08-02T23:15:49Z,2026-08-03,1,15,Disneyland Park,Disneyland Railroad Frontierland Depot,2714,CLOSED,STANDBY,0,,,queue-times.com
2026-08-02T23:15:49Z,2026-08-03,1,15,Disneyland Park,Frontierland Playground,2713,CLOSED,STANDBY,0,,,queue-times.com
2026-08-02T23:15:49Z,2026-08-03,1,15,Disneyland Park,Phantom Manor,26,CLOSED,STANDBY,0,,,queue-times.com
2026-08-02T23:15:49Z,2026-08-03,1,15,Disneyland Park,River Rogue Keelboats,27,CLOSED,STANDBY,0,,,queue-times.com
2026-08-02T23:15:49Z,2026-08-03,1,15,Disneyland Park,Rustler Roundup Shootin' Gallery,2712,CLOSED,STANDBY,0,,,queue-times.com
2026-08-02T23:15:49Z,2026-08-03,1,15,Disneyland Park,Thunder Mesa Riverboat Landing,28,CLOSED,STANDBY,0,,,queue-times.com
2026-08-02T23:15:49Z,2026-08-03,1,15,Disneyland Park,Disneyland Railroad Main Street Station,2708,CLOSED,STANDBY,0,,,queue-times.com
2026-08-02T23:15:49Z,2026-08-03,1,15,Disneyland Park,Main Street Vehicles,12,CLOSED,STANDBY,0,,,queue-times.com
2026-08-02T23:15:49Z,2026-08-03,1,15,Disney Adventure World,Avengers Assemble: Flight Force,10848,CLOSED,STANDBY,0,,,queue-times.com
2026-08-02T23:15:49Z,2026-08-03,1,15,Disney Adventure World,Avengers Assemble: Flight Force Single Rider,10849,CLOSED,STANDBY,0,,,queue-times.com
2026-08-02T23:15:49Z,2026-08-03,1,15,Disney Adventure World,Spider-Man W.E.B. Adventure,10845,CLOSED,STANDBY,0,,,queue-times.com
2026-08-02T23:15:49Z,2026-08-03,1,15,Disney Adventure World,Spider-Man W.E.B. Adventure Single Rider,10846,CLOSED,STANDBY,0,,,queue-times.com
2026-08-02T23:15:49Z,2026-08-03,1,15,Disney Adventure World,The Twilight Zone Tower of Terror,40,CLOSED,STANDBY,0,,,queue-times.com
2026-08-02T23:15:49Z,2026-08-03,1,15,Disney Adventure World,Cars Quatre Roues Rallye,31,CLOSED,STANDBY,0,,,queue-times.com
2026-08-02T23:15:49Z,2026-08-03,1,15,Disney Adventure World,Cars ROAD TRIP,29,CLOSED,STANDBY,0,,,queue-times.com
2026-08-02T23:15:49Z,2026-08-03,1,15,Disney Adventure World,Crush's Coaster,32,CLOSED,STANDBY,0,,,queue-times.com
2026-08-02T23:15:49Z,2026-08-03,1,15,Disney Adventure World,Crush's Coaster Single Rider,7277,CLOSED,STANDBY,0,,,queue-times.com
2026-08-02T23:15:49Z,2026-08-03,1,15,Disney Adventure World,Les Tapis Volants - Flying Carpets Over Agrabah®,33,CLOSED,STANDBY,0,,,queue-times.com
2026-08-02T23:15:49Z,2026-08-03,1,15,Disney Adventure World,Ratatouille : L’Aventure Totalement Toquée de Rémy​,37,CLOSED,STANDBY,0,,,queue-times.com
2026-08-02T23:15:49Z,2026-08-03,1,15,Disney Adventure World,Ratatouille: The Adventure Single Rider,7279,CLOSED,STANDBY,0,,,queue-times.com
2026-08-02T23:15:49Z,2026-08-03,1,15,Disney Adventure World,RC Racer,34,CLOSED,STANDBY,0,,,queue-times.com
2026-08-02T23:15:49Z,2026-08-03,1,15,Disney Adventure World,RC Racer Single Rider,7280,CLOSED,STANDBY,0,,,queue-times.com
2026-08-02T23:15:49Z,2026-08-03,1,15,Disney Adventure World,Slinky® Dog Zigzag Spin,36,CLOSED,STANDBY,0,,,queue-times.com
2026-08-02T23:15:49Z,2026-08-03,1,15,Disney Adventure World,Toy Soldiers Parachute Drop,35,CLOSED,STANDBY,0,,,queue-times.com
2026-08-02T23:15:49Z,2026-08-03,1,15,Disney Adventure World,Toy Soldiers Parachute Drop Single Rider,7281,CLOSED,STANDBY,0,,,queue-times.com
2026-08-02T23:15:49Z,2026-08-03,1,15,Disney Adventure World,Entry to World of Frozen,16247,CLOSED,STANDBY,0,,,queue-times.com
2026-08-02T23:15:49Z,2026-08-03,1,15,Disney Adventure World,Frozen Ever After,15413,CLOSED,STANDBY,0,,,queue-times.com
2026-08-02T23:15:49Z,2026-08-03,1,15,Disney Adventure World,Raiponce Tangled Spin,15415,CLOSED,STANDBY,0,,,queue-times.com
2026-08-02T23:16:07Z,2026-08-03,1,16,Disneyland Park,Adventure Isle,2702,CLOSED,STANDBY,0,,,queue-times.com
2026-08-02T23:16:07Z,2026-08-03,1,16,Disneyland Park,Indiana Jones and the Temple of Peril Single Rider,7306,CLOSED,STANDBY,0,,,queue-times.com
2026-08-02T23:16:07Z,2026-08-03,1,16,Disneyland Park,Indiana Jones™ and the Temple of Peril,2,CLOSED,STANDBY,0,,,queue-times.com
2026-08-02T23:16:07Z,2026-08-03,1,16,Disneyland Park,La Cabane des Robinson,1,CLOSED,STANDBY,0,,,queue-times.com
2026-08-02T23:16:07Z,2026-08-03,1,16,Disneyland Park,Le Passage Enchanté d'Aladdin,2703,CLOSED,STANDBY,0,,,queue-times.com
2026-08-02T23:16:07Z,2026-08-03,1,16,Disneyland Park,Pirate Galleon,2705,CLOSED,STANDBY,0,,,queue-times.com
2026-08-02T23:16:07Z,2026-08-03,1,16,Disneyland Park,Pirates of the Caribbean,3,CLOSED,STANDBY,0,,,queue-times.com
2026-08-02T23:16:07Z,2026-08-03,1,16,Disneyland Park,Pirates' Beach,2704,CLOSED,STANDBY,0,,,queue-times.com
2026-08-02T23:16:07Z,2026-08-03,1,16,Disneyland Park,"Autopia, presented by Avis",4,CLOSED,STANDBY,0,,,queue-times.com
2026-08-02T23:16:07Z,2026-08-03,1,16,Disneyland Park,Buzz Lightyear Laser Blast,5,CLOSED,STANDBY,0,,,queue-times.com
2026-08-02T23:16:07Z,2026-08-03,1,16,Disneyland Park,Disneyland Railroad Discoveryland Station,2706,CLOSED,STANDBY,0,,,queue-times.com
2026-08-02T23:16:07Z,2026-08-03,1,16,Disneyland Park,Les Mystères du Nautilus,6,CLOSED,STANDBY,0,,,queue-times.com
2026-08-02T23:16:07Z,2026-08-03,1,16,Disneyland Park,Mickey’s PhilharMagic,2707,CLOSED,STANDBY,0,,,queue-times.com
2026-08-02T23:16:07Z,2026-08-03,1,16,Disneyland Park,Orbitron®,7,CLOSED,STANDBY,0,,,queue-times.com
2026-08-02T23:16:07Z,2026-08-03,1,16,Disneyland Park,Star Tours: The Adventures Continue*,9,CLOSED,STANDBY,0,,,queue-times.com
2026-08-02T23:16:07Z,2026-08-03,1,16,Disneyland Park,Star Wars Hyperspace Mountain,8,CLOSED,STANDBY,0,,,queue-times.com
2026-08-02T23:16:07Z,2026-08-03,1,16,Disneyland Park,Star Wars Hyperspace Mountain Single Rider,7278,CLOSED,STANDBY,0,,,queue-times.com
2026-08-02T23:16:07Z,2026-08-03,1,16,Disneyland Park,Welcome to Starport: A Star Wars Encounter,4573,CLOSED,STANDBY,0,,,queue-times.com
2026-08-02T23:16:07Z,2026-08-03,1,16,Disneyland Park,"""it's a small world""",19,CLOSED,STANDBY,0,,,queue-times.com
2026-08-02T23:16:07Z,2026-08-03,1,16,Disneyland Park,Alice's Curious Labyrinth,14,CLOSED,STANDBY,0,,,queue-times.com
2026-08-02T23:16:07Z,2026-08-03,1,16,Disneyland Park,Blanche-Neige et les Sept Nains®,15,CLOSED,STANDBY,0,,,queue-times.com
2026-08-02T23:16:07Z,2026-08-03,1,16,Disneyland Park,Casey Jr. – le Petit Train du Cirque,17,CLOSED,STANDBY,0,,,queue-times.com
2026-08-02T23:16:07Z,2026-08-03,1,16,Disneyland Park,Disneyland Railroad Fantasyland Station,2711,CLOSED,STANDBY,0,,,queue-times.com
2026-08-02T23:16:07Z,2026-08-03,1,16,Disneyland Park,Disneyland Railroad Main Street Station,11,CLOSED,STANDBY,0,,,queue-times.com
2026-08-02T23:16:07Z,2026-08-03,1,16,Disneyland Park,Dumbo the Flying Elephant,18,CLOSED,STANDBY,0,,,queue-times.com
2026-08-02T23:16:07Z,2026-08-03,1,16,Disneyland Park,La Tanière du Dragon,2710,CLOSED,STANDBY,0,,,queue-times.com
2026-08-02T23:16:07Z,2026-08-03,1,16,Disneyland Park,Le Carrousel de Lancelot,16,CLOSED,STANDBY,0,,,queue-times.com
2026-08-02T23:16:07Z,2026-08-03,1,16,Disneyland Park,"Le Pays des Contes de Fées, presented by Vittel",21,CLOSED,STANDBY,0,,,queue-times.com
2026-08-02T23:16:07Z,2026-08-03,1,16,Disneyland Park,Les Voyages de Pinocchio,23,CLOSED,STANDBY,0,,,queue-times.com
2026-08-02T23:16:07Z,2026-08-03,1,16,Disneyland Park,Mad Hatter's Tea Cups,20,CLOSED,STANDBY,0,,,queue-times.com
2026-08-02T23:16:07Z,2026-08-03,1,16,Disneyland Park,Meet Mickey Mouse,13,CLOSED,STANDBY,0,,,queue-times.com
2026-08-02T23:16:07Z,2026-08-03,1,16,Disneyland Park,Peter Pan's Flight,22,CLOSED,STANDBY,0,,,queue-times.com
2026-08-02T23:16:07Z,2026-08-03,1,16,Disneyland Park,Princess Pavilion,24,CLOSED,STANDBY,0,,,queue-times.com
2026-08-02T23:16:07Z,2026-08-03,1,16,Disneyland Park,Big Thunder Mountain,25,CLOSED,STANDBY,0,,,queue-times.com
2026-08-02T23:16:07Z,2026-08-03,1,16,Disneyland Park,Disneyland Railroad Frontierland Depot,2714,CLOSED,STANDBY,0,,,queue-times.com
2026-08-02T23:16:07Z,2026-08-03,1,16,Disneyland Park,Frontierland Playground,2713,CLOSED,STANDBY,0,,,queue-times.com
2026-08-02T23:16:07Z,2026-08-03,1,16,Disneyland Park,Phantom Manor,26,CLOSED,STANDBY,0,,,queue-times.com
2026-08-02T23:16:07Z,2026-08-03,1,16,Disneyland Park,River Rogue Keelboats,27,CLOSED,STANDBY,0,,,queue-times.com
2026-08-02T23:16:07Z,2026-08-03,1,16,Disneyland Park,Rustler Roundup Shootin' Gallery,2712,CLOSED,STANDBY,0,,,queue-times.com
2026-08-02T23:16:07Z,2026-08-03,1,16,Disneyland Park,Thunder Mesa Riverboat Landing,28,CLOSED,STANDBY,0,,,queue-times.com
2026-08-02T23:16:07Z,2026-08-03,1,16,Disneyland Park,Disneyland Railroad Main Street Station,2708,CLOSED,STANDBY,0,,,queue-times.com
2026-08-02T23:16:07Z,2026-08-03,1,16,Disneyland Park,Main Street Vehicles,12,CLOSED,STANDBY,0,,,queue-times.com
2026-08-02T23:16:07Z,2026-08-03,1,16,Disney Adventure World,Avengers Assemble: Flight Force,10848,CLOSED,STANDBY,0,,,queue-times.com
2026-08-02T23:16:07Z,2026-08-03,1,16,Disney Adventure World,Avengers Assemble: Flight Force Single Rider,10849,CLOSED,STANDBY,0,,,queue-times.com
2026-08-02T23:16:07Z,2026-08-03,1,16,Disney Adventure World,Spider-Man W.E.B. Adventure,10845,CLOSED,STANDBY,0,,,queue-times.com
2026-08-02T23:16:07Z,2026-08-03,1,16,Disney Adventure World,Spider-Man W.E.B. Adventure Single Rider,10846,CLOSED,STANDBY,0,,,queue-times.com
2026-08-02T23:16:07Z,2026-08-03,1,16,Disney Adventure World,The Twilight Zone Tower of Terror,40,CLOSED,STANDBY,0,,,queue-times.com
2026-08-02T23:16:07Z,2026-08-03,1,16,Disney Adventure World,Cars Quatre Roues Rallye,31,CLOSED,STANDBY,0,,,queue-times.com
2026-08-02T23:16:07Z,2026-08-03,1,16,Disney Adventure World,Cars ROAD TRIP,29,CLOSED,STANDBY,0,,,queue-times.com
2026-08-02T23:16:07Z,2026-08-03,1,16,Disney Adventure World,Crush's Coaster,32,CLOSED,STANDBY,0,,,queue-times.com
2026-08-02T23:16:07Z,2026-08-03,1,16,Disney Adventure World,Crush's Coaster Single Rider,7277,CLOSED,STANDBY,0,,,queue-times.com
2026-08-02T23:16:07Z,2026-08-03,1,16,Disney Adventure World,Les Tapis Volants - Flying Carpets Over Agrabah®,33,CLOSED,STANDBY,0,,,queue-times.com
2026-08-02T23:16:07Z,2026-08-03,1,16,Disney Adventure World,Ratatouille : L’Aventure Totalement Toquée de Rémy​,37,CLOSED,STANDBY,0,,,queue-times.com
2026-08-02T23:16:07Z,2026-08-03,1,16,Disney Adventure World,Ratatouille: The Adventure Single Rider,7279,CLOSED,STANDBY,0,,,queue-times.com
2026-08-02T23:16:07Z,2026-08-03,1,16,Disney Adventure World,RC Racer,34,CLOSED,STANDBY,0,,,queue-times.com
2026-08-02T23:16:07Z,2026-08-03,1,16,Disney Adventure World,RC Racer Single Rider,7280,CLOSED,STANDBY,0,,,queue-times.com
2026-08-02T23:16:07Z,2026-08-03,1,16,Disney Adventure World,Slinky® Dog Zigzag Spin,36,CLOSED,STANDBY,0,,,queue-times.com
2026-08-02T23:16:07Z,2026-08-03,1,16,Disney Adventure World,Toy Soldiers Parachute Drop,35,CLOSED,STANDBY,0,,,queue-times.com
2026-08-02T23:16:07Z,2026-08-03,1,16,Disney Adventure World,Toy Soldiers Parachute Drop Single Rider,7281,CLOSED,STANDBY,0,,,queue-times.com
2026-08-02T23:16:07Z,2026-08-03,1,16,Disney Adventure World,Entry to World of Frozen,16247,CLOSED,STANDBY,0,,,queue-times.com
2026-08-02T23:16:07Z,2026-08-03,1,16,Disney Adventure World,Frozen Ever After,15413,CLOSED,STANDBY,0,,,queue-times.com
2026-08-02T23:16:07Z,2026-08-03,1,16,Disney Adventure World,Raiponce Tangled Spin,15415,CLOSED,STANDBY,0,,,queue-times.com
2026-08-02T23:31:04Z,2026-08-03,1,31,Disneyland Park,Adventure Isle,2702,CLOSED,STANDBY,0,,,queue-times.com
2026-08-02T23:31:04Z,2026-08-03,1,31,Disneyland Park,Indiana Jones and the Temple of Peril Single Rider,7306,CLOSED,STANDBY,0,,,queue-times.com
2026-08-02T23:31:04Z,2026-08-03,1,31,Disneyland Park,Indiana Jones™ and the Temple of Peril,2,CLOSED,STANDBY,0,,,queue-times.com
2026-08-02T23:31:04Z,2026-08-03,1,31,Disneyland Park,La Cabane des Robinson,1,CLOSED,STANDBY,0,,,queue-times.com
2026-08-02T23:31:04Z,2026-08-03,1,31,Disneyland Park,Le Passage Enchanté d'Aladdin,2703,CLOSED,STANDBY,0,,,queue-times.com
2026-08-02T23:31:04Z,2026-08-03,1,31,Disneyland Park,Pirate Galleon,2705,CLOSED,STANDBY,0,,,queue-times.com
2026-08-02T23:31:04Z,2026-08-03,1,31,Disneyland Park,Pirates of the Caribbean,3,CLOSED,STANDBY,0,,,queue-times.com
2026-08-02T23:31:04Z,2026-08-03,1,31,Disneyland Park,Pirates' Beach,2704,CLOSED,STANDBY,0,,,queue-times.com
2026-08-02T23:31:04Z,2026-08-03,1,31,Disneyland Park,"Autopia, presented by Avis",4,CLOSED,STANDBY,0,,,queue-times.com
2026-08-02T23:31:04Z,2026-08-03,1,31,Disneyland Park,Buzz Lightyear Laser Blast,5,CLOSED,STANDBY,0,,,queue-times.com
2026-08-02T23:31:04Z,2026-08-03,1,31,Disneyland Park,Disneyland Railroad Discoveryland Station,2706,CLOSED,STANDBY,0,,,queue-times.com
2026-08-02T23:31:04Z,2026-08-03,1,31,Disneyland Park,Les Mystères du Nautilus,6,CLOSED,STANDBY,0,,,queue-times.com
2026-08-02T23:31:04Z,2026-08-03,1,31,Disneyland Park,Mickey’s PhilharMagic,2707,CLOSED,STANDBY,0,,,queue-times.com
2026-08-02T23:31:04Z,2026-08-03,1,31,Disneyland Park,Orbitron®,7,CLOSED,STANDBY,0,,,queue-times.com
2026-08-02T23:31:04Z,2026-08-03,1,31,Disneyland Park,Star Tours: The Adventures Continue*,9,CLOSED,STANDBY,0,,,queue-times.com
2026-08-02T23:31:04Z,2026-08-03,1,31,Disneyland Park,Star Wars Hyperspace Mountain,8,CLOSED,STANDBY,0,,,queue-times.com
2026-08-02T23:31:04Z,2026-08-03,1,31,Disneyland Park,Star Wars Hyperspace Mountain Single Rider,7278,CLOSED,STANDBY,0,,,queue-times.com
2026-08-02T23:31:04Z,2026-08-03,1,31,Disneyland Park,Welcome to Starport: A Star Wars Encounter,4573,CLOSED,STANDBY,0,,,queue-times.com
2026-08-02T23:31:04Z,2026-08-03,1,31,Disneyland Park,"""it's a small world""",19,CLOSED,STANDBY,0,,,queue-times.com
2026-08-02T23:31:04Z,2026-08-03,1,31,Disneyland Park,Alice's Curious Labyrinth,14,CLOSED,STANDBY,0,,,queue-times.com
2026-08-02T23:31:04Z,2026-08-03,1,31,Disneyland Park,Blanche-Neige et les Sept Nains®,15,CLOSED,STANDBY,0,,,queue-times.com
2026-08-02T23:31:04Z,2026-08-03,1,31,Disneyland Park,Casey Jr. – le Petit Train du Cirque,17,CLOSED,STANDBY,0,,,queue-times.com
2026-08-02T23:31:04Z,2026-08-03,1,31,Disneyland Park,Disneyland Railroad Fantasyland Station,2711,CLOSED,STANDBY,0,,,queue-times.com
2026-08-02T23:31:04Z,2026-08-03,1,31,Disneyland Park,Disneyland Railroad Main Street Station,11,CLOSED,STANDBY,0,,,queue-times.com
2026-08-02T23:31:04Z,2026-08-03,1,31,Disneyland Park,Dumbo the Flying Elephant,18,CLOSED,STANDBY,0,,,queue-times.com
2026-08-02T23:31:04Z,2026-08-03,1,31,Disneyland Park,La Tanière du Dragon,2710,CLOSED,STANDBY,0,,,queue-times.com
2026-08-02T23:31:04Z,2026-08-03,1,31,Disneyland Park,Le Carrousel de Lancelot,16,CLOSED,STANDBY,0,,,queue-times.com
2026-08-02T23:31:04Z,2026-08-03,1,31,Disneyland Park,"Le Pays des Contes de Fées, presented by Vittel",21,CLOSED,STANDBY,0,,,queue-times.com
2026-08-02T23:31:04Z,2026-08-03,1,31,Disneyland Park,Les Voyages de Pinocchio,23,CLOSED,STANDBY,0,,,queue-times.com
2026-08-02T23:31:04Z,2026-08-03,1,31,Disneyland Park,Mad Hatter's Tea Cups,20,CLOSED,STANDBY,0,,,queue-times.com
2026-08-02T23:31:04Z,2026-08-03,1,31,Disneyland Park,Meet Mickey Mouse,13,CLOSED,STANDBY,0,,,queue-times.com
2026-08-02T23:31:04Z,2026-08-03,1,31,Disneyland Park,Peter Pan's Flight,22,CLOSED,STANDBY,0,,,queue-times.com
2026-08-02T23:31:04Z,2026-08-03,1,31,Disneyland Park,Princess Pavilion,24,CLOSED,STANDBY,0,,,queue-times.com
2026-08-02T23:31:04Z,2026-08-03,1,31,Disneyland Park,Big Thunder Mountain,25,CLOSED,STANDBY,0,,,queue-times.com
2026-08-02T23:31:04Z,2026-08-03,1,31,Disneyland Park,Disneyland Railroad Frontierland Depot,2714,CLOSED,STANDBY,0,,,queue-times.com
2026-08-02T23:31:04Z,2026-08-03,1,31,Disneyland Park,Frontierland Playground,2713,CLOSED,STANDBY,0,,,queue-times.com
2026-08-02T23:31:04Z,2026-08-03,1,31,Disneyland Park,Phantom Manor,26,CLOSED,STANDBY,0,,,queue-times.com
2026-08-02T23:31:04Z,2026-08-03,1,31,Disneyland Park,River Rogue Keelboats,27,CLOSED,STANDBY,0,,,queue-times.com
2026-08-02T23:31:04Z,2026-08-03,1,31,Disneyland Park,Rustler Roundup Shootin' Gallery,2712,CLOSED,STANDBY,0,,,queue-times.com
2026-08-02T23:31:04Z,2026-08-03,1,31,Disneyland Park,Thunder Mesa Riverboat Landing,28,CLOSED,STANDBY,0,,,queue-times.com
2026-08-02T23:31:04Z,2026-08-03,1,31,Disneyland Park,Disneyland Railroad Main Street Station,2708,CLOSED,STANDBY,0,,,queue-times.com
2026-08-02T23:31:04Z,2026-08-03,1,31,Disneyland Park,Main Street Vehicles,12,CLOSED,STANDBY,0,,,queue-times.com
2026-08-02T23:31:04Z,2026-08-03,1,31,Disney Adventure World,Avengers Assemble: Flight Force,10848,CLOSED,STANDBY,0,,,queue-times.com
2026-08-02T23:31:04Z,2026-08-03,1,31,Disney Adventure World,Avengers Assemble: Flight Force Single Rider,10849,CLOSED,STANDBY,0,,,queue-times.com
2026-08-02T23:31:04Z,2026-08-03,1,31,Disney Adventure World,Spider-Man W.E.B. Adventure,10845,CLOSED,STANDBY,0,,,queue-times.com
2026-08-02T23:31:04Z,2026-08-03,1,31,Disney Adventure World,Spider-Man W.E.B. Adventure Single Rider,10846,CLOSED,STANDBY,0,,,queue-times.com
2026-08-02T23:31:04Z,2026-08-03,1,31,Disney Adventure World,The Twilight Zone Tower of Terror,40,CLOSED,STANDBY,0,,,queue-times.com
2026-08-02T23:31:04Z,2026-08-03,1,31,Disney Adventure World,Cars Quatre Roues Rallye,31,CLOSED,STANDBY,0,,,queue-times.com
2026-08-02T23:31:04Z,2026-08-03,1,31,Disney Adventure World,Cars ROAD TRIP,29,CLOSED,STANDBY,0,,,queue-times.com
2026-08-02T23:31:04Z,2026-08-03,1,31,Disney Adventure World,Crush's Coaster,32,CLOSED,STANDBY,0,,,queue-times.com
2026-08-02T23:31:04Z,2026-08-03,1,31,Disney Adventure World,Crush's Coaster Single Rider,7277,CLOSED,STANDBY,0,,,queue-times.com
2026-08-02T23:31:04Z,2026-08-03,1,31,Disney Adventure World,Les Tapis Volants - Flying Carpets Over Agrabah®,33,CLOSED,STANDBY,0,,,queue-times.com
2026-08-02T23:31:04Z,2026-08-03,1,31,Disney Adventure World,Ratatouille : L’Aventure Totalement Toquée de Rémy​,37,CLOSED,STANDBY,0,,,queue-times.com
2026-08-02T23:31:04Z,2026-08-03,1,31,Disney Adventure World,Ratatouille: The Adventure Single Rider,7279,CLOSED,STANDBY,0,,,queue-times.com
2026-08-02T23:31:04Z,2026-08-03,1,31,Disney Adventure World,RC Racer,34,CLOSED,STANDBY,0,,,queue-times.com
2026-08-02T23:31:04Z,2026-08-03,1,31,Disney Adventure World,RC Racer Single Rider,7280,CLOSED,STANDBY,0,,,queue-times.com
2026-08-02T23:31:04Z,2026-08-03,1,31,Disney Adventure World,Slinky® Dog Zigzag Spin,36,CLOSED,STANDBY,0,,,queue-times.com
2026-08-02T23:31:04Z,2026-08-03,1,31,Disney Adventure World,Toy Soldiers Parachute Drop,35,CLOSED,STANDBY,0,,,queue-times.com
2026-08-02T23:31:04Z,2026-08-03,1,31,Disney Adventure World,Toy Soldiers Parachute Drop Single Rider,7281,CLOSED,STANDBY,0,,,queue-times.com
2026-08-02T23:31:04Z,2026-08-03,1,31,Disney Adventure World,Entry to World of Frozen,16247,CLOSED,STANDBY,0,,,queue-times.com
2026-08-02T23:31:04Z,2026-08-03,1,31,Disney Adventure World,Frozen Ever After,15413,CLOSED,STANDBY,0,,,queue-times.com
2026-08-02T23:31:04Z,2026-08-03,1,31,Disney Adventure World,Raiponce Tangled Spin,15415,CLOSED,STANDBY,0,,,queue-times.com
2026-08-02T23:45:49Z,2026-08-03,1,45,Disneyland Park,Adventure Isle,2702,CLOSED,STANDBY,0,,,queue-times.com
2026-08-02T23:45:49Z,2026-08-03,1,45,Disneyland Park,Indiana Jones and the Temple of Peril Single Rider,7306,CLOSED,STANDBY,0,,,queue-times.com
2026-08-02T23:45:49Z,2026-08-03,1,45,Disneyland Park,Indiana Jones™ and the Temple of Peril,2,CLOSED,STANDBY,0,,,queue-times.com
2026-08-02T23:45:49Z,2026-08-03,1,45,Disneyland Park,La Cabane des Robinson,1,CLOSED,STANDBY,0,,,queue-times.com
2026-08-02T23:45:49Z,2026-08-03,1,45,Disneyland Park,Le Passage Enchanté d'Aladdin,2703,CLOSED,STANDBY,0,,,queue-times.com
2026-08-02T23:45:49Z,2026-08-03,1,45,Disneyland Park,Pirate Galleon,2705,CLOSED,STANDBY,0,,,queue-times.com
2026-08-02T23:45:49Z,2026-08-03,1,45,Disneyland Park,Pirates of the Caribbean,3,CLOSED,STANDBY,0,,,queue-times.com
2026-08-02T23:45:49Z,2026-08-03,1,45,Disneyland Park,Pirates' Beach,2704,CLOSED,STANDBY,0,,,queue-times.com
2026-08-02T23:45:49Z,2026-08-03,1,45,Disneyland Park,"Autopia, presented by Avis",4,CLOSED,STANDBY,0,,,queue-times.com
2026-08-02T23:45:49Z,2026-08-03,1,45,Disneyland Park,Buzz Lightyear Laser Blast,5,CLOSED,STANDBY,0,,,queue-times.com
2026-08-02T23:45:49Z,2026-08-03,1,45,Disneyland Park,Disneyland Railroad Discoveryland Station,2706,CLOSED,STANDBY,0,,,queue-times.com
2026-08-02T23:45:49Z,2026-08-03,1,45,Disneyland Park,Les Mystères du Nautilus,6,CLOSED,STANDBY,0,,,queue-times.com
2026-08-02T23:45:49Z,2026-08-03,1,45,Disneyland Park,Mickey’s PhilharMagic,2707,CLOSED,STANDBY,0,,,queue-times.com
2026-08-02T23:45:49Z,2026-08-03,1,45,Disneyland Park,Orbitron®,7,CLOSED,STANDBY,0,,,queue-times.com
2026-08-02T23:45:49Z,2026-08-03,1,45,Disneyland Park,Star Tours: The Adventures Continue*,9,CLOSED,STANDBY,0,,,queue-times.com
2026-08-02T23:45:49Z,2026-08-03,1,45,Disneyland Park,Star Wars Hyperspace Mountain,8,CLOSED,STANDBY,0,,,queue-times.com
2026-08-02T23:45:49Z,2026-08-03,1,45,Disneyland Park,Star Wars Hyperspace Mountain Single Rider,7278,CLOSED,STANDBY,0,,,queue-times.com
2026-08-02T23:45:49Z,2026-08-03,1,45,Disneyland Park,Welcome to Starport: A Star Wars Encounter,4573,CLOSED,STANDBY,0,,,queue-times.com
2026-08-02T23:45:49Z,2026-08-03,1,45,Disneyland Park,"""it's a small world""",19,CLOSED,STANDBY,0,,,queue-times.com
2026-08-02T23:45:49Z,2026-08-03,1,45,Disneyland Park,Alice's Curious Labyrinth,14,CLOSED,STANDBY,0,,,queue-times.com
2026-08-02T23:45:49Z,2026-08-03,1,45,Disneyland Park,Blanche-Neige et les Sept Nains®,15,CLOSED,STANDBY,0,,,queue-times.com
2026-08-02T23:45:49Z,2026-08-03,1,45,Disneyland Park,Casey Jr. – le Petit Train du Cirque,17,CLOSED,STANDBY,0,,,queue-times.com
2026-08-02T23:45:49Z,2026-08-03,1,45,Disneyland Park,Disneyland Railroad Fantasyland Station,2711,CLOSED,STANDBY,0,,,queue-times.com
2026-08-02T23:45:49Z,2026-08-03,1,45,Disneyland Park,Disneyland Railroad Main Street Station,11,CLOSED,STANDBY,0,,,queue-times.com
2026-08-02T23:45:49Z,2026-08-03,1,45,Disneyland Park,Dumbo the Flying Elephant,18,CLOSED,STANDBY,0,,,queue-times.com
2026-08-02T23:45:49Z,2026-08-03,1,45,Disneyland Park,La Tanière du Dragon,2710,CLOSED,STANDBY,0,,,queue-times.com
2026-08-02T23:45:49Z,2026-08-03,1,45,Disneyland Park,Le Carrousel de Lancelot,16,CLOSED,STANDBY,0,,,queue-times.com
2026-08-02T23:45:49Z,2026-08-03,1,45,Disneyland Park,"Le Pays des Contes de Fées, presented by Vittel",21,CLOSED,STANDBY,0,,,queue-times.com
2026-08-02T23:45:49Z,2026-08-03,1,45,Disneyland Park,Les Voyages de Pinocchio,23,CLOSED,STANDBY,0,,,queue-times.com
2026-08-02T23:45:49Z,2026-08-03,1,45,Disneyland Park,Mad Hatter's Tea Cups,20,CLOSED,STANDBY,0,,,queue-times.com
2026-08-02T23:45:49Z,2026-08-03,1,45,Disneyland Park,Meet Mickey Mouse,13,CLOSED,STANDBY,0,,,queue-times.com
2026-08-02T23:45:49Z,2026-08-03,1,45,Disneyland Park,Peter Pan's Flight,22,CLOSED,STANDBY,0,,,queue-times.com
2026-08-02T23:45:49Z,2026-08-03,1,45,Disneyland Park,Princess Pavilion,24,CLOSED,STANDBY,0,,,queue-times.com
2026-08-02T23:45:49Z,2026-08-03,1,45,Disneyland Park,Big Thunder Mountain,25,CLOSED,STANDBY,0,,,queue-times.com
2026-08-02T23:45:49Z,2026-08-03,1,45,Disneyland Park,Disneyland Railroad Frontierland Depot,2714,CLOSED,STANDBY,0,,,queue-times.com
2026-08-02T23:45:49Z,2026-08-03,1,45,Disneyland Park,Frontierland Playground,2713,CLOSED,STANDBY,0,,,queue-times.com
2026-08-02T23:45:49Z,2026-08-03,1,45,Disneyland Park,Phantom Manor,26,CLOSED,STANDBY,0,,,queue-times.com
2026-08-02T23:45:49Z,2026-08-03,1,45,Disneyland Park,River Rogue Keelboats,27,CLOSED,STANDBY,0,,,queue-times.com
2026-08-02T23:45:49Z,2026-08-03,1,45,Disneyland Park,Rustler Roundup Shootin' Gallery,2712,CLOSED,STANDBY,0,,,queue-times.com
2026-08-02T23:45:49Z,2026-08-03,1,45,Disneyland Park,Thunder Mesa Riverboat Landing,28,CLOSED,STANDBY,0,,,queue-times.com
2026-08-02T23:45:49Z,2026-08-03,1,45,Disneyland Park,Disneyland Railroad Main Street Station,2708,CLOSED,STANDBY,0,,,queue-times.com
2026-08-02T23:45:49Z,2026-08-03,1,45,Disneyland Park,Main Street Vehicles,12,CLOSED,STANDBY,0,,,queue-times.com
2026-08-02T23:45:49Z,2026-08-03,1,45,Disney Adventure World,Avengers Assemble: Flight Force,10848,CLOSED,STANDBY,0,,,queue-times.com
2026-08-02T23:45:49Z,2026-08-03,1,45,Disney Adventure World,Avengers Assemble: Flight Force Single Rider,10849,CLOSED,STANDBY,0,,,queue-times.com
2026-08-02T23:45:49Z,2026-08-03,1,45,Disney Adventure World,Spider-Man W.E.B. Adventure,10845,CLOSED,STANDBY,0,,,queue-times.com
2026-08-02T23:45:49Z,2026-08-03,1,45,Disney Adventure World,Spider-Man W.E.B. Adventure Single Rider,10846,CLOSED,STANDBY,0,,,queue-times.com
2026-08-02T23:45:49Z,2026-08-03,1,45,Disney Adventure World,The Twilight Zone Tower of Terror,40,CLOSED,STANDBY,0,,,queue-times.com
2026-08-02T23:45:49Z,2026-08-03,1,45,Disney Adventure World,Cars Quatre Roues Rallye,31,CLOSED,STANDBY,0,,,queue-times.com
2026-08-02T23:45:49Z,2026-08-03,1,45,Disney Adventure World,Cars ROAD TRIP,29,CLOSED,STANDBY,0,,,queue-times.com
2026-08-02T23:45:49Z,2026-08-03,1,45,Disney Adventure World,Crush's Coaster,32,CLOSED,STANDBY,0,,,queue-times.com
2026-08-02T23:45:49Z,2026-08-03,1,45,Disney Adventure World,Crush's Coaster Single Rider,7277,CLOSED,STANDBY,0,,,queue-times.com
2026-08-02T23:45:49Z,2026-08-03,1,45,Disney Adventure World,Les Tapis Volants - Flying Carpets Over Agrabah®,33,CLOSED,STANDBY,0,,,queue-times.com
2026-08-02T23:45:49Z,2026-08-03,1,45,Disney Adventure World,Ratatouille : L’Aventure Totalement Toquée de Rémy​,37,CLOSED,STANDBY,0,,,queue-times.com
2026-08-02T23:45:49Z,2026-08-03,1,45,Disney Adventure World,Ratatouille: The Adventure Single Rider,7279,CLOSED,STANDBY,0,,,queue-times.com
2026-08-02T23:45:49Z,2026-08-03,1,45,Disney Adventure World,RC Racer,34,CLOSED,STANDBY,0,,,queue-times.com
2026-08-02T23:45:49Z,2026-08-03,1,45,Disney Adventure World,RC Racer Single Rider,7280,CLOSED,STANDBY,0,,,queue-times.com
2026-08-02T23:45:49Z,2026-08-03,1,45,Disney Adventure World,Slinky® Dog Zigzag Spin,36,CLOSED,STANDBY,0,,,queue-times.com
2026-08-02T23:45:49Z,2026-08-03,1,45,Disney Adventure World,Toy Soldiers Parachute Drop,35,CLOSED,STANDBY,0,,,queue-times.com
2026-08-02T23:45:49Z,2026-08-03,1,45,Disney Adventure World,Toy Soldiers Parachute Drop Single Rider,7281,CLOSED,STANDBY,0,,,queue-times.com
2026-08-02T23:45:49Z,2026-08-03,1,45,Disney Adventure World,Entry to World of Frozen,16247,CLOSED,STANDBY,0,,,queue-times.com
2026-08-02T23:45:49Z,2026-08-03,1,45,Disney Adventure World,Frozen Ever After,15413,CLOSED,STANDBY,0,,,queue-times.com
2026-08-02T23:45:49Z,2026-08-03,1,45,Disney Adventure World,Raiponce Tangled Spin,15415,CLOSED,STANDBY,0,,,queue-times.com
2026-08-03T06:01:14Z,2026-08-03,8,1,Disneyland Park,Adventure Isle,2702,CLOSED,STANDBY,0,,,queue-times.com
2026-08-03T06:01:14Z,2026-08-03,8,1,Disneyland Park,Indiana Jones and the Temple of Peril Single Rider,7306,CLOSED,STANDBY,0,,,queue-times.com
2026-08-03T06:01:14Z,2026-08-03,8,1,Disneyland Park,Indiana Jones™ and the Temple of Peril,2,CLOSED,STANDBY,0,,,queue-times.com
2026-08-03T06:01:14Z,2026-08-03,8,1,Disneyland Park,La Cabane des Robinson,1,CLOSED,STANDBY,0,,,queue-times.com
2026-08-03T06:01:14Z,2026-08-03,8,1,Disneyland Park,Le Passage Enchanté d'Aladdin,2703,CLOSED,STANDBY,0,,,queue-times.com
2026-08-03T06:01:14Z,2026-08-03,8,1,Disneyland Park,Pirate Galleon,2705,CLOSED,STANDBY,0,,,queue-times.com
2026-08-03T06:01:14Z,2026-08-03,8,1,Disneyland Park,Pirates of the Caribbean,3,CLOSED,STANDBY,0,,,queue-times.com
2026-08-03T06:01:14Z,2026-08-03,8,1,Disneyland Park,Pirates' Beach,2704,CLOSED,STANDBY,0,,,queue-times.com
2026-08-03T06:01:14Z,2026-08-03,8,1,Disneyland Park,"Autopia, presented by Avis",4,CLOSED,STANDBY,0,,,queue-times.com
2026-08-03T06:01:14Z,2026-08-03,8,1,Disneyland Park,Buzz Lightyear Laser Blast,5,CLOSED,STANDBY,0,,,queue-times.com
2026-08-03T06:01:14Z,2026-08-03,8,1,Disneyland Park,Disneyland Railroad Discoveryland Station,2706,CLOSED,STANDBY,0,,,queue-times.com
2026-08-03T06:01:14Z,2026-08-03,8,1,Disneyland Park,Les Mystères du Nautilus,6,CLOSED,STANDBY,0,,,queue-times.com
2026-08-03T06:01:14Z,2026-08-03,8,1,Disneyland Park,Mickey’s PhilharMagic,2707,CLOSED,STANDBY,0,,,queue-times.com
2026-08-03T06:01:14Z,2026-08-03,8,1,Disneyland Park,Orbitron®,7,CLOSED,STANDBY,0,,,queue-times.com
2026-08-03T06:01:14Z,2026-08-03,8,1,Disneyland Park,Star Tours: The Adventures Continue*,9,CLOSED,STANDBY,0,,,queue-times.com
2026-08-03T06:01:14Z,2026-08-03,8,1,Disneyland Park,Star Wars Hyperspace Mountain,8,CLOSED,STANDBY,0,,,queue-times.com
2026-08-03T06:01:14Z,2026-08-03,8,1,Disneyland Park,Star Wars Hyperspace Mountain Single Rider,7278,CLOSED,STANDBY,0,,,queue-times.com
2026-08-03T06:01:14Z,2026-08-03,8,1,Disneyland Park,Welcome to Starport: A Star Wars Encounter,4573,CLOSED,STANDBY,0,,,queue-times.com
2026-08-03T06:01:14Z,2026-08-03,8,1,Disneyland Park,"""it's a small world""",19,CLOSED,STANDBY,0,,,queue-times.com
2026-08-03T06:01:14Z,2026-08-03,8,1,Disneyland Park,Alice's Curious Labyrinth,14,CLOSED,STANDBY,0,,,queue-times.com
2026-08-03T06:01:14Z,2026-08-03,8,1,Disneyland Park,Blanche-Neige et les Sept Nains®,15,CLOSED,STANDBY,0,,,queue-times.com
2026-08-03T06:01:14Z,2026-08-03,8,1,Disneyland Park,Casey Jr. – le Petit Train du Cirque,17,CLOSED,STANDBY,0,,,queue-times.com
2026-08-03T06:01:14Z,2026-08-03,8,1,Disneyland Park,Disneyland Railroad Fantasyland Station,2711,CLOSED,STANDBY,0,,,queue-times.com
2026-08-03T06:01:14Z,2026-08-03,8,1,Disneyland Park,Disneyland Railroad Main Street Station,11,CLOSED,STANDBY,0,,,queue-times.com
2026-08-03T06:01:14Z,2026-08-03,8,1,Disneyland Park,Dumbo the Flying Elephant,18,CLOSED,STANDBY,0,,,queue-times.com
2026-08-03T06:01:14Z,2026-08-03,8,1,Disneyland Park,La Tanière du Dragon,2710,CLOSED,STANDBY,0,,,queue-times.com
2026-08-03T06:01:14Z,2026-08-03,8,1,Disneyland Park,Le Carrousel de Lancelot,16,CLOSED,STANDBY,0,,,queue-times.com
2026-08-03T06:01:14Z,2026-08-03,8,1,Disneyland Park,"Le Pays des Contes de Fées, presented by Vittel",21,CLOSED,STANDBY,0,,,queue-times.com
2026-08-03T06:01:14Z,2026-08-03,8,1,Disneyland Park,Les Voyages de Pinocchio,23,CLOSED,STANDBY,0,,,queue-times.com
2026-08-03T06:01:14Z,2026-08-03,8,1,Disneyland Park,Mad Hatter's Tea Cups,20,CLOSED,STANDBY,0,,,queue-times.com
2026-08-03T06:01:14Z,2026-08-03,8,1,Disneyland Park,Meet Mickey Mouse,13,CLOSED,STANDBY,0,,,queue-times.com
2026-08-03T06:01:14Z,2026-08-03,8,1,Disneyland Park,Peter Pan's Flight,22,CLOSED,STANDBY,0,,,queue-times.com
2026-08-03T06:01:14Z,2026-08-03,8,1,Disneyland Park,Princess Pavilion,24,CLOSED,STANDBY,0,,,queue-times.com
2026-08-03T06:01:14Z,2026-08-03,8,1,Disneyland Park,Big Thunder Mountain,25,CLOSED,STANDBY,0,,,queue-times.com
2026-08-03T06:01:14Z,2026-08-03,8,1,Disneyland Park,Disneyland Railroad Frontierland Depot,2714,CLOSED,STANDBY,0,,,queue-times.com
2026-08-03T06:01:14Z,2026-08-03,8,1,Disneyland Park,Frontierland Playground,2713,CLOSED,STANDBY,0,,,queue-times.com
2026-08-03T06:01:14Z,2026-08-03,8,1,Disneyland Park,Phantom Manor,26,CLOSED,STANDBY,0,,,queue-times.com
2026-08-03T06:01:14Z,2026-08-03,8,1,Disneyland Park,River Rogue Keelboats,27,CLOSED,STANDBY,0,,,queue-times.com
2026-08-03T06:01:14Z,2026-08-03,8,1,Disneyland Park,Rustler Roundup Shootin' Gallery,2712,CLOSED,STANDBY,0,,,queue-times.com
2026-08-03T06:01:14Z,2026-08-03,8,1,Disneyland Park,Thunder Mesa Riverboat Landing,28,CLOSED,STANDBY,0,,,queue-times.com
2026-08-03T06:01:14Z,2026-08-03,8,1,Disneyland Park,Disneyland Railroad Main Street Station,2708,CLOSED,STANDBY,0,,,queue-times.com
2026-08-03T06:01:14Z,2026-08-03,8,1,Disneyland Park,Main Street Vehicles,12,CLOSED,STANDBY,0,,,queue-times.com
2026-08-03T06:01:14Z,2026-08-03,8,1,Disney Adventure World,Avengers Assemble: Flight Force,10848,CLOSED,STANDBY,0,,,queue-times.com
2026-08-03T06:01:14Z,2026-08-03,8,1,Disney Adventure World,Avengers Assemble: Flight Force Single Rider,10849,CLOSED,STANDBY,0,,,queue-times.com
2026-08-03T06:01:14Z,2026-08-03,8,1,Disney Adventure World,Spider-Man W.E.B. Adventure,10845,CLOSED,STANDBY,0,,,queue-times.com
2026-08-03T06:01:14Z,2026-08-03,8,1,Disney Adventure World,Spider-Man W.E.B. Adventure Single Rider,10846,CLOSED,STANDBY,0,,,queue-times.com
2026-08-03T06:01:14Z,2026-08-03,8,1,Disney Adventure World,The Twilight Zone Tower of Terror,40,CLOSED,STANDBY,0,,,queue-times.com
2026-08-03T06:01:14Z,2026-08-03,8,1,Disney Adventure World,Cars Quatre Roues Rallye,31,CLOSED,STANDBY,0,,,queue-times.com
2026-08-03T06:01:14Z,2026-08-03,8,1,Disney Adventure World,Cars ROAD TRIP,29,CLOSED,STANDBY,0,,,queue-times.com
2026-08-03T06:01:14Z,2026-08-03,8,1,Disney Adventure World,Crush's Coaster,32,CLOSED,STANDBY,0,,,queue-times.com
2026-08-03T06:01:14Z,2026-08-03,8,1,Disney Adventure World,Crush's Coaster Single Rider,7277,CLOSED,STANDBY,0,,,queue-times.com
2026-08-03T06:01:14Z,2026-08-03,8,1,Disney Adventure World,Les Tapis Volants - Flying Carpets Over Agrabah®,33,CLOSED,STANDBY,0,,,queue-times.com
2026-08-03T06:01:14Z,2026-08-03,8,1,Disney Adventure World,Ratatouille : L’Aventure Totalement Toquée de Rémy​,37,CLOSED,STANDBY,0,,,queue-times.com
2026-08-03T06:01:14Z,2026-08-03,8,1,Disney Adventure World,Ratatouille: The Adventure Single Rider,7279,CLOSED,STANDBY,0,,,queue-times.com
2026-08-03T06:01:14Z,2026-08-03,8,1,Disney Adventure World,RC Racer,34,CLOSED,STANDBY,0,,,queue-times.com
2026-08-03T06:01:14Z,2026-08-03,8,1,Disney Adventure World,RC Racer Single Rider,7280,CLOSED,STANDBY,0,,,queue-times.com
2026-08-03T06:01:14Z,2026-08-03,8,1,Disney Adventure World,Slinky® Dog Zigzag Spin,36,CLOSED,STANDBY,0,,,queue-times.com
2026-08-03T06:01:14Z,2026-08-03,8,1,Disney Adventure World,Toy Soldiers Parachute Drop,35,CLOSED,STANDBY,0,,,queue-times.com
2026-08-03T06:01:14Z,2026-08-03,8,1,Disney Adventure World,Toy Soldiers Parachute Drop Single Rider,7281,CLOSED,STANDBY,0,,,queue-times.com
2026-08-03T06:01:14Z,2026-08-03,8,1,Disney Adventure World,Entry to World of Frozen,16247,CLOSED,STANDBY,0,,,queue-times.com
2026-08-03T06:01:14Z,2026-08-03,8,1,Disney Adventure World,Frozen Ever After,15413,CLOSED,STANDBY,0,,,queue-times.com
2026-08-03T06:01:14Z,2026-08-03,8,1,Disney Adventure World,Raiponce Tangled Spin,15415,CLOSED,STANDBY,0,,,queue-times.com
2026-08-03T06:15:47Z,2026-08-03,8,15,Disneyland Park,Adventure Isle,2702,CLOSED,STANDBY,0,,,queue-times.com
2026-08-03T06:15:47Z,2026-08-03,8,15,Disneyland Park,Indiana Jones and the Temple of Peril Single Rider,7306,CLOSED,STANDBY,0,,,queue-times.com
2026-08-03T06:15:47Z,2026-08-03,8,15,Disneyland Park,Indiana Jones™ and the Temple of Peril,2,CLOSED,STANDBY,0,,,queue-times.com
2026-08-03T06:15:47Z,2026-08-03,8,15,Disneyland Park,La Cabane des Robinson,1,CLOSED,STANDBY,0,,,queue-times.com
2026-08-03T06:15:47Z,2026-08-03,8,15,Disneyland Park,Le Passage Enchanté d'Aladdin,2703,CLOSED,STANDBY,0,,,queue-times.com
2026-08-03T06:15:47Z,2026-08-03,8,15,Disneyland Park,Pirate Galleon,2705,CLOSED,STANDBY,0,,,queue-times.com
2026-08-03T06:15:47Z,2026-08-03,8,15,Disneyland Park,Pirates of the Caribbean,3,CLOSED,STANDBY,0,,,queue-times.com
2026-08-03T06:15:47Z,2026-08-03,8,15,Disneyland Park,Pirates' Beach,2704,CLOSED,STANDBY,0,,,queue-times.com
2026-08-03T06:15:47Z,2026-08-03,8,15,Disneyland Park,"Autopia, presented by Avis",4,CLOSED,STANDBY,0,,,queue-times.com
2026-08-03T06:15:47Z,2026-08-03,8,15,Disneyland Park,Buzz Lightyear Laser Blast,5,CLOSED,STANDBY,0,,,queue-times.com
2026-08-03T06:15:47Z,2026-08-03,8,15,Disneyland Park,Disneyland Railroad Discoveryland Station,2706,CLOSED,STANDBY,0,,,queue-times.com
2026-08-03T06:15:47Z,2026-08-03,8,15,Disneyland Park,Les Mystères du Nautilus,6,CLOSED,STANDBY,0,,,queue-times.com
2026-08-03T06:15:47Z,2026-08-03,8,15,Disneyland Park,Mickey’s PhilharMagic,2707,CLOSED,STANDBY,0,,,queue-times.com
2026-08-03T06:15:47Z,2026-08-03,8,15,Disneyland Park,Orbitron®,7,CLOSED,STANDBY,0,,,queue-times.com
2026-08-03T06:15:47Z,2026-08-03,8,15,Disneyland Park,Star Tours: The Adventures Continue*,9,CLOSED,STANDBY,0,,,queue-times.com
2026-08-03T06:15:47Z,2026-08-03,8,15,Disneyland Park,Star Wars Hyperspace Mountain,8,CLOSED,STANDBY,0,,,queue-times.com
2026-08-03T06:15:47Z,2026-08-03,8,15,Disneyland Park,Star Wars Hyperspace Mountain Single Rider,7278,CLOSED,STANDBY,0,,,queue-times.com
2026-08-03T06:15:47Z,2026-08-03,8,15,Disneyland Park,Welcome to Starport: A Star Wars Encounter,4573,CLOSED,STANDBY,0,,,queue-times.com
2026-08-03T06:15:47Z,2026-08-03,8,15,Disneyland Park,"""it's a small world""",19,CLOSED,STANDBY,0,,,queue-times.com
2026-08-03T06:15:47Z,2026-08-03,8,15,Disneyland Park,Alice's Curious Labyrinth,14,CLOSED,STANDBY,0,,,queue-times.com
2026-08-03T06:15:47Z,2026-08-03,8,15,Disneyland Park,Blanche-Neige et les Sept Nains®,15,CLOSED,STANDBY,0,,,queue-times.com
2026-08-03T06:15:47Z,2026-08-03,8,15,Disneyland Park,Casey Jr. – le Petit Train du Cirque,17,CLOSED,STANDBY,0,,,queue-times.com
2026-08-03T06:15:47Z,2026-08-03,8,15,Disneyland Park,Disneyland Railroad Fantasyland Station,2711,CLOSED,STANDBY,0,,,queue-times.com
2026-08-03T06:15:47Z,2026-08-03,8,15,Disneyland Park,Disneyland Railroad Main Street Station,11,CLOSED,STANDBY,0,,,queue-times.com
2026-08-03T06:15:47Z,2026-08-03,8,15,Disneyland Park,Dumbo the Flying Elephant,18,CLOSED,STANDBY,0,,,queue-times.com
2026-08-03T06:15:47Z,2026-08-03,8,15,Disneyland Park,La Tanière du Dragon,2710,CLOSED,STANDBY,0,,,queue-times.com
2026-08-03T06:15:47Z,2026-08-03,8,15,Disneyland Park,Le Carrousel de Lancelot,16,CLOSED,STANDBY,0,,,queue-times.com
2026-08-03T06:15:47Z,2026-08-03,8,15,Disneyland Park,"Le Pays des Contes de Fées, presented by Vittel",21,CLOSED,STANDBY,0,,,queue-times.com
2026-08-03T06:15:47Z,2026-08-03,8,15,Disneyland Park,Les Voyages de Pinocchio,23,CLOSED,STANDBY,0,,,queue-times.com
2026-08-03T06:15:47Z,2026-08-03,8,15,Disneyland Park,Mad Hatter's Tea Cups,20,CLOSED,STANDBY,0,,,queue-times.com
2026-08-03T06:15:47Z,2026-08-03,8,15,Disneyland Park,Meet Mickey Mouse,13,CLOSED,STANDBY,0,,,queue-times.com
2026-08-03T06:15:47Z,2026-08-03,8,15,Disneyland Park,Peter Pan's Flight,22,CLOSED,STANDBY,0,,,queue-times.com
2026-08-03T06:15:47Z,2026-08-03,8,15,Disneyland Park,Princess Pavilion,24,CLOSED,STANDBY,0,,,queue-times.com
2026-08-03T06:15:47Z,2026-08-03,8,15,Disneyland Park,Big Thunder Mountain,25,CLOSED,STANDBY,0,,,queue-times.com
2026-08-03T06:15:47Z,2026-08-03,8,15,Disneyland Park,Disneyland Railroad Frontierland Depot,2714,CLOSED,STANDBY,0,,,queue-times.com
2026-08-03T06:15:47Z,2026-08-03,8,15,Disneyland Park,Frontierland Playground,2713,CLOSED,STANDBY,0,,,queue-times.com
2026-08-03T06:15:47Z,2026-08-03,8,15,Disneyland Park,Phantom Manor,26,CLOSED,STANDBY,0,,,queue-times.com
2026-08-03T06:15:47Z,2026-08-03,8,15,Disneyland Park,River Rogue Keelboats,27,CLOSED,STANDBY,0,,,queue-times.com
2026-08-03T06:15:47Z,2026-08-03,8,15,Disneyland Park,Rustler Roundup Shootin' Gallery,2712,CLOSED,STANDBY,0,,,queue-times.com
2026-08-03T06:15:47Z,2026-08-03,8,15,Disneyland Park,Thunder Mesa Riverboat Landing,28,CLOSED,STANDBY,0,,,queue-times.com
2026-08-03T06:15:47Z,2026-08-03,8,15,Disneyland Park,Disneyland Railroad Main Street Station,2708,CLOSED,STANDBY,0,,,queue-times.com
2026-08-03T06:15:47Z,2026-08-03,8,15,Disneyland Park,Main Street Vehicles,12,CLOSED,STANDBY,0,,,queue-times.com
2026-08-03T06:15:47Z,2026-08-03,8,15,Disney Adventure World,Avengers Assemble: Flight Force,10848,CLOSED,STANDBY,0,,,queue-times.com
2026-08-03T06:15:47Z,2026-08-03,8,15,Disney Adventure World,Avengers Assemble: Flight Force Single Rider,10849,CLOSED,STANDBY,0,,,queue-times.com
2026-08-03T06:15:47Z,2026-08-03,8,15,Disney Adventure World,Spider-Man W.E.B. Adventure,10845,CLOSED,STANDBY,0,,,queue-times.com
2026-08-03T06:15:47Z,2026-08-03,8,15,Disney Adventure World,Spider-Man W.E.B. Adventure Single Rider,10846,CLOSED,STANDBY,0,,,queue-times.com
2026-08-03T06:15:47Z,2026-08-03,8,15,Disney Adventure World,The Twilight Zone Tower of Terror,40,CLOSED,STANDBY,0,,,queue-times.com
2026-08-03T06:15:47Z,2026-08-03,8,15,Disney Adventure World,Cars Quatre Roues Rallye,31,CLOSED,STANDBY,0,,,queue-times.com
2026-08-03T06:15:47Z,2026-08-03,8,15,Disney Adventure World,Cars ROAD TRIP,29,CLOSED,STANDBY,0,,,queue-times.com
2026-08-03T06:15:47Z,2026-08-03,8,15,Disney Adventure World,Crush's Coaster,32,CLOSED,STANDBY,0,,,queue-times.com
2026-08-03T06:15:47Z,2026-08-03,8,15,Disney Adventure World,Crush's Coaster Single Rider,7277,CLOSED,STANDBY,0,,,queue-times.com
2026-08-03T06:15:47Z,2026-08-03,8,15,Disney Adventure World,Les Tapis Volants - Flying Carpets Over Agrabah®,33,CLOSED,STANDBY,0,,,queue-times.com
2026-08-03T06:15:47Z,2026-08-03,8,15,Disney Adventure World,Ratatouille : L’Aventure Totalement Toquée de Rémy​,37,CLOSED,STANDBY,0,,,queue-times.com
2026-08-03T06:15:47Z,2026-08-03,8,15,Disney Adventure World,Ratatouille: The Adventure Single Rider,7279,CLOSED,STANDBY,0,,,queue-times.com
2026-08-03T06:15:47Z,2026-08-03,8,15,Disney Adventure World,RC Racer,34,CLOSED,STANDBY,0,,,queue-times.com
2026-08-03T06:15:47Z,2026-08-03,8,15,Disney Adventure World,RC Racer Single Rider,7280,CLOSED,STANDBY,0,,,queue-times.com
2026-08-03T06:15:47Z,2026-08-03,8,15,Disney Adventure World,Slinky® Dog Zigzag Spin,36,CLOSED,STANDBY,0,,,queue-times.com
2026-08-03T06:15:47Z,2026-08-03,8,15,Disney Adventure World,Toy Soldiers Parachute Drop,35,CLOSED,STANDBY,0,,,queue-times.com
2026-08-03T06:15:47Z,2026-08-03,8,15,Disney Adventure World,Toy Soldiers Parachute Drop Single Rider,7281,CLOSED,STANDBY,0,,,queue-times.com
2026-08-03T06:15:47Z,2026-08-03,8,15,Disney Adventure World,Entry to World of Frozen,16247,CLOSED,STANDBY,0,,,queue-times.com
2026-08-03T06:15:47Z,2026-08-03,8,15,Disney Adventure World,Frozen Ever After,15413,CLOSED,STANDBY,0,,,queue-times.com
2026-08-03T06:15:47Z,2026-08-03,8,15,Disney Adventure World,Raiponce Tangled Spin,15415,CLOSED,STANDBY,0,,,queue-times.com
2026-08-03T06:31:11Z,2026-08-03,8,31,Disneyland Park,Adventure Isle,2702,CLOSED,STANDBY,0,,,queue-times.com
2026-08-03T06:31:11Z,2026-08-03,8,31,Disneyland Park,Indiana Jones and the Temple of Peril Single Rider,7306,CLOSED,STANDBY,0,,,queue-times.com
2026-08-03T06:31:11Z,2026-08-03,8,31,Disneyland Park,Indiana Jones™ and the Temple of Peril,2,CLOSED,STANDBY,0,,,queue-times.com
2026-08-03T06:31:11Z,2026-08-03,8,31,Disneyland Park,La Cabane des Robinson,1,CLOSED,STANDBY,0,,,queue-times.com
2026-08-03T06:31:11Z,2026-08-03,8,31,Disneyland Park,Le Passage Enchanté d'Aladdin,2703,CLOSED,STANDBY,0,,,queue-times.com
2026-08-03T06:31:11Z,2026-08-03,8,31,Disneyland Park,Pirate Galleon,2705,CLOSED,STANDBY,0,,,queue-times.com
2026-08-03T06:31:11Z,2026-08-03,8,31,Disneyland Park,Pirates of the Caribbean,3,CLOSED,STANDBY,0,,,queue-times.com
2026-08-03T06:31:11Z,2026-08-03,8,31,Disneyland Park,Pirates' Beach,2704,CLOSED,STANDBY,0,,,queue-times.com
2026-08-03T06:31:11Z,2026-08-03,8,31,Disneyland Park,"Autopia, presented by Avis",4,CLOSED,STANDBY,0,,,queue-times.com
2026-08-03T06:31:11Z,2026-08-03,8,31,Disneyland Park,Buzz Lightyear Laser Blast,5,CLOSED,STANDBY,0,,,queue-times.com
2026-08-03T06:31:11Z,2026-08-03,8,31,Disneyland Park,Disneyland Railroad Discoveryland Station,2706,CLOSED,STANDBY,0,,,queue-times.com
2026-08-03T06:31:11Z,2026-08-03,8,31,Disneyland Park,Les Mystères du Nautilus,6,CLOSED,STANDBY,0,,,queue-times.com
2026-08-03T06:31:11Z,2026-08-03,8,31,Disneyland Park,Mickey’s PhilharMagic,2707,CLOSED,STANDBY,0,,,queue-times.com
2026-08-03T06:31:11Z,2026-08-03,8,31,Disneyland Park,Orbitron®,7,CLOSED,STANDBY,0,,,queue-times.com
2026-08-03T06:31:11Z,2026-08-03,8,31,Disneyland Park,Star Tours: The Adventures Continue*,9,CLOSED,STANDBY,0,,,queue-times.com
2026-08-03T06:31:11Z,2026-08-03,8,31,Disneyland Park,Star Wars Hyperspace Mountain,8,OPERATING,STANDBY,5,,,queue-times.com
2026-08-03T06:31:11Z,2026-08-03,8,31,Disneyland Park,Star Wars Hyperspace Mountain Single Rider,7278,OPERATING,STANDBY,0,,,queue-times.com
2026-08-03T06:31:11Z,2026-08-03,8,31,Disneyland Park,Welcome to Starport: A Star Wars Encounter,4573,CLOSED,STANDBY,0,,,queue-times.com
2026-08-03T06:31:11Z,2026-08-03,8,31,Disneyland Park,"""it's a small world""",19,CLOSED,STANDBY,0,,,queue-times.com
2026-08-03T06:31:11Z,2026-08-03,8,31,Disneyland Park,Alice's Curious Labyrinth,14,CLOSED,STANDBY,0,,,queue-times.com
2026-08-03T06:31:11Z,2026-08-03,8,31,Disneyland Park,Blanche-Neige et les Sept Nains®,15,CLOSED,STANDBY,0,,,queue-times.com
2026-08-03T06:31:11Z,2026-08-03,8,31,Disneyland Park,Casey Jr. – le Petit Train du Cirque,17,CLOSED,STANDBY,0,,,queue-times.com
2026-08-03T06:31:11Z,2026-08-03,8,31,Disneyland Park,Disneyland Railroad Fantasyland Station,2711,CLOSED,STANDBY,0,,,queue-times.com
2026-08-03T06:31:11Z,2026-08-03,8,31,Disneyland Park,Disneyland Railroad Main Street Station,11,CLOSED,STANDBY,0,,,queue-times.com
2026-08-03T06:31:11Z,2026-08-03,8,31,Disneyland Park,Dumbo the Flying Elephant,18,OPERATING,STANDBY,5,,,queue-times.com
2026-08-03T06:31:11Z,2026-08-03,8,31,Disneyland Park,La Tanière du Dragon,2710,CLOSED,STANDBY,0,,,queue-times.com
2026-08-03T06:31:11Z,2026-08-03,8,31,Disneyland Park,Le Carrousel de Lancelot,16,CLOSED,STANDBY,0,,,queue-times.com
2026-08-03T06:31:11Z,2026-08-03,8,31,Disneyland Park,"Le Pays des Contes de Fées, presented by Vittel",21,CLOSED,STANDBY,0,,,queue-times.com
2026-08-03T06:31:11Z,2026-08-03,8,31,Disneyland Park,Les Voyages de Pinocchio,23,CLOSED,STANDBY,0,,,queue-times.com
2026-08-03T06:31:11Z,2026-08-03,8,31,Disneyland Park,Mad Hatter's Tea Cups,20,CLOSED,STANDBY,0,,,queue-times.com
2026-08-03T06:31:11Z,2026-08-03,8,31,Disneyland Park,Meet Mickey Mouse,13,CLOSED,STANDBY,0,,,queue-times.com
2026-08-03T06:31:11Z,2026-08-03,8,31,Disneyland Park,Peter Pan's Flight,22,OPERATING,STANDBY,5,,,queue-times.com
2026-08-03T06:31:11Z,2026-08-03,8,31,Disneyland Park,Princess Pavilion,24,CLOSED,STANDBY,0,,,queue-times.com
2026-08-03T06:31:11Z,2026-08-03,8,31,Disneyland Park,Big Thunder Mountain,25,CLOSED,STANDBY,0,,,queue-times.com
2026-08-03T06:31:11Z,2026-08-03,8,31,Disneyland Park,Disneyland Railroad Frontierland Depot,2714,CLOSED,STANDBY,0,,,queue-times.com
2026-08-03T06:31:11Z,2026-08-03,8,31,Disneyland Park,Frontierland Playground,2713,CLOSED,STANDBY,0,,,queue-times.com
2026-08-03T06:31:11Z,2026-08-03,8,31,Disneyland Park,Phantom Manor,26,CLOSED,STANDBY,0,,,queue-times.com
2026-08-03T06:31:11Z,2026-08-03,8,31,Disneyland Park,River Rogue Keelboats,27,CLOSED,STANDBY,0,,,queue-times.com
2026-08-03T06:31:11Z,2026-08-03,8,31,Disneyland Park,Rustler Roundup Shootin' Gallery,2712,CLOSED,STANDBY,0,,,queue-times.com
2026-08-03T06:31:11Z,2026-08-03,8,31,Disneyland Park,Thunder Mesa Riverboat Landing,28,CLOSED,STANDBY,0,,,queue-times.com
2026-08-03T06:31:11Z,2026-08-03,8,31,Disneyland Park,Disneyland Railroad Main Street Station,2708,CLOSED,STANDBY,0,,,queue-times.com
2026-08-03T06:31:11Z,2026-08-03,8,31,Disneyland Park,Main Street Vehicles,12,CLOSED,STANDBY,0,,,queue-times.com
2026-08-03T06:31:11Z,2026-08-03,8,31,Disney Adventure World,Avengers Assemble: Flight Force,10848,OPERATING,STANDBY,5,,,queue-times.com
2026-08-03T06:31:11Z,2026-08-03,8,31,Disney Adventure World,Avengers Assemble: Flight Force Single Rider,10849,OPERATING,STANDBY,5,,,queue-times.com
2026-08-03T06:31:11Z,2026-08-03,8,31,Disney Adventure World,Spider-Man W.E.B. Adventure,10845,CLOSED,STANDBY,0,,,queue-times.com
2026-08-03T06:31:11Z,2026-08-03,8,31,Disney Adventure World,Spider-Man W.E.B. Adventure Single Rider,10846,CLOSED,STANDBY,0,,,queue-times.com
2026-08-03T06:31:11Z,2026-08-03,8,31,Disney Adventure World,The Twilight Zone Tower of Terror,40,OPERATING,STANDBY,5,,,queue-times.com
2026-08-03T06:31:11Z,2026-08-03,8,31,Disney Adventure World,Cars Quatre Roues Rallye,31,CLOSED,STANDBY,0,,,queue-times.com
2026-08-03T06:31:11Z,2026-08-03,8,31,Disney Adventure World,Cars ROAD TRIP,29,CLOSED,STANDBY,0,,,queue-times.com
2026-08-03T06:31:11Z,2026-08-03,8,31,Disney Adventure World,Crush's Coaster,32,CLOSED,STANDBY,0,,,queue-times.com
2026-08-03T06:31:11Z,2026-08-03,8,31,Disney Adventure World,Crush's Coaster Single Rider,7277,CLOSED,STANDBY,0,,,queue-times.com
2026-08-03T06:31:11Z,2026-08-03,8,31,Disney Adventure World,Les Tapis Volants - Flying Carpets Over Agrabah®,33,CLOSED,STANDBY,0,,,queue-times.com
2026-08-03T06:31:11Z,2026-08-03,8,31,Disney Adventure World,Ratatouille : L’Aventure Totalement Toquée de Rémy​,37,CLOSED,STANDBY,0,,,queue-times.com
2026-08-03T06:31:11Z,2026-08-03,8,31,Disney Adventure World,Ratatouille: The Adventure Single Rider,7279,CLOSED,STANDBY,0,,,queue-times.com
2026-08-03T06:31:11Z,2026-08-03,8,31,Disney Adventure World,RC Racer,34,CLOSED,STANDBY,0,,,queue-times.com
2026-08-03T06:31:11Z,2026-08-03,8,31,Disney Adventure World,RC Racer Single Rider,7280,CLOSED,STANDBY,0,,,queue-times.com
2026-08-03T06:31:11Z,2026-08-03,8,31,Disney Adventure World,Slinky® Dog Zigzag Spin,36,CLOSED,STANDBY,0,,,queue-times.com
2026-08-03T06:31:11Z,2026-08-03,8,31,Disney Adventure World,Toy Soldiers Parachute Drop,35,CLOSED,STANDBY,0,,,queue-times.com
2026-08-03T06:31:11Z,2026-08-03,8,31,Disney Adventure World,Toy Soldiers Parachute Drop Single Rider,7281,CLOSED,STANDBY,0,,,queue-times.com
2026-08-03T06:31:11Z,2026-08-03,8,31,Disney Adventure World,Entry to World of Frozen,16247,CLOSED,STANDBY,0,,,queue-times.com
2026-08-03T06:31:11Z,2026-08-03,8,31,Disney Adventure World,Frozen Ever After,15413,OPERATING,STANDBY,5,,,queue-times.com
2026-08-03T06:31:11Z,2026-08-03,8,31,Disney Adventure World,Raiponce Tangled Spin,15415,OPERATING,STANDBY,5,,,queue-times.com
2026-08-03T06:45:45Z,2026-08-03,8,45,Disneyland Park,Adventure Isle,2702,CLOSED,STANDBY,0,,,queue-times.com
2026-08-03T06:45:45Z,2026-08-03,8,45,Disneyland Park,Indiana Jones and the Temple of Peril Single Rider,7306,CLOSED,STANDBY,0,,,queue-times.com
2026-08-03T06:45:45Z,2026-08-03,8,45,Disneyland Park,Indiana Jones™ and the Temple of Peril,2,CLOSED,STANDBY,0,,,queue-times.com
2026-08-03T06:45:45Z,2026-08-03,8,45,Disneyland Park,La Cabane des Robinson,1,CLOSED,STANDBY,0,,,queue-times.com
2026-08-03T06:45:45Z,2026-08-03,8,45,Disneyland Park,Le Passage Enchanté d'Aladdin,2703,CLOSED,STANDBY,0,,,queue-times.com
2026-08-03T06:45:45Z,2026-08-03,8,45,Disneyland Park,Pirate Galleon,2705,CLOSED,STANDBY,0,,,queue-times.com
2026-08-03T06:45:45Z,2026-08-03,8,45,Disneyland Park,Pirates of the Caribbean,3,CLOSED,STANDBY,0,,,queue-times.com
2026-08-03T06:45:45Z,2026-08-03,8,45,Disneyland Park,Pirates' Beach,2704,CLOSED,STANDBY,0,,,queue-times.com
2026-08-03T06:45:45Z,2026-08-03,8,45,Disneyland Park,"Autopia, presented by Avis",4,CLOSED,STANDBY,0,,,queue-times.com
2026-08-03T06:45:45Z,2026-08-03,8,45,Disneyland Park,Buzz Lightyear Laser Blast,5,OPERATING,STANDBY,5,,,queue-times.com
2026-08-03T06:45:45Z,2026-08-03,8,45,Disneyland Park,Disneyland Railroad Discoveryland Station,2706,CLOSED,STANDBY,0,,,queue-times.com
2026-08-03T06:45:45Z,2026-08-03,8,45,Disneyland Park,Les Mystères du Nautilus,6,CLOSED,STANDBY,0,,,queue-times.com
2026-08-03T06:45:45Z,2026-08-03,8,45,Disneyland Park,Mickey’s PhilharMagic,2707,CLOSED,STANDBY,0,,,queue-times.com
2026-08-03T06:45:45Z,2026-08-03,8,45,Disneyland Park,Orbitron®,7,CLOSED,STANDBY,0,,,queue-times.com
2026-08-03T06:45:45Z,2026-08-03,8,45,Disneyland Park,Star Tours: The Adventures Continue*,9,CLOSED,STANDBY,0,,,queue-times.com
2026-08-03T06:45:45Z,2026-08-03,8,45,Disneyland Park,Star Wars Hyperspace Mountain,8,OPERATING,STANDBY,5,,,queue-times.com
2026-08-03T06:45:45Z,2026-08-03,8,45,Disneyland Park,Star Wars Hyperspace Mountain Single Rider,7278,OPERATING,STANDBY,0,,,queue-times.com
2026-08-03T06:45:45Z,2026-08-03,8,45,Disneyland Park,Welcome to Starport: A Star Wars Encounter,4573,CLOSED,STANDBY,0,,,queue-times.com
2026-08-03T06:45:45Z,2026-08-03,8,45,Disneyland Park,"""it's a small world""",19,CLOSED,STANDBY,0,,,queue-times.com
2026-08-03T06:45:45Z,2026-08-03,8,45,Disneyland Park,Alice's Curious Labyrinth,14,CLOSED,STANDBY,0,,,queue-times.com
2026-08-03T06:45:45Z,2026-08-03,8,45,Disneyland Park,Blanche-Neige et les Sept Nains®,15,CLOSED,STANDBY,0,,,queue-times.com
2026-08-03T06:45:45Z,2026-08-03,8,45,Disneyland Park,Casey Jr. – le Petit Train du Cirque,17,CLOSED,STANDBY,0,,,queue-times.com
2026-08-03T06:45:45Z,2026-08-03,8,45,Disneyland Park,Disneyland Railroad Fantasyland Station,2711,CLOSED,STANDBY,0,,,queue-times.com
2026-08-03T06:45:45Z,2026-08-03,8,45,Disneyland Park,Disneyland Railroad Main Street Station,11,CLOSED,STANDBY,0,,,queue-times.com
2026-08-03T06:45:45Z,2026-08-03,8,45,Disneyland Park,Dumbo the Flying Elephant,18,OPERATING,STANDBY,5,,,queue-times.com
2026-08-03T06:45:45Z,2026-08-03,8,45,Disneyland Park,La Tanière du Dragon,2710,OPERATING,STANDBY,0,,,queue-times.com
2026-08-03T06:45:45Z,2026-08-03,8,45,Disneyland Park,Le Carrousel de Lancelot,16,CLOSED,STANDBY,0,,,queue-times.com
2026-08-03T06:45:45Z,2026-08-03,8,45,Disneyland Park,"Le Pays des Contes de Fées, presented by Vittel",21,CLOSED,STANDBY,0,,,queue-times.com
2026-08-03T06:45:45Z,2026-08-03,8,45,Disneyland Park,Les Voyages de Pinocchio,23,CLOSED,STANDBY,0,,,queue-times.com
2026-08-03T06:45:45Z,2026-08-03,8,45,Disneyland Park,Mad Hatter's Tea Cups,20,CLOSED,STANDBY,0,,,queue-times.com
2026-08-03T06:45:45Z,2026-08-03,8,45,Disneyland Park,Meet Mickey Mouse,13,CLOSED,STANDBY,0,,,queue-times.com
2026-08-03T06:45:45Z,2026-08-03,8,45,Disneyland Park,Peter Pan's Flight,22,OPERATING,STANDBY,25,,,queue-times.com
2026-08-03T06:45:45Z,2026-08-03,8,45,Disneyland Park,Princess Pavilion,24,CLOSED,STANDBY,0,,,queue-times.com
2026-08-03T06:45:45Z,2026-08-03,8,45,Disneyland Park,Big Thunder Mountain,25,CLOSED,STANDBY,0,,,queue-times.com
2026-08-03T06:45:45Z,2026-08-03,8,45,Disneyland Park,Disneyland Railroad Frontierland Depot,2714,CLOSED,STANDBY,0,,,queue-times.com
2026-08-03T06:45:45Z,2026-08-03,8,45,Disneyland Park,Frontierland Playground,2713,CLOSED,STANDBY,0,,,queue-times.com
2026-08-03T06:45:45Z,2026-08-03,8,45,Disneyland Park,Phantom Manor,26,CLOSED,STANDBY,0,,,queue-times.com
2026-08-03T06:45:45Z,2026-08-03,8,45,Disneyland Park,River Rogue Keelboats,27,CLOSED,STANDBY,0,,,queue-times.com
2026-08-03T06:45:45Z,2026-08-03,8,45,Disneyland Park,Rustler Roundup Shootin' Gallery,2712,OPERATING,STANDBY,0,,,queue-times.com
2026-08-03T06:45:45Z,2026-08-03,8,45,Disneyland Park,Thunder Mesa Riverboat Landing,28,CLOSED,STANDBY,0,,,queue-times.com
2026-08-03T06:45:45Z,2026-08-03,8,45,Disneyland Park,Disneyland Railroad Main Street Station,2708,CLOSED,STANDBY,0,,,queue-times.com
2026-08-03T06:45:45Z,2026-08-03,8,45,Disneyland Park,Main Street Vehicles,12,OPERATING,STANDBY,5,,,queue-times.com
2026-08-03T06:45:45Z,2026-08-03,8,45,Disney Adventure World,Avengers Assemble: Flight Force,10848,OPERATING,STANDBY,5,,,queue-times.com
2026-08-03T06:45:45Z,2026-08-03,8,45,Disney Adventure World,Avengers Assemble: Flight Force Single Rider,10849,OPERATING,STANDBY,5,,,queue-times.com
2026-08-03T06:45:45Z,2026-08-03,8,45,Disney Adventure World,Spider-Man W.E.B. Adventure,10845,CLOSED,STANDBY,0,,,queue-times.com
2026-08-03T06:45:45Z,2026-08-03,8,45,Disney Adventure World,Spider-Man W.E.B. Adventure Single Rider,10846,CLOSED,STANDBY,0,,,queue-times.com
2026-08-03T06:45:45Z,2026-08-03,8,45,Disney Adventure World,The Twilight Zone Tower of Terror,40,OPERATING,STANDBY,5,,,queue-times.com
2026-08-03T06:45:45Z,2026-08-03,8,45,Disney Adventure World,Cars Quatre Roues Rallye,31,CLOSED,STANDBY,0,,,queue-times.com
2026-08-03T06:45:45Z,2026-08-03,8,45,Disney Adventure World,Cars ROAD TRIP,29,CLOSED,STANDBY,0,,,queue-times.com
2026-08-03T06:45:45Z,2026-08-03,8,45,Disney Adventure World,Crush's Coaster,32,OPERATING,STANDBY,70,,,queue-times.com
2026-08-03T06:45:45Z,2026-08-03,8,45,Disney Adventure World,Crush's Coaster Single Rider,7277,OPERATING,STANDBY,40,,,queue-times.com
2026-08-03T06:45:45Z,2026-08-03,8,45,Disney Adventure World,Les Tapis Volants - Flying Carpets Over Agrabah®,33,CLOSED,STANDBY,0,,,queue-times.com
2026-08-03T06:45:45Z,2026-08-03,8,45,Disney Adventure World,Ratatouille : L’Aventure Totalement Toquée de Rémy​,37,OPERATING,STANDBY,5,,,queue-times.com
2026-08-03T06:45:45Z,2026-08-03,8,45,Disney Adventure World,Ratatouille: The Adventure Single Rider,7279,OPERATING,STANDBY,5,,,queue-times.com
2026-08-03T06:45:45Z,2026-08-03,8,45,Disney Adventure World,RC Racer,34,CLOSED,STANDBY,0,,,queue-times.com
2026-08-03T06:45:45Z,2026-08-03,8,45,Disney Adventure World,RC Racer Single Rider,7280,CLOSED,STANDBY,0,,,queue-times.com
2026-08-03T06:45:45Z,2026-08-03,8,45,Disney Adventure World,Slinky® Dog Zigzag Spin,36,CLOSED,STANDBY,0,,,queue-times.com
2026-08-03T06:45:45Z,2026-08-03,8,45,Disney Adventure World,Toy Soldiers Parachute Drop,35,CLOSED,STANDBY,0,,,queue-times.com
2026-08-03T06:45:45Z,2026-08-03,8,45,Disney Adventure World,Toy Soldiers Parachute Drop Single Rider,7281,CLOSED,STANDBY,0,,,queue-times.com
2026-08-03T06:45:45Z,2026-08-03,8,45,Disney Adventure World,Entry to World of Frozen,16247,OPERATING,STANDBY,0,,,queue-times.com
2026-08-03T06:45:45Z,2026-08-03,8,45,Disney Adventure World,Frozen Ever After,15413,OPERATING,STANDBY,25,,,queue-times.com
2026-08-03T06:45:45Z,2026-08-03,8,45,Disney Adventure World,Raiponce Tangled Spin,15415,OPERATING,STANDBY,5,,,queue-times.com
2026-08-03T07:01:15Z,2026-08-03,9,1,Disneyland Park,Adventure Isle,2702,CLOSED,STANDBY,0,,,queue-times.com
2026-08-03T07:01:15Z,2026-08-03,9,1,Disneyland Park,Indiana Jones and the Temple of Peril Single Rider,7306,CLOSED,STANDBY,0,,,queue-times.com
2026-08-03T07:01:15Z,2026-08-03,9,1,Disneyland Park,Indiana Jones™ and the Temple of Peril,2,CLOSED,STANDBY,0,,,queue-times.com
2026-08-03T07:01:15Z,2026-08-03,9,1,Disneyland Park,La Cabane des Robinson,1,CLOSED,STANDBY,0,,,queue-times.com
2026-08-03T07:01:15Z,2026-08-03,9,1,Disneyland Park,Le Passage Enchanté d'Aladdin,2703,CLOSED,STANDBY,0,,,queue-times.com
2026-08-03T07:01:15Z,2026-08-03,9,1,Disneyland Park,Pirate Galleon,2705,CLOSED,STANDBY,0,,,queue-times.com
2026-08-03T07:01:15Z,2026-08-03,9,1,Disneyland Park,Pirates of the Caribbean,3,CLOSED,STANDBY,0,,,queue-times.com
2026-08-03T07:01:15Z,2026-08-03,9,1,Disneyland Park,Pirates' Beach,2704,CLOSED,STANDBY,0,,,queue-times.com
2026-08-03T07:01:15Z,2026-08-03,9,1,Disneyland Park,"Autopia, presented by Avis",4,CLOSED,STANDBY,0,,,queue-times.com
2026-08-03T07:01:15Z,2026-08-03,9,1,Disneyland Park,Buzz Lightyear Laser Blast,5,OPERATING,STANDBY,10,,,queue-times.com
2026-08-03T07:01:15Z,2026-08-03,9,1,Disneyland Park,Disneyland Railroad Discoveryland Station,2706,CLOSED,STANDBY,0,,,queue-times.com
2026-08-03T07:01:15Z,2026-08-03,9,1,Disneyland Park,Les Mystères du Nautilus,6,CLOSED,STANDBY,0,,,queue-times.com
2026-08-03T07:01:15Z,2026-08-03,9,1,Disneyland Park,Mickey’s PhilharMagic,2707,CLOSED,STANDBY,0,,,queue-times.com
2026-08-03T07:01:15Z,2026-08-03,9,1,Disneyland Park,Orbitron®,7,CLOSED,STANDBY,0,,,queue-times.com
2026-08-03T07:01:15Z,2026-08-03,9,1,Disneyland Park,Star Tours: The Adventures Continue*,9,CLOSED,STANDBY,0,,,queue-times.com
2026-08-03T07:01:15Z,2026-08-03,9,1,Disneyland Park,Star Wars Hyperspace Mountain,8,OPERATING,STANDBY,10,,,queue-times.com
2026-08-03T07:01:15Z,2026-08-03,9,1,Disneyland Park,Star Wars Hyperspace Mountain Single Rider,7278,OPERATING,STANDBY,0,,,queue-times.com
2026-08-03T07:01:15Z,2026-08-03,9,1,Disneyland Park,Welcome to Starport: A Star Wars Encounter,4573,CLOSED,STANDBY,0,,,queue-times.com
2026-08-03T07:01:15Z,2026-08-03,9,1,Disneyland Park,"""it's a small world""",19,CLOSED,STANDBY,0,,,queue-times.com
2026-08-03T07:01:15Z,2026-08-03,9,1,Disneyland Park,Alice's Curious Labyrinth,14,CLOSED,STANDBY,0,,,queue-times.com
2026-08-03T07:01:15Z,2026-08-03,9,1,Disneyland Park,Blanche-Neige et les Sept Nains®,15,CLOSED,STANDBY,0,,,queue-times.com
2026-08-03T07:01:15Z,2026-08-03,9,1,Disneyland Park,Casey Jr. – le Petit Train du Cirque,17,CLOSED,STANDBY,0,,,queue-times.com
2026-08-03T07:01:15Z,2026-08-03,9,1,Disneyland Park,Disneyland Railroad Fantasyland Station,2711,CLOSED,STANDBY,0,,,queue-times.com
2026-08-03T07:01:15Z,2026-08-03,9,1,Disneyland Park,Disneyland Railroad Main Street Station,11,CLOSED,STANDBY,0,,,queue-times.com
2026-08-03T07:01:15Z,2026-08-03,9,1,Disneyland Park,Dumbo the Flying Elephant,18,OPERATING,STANDBY,10,,,queue-times.com
2026-08-03T07:01:15Z,2026-08-03,9,1,Disneyland Park,La Tanière du Dragon,2710,OPERATING,STANDBY,0,,,queue-times.com
2026-08-03T07:01:15Z,2026-08-03,9,1,Disneyland Park,Le Carrousel de Lancelot,16,CLOSED,STANDBY,0,,,queue-times.com
2026-08-03T07:01:15Z,2026-08-03,9,1,Disneyland Park,"Le Pays des Contes de Fées, presented by Vittel",21,CLOSED,STANDBY,0,,,queue-times.com
2026-08-03T07:01:15Z,2026-08-03,9,1,Disneyland Park,Les Voyages de Pinocchio,23,CLOSED,STANDBY,0,,,queue-times.com
2026-08-03T07:01:15Z,2026-08-03,9,1,Disneyland Park,Mad Hatter's Tea Cups,20,CLOSED,STANDBY,0,,,queue-times.com
2026-08-03T07:01:15Z,2026-08-03,9,1,Disneyland Park,Meet Mickey Mouse,13,CLOSED,STANDBY,0,,,queue-times.com
2026-08-03T07:01:15Z,2026-08-03,9,1,Disneyland Park,Peter Pan's Flight,22,OPERATING,STANDBY,40,,,queue-times.com
2026-08-03T07:01:15Z,2026-08-03,9,1,Disneyland Park,Princess Pavilion,24,CLOSED,STANDBY,0,,,queue-times.com
2026-08-03T07:01:15Z,2026-08-03,9,1,Disneyland Park,Big Thunder Mountain,25,CLOSED,STANDBY,0,,,queue-times.com
2026-08-03T07:01:15Z,2026-08-03,9,1,Disneyland Park,Disneyland Railroad Frontierland Depot,2714,CLOSED,STANDBY,0,,,queue-times.com
2026-08-03T07:01:15Z,2026-08-03,9,1,Disneyland Park,Frontierland Playground,2713,CLOSED,STANDBY,0,,,queue-times.com
2026-08-03T07:01:15Z,2026-08-03,9,1,Disneyland Park,Phantom Manor,26,CLOSED,STANDBY,0,,,queue-times.com
2026-08-03T07:01:15Z,2026-08-03,9,1,Disneyland Park,River Rogue Keelboats,27,CLOSED,STANDBY,0,,,queue-times.com
2026-08-03T07:01:15Z,2026-08-03,9,1,Disneyland Park,Rustler Roundup Shootin' Gallery,2712,OPERATING,STANDBY,0,,,queue-times.com
2026-08-03T07:01:15Z,2026-08-03,9,1,Disneyland Park,Thunder Mesa Riverboat Landing,28,CLOSED,STANDBY,0,,,queue-times.com
2026-08-03T07:01:15Z,2026-08-03,9,1,Disneyland Park,Disneyland Railroad Main Street Station,2708,CLOSED,STANDBY,0,,,queue-times.com
2026-08-03T07:01:15Z,2026-08-03,9,1,Disneyland Park,Main Street Vehicles,12,OPERATING,STANDBY,5,,,queue-times.com
2026-08-03T07:01:15Z,2026-08-03,9,1,Disney Adventure World,Avengers Assemble: Flight Force,10848,OPERATING,STANDBY,5,,,queue-times.com
2026-08-03T07:01:15Z,2026-08-03,9,1,Disney Adventure World,Avengers Assemble: Flight Force Single Rider,10849,OPERATING,STANDBY,5,,,queue-times.com
2026-08-03T07:01:15Z,2026-08-03,9,1,Disney Adventure World,Spider-Man W.E.B. Adventure,10845,CLOSED,STANDBY,0,,,queue-times.com
2026-08-03T07:01:15Z,2026-08-03,9,1,Disney Adventure World,Spider-Man W.E.B. Adventure Single Rider,10846,CLOSED,STANDBY,0,,,queue-times.com
2026-08-03T07:01:15Z,2026-08-03,9,1,Disney Adventure World,The Twilight Zone Tower of Terror,40,OPERATING,STANDBY,5,,,queue-times.com
2026-08-03T07:01:15Z,2026-08-03,9,1,Disney Adventure World,Cars Quatre Roues Rallye,31,CLOSED,STANDBY,0,,,queue-times.com
2026-08-03T07:01:15Z,2026-08-03,9,1,Disney Adventure World,Cars ROAD TRIP,29,CLOSED,STANDBY,0,,,queue-times.com
2026-08-03T07:01:15Z,2026-08-03,9,1,Disney Adventure World,Crush's Coaster,32,OPERATING,STANDBY,70,,,queue-times.com
2026-08-03T07:01:15Z,2026-08-03,9,1,Disney Adventure World,Crush's Coaster Single Rider,7277,OPERATING,STANDBY,25,,,queue-times.com
2026-08-03T07:01:15Z,2026-08-03,9,1,Disney Adventure World,Les Tapis Volants - Flying Carpets Over Agrabah®,33,CLOSED,STANDBY,0,,,queue-times.com
2026-08-03T07:01:15Z,2026-08-03,9,1,Disney Adventure World,Ratatouille : L’Aventure Totalement Toquée de Rémy​,37,OPERATING,STANDBY,10,,,queue-times.com
2026-08-03T07:01:15Z,2026-08-03,9,1,Disney Adventure World,Ratatouille: The Adventure Single Rider,7279,OPERATING,STANDBY,5,,,queue-times.com
2026-08-03T07:01:15Z,2026-08-03,9,1,Disney Adventure World,RC Racer,34,CLOSED,STANDBY,0,,,queue-times.com
2026-08-03T07:01:15Z,2026-08-03,9,1,Disney Adventure World,RC Racer Single Rider,7280,CLOSED,STANDBY,0,,,queue-times.com
2026-08-03T07:01:15Z,2026-08-03,9,1,Disney Adventure World,Slinky® Dog Zigzag Spin,36,OPERATING,STANDBY,5,,,queue-times.com
2026-08-03T07:01:15Z,2026-08-03,9,1,Disney Adventure World,Toy Soldiers Parachute Drop,35,CLOSED,STANDBY,0,,,queue-times.com
2026-08-03T07:01:15Z,2026-08-03,9,1,Disney Adventure World,Toy Soldiers Parachute Drop Single Rider,7281,CLOSED,STANDBY,0,,,queue-times.com
2026-08-03T07:01:15Z,2026-08-03,9,1,Disney Adventure World,Entry to World of Frozen,16247,OPERATING,STANDBY,0,,,queue-times.com
2026-08-03T07:01:15Z,2026-08-03,9,1,Disney Adventure World,Frozen Ever After,15413,OPERATING,STANDBY,50,,,queue-times.com
2026-08-03T07:01:15Z,2026-08-03,9,1,Disney Adventure World,Raiponce Tangled Spin,15415,OPERATING,STANDBY,5,,,queue-times.com
2026-08-03T07:16:04Z,2026-08-03,9,16,Disneyland Park,Adventure Isle,2702,CLOSED,STANDBY,0,,,queue-times.com
2026-08-03T07:16:04Z,2026-08-03,9,16,Disneyland Park,Indiana Jones and the Temple of Peril Single Rider,7306,OPERATING,STANDBY,0,,,queue-times.com
2026-08-03T07:16:04Z,2026-08-03,9,16,Disneyland Park,Indiana Jones™ and the Temple of Peril,2,OPERATING,STANDBY,5,,,queue-times.com
2026-08-03T07:16:04Z,2026-08-03,9,16,Disneyland Park,La Cabane des Robinson,1,OPERATING,STANDBY,5,,,queue-times.com
2026-08-03T07:16:04Z,2026-08-03,9,16,Disneyland Park,Le Passage Enchanté d'Aladdin,2703,CLOSED,STANDBY,0,,,queue-times.com
2026-08-03T07:16:04Z,2026-08-03,9,16,Disneyland Park,Pirate Galleon,2705,CLOSED,STANDBY,0,,,queue-times.com
2026-08-03T07:16:04Z,2026-08-03,9,16,Disneyland Park,Pirates of the Caribbean,3,CLOSED,STANDBY,0,,,queue-times.com
2026-08-03T07:16:04Z,2026-08-03,9,16,Disneyland Park,Pirates' Beach,2704,CLOSED,STANDBY,0,,,queue-times.com
2026-08-03T07:16:04Z,2026-08-03,9,16,Disneyland Park,"Autopia, presented by Avis",4,OPERATING,STANDBY,35,,,queue-times.com
2026-08-03T07:16:04Z,2026-08-03,9,16,Disneyland Park,Buzz Lightyear Laser Blast,5,OPERATING,STANDBY,15,,,queue-times.com
2026-08-03T07:16:04Z,2026-08-03,9,16,Disneyland Park,Disneyland Railroad Discoveryland Station,2706,CLOSED,STANDBY,0,,,queue-times.com
2026-08-03T07:16:04Z,2026-08-03,9,16,Disneyland Park,Les Mystères du Nautilus,6,CLOSED,STANDBY,0,,,queue-times.com
2026-08-03T07:16:04Z,2026-08-03,9,16,Disneyland Park,Mickey’s PhilharMagic,2707,CLOSED,STANDBY,0,,,queue-times.com
2026-08-03T07:16:04Z,2026-08-03,9,16,Disneyland Park,Orbitron®,7,OPERATING,STANDBY,5,,,queue-times.com
2026-08-03T07:16:04Z,2026-08-03,9,16,Disneyland Park,Star Tours: The Adventures Continue*,9,CLOSED,STANDBY,0,,,queue-times.com
2026-08-03T07:16:04Z,2026-08-03,9,16,Disneyland Park,Star Wars Hyperspace Mountain,8,OPERATING,STANDBY,10,,,queue-times.com
2026-08-03T07:16:04Z,2026-08-03,9,16,Disneyland Park,Star Wars Hyperspace Mountain Single Rider,7278,OPERATING,STANDBY,0,,,queue-times.com
2026-08-03T07:16:04Z,2026-08-03,9,16,Disneyland Park,Welcome to Starport: A Star Wars Encounter,4573,CLOSED,STANDBY,0,,,queue-times.com
2026-08-03T07:16:04Z,2026-08-03,9,16,Disneyland Park,"""it's a small world""",19,CLOSED,STANDBY,0,,,queue-times.com
2026-08-03T07:16:04Z,2026-08-03,9,16,Disneyland Park,Alice's Curious Labyrinth,14,CLOSED,STANDBY,0,,,queue-times.com
2026-08-03T07:16:04Z,2026-08-03,9,16,Disneyland Park,Blanche-Neige et les Sept Nains®,15,CLOSED,STANDBY,0,,,queue-times.com
2026-08-03T07:16:04Z,2026-08-03,9,16,Disneyland Park,Casey Jr. – le Petit Train du Cirque,17,OPERATING,STANDBY,0,,,queue-times.com
2026-08-03T07:16:04Z,2026-08-03,9,16,Disneyland Park,Disneyland Railroad Fantasyland Station,2711,CLOSED,STANDBY,0,,,queue-times.com
2026-08-03T07:16:04Z,2026-08-03,9,16,Disneyland Park,Disneyland Railroad Main Street Station,11,CLOSED,STANDBY,0,,,queue-times.com
2026-08-03T07:16:04Z,2026-08-03,9,16,Disneyland Park,Dumbo the Flying Elephant,18,OPERATING,STANDBY,25,,,queue-times.com
2026-08-03T07:16:04Z,2026-08-03,9,16,Disneyland Park,La Tanière du Dragon,2710,OPERATING,STANDBY,0,,,queue-times.com
2026-08-03T07:16:04Z,2026-08-03,9,16,Disneyland Park,Le Carrousel de Lancelot,16,CLOSED,STANDBY,0,,,queue-times.com
2026-08-03T07:16:04Z,2026-08-03,9,16,Disneyland Park,"Le Pays des Contes de Fées, presented by Vittel",21,CLOSED,STANDBY,0,,,queue-times.com
2026-08-03T07:16:04Z,2026-08-03,9,16,Disneyland Park,Les Voyages de Pinocchio,23,CLOSED,STANDBY,0,,,queue-times.com
2026-08-03T07:16:04Z,2026-08-03,9,16,Disneyland Park,Mad Hatter's Tea Cups,20,OPERATING,STANDBY,5,,,queue-times.com
2026-08-03T07:16:04Z,2026-08-03,9,16,Disneyland Park,Meet Mickey Mouse,13,CLOSED,STANDBY,0,,,queue-times.com
2026-08-03T07:16:04Z,2026-08-03,9,16,Disneyland Park,Peter Pan's Flight,22,OPERATING,STANDBY,50,,,queue-times.com
2026-08-03T07:16:04Z,2026-08-03,9,16,Disneyland Park,Princess Pavilion,24,CLOSED,STANDBY,0,,,queue-times.com
2026-08-03T07:16:04Z,2026-08-03,9,16,Disneyland Park,Big Thunder Mountain,25,CLOSED,STANDBY,0,,,queue-times.com
2026-08-03T07:16:04Z,2026-08-03,9,16,Disneyland Park,Disneyland Railroad Frontierland Depot,2714,CLOSED,STANDBY,0,,,queue-times.com
2026-08-03T07:16:04Z,2026-08-03,9,16,Disneyland Park,Frontierland Playground,2713,CLOSED,STANDBY,0,,,queue-times.com
2026-08-03T07:16:04Z,2026-08-03,9,16,Disneyland Park,Phantom Manor,26,CLOSED,STANDBY,0,,,queue-times.com
2026-08-03T07:16:04Z,2026-08-03,9,16,Disneyland Park,River Rogue Keelboats,27,CLOSED,STANDBY,0,,,queue-times.com
2026-08-03T07:16:04Z,2026-08-03,9,16,Disneyland Park,Rustler Roundup Shootin' Gallery,2712,OPERATING,STANDBY,0,,,queue-times.com
2026-08-03T07:16:04Z,2026-08-03,9,16,Disneyland Park,Thunder Mesa Riverboat Landing,28,CLOSED,STANDBY,0,,,queue-times.com
2026-08-03T07:16:04Z,2026-08-03,9,16,Disneyland Park,Disneyland Railroad Main Street Station,2708,CLOSED,STANDBY,0,,,queue-times.com
2026-08-03T07:16:04Z,2026-08-03,9,16,Disneyland Park,Main Street Vehicles,12,OPERATING,STANDBY,5,,,queue-times.com
2026-08-03T07:16:04Z,2026-08-03,9,16,Disney Adventure World,Avengers Assemble: Flight Force,10848,OPERATING,STANDBY,5,,,queue-times.com
2026-08-03T07:16:04Z,2026-08-03,9,16,Disney Adventure World,Avengers Assemble: Flight Force Single Rider,10849,OPERATING,STANDBY,5,,,queue-times.com
2026-08-03T07:16:04Z,2026-08-03,9,16,Disney Adventure World,Spider-Man W.E.B. Adventure,10845,CLOSED,STANDBY,0,,,queue-times.com
2026-08-03T07:16:04Z,2026-08-03,9,16,Disney Adventure World,Spider-Man W.E.B. Adventure Single Rider,10846,CLOSED,STANDBY,0,,,queue-times.com
2026-08-03T07:16:04Z,2026-08-03,9,16,Disney Adventure World,The Twilight Zone Tower of Terror,40,OPERATING,STANDBY,25,,,queue-times.com
2026-08-03T07:16:04Z,2026-08-03,9,16,Disney Adventure World,Cars Quatre Roues Rallye,31,OPERATING,STANDBY,0,,,queue-times.com
2026-08-03T07:16:04Z,2026-08-03,9,16,Disney Adventure World,Cars ROAD TRIP,29,CLOSED,STANDBY,0,,,queue-times.com
2026-08-03T07:16:04Z,2026-08-03,9,16,Disney Adventure World,Crush's Coaster,32,OPERATING,STANDBY,75,,,queue-times.com
2026-08-03T07:16:04Z,2026-08-03,9,16,Disney Adventure World,Crush's Coaster Single Rider,7277,OPERATING,STANDBY,30,,,queue-times.com
2026-08-03T07:16:04Z,2026-08-03,9,16,Disney Adventure World,Les Tapis Volants - Flying Carpets Over Agrabah®,33,CLOSED,STANDBY,0,,,queue-times.com
2026-08-03T07:16:04Z,2026-08-03,9,16,Disney Adventure World,Ratatouille : L’Aventure Totalement Toquée de Rémy​,37,OPERATING,STANDBY,25,,,queue-times.com
2026-08-03T07:16:04Z,2026-08-03,9,16,Disney Adventure World,Ratatouille: The Adventure Single Rider,7279,OPERATING,STANDBY,5,,,queue-times.com
2026-08-03T07:16:04Z,2026-08-03,9,16,Disney Adventure World,RC Racer,34,CLOSED,STANDBY,0,,,queue-times.com
2026-08-03T07:16:04Z,2026-08-03,9,16,Disney Adventure World,RC Racer Single Rider,7280,CLOSED,STANDBY,0,,,queue-times.com
2026-08-03T07:16:04Z,2026-08-03,9,16,Disney Adventure World,Slinky® Dog Zigzag Spin,36,OPERATING,STANDBY,5,,,queue-times.com
2026-08-03T07:16:04Z,2026-08-03,9,16,Disney Adventure World,Toy Soldiers Parachute Drop,35,OPERATING,STANDBY,20,,,queue-times.com
2026-08-03T07:16:04Z,2026-08-03,9,16,Disney Adventure World,Toy Soldiers Parachute Drop Single Rider,7281,OPERATING,STANDBY,5,,,queue-times.com
2026-08-03T07:16:04Z,2026-08-03,9,16,Disney Adventure World,Entry to World of Frozen,16247,OPERATING,STANDBY,0,,,queue-times.com
2026-08-03T07:16:04Z,2026-08-03,9,16,Disney Adventure World,Frozen Ever After,15413,OPERATING,STANDBY,65,,,queue-times.com
2026-08-03T07:16:04Z,2026-08-03,9,16,Disney Adventure World,Raiponce Tangled Spin,15415,OPERATING,STANDBY,5,,,queue-times.com
2026-08-03T07:31:09Z,2026-08-03,9,31,Disneyland Park,Adventure Isle,2702,OPERATING,STANDBY,0,,,queue-times.com
2026-08-03T07:31:09Z,2026-08-03,9,31,Disneyland Park,Indiana Jones and the Temple of Peril Single Rider,7306,OPERATING,STANDBY,5,,,queue-times.com
2026-08-03T07:31:09Z,2026-08-03,9,31,Disneyland Park,Indiana Jones™ and the Temple of Peril,2,OPERATING,STANDBY,5,,,queue-times.com
2026-08-03T07:31:09Z,2026-08-03,9,31,Disneyland Park,La Cabane des Robinson,1,OPERATING,STANDBY,5,,,queue-times.com
2026-08-03T07:31:09Z,2026-08-03,9,31,Disneyland Park,Le Passage Enchanté d'Aladdin,2703,OPERATING,STANDBY,0,,,queue-times.com
2026-08-03T07:31:09Z,2026-08-03,9,31,Disneyland Park,Pirate Galleon,2705,CLOSED,STANDBY,0,,,queue-times.com
2026-08-03T07:31:09Z,2026-08-03,9,31,Disneyland Park,Pirates of the Caribbean,3,OPERATING,STANDBY,5,,,queue-times.com
2026-08-03T07:31:09Z,2026-08-03,9,31,Disneyland Park,Pirates' Beach,2704,OPERATING,STANDBY,0,,,queue-times.com
2026-08-03T07:31:09Z,2026-08-03,9,31,Disneyland Park,"Autopia, presented by Avis",4,OPERATING,STANDBY,35,,,queue-times.com
2026-08-03T07:31:09Z,2026-08-03,9,31,Disneyland Park,Buzz Lightyear Laser Blast,5,OPERATING,STANDBY,25,,,queue-times.com
2026-08-03T07:31:09Z,2026-08-03,9,31,Disneyland Park,Disneyland Railroad Discoveryland Station,2706,CLOSED,STANDBY,0,,,queue-times.com
2026-08-03T07:31:09Z,2026-08-03,9,31,Disneyland Park,Les Mystères du Nautilus,6,OPERATING,STANDBY,5,,,queue-times.com
2026-08-03T07:31:09Z,2026-08-03,9,31,Disneyland Park,Mickey’s PhilharMagic,2707,CLOSED,STANDBY,0,,,queue-times.com
2026-08-03T07:31:09Z,2026-08-03,9,31,Disneyland Park,Orbitron®,7,OPERATING,STANDBY,35,,,queue-times.com
2026-08-03T07:31:09Z,2026-08-03,9,31,Disneyland Park,Star Tours: The Adventures Continue*,9,OPERATING,STANDBY,5,,,queue-times.com
2026-08-03T07:31:09Z,2026-08-03,9,31,Disneyland Park,Star Wars Hyperspace Mountain,8,OPERATING,STANDBY,15,,,queue-times.com
2026-08-03T07:31:09Z,2026-08-03,9,31,Disneyland Park,Star Wars Hyperspace Mountain Single Rider,7278,OPERATING,STANDBY,0,,,queue-times.com
2026-08-03T07:31:09Z,2026-08-03,9,31,Disneyland Park,Welcome to Starport: A Star Wars Encounter,4573,CLOSED,STANDBY,0,,,queue-times.com
2026-08-03T07:31:09Z,2026-08-03,9,31,Disneyland Park,"""it's a small world""",19,OPERATING,STANDBY,5,,,queue-times.com
2026-08-03T07:31:09Z,2026-08-03,9,31,Disneyland Park,Alice's Curious Labyrinth,14,OPERATING,STANDBY,5,,,queue-times.com
2026-08-03T07:31:09Z,2026-08-03,9,31,Disneyland Park,Blanche-Neige et les Sept Nains®,15,OPERATING,STANDBY,5,,,queue-times.com
2026-08-03T07:31:09Z,2026-08-03,9,31,Disneyland Park,Casey Jr. – le Petit Train du Cirque,17,OPERATING,STANDBY,5,,,queue-times.com
2026-08-03T07:31:09Z,2026-08-03,9,31,Disneyland Park,Disneyland Railroad Fantasyland Station,2711,CLOSED,STANDBY,0,,,queue-times.com
2026-08-03T07:31:09Z,2026-08-03,9,31,Disneyland Park,Disneyland Railroad Main Street Station,11,CLOSED,STANDBY,0,,,queue-times.com
2026-08-03T07:31:09Z,2026-08-03,9,31,Disneyland Park,Dumbo the Flying Elephant,18,OPERATING,STANDBY,25,,,queue-times.com
2026-08-03T07:31:09Z,2026-08-03,9,31,Disneyland Park,La Tanière du Dragon,2710,OPERATING,STANDBY,0,,,queue-times.com
2026-08-03T07:31:09Z,2026-08-03,9,31,Disneyland Park,Le Carrousel de Lancelot,16,OPERATING,STANDBY,5,,,queue-times.com
2026-08-03T07:31:09Z,2026-08-03,9,31,Disneyland Park,"Le Pays des Contes de Fées, presented by Vittel",21,OPERATING,STANDBY,5,,,queue-times.com
2026-08-03T07:31:09Z,2026-08-03,9,31,Disneyland Park,Les Voyages de Pinocchio,23,OPERATING,STANDBY,5,,,queue-times.com
2026-08-03T07:31:09Z,2026-08-03,9,31,Disneyland Park,Mad Hatter's Tea Cups,20,OPERATING,STANDBY,5,,,queue-times.com
2026-08-03T07:31:09Z,2026-08-03,9,31,Disneyland Park,Meet Mickey Mouse,13,CLOSED,STANDBY,0,,,queue-times.com
2026-08-03T07:31:09Z,2026-08-03,9,31,Disneyland Park,Peter Pan's Flight,22,OPERATING,STANDBY,40,,,queue-times.com
2026-08-03T07:31:09Z,2026-08-03,9,31,Disneyland Park,Princess Pavilion,24,CLOSED,STANDBY,0,,,queue-times.com
2026-08-03T07:31:09Z,2026-08-03,9,31,Disneyland Park,Big Thunder Mountain,25,CLOSED,STANDBY,0,,,queue-times.com
2026-08-03T07:31:09Z,2026-08-03,9,31,Disneyland Park,Disneyland Railroad Frontierland Depot,2714,CLOSED,STANDBY,0,,,queue-times.com
2026-08-03T07:31:09Z,2026-08-03,9,31,Disneyland Park,Frontierland Playground,2713,OPERATING,STANDBY,0,,,queue-times.com
2026-08-03T07:31:09Z,2026-08-03,9,31,Disneyland Park,Phantom Manor,26,OPERATING,STANDBY,5,,,queue-times.com
2026-08-03T07:31:09Z,2026-08-03,9,31,Disneyland Park,River Rogue Keelboats,27,CLOSED,STANDBY,0,,,queue-times.com
2026-08-03T07:31:09Z,2026-08-03,9,31,Disneyland Park,Rustler Roundup Shootin' Gallery,2712,OPERATING,STANDBY,0,,,queue-times.com
2026-08-03T07:31:09Z,2026-08-03,9,31,Disneyland Park,Thunder Mesa Riverboat Landing,28,CLOSED,STANDBY,0,,,queue-times.com
2026-08-03T07:31:09Z,2026-08-03,9,31,Disneyland Park,Disneyland Railroad Main Street Station,2708,CLOSED,STANDBY,0,,,queue-times.com
2026-08-03T07:31:09Z,2026-08-03,9,31,Disneyland Park,Main Street Vehicles,12,OPERATING,STANDBY,5,,,queue-times.com
2026-08-03T07:31:09Z,2026-08-03,9,31,Disney Adventure World,Avengers Assemble: Flight Force,10848,OPERATING,STANDBY,5,,,queue-times.com
2026-08-03T07:31:09Z,2026-08-03,9,31,Disney Adventure World,Avengers Assemble: Flight Force Single Rider,10849,OPERATING,STANDBY,5,,,queue-times.com
2026-08-03T07:31:09Z,2026-08-03,9,31,Disney Adventure World,Spider-Man W.E.B. Adventure,10845,CLOSED,STANDBY,0,,,queue-times.com
2026-08-03T07:31:09Z,2026-08-03,9,31,Disney Adventure World,Spider-Man W.E.B. Adventure Single Rider,10846,CLOSED,STANDBY,0,,,queue-times.com
2026-08-03T07:31:09Z,2026-08-03,9,31,Disney Adventure World,The Twilight Zone Tower of Terror,40,OPERATING,STANDBY,25,,,queue-times.com
2026-08-03T07:31:09Z,2026-08-03,9,31,Disney Adventure World,Cars Quatre Roues Rallye,31,OPERATING,STANDBY,5,,,queue-times.com
2026-08-03T07:31:09Z,2026-08-03,9,31,Disney Adventure World,Cars ROAD TRIP,29,OPERATING,STANDBY,5,,,queue-times.com
2026-08-03T07:31:09Z,2026-08-03,9,31,Disney Adventure World,Crush's Coaster,32,OPERATING,STANDBY,80,,,queue-times.com
2026-08-03T07:31:09Z,2026-08-03,9,31,Disney Adventure World,Crush's Coaster Single Rider,7277,OPERATING,STANDBY,60,,,queue-times.com
2026-08-03T07:31:09Z,2026-08-03,9,31,Disney Adventure World,Les Tapis Volants - Flying Carpets Over Agrabah®,33,OPERATING,STANDBY,5,,,queue-times.com
2026-08-03T07:31:09Z,2026-08-03,9,31,Disney Adventure World,Ratatouille : L’Aventure Totalement Toquée de Rémy​,37,OPERATING,STANDBY,40,,,queue-times.com
2026-08-03T07:31:09Z,2026-08-03,9,31,Disney Adventure World,Ratatouille: The Adventure Single Rider,7279,OPERATING,STANDBY,5,,,queue-times.com
2026-08-03T07:31:09Z,2026-08-03,9,31,Disney Adventure World,RC Racer,34,OPERATING,STANDBY,10,,,queue-times.com
2026-08-03T07:31:09Z,2026-08-03,9,31,Disney Adventure World,RC Racer Single Rider,7280,OPERATING,STANDBY,5,,,queue-times.com
2026-08-03T07:31:09Z,2026-08-03,9,31,Disney Adventure World,Slinky® Dog Zigzag Spin,36,OPERATING,STANDBY,5,,,queue-times.com
2026-08-03T07:31:09Z,2026-08-03,9,31,Disney Adventure World,Toy Soldiers Parachute Drop,35,OPERATING,STANDBY,40,,,queue-times.com
2026-08-03T07:31:09Z,2026-08-03,9,31,Disney Adventure World,Toy Soldiers Parachute Drop Single Rider,7281,OPERATING,STANDBY,5,,,queue-times.com
2026-08-03T07:31:09Z,2026-08-03,9,31,Disney Adventure World,Entry to World of Frozen,16247,OPERATING,STANDBY,0,,,queue-times.com
2026-08-03T07:31:09Z,2026-08-03,9,31,Disney Adventure World,Frozen Ever After,15413,OPERATING,STANDBY,55,,,queue-times.com
2026-08-03T07:31:09Z,2026-08-03,9,31,Disney Adventure World,Raiponce Tangled Spin,15415,OPERATING,STANDBY,5,,,queue-times.com
2026-08-03T07:45:55Z,2026-08-03,9,45,Disneyland Park,Adventure Isle,2702,OPERATING,STANDBY,0,,,queue-times.com
2026-08-03T07:45:55Z,2026-08-03,9,45,Disneyland Park,Indiana Jones and the Temple of Peril Single Rider,7306,OPERATING,STANDBY,5,,,queue-times.com
2026-08-03T07:45:55Z,2026-08-03,9,45,Disneyland Park,Indiana Jones™ and the Temple of Peril,2,OPERATING,STANDBY,5,,,queue-times.com
2026-08-03T07:45:55Z,2026-08-03,9,45,Disneyland Park,La Cabane des Robinson,1,OPERATING,STANDBY,5,,,queue-times.com
2026-08-03T07:45:55Z,2026-08-03,9,45,Disneyland Park,Le Passage Enchanté d'Aladdin,2703,OPERATING,STANDBY,0,,,queue-times.com
2026-08-03T07:45:55Z,2026-08-03,9,45,Disneyland Park,Pirate Galleon,2705,CLOSED,STANDBY,0,,,queue-times.com
2026-08-03T07:45:55Z,2026-08-03,9,45,Disneyland Park,Pirates of the Caribbean,3,OPERATING,STANDBY,5,,,queue-times.com
2026-08-03T07:45:55Z,2026-08-03,9,45,Disneyland Park,Pirates' Beach,2704,OPERATING,STANDBY,0,,,queue-times.com
2026-08-03T07:45:55Z,2026-08-03,9,45,Disneyland Park,"Autopia, presented by Avis",4,OPERATING,STANDBY,45,,,queue-times.com
2026-08-03T07:45:55Z,2026-08-03,9,45,Disneyland Park,Buzz Lightyear Laser Blast,5,OPERATING,STANDBY,25,,,queue-times.com
2026-08-03T07:45:55Z,2026-08-03,9,45,Disneyland Park,Disneyland Railroad Discoveryland Station,2706,CLOSED,STANDBY,0,,,queue-times.com
2026-08-03T07:45:55Z,2026-08-03,9,45,Disneyland Park,Les Mystères du Nautilus,6,OPERATING,STANDBY,5,,,queue-times.com
2026-08-03T07:45:55Z,2026-08-03,9,45,Disneyland Park,Mickey’s PhilharMagic,2707,CLOSED,STANDBY,0,,,queue-times.com
2026-08-03T07:45:55Z,2026-08-03,9,45,Disneyland Park,Orbitron®,7,OPERATING,STANDBY,45,,,queue-times.com
2026-08-03T07:45:55Z,2026-08-03,9,45,Disneyland Park,Star Tours: The Adventures Continue*,9,OPERATING,STANDBY,45,,,queue-times.com
2026-08-03T07:45:55Z,2026-08-03,9,45,Disneyland Park,Star Wars Hyperspace Mountain,8,OPERATING,STANDBY,20,,,queue-times.com
2026-08-03T07:45:55Z,2026-08-03,9,45,Disneyland Park,Star Wars Hyperspace Mountain Single Rider,7278,OPERATING,STANDBY,0,,,queue-times.com
2026-08-03T07:45:55Z,2026-08-03,9,45,Disneyland Park,Welcome to Starport: A Star Wars Encounter,4573,CLOSED,STANDBY,0,,,queue-times.com
2026-08-03T07:45:55Z,2026-08-03,9,45,Disneyland Park,"""it's a small world""",19,OPERATING,STANDBY,5,,,queue-times.com
2026-08-03T07:45:55Z,2026-08-03,9,45,Disneyland Park,Alice's Curious Labyrinth,14,OPERATING,STANDBY,5,,,queue-times.com
2026-08-03T07:45:55Z,2026-08-03,9,45,Disneyland Park,Blanche-Neige et les Sept Nains®,15,OPERATING,STANDBY,5,,,queue-times.com
2026-08-03T07:45:55Z,2026-08-03,9,45,Disneyland Park,Casey Jr. – le Petit Train du Cirque,17,OPERATING,STANDBY,5,,,queue-times.com
2026-08-03T07:45:55Z,2026-08-03,9,45,Disneyland Park,Disneyland Railroad Fantasyland Station,2711,CLOSED,STANDBY,0,,,queue-times.com
2026-08-03T07:45:55Z,2026-08-03,9,45,Disneyland Park,Disneyland Railroad Main Street Station,11,CLOSED,STANDBY,0,,,queue-times.com
2026-08-03T07:45:55Z,2026-08-03,9,45,Disneyland Park,Dumbo the Flying Elephant,18,OPERATING,STANDBY,25,,,queue-times.com
2026-08-03T07:45:55Z,2026-08-03,9,45,Disneyland Park,La Tanière du Dragon,2710,OPERATING,STANDBY,0,,,queue-times.com
2026-08-03T07:45:55Z,2026-08-03,9,45,Disneyland Park,Le Carrousel de Lancelot,16,OPERATING,STANDBY,5,,,queue-times.com
2026-08-03T07:45:55Z,2026-08-03,9,45,Disneyland Park,"Le Pays des Contes de Fées, presented by Vittel",21,OPERATING,STANDBY,5,,,queue-times.com
2026-08-03T07:45:55Z,2026-08-03,9,45,Disneyland Park,Les Voyages de Pinocchio,23,OPERATING,STANDBY,5,,,queue-times.com
2026-08-03T07:45:55Z,2026-08-03,9,45,Disneyland Park,Mad Hatter's Tea Cups,20,OPERATING,STANDBY,5,,,queue-times.com
2026-08-03T07:45:55Z,2026-08-03,9,45,Disneyland Park,Meet Mickey Mouse,13,CLOSED,STANDBY,0,,,queue-times.com
2026-08-03T07:45:55Z,2026-08-03,9,45,Disneyland Park,Peter Pan's Flight,22,OPERATING,STANDBY,55,,,queue-times.com
2026-08-03T07:45:55Z,2026-08-03,9,45,Disneyland Park,Princess Pavilion,24,CLOSED,STANDBY,0,,,queue-times.com
2026-08-03T07:45:55Z,2026-08-03,9,45,Disneyland Park,Big Thunder Mountain,25,CLOSED,STANDBY,0,,,queue-times.com
2026-08-03T07:45:55Z,2026-08-03,9,45,Disneyland Park,Disneyland Railroad Frontierland Depot,2714,CLOSED,STANDBY,0,,,queue-times.com
2026-08-03T07:45:55Z,2026-08-03,9,45,Disneyland Park,Frontierland Playground,2713,OPERATING,STANDBY,0,,,queue-times.com
2026-08-03T07:45:55Z,2026-08-03,9,45,Disneyland Park,Phantom Manor,26,OPERATING,STANDBY,5,,,queue-times.com
2026-08-03T07:45:55Z,2026-08-03,9,45,Disneyland Park,River Rogue Keelboats,27,CLOSED,STANDBY,0,,,queue-times.com
2026-08-03T07:45:55Z,2026-08-03,9,45,Disneyland Park,Rustler Roundup Shootin' Gallery,2712,OPERATING,STANDBY,0,,,queue-times.com
2026-08-03T07:45:55Z,2026-08-03,9,45,Disneyland Park,Thunder Mesa Riverboat Landing,28,CLOSED,STANDBY,0,,,queue-times.com
2026-08-03T07:45:55Z,2026-08-03,9,45,Disneyland Park,Disneyland Railroad Main Street Station,2708,CLOSED,STANDBY,0,,,queue-times.com
2026-08-03T07:45:55Z,2026-08-03,9,45,Disneyland Park,Main Street Vehicles,12,OPERATING,STANDBY,5,,,queue-times.com
2026-08-03T07:45:55Z,2026-08-03,9,45,Disney Adventure World,Avengers Assemble: Flight Force,10848,OPERATING,STANDBY,15,,,queue-times.com
2026-08-03T07:45:55Z,2026-08-03,9,45,Disney Adventure World,Avengers Assemble: Flight Force Single Rider,10849,OPERATING,STANDBY,5,,,queue-times.com
2026-08-03T07:45:55Z,2026-08-03,9,45,Disney Adventure World,Spider-Man W.E.B. Adventure,10845,OPERATING,STANDBY,5,,,queue-times.com
2026-08-03T07:45:55Z,2026-08-03,9,45,Disney Adventure World,Spider-Man W.E.B. Adventure Single Rider,10846,OPERATING,STANDBY,5,,,queue-times.com
2026-08-03T07:45:55Z,2026-08-03,9,45,Disney Adventure World,The Twilight Zone Tower of Terror,40,OPERATING,STANDBY,45,,,queue-times.com
2026-08-03T07:45:55Z,2026-08-03,9,45,Disney Adventure World,Cars Quatre Roues Rallye,31,OPERATING,STANDBY,5,,,queue-times.com
2026-08-03T07:45:55Z,2026-08-03,9,45,Disney Adventure World,Cars ROAD TRIP,29,OPERATING,STANDBY,5,,,queue-times.com
2026-08-03T07:45:55Z,2026-08-03,9,45,Disney Adventure World,Crush's Coaster,32,OPERATING,STANDBY,80,,,queue-times.com
2026-08-03T07:45:55Z,2026-08-03,9,45,Disney Adventure World,Crush's Coaster Single Rider,7277,OPERATING,STANDBY,55,,,queue-times.com
2026-08-03T07:45:55Z,2026-08-03,9,45,Disney Adventure World,Les Tapis Volants - Flying Carpets Over Agrabah®,33,OPERATING,STANDBY,5,,,queue-times.com
2026-08-03T07:45:55Z,2026-08-03,9,45,Disney Adventure World,Ratatouille : L’Aventure Totalement Toquée de Rémy​,37,OPERATING,STANDBY,30,,,queue-times.com
2026-08-03T07:45:55Z,2026-08-03,9,45,Disney Adventure World,Ratatouille: The Adventure Single Rider,7279,OPERATING,STANDBY,5,,,queue-times.com
2026-08-03T07:45:55Z,2026-08-03,9,45,Disney Adventure World,RC Racer,34,OPERATING,STANDBY,40,,,queue-times.com
2026-08-03T07:45:55Z,2026-08-03,9,45,Disney Adventure World,RC Racer Single Rider,7280,OPERATING,STANDBY,30,,,queue-times.com
2026-08-03T07:45:55Z,2026-08-03,9,45,Disney Adventure World,Slinky® Dog Zigzag Spin,36,OPERATING,STANDBY,15,,,queue-times.com
2026-08-03T07:45:55Z,2026-08-03,9,45,Disney Adventure World,Toy Soldiers Parachute Drop,35,OPERATING,STANDBY,45,,,queue-times.com
2026-08-03T07:45:55Z,2026-08-03,9,45,Disney Adventure World,Toy Soldiers Parachute Drop Single Rider,7281,OPERATING,STANDBY,5,,,queue-times.com
2026-08-03T07:45:55Z,2026-08-03,9,45,Disney Adventure World,Entry to World of Frozen,16247,OPERATING,STANDBY,0,,,queue-times.com
2026-08-03T07:45:55Z,2026-08-03,9,45,Disney Adventure World,Frozen Ever After,15413,OPERATING,STANDBY,55,,,queue-times.com
2026-08-03T07:45:55Z,2026-08-03,9,45,Disney Adventure World,Raiponce Tangled Spin,15415,OPERATING,STANDBY,5,,,queue-times.com
2026-08-03T08:01:52Z,2026-08-03,10,1,Disneyland Park,Adventure Isle,2702,OPERATING,STANDBY,0,,,queue-times.com
2026-08-03T08:01:52Z,2026-08-03,10,1,Disneyland Park,Indiana Jones and the Temple of Peril Single Rider,7306,OPERATING,STANDBY,5,,,queue-times.com
2026-08-03T08:01:52Z,2026-08-03,10,1,Disneyland Park,Indiana Jones™ and the Temple of Peril,2,OPERATING,STANDBY,15,,,queue-times.com
2026-08-03T08:01:52Z,2026-08-03,10,1,Disneyland Park,La Cabane des Robinson,1,OPERATING,STANDBY,5,,,queue-times.com
2026-08-03T08:01:52Z,2026-08-03,10,1,Disneyland Park,Le Passage Enchanté d'Aladdin,2703,OPERATING,STANDBY,0,,,queue-times.com
2026-08-03T08:01:52Z,2026-08-03,10,1,Disneyland Park,Pirate Galleon,2705,CLOSED,STANDBY,0,,,queue-times.com
2026-08-03T08:01:52Z,2026-08-03,10,1,Disneyland Park,Pirates of the Caribbean,3,OPERATING,STANDBY,10,,,queue-times.com
2026-08-03T08:01:52Z,2026-08-03,10,1,Disneyland Park,Pirates' Beach,2704,OPERATING,STANDBY,0,,,queue-times.com
2026-08-03T08:01:52Z,2026-08-03,10,1,Disneyland Park,"Autopia, presented by Avis",4,OPERATING,STANDBY,35,,,queue-times.com
2026-08-03T08:01:52Z,2026-08-03,10,1,Disneyland Park,Buzz Lightyear Laser Blast,5,OPERATING,STANDBY,35,,,queue-times.com
2026-08-03T08:01:52Z,2026-08-03,10,1,Disneyland Park,Disneyland Railroad Discoveryland Station,2706,CLOSED,STANDBY,0,,,queue-times.com
2026-08-03T08:01:52Z,2026-08-03,10,1,Disneyland Park,Les Mystères du Nautilus,6,OPERATING,STANDBY,5,,,queue-times.com
2026-08-03T08:01:52Z,2026-08-03,10,1,Disneyland Park,Mickey’s PhilharMagic,2707,CLOSED,STANDBY,0,,,queue-times.com
2026-08-03T08:01:52Z,2026-08-03,10,1,Disneyland Park,Orbitron®,7,OPERATING,STANDBY,45,,,queue-times.com
2026-08-03T08:01:52Z,2026-08-03,10,1,Disneyland Park,Star Tours: The Adventures Continue*,9,OPERATING,STANDBY,10,,,queue-times.com
2026-08-03T08:01:52Z,2026-08-03,10,1,Disneyland Park,Star Wars Hyperspace Mountain,8,OPERATING,STANDBY,25,,,queue-times.com
2026-08-03T08:01:52Z,2026-08-03,10,1,Disneyland Park,Star Wars Hyperspace Mountain Single Rider,7278,OPERATING,STANDBY,0,,,queue-times.com
2026-08-03T08:01:52Z,2026-08-03,10,1,Disneyland Park,Welcome to Starport: A Star Wars Encounter,4573,CLOSED,STANDBY,0,,,queue-times.com
2026-08-03T08:01:52Z,2026-08-03,10,1,Disneyland Park,"""it's a small world""",19,OPERATING,STANDBY,5,,,queue-times.com
2026-08-03T08:01:52Z,2026-08-03,10,1,Disneyland Park,Alice's Curious Labyrinth,14,OPERATING,STANDBY,5,,,queue-times.com
2026-08-03T08:01:52Z,2026-08-03,10,1,Disneyland Park,Blanche-Neige et les Sept Nains®,15,CLOSED,STANDBY,0,,,queue-times.com
2026-08-03T08:01:52Z,2026-08-03,10,1,Disneyland Park,Casey Jr. – le Petit Train du Cirque,17,OPERATING,STANDBY,5,,,queue-times.com
2026-08-03T08:01:52Z,2026-08-03,10,1,Disneyland Park,Disneyland Railroad Fantasyland Station,2711,CLOSED,STANDBY,0,,,queue-times.com
2026-08-03T08:01:52Z,2026-08-03,10,1,Disneyland Park,Disneyland Railroad Main Street Station,11,CLOSED,STANDBY,0,,,queue-times.com
2026-08-03T08:01:52Z,2026-08-03,10,1,Disneyland Park,Dumbo the Flying Elephant,18,OPERATING,STANDBY,15,,,queue-times.com
2026-08-03T08:01:52Z,2026-08-03,10,1,Disneyland Park,La Tanière du Dragon,2710,OPERATING,STANDBY,0,,,queue-times.com
2026-08-03T08:01:52Z,2026-08-03,10,1,Disneyland Park,Le Carrousel de Lancelot,16,OPERATING,STANDBY,5,,,queue-times.com
2026-08-03T08:01:52Z,2026-08-03,10,1,Disneyland Park,"Le Pays des Contes de Fées, presented by Vittel",21,OPERATING,STANDBY,5,,,queue-times.com
2026-08-03T08:01:52Z,2026-08-03,10,1,Disneyland Park,Les Voyages de Pinocchio,23,OPERATING,STANDBY,15,,,queue-times.com
2026-08-03T08:01:52Z,2026-08-03,10,1,Disneyland Park,Mad Hatter's Tea Cups,20,OPERATING,STANDBY,5,,,queue-times.com
2026-08-03T08:01:52Z,2026-08-03,10,1,Disneyland Park,Meet Mickey Mouse,13,CLOSED,STANDBY,0,,,queue-times.com
2026-08-03T08:01:52Z,2026-08-03,10,1,Disneyland Park,Peter Pan's Flight,22,OPERATING,STANDBY,45,,,queue-times.com
2026-08-03T08:01:52Z,2026-08-03,10,1,Disneyland Park,Princess Pavilion,24,CLOSED,STANDBY,0,,,queue-times.com
2026-08-03T08:01:52Z,2026-08-03,10,1,Disneyland Park,Big Thunder Mountain,25,CLOSED,STANDBY,0,,,queue-times.com
2026-08-03T08:01:52Z,2026-08-03,10,1,Disneyland Park,Disneyland Railroad Frontierland Depot,2714,CLOSED,STANDBY,0,,,queue-times.com
2026-08-03T08:01:52Z,2026-08-03,10,1,Disneyland Park,Frontierland Playground,2713,OPERATING,STANDBY,0,,,queue-times.com
2026-08-03T08:01:52Z,2026-08-03,10,1,Disneyland Park,Phantom Manor,26,OPERATING,STANDBY,5,,,queue-times.com
2026-08-03T08:01:52Z,2026-08-03,10,1,Disneyland Park,River Rogue Keelboats,27,CLOSED,STANDBY,0,,,queue-times.com
2026-08-03T08:01:52Z,2026-08-03,10,1,Disneyland Park,Rustler Roundup Shootin' Gallery,2712,OPERATING,STANDBY,0,,,queue-times.com
2026-08-03T08:01:52Z,2026-08-03,10,1,Disneyland Park,Thunder Mesa Riverboat Landing,28,CLOSED,STANDBY,0,,,queue-times.com
2026-08-03T08:01:52Z,2026-08-03,10,1,Disneyland Park,Disneyland Railroad Main Street Station,2708,CLOSED,STANDBY,0,,,queue-times.com
2026-08-03T08:01:52Z,2026-08-03,10,1,Disneyland Park,Main Street Vehicles,12,OPERATING,STANDBY,5,,,queue-times.com
2026-08-03T08:01:52Z,2026-08-03,10,1,Disney Adventure World,Avengers Assemble: Flight Force,10848,OPERATING,STANDBY,5,,,queue-times.com
2026-08-03T08:01:52Z,2026-08-03,10,1,Disney Adventure World,Avengers Assemble: Flight Force Single Rider,10849,OPERATING,STANDBY,5,,,queue-times.com
2026-08-03T08:01:52Z,2026-08-03,10,1,Disney Adventure World,Spider-Man W.E.B. Adventure,10845,OPERATING,STANDBY,60,,,queue-times.com
2026-08-03T08:01:52Z,2026-08-03,10,1,Disney Adventure World,Spider-Man W.E.B. Adventure Single Rider,10846,OPERATING,STANDBY,5,,,queue-times.com
2026-08-03T08:01:52Z,2026-08-03,10,1,Disney Adventure World,The Twilight Zone Tower of Terror,40,OPERATING,STANDBY,35,,,queue-times.com
2026-08-03T08:01:52Z,2026-08-03,10,1,Disney Adventure World,Cars Quatre Roues Rallye,31,OPERATING,STANDBY,5,,,queue-times.com
2026-08-03T08:01:52Z,2026-08-03,10,1,Disney Adventure World,Cars ROAD TRIP,29,OPERATING,STANDBY,5,,,queue-times.com
2026-08-03T08:01:52Z,2026-08-03,10,1,Disney Adventure World,Crush's Coaster,32,OPERATING,STANDBY,80,,,queue-times.com
2026-08-03T08:01:52Z,2026-08-03,10,1,Disney Adventure World,Crush's Coaster Single Rider,7277,OPERATING,STANDBY,25,,,queue-times.com
2026-08-03T08:01:52Z,2026-08-03,10,1,Disney Adventure World,Les Tapis Volants - Flying Carpets Over Agrabah®,33,OPERATING,STANDBY,5,,,queue-times.com
2026-08-03T08:01:52Z,2026-08-03,10,1,Disney Adventure World,Ratatouille : L’Aventure Totalement Toquée de Rémy​,37,OPERATING,STANDBY,30,,,queue-times.com
2026-08-03T08:01:52Z,2026-08-03,10,1,Disney Adventure World,Ratatouille: The Adventure Single Rider,7279,OPERATING,STANDBY,5,,,queue-times.com
2026-08-03T08:01:52Z,2026-08-03,10,1,Disney Adventure World,RC Racer,34,OPERATING,STANDBY,35,,,queue-times.com
2026-08-03T08:01:52Z,2026-08-03,10,1,Disney Adventure World,RC Racer Single Rider,7280,OPERATING,STANDBY,25,,,queue-times.com
2026-08-03T08:01:52Z,2026-08-03,10,1,Disney Adventure World,Slinky® Dog Zigzag Spin,36,OPERATING,STANDBY,10,,,queue-times.com
2026-08-03T08:01:52Z,2026-08-03,10,1,Disney Adventure World,Toy Soldiers Parachute Drop,35,OPERATING,STANDBY,35,,,queue-times.com
2026-08-03T08:01:52Z,2026-08-03,10,1,Disney Adventure World,Toy Soldiers Parachute Drop Single Rider,7281,OPERATING,STANDBY,5,,,queue-times.com
2026-08-03T08:01:52Z,2026-08-03,10,1,Disney Adventure World,Entry to World of Frozen,16247,OPERATING,STANDBY,0,,,queue-times.com
2026-08-03T08:01:52Z,2026-08-03,10,1,Disney Adventure World,Frozen Ever After,15413,OPERATING,STANDBY,65,,,queue-times.com
2026-08-03T08:01:52Z,2026-08-03,10,1,Disney Adventure World,Raiponce Tangled Spin,15415,OPERATING,STANDBY,5,,,queue-times.com
2026-08-03T08:15:51Z,2026-08-03,10,15,Disneyland Park,Adventure Isle,2702,OPERATING,STANDBY,0,,,queue-times.com
2026-08-03T08:15:51Z,2026-08-03,10,15,Disneyland Park,Indiana Jones and the Temple of Peril Single Rider,7306,OPERATING,STANDBY,5,,,queue-times.com
2026-08-03T08:15:51Z,2026-08-03,10,15,Disneyland Park,Indiana Jones™ and the Temple of Peril,2,OPERATING,STANDBY,25,,,queue-times.com
2026-08-03T08:15:51Z,2026-08-03,10,15,Disneyland Park,La Cabane des Robinson,1,OPERATING,STANDBY,5,,,queue-times.com
2026-08-03T08:15:51Z,2026-08-03,10,15,Disneyland Park,Le Passage Enchanté d'Aladdin,2703,OPERATING,STANDBY,0,,,queue-times.com
2026-08-03T08:15:51Z,2026-08-03,10,15,Disneyland Park,Pirate Galleon,2705,CLOSED,STANDBY,0,,,queue-times.com
2026-08-03T08:15:51Z,2026-08-03,10,15,Disneyland Park,Pirates of the Caribbean,3,OPERATING,STANDBY,10,,,queue-times.com
2026-08-03T08:15:51Z,2026-08-03,10,15,Disneyland Park,Pirates' Beach,2704,OPERATING,STANDBY,0,,,queue-times.com
2026-08-03T08:15:51Z,2026-08-03,10,15,Disneyland Park,"Autopia, presented by Avis",4,OPERATING,STANDBY,45,,,queue-times.com
2026-08-03T08:15:51Z,2026-08-03,10,15,Disneyland Park,Buzz Lightyear Laser Blast,5,CLOSED,STANDBY,0,,,queue-times.com
2026-08-03T08:15:51Z,2026-08-03,10,15,Disneyland Park,Disneyland Railroad Discoveryland Station,2706,CLOSED,STANDBY,0,,,queue-times.com
2026-08-03T08:15:51Z,2026-08-03,10,15,Disneyland Park,Les Mystères du Nautilus,6,OPERATING,STANDBY,5,,,queue-times.com
2026-08-03T08:15:51Z,2026-08-03,10,15,Disneyland Park,Mickey’s PhilharMagic,2707,CLOSED,STANDBY,0,,,queue-times.com
2026-08-03T08:15:51Z,2026-08-03,10,15,Disneyland Park,Orbitron®,7,OPERATING,STANDBY,45,,,queue-times.com
2026-08-03T08:15:51Z,2026-08-03,10,15,Disneyland Park,Star Tours: The Adventures Continue*,9,OPERATING,STANDBY,15,,,queue-times.com
2026-08-03T08:15:51Z,2026-08-03,10,15,Disneyland Park,Star Wars Hyperspace Mountain,8,OPERATING,STANDBY,30,,,queue-times.com
2026-08-03T08:15:51Z,2026-08-03,10,15,Disneyland Park,Star Wars Hyperspace Mountain Single Rider,7278,OPERATING,STANDBY,5,,,queue-times.com
2026-08-03T08:15:51Z,2026-08-03,10,15,Disneyland Park,Welcome to Starport: A Star Wars Encounter,4573,OPERATING,STANDBY,35,,,queue-times.com
2026-08-03T08:15:51Z,2026-08-03,10,15,Disneyland Park,"""it's a small world""",19,OPERATING,STANDBY,5,,,queue-times.com
2026-08-03T08:15:51Z,2026-08-03,10,15,Disneyland Park,Alice's Curious Labyrinth,14,OPERATING,STANDBY,5,,,queue-times.com
2026-08-03T08:15:51Z,2026-08-03,10,15,Disneyland Park,Blanche-Neige et les Sept Nains®,15,CLOSED,STANDBY,0,,,queue-times.com
2026-08-03T08:15:51Z,2026-08-03,10,15,Disneyland Park,Casey Jr. – le Petit Train du Cirque,17,OPERATING,STANDBY,5,,,queue-times.com
2026-08-03T08:15:51Z,2026-08-03,10,15,Disneyland Park,Disneyland Railroad Fantasyland Station,2711,CLOSED,STANDBY,0,,,queue-times.com
2026-08-03T08:15:51Z,2026-08-03,10,15,Disneyland Park,Disneyland Railroad Main Street Station,11,CLOSED,STANDBY,0,,,queue-times.com
2026-08-03T08:15:51Z,2026-08-03,10,15,Disneyland Park,Dumbo the Flying Elephant,18,OPERATING,STANDBY,15,,,queue-times.com
2026-08-03T08:15:51Z,2026-08-03,10,15,Disneyland Park,La Tanière du Dragon,2710,OPERATING,STANDBY,0,,,queue-times.com
2026-08-03T08:15:51Z,2026-08-03,10,15,Disneyland Park,Le Carrousel de Lancelot,16,OPERATING,STANDBY,5,,,queue-times.com
2026-08-03T08:15:51Z,2026-08-03,10,15,Disneyland Park,"Le Pays des Contes de Fées, presented by Vittel",21,OPERATING,STANDBY,5,,,queue-times.com
2026-08-03T08:15:51Z,2026-08-03,10,15,Disneyland Park,Les Voyages de Pinocchio,23,OPERATING,STANDBY,15,,,queue-times.com
2026-08-03T08:15:51Z,2026-08-03,10,15,Disneyland Park,Mad Hatter's Tea Cups,20,OPERATING,STANDBY,5,,,queue-times.com
2026-08-03T08:15:51Z,2026-08-03,10,15,Disneyland Park,Meet Mickey Mouse,13,OPERATING,STANDBY,0,,,queue-times.com
2026-08-03T08:15:51Z,2026-08-03,10,15,Disneyland Park,Peter Pan's Flight,22,OPERATING,STANDBY,45,,,queue-times.com
2026-08-03T08:15:51Z,2026-08-03,10,15,Disneyland Park,Princess Pavilion,24,OPERATING,STANDBY,0,,,queue-times.com
2026-08-03T08:15:51Z,2026-08-03,10,15,Disneyland Park,Big Thunder Mountain,25,CLOSED,STANDBY,0,,,queue-times.com
2026-08-03T08:15:51Z,2026-08-03,10,15,Disneyland Park,Disneyland Railroad Frontierland Depot,2714,CLOSED,STANDBY,0,,,queue-times.com
2026-08-03T08:15:51Z,2026-08-03,10,15,Disneyland Park,Frontierland Playground,2713,OPERATING,STANDBY,0,,,queue-times.com
2026-08-03T08:15:51Z,2026-08-03,10,15,Disneyland Park,Phantom Manor,26,OPERATING,STANDBY,5,,,queue-times.com
2026-08-03T08:15:51Z,2026-08-03,10,15,Disneyland Park,River Rogue Keelboats,27,CLOSED,STANDBY,0,,,queue-times.com
2026-08-03T08:15:51Z,2026-08-03,10,15,Disneyland Park,Rustler Roundup Shootin' Gallery,2712,OPERATING,STANDBY,0,,,queue-times.com
2026-08-03T08:15:51Z,2026-08-03,10,15,Disneyland Park,Thunder Mesa Riverboat Landing,28,CLOSED,STANDBY,0,,,queue-times.com
2026-08-03T08:15:51Z,2026-08-03,10,15,Disneyland Park,Disneyland Railroad Main Street Station,2708,CLOSED,STANDBY,0,,,queue-times.com
2026-08-03T08:15:51Z,2026-08-03,10,15,Disneyland Park,Main Street Vehicles,12,OPERATING,STANDBY,5,,,queue-times.com
2026-08-03T08:15:51Z,2026-08-03,10,15,Disney Adventure World,Avengers Assemble: Flight Force,10848,OPERATING,STANDBY,5,,,queue-times.com
2026-08-03T08:15:51Z,2026-08-03,10,15,Disney Adventure World,Avengers Assemble: Flight Force Single Rider,10849,OPERATING,STANDBY,5,,,queue-times.com
2026-08-03T08:15:51Z,2026-08-03,10,15,Disney Adventure World,Spider-Man W.E.B. Adventure,10845,OPERATING,STANDBY,40,,,queue-times.com
2026-08-03T08:15:51Z,2026-08-03,10,15,Disney Adventure World,Spider-Man W.E.B. Adventure Single Rider,10846,OPERATING,STANDBY,30,,,queue-times.com
2026-08-03T08:15:51Z,2026-08-03,10,15,Disney Adventure World,The Twilight Zone Tower of Terror,40,OPERATING,STANDBY,15,,,queue-times.com
2026-08-03T08:15:51Z,2026-08-03,10,15,Disney Adventure World,Cars Quatre Roues Rallye,31,OPERATING,STANDBY,5,,,queue-times.com
2026-08-03T08:15:51Z,2026-08-03,10,15,Disney Adventure World,Cars ROAD TRIP,29,OPERATING,STANDBY,5,,,queue-times.com
2026-08-03T08:15:51Z,2026-08-03,10,15,Disney Adventure World,Crush's Coaster,32,OPERATING,STANDBY,80,,,queue-times.com
2026-08-03T08:15:51Z,2026-08-03,10,15,Disney Adventure World,Crush's Coaster Single Rider,7277,OPERATING,STANDBY,45,,,queue-times.com
2026-08-03T08:15:51Z,2026-08-03,10,15,Disney Adventure World,Les Tapis Volants - Flying Carpets Over Agrabah®,33,OPERATING,STANDBY,5,,,queue-times.com
2026-08-03T08:15:51Z,2026-08-03,10,15,Disney Adventure World,Ratatouille : L’Aventure Totalement Toquée de Rémy​,37,OPERATING,STANDBY,45,,,queue-times.com
2026-08-03T08:15:51Z,2026-08-03,10,15,Disney Adventure World,Ratatouille: The Adventure Single Rider,7279,OPERATING,STANDBY,5,,,queue-times.com
2026-08-03T08:15:51Z,2026-08-03,10,15,Disney Adventure World,RC Racer,34,OPERATING,STANDBY,30,,,queue-times.com
2026-08-03T08:15:51Z,2026-08-03,10,15,Disney Adventure World,RC Racer Single Rider,7280,OPERATING,STANDBY,15,,,queue-times.com
2026-08-03T08:15:51Z,2026-08-03,10,15,Disney Adventure World,Slinky® Dog Zigzag Spin,36,OPERATING,STANDBY,5,,,queue-times.com
2026-08-03T08:15:51Z,2026-08-03,10,15,Disney Adventure World,Toy Soldiers Parachute Drop,35,OPERATING,STANDBY,40,,,queue-times.com
2026-08-03T08:15:51Z,2026-08-03,10,15,Disney Adventure World,Toy Soldiers Parachute Drop Single Rider,7281,OPERATING,STANDBY,5,,,queue-times.com
2026-08-03T08:15:51Z,2026-08-03,10,15,Disney Adventure World,Entry to World of Frozen,16247,OPERATING,STANDBY,0,,,queue-times.com
2026-08-03T08:15:51Z,2026-08-03,10,15,Disney Adventure World,Frozen Ever After,15413,OPERATING,STANDBY,65,,,queue-times.com
2026-08-03T08:15:51Z,2026-08-03,10,15,Disney Adventure World,Raiponce Tangled Spin,15415,OPERATING,STANDBY,5,,,queue-times.com
2026-08-03T08:31:19Z,2026-08-03,10,31,Disneyland Park,Adventure Isle,2702,OPERATING,STANDBY,0,,,queue-times.com
2026-08-03T08:31:19Z,2026-08-03,10,31,Disneyland Park,Indiana Jones and the Temple of Peril Single Rider,7306,OPERATING,STANDBY,5,,,queue-times.com
2026-08-03T08:31:19Z,2026-08-03,10,31,Disneyland Park,Indiana Jones™ and the Temple of Peril,2,OPERATING,STANDBY,30,,,queue-times.com
2026-08-03T08:31:19Z,2026-08-03,10,31,Disneyland Park,La Cabane des Robinson,1,OPERATING,STANDBY,5,,,queue-times.com
2026-08-03T08:31:19Z,2026-08-03,10,31,Disneyland Park,Le Passage Enchanté d'Aladdin,2703,OPERATING,STANDBY,0,,,queue-times.com
2026-08-03T08:31:19Z,2026-08-03,10,31,Disneyland Park,Pirate Galleon,2705,CLOSED,STANDBY,0,,,queue-times.com
2026-08-03T08:31:19Z,2026-08-03,10,31,Disneyland Park,Pirates of the Caribbean,3,OPERATING,STANDBY,10,,,queue-times.com
2026-08-03T08:31:19Z,2026-08-03,10,31,Disneyland Park,Pirates' Beach,2704,OPERATING,STANDBY,0,,,queue-times.com
2026-08-03T08:31:19Z,2026-08-03,10,31,Disneyland Park,"Autopia, presented by Avis",4,OPERATING,STANDBY,30,,,queue-times.com
2026-08-03T08:31:19Z,2026-08-03,10,31,Disneyland Park,Buzz Lightyear Laser Blast,5,CLOSED,STANDBY,0,,,queue-times.com
2026-08-03T08:31:19Z,2026-08-03,10,31,Disneyland Park,Disneyland Railroad Discoveryland Station,2706,CLOSED,STANDBY,0,,,queue-times.com
2026-08-03T08:31:19Z,2026-08-03,10,31,Disneyland Park,Les Mystères du Nautilus,6,OPERATING,STANDBY,5,,,queue-times.com
2026-08-03T08:31:19Z,2026-08-03,10,31,Disneyland Park,Mickey’s PhilharMagic,2707,CLOSED,STANDBY,0,,,queue-times.com
2026-08-03T08:31:19Z,2026-08-03,10,31,Disneyland Park,Orbitron®,7,OPERATING,STANDBY,50,,,queue-times.com
2026-08-03T08:31:19Z,2026-08-03,10,31,Disneyland Park,Star Tours: The Adventures Continue*,9,OPERATING,STANDBY,25,,,queue-times.com
2026-08-03T08:31:19Z,2026-08-03,10,31,Disneyland Park,Star Wars Hyperspace Mountain,8,OPERATING,STANDBY,30,,,queue-times.com
2026-08-03T08:31:19Z,2026-08-03,10,31,Disneyland Park,Star Wars Hyperspace Mountain Single Rider,7278,OPERATING,STANDBY,5,,,queue-times.com
2026-08-03T08:31:19Z,2026-08-03,10,31,Disneyland Park,Welcome to Starport: A Star Wars Encounter,4573,OPERATING,STANDBY,35,,,queue-times.com
2026-08-03T08:31:19Z,2026-08-03,10,31,Disneyland Park,"""it's a small world""",19,OPERATING,STANDBY,5,,,queue-times.com
2026-08-03T08:31:19Z,2026-08-03,10,31,Disneyland Park,Alice's Curious Labyrinth,14,OPERATING,STANDBY,5,,,queue-times.com
2026-08-03T08:31:19Z,2026-08-03,10,31,Disneyland Park,Blanche-Neige et les Sept Nains®,15,OPERATING,STANDBY,5,,,queue-times.com
2026-08-03T08:31:19Z,2026-08-03,10,31,Disneyland Park,Casey Jr. – le Petit Train du Cirque,17,OPERATING,STANDBY,5,,,queue-times.com
2026-08-03T08:31:19Z,2026-08-03,10,31,Disneyland Park,Disneyland Railroad Fantasyland Station,2711,CLOSED,STANDBY,0,,,queue-times.com
2026-08-03T08:31:19Z,2026-08-03,10,31,Disneyland Park,Disneyland Railroad Main Street Station,11,CLOSED,STANDBY,0,,,queue-times.com
2026-08-03T08:31:19Z,2026-08-03,10,31,Disneyland Park,Dumbo the Flying Elephant,18,OPERATING,STANDBY,30,,,queue-times.com
2026-08-03T08:31:19Z,2026-08-03,10,31,Disneyland Park,La Tanière du Dragon,2710,OPERATING,STANDBY,0,,,queue-times.com
2026-08-03T08:31:19Z,2026-08-03,10,31,Disneyland Park,Le Carrousel de Lancelot,16,OPERATING,STANDBY,5,,,queue-times.com
2026-08-03T08:31:19Z,2026-08-03,10,31,Disneyland Park,"Le Pays des Contes de Fées, presented by Vittel",21,OPERATING,STANDBY,5,,,queue-times.com
2026-08-03T08:31:19Z,2026-08-03,10,31,Disneyland Park,Les Voyages de Pinocchio,23,OPERATING,STANDBY,25,,,queue-times.com
2026-08-03T08:31:19Z,2026-08-03,10,31,Disneyland Park,Mad Hatter's Tea Cups,20,OPERATING,STANDBY,5,,,queue-times.com
2026-08-03T08:31:19Z,2026-08-03,10,31,Disneyland Park,Meet Mickey Mouse,13,OPERATING,STANDBY,0,,,queue-times.com
2026-08-03T08:31:19Z,2026-08-03,10,31,Disneyland Park,Peter Pan's Flight,22,OPERATING,STANDBY,50,,,queue-times.com
2026-08-03T08:31:19Z,2026-08-03,10,31,Disneyland Park,Princess Pavilion,24,OPERATING,STANDBY,0,,,queue-times.com
2026-08-03T08:31:19Z,2026-08-03,10,31,Disneyland Park,Big Thunder Mountain,25,OPERATING,STANDBY,50,,,queue-times.com
2026-08-03T08:31:19Z,2026-08-03,10,31,Disneyland Park,Disneyland Railroad Frontierland Depot,2714,CLOSED,STANDBY,0,,,queue-times.com
2026-08-03T08:31:19Z,2026-08-03,10,31,Disneyland Park,Frontierland Playground,2713,OPERATING,STANDBY,0,,,queue-times.com
2026-08-03T08:31:19Z,2026-08-03,10,31,Disneyland Park,Phantom Manor,26,OPERATING,STANDBY,5,,,queue-times.com
2026-08-03T08:31:19Z,2026-08-03,10,31,Disneyland Park,River Rogue Keelboats,27,CLOSED,STANDBY,0,,,queue-times.com
2026-08-03T08:31:19Z,2026-08-03,10,31,Disneyland Park,Rustler Roundup Shootin' Gallery,2712,OPERATING,STANDBY,0,,,queue-times.com
2026-08-03T08:31:19Z,2026-08-03,10,31,Disneyland Park,Thunder Mesa Riverboat Landing,28,OPERATING,STANDBY,20,,,queue-times.com
2026-08-03T08:31:19Z,2026-08-03,10,31,Disneyland Park,Disneyland Railroad Main Street Station,2708,CLOSED,STANDBY,0,,,queue-times.com
2026-08-03T08:31:19Z,2026-08-03,10,31,Disneyland Park,Main Street Vehicles,12,OPERATING,STANDBY,5,,,queue-times.com
2026-08-03T08:31:19Z,2026-08-03,10,31,Disney Adventure World,Avengers Assemble: Flight Force,10848,OPERATING,STANDBY,5,,,queue-times.com
2026-08-03T08:31:19Z,2026-08-03,10,31,Disney Adventure World,Avengers Assemble: Flight Force Single Rider,10849,OPERATING,STANDBY,5,,,queue-times.com
2026-08-03T08:31:19Z,2026-08-03,10,31,Disney Adventure World,Spider-Man W.E.B. Adventure,10845,OPERATING,STANDBY,40,,,queue-times.com
2026-08-03T08:31:19Z,2026-08-03,10,31,Disney Adventure World,Spider-Man W.E.B. Adventure Single Rider,10846,OPERATING,STANDBY,15,,,queue-times.com
2026-08-03T08:31:19Z,2026-08-03,10,31,Disney Adventure World,The Twilight Zone Tower of Terror,40,OPERATING,STANDBY,30,,,queue-times.com
2026-08-03T08:31:19Z,2026-08-03,10,31,Disney Adventure World,Cars Quatre Roues Rallye,31,OPERATING,STANDBY,5,,,queue-times.com
2026-08-03T08:31:19Z,2026-08-03,10,31,Disney Adventure World,Cars ROAD TRIP,29,OPERATING,STANDBY,5,,,queue-times.com
2026-08-03T08:31:19Z,2026-08-03,10,31,Disney Adventure World,Crush's Coaster,32,OPERATING,STANDBY,300,,,queue-times.com
2026-08-03T08:31:19Z,2026-08-03,10,31,Disney Adventure World,Crush's Coaster Single Rider,7277,OPERATING,STANDBY,50,,,queue-times.com
2026-08-03T08:31:19Z,2026-08-03,10,31,Disney Adventure World,Les Tapis Volants - Flying Carpets Over Agrabah®,33,OPERATING,STANDBY,5,,,queue-times.com
2026-08-03T08:31:19Z,2026-08-03,10,31,Disney Adventure World,Ratatouille : L’Aventure Totalement Toquée de Rémy​,37,OPERATING,STANDBY,55,,,queue-times.com
2026-08-03T08:31:19Z,2026-08-03,10,31,Disney Adventure World,Ratatouille: The Adventure Single Rider,7279,OPERATING,STANDBY,10,,,queue-times.com
2026-08-03T08:31:19Z,2026-08-03,10,31,Disney Adventure World,RC Racer,34,OPERATING,STANDBY,35,,,queue-times.com
2026-08-03T08:31:19Z,2026-08-03,10,31,Disney Adventure World,RC Racer Single Rider,7280,OPERATING,STANDBY,20,,,queue-times.com
2026-08-03T08:31:19Z,2026-08-03,10,31,Disney Adventure World,Slinky® Dog Zigzag Spin,36,OPERATING,STANDBY,5,,,queue-times.com
2026-08-03T08:31:19Z,2026-08-03,10,31,Disney Adventure World,Toy Soldiers Parachute Drop,35,OPERATING,STANDBY,30,,,queue-times.com
2026-08-03T08:31:19Z,2026-08-03,10,31,Disney Adventure World,Toy Soldiers Parachute Drop Single Rider,7281,OPERATING,STANDBY,15,,,queue-times.com
2026-08-03T08:31:19Z,2026-08-03,10,31,Disney Adventure World,Entry to World of Frozen,16247,OPERATING,STANDBY,0,,,queue-times.com
2026-08-03T08:31:19Z,2026-08-03,10,31,Disney Adventure World,Frozen Ever After,15413,OPERATING,STANDBY,45,,,queue-times.com
2026-08-03T08:31:19Z,2026-08-03,10,31,Disney Adventure World,Raiponce Tangled Spin,15415,OPERATING,STANDBY,5,,,queue-times.com
2026-08-03T08:45:52Z,2026-08-03,10,45,Disneyland Park,Adventure Isle,2702,OPERATING,STANDBY,0,,,queue-times.com
2026-08-03T08:45:52Z,2026-08-03,10,45,Disneyland Park,Indiana Jones and the Temple of Peril Single Rider,7306,OPERATING,STANDBY,5,,,queue-times.com
2026-08-03T08:45:52Z,2026-08-03,10,45,Disneyland Park,Indiana Jones™ and the Temple of Peril,2,OPERATING,STANDBY,25,,,queue-times.com
2026-08-03T08:45:52Z,2026-08-03,10,45,Disneyland Park,La Cabane des Robinson,1,OPERATING,STANDBY,5,,,queue-times.com
2026-08-03T08:45:52Z,2026-08-03,10,45,Disneyland Park,Le Passage Enchanté d'Aladdin,2703,OPERATING,STANDBY,0,,,queue-times.com
2026-08-03T08:45:52Z,2026-08-03,10,45,Disneyland Park,Pirate Galleon,2705,CLOSED,STANDBY,0,,,queue-times.com
2026-08-03T08:45:52Z,2026-08-03,10,45,Disneyland Park,Pirates of the Caribbean,3,OPERATING,STANDBY,10,,,queue-times.com
2026-08-03T08:45:52Z,2026-08-03,10,45,Disneyland Park,Pirates' Beach,2704,OPERATING,STANDBY,0,,,queue-times.com
2026-08-03T08:45:52Z,2026-08-03,10,45,Disneyland Park,"Autopia, presented by Avis",4,OPERATING,STANDBY,30,,,queue-times.com
2026-08-03T08:45:52Z,2026-08-03,10,45,Disneyland Park,Buzz Lightyear Laser Blast,5,CLOSED,STANDBY,0,,,queue-times.com
2026-08-03T08:45:52Z,2026-08-03,10,45,Disneyland Park,Disneyland Railroad Discoveryland Station,2706,CLOSED,STANDBY,0,,,queue-times.com
2026-08-03T08:45:52Z,2026-08-03,10,45,Disneyland Park,Les Mystères du Nautilus,6,OPERATING,STANDBY,5,,,queue-times.com
2026-08-03T08:45:52Z,2026-08-03,10,45,Disneyland Park,Mickey’s PhilharMagic,2707,CLOSED,STANDBY,0,,,queue-times.com
2026-08-03T08:45:52Z,2026-08-03,10,45,Disneyland Park,Orbitron®,7,OPERATING,STANDBY,55,,,queue-times.com
2026-08-03T08:45:52Z,2026-08-03,10,45,Disneyland Park,Star Tours: The Adventures Continue*,9,OPERATING,STANDBY,25,,,queue-times.com
2026-08-03T08:45:52Z,2026-08-03,10,45,Disneyland Park,Star Wars Hyperspace Mountain,8,OPERATING,STANDBY,35,,,queue-times.com
2026-08-03T08:45:52Z,2026-08-03,10,45,Disneyland Park,Star Wars Hyperspace Mountain Single Rider,7278,OPERATING,STANDBY,15,,,queue-times.com
2026-08-03T08:45:52Z,2026-08-03,10,45,Disneyland Park,Welcome to Starport: A Star Wars Encounter,4573,OPERATING,STANDBY,35,,,queue-times.com
2026-08-03T08:45:52Z,2026-08-03,10,45,Disneyland Park,"""it's a small world""",19,OPERATING,STANDBY,5,,,queue-times.com
2026-08-03T08:45:52Z,2026-08-03,10,45,Disneyland Park,Alice's Curious Labyrinth,14,OPERATING,STANDBY,5,,,queue-times.com
2026-08-03T08:45:52Z,2026-08-03,10,45,Disneyland Park,Blanche-Neige et les Sept Nains®,15,OPERATING,STANDBY,5,,,queue-times.com
2026-08-03T08:45:52Z,2026-08-03,10,45,Disneyland Park,Casey Jr. – le Petit Train du Cirque,17,OPERATING,STANDBY,5,,,queue-times.com
2026-08-03T08:45:52Z,2026-08-03,10,45,Disneyland Park,Disneyland Railroad Fantasyland Station,2711,CLOSED,STANDBY,0,,,queue-times.com
2026-08-03T08:45:52Z,2026-08-03,10,45,Disneyland Park,Disneyland Railroad Main Street Station,11,CLOSED,STANDBY,0,,,queue-times.com
2026-08-03T08:45:52Z,2026-08-03,10,45,Disneyland Park,Dumbo the Flying Elephant,18,OPERATING,STANDBY,30,,,queue-times.com
2026-08-03T08:45:52Z,2026-08-03,10,45,Disneyland Park,La Tanière du Dragon,2710,OPERATING,STANDBY,0,,,queue-times.com
2026-08-03T08:45:52Z,2026-08-03,10,45,Disneyland Park,Le Carrousel de Lancelot,16,OPERATING,STANDBY,5,,,queue-times.com
2026-08-03T08:45:52Z,2026-08-03,10,45,Disneyland Park,"Le Pays des Contes de Fées, presented by Vittel",21,OPERATING,STANDBY,5,,,queue-times.com
2026-08-03T08:45:52Z,2026-08-03,10,45,Disneyland Park,Les Voyages de Pinocchio,23,OPERATING,STANDBY,25,,,queue-times.com
2026-08-03T08:45:52Z,2026-08-03,10,45,Disneyland Park,Mad Hatter's Tea Cups,20,OPERATING,STANDBY,5,,,queue-times.com
2026-08-03T08:45:52Z,2026-08-03,10,45,Disneyland Park,Meet Mickey Mouse,13,OPERATING,STANDBY,0,,,queue-times.com
2026-08-03T08:45:52Z,2026-08-03,10,45,Disneyland Park,Peter Pan's Flight,22,OPERATING,STANDBY,50,,,queue-times.com
2026-08-03T08:45:52Z,2026-08-03,10,45,Disneyland Park,Princess Pavilion,24,OPERATING,STANDBY,0,,,queue-times.com
2026-08-03T08:45:52Z,2026-08-03,10,45,Disneyland Park,Big Thunder Mountain,25,OPERATING,STANDBY,50,,,queue-times.com
2026-08-03T08:45:52Z,2026-08-03,10,45,Disneyland Park,Disneyland Railroad Frontierland Depot,2714,CLOSED,STANDBY,0,,,queue-times.com
2026-08-03T08:45:52Z,2026-08-03,10,45,Disneyland Park,Frontierland Playground,2713,OPERATING,STANDBY,0,,,queue-times.com
2026-08-03T08:45:52Z,2026-08-03,10,45,Disneyland Park,Phantom Manor,26,OPERATING,STANDBY,5,,,queue-times.com
2026-08-03T08:45:52Z,2026-08-03,10,45,Disneyland Park,River Rogue Keelboats,27,CLOSED,STANDBY,0,,,queue-times.com
2026-08-03T08:45:52Z,2026-08-03,10,45,Disneyland Park,Rustler Roundup Shootin' Gallery,2712,OPERATING,STANDBY,0,,,queue-times.com
2026-08-03T08:45:52Z,2026-08-03,10,45,Disneyland Park,Thunder Mesa Riverboat Landing,28,OPERATING,STANDBY,20,,,queue-times.com
2026-08-03T08:45:52Z,2026-08-03,10,45,Disneyland Park,Disneyland Railroad Main Street Station,2708,CLOSED,STANDBY,0,,,queue-times.com
2026-08-03T08:45:52Z,2026-08-03,10,45,Disneyland Park,Main Street Vehicles,12,OPERATING,STANDBY,5,,,queue-times.com
2026-08-03T08:45:52Z,2026-08-03,10,45,Disney Adventure World,Avengers Assemble: Flight Force,10848,OPERATING,STANDBY,5,,,queue-times.com
2026-08-03T08:45:52Z,2026-08-03,10,45,Disney Adventure World,Avengers Assemble: Flight Force Single Rider,10849,OPERATING,STANDBY,5,,,queue-times.com
2026-08-03T08:45:52Z,2026-08-03,10,45,Disney Adventure World,Spider-Man W.E.B. Adventure,10845,OPERATING,STANDBY,45,,,queue-times.com
2026-08-03T08:45:52Z,2026-08-03,10,45,Disney Adventure World,Spider-Man W.E.B. Adventure Single Rider,10846,OPERATING,STANDBY,30,,,queue-times.com
2026-08-03T08:45:52Z,2026-08-03,10,45,Disney Adventure World,The Twilight Zone Tower of Terror,40,OPERATING,STANDBY,25,,,queue-times.com
2026-08-03T08:45:52Z,2026-08-03,10,45,Disney Adventure World,Cars Quatre Roues Rallye,31,OPERATING,STANDBY,15,,,queue-times.com
2026-08-03T08:45:52Z,2026-08-03,10,45,Disney Adventure World,Cars ROAD TRIP,29,OPERATING,STANDBY,10,,,queue-times.com
2026-08-03T08:45:52Z,2026-08-03,10,45,Disney Adventure World,Crush's Coaster,32,OPERATING,STANDBY,65,,,queue-times.com
2026-08-03T08:45:52Z,2026-08-03,10,45,Disney Adventure World,Crush's Coaster Single Rider,7277,OPERATING,STANDBY,40,,,queue-times.com
2026-08-03T08:45:52Z,2026-08-03,10,45,Disney Adventure World,Les Tapis Volants - Flying Carpets Over Agrabah®,33,OPERATING,STANDBY,10,,,queue-times.com
2026-08-03T08:45:52Z,2026-08-03,10,45,Disney Adventure World,Ratatouille : L’Aventure Totalement Toquée de Rémy​,37,OPERATING,STANDBY,50,,,queue-times.com
2026-08-03T08:45:52Z,2026-08-03,10,45,Disney Adventure World,Ratatouille: The Adventure Single Rider,7279,OPERATING,STANDBY,15,,,queue-times.com
2026-08-03T08:45:52Z,2026-08-03,10,45,Disney Adventure World,RC Racer,34,OPERATING,STANDBY,35,,,queue-times.com
2026-08-03T08:45:52Z,2026-08-03,10,45,Disney Adventure World,RC Racer Single Rider,7280,OPERATING,STANDBY,30,,,queue-times.com
2026-08-03T08:45:52Z,2026-08-03,10,45,Disney Adventure World,Slinky® Dog Zigzag Spin,36,OPERATING,STANDBY,15,,,queue-times.com
2026-08-03T08:45:52Z,2026-08-03,10,45,Disney Adventure World,Toy Soldiers Parachute Drop,35,OPERATING,STANDBY,50,,,queue-times.com
2026-08-03T08:45:52Z,2026-08-03,10,45,Disney Adventure World,Toy Soldiers Parachute Drop Single Rider,7281,OPERATING,STANDBY,5,,,queue-times.com
2026-08-03T08:45:52Z,2026-08-03,10,45,Disney Adventure World,Entry to World of Frozen,16247,OPERATING,STANDBY,0,,,queue-times.com
2026-08-03T08:45:52Z,2026-08-03,10,45,Disney Adventure World,Frozen Ever After,15413,OPERATING,STANDBY,50,,,queue-times.com
2026-08-03T08:45:52Z,2026-08-03,10,45,Disney Adventure World,Raiponce Tangled Spin,15415,OPERATING,STANDBY,5,,,queue-times.com
2026-08-03T09:02:04Z,2026-08-03,11,2,Disneyland Park,Adventure Isle,2702,OPERATING,STANDBY,0,,,queue-times.com
2026-08-03T09:02:04Z,2026-08-03,11,2,Disneyland Park,Indiana Jones and the Temple of Peril Single Rider,7306,OPERATING,STANDBY,20,,,queue-times.com
2026-08-03T09:02:04Z,2026-08-03,11,2,Disneyland Park,Indiana Jones™ and the Temple of Peril,2,OPERATING,STANDBY,25,,,queue-times.com
2026-08-03T09:02:04Z,2026-08-03,11,2,Disneyland Park,La Cabane des Robinson,1,OPERATING,STANDBY,5,,,queue-times.com
2026-08-03T09:02:04Z,2026-08-03,11,2,Disneyland Park,Le Passage Enchanté d'Aladdin,2703,OPERATING,STANDBY,0,,,queue-times.com
2026-08-03T09:02:04Z,2026-08-03,11,2,Disneyland Park,Pirate Galleon,2705,CLOSED,STANDBY,0,,,queue-times.com
2026-08-03T09:02:04Z,2026-08-03,11,2,Disneyland Park,Pirates of the Caribbean,3,OPERATING,STANDBY,20,,,queue-times.com
2026-08-03T09:02:04Z,2026-08-03,11,2,Disneyland Park,Pirates' Beach,2704,OPERATING,STANDBY,0,,,queue-times.com
2026-08-03T09:02:04Z,2026-08-03,11,2,Disneyland Park,"Autopia, presented by Avis",4,OPERATING,STANDBY,90,,,queue-times.com
2026-08-03T09:02:04Z,2026-08-03,11,2,Disneyland Park,Buzz Lightyear Laser Blast,5,OPERATING,STANDBY,25,,,queue-times.com
2026-08-03T09:02:04Z,2026-08-03,11,2,Disneyland Park,Disneyland Railroad Discoveryland Station,2706,CLOSED,STANDBY,0,,,queue-times.com
2026-08-03T09:02:04Z,2026-08-03,11,2,Disneyland Park,Les Mystères du Nautilus,6,OPERATING,STANDBY,5,,,queue-times.com
2026-08-03T09:02:04Z,2026-08-03,11,2,Disneyland Park,Mickey’s PhilharMagic,2707,CLOSED,STANDBY,0,,,queue-times.com
2026-08-03T09:02:04Z,2026-08-03,11,2,Disneyland Park,Orbitron®,7,OPERATING,STANDBY,45,,,queue-times.com
2026-08-03T09:02:04Z,2026-08-03,11,2,Disneyland Park,Star Tours: The Adventures Continue*,9,OPERATING,STANDBY,35,,,queue-times.com
2026-08-03T09:02:04Z,2026-08-03,11,2,Disneyland Park,Star Wars Hyperspace Mountain,8,OPERATING,STANDBY,40,,,queue-times.com
2026-08-03T09:02:04Z,2026-08-03,11,2,Disneyland Park,Star Wars Hyperspace Mountain Single Rider,7278,OPERATING,STANDBY,25,,,queue-times.com
2026-08-03T09:02:04Z,2026-08-03,11,2,Disneyland Park,Welcome to Starport: A Star Wars Encounter,4573,OPERATING,STANDBY,20,,,queue-times.com
2026-08-03T09:02:04Z,2026-08-03,11,2,Disneyland Park,"""it's a small world""",19,OPERATING,STANDBY,5,,,queue-times.com
2026-08-03T09:02:04Z,2026-08-03,11,2,Disneyland Park,Alice's Curious Labyrinth,14,OPERATING,STANDBY,5,,,queue-times.com
2026-08-03T09:02:04Z,2026-08-03,11,2,Disneyland Park,Blanche-Neige et les Sept Nains®,15,OPERATING,STANDBY,10,,,queue-times.com
2026-08-03T09:02:04Z,2026-08-03,11,2,Disneyland Park,Casey Jr. – le Petit Train du Cirque,17,OPERATING,STANDBY,10,,,queue-times.com
2026-08-03T09:02:04Z,2026-08-03,11,2,Disneyland Park,Disneyland Railroad Fantasyland Station,2711,CLOSED,STANDBY,0,,,queue-times.com
2026-08-03T09:02:04Z,2026-08-03,11,2,Disneyland Park,Disneyland Railroad Main Street Station,11,CLOSED,STANDBY,0,,,queue-times.com
2026-08-03T09:02:04Z,2026-08-03,11,2,Disneyland Park,Dumbo the Flying Elephant,18,OPERATING,STANDBY,30,,,queue-times.com
2026-08-03T09:02:04Z,2026-08-03,11,2,Disneyland Park,La Tanière du Dragon,2710,OPERATING,STANDBY,0,,,queue-times.com
2026-08-03T09:02:04Z,2026-08-03,11,2,Disneyland Park,Le Carrousel de Lancelot,16,OPERATING,STANDBY,10,,,queue-times.com
2026-08-03T09:02:04Z,2026-08-03,11,2,Disneyland Park,"Le Pays des Contes de Fées, presented by Vittel",21,OPERATING,STANDBY,5,,,queue-times.com
2026-08-03T09:02:04Z,2026-08-03,11,2,Disneyland Park,Les Voyages de Pinocchio,23,OPERATING,STANDBY,15,,,queue-times.com
2026-08-03T09:02:04Z,2026-08-03,11,2,Disneyland Park,Mad Hatter's Tea Cups,20,OPERATING,STANDBY,5,,,queue-times.com
2026-08-03T09:02:04Z,2026-08-03,11,2,Disneyland Park,Meet Mickey Mouse,13,OPERATING,STANDBY,0,,,queue-times.com
2026-08-03T09:02:04Z,2026-08-03,11,2,Disneyland Park,Peter Pan's Flight,22,OPERATING,STANDBY,40,,,queue-times.com
2026-08-03T09:02:04Z,2026-08-03,11,2,Disneyland Park,Princess Pavilion,24,OPERATING,STANDBY,0,,,queue-times.com
2026-08-03T09:02:04Z,2026-08-03,11,2,Disneyland Park,Big Thunder Mountain,25,OPERATING,STANDBY,70,,,queue-times.com
2026-08-03T09:02:04Z,2026-08-03,11,2,Disneyland Park,Disneyland Railroad Frontierland Depot,2714,CLOSED,STANDBY,0,,,queue-times.com
2026-08-03T09:02:04Z,2026-08-03,11,2,Disneyland Park,Frontierland Playground,2713,OPERATING,STANDBY,0,,,queue-times.com
2026-08-03T09:02:04Z,2026-08-03,11,2,Disneyland Park,Phantom Manor,26,OPERATING,STANDBY,10,,,queue-times.com
2026-08-03T09:02:04Z,2026-08-03,11,2,Disneyland Park,River Rogue Keelboats,27,CLOSED,STANDBY,0,,,queue-times.com
2026-08-03T09:02:04Z,2026-08-03,11,2,Disneyland Park,Rustler Roundup Shootin' Gallery,2712,OPERATING,STANDBY,0,,,queue-times.com
2026-08-03T09:02:04Z,2026-08-03,11,2,Disneyland Park,Thunder Mesa Riverboat Landing,28,OPERATING,STANDBY,20,,,queue-times.com
2026-08-03T09:02:04Z,2026-08-03,11,2,Disneyland Park,Disneyland Railroad Main Street Station,2708,CLOSED,STANDBY,0,,,queue-times.com
2026-08-03T09:02:04Z,2026-08-03,11,2,Disneyland Park,Main Street Vehicles,12,CLOSED,STANDBY,0,,,queue-times.com
2026-08-03T09:02:04Z,2026-08-03,11,2,Disney Adventure World,Avengers Assemble: Flight Force,10848,OPERATING,STANDBY,10,,,queue-times.com
2026-08-03T09:02:04Z,2026-08-03,11,2,Disney Adventure World,Avengers Assemble: Flight Force Single Rider,10849,OPERATING,STANDBY,5,,,queue-times.com
2026-08-03T09:02:04Z,2026-08-03,11,2,Disney Adventure World,Spider-Man W.E.B. Adventure,10845,OPERATING,STANDBY,60,,,queue-times.com
2026-08-03T09:02:04Z,2026-08-03,11,2,Disney Adventure World,Spider-Man W.E.B. Adventure Single Rider,10846,OPERATING,STANDBY,20,,,queue-times.com
2026-08-03T09:02:04Z,2026-08-03,11,2,Disney Adventure World,The Twilight Zone Tower of Terror,40,OPERATING,STANDBY,35,,,queue-times.com
2026-08-03T09:02:04Z,2026-08-03,11,2,Disney Adventure World,Cars Quatre Roues Rallye,31,OPERATING,STANDBY,15,,,queue-times.com
2026-08-03T09:02:04Z,2026-08-03,11,2,Disney Adventure World,Cars ROAD TRIP,29,OPERATING,STANDBY,25,,,queue-times.com
2026-08-03T09:02:04Z,2026-08-03,11,2,Disney Adventure World,Crush's Coaster,32,OPERATING,STANDBY,65,,,queue-times.com
2026-08-03T09:02:04Z,2026-08-03,11,2,Disney Adventure World,Crush's Coaster Single Rider,7277,OPERATING,STANDBY,50,,,queue-times.com
2026-08-03T09:02:04Z,2026-08-03,11,2,Disney Adventure World,Les Tapis Volants - Flying Carpets Over Agrabah®,33,OPERATING,STANDBY,10,,,queue-times.com
2026-08-03T09:02:04Z,2026-08-03,11,2,Disney Adventure World,Ratatouille : L’Aventure Totalement Toquée de Rémy​,37,OPERATING,STANDBY,45,,,queue-times.com
2026-08-03T09:02:04Z,2026-08-03,11,2,Disney Adventure World,Ratatouille: The Adventure Single Rider,7279,OPERATING,STANDBY,10,,,queue-times.com
2026-08-03T09:02:04Z,2026-08-03,11,2,Disney Adventure World,RC Racer,34,OPERATING,STANDBY,45,,,queue-times.com
2026-08-03T09:02:04Z,2026-08-03,11,2,Disney Adventure World,RC Racer Single Rider,7280,OPERATING,STANDBY,20,,,queue-times.com
2026-08-03T09:02:04Z,2026-08-03,11,2,Disney Adventure World,Slinky® Dog Zigzag Spin,36,OPERATING,STANDBY,20,,,queue-times.com
2026-08-03T09:02:04Z,2026-08-03,11,2,Disney Adventure World,Toy Soldiers Parachute Drop,35,OPERATING,STANDBY,45,,,queue-times.com
2026-08-03T09:02:04Z,2026-08-03,11,2,Disney Adventure World,Toy Soldiers Parachute Drop Single Rider,7281,OPERATING,STANDBY,15,,,queue-times.com
2026-08-03T09:02:04Z,2026-08-03,11,2,Disney Adventure World,Entry to World of Frozen,16247,OPERATING,STANDBY,0,,,queue-times.com
2026-08-03T09:02:04Z,2026-08-03,11,2,Disney Adventure World,Frozen Ever After,15413,OPERATING,STANDBY,60,,,queue-times.com
2026-08-03T09:02:04Z,2026-08-03,11,2,Disney Adventure World,Raiponce Tangled Spin,15415,OPERATING,STANDBY,10,,,queue-times.com
2026-08-03T09:17:05Z,2026-08-03,11,17,Disneyland Park,Adventure Isle,2702,OPERATING,STANDBY,0,,,queue-times.com
2026-08-03T09:17:05Z,2026-08-03,11,17,Disneyland Park,Indiana Jones and the Temple of Peril Single Rider,7306,OPERATING,STANDBY,15,,,queue-times.com
2026-08-03T09:17:05Z,2026-08-03,11,17,Disneyland Park,Indiana Jones™ and the Temple of Peril,2,OPERATING,STANDBY,25,,,queue-times.com
2026-08-03T09:17:05Z,2026-08-03,11,17,Disneyland Park,La Cabane des Robinson,1,OPERATING,STANDBY,5,,,queue-times.com
2026-08-03T09:17:05Z,2026-08-03,11,17,Disneyland Park,Le Passage Enchanté d'Aladdin,2703,OPERATING,STANDBY,0,,,queue-times.com
2026-08-03T09:17:05Z,2026-08-03,11,17,Disneyland Park,Pirate Galleon,2705,CLOSED,STANDBY,0,,,queue-times.com
2026-08-03T09:17:05Z,2026-08-03,11,17,Disneyland Park,Pirates of the Caribbean,3,OPERATING,STANDBY,20,,,queue-times.com
2026-08-03T09:17:05Z,2026-08-03,11,17,Disneyland Park,Pirates' Beach,2704,OPERATING,STANDBY,0,,,queue-times.com
2026-08-03T09:17:05Z,2026-08-03,11,17,Disneyland Park,"Autopia, presented by Avis",4,OPERATING,STANDBY,80,,,queue-times.com
2026-08-03T09:17:05Z,2026-08-03,11,17,Disneyland Park,Buzz Lightyear Laser Blast,5,OPERATING,STANDBY,35,,,queue-times.com
2026-08-03T09:17:05Z,2026-08-03,11,17,Disneyland Park,Disneyland Railroad Discoveryland Station,2706,CLOSED,STANDBY,0,,,queue-times.com
2026-08-03T09:17:05Z,2026-08-03,11,17,Disneyland Park,Les Mystères du Nautilus,6,OPERATING,STANDBY,5,,,queue-times.com
2026-08-03T09:17:05Z,2026-08-03,11,17,Disneyland Park,Mickey’s PhilharMagic,2707,CLOSED,STANDBY,0,,,queue-times.com
2026-08-03T09:17:05Z,2026-08-03,11,17,Disneyland Park,Orbitron®,7,OPERATING,STANDBY,35,,,queue-times.com
2026-08-03T09:17:05Z,2026-08-03,11,17,Disneyland Park,Star Tours: The Adventures Continue*,9,OPERATING,STANDBY,25,,,queue-times.com
2026-08-03T09:17:05Z,2026-08-03,11,17,Disneyland Park,Star Wars Hyperspace Mountain,8,OPERATING,STANDBY,25,,,queue-times.com
2026-08-03T09:17:05Z,2026-08-03,11,17,Disneyland Park,Star Wars Hyperspace Mountain Single Rider,7278,OPERATING,STANDBY,10,,,queue-times.com
2026-08-03T09:17:05Z,2026-08-03,11,17,Disneyland Park,Welcome to Starport: A Star Wars Encounter,4573,OPERATING,STANDBY,20,,,queue-times.com
2026-08-03T09:17:05Z,2026-08-03,11,17,Disneyland Park,"""it's a small world""",19,OPERATING,STANDBY,5,,,queue-times.com
2026-08-03T09:17:05Z,2026-08-03,11,17,Disneyland Park,Alice's Curious Labyrinth,14,OPERATING,STANDBY,5,,,queue-times.com
2026-08-03T09:17:05Z,2026-08-03,11,17,Disneyland Park,Blanche-Neige et les Sept Nains®,15,OPERATING,STANDBY,20,,,queue-times.com
2026-08-03T09:17:05Z,2026-08-03,11,17,Disneyland Park,Casey Jr. – le Petit Train du Cirque,17,OPERATING,STANDBY,10,,,queue-times.com
2026-08-03T09:17:05Z,2026-08-03,11,17,Disneyland Park,Disneyland Railroad Fantasyland Station,2711,CLOSED,STANDBY,0,,,queue-times.com
2026-08-03T09:17:05Z,2026-08-03,11,17,Disneyland Park,Disneyland Railroad Main Street Station,11,CLOSED,STANDBY,0,,,queue-times.com
2026-08-03T09:17:05Z,2026-08-03,11,17,Disneyland Park,Dumbo the Flying Elephant,18,OPERATING,STANDBY,30,,,queue-times.com
2026-08-03T09:17:05Z,2026-08-03,11,17,Disneyland Park,La Tanière du Dragon,2710,OPERATING,STANDBY,0,,,queue-times.com
2026-08-03T09:17:05Z,2026-08-03,11,17,Disneyland Park,Le Carrousel de Lancelot,16,OPERATING,STANDBY,10,,,queue-times.com
2026-08-03T09:17:05Z,2026-08-03,11,17,Disneyland Park,"Le Pays des Contes de Fées, presented by Vittel",21,OPERATING,STANDBY,5,,,queue-times.com
2026-08-03T09:17:05Z,2026-08-03,11,17,Disneyland Park,Les Voyages de Pinocchio,23,OPERATING,STANDBY,15,,,queue-times.com
2026-08-03T09:17:05Z,2026-08-03,11,17,Disneyland Park,Mad Hatter's Tea Cups,20,OPERATING,STANDBY,5,,,queue-times.com
2026-08-03T09:17:05Z,2026-08-03,11,17,Disneyland Park,Meet Mickey Mouse,13,OPERATING,STANDBY,0,,,queue-times.com
2026-08-03T09:17:05Z,2026-08-03,11,17,Disneyland Park,Peter Pan's Flight,22,OPERATING,STANDBY,55,,,queue-times.com
2026-08-03T09:17:05Z,2026-08-03,11,17,Disneyland Park,Princess Pavilion,24,OPERATING,STANDBY,0,,,queue-times.com
2026-08-03T09:17:05Z,2026-08-03,11,17,Disneyland Park,Big Thunder Mountain,25,OPERATING,STANDBY,65,,,queue-times.com
2026-08-03T09:17:05Z,2026-08-03,11,17,Disneyland Park,Disneyland Railroad Frontierland Depot,2714,CLOSED,STANDBY,0,,,queue-times.com
2026-08-03T09:17:05Z,2026-08-03,11,17,Disneyland Park,Frontierland Playground,2713,OPERATING,STANDBY,0,,,queue-times.com
2026-08-03T09:17:05Z,2026-08-03,11,17,Disneyland Park,Phantom Manor,26,OPERATING,STANDBY,15,,,queue-times.com
2026-08-03T09:17:05Z,2026-08-03,11,17,Disneyland Park,River Rogue Keelboats,27,CLOSED,STANDBY,0,,,queue-times.com
2026-08-03T09:17:05Z,2026-08-03,11,17,Disneyland Park,Rustler Roundup Shootin' Gallery,2712,OPERATING,STANDBY,0,,,queue-times.com
2026-08-03T09:17:05Z,2026-08-03,11,17,Disneyland Park,Thunder Mesa Riverboat Landing,28,OPERATING,STANDBY,20,,,queue-times.com
2026-08-03T09:17:05Z,2026-08-03,11,17,Disneyland Park,Disneyland Railroad Main Street Station,2708,CLOSED,STANDBY,0,,,queue-times.com
2026-08-03T09:17:05Z,2026-08-03,11,17,Disneyland Park,Main Street Vehicles,12,CLOSED,STANDBY,0,,,queue-times.com
2026-08-03T09:17:05Z,2026-08-03,11,17,Disney Adventure World,Avengers Assemble: Flight Force,10848,OPERATING,STANDBY,25,,,queue-times.com
2026-08-03T09:17:05Z,2026-08-03,11,17,Disney Adventure World,Avengers Assemble: Flight Force Single Rider,10849,OPERATING,STANDBY,20,,,queue-times.com
2026-08-03T09:17:05Z,2026-08-03,11,17,Disney Adventure World,Spider-Man W.E.B. Adventure,10845,OPERATING,STANDBY,50,,,queue-times.com
2026-08-03T09:17:05Z,2026-08-03,11,17,Disney Adventure World,Spider-Man W.E.B. Adventure Single Rider,10846,OPERATING,STANDBY,20,,,queue-times.com
2026-08-03T09:17:05Z,2026-08-03,11,17,Disney Adventure World,The Twilight Zone Tower of Terror,40,OPERATING,STANDBY,20,,,queue-times.com
2026-08-03T09:17:05Z,2026-08-03,11,17,Disney Adventure World,Cars Quatre Roues Rallye,31,OPERATING,STANDBY,15,,,queue-times.com
2026-08-03T09:17:05Z,2026-08-03,11,17,Disney Adventure World,Cars ROAD TRIP,29,OPERATING,STANDBY,15,,,queue-times.com
2026-08-03T09:17:05Z,2026-08-03,11,17,Disney Adventure World,Crush's Coaster,32,OPERATING,STANDBY,85,,,queue-times.com
2026-08-03T09:17:05Z,2026-08-03,11,17,Disney Adventure World,Crush's Coaster Single Rider,7277,OPERATING,STANDBY,40,,,queue-times.com
2026-08-03T09:17:05Z,2026-08-03,11,17,Disney Adventure World,Les Tapis Volants - Flying Carpets Over Agrabah®,33,OPERATING,STANDBY,20,,,queue-times.com
2026-08-03T09:17:05Z,2026-08-03,11,17,Disney Adventure World,Ratatouille : L’Aventure Totalement Toquée de Rémy​,37,OPERATING,STANDBY,50,,,queue-times.com
2026-08-03T09:17:05Z,2026-08-03,11,17,Disney Adventure World,Ratatouille: The Adventure Single Rider,7279,OPERATING,STANDBY,10,,,queue-times.com
2026-08-03T09:17:05Z,2026-08-03,11,17,Disney Adventure World,RC Racer,34,OPERATING,STANDBY,50,,,queue-times.com
2026-08-03T09:17:05Z,2026-08-03,11,17,Disney Adventure World,RC Racer Single Rider,7280,OPERATING,STANDBY,40,,,queue-times.com
2026-08-03T09:17:05Z,2026-08-03,11,17,Disney Adventure World,Slinky® Dog Zigzag Spin,36,OPERATING,STANDBY,25,,,queue-times.com
2026-08-03T09:17:05Z,2026-08-03,11,17,Disney Adventure World,Toy Soldiers Parachute Drop,35,OPERATING,STANDBY,45,,,queue-times.com
2026-08-03T09:17:05Z,2026-08-03,11,17,Disney Adventure World,Toy Soldiers Parachute Drop Single Rider,7281,OPERATING,STANDBY,15,,,queue-times.com
2026-08-03T09:17:05Z,2026-08-03,11,17,Disney Adventure World,Entry to World of Frozen,16247,OPERATING,STANDBY,0,,,queue-times.com
2026-08-03T09:17:05Z,2026-08-03,11,17,Disney Adventure World,Frozen Ever After,15413,OPERATING,STANDBY,60,,,queue-times.com
2026-08-03T09:17:05Z,2026-08-03,11,17,Disney Adventure World,Raiponce Tangled Spin,15415,OPERATING,STANDBY,10,,,queue-times.com
2026-08-03T09:31:04Z,2026-08-03,11,31,Disneyland Park,Adventure Isle,2702,OPERATING,STANDBY,0,,,queue-times.com
2026-08-03T09:31:04Z,2026-08-03,11,31,Disneyland Park,Indiana Jones and the Temple of Peril Single Rider,7306,OPERATING,STANDBY,5,,,queue-times.com
2026-08-03T09:31:04Z,2026-08-03,11,31,Disneyland Park,Indiana Jones™ and the Temple of Peril,2,OPERATING,STANDBY,25,,,queue-times.com
2026-08-03T09:31:04Z,2026-08-03,11,31,Disneyland Park,La Cabane des Robinson,1,OPERATING,STANDBY,5,,,queue-times.com
2026-08-03T09:31:04Z,2026-08-03,11,31,Disneyland Park,Le Passage Enchanté d'Aladdin,2703,OPERATING,STANDBY,0,,,queue-times.com
2026-08-03T09:31:04Z,2026-08-03,11,31,Disneyland Park,Pirate Galleon,2705,CLOSED,STANDBY,0,,,queue-times.com
2026-08-03T09:31:04Z,2026-08-03,11,31,Disneyland Park,Pirates of the Caribbean,3,OPERATING,STANDBY,15,,,queue-times.com
2026-08-03T09:31:04Z,2026-08-03,11,31,Disneyland Park,Pirates' Beach,2704,OPERATING,STANDBY,0,,,queue-times.com
2026-08-03T09:31:04Z,2026-08-03,11,31,Disneyland Park,"Autopia, presented by Avis",4,OPERATING,STANDBY,70,,,queue-times.com
2026-08-03T09:31:04Z,2026-08-03,11,31,Disneyland Park,Buzz Lightyear Laser Blast,5,OPERATING,STANDBY,40,,,queue-times.com
2026-08-03T09:31:04Z,2026-08-03,11,31,Disneyland Park,Disneyland Railroad Discoveryland Station,2706,CLOSED,STANDBY,0,,,queue-times.com
2026-08-03T09:31:04Z,2026-08-03,11,31,Disneyland Park,Les Mystères du Nautilus,6,OPERATING,STANDBY,5,,,queue-times.com
2026-08-03T09:31:04Z,2026-08-03,11,31,Disneyland Park,Mickey’s PhilharMagic,2707,CLOSED,STANDBY,0,,,queue-times.com
2026-08-03T09:31:04Z,2026-08-03,11,31,Disneyland Park,Orbitron®,7,OPERATING,STANDBY,35,,,queue-times.com
2026-08-03T09:31:04Z,2026-08-03,11,31,Disneyland Park,Star Tours: The Adventures Continue*,9,OPERATING,STANDBY,30,,,queue-times.com
2026-08-03T09:31:04Z,2026-08-03,11,31,Disneyland Park,Star Wars Hyperspace Mountain,8,OPERATING,STANDBY,25,,,queue-times.com
2026-08-03T09:31:04Z,2026-08-03,11,31,Disneyland Park,Star Wars Hyperspace Mountain Single Rider,7278,OPERATING,STANDBY,20,,,queue-times.com
2026-08-03T09:31:04Z,2026-08-03,11,31,Disneyland Park,Welcome to Starport: A Star Wars Encounter,4573,OPERATING,STANDBY,10,,,queue-times.com
2026-08-03T09:31:04Z,2026-08-03,11,31,Disneyland Park,"""it's a small world""",19,OPERATING,STANDBY,5,,,queue-times.com
2026-08-03T09:31:04Z,2026-08-03,11,31,Disneyland Park,Alice's Curious Labyrinth,14,OPERATING,STANDBY,5,,,queue-times.com
2026-08-03T09:31:04Z,2026-08-03,11,31,Disneyland Park,Blanche-Neige et les Sept Nains®,15,OPERATING,STANDBY,15,,,queue-times.com
2026-08-03T09:31:04Z,2026-08-03,11,31,Disneyland Park,Casey Jr. – le Petit Train du Cirque,17,OPERATING,STANDBY,10,,,queue-times.com
2026-08-03T09:31:04Z,2026-08-03,11,31,Disneyland Park,Disneyland Railroad Fantasyland Station,2711,CLOSED,STANDBY,0,,,queue-times.com
2026-08-03T09:31:04Z,2026-08-03,11,31,Disneyland Park,Disneyland Railroad Main Street Station,11,CLOSED,STANDBY,0,,,queue-times.com
2026-08-03T09:31:04Z,2026-08-03,11,31,Disneyland Park,Dumbo the Flying Elephant,18,OPERATING,STANDBY,30,,,queue-times.com
2026-08-03T09:31:04Z,2026-08-03,11,31,Disneyland Park,La Tanière du Dragon,2710,OPERATING,STANDBY,0,,,queue-times.com
2026-08-03T09:31:04Z,2026-08-03,11,31,Disneyland Park,Le Carrousel de Lancelot,16,OPERATING,STANDBY,10,,,queue-times.com
2026-08-03T09:31:04Z,2026-08-03,11,31,Disneyland Park,"Le Pays des Contes de Fées, presented by Vittel",21,OPERATING,STANDBY,5,,,queue-times.com
2026-08-03T09:31:04Z,2026-08-03,11,31,Disneyland Park,Les Voyages de Pinocchio,23,OPERATING,STANDBY,15,,,queue-times.com
2026-08-03T09:31:04Z,2026-08-03,11,31,Disneyland Park,Mad Hatter's Tea Cups,20,OPERATING,STANDBY,5,,,queue-times.com
2026-08-03T09:31:04Z,2026-08-03,11,31,Disneyland Park,Meet Mickey Mouse,13,OPERATING,STANDBY,0,,,queue-times.com
2026-08-03T09:31:04Z,2026-08-03,11,31,Disneyland Park,Peter Pan's Flight,22,OPERATING,STANDBY,40,,,queue-times.com
2026-08-03T09:31:04Z,2026-08-03,11,31,Disneyland Park,Princess Pavilion,24,OPERATING,STANDBY,0,,,queue-times.com
2026-08-03T09:31:04Z,2026-08-03,11,31,Disneyland Park,Big Thunder Mountain,25,OPERATING,STANDBY,65,,,queue-times.com
2026-08-03T09:31:04Z,2026-08-03,11,31,Disneyland Park,Disneyland Railroad Frontierland Depot,2714,CLOSED,STANDBY,0,,,queue-times.com
2026-08-03T09:31:04Z,2026-08-03,11,31,Disneyland Park,Frontierland Playground,2713,OPERATING,STANDBY,0,,,queue-times.com
2026-08-03T09:31:04Z,2026-08-03,11,31,Disneyland Park,Phantom Manor,26,OPERATING,STANDBY,15,,,queue-times.com
2026-08-03T09:31:04Z,2026-08-03,11,31,Disneyland Park,River Rogue Keelboats,27,CLOSED,STANDBY,0,,,queue-times.com
2026-08-03T09:31:04Z,2026-08-03,11,31,Disneyland Park,Rustler Roundup Shootin' Gallery,2712,OPERATING,STANDBY,0,,,queue-times.com
2026-08-03T09:31:04Z,2026-08-03,11,31,Disneyland Park,Thunder Mesa Riverboat Landing,28,OPERATING,STANDBY,20,,,queue-times.com
2026-08-03T09:31:04Z,2026-08-03,11,31,Disneyland Park,Disneyland Railroad Main Street Station,2708,CLOSED,STANDBY,0,,,queue-times.com
2026-08-03T09:31:04Z,2026-08-03,11,31,Disneyland Park,Main Street Vehicles,12,CLOSED,STANDBY,0,,,queue-times.com
2026-08-03T09:31:04Z,2026-08-03,11,31,Disney Adventure World,Avengers Assemble: Flight Force,10848,OPERATING,STANDBY,30,,,queue-times.com
2026-08-03T09:31:04Z,2026-08-03,11,31,Disney Adventure World,Avengers Assemble: Flight Force Single Rider,10849,OPERATING,STANDBY,20,,,queue-times.com
2026-08-03T09:31:04Z,2026-08-03,11,31,Disney Adventure World,Spider-Man W.E.B. Adventure,10845,OPERATING,STANDBY,45,,,queue-times.com
2026-08-03T09:31:04Z,2026-08-03,11,31,Disney Adventure World,Spider-Man W.E.B. Adventure Single Rider,10846,OPERATING,STANDBY,20,,,queue-times.com
2026-08-03T09:31:04Z,2026-08-03,11,31,Disney Adventure World,The Twilight Zone Tower of Terror,40,OPERATING,STANDBY,30,,,queue-times.com
2026-08-03T09:31:04Z,2026-08-03,11,31,Disney Adventure World,Cars Quatre Roues Rallye,31,OPERATING,STANDBY,10,,,queue-times.com
2026-08-03T09:31:04Z,2026-08-03,11,31,Disney Adventure World,Cars ROAD TRIP,29,OPERATING,STANDBY,15,,,queue-times.com
2026-08-03T09:31:04Z,2026-08-03,11,31,Disney Adventure World,Crush's Coaster,32,OPERATING,STANDBY,90,,,queue-times.com
2026-08-03T09:31:04Z,2026-08-03,11,31,Disney Adventure World,Crush's Coaster Single Rider,7277,OPERATING,STANDBY,50,,,queue-times.com
2026-08-03T09:31:04Z,2026-08-03,11,31,Disney Adventure World,Les Tapis Volants - Flying Carpets Over Agrabah®,33,OPERATING,STANDBY,15,,,queue-times.com
2026-08-03T09:31:04Z,2026-08-03,11,31,Disney Adventure World,Ratatouille : L’Aventure Totalement Toquée de Rémy​,37,CLOSED,STANDBY,0,,,queue-times.com
2026-08-03T09:31:04Z,2026-08-03,11,31,Disney Adventure World,Ratatouille: The Adventure Single Rider,7279,CLOSED,STANDBY,0,,,queue-times.com
2026-08-03T09:31:04Z,2026-08-03,11,31,Disney Adventure World,RC Racer,34,OPERATING,STANDBY,50,,,queue-times.com
2026-08-03T09:31:04Z,2026-08-03,11,31,Disney Adventure World,RC Racer Single Rider,7280,OPERATING,STANDBY,40,,,queue-times.com
2026-08-03T09:31:04Z,2026-08-03,11,31,Disney Adventure World,Slinky® Dog Zigzag Spin,36,OPERATING,STANDBY,20,,,queue-times.com
2026-08-03T09:31:04Z,2026-08-03,11,31,Disney Adventure World,Toy Soldiers Parachute Drop,35,OPERATING,STANDBY,45,,,queue-times.com
2026-08-03T09:31:04Z,2026-08-03,11,31,Disney Adventure World,Toy Soldiers Parachute Drop Single Rider,7281,OPERATING,STANDBY,15,,,queue-times.com
2026-08-03T09:31:04Z,2026-08-03,11,31,Disney Adventure World,Entry to World of Frozen,16247,OPERATING,STANDBY,0,,,queue-times.com
2026-08-03T09:31:04Z,2026-08-03,11,31,Disney Adventure World,Frozen Ever After,15413,OPERATING,STANDBY,60,,,queue-times.com
2026-08-03T09:31:04Z,2026-08-03,11,31,Disney Adventure World,Raiponce Tangled Spin,15415,OPERATING,STANDBY,10,,,queue-times.com
2026-08-03T09:45:45Z,2026-08-03,11,45,Disneyland Park,Adventure Isle,2702,OPERATING,STANDBY,0,,,queue-times.com
2026-08-03T09:45:45Z,2026-08-03,11,45,Disneyland Park,Indiana Jones and the Temple of Peril Single Rider,7306,OPERATING,STANDBY,5,,,queue-times.com
2026-08-03T09:45:45Z,2026-08-03,11,45,Disneyland Park,Indiana Jones™ and the Temple of Peril,2,OPERATING,STANDBY,25,,,queue-times.com
2026-08-03T09:45:45Z,2026-08-03,11,45,Disneyland Park,La Cabane des Robinson,1,OPERATING,STANDBY,5,,,queue-times.com
2026-08-03T09:45:45Z,2026-08-03,11,45,Disneyland Park,Le Passage Enchanté d'Aladdin,2703,OPERATING,STANDBY,0,,,queue-times.com
2026-08-03T09:45:45Z,2026-08-03,11,45,Disneyland Park,Pirate Galleon,2705,CLOSED,STANDBY,0,,,queue-times.com
2026-08-03T09:45:45Z,2026-08-03,11,45,Disneyland Park,Pirates of the Caribbean,3,OPERATING,STANDBY,15,,,queue-times.com
2026-08-03T09:45:45Z,2026-08-03,11,45,Disneyland Park,Pirates' Beach,2704,OPERATING,STANDBY,0,,,queue-times.com
2026-08-03T09:45:45Z,2026-08-03,11,45,Disneyland Park,"Autopia, presented by Avis",4,CLOSED,STANDBY,0,,,queue-times.com
2026-08-03T09:45:45Z,2026-08-03,11,45,Disneyland Park,Buzz Lightyear Laser Blast,5,OPERATING,STANDBY,40,,,queue-times.com
2026-08-03T09:45:45Z,2026-08-03,11,45,Disneyland Park,Disneyland Railroad Discoveryland Station,2706,CLOSED,STANDBY,0,,,queue-times.com
2026-08-03T09:45:45Z,2026-08-03,11,45,Disneyland Park,Les Mystères du Nautilus,6,OPERATING,STANDBY,5,,,queue-times.com
2026-08-03T09:45:45Z,2026-08-03,11,45,Disneyland Park,Mickey’s PhilharMagic,2707,CLOSED,STANDBY,0,,,queue-times.com
2026-08-03T09:45:45Z,2026-08-03,11,45,Disneyland Park,Orbitron®,7,OPERATING,STANDBY,35,,,queue-times.com
2026-08-03T09:45:45Z,2026-08-03,11,45,Disneyland Park,Star Tours: The Adventures Continue*,9,OPERATING,STANDBY,20,,,queue-times.com
2026-08-03T09:45:45Z,2026-08-03,11,45,Disneyland Park,Star Wars Hyperspace Mountain,8,OPERATING,STANDBY,25,,,queue-times.com
2026-08-03T09:45:45Z,2026-08-03,11,45,Disneyland Park,Star Wars Hyperspace Mountain Single Rider,7278,OPERATING,STANDBY,10,,,queue-times.com
2026-08-03T09:45:45Z,2026-08-03,11,45,Disneyland Park,Welcome to Starport: A Star Wars Encounter,4573,OPERATING,STANDBY,10,,,queue-times.com
2026-08-03T09:45:45Z,2026-08-03,11,45,Disneyland Park,"""it's a small world""",19,OPERATING,STANDBY,5,,,queue-times.com
2026-08-03T09:45:45Z,2026-08-03,11,45,Disneyland Park,Alice's Curious Labyrinth,14,OPERATING,STANDBY,5,,,queue-times.com
2026-08-03T09:45:45Z,2026-08-03,11,45,Disneyland Park,Blanche-Neige et les Sept Nains®,15,OPERATING,STANDBY,10,,,queue-times.com
2026-08-03T09:45:45Z,2026-08-03,11,45,Disneyland Park,Casey Jr. – le Petit Train du Cirque,17,OPERATING,STANDBY,5,,,queue-times.com
2026-08-03T09:45:45Z,2026-08-03,11,45,Disneyland Park,Disneyland Railroad Fantasyland Station,2711,CLOSED,STANDBY,0,,,queue-times.com
2026-08-03T09:45:45Z,2026-08-03,11,45,Disneyland Park,Disneyland Railroad Main Street Station,11,CLOSED,STANDBY,0,,,queue-times.com
2026-08-03T09:45:45Z,2026-08-03,11,45,Disneyland Park,Dumbo the Flying Elephant,18,OPERATING,STANDBY,30,,,queue-times.com
2026-08-03T09:45:45Z,2026-08-03,11,45,Disneyland Park,La Tanière du Dragon,2710,OPERATING,STANDBY,0,,,queue-times.com
2026-08-03T09:45:45Z,2026-08-03,11,45,Disneyland Park,Le Carrousel de Lancelot,16,OPERATING,STANDBY,5,,,queue-times.com
2026-08-03T09:45:45Z,2026-08-03,11,45,Disneyland Park,"Le Pays des Contes de Fées, presented by Vittel",21,CLOSED,STANDBY,0,,,queue-times.com
2026-08-03T09:45:45Z,2026-08-03,11,45,Disneyland Park,Les Voyages de Pinocchio,23,OPERATING,STANDBY,15,,,queue-times.com
2026-08-03T09:45:45Z,2026-08-03,11,45,Disneyland Park,Mad Hatter's Tea Cups,20,OPERATING,STANDBY,5,,,queue-times.com
2026-08-03T09:45:45Z,2026-08-03,11,45,Disneyland Park,Meet Mickey Mouse,13,OPERATING,STANDBY,0,,,queue-times.com
2026-08-03T09:45:45Z,2026-08-03,11,45,Disneyland Park,Peter Pan's Flight,22,OPERATING,STANDBY,40,,,queue-times.com
2026-08-03T09:45:45Z,2026-08-03,11,45,Disneyland Park,Princess Pavilion,24,OPERATING,STANDBY,0,,,queue-times.com
2026-08-03T09:45:45Z,2026-08-03,11,45,Disneyland Park,Big Thunder Mountain,25,OPERATING,STANDBY,65,,,queue-times.com
2026-08-03T09:45:45Z,2026-08-03,11,45,Disneyland Park,Disneyland Railroad Frontierland Depot,2714,CLOSED,STANDBY,0,,,queue-times.com
2026-08-03T09:45:45Z,2026-08-03,11,45,Disneyland Park,Frontierland Playground,2713,OPERATING,STANDBY,0,,,queue-times.com
2026-08-03T09:45:45Z,2026-08-03,11,45,Disneyland Park,Phantom Manor,26,OPERATING,STANDBY,15,,,queue-times.com
2026-08-03T09:45:45Z,2026-08-03,11,45,Disneyland Park,River Rogue Keelboats,27,CLOSED,STANDBY,0,,,queue-times.com
2026-08-03T09:45:45Z,2026-08-03,11,45,Disneyland Park,Rustler Roundup Shootin' Gallery,2712,OPERATING,STANDBY,0,,,queue-times.com
2026-08-03T09:45:45Z,2026-08-03,11,45,Disneyland Park,Thunder Mesa Riverboat Landing,28,OPERATING,STANDBY,20,,,queue-times.com
2026-08-03T09:45:45Z,2026-08-03,11,45,Disneyland Park,Disneyland Railroad Main Street Station,2708,CLOSED,STANDBY,0,,,queue-times.com
2026-08-03T09:45:45Z,2026-08-03,11,45,Disneyland Park,Main Street Vehicles,12,CLOSED,STANDBY,0,,,queue-times.com
2026-08-03T09:45:45Z,2026-08-03,11,45,Disney Adventure World,Avengers Assemble: Flight Force,10848,OPERATING,STANDBY,25,,,queue-times.com
2026-08-03T09:45:45Z,2026-08-03,11,45,Disney Adventure World,Avengers Assemble: Flight Force Single Rider,10849,OPERATING,STANDBY,15,,,queue-times.com
2026-08-03T09:45:45Z,2026-08-03,11,45,Disney Adventure World,Spider-Man W.E.B. Adventure,10845,OPERATING,STANDBY,45,,,queue-times.com
2026-08-03T09:45:45Z,2026-08-03,11,45,Disney Adventure World,Spider-Man W.E.B. Adventure Single Rider,10846,OPERATING,STANDBY,30,,,queue-times.com
2026-08-03T09:45:45Z,2026-08-03,11,45,Disney Adventure World,The Twilight Zone Tower of Terror,40,OPERATING,STANDBY,35,,,queue-times.com
2026-08-03T09:45:45Z,2026-08-03,11,45,Disney Adventure World,Cars Quatre Roues Rallye,31,OPERATING,STANDBY,10,,,queue-times.com
2026-08-03T09:45:45Z,2026-08-03,11,45,Disney Adventure World,Cars ROAD TRIP,29,OPERATING,STANDBY,15,,,queue-times.com
2026-08-03T09:45:45Z,2026-08-03,11,45,Disney Adventure World,Crush's Coaster,32,OPERATING,STANDBY,95,,,queue-times.com
2026-08-03T09:45:45Z,2026-08-03,11,45,Disney Adventure World,Crush's Coaster Single Rider,7277,OPERATING,STANDBY,70,,,queue-times.com
2026-08-03T09:45:45Z,2026-08-03,11,45,Disney Adventure World,Les Tapis Volants - Flying Carpets Over Agrabah®,33,OPERATING,STANDBY,10,,,queue-times.com
2026-08-03T09:45:45Z,2026-08-03,11,45,Disney Adventure World,Ratatouille : L’Aventure Totalement Toquée de Rémy​,37,CLOSED,STANDBY,0,,,queue-times.com
2026-08-03T09:45:45Z,2026-08-03,11,45,Disney Adventure World,Ratatouille: The Adventure Single Rider,7279,CLOSED,STANDBY,0,,,queue-times.com
2026-08-03T09:45:45Z,2026-08-03,11,45,Disney Adventure World,RC Racer,34,OPERATING,STANDBY,50,,,queue-times.com
2026-08-03T09:45:45Z,2026-08-03,11,45,Disney Adventure World,RC Racer Single Rider,7280,OPERATING,STANDBY,40,,,queue-times.com
2026-08-03T09:45:45Z,2026-08-03,11,45,Disney Adventure World,Slinky® Dog Zigzag Spin,36,OPERATING,STANDBY,20,,,queue-times.com
2026-08-03T09:45:45Z,2026-08-03,11,45,Disney Adventure World,Toy Soldiers Parachute Drop,35,OPERATING,STANDBY,45,,,queue-times.com
2026-08-03T09:45:45Z,2026-08-03,11,45,Disney Adventure World,Toy Soldiers Parachute Drop Single Rider,7281,OPERATING,STANDBY,15,,,queue-times.com
2026-08-03T09:45:45Z,2026-08-03,11,45,Disney Adventure World,Entry to World of Frozen,16247,OPERATING,STANDBY,0,,,queue-times.com
2026-08-03T09:45:45Z,2026-08-03,11,45,Disney Adventure World,Frozen Ever After,15413,OPERATING,STANDBY,50,,,queue-times.com
2026-08-03T09:45:45Z,2026-08-03,11,45,Disney Adventure World,Raiponce Tangled Spin,15415,OPERATING,STANDBY,10,,,queue-times.com
2026-08-03T10:01:15Z,2026-08-03,12,1,Disneyland Park,Adventure Isle,2702,OPERATING,STANDBY,0,,,queue-times.com
2026-08-03T10:01:15Z,2026-08-03,12,1,Disneyland Park,Indiana Jones and the Temple of Peril Single Rider,7306,OPERATING,STANDBY,5,,,queue-times.com
2026-08-03T10:01:15Z,2026-08-03,12,1,Disneyland Park,Indiana Jones™ and the Temple of Peril,2,OPERATING,STANDBY,25,,,queue-times.com
2026-08-03T10:01:15Z,2026-08-03,12,1,Disneyland Park,La Cabane des Robinson,1,OPERATING,STANDBY,5,,,queue-times.com
2026-08-03T10:01:15Z,2026-08-03,12,1,Disneyland Park,Le Passage Enchanté d'Aladdin,2703,OPERATING,STANDBY,0,,,queue-times.com
2026-08-03T10:01:15Z,2026-08-03,12,1,Disneyland Park,Pirate Galleon,2705,CLOSED,STANDBY,0,,,queue-times.com
2026-08-03T10:01:15Z,2026-08-03,12,1,Disneyland Park,Pirates of the Caribbean,3,OPERATING,STANDBY,20,,,queue-times.com
2026-08-03T10:01:15Z,2026-08-03,12,1,Disneyland Park,Pirates' Beach,2704,OPERATING,STANDBY,0,,,queue-times.com
2026-08-03T10:01:15Z,2026-08-03,12,1,Disneyland Park,"Autopia, presented by Avis",4,CLOSED,STANDBY,0,,,queue-times.com
2026-08-03T10:01:15Z,2026-08-03,12,1,Disneyland Park,Buzz Lightyear Laser Blast,5,OPERATING,STANDBY,45,,,queue-times.com
2026-08-03T10:01:15Z,2026-08-03,12,1,Disneyland Park,Disneyland Railroad Discoveryland Station,2706,CLOSED,STANDBY,0,,,queue-times.com
2026-08-03T10:01:15Z,2026-08-03,12,1,Disneyland Park,Les Mystères du Nautilus,6,OPERATING,STANDBY,5,,,queue-times.com
2026-08-03T10:01:15Z,2026-08-03,12,1,Disneyland Park,Mickey’s PhilharMagic,2707,CLOSED,STANDBY,0,,,queue-times.com
2026-08-03T10:01:15Z,2026-08-03,12,1,Disneyland Park,Orbitron®,7,OPERATING,STANDBY,50,,,queue-times.com
2026-08-03T10:01:15Z,2026-08-03,12,1,Disneyland Park,Star Tours: The Adventures Continue*,9,OPERATING,STANDBY,20,,,queue-times.com
2026-08-03T10:01:15Z,2026-08-03,12,1,Disneyland Park,Star Wars Hyperspace Mountain,8,OPERATING,STANDBY,35,,,queue-times.com
2026-08-03T10:01:15Z,2026-08-03,12,1,Disneyland Park,Star Wars Hyperspace Mountain Single Rider,7278,OPERATING,STANDBY,20,,,queue-times.com
2026-08-03T10:01:15Z,2026-08-03,12,1,Disneyland Park,Welcome to Starport: A Star Wars Encounter,4573,OPERATING,STANDBY,30,,,queue-times.com
2026-08-03T10:01:15Z,2026-08-03,12,1,Disneyland Park,"""it's a small world""",19,OPERATING,STANDBY,15,,,queue-times.com
2026-08-03T10:01:15Z,2026-08-03,12,1,Disneyland Park,Alice's Curious Labyrinth,14,OPERATING,STANDBY,5,,,queue-times.com
2026-08-03T10:01:15Z,2026-08-03,12,1,Disneyland Park,Blanche-Neige et les Sept Nains®,15,OPERATING,STANDBY,10,,,queue-times.com
2026-08-03T10:01:15Z,2026-08-03,12,1,Disneyland Park,Casey Jr. – le Petit Train du Cirque,17,OPERATING,STANDBY,5,,,queue-times.com
2026-08-03T10:01:15Z,2026-08-03,12,1,Disneyland Park,Disneyland Railroad Fantasyland Station,2711,CLOSED,STANDBY,0,,,queue-times.com
2026-08-03T10:01:15Z,2026-08-03,12,1,Disneyland Park,Disneyland Railroad Main Street Station,11,CLOSED,STANDBY,0,,,queue-times.com
2026-08-03T10:01:15Z,2026-08-03,12,1,Disneyland Park,Dumbo the Flying Elephant,18,OPERATING,STANDBY,30,,,queue-times.com
2026-08-03T10:01:15Z,2026-08-03,12,1,Disneyland Park,La Tanière du Dragon,2710,OPERATING,STANDBY,0,,,queue-times.com
2026-08-03T10:01:15Z,2026-08-03,12,1,Disneyland Park,Le Carrousel de Lancelot,16,OPERATING,STANDBY,5,,,queue-times.com
2026-08-03T10:01:15Z,2026-08-03,12,1,Disneyland Park,"Le Pays des Contes de Fées, presented by Vittel",21,CLOSED,STANDBY,0,,,queue-times.com
2026-08-03T10:01:15Z,2026-08-03,12,1,Disneyland Park,Les Voyages de Pinocchio,23,OPERATING,STANDBY,15,,,queue-times.com
2026-08-03T10:01:15Z,2026-08-03,12,1,Disneyland Park,Mad Hatter's Tea Cups,20,OPERATING,STANDBY,5,,,queue-times.com
2026-08-03T10:01:15Z,2026-08-03,12,1,Disneyland Park,Meet Mickey Mouse,13,OPERATING,STANDBY,0,,,queue-times.com
2026-08-03T10:01:15Z,2026-08-03,12,1,Disneyland Park,Peter Pan's Flight,22,OPERATING,STANDBY,50,,,queue-times.com
2026-08-03T10:01:15Z,2026-08-03,12,1,Disneyland Park,Princess Pavilion,24,OPERATING,STANDBY,0,,,queue-times.com
2026-08-03T10:01:15Z,2026-08-03,12,1,Disneyland Park,Big Thunder Mountain,25,OPERATING,STANDBY,65,,,queue-times.com
2026-08-03T10:01:15Z,2026-08-03,12,1,Disneyland Park,Disneyland Railroad Frontierland Depot,2714,CLOSED,STANDBY,0,,,queue-times.com
2026-08-03T10:01:15Z,2026-08-03,12,1,Disneyland Park,Frontierland Playground,2713,OPERATING,STANDBY,0,,,queue-times.com
2026-08-03T10:01:15Z,2026-08-03,12,1,Disneyland Park,Phantom Manor,26,OPERATING,STANDBY,5,,,queue-times.com
2026-08-03T10:01:15Z,2026-08-03,12,1,Disneyland Park,River Rogue Keelboats,27,CLOSED,STANDBY,0,,,queue-times.com
2026-08-03T10:01:15Z,2026-08-03,12,1,Disneyland Park,Rustler Roundup Shootin' Gallery,2712,OPERATING,STANDBY,0,,,queue-times.com
2026-08-03T10:01:15Z,2026-08-03,12,1,Disneyland Park,Thunder Mesa Riverboat Landing,28,OPERATING,STANDBY,20,,,queue-times.com
2026-08-03T10:01:15Z,2026-08-03,12,1,Disneyland Park,Disneyland Railroad Main Street Station,2708,CLOSED,STANDBY,0,,,queue-times.com
2026-08-03T10:01:15Z,2026-08-03,12,1,Disneyland Park,Main Street Vehicles,12,CLOSED,STANDBY,0,,,queue-times.com
2026-08-03T10:01:15Z,2026-08-03,12,1,Disney Adventure World,Avengers Assemble: Flight Force,10848,OPERATING,STANDBY,20,,,queue-times.com
2026-08-03T10:01:15Z,2026-08-03,12,1,Disney Adventure World,Avengers Assemble: Flight Force Single Rider,10849,OPERATING,STANDBY,10,,,queue-times.com
2026-08-03T10:01:15Z,2026-08-03,12,1,Disney Adventure World,Spider-Man W.E.B. Adventure,10845,OPERATING,STANDBY,45,,,queue-times.com
2026-08-03T10:01:15Z,2026-08-03,12,1,Disney Adventure World,Spider-Man W.E.B. Adventure Single Rider,10846,OPERATING,STANDBY,30,,,queue-times.com
2026-08-03T10:01:15Z,2026-08-03,12,1,Disney Adventure World,The Twilight Zone Tower of Terror,40,OPERATING,STANDBY,30,,,queue-times.com
2026-08-03T10:01:15Z,2026-08-03,12,1,Disney Adventure World,Cars Quatre Roues Rallye,31,OPERATING,STANDBY,15,,,queue-times.com
2026-08-03T10:01:15Z,2026-08-03,12,1,Disney Adventure World,Cars ROAD TRIP,29,OPERATING,STANDBY,30,,,queue-times.com
2026-08-03T10:01:15Z,2026-08-03,12,1,Disney Adventure World,Crush's Coaster,32,OPERATING,STANDBY,65,,,queue-times.com
2026-08-03T10:01:15Z,2026-08-03,12,1,Disney Adventure World,Crush's Coaster Single Rider,7277,OPERATING,STANDBY,45,,,queue-times.com
2026-08-03T10:01:15Z,2026-08-03,12,1,Disney Adventure World,Les Tapis Volants - Flying Carpets Over Agrabah®,33,OPERATING,STANDBY,25,,,queue-times.com
2026-08-03T10:01:15Z,2026-08-03,12,1,Disney Adventure World,Ratatouille : L’Aventure Totalement Toquée de Rémy​,37,CLOSED,STANDBY,0,,,queue-times.com
2026-08-03T10:01:15Z,2026-08-03,12,1,Disney Adventure World,Ratatouille: The Adventure Single Rider,7279,CLOSED,STANDBY,0,,,queue-times.com
2026-08-03T10:01:15Z,2026-08-03,12,1,Disney Adventure World,RC Racer,34,OPERATING,STANDBY,40,,,queue-times.com
2026-08-03T10:01:15Z,2026-08-03,12,1,Disney Adventure World,RC Racer Single Rider,7280,OPERATING,STANDBY,35,,,queue-times.com
2026-08-03T10:01:15Z,2026-08-03,12,1,Disney Adventure World,Slinky® Dog Zigzag Spin,36,OPERATING,STANDBY,20,,,queue-times.com
2026-08-03T10:01:15Z,2026-08-03,12,1,Disney Adventure World,Toy Soldiers Parachute Drop,35,OPERATING,STANDBY,45,,,queue-times.com
2026-08-03T10:01:15Z,2026-08-03,12,1,Disney Adventure World,Toy Soldiers Parachute Drop Single Rider,7281,OPERATING,STANDBY,20,,,queue-times.com
2026-08-03T10:01:15Z,2026-08-03,12,1,Disney Adventure World,Entry to World of Frozen,16247,OPERATING,STANDBY,0,,,queue-times.com
2026-08-03T10:01:15Z,2026-08-03,12,1,Disney Adventure World,Frozen Ever After,15413,OPERATING,STANDBY,65,,,queue-times.com
2026-08-03T10:01:15Z,2026-08-03,12,1,Disney Adventure World,Raiponce Tangled Spin,15415,OPERATING,STANDBY,20,,,queue-times.com
2026-08-03T10:02:24Z,2026-08-03,12,2,Disneyland Park,Adventure Isle,2702,OPERATING,STANDBY,0,,,queue-times.com
2026-08-03T10:02:24Z,2026-08-03,12,2,Disneyland Park,Indiana Jones and the Temple of Peril Single Rider,7306,OPERATING,STANDBY,5,,,queue-times.com
2026-08-03T10:02:24Z,2026-08-03,12,2,Disneyland Park,Indiana Jones™ and the Temple of Peril,2,OPERATING,STANDBY,25,,,queue-times.com
2026-08-03T10:02:24Z,2026-08-03,12,2,Disneyland Park,La Cabane des Robinson,1,OPERATING,STANDBY,5,,,queue-times.com
2026-08-03T10:02:24Z,2026-08-03,12,2,Disneyland Park,Le Passage Enchanté d'Aladdin,2703,OPERATING,STANDBY,0,,,queue-times.com
2026-08-03T10:02:24Z,2026-08-03,12,2,Disneyland Park,Pirate Galleon,2705,CLOSED,STANDBY,0,,,queue-times.com
2026-08-03T10:02:24Z,2026-08-03,12,2,Disneyland Park,Pirates of the Caribbean,3,OPERATING,STANDBY,20,,,queue-times.com
2026-08-03T10:02:24Z,2026-08-03,12,2,Disneyland Park,Pirates' Beach,2704,OPERATING,STANDBY,0,,,queue-times.com
2026-08-03T10:02:24Z,2026-08-03,12,2,Disneyland Park,"Autopia, presented by Avis",4,CLOSED,STANDBY,0,,,queue-times.com
2026-08-03T10:02:24Z,2026-08-03,12,2,Disneyland Park,Buzz Lightyear Laser Blast,5,OPERATING,STANDBY,45,,,queue-times.com
2026-08-03T10:02:24Z,2026-08-03,12,2,Disneyland Park,Disneyland Railroad Discoveryland Station,2706,CLOSED,STANDBY,0,,,queue-times.com
2026-08-03T10:02:24Z,2026-08-03,12,2,Disneyland Park,Les Mystères du Nautilus,6,OPERATING,STANDBY,5,,,queue-times.com
2026-08-03T10:02:24Z,2026-08-03,12,2,Disneyland Park,Mickey’s PhilharMagic,2707,CLOSED,STANDBY,0,,,queue-times.com
2026-08-03T10:02:24Z,2026-08-03,12,2,Disneyland Park,Orbitron®,7,OPERATING,STANDBY,50,,,queue-times.com
2026-08-03T10:02:24Z,2026-08-03,12,2,Disneyland Park,Star Tours: The Adventures Continue*,9,OPERATING,STANDBY,20,,,queue-times.com
2026-08-03T10:02:24Z,2026-08-03,12,2,Disneyland Park,Star Wars Hyperspace Mountain,8,OPERATING,STANDBY,35,,,queue-times.com
2026-08-03T10:02:24Z,2026-08-03,12,2,Disneyland Park,Star Wars Hyperspace Mountain Single Rider,7278,OPERATING,STANDBY,20,,,queue-times.com
2026-08-03T10:02:24Z,2026-08-03,12,2,Disneyland Park,Welcome to Starport: A Star Wars Encounter,4573,OPERATING,STANDBY,30,,,queue-times.com
2026-08-03T10:02:24Z,2026-08-03,12,2,Disneyland Park,"""it's a small world""",19,OPERATING,STANDBY,15,,,queue-times.com
2026-08-03T10:02:24Z,2026-08-03,12,2,Disneyland Park,Alice's Curious Labyrinth,14,OPERATING,STANDBY,5,,,queue-times.com
2026-08-03T10:02:24Z,2026-08-03,12,2,Disneyland Park,Blanche-Neige et les Sept Nains®,15,OPERATING,STANDBY,10,,,queue-times.com
2026-08-03T10:02:24Z,2026-08-03,12,2,Disneyland Park,Casey Jr. – le Petit Train du Cirque,17,OPERATING,STANDBY,5,,,queue-times.com
2026-08-03T10:02:24Z,2026-08-03,12,2,Disneyland Park,Disneyland Railroad Fantasyland Station,2711,CLOSED,STANDBY,0,,,queue-times.com
2026-08-03T10:02:24Z,2026-08-03,12,2,Disneyland Park,Disneyland Railroad Main Street Station,11,CLOSED,STANDBY,0,,,queue-times.com
2026-08-03T10:02:24Z,2026-08-03,12,2,Disneyland Park,Dumbo the Flying Elephant,18,OPERATING,STANDBY,30,,,queue-times.com
2026-08-03T10:02:24Z,2026-08-03,12,2,Disneyland Park,La Tanière du Dragon,2710,OPERATING,STANDBY,0,,,queue-times.com
2026-08-03T10:02:24Z,2026-08-03,12,2,Disneyland Park,Le Carrousel de Lancelot,16,OPERATING,STANDBY,5,,,queue-times.com
2026-08-03T10:02:24Z,2026-08-03,12,2,Disneyland Park,"Le Pays des Contes de Fées, presented by Vittel",21,CLOSED,STANDBY,0,,,queue-times.com
2026-08-03T10:02:24Z,2026-08-03,12,2,Disneyland Park,Les Voyages de Pinocchio,23,OPERATING,STANDBY,15,,,queue-times.com
2026-08-03T10:02:24Z,2026-08-03,12,2,Disneyland Park,Mad Hatter's Tea Cups,20,OPERATING,STANDBY,5,,,queue-times.com
2026-08-03T10:02:24Z,2026-08-03,12,2,Disneyland Park,Meet Mickey Mouse,13,OPERATING,STANDBY,0,,,queue-times.com
2026-08-03T10:02:24Z,2026-08-03,12,2,Disneyland Park,Peter Pan's Flight,22,OPERATING,STANDBY,50,,,queue-times.com
2026-08-03T10:02:24Z,2026-08-03,12,2,Disneyland Park,Princess Pavilion,24,OPERATING,STANDBY,0,,,queue-times.com
2026-08-03T10:02:24Z,2026-08-03,12,2,Disneyland Park,Big Thunder Mountain,25,OPERATING,STANDBY,65,,,queue-times.com
2026-08-03T10:02:24Z,2026-08-03,12,2,Disneyland Park,Disneyland Railroad Frontierland Depot,2714,CLOSED,STANDBY,0,,,queue-times.com
2026-08-03T10:02:24Z,2026-08-03,12,2,Disneyland Park,Frontierland Playground,2713,OPERATING,STANDBY,0,,,queue-times.com
2026-08-03T10:02:24Z,2026-08-03,12,2,Disneyland Park,Phantom Manor,26,OPERATING,STANDBY,5,,,queue-times.com
2026-08-03T10:02:24Z,2026-08-03,12,2,Disneyland Park,River Rogue Keelboats,27,CLOSED,STANDBY,0,,,queue-times.com
2026-08-03T10:02:24Z,2026-08-03,12,2,Disneyland Park,Rustler Roundup Shootin' Gallery,2712,OPERATING,STANDBY,0,,,queue-times.com
2026-08-03T10:02:24Z,2026-08-03,12,2,Disneyland Park,Thunder Mesa Riverboat Landing,28,OPERATING,STANDBY,20,,,queue-times.com
2026-08-03T10:02:24Z,2026-08-03,12,2,Disneyland Park,Disneyland Railroad Main Street Station,2708,CLOSED,STANDBY,0,,,queue-times.com
2026-08-03T10:02:24Z,2026-08-03,12,2,Disneyland Park,Main Street Vehicles,12,CLOSED,STANDBY,0,,,queue-times.com
2026-08-03T10:02:24Z,2026-08-03,12,2,Disney Adventure World,Avengers Assemble: Flight Force,10848,OPERATING,STANDBY,20,,,queue-times.com
2026-08-03T10:02:24Z,2026-08-03,12,2,Disney Adventure World,Avengers Assemble: Flight Force Single Rider,10849,OPERATING,STANDBY,10,,,queue-times.com
2026-08-03T10:02:24Z,2026-08-03,12,2,Disney Adventure World,Spider-Man W.E.B. Adventure,10845,OPERATING,STANDBY,45,,,queue-times.com
2026-08-03T10:02:24Z,2026-08-03,12,2,Disney Adventure World,Spider-Man W.E.B. Adventure Single Rider,10846,OPERATING,STANDBY,30,,,queue-times.com
2026-08-03T10:02:24Z,2026-08-03,12,2,Disney Adventure World,The Twilight Zone Tower of Terror,40,OPERATING,STANDBY,30,,,queue-times.com
2026-08-03T10:02:24Z,2026-08-03,12,2,Disney Adventure World,Cars Quatre Roues Rallye,31,OPERATING,STANDBY,15,,,queue-times.com
2026-08-03T10:02:24Z,2026-08-03,12,2,Disney Adventure World,Cars ROAD TRIP,29,OPERATING,STANDBY,30,,,queue-times.com
2026-08-03T10:02:24Z,2026-08-03,12,2,Disney Adventure World,Crush's Coaster,32,OPERATING,STANDBY,65,,,queue-times.com
2026-08-03T10:02:24Z,2026-08-03,12,2,Disney Adventure World,Crush's Coaster Single Rider,7277,OPERATING,STANDBY,45,,,queue-times.com
2026-08-03T10:02:24Z,2026-08-03,12,2,Disney Adventure World,Les Tapis Volants - Flying Carpets Over Agrabah®,33,OPERATING,STANDBY,25,,,queue-times.com
2026-08-03T10:02:24Z,2026-08-03,12,2,Disney Adventure World,Ratatouille : L’Aventure Totalement Toquée de Rémy​,37,CLOSED,STANDBY,0,,,queue-times.com
2026-08-03T10:02:24Z,2026-08-03,12,2,Disney Adventure World,Ratatouille: The Adventure Single Rider,7279,CLOSED,STANDBY,0,,,queue-times.com
2026-08-03T10:02:24Z,2026-08-03,12,2,Disney Adventure World,RC Racer,34,OPERATING,STANDBY,40,,,queue-times.com
2026-08-03T10:02:24Z,2026-08-03,12,2,Disney Adventure World,RC Racer Single Rider,7280,OPERATING,STANDBY,35,,,queue-times.com
2026-08-03T10:02:24Z,2026-08-03,12,2,Disney Adventure World,Slinky® Dog Zigzag Spin,36,OPERATING,STANDBY,20,,,queue-times.com
2026-08-03T10:02:24Z,2026-08-03,12,2,Disney Adventure World,Toy Soldiers Parachute Drop,35,OPERATING,STANDBY,45,,,queue-times.com
2026-08-03T10:02:24Z,2026-08-03,12,2,Disney Adventure World,Toy Soldiers Parachute Drop Single Rider,7281,OPERATING,STANDBY,20,,,queue-times.com
2026-08-03T10:02:24Z,2026-08-03,12,2,Disney Adventure World,Entry to World of Frozen,16247,OPERATING,STANDBY,0,,,queue-times.com
2026-08-03T10:02:24Z,2026-08-03,12,2,Disney Adventure World,Frozen Ever After,15413,OPERATING,STANDBY,65,,,queue-times.com
2026-08-03T10:02:24Z,2026-08-03,12,2,Disney Adventure World,Raiponce Tangled Spin,15415,OPERATING,STANDBY,20,,,queue-times.com
2026-08-03T10:15:46Z,2026-08-03,12,15,Disneyland Park,Adventure Isle,2702,OPERATING,STANDBY,0,,,queue-times.com
2026-08-03T10:15:46Z,2026-08-03,12,15,Disneyland Park,Indiana Jones and the Temple of Peril Single Rider,7306,OPERATING,STANDBY,10,,,queue-times.com
2026-08-03T10:15:46Z,2026-08-03,12,15,Disneyland Park,Indiana Jones™ and the Temple of Peril,2,OPERATING,STANDBY,15,,,queue-times.com
2026-08-03T10:15:46Z,2026-08-03,12,15,Disneyland Park,La Cabane des Robinson,1,OPERATING,STANDBY,5,,,queue-times.com
2026-08-03T10:15:46Z,2026-08-03,12,15,Disneyland Park,Le Passage Enchanté d'Aladdin,2703,OPERATING,STANDBY,0,,,queue-times.com
2026-08-03T10:15:46Z,2026-08-03,12,15,Disneyland Park,Pirate Galleon,2705,CLOSED,STANDBY,0,,,queue-times.com
2026-08-03T10:15:46Z,2026-08-03,12,15,Disneyland Park,Pirates of the Caribbean,3,OPERATING,STANDBY,30,,,queue-times.com
2026-08-03T10:15:46Z,2026-08-03,12,15,Disneyland Park,Pirates' Beach,2704,OPERATING,STANDBY,0,,,queue-times.com
2026-08-03T10:15:46Z,2026-08-03,12,15,Disneyland Park,"Autopia, presented by Avis",4,CLOSED,STANDBY,0,,,queue-times.com
2026-08-03T10:15:46Z,2026-08-03,12,15,Disneyland Park,Buzz Lightyear Laser Blast,5,OPERATING,STANDBY,60,,,queue-times.com
2026-08-03T10:15:46Z,2026-08-03,12,15,Disneyland Park,Disneyland Railroad Discoveryland Station,2706,CLOSED,STANDBY,0,,,queue-times.com
2026-08-03T10:15:46Z,2026-08-03,12,15,Disneyland Park,Les Mystères du Nautilus,6,OPERATING,STANDBY,5,,,queue-times.com
2026-08-03T10:15:46Z,2026-08-03,12,15,Disneyland Park,Mickey’s PhilharMagic,2707,CLOSED,STANDBY,0,,,queue-times.com
2026-08-03T10:15:46Z,2026-08-03,12,15,Disneyland Park,Orbitron®,7,OPERATING,STANDBY,60,,,queue-times.com
2026-08-03T10:15:46Z,2026-08-03,12,15,Disneyland Park,Star Tours: The Adventures Continue*,9,OPERATING,STANDBY,30,,,queue-times.com
2026-08-03T10:15:46Z,2026-08-03,12,15,Disneyland Park,Star Wars Hyperspace Mountain,8,OPERATING,STANDBY,40,,,queue-times.com
2026-08-03T10:15:46Z,2026-08-03,12,15,Disneyland Park,Star Wars Hyperspace Mountain Single Rider,7278,OPERATING,STANDBY,20,,,queue-times.com
2026-08-03T10:15:46Z,2026-08-03,12,15,Disneyland Park,Welcome to Starport: A Star Wars Encounter,4573,OPERATING,STANDBY,30,,,queue-times.com
2026-08-03T10:15:46Z,2026-08-03,12,15,Disneyland Park,"""it's a small world""",19,OPERATING,STANDBY,25,,,queue-times.com
2026-08-03T10:15:46Z,2026-08-03,12,15,Disneyland Park,Alice's Curious Labyrinth,14,OPERATING,STANDBY,5,,,queue-times.com
2026-08-03T10:15:46Z,2026-08-03,12,15,Disneyland Park,Blanche-Neige et les Sept Nains®,15,OPERATING,STANDBY,10,,,queue-times.com
2026-08-03T10:15:46Z,2026-08-03,12,15,Disneyland Park,Casey Jr. – le Petit Train du Cirque,17,OPERATING,STANDBY,15,,,queue-times.com
2026-08-03T10:15:46Z,2026-08-03,12,15,Disneyland Park,Disneyland Railroad Fantasyland Station,2711,CLOSED,STANDBY,0,,,queue-times.com
2026-08-03T10:15:46Z,2026-08-03,12,15,Disneyland Park,Disneyland Railroad Main Street Station,11,CLOSED,STANDBY,0,,,queue-times.com
2026-08-03T10:15:46Z,2026-08-03,12,15,Disneyland Park,Dumbo the Flying Elephant,18,OPERATING,STANDBY,30,,,queue-times.com
2026-08-03T10:15:46Z,2026-08-03,12,15,Disneyland Park,La Tanière du Dragon,2710,OPERATING,STANDBY,0,,,queue-times.com
2026-08-03T10:15:46Z,2026-08-03,12,15,Disneyland Park,Le Carrousel de Lancelot,16,OPERATING,STANDBY,15,,,queue-times.com
2026-08-03T10:15:46Z,2026-08-03,12,15,Disneyland Park,"Le Pays des Contes de Fées, presented by Vittel",21,CLOSED,STANDBY,0,,,queue-times.com
2026-08-03T10:15:46Z,2026-08-03,12,15,Disneyland Park,Les Voyages de Pinocchio,23,OPERATING,STANDBY,15,,,queue-times.com
2026-08-03T10:15:46Z,2026-08-03,12,15,Disneyland Park,Mad Hatter's Tea Cups,20,OPERATING,STANDBY,5,,,queue-times.com
2026-08-03T10:15:46Z,2026-08-03,12,15,Disneyland Park,Meet Mickey Mouse,13,OPERATING,STANDBY,0,,,queue-times.com
2026-08-03T10:15:46Z,2026-08-03,12,15,Disneyland Park,Peter Pan's Flight,22,OPERATING,STANDBY,65,,,queue-times.com
2026-08-03T10:15:46Z,2026-08-03,12,15,Disneyland Park,Princess Pavilion,24,OPERATING,STANDBY,0,,,queue-times.com
2026-08-03T10:15:46Z,2026-08-03,12,15,Disneyland Park,Big Thunder Mountain,25,OPERATING,STANDBY,60,,,queue-times.com
2026-08-03T10:15:46Z,2026-08-03,12,15,Disneyland Park,Disneyland Railroad Frontierland Depot,2714,CLOSED,STANDBY,0,,,queue-times.com
2026-08-03T10:15:46Z,2026-08-03,12,15,Disneyland Park,Frontierland Playground,2713,OPERATING,STANDBY,0,,,queue-times.com
2026-08-03T10:15:46Z,2026-08-03,12,15,Disneyland Park,Phantom Manor,26,OPERATING,STANDBY,15,,,queue-times.com
2026-08-03T10:15:46Z,2026-08-03,12,15,Disneyland Park,River Rogue Keelboats,27,CLOSED,STANDBY,0,,,queue-times.com
2026-08-03T10:15:46Z,2026-08-03,12,15,Disneyland Park,Rustler Roundup Shootin' Gallery,2712,OPERATING,STANDBY,0,,,queue-times.com
2026-08-03T10:15:46Z,2026-08-03,12,15,Disneyland Park,Thunder Mesa Riverboat Landing,28,OPERATING,STANDBY,20,,,queue-times.com
2026-08-03T10:15:46Z,2026-08-03,12,15,Disneyland Park,Disneyland Railroad Main Street Station,2708,CLOSED,STANDBY,0,,,queue-times.com
2026-08-03T10:15:46Z,2026-08-03,12,15,Disneyland Park,Main Street Vehicles,12,CLOSED,STANDBY,0,,,queue-times.com
2026-08-03T10:15:46Z,2026-08-03,12,15,Disney Adventure World,Avengers Assemble: Flight Force,10848,OPERATING,STANDBY,20,,,queue-times.com
2026-08-03T10:15:46Z,2026-08-03,12,15,Disney Adventure World,Avengers Assemble: Flight Force Single Rider,10849,OPERATING,STANDBY,15,,,queue-times.com
2026-08-03T10:15:46Z,2026-08-03,12,15,Disney Adventure World,Spider-Man W.E.B. Adventure,10845,OPERATING,STANDBY,60,,,queue-times.com
2026-08-03T10:15:46Z,2026-08-03,12,15,Disney Adventure World,Spider-Man W.E.B. Adventure Single Rider,10846,OPERATING,STANDBY,15,,,queue-times.com
2026-08-03T10:15:46Z,2026-08-03,12,15,Disney Adventure World,The Twilight Zone Tower of Terror,40,OPERATING,STANDBY,35,,,queue-times.com
2026-08-03T10:15:46Z,2026-08-03,12,15,Disney Adventure World,Cars Quatre Roues Rallye,31,OPERATING,STANDBY,15,,,queue-times.com
2026-08-03T10:15:46Z,2026-08-03,12,15,Disney Adventure World,Cars ROAD TRIP,29,OPERATING,STANDBY,40,,,queue-times.com
2026-08-03T10:15:46Z,2026-08-03,12,15,Disney Adventure World,Crush's Coaster,32,OPERATING,STANDBY,65,,,queue-times.com
2026-08-03T10:15:46Z,2026-08-03,12,15,Disney Adventure World,Crush's Coaster Single Rider,7277,OPERATING,STANDBY,35,,,queue-times.com
2026-08-03T10:15:46Z,2026-08-03,12,15,Disney Adventure World,Les Tapis Volants - Flying Carpets Over Agrabah®,33,OPERATING,STANDBY,15,,,queue-times.com
2026-08-03T10:15:46Z,2026-08-03,12,15,Disney Adventure World,Ratatouille : L’Aventure Totalement Toquée de Rémy​,37,CLOSED,STANDBY,0,,,queue-times.com
2026-08-03T10:15:46Z,2026-08-03,12,15,Disney Adventure World,Ratatouille: The Adventure Single Rider,7279,CLOSED,STANDBY,0,,,queue-times.com
2026-08-03T10:15:46Z,2026-08-03,12,15,Disney Adventure World,RC Racer,34,OPERATING,STANDBY,40,,,queue-times.com
2026-08-03T10:15:46Z,2026-08-03,12,15,Disney Adventure World,RC Racer Single Rider,7280,OPERATING,STANDBY,35,,,queue-times.com
2026-08-03T10:15:46Z,2026-08-03,12,15,Disney Adventure World,Slinky® Dog Zigzag Spin,36,OPERATING,STANDBY,20,,,queue-times.com
2026-08-03T10:15:46Z,2026-08-03,12,15,Disney Adventure World,Toy Soldiers Parachute Drop,35,OPERATING,STANDBY,50,,,queue-times.com
2026-08-03T10:15:46Z,2026-08-03,12,15,Disney Adventure World,Toy Soldiers Parachute Drop Single Rider,7281,OPERATING,STANDBY,15,,,queue-times.com
2026-08-03T10:15:46Z,2026-08-03,12,15,Disney Adventure World,Entry to World of Frozen,16247,OPERATING,STANDBY,0,,,queue-times.com
2026-08-03T10:15:46Z,2026-08-03,12,15,Disney Adventure World,Frozen Ever After,15413,OPERATING,STANDBY,70,,,queue-times.com
2026-08-03T10:15:46Z,2026-08-03,12,15,Disney Adventure World,Raiponce Tangled Spin,15415,OPERATING,STANDBY,15,,,queue-times.com
2026-08-03T10:31:08Z,2026-08-03,12,31,Disneyland Park,Adventure Isle,2702,OPERATING,STANDBY,0,,,queue-times.com
2026-08-03T10:31:08Z,2026-08-03,12,31,Disneyland Park,Indiana Jones and the Temple of Peril Single Rider,7306,OPERATING,STANDBY,5,,,queue-times.com
2026-08-03T10:31:08Z,2026-08-03,12,31,Disneyland Park,Indiana Jones™ and the Temple of Peril,2,OPERATING,STANDBY,15,,,queue-times.com
2026-08-03T10:31:08Z,2026-08-03,12,31,Disneyland Park,La Cabane des Robinson,1,OPERATING,STANDBY,5,,,queue-times.com
2026-08-03T10:31:08Z,2026-08-03,12,31,Disneyland Park,Le Passage Enchanté d'Aladdin,2703,OPERATING,STANDBY,0,,,queue-times.com
2026-08-03T10:31:08Z,2026-08-03,12,31,Disneyland Park,Pirate Galleon,2705,CLOSED,STANDBY,0,,,queue-times.com
2026-08-03T10:31:08Z,2026-08-03,12,31,Disneyland Park,Pirates of the Caribbean,3,OPERATING,STANDBY,30,,,queue-times.com
2026-08-03T10:31:08Z,2026-08-03,12,31,Disneyland Park,Pirates' Beach,2704,OPERATING,STANDBY,0,,,queue-times.com
2026-08-03T10:31:08Z,2026-08-03,12,31,Disneyland Park,"Autopia, presented by Avis",4,CLOSED,STANDBY,0,,,queue-times.com
2026-08-03T10:31:08Z,2026-08-03,12,31,Disneyland Park,Buzz Lightyear Laser Blast,5,OPERATING,STANDBY,45,,,queue-times.com
2026-08-03T10:31:08Z,2026-08-03,12,31,Disneyland Park,Disneyland Railroad Discoveryland Station,2706,CLOSED,STANDBY,0,,,queue-times.com
2026-08-03T10:31:08Z,2026-08-03,12,31,Disneyland Park,Les Mystères du Nautilus,6,OPERATING,STANDBY,5,,,queue-times.com
2026-08-03T10:31:08Z,2026-08-03,12,31,Disneyland Park,Mickey’s PhilharMagic,2707,OPERATING,STANDBY,0,,,queue-times.com
2026-08-03T10:31:08Z,2026-08-03,12,31,Disneyland Park,Orbitron®,7,OPERATING,STANDBY,55,,,queue-times.com
2026-08-03T10:31:08Z,2026-08-03,12,31,Disneyland Park,Star Tours: The Adventures Continue*,9,OPERATING,STANDBY,30,,,queue-times.com
2026-08-03T10:31:08Z,2026-08-03,12,31,Disneyland Park,Star Wars Hyperspace Mountain,8,OPERATING,STANDBY,35,,,queue-times.com
2026-08-03T10:31:08Z,2026-08-03,12,31,Disneyland Park,Star Wars Hyperspace Mountain Single Rider,7278,OPERATING,STANDBY,25,,,queue-times.com
2026-08-03T10:31:08Z,2026-08-03,12,31,Disneyland Park,Welcome to Starport: A Star Wars Encounter,4573,OPERATING,STANDBY,20,,,queue-times.com
2026-08-03T10:31:08Z,2026-08-03,12,31,Disneyland Park,"""it's a small world""",19,OPERATING,STANDBY,20,,,queue-times.com
2026-08-03T10:31:08Z,2026-08-03,12,31,Disneyland Park,Alice's Curious Labyrinth,14,OPERATING,STANDBY,5,,,queue-times.com
2026-08-03T10:31:08Z,2026-08-03,12,31,Disneyland Park,Blanche-Neige et les Sept Nains®,15,OPERATING,STANDBY,10,,,queue-times.com
2026-08-03T10:31:08Z,2026-08-03,12,31,Disneyland Park,Casey Jr. – le Petit Train du Cirque,17,OPERATING,STANDBY,10,,,queue-times.com
2026-08-03T10:31:08Z,2026-08-03,12,31,Disneyland Park,Disneyland Railroad Fantasyland Station,2711,CLOSED,STANDBY,0,,,queue-times.com
2026-08-03T10:31:08Z,2026-08-03,12,31,Disneyland Park,Disneyland Railroad Main Street Station,11,CLOSED,STANDBY,0,,,queue-times.com
2026-08-03T10:31:08Z,2026-08-03,12,31,Disneyland Park,Dumbo the Flying Elephant,18,OPERATING,STANDBY,40,,,queue-times.com
2026-08-03T10:31:08Z,2026-08-03,12,31,Disneyland Park,La Tanière du Dragon,2710,OPERATING,STANDBY,0,,,queue-times.com
2026-08-03T10:31:08Z,2026-08-03,12,31,Disneyland Park,Le Carrousel de Lancelot,16,OPERATING,STANDBY,10,,,queue-times.com
2026-08-03T10:31:08Z,2026-08-03,12,31,Disneyland Park,"Le Pays des Contes de Fées, presented by Vittel",21,CLOSED,STANDBY,0,,,queue-times.com
2026-08-03T10:31:08Z,2026-08-03,12,31,Disneyland Park,Les Voyages de Pinocchio,23,OPERATING,STANDBY,15,,,queue-times.com
2026-08-03T10:31:08Z,2026-08-03,12,31,Disneyland Park,Mad Hatter's Tea Cups,20,OPERATING,STANDBY,10,,,queue-times.com
2026-08-03T10:31:08Z,2026-08-03,12,31,Disneyland Park,Meet Mickey Mouse,13,OPERATING,STANDBY,0,,,queue-times.com
2026-08-03T10:31:08Z,2026-08-03,12,31,Disneyland Park,Peter Pan's Flight,22,OPERATING,STANDBY,65,,,queue-times.com
2026-08-03T10:31:08Z,2026-08-03,12,31,Disneyland Park,Princess Pavilion,24,OPERATING,STANDBY,0,,,queue-times.com
2026-08-03T10:31:08Z,2026-08-03,12,31,Disneyland Park,Big Thunder Mountain,25,OPERATING,STANDBY,60,,,queue-times.com
2026-08-03T10:31:08Z,2026-08-03,12,31,Disneyland Park,Disneyland Railroad Frontierland Depot,2714,CLOSED,STANDBY,0,,,queue-times.com
2026-08-03T10:31:08Z,2026-08-03,12,31,Disneyland Park,Frontierland Playground,2713,OPERATING,STANDBY,0,,,queue-times.com
2026-08-03T10:31:08Z,2026-08-03,12,31,Disneyland Park,Phantom Manor,26,OPERATING,STANDBY,15,,,queue-times.com
2026-08-03T10:31:08Z,2026-08-03,12,31,Disneyland Park,River Rogue Keelboats,27,CLOSED,STANDBY,0,,,queue-times.com
2026-08-03T10:31:08Z,2026-08-03,12,31,Disneyland Park,Rustler Roundup Shootin' Gallery,2712,OPERATING,STANDBY,0,,,queue-times.com
2026-08-03T10:31:08Z,2026-08-03,12,31,Disneyland Park,Thunder Mesa Riverboat Landing,28,OPERATING,STANDBY,20,,,queue-times.com
2026-08-03T10:31:08Z,2026-08-03,12,31,Disneyland Park,Disneyland Railroad Main Street Station,2708,CLOSED,STANDBY,0,,,queue-times.com
2026-08-03T10:31:08Z,2026-08-03,12,31,Disneyland Park,Main Street Vehicles,12,OPERATING,STANDBY,5,,,queue-times.com
2026-08-03T10:31:08Z,2026-08-03,12,31,Disney Adventure World,Avengers Assemble: Flight Force,10848,OPERATING,STANDBY,20,,,queue-times.com
2026-08-03T10:31:08Z,2026-08-03,12,31,Disney Adventure World,Avengers Assemble: Flight Force Single Rider,10849,OPERATING,STANDBY,15,,,queue-times.com
2026-08-03T10:31:08Z,2026-08-03,12,31,Disney Adventure World,Spider-Man W.E.B. Adventure,10845,OPERATING,STANDBY,50,,,queue-times.com
2026-08-03T10:31:08Z,2026-08-03,12,31,Disney Adventure World,Spider-Man W.E.B. Adventure Single Rider,10846,OPERATING,STANDBY,15,,,queue-times.com
2026-08-03T10:31:08Z,2026-08-03,12,31,Disney Adventure World,The Twilight Zone Tower of Terror,40,OPERATING,STANDBY,30,,,queue-times.com
2026-08-03T10:31:08Z,2026-08-03,12,31,Disney Adventure World,Cars Quatre Roues Rallye,31,OPERATING,STANDBY,10,,,queue-times.com
2026-08-03T10:31:08Z,2026-08-03,12,31,Disney Adventure World,Cars ROAD TRIP,29,OPERATING,STANDBY,20,,,queue-times.com
2026-08-03T10:31:08Z,2026-08-03,12,31,Disney Adventure World,Crush's Coaster,32,OPERATING,STANDBY,65,,,queue-times.com
2026-08-03T10:31:08Z,2026-08-03,12,31,Disney Adventure World,Crush's Coaster Single Rider,7277,OPERATING,STANDBY,55,,,queue-times.com
2026-08-03T10:31:08Z,2026-08-03,12,31,Disney Adventure World,Les Tapis Volants - Flying Carpets Over Agrabah®,33,OPERATING,STANDBY,5,,,queue-times.com
2026-08-03T10:31:08Z,2026-08-03,12,31,Disney Adventure World,Ratatouille : L’Aventure Totalement Toquée de Rémy​,37,OPERATING,STANDBY,15,,,queue-times.com
2026-08-03T10:31:08Z,2026-08-03,12,31,Disney Adventure World,Ratatouille: The Adventure Single Rider,7279,OPERATING,STANDBY,5,,,queue-times.com
2026-08-03T10:31:08Z,2026-08-03,12,31,Disney Adventure World,RC Racer,34,OPERATING,STANDBY,45,,,queue-times.com
2026-08-03T10:31:08Z,2026-08-03,12,31,Disney Adventure World,RC Racer Single Rider,7280,OPERATING,STANDBY,35,,,queue-times.com
2026-08-03T10:31:08Z,2026-08-03,12,31,Disney Adventure World,Slinky® Dog Zigzag Spin,36,OPERATING,STANDBY,20,,,queue-times.com
2026-08-03T10:31:08Z,2026-08-03,12,31,Disney Adventure World,Toy Soldiers Parachute Drop,35,OPERATING,STANDBY,45,,,queue-times.com
2026-08-03T10:31:08Z,2026-08-03,12,31,Disney Adventure World,Toy Soldiers Parachute Drop Single Rider,7281,OPERATING,STANDBY,10,,,queue-times.com
2026-08-03T10:31:08Z,2026-08-03,12,31,Disney Adventure World,Entry to World of Frozen,16247,OPERATING,STANDBY,0,,,queue-times.com
2026-08-03T10:31:08Z,2026-08-03,12,31,Disney Adventure World,Frozen Ever After,15413,OPERATING,STANDBY,70,,,queue-times.com
2026-08-03T10:31:08Z,2026-08-03,12,31,Disney Adventure World,Raiponce Tangled Spin,15415,OPERATING,STANDBY,5,,,queue-times.com
2026-08-03T10:45:48Z,2026-08-03,12,45,Disneyland Park,Adventure Isle,2702,OPERATING,STANDBY,0,,,queue-times.com
2026-08-03T10:45:48Z,2026-08-03,12,45,Disneyland Park,Indiana Jones and the Temple of Peril Single Rider,7306,OPERATING,STANDBY,10,,,queue-times.com
2026-08-03T10:45:48Z,2026-08-03,12,45,Disneyland Park,Indiana Jones™ and the Temple of Peril,2,OPERATING,STANDBY,20,,,queue-times.com
2026-08-03T10:45:48Z,2026-08-03,12,45,Disneyland Park,La Cabane des Robinson,1,OPERATING,STANDBY,5,,,queue-times.com
2026-08-03T10:45:48Z,2026-08-03,12,45,Disneyland Park,Le Passage Enchanté d'Aladdin,2703,OPERATING,STANDBY,0,,,queue-times.com
2026-08-03T10:45:48Z,2026-08-03,12,45,Disneyland Park,Pirate Galleon,2705,CLOSED,STANDBY,0,,,queue-times.com
2026-08-03T10:45:48Z,2026-08-03,12,45,Disneyland Park,Pirates of the Caribbean,3,OPERATING,STANDBY,25,,,queue-times.com
2026-08-03T10:45:48Z,2026-08-03,12,45,Disneyland Park,Pirates' Beach,2704,OPERATING,STANDBY,0,,,queue-times.com
2026-08-03T10:45:48Z,2026-08-03,12,45,Disneyland Park,"Autopia, presented by Avis",4,CLOSED,STANDBY,0,,,queue-times.com
2026-08-03T10:45:48Z,2026-08-03,12,45,Disneyland Park,Buzz Lightyear Laser Blast,5,OPERATING,STANDBY,45,,,queue-times.com
2026-08-03T10:45:48Z,2026-08-03,12,45,Disneyland Park,Disneyland Railroad Discoveryland Station,2706,CLOSED,STANDBY,0,,,queue-times.com
2026-08-03T10:45:48Z,2026-08-03,12,45,Disneyland Park,Les Mystères du Nautilus,6,OPERATING,STANDBY,5,,,queue-times.com
2026-08-03T10:45:48Z,2026-08-03,12,45,Disneyland Park,Mickey’s PhilharMagic,2707,OPERATING,STANDBY,0,,,queue-times.com
2026-08-03T10:45:48Z,2026-08-03,12,45,Disneyland Park,Orbitron®,7,OPERATING,STANDBY,45,,,queue-times.com
2026-08-03T10:45:48Z,2026-08-03,12,45,Disneyland Park,Star Tours: The Adventures Continue*,9,OPERATING,STANDBY,15,,,queue-times.com
2026-08-03T10:45:48Z,2026-08-03,12,45,Disneyland Park,Star Wars Hyperspace Mountain,8,OPERATING,STANDBY,30,,,queue-times.com
2026-08-03T10:45:48Z,2026-08-03,12,45,Disneyland Park,Star Wars Hyperspace Mountain Single Rider,7278,OPERATING,STANDBY,25,,,queue-times.com
2026-08-03T10:45:48Z,2026-08-03,12,45,Disneyland Park,Welcome to Starport: A Star Wars Encounter,4573,OPERATING,STANDBY,20,,,queue-times.com
2026-08-03T10:45:48Z,2026-08-03,12,45,Disneyland Park,"""it's a small world""",19,OPERATING,STANDBY,10,,,queue-times.com
2026-08-03T10:45:48Z,2026-08-03,12,45,Disneyland Park,Alice's Curious Labyrinth,14,OPERATING,STANDBY,5,,,queue-times.com
2026-08-03T10:45:48Z,2026-08-03,12,45,Disneyland Park,Blanche-Neige et les Sept Nains®,15,OPERATING,STANDBY,20,,,queue-times.com
2026-08-03T10:45:48Z,2026-08-03,12,45,Disneyland Park,Casey Jr. – le Petit Train du Cirque,17,OPERATING,STANDBY,20,,,queue-times.com
2026-08-03T10:45:48Z,2026-08-03,12,45,Disneyland Park,Disneyland Railroad Fantasyland Station,2711,CLOSED,STANDBY,0,,,queue-times.com
2026-08-03T10:45:48Z,2026-08-03,12,45,Disneyland Park,Disneyland Railroad Main Street Station,11,CLOSED,STANDBY,0,,,queue-times.com
2026-08-03T10:45:48Z,2026-08-03,12,45,Disneyland Park,Dumbo the Flying Elephant,18,OPERATING,STANDBY,40,,,queue-times.com
2026-08-03T10:45:48Z,2026-08-03,12,45,Disneyland Park,La Tanière du Dragon,2710,OPERATING,STANDBY,0,,,queue-times.com
2026-08-03T10:45:48Z,2026-08-03,12,45,Disneyland Park,Le Carrousel de Lancelot,16,OPERATING,STANDBY,10,,,queue-times.com
2026-08-03T10:45:48Z,2026-08-03,12,45,Disneyland Park,"Le Pays des Contes de Fées, presented by Vittel",21,CLOSED,STANDBY,0,,,queue-times.com
2026-08-03T10:45:48Z,2026-08-03,12,45,Disneyland Park,Les Voyages de Pinocchio,23,OPERATING,STANDBY,15,,,queue-times.com
2026-08-03T10:45:48Z,2026-08-03,12,45,Disneyland Park,Mad Hatter's Tea Cups,20,OPERATING,STANDBY,10,,,queue-times.com
2026-08-03T10:45:48Z,2026-08-03,12,45,Disneyland Park,Meet Mickey Mouse,13,OPERATING,STANDBY,0,,,queue-times.com
2026-08-03T10:45:48Z,2026-08-03,12,45,Disneyland Park,Peter Pan's Flight,22,OPERATING,STANDBY,65,,,queue-times.com
2026-08-03T10:45:48Z,2026-08-03,12,45,Disneyland Park,Princess Pavilion,24,OPERATING,STANDBY,0,,,queue-times.com
2026-08-03T10:45:48Z,2026-08-03,12,45,Disneyland Park,Big Thunder Mountain,25,OPERATING,STANDBY,60,,,queue-times.com
2026-08-03T10:45:48Z,2026-08-03,12,45,Disneyland Park,Disneyland Railroad Frontierland Depot,2714,CLOSED,STANDBY,0,,,queue-times.com
2026-08-03T10:45:48Z,2026-08-03,12,45,Disneyland Park,Frontierland Playground,2713,OPERATING,STANDBY,0,,,queue-times.com
2026-08-03T10:45:48Z,2026-08-03,12,45,Disneyland Park,Phantom Manor,26,OPERATING,STANDBY,15,,,queue-times.com
2026-08-03T10:45:48Z,2026-08-03,12,45,Disneyland Park,River Rogue Keelboats,27,CLOSED,STANDBY,0,,,queue-times.com
2026-08-03T10:45:48Z,2026-08-03,12,45,Disneyland Park,Rustler Roundup Shootin' Gallery,2712,OPERATING,STANDBY,0,,,queue-times.com
2026-08-03T10:45:48Z,2026-08-03,12,45,Disneyland Park,Thunder Mesa Riverboat Landing,28,OPERATING,STANDBY,20,,,queue-times.com
2026-08-03T10:45:48Z,2026-08-03,12,45,Disneyland Park,Disneyland Railroad Main Street Station,2708,CLOSED,STANDBY,0,,,queue-times.com
2026-08-03T10:45:48Z,2026-08-03,12,45,Disneyland Park,Main Street Vehicles,12,OPERATING,STANDBY,5,,,queue-times.com
2026-08-03T10:45:48Z,2026-08-03,12,45,Disney Adventure World,Avengers Assemble: Flight Force,10848,OPERATING,STANDBY,25,,,queue-times.com
2026-08-03T10:45:48Z,2026-08-03,12,45,Disney Adventure World,Avengers Assemble: Flight Force Single Rider,10849,OPERATING,STANDBY,10,,,queue-times.com
2026-08-03T10:45:48Z,2026-08-03,12,45,Disney Adventure World,Spider-Man W.E.B. Adventure,10845,OPERATING,STANDBY,60,,,queue-times.com
2026-08-03T10:45:48Z,2026-08-03,12,45,Disney Adventure World,Spider-Man W.E.B. Adventure Single Rider,10846,OPERATING,STANDBY,15,,,queue-times.com
2026-08-03T10:45:48Z,2026-08-03,12,45,Disney Adventure World,The Twilight Zone Tower of Terror,40,OPERATING,STANDBY,30,,,queue-times.com
2026-08-03T10:45:48Z,2026-08-03,12,45,Disney Adventure World,Cars Quatre Roues Rallye,31,OPERATING,STANDBY,5,,,queue-times.com
2026-08-03T10:45:48Z,2026-08-03,12,45,Disney Adventure World,Cars ROAD TRIP,29,OPERATING,STANDBY,5,,,queue-times.com
2026-08-03T10:45:48Z,2026-08-03,12,45,Disney Adventure World,Crush's Coaster,32,OPERATING,STANDBY,65,,,queue-times.com
2026-08-03T10:45:48Z,2026-08-03,12,45,Disney Adventure World,Crush's Coaster Single Rider,7277,OPERATING,STANDBY,45,,,queue-times.com
2026-08-03T10:45:48Z,2026-08-03,12,45,Disney Adventure World,Les Tapis Volants - Flying Carpets Over Agrabah®,33,OPERATING,STANDBY,5,,,queue-times.com
2026-08-03T10:45:48Z,2026-08-03,12,45,Disney Adventure World,Ratatouille : L’Aventure Totalement Toquée de Rémy​,37,OPERATING,STANDBY,35,,,queue-times.com
2026-08-03T10:45:48Z,2026-08-03,12,45,Disney Adventure World,Ratatouille: The Adventure Single Rider,7279,OPERATING,STANDBY,10,,,queue-times.com
2026-08-03T10:45:48Z,2026-08-03,12,45,Disney Adventure World,RC Racer,34,OPERATING,STANDBY,40,,,queue-times.com
2026-08-03T10:45:48Z,2026-08-03,12,45,Disney Adventure World,RC Racer Single Rider,7280,OPERATING,STANDBY,35,,,queue-times.com
2026-08-03T10:45:48Z,2026-08-03,12,45,Disney Adventure World,Slinky® Dog Zigzag Spin,36,OPERATING,STANDBY,15,,,queue-times.com
2026-08-03T10:45:48Z,2026-08-03,12,45,Disney Adventure World,Toy Soldiers Parachute Drop,35,OPERATING,STANDBY,45,,,queue-times.com
2026-08-03T10:45:48Z,2026-08-03,12,45,Disney Adventure World,Toy Soldiers Parachute Drop Single Rider,7281,OPERATING,STANDBY,10,,,queue-times.com
2026-08-03T10:45:48Z,2026-08-03,12,45,Disney Adventure World,Entry to World of Frozen,16247,OPERATING,STANDBY,0,,,queue-times.com
2026-08-03T10:45:48Z,2026-08-03,12,45,Disney Adventure World,Frozen Ever After,15413,OPERATING,STANDBY,70,,,queue-times.com
2026-08-03T10:45:48Z,2026-08-03,12,45,Disney Adventure World,Raiponce Tangled Spin,15415,OPERATING,STANDBY,5,,,queue-times.com
2026-08-03T11:01:23Z,2026-08-03,13,1,Disneyland Park,Adventure Isle,2702,OPERATING,STANDBY,0,,,queue-times.com
2026-08-03T11:01:23Z,2026-08-03,13,1,Disneyland Park,Indiana Jones and the Temple of Peril Single Rider,7306,OPERATING,STANDBY,10,,,queue-times.com
2026-08-03T11:01:23Z,2026-08-03,13,1,Disneyland Park,Indiana Jones™ and the Temple of Peril,2,OPERATING,STANDBY,25,,,queue-times.com
2026-08-03T11:01:23Z,2026-08-03,13,1,Disneyland Park,La Cabane des Robinson,1,OPERATING,STANDBY,5,,,queue-times.com
2026-08-03T11:01:23Z,2026-08-03,13,1,Disneyland Park,Le Passage Enchanté d'Aladdin,2703,OPERATING,STANDBY,0,,,queue-times.com
2026-08-03T11:01:23Z,2026-08-03,13,1,Disneyland Park,Pirate Galleon,2705,CLOSED,STANDBY,0,,,queue-times.com
2026-08-03T11:01:23Z,2026-08-03,13,1,Disneyland Park,Pirates of the Caribbean,3,OPERATING,STANDBY,35,,,queue-times.com
2026-08-03T11:01:23Z,2026-08-03,13,1,Disneyland Park,Pirates' Beach,2704,OPERATING,STANDBY,0,,,queue-times.com
2026-08-03T11:01:23Z,2026-08-03,13,1,Disneyland Park,"Autopia, presented by Avis",4,CLOSED,STANDBY,0,,,queue-times.com
2026-08-03T11:01:23Z,2026-08-03,13,1,Disneyland Park,Buzz Lightyear Laser Blast,5,OPERATING,STANDBY,45,,,queue-times.com
2026-08-03T11:01:23Z,2026-08-03,13,1,Disneyland Park,Disneyland Railroad Discoveryland Station,2706,CLOSED,STANDBY,0,,,queue-times.com
2026-08-03T11:01:23Z,2026-08-03,13,1,Disneyland Park,Les Mystères du Nautilus,6,OPERATING,STANDBY,5,,,queue-times.com
2026-08-03T11:01:23Z,2026-08-03,13,1,Disneyland Park,Mickey’s PhilharMagic,2707,OPERATING,STANDBY,0,,,queue-times.com
2026-08-03T11:01:23Z,2026-08-03,13,1,Disneyland Park,Orbitron®,7,OPERATING,STANDBY,45,,,queue-times.com
2026-08-03T11:01:23Z,2026-08-03,13,1,Disneyland Park,Star Tours: The Adventures Continue*,9,OPERATING,STANDBY,15,,,queue-times.com
2026-08-03T11:01:23Z,2026-08-03,13,1,Disneyland Park,Star Wars Hyperspace Mountain,8,OPERATING,STANDBY,35,,,queue-times.com
2026-08-03T11:01:23Z,2026-08-03,13,1,Disneyland Park,Star Wars Hyperspace Mountain Single Rider,7278,OPERATING,STANDBY,25,,,queue-times.com
2026-08-03T11:01:23Z,2026-08-03,13,1,Disneyland Park,Welcome to Starport: A Star Wars Encounter,4573,OPERATING,STANDBY,20,,,queue-times.com
2026-08-03T11:01:23Z,2026-08-03,13,1,Disneyland Park,"""it's a small world""",19,OPERATING,STANDBY,10,,,queue-times.com
2026-08-03T11:01:23Z,2026-08-03,13,1,Disneyland Park,Alice's Curious Labyrinth,14,OPERATING,STANDBY,5,,,queue-times.com
2026-08-03T11:01:23Z,2026-08-03,13,1,Disneyland Park,Blanche-Neige et les Sept Nains®,15,OPERATING,STANDBY,30,,,queue-times.com
2026-08-03T11:01:23Z,2026-08-03,13,1,Disneyland Park,Casey Jr. – le Petit Train du Cirque,17,OPERATING,STANDBY,15,,,queue-times.com
2026-08-03T11:01:23Z,2026-08-03,13,1,Disneyland Park,Disneyland Railroad Fantasyland Station,2711,CLOSED,STANDBY,0,,,queue-times.com
2026-08-03T11:01:23Z,2026-08-03,13,1,Disneyland Park,Disneyland Railroad Main Street Station,11,CLOSED,STANDBY,0,,,queue-times.com
2026-08-03T11:01:23Z,2026-08-03,13,1,Disneyland Park,Dumbo the Flying Elephant,18,CLOSED,STANDBY,0,,,queue-times.com
2026-08-03T11:01:23Z,2026-08-03,13,1,Disneyland Park,La Tanière du Dragon,2710,OPERATING,STANDBY,0,,,queue-times.com
2026-08-03T11:01:23Z,2026-08-03,13,1,Disneyland Park,Le Carrousel de Lancelot,16,OPERATING,STANDBY,10,,,queue-times.com
2026-08-03T11:01:23Z,2026-08-03,13,1,Disneyland Park,"Le Pays des Contes de Fées, presented by Vittel",21,CLOSED,STANDBY,0,,,queue-times.com
2026-08-03T11:01:23Z,2026-08-03,13,1,Disneyland Park,Les Voyages de Pinocchio,23,OPERATING,STANDBY,25,,,queue-times.com
2026-08-03T11:01:23Z,2026-08-03,13,1,Disneyland Park,Mad Hatter's Tea Cups,20,OPERATING,STANDBY,10,,,queue-times.com
2026-08-03T11:01:23Z,2026-08-03,13,1,Disneyland Park,Meet Mickey Mouse,13,OPERATING,STANDBY,0,,,queue-times.com
2026-08-03T11:01:23Z,2026-08-03,13,1,Disneyland Park,Peter Pan's Flight,22,OPERATING,STANDBY,60,,,queue-times.com
2026-08-03T11:01:23Z,2026-08-03,13,1,Disneyland Park,Princess Pavilion,24,OPERATING,STANDBY,0,,,queue-times.com
2026-08-03T11:01:23Z,2026-08-03,13,1,Disneyland Park,Big Thunder Mountain,25,OPERATING,STANDBY,90,,,queue-times.com
2026-08-03T11:01:23Z,2026-08-03,13,1,Disneyland Park,Disneyland Railroad Frontierland Depot,2714,CLOSED,STANDBY,0,,,queue-times.com
2026-08-03T11:01:23Z,2026-08-03,13,1,Disneyland Park,Frontierland Playground,2713,CLOSED,STANDBY,0,,,queue-times.com
2026-08-03T11:01:23Z,2026-08-03,13,1,Disneyland Park,Phantom Manor,26,OPERATING,STANDBY,15,,,queue-times.com
2026-08-03T11:01:23Z,2026-08-03,13,1,Disneyland Park,River Rogue Keelboats,27,CLOSED,STANDBY,0,,,queue-times.com
2026-08-03T11:01:23Z,2026-08-03,13,1,Disneyland Park,Rustler Roundup Shootin' Gallery,2712,OPERATING,STANDBY,0,,,queue-times.com
2026-08-03T11:01:23Z,2026-08-03,13,1,Disneyland Park,Thunder Mesa Riverboat Landing,28,OPERATING,STANDBY,20,,,queue-times.com
2026-08-03T11:01:23Z,2026-08-03,13,1,Disneyland Park,Disneyland Railroad Main Street Station,2708,CLOSED,STANDBY,0,,,queue-times.com
2026-08-03T11:01:23Z,2026-08-03,13,1,Disneyland Park,Main Street Vehicles,12,OPERATING,STANDBY,5,,,queue-times.com
2026-08-03T11:01:23Z,2026-08-03,13,1,Disney Adventure World,Avengers Assemble: Flight Force,10848,OPERATING,STANDBY,15,,,queue-times.com
2026-08-03T11:01:23Z,2026-08-03,13,1,Disney Adventure World,Avengers Assemble: Flight Force Single Rider,10849,OPERATING,STANDBY,10,,,queue-times.com
2026-08-03T11:01:23Z,2026-08-03,13,1,Disney Adventure World,Spider-Man W.E.B. Adventure,10845,OPERATING,STANDBY,50,,,queue-times.com
2026-08-03T11:01:23Z,2026-08-03,13,1,Disney Adventure World,Spider-Man W.E.B. Adventure Single Rider,10846,OPERATING,STANDBY,30,,,queue-times.com
2026-08-03T11:01:23Z,2026-08-03,13,1,Disney Adventure World,The Twilight Zone Tower of Terror,40,OPERATING,STANDBY,25,,,queue-times.com
2026-08-03T11:01:23Z,2026-08-03,13,1,Disney Adventure World,Cars Quatre Roues Rallye,31,OPERATING,STANDBY,5,,,queue-times.com
2026-08-03T11:01:23Z,2026-08-03,13,1,Disney Adventure World,Cars ROAD TRIP,29,OPERATING,STANDBY,15,,,queue-times.com
2026-08-03T11:01:23Z,2026-08-03,13,1,Disney Adventure World,Crush's Coaster,32,OPERATING,STANDBY,75,,,queue-times.com
2026-08-03T11:01:23Z,2026-08-03,13,1,Disney Adventure World,Crush's Coaster Single Rider,7277,OPERATING,STANDBY,55,,,queue-times.com
2026-08-03T11:01:23Z,2026-08-03,13,1,Disney Adventure World,Les Tapis Volants - Flying Carpets Over Agrabah®,33,OPERATING,STANDBY,5,,,queue-times.com
2026-08-03T11:01:23Z,2026-08-03,13,1,Disney Adventure World,Ratatouille : L’Aventure Totalement Toquée de Rémy​,37,OPERATING,STANDBY,60,,,queue-times.com
2026-08-03T11:01:23Z,2026-08-03,13,1,Disney Adventure World,Ratatouille: The Adventure Single Rider,7279,OPERATING,STANDBY,10,,,queue-times.com
2026-08-03T11:01:23Z,2026-08-03,13,1,Disney Adventure World,RC Racer,34,OPERATING,STANDBY,35,,,queue-times.com
2026-08-03T11:01:23Z,2026-08-03,13,1,Disney Adventure World,RC Racer Single Rider,7280,OPERATING,STANDBY,30,,,queue-times.com
2026-08-03T11:01:23Z,2026-08-03,13,1,Disney Adventure World,Slinky® Dog Zigzag Spin,36,OPERATING,STANDBY,10,,,queue-times.com
2026-08-03T11:01:23Z,2026-08-03,13,1,Disney Adventure World,Toy Soldiers Parachute Drop,35,OPERATING,STANDBY,45,,,queue-times.com
2026-08-03T11:01:23Z,2026-08-03,13,1,Disney Adventure World,Toy Soldiers Parachute Drop Single Rider,7281,OPERATING,STANDBY,10,,,queue-times.com
2026-08-03T11:01:23Z,2026-08-03,13,1,Disney Adventure World,Entry to World of Frozen,16247,OPERATING,STANDBY,0,,,queue-times.com
2026-08-03T11:01:23Z,2026-08-03,13,1,Disney Adventure World,Frozen Ever After,15413,OPERATING,STANDBY,70,,,queue-times.com
2026-08-03T11:01:23Z,2026-08-03,13,1,Disney Adventure World,Raiponce Tangled Spin,15415,OPERATING,STANDBY,10,,,queue-times.com
2026-08-03T11:15:47Z,2026-08-03,13,15,Disneyland Park,Adventure Isle,2702,OPERATING,STANDBY,0,,,queue-times.com
2026-08-03T11:15:47Z,2026-08-03,13,15,Disneyland Park,Indiana Jones and the Temple of Peril Single Rider,7306,OPERATING,STANDBY,20,,,queue-times.com
2026-08-03T11:15:47Z,2026-08-03,13,15,Disneyland Park,Indiana Jones™ and the Temple of Peril,2,OPERATING,STANDBY,40,,,queue-times.com
2026-08-03T11:15:47Z,2026-08-03,13,15,Disneyland Park,La Cabane des Robinson,1,OPERATING,STANDBY,5,,,queue-times.com
2026-08-03T11:15:47Z,2026-08-03,13,15,Disneyland Park,Le Passage Enchanté d'Aladdin,2703,OPERATING,STANDBY,0,,,queue-times.com
2026-08-03T11:15:47Z,2026-08-03,13,15,Disneyland Park,Pirate Galleon,2705,CLOSED,STANDBY,0,,,queue-times.com
2026-08-03T11:15:47Z,2026-08-03,13,15,Disneyland Park,Pirates of the Caribbean,3,OPERATING,STANDBY,35,,,queue-times.com
2026-08-03T11:15:47Z,2026-08-03,13,15,Disneyland Park,Pirates' Beach,2704,OPERATING,STANDBY,0,,,queue-times.com
2026-08-03T11:15:47Z,2026-08-03,13,15,Disneyland Park,"Autopia, presented by Avis",4,CLOSED,STANDBY,0,,,queue-times.com
2026-08-03T11:15:47Z,2026-08-03,13,15,Disneyland Park,Buzz Lightyear Laser Blast,5,OPERATING,STANDBY,30,,,queue-times.com
2026-08-03T11:15:47Z,2026-08-03,13,15,Disneyland Park,Disneyland Railroad Discoveryland Station,2706,CLOSED,STANDBY,0,,,queue-times.com
2026-08-03T11:15:47Z,2026-08-03,13,15,Disneyland Park,Les Mystères du Nautilus,6,OPERATING,STANDBY,5,,,queue-times.com
2026-08-03T11:15:47Z,2026-08-03,13,15,Disneyland Park,Mickey’s PhilharMagic,2707,OPERATING,STANDBY,0,,,queue-times.com
2026-08-03T11:15:47Z,2026-08-03,13,15,Disneyland Park,Orbitron®,7,CLOSED,STANDBY,0,,,queue-times.com
2026-08-03T11:15:47Z,2026-08-03,13,15,Disneyland Park,Star Tours: The Adventures Continue*,9,OPERATING,STANDBY,15,,,queue-times.com
2026-08-03T11:15:47Z,2026-08-03,13,15,Disneyland Park,Star Wars Hyperspace Mountain,8,OPERATING,STANDBY,30,,,queue-times.com
2026-08-03T11:15:47Z,2026-08-03,13,15,Disneyland Park,Star Wars Hyperspace Mountain Single Rider,7278,OPERATING,STANDBY,20,,,queue-times.com
2026-08-03T11:15:47Z,2026-08-03,13,15,Disneyland Park,Welcome to Starport: A Star Wars Encounter,4573,OPERATING,STANDBY,20,,,queue-times.com
2026-08-03T11:15:47Z,2026-08-03,13,15,Disneyland Park,"""it's a small world""",19,OPERATING,STANDBY,20,,,queue-times.com
2026-08-03T11:15:47Z,2026-08-03,13,15,Disneyland Park,Alice's Curious Labyrinth,14,OPERATING,STANDBY,5,,,queue-times.com
2026-08-03T11:15:47Z,2026-08-03,13,15,Disneyland Park,Blanche-Neige et les Sept Nains®,15,OPERATING,STANDBY,30,,,queue-times.com
2026-08-03T11:15:47Z,2026-08-03,13,15,Disneyland Park,Casey Jr. – le Petit Train du Cirque,17,CLOSED,STANDBY,0,,,queue-times.com
2026-08-03T11:15:47Z,2026-08-03,13,15,Disneyland Park,Disneyland Railroad Fantasyland Station,2711,CLOSED,STANDBY,0,,,queue-times.com
2026-08-03T11:15:47Z,2026-08-03,13,15,Disneyland Park,Disneyland Railroad Main Street Station,11,CLOSED,STANDBY,0,,,queue-times.com
2026-08-03T11:15:47Z,2026-08-03,13,15,Disneyland Park,Dumbo the Flying Elephant,18,CLOSED,STANDBY,0,,,queue-times.com
2026-08-03T11:15:47Z,2026-08-03,13,15,Disneyland Park,La Tanière du Dragon,2710,OPERATING,STANDBY,0,,,queue-times.com
2026-08-03T11:15:47Z,2026-08-03,13,15,Disneyland Park,Le Carrousel de Lancelot,16,OPERATING,STANDBY,10,,,queue-times.com
2026-08-03T11:15:47Z,2026-08-03,13,15,Disneyland Park,"Le Pays des Contes de Fées, presented by Vittel",21,CLOSED,STANDBY,0,,,queue-times.com
2026-08-03T11:15:47Z,2026-08-03,13,15,Disneyland Park,Les Voyages de Pinocchio,23,OPERATING,STANDBY,25,,,queue-times.com
2026-08-03T11:15:47Z,2026-08-03,13,15,Disneyland Park,Mad Hatter's Tea Cups,20,OPERATING,STANDBY,10,,,queue-times.com
2026-08-03T11:15:47Z,2026-08-03,13,15,Disneyland Park,Meet Mickey Mouse,13,OPERATING,STANDBY,0,,,queue-times.com
2026-08-03T11:15:47Z,2026-08-03,13,15,Disneyland Park,Peter Pan's Flight,22,OPERATING,STANDBY,50,,,queue-times.com
2026-08-03T11:15:47Z,2026-08-03,13,15,Disneyland Park,Princess Pavilion,24,OPERATING,STANDBY,0,,,queue-times.com
2026-08-03T11:15:47Z,2026-08-03,13,15,Disneyland Park,Big Thunder Mountain,25,OPERATING,STANDBY,65,,,queue-times.com
2026-08-03T11:15:47Z,2026-08-03,13,15,Disneyland Park,Disneyland Railroad Frontierland Depot,2714,CLOSED,STANDBY,0,,,queue-times.com
2026-08-03T11:15:47Z,2026-08-03,13,15,Disneyland Park,Frontierland Playground,2713,CLOSED,STANDBY,0,,,queue-times.com
2026-08-03T11:15:47Z,2026-08-03,13,15,Disneyland Park,Phantom Manor,26,OPERATING,STANDBY,15,,,queue-times.com
2026-08-03T11:15:47Z,2026-08-03,13,15,Disneyland Park,River Rogue Keelboats,27,CLOSED,STANDBY,0,,,queue-times.com
2026-08-03T11:15:47Z,2026-08-03,13,15,Disneyland Park,Rustler Roundup Shootin' Gallery,2712,OPERATING,STANDBY,0,,,queue-times.com
2026-08-03T11:15:47Z,2026-08-03,13,15,Disneyland Park,Thunder Mesa Riverboat Landing,28,OPERATING,STANDBY,20,,,queue-times.com
2026-08-03T11:15:47Z,2026-08-03,13,15,Disneyland Park,Disneyland Railroad Main Street Station,2708,CLOSED,STANDBY,0,,,queue-times.com
2026-08-03T11:15:47Z,2026-08-03,13,15,Disneyland Park,Main Street Vehicles,12,OPERATING,STANDBY,5,,,queue-times.com
2026-08-03T11:15:47Z,2026-08-03,13,15,Disney Adventure World,Avengers Assemble: Flight Force,10848,OPERATING,STANDBY,15,,,queue-times.com
2026-08-03T11:15:47Z,2026-08-03,13,15,Disney Adventure World,Avengers Assemble: Flight Force Single Rider,10849,OPERATING,STANDBY,10,,,queue-times.com
2026-08-03T11:15:47Z,2026-08-03,13,15,Disney Adventure World,Spider-Man W.E.B. Adventure,10845,OPERATING,STANDBY,55,,,queue-times.com
2026-08-03T11:15:47Z,2026-08-03,13,15,Disney Adventure World,Spider-Man W.E.B. Adventure Single Rider,10846,OPERATING,STANDBY,30,,,queue-times.com
2026-08-03T11:15:47Z,2026-08-03,13,15,Disney Adventure World,The Twilight Zone Tower of Terror,40,OPERATING,STANDBY,25,,,queue-times.com
2026-08-03T11:15:47Z,2026-08-03,13,15,Disney Adventure World,Cars Quatre Roues Rallye,31,OPERATING,STANDBY,10,,,queue-times.com
2026-08-03T11:15:47Z,2026-08-03,13,15,Disney Adventure World,Cars ROAD TRIP,29,OPERATING,STANDBY,10,,,queue-times.com
2026-08-03T11:15:47Z,2026-08-03,13,15,Disney Adventure World,Crush's Coaster,32,OPERATING,STANDBY,65,,,queue-times.com
2026-08-03T11:15:47Z,2026-08-03,13,15,Disney Adventure World,Crush's Coaster Single Rider,7277,OPERATING,STANDBY,45,,,queue-times.com
2026-08-03T11:15:47Z,2026-08-03,13,15,Disney Adventure World,Les Tapis Volants - Flying Carpets Over Agrabah®,33,OPERATING,STANDBY,5,,,queue-times.com
2026-08-03T11:15:47Z,2026-08-03,13,15,Disney Adventure World,Ratatouille : L’Aventure Totalement Toquée de Rémy​,37,OPERATING,STANDBY,45,,,queue-times.com
2026-08-03T11:15:47Z,2026-08-03,13,15,Disney Adventure World,Ratatouille: The Adventure Single Rider,7279,OPERATING,STANDBY,5,,,queue-times.com
2026-08-03T11:15:47Z,2026-08-03,13,15,Disney Adventure World,RC Racer,34,OPERATING,STANDBY,45,,,queue-times.com
2026-08-03T11:15:47Z,2026-08-03,13,15,Disney Adventure World,RC Racer Single Rider,7280,OPERATING,STANDBY,30,,,queue-times.com
2026-08-03T11:15:47Z,2026-08-03,13,15,Disney Adventure World,Slinky® Dog Zigzag Spin,36,CLOSED,STANDBY,0,,,queue-times.com
2026-08-03T11:15:47Z,2026-08-03,13,15,Disney Adventure World,Toy Soldiers Parachute Drop,35,OPERATING,STANDBY,45,,,queue-times.com
2026-08-03T11:15:47Z,2026-08-03,13,15,Disney Adventure World,Toy Soldiers Parachute Drop Single Rider,7281,OPERATING,STANDBY,10,,,queue-times.com
2026-08-03T11:15:47Z,2026-08-03,13,15,Disney Adventure World,Entry to World of Frozen,16247,OPERATING,STANDBY,0,,,queue-times.com
2026-08-03T11:15:47Z,2026-08-03,13,15,Disney Adventure World,Frozen Ever After,15413,OPERATING,STANDBY,65,,,queue-times.com
2026-08-03T11:15:47Z,2026-08-03,13,15,Disney Adventure World,Raiponce Tangled Spin,15415,OPERATING,STANDBY,10,,,queue-times.com
2026-08-03T11:31:05Z,2026-08-03,13,31,Disneyland Park,Adventure Isle,2702,OPERATING,STANDBY,0,,,queue-times.com
2026-08-03T11:31:05Z,2026-08-03,13,31,Disneyland Park,Indiana Jones and the Temple of Peril Single Rider,7306,OPERATING,STANDBY,30,,,queue-times.com
2026-08-03T11:31:05Z,2026-08-03,13,31,Disneyland Park,Indiana Jones™ and the Temple of Peril,2,OPERATING,STANDBY,45,,,queue-times.com
2026-08-03T11:31:05Z,2026-08-03,13,31,Disneyland Park,La Cabane des Robinson,1,OPERATING,STANDBY,5,,,queue-times.com
2026-08-03T11:31:05Z,2026-08-03,13,31,Disneyland Park,Le Passage Enchanté d'Aladdin,2703,OPERATING,STANDBY,0,,,queue-times.com
2026-08-03T11:31:05Z,2026-08-03,13,31,Disneyland Park,Pirate Galleon,2705,CLOSED,STANDBY,0,,,queue-times.com
2026-08-03T11:31:05Z,2026-08-03,13,31,Disneyland Park,Pirates of the Caribbean,3,OPERATING,STANDBY,30,,,queue-times.com
2026-08-03T11:31:05Z,2026-08-03,13,31,Disneyland Park,Pirates' Beach,2704,OPERATING,STANDBY,0,,,queue-times.com
2026-08-03T11:31:05Z,2026-08-03,13,31,Disneyland Park,"Autopia, presented by Avis",4,CLOSED,STANDBY,0,,,queue-times.com
2026-08-03T11:31:05Z,2026-08-03,13,31,Disneyland Park,Buzz Lightyear Laser Blast,5,OPERATING,STANDBY,30,,,queue-times.com
2026-08-03T11:31:05Z,2026-08-03,13,31,Disneyland Park,Disneyland Railroad Discoveryland Station,2706,CLOSED,STANDBY,0,,,queue-times.com
2026-08-03T11:31:05Z,2026-08-03,13,31,Disneyland Park,Les Mystères du Nautilus,6,OPERATING,STANDBY,5,,,queue-times.com
2026-08-03T11:31:05Z,2026-08-03,13,31,Disneyland Park,Mickey’s PhilharMagic,2707,OPERATING,STANDBY,0,,,queue-times.com
2026-08-03T11:31:05Z,2026-08-03,13,31,Disneyland Park,Orbitron®,7,CLOSED,STANDBY,0,,,queue-times.com
2026-08-03T11:31:05Z,2026-08-03,13,31,Disneyland Park,Star Tours: The Adventures Continue*,9,OPERATING,STANDBY,20,,,queue-times.com
2026-08-03T11:31:05Z,2026-08-03,13,31,Disneyland Park,Star Wars Hyperspace Mountain,8,OPERATING,STANDBY,40,,,queue-times.com
2026-08-03T11:31:05Z,2026-08-03,13,31,Disneyland Park,Star Wars Hyperspace Mountain Single Rider,7278,OPERATING,STANDBY,15,,,queue-times.com
2026-08-03T11:31:05Z,2026-08-03,13,31,Disneyland Park,Welcome to Starport: A Star Wars Encounter,4573,OPERATING,STANDBY,20,,,queue-times.com
2026-08-03T11:31:05Z,2026-08-03,13,31,Disneyland Park,"""it's a small world""",19,OPERATING,STANDBY,25,,,queue-times.com
2026-08-03T11:31:05Z,2026-08-03,13,31,Disneyland Park,Alice's Curious Labyrinth,14,OPERATING,STANDBY,5,,,queue-times.com
2026-08-03T11:31:05Z,2026-08-03,13,31,Disneyland Park,Blanche-Neige et les Sept Nains®,15,OPERATING,STANDBY,30,,,queue-times.com
2026-08-03T11:31:05Z,2026-08-03,13,31,Disneyland Park,Casey Jr. – le Petit Train du Cirque,17,CLOSED,STANDBY,0,,,queue-times.com
2026-08-03T11:31:05Z,2026-08-03,13,31,Disneyland Park,Disneyland Railroad Fantasyland Station,2711,CLOSED,STANDBY,0,,,queue-times.com
2026-08-03T11:31:05Z,2026-08-03,13,31,Disneyland Park,Disneyland Railroad Main Street Station,11,CLOSED,STANDBY,0,,,queue-times.com
2026-08-03T11:31:05Z,2026-08-03,13,31,Disneyland Park,Dumbo the Flying Elephant,18,CLOSED,STANDBY,0,,,queue-times.com
2026-08-03T11:31:05Z,2026-08-03,13,31,Disneyland Park,La Tanière du Dragon,2710,OPERATING,STANDBY,0,,,queue-times.com
2026-08-03T11:31:05Z,2026-08-03,13,31,Disneyland Park,Le Carrousel de Lancelot,16,OPERATING,STANDBY,10,,,queue-times.com
2026-08-03T11:31:05Z,2026-08-03,13,31,Disneyland Park,"Le Pays des Contes de Fées, presented by Vittel",21,CLOSED,STANDBY,0,,,queue-times.com
2026-08-03T11:31:05Z,2026-08-03,13,31,Disneyland Park,Les Voyages de Pinocchio,23,OPERATING,STANDBY,25,,,queue-times.com
2026-08-03T11:31:05Z,2026-08-03,13,31,Disneyland Park,Mad Hatter's Tea Cups,20,OPERATING,STANDBY,15,,,queue-times.com
2026-08-03T11:31:05Z,2026-08-03,13,31,Disneyland Park,Meet Mickey Mouse,13,OPERATING,STANDBY,0,,,queue-times.com
2026-08-03T11:31:05Z,2026-08-03,13,31,Disneyland Park,Peter Pan's Flight,22,OPERATING,STANDBY,50,,,queue-times.com
2026-08-03T11:31:05Z,2026-08-03,13,31,Disneyland Park,Princess Pavilion,24,OPERATING,STANDBY,0,,,queue-times.com
2026-08-03T11:31:05Z,2026-08-03,13,31,Disneyland Park,Big Thunder Mountain,25,OPERATING,STANDBY,65,,,queue-times.com
2026-08-03T11:31:05Z,2026-08-03,13,31,Disneyland Park,Disneyland Railroad Frontierland Depot,2714,CLOSED,STANDBY,0,,,queue-times.com
2026-08-03T11:31:05Z,2026-08-03,13,31,Disneyland Park,Frontierland Playground,2713,CLOSED,STANDBY,0,,,queue-times.com
2026-08-03T11:31:05Z,2026-08-03,13,31,Disneyland Park,Phantom Manor,26,CLOSED,STANDBY,0,,,queue-times.com
2026-08-03T11:31:05Z,2026-08-03,13,31,Disneyland Park,River Rogue Keelboats,27,CLOSED,STANDBY,0,,,queue-times.com
2026-08-03T11:31:05Z,2026-08-03,13,31,Disneyland Park,Rustler Roundup Shootin' Gallery,2712,OPERATING,STANDBY,0,,,queue-times.com
2026-08-03T11:31:05Z,2026-08-03,13,31,Disneyland Park,Thunder Mesa Riverboat Landing,28,CLOSED,STANDBY,0,,,queue-times.com
2026-08-03T11:31:05Z,2026-08-03,13,31,Disneyland Park,Disneyland Railroad Main Street Station,2708,CLOSED,STANDBY,0,,,queue-times.com
2026-08-03T11:31:05Z,2026-08-03,13,31,Disneyland Park,Main Street Vehicles,12,OPERATING,STANDBY,5,,,queue-times.com
2026-08-03T11:31:05Z,2026-08-03,13,31,Disney Adventure World,Avengers Assemble: Flight Force,10848,OPERATING,STANDBY,20,,,queue-times.com
2026-08-03T11:31:05Z,2026-08-03,13,31,Disney Adventure World,Avengers Assemble: Flight Force Single Rider,10849,OPERATING,STANDBY,10,,,queue-times.com
2026-08-03T11:31:05Z,2026-08-03,13,31,Disney Adventure World,Spider-Man W.E.B. Adventure,10845,OPERATING,STANDBY,50,,,queue-times.com
2026-08-03T11:31:05Z,2026-08-03,13,31,Disney Adventure World,Spider-Man W.E.B. Adventure Single Rider,10846,OPERATING,STANDBY,15,,,queue-times.com
2026-08-03T11:31:05Z,2026-08-03,13,31,Disney Adventure World,The Twilight Zone Tower of Terror,40,OPERATING,STANDBY,20,,,queue-times.com
2026-08-03T11:31:05Z,2026-08-03,13,31,Disney Adventure World,Cars Quatre Roues Rallye,31,OPERATING,STANDBY,10,,,queue-times.com
2026-08-03T11:31:05Z,2026-08-03,13,31,Disney Adventure World,Cars ROAD TRIP,29,OPERATING,STANDBY,5,,,queue-times.com
2026-08-03T11:31:05Z,2026-08-03,13,31,Disney Adventure World,Crush's Coaster,32,OPERATING,STANDBY,80,,,queue-times.com
2026-08-03T11:31:05Z,2026-08-03,13,31,Disney Adventure World,Crush's Coaster Single Rider,7277,OPERATING,STANDBY,60,,,queue-times.com
2026-08-03T11:31:05Z,2026-08-03,13,31,Disney Adventure World,Les Tapis Volants - Flying Carpets Over Agrabah®,33,CLOSED,STANDBY,0,,,queue-times.com
2026-08-03T11:31:05Z,2026-08-03,13,31,Disney Adventure World,Ratatouille : L’Aventure Totalement Toquée de Rémy​,37,OPERATING,STANDBY,50,,,queue-times.com
2026-08-03T11:31:05Z,2026-08-03,13,31,Disney Adventure World,Ratatouille: The Adventure Single Rider,7279,OPERATING,STANDBY,25,,,queue-times.com
2026-08-03T11:31:05Z,2026-08-03,13,31,Disney Adventure World,RC Racer,34,OPERATING,STANDBY,35,,,queue-times.com
2026-08-03T11:31:05Z,2026-08-03,13,31,Disney Adventure World,RC Racer Single Rider,7280,OPERATING,STANDBY,20,,,queue-times.com
2026-08-03T11:31:05Z,2026-08-03,13,31,Disney Adventure World,Slinky® Dog Zigzag Spin,36,CLOSED,STANDBY,0,,,queue-times.com
2026-08-03T11:31:05Z,2026-08-03,13,31,Disney Adventure World,Toy Soldiers Parachute Drop,35,OPERATING,STANDBY,35,,,queue-times.com
2026-08-03T11:31:05Z,2026-08-03,13,31,Disney Adventure World,Toy Soldiers Parachute Drop Single Rider,7281,OPERATING,STANDBY,30,,,queue-times.com
2026-08-03T11:31:05Z,2026-08-03,13,31,Disney Adventure World,Entry to World of Frozen,16247,OPERATING,STANDBY,0,,,queue-times.com
2026-08-03T11:31:05Z,2026-08-03,13,31,Disney Adventure World,Frozen Ever After,15413,OPERATING,STANDBY,50,,,queue-times.com
2026-08-03T11:31:05Z,2026-08-03,13,31,Disney Adventure World,Raiponce Tangled Spin,15415,OPERATING,STANDBY,5,,,queue-times.com
2026-08-03T11:45:51Z,2026-08-03,13,45,Disneyland Park,Adventure Isle,2702,OPERATING,STANDBY,0,,,queue-times.com
2026-08-03T11:45:51Z,2026-08-03,13,45,Disneyland Park,Indiana Jones and the Temple of Peril Single Rider,7306,OPERATING,STANDBY,35,,,queue-times.com
2026-08-03T11:45:51Z,2026-08-03,13,45,Disneyland Park,Indiana Jones™ and the Temple of Peril,2,OPERATING,STANDBY,60,,,queue-times.com
2026-08-03T11:45:51Z,2026-08-03,13,45,Disneyland Park,La Cabane des Robinson,1,OPERATING,STANDBY,5,,,queue-times.com
2026-08-03T11:45:51Z,2026-08-03,13,45,Disneyland Park,Le Passage Enchanté d'Aladdin,2703,OPERATING,STANDBY,0,,,queue-times.com
2026-08-03T11:45:51Z,2026-08-03,13,45,Disneyland Park,Pirate Galleon,2705,CLOSED,STANDBY,0,,,queue-times.com
2026-08-03T11:45:51Z,2026-08-03,13,45,Disneyland Park,Pirates of the Caribbean,3,OPERATING,STANDBY,30,,,queue-times.com
2026-08-03T11:45:51Z,2026-08-03,13,45,Disneyland Park,Pirates' Beach,2704,OPERATING,STANDBY,0,,,queue-times.com
2026-08-03T11:45:51Z,2026-08-03,13,45,Disneyland Park,"Autopia, presented by Avis",4,CLOSED,STANDBY,0,,,queue-times.com
2026-08-03T11:45:51Z,2026-08-03,13,45,Disneyland Park,Buzz Lightyear Laser Blast,5,OPERATING,STANDBY,30,,,queue-times.com
2026-08-03T11:45:51Z,2026-08-03,13,45,Disneyland Park,Disneyland Railroad Discoveryland Station,2706,CLOSED,STANDBY,0,,,queue-times.com
2026-08-03T11:45:51Z,2026-08-03,13,45,Disneyland Park,Les Mystères du Nautilus,6,OPERATING,STANDBY,5,,,queue-times.com
2026-08-03T11:45:51Z,2026-08-03,13,45,Disneyland Park,Mickey’s PhilharMagic,2707,OPERATING,STANDBY,0,,,queue-times.com
2026-08-03T11:45:51Z,2026-08-03,13,45,Disneyland Park,Orbitron®,7,CLOSED,STANDBY,0,,,queue-times.com
2026-08-03T11:45:51Z,2026-08-03,13,45,Disneyland Park,Star Tours: The Adventures Continue*,9,OPERATING,STANDBY,25,,,queue-times.com
2026-08-03T11:45:51Z,2026-08-03,13,45,Disneyland Park,Star Wars Hyperspace Mountain,8,OPERATING,STANDBY,40,,,queue-times.com
2026-08-03T11:45:51Z,2026-08-03,13,45,Disneyland Park,Star Wars Hyperspace Mountain Single Rider,7278,OPERATING,STANDBY,30,,,queue-times.com
2026-08-03T11:45:51Z,2026-08-03,13,45,Disneyland Park,Welcome to Starport: A Star Wars Encounter,4573,OPERATING,STANDBY,20,,,queue-times.com
2026-08-03T11:45:51Z,2026-08-03,13,45,Disneyland Park,"""it's a small world""",19,OPERATING,STANDBY,20,,,queue-times.com
2026-08-03T11:45:51Z,2026-08-03,13,45,Disneyland Park,Alice's Curious Labyrinth,14,OPERATING,STANDBY,5,,,queue-times.com
2026-08-03T11:45:51Z,2026-08-03,13,45,Disneyland Park,Blanche-Neige et les Sept Nains®,15,OPERATING,STANDBY,20,,,queue-times.com
2026-08-03T11:45:51Z,2026-08-03,13,45,Disneyland Park,Casey Jr. – le Petit Train du Cirque,17,CLOSED,STANDBY,0,,,queue-times.com
2026-08-03T11:45:51Z,2026-08-03,13,45,Disneyland Park,Disneyland Railroad Fantasyland Station,2711,CLOSED,STANDBY,0,,,queue-times.com
2026-08-03T11:45:51Z,2026-08-03,13,45,Disneyland Park,Disneyland Railroad Main Street Station,11,CLOSED,STANDBY,0,,,queue-times.com
2026-08-03T11:45:51Z,2026-08-03,13,45,Disneyland Park,Dumbo the Flying Elephant,18,CLOSED,STANDBY,0,,,queue-times.com
2026-08-03T11:45:51Z,2026-08-03,13,45,Disneyland Park,La Tanière du Dragon,2710,OPERATING,STANDBY,0,,,queue-times.com
2026-08-03T11:45:51Z,2026-08-03,13,45,Disneyland Park,Le Carrousel de Lancelot,16,OPERATING,STANDBY,10,,,queue-times.com
2026-08-03T11:45:51Z,2026-08-03,13,45,Disneyland Park,"Le Pays des Contes de Fées, presented by Vittel",21,CLOSED,STANDBY,0,,,queue-times.com
2026-08-03T11:45:51Z,2026-08-03,13,45,Disneyland Park,Les Voyages de Pinocchio,23,OPERATING,STANDBY,25,,,queue-times.com
2026-08-03T11:45:51Z,2026-08-03,13,45,Disneyland Park,Mad Hatter's Tea Cups,20,OPERATING,STANDBY,20,,,queue-times.com
2026-08-03T11:45:51Z,2026-08-03,13,45,Disneyland Park,Meet Mickey Mouse,13,OPERATING,STANDBY,0,,,queue-times.com
2026-08-03T11:45:51Z,2026-08-03,13,45,Disneyland Park,Peter Pan's Flight,22,OPERATING,STANDBY,40,,,queue-times.com
2026-08-03T11:45:51Z,2026-08-03,13,45,Disneyland Park,Princess Pavilion,24,OPERATING,STANDBY,0,,,queue-times.com
2026-08-03T11:45:51Z,2026-08-03,13,45,Disneyland Park,Big Thunder Mountain,25,OPERATING,STANDBY,65,,,queue-times.com
2026-08-03T11:45:51Z,2026-08-03,13,45,Disneyland Park,Disneyland Railroad Frontierland Depot,2714,CLOSED,STANDBY,0,,,queue-times.com
2026-08-03T11:45:51Z,2026-08-03,13,45,Disneyland Park,Frontierland Playground,2713,CLOSED,STANDBY,0,,,queue-times.com
2026-08-03T11:45:51Z,2026-08-03,13,45,Disneyland Park,Phantom Manor,26,CLOSED,STANDBY,0,,,queue-times.com
2026-08-03T11:45:51Z,2026-08-03,13,45,Disneyland Park,River Rogue Keelboats,27,CLOSED,STANDBY,0,,,queue-times.com
2026-08-03T11:45:51Z,2026-08-03,13,45,Disneyland Park,Rustler Roundup Shootin' Gallery,2712,OPERATING,STANDBY,0,,,queue-times.com
2026-08-03T11:45:51Z,2026-08-03,13,45,Disneyland Park,Thunder Mesa Riverboat Landing,28,CLOSED,STANDBY,0,,,queue-times.com
2026-08-03T11:45:51Z,2026-08-03,13,45,Disneyland Park,Disneyland Railroad Main Street Station,2708,CLOSED,STANDBY,0,,,queue-times.com
2026-08-03T11:45:51Z,2026-08-03,13,45,Disneyland Park,Main Street Vehicles,12,OPERATING,STANDBY,5,,,queue-times.com
2026-08-03T11:45:51Z,2026-08-03,13,45,Disney Adventure World,Avengers Assemble: Flight Force,10848,OPERATING,STANDBY,20,,,queue-times.com
2026-08-03T11:45:51Z,2026-08-03,13,45,Disney Adventure World,Avengers Assemble: Flight Force Single Rider,10849,OPERATING,STANDBY,10,,,queue-times.com
2026-08-03T11:45:51Z,2026-08-03,13,45,Disney Adventure World,Spider-Man W.E.B. Adventure,10845,OPERATING,STANDBY,50,,,queue-times.com
2026-08-03T11:45:51Z,2026-08-03,13,45,Disney Adventure World,Spider-Man W.E.B. Adventure Single Rider,10846,OPERATING,STANDBY,15,,,queue-times.com
2026-08-03T11:45:51Z,2026-08-03,13,45,Disney Adventure World,The Twilight Zone Tower of Terror,40,OPERATING,STANDBY,20,,,queue-times.com
2026-08-03T11:45:51Z,2026-08-03,13,45,Disney Adventure World,Cars Quatre Roues Rallye,31,OPERATING,STANDBY,10,,,queue-times.com
2026-08-03T11:45:51Z,2026-08-03,13,45,Disney Adventure World,Cars ROAD TRIP,29,OPERATING,STANDBY,10,,,queue-times.com
2026-08-03T11:45:51Z,2026-08-03,13,45,Disney Adventure World,Crush's Coaster,32,OPERATING,STANDBY,80,,,queue-times.com
2026-08-03T11:45:51Z,2026-08-03,13,45,Disney Adventure World,Crush's Coaster Single Rider,7277,OPERATING,STANDBY,60,,,queue-times.com
2026-08-03T11:45:51Z,2026-08-03,13,45,Disney Adventure World,Les Tapis Volants - Flying Carpets Over Agrabah®,33,CLOSED,STANDBY,0,,,queue-times.com
2026-08-03T11:45:51Z,2026-08-03,13,45,Disney Adventure World,Ratatouille : L’Aventure Totalement Toquée de Rémy​,37,OPERATING,STANDBY,50,,,queue-times.com
2026-08-03T11:45:51Z,2026-08-03,13,45,Disney Adventure World,Ratatouille: The Adventure Single Rider,7279,OPERATING,STANDBY,30,,,queue-times.com
2026-08-03T11:45:51Z,2026-08-03,13,45,Disney Adventure World,RC Racer,34,OPERATING,STANDBY,35,,,queue-times.com
2026-08-03T11:45:51Z,2026-08-03,13,45,Disney Adventure World,RC Racer Single Rider,7280,OPERATING,STANDBY,25,,,queue-times.com
2026-08-03T11:45:51Z,2026-08-03,13,45,Disney Adventure World,Slinky® Dog Zigzag Spin,36,CLOSED,STANDBY,0,,,queue-times.com
2026-08-03T11:45:51Z,2026-08-03,13,45,Disney Adventure World,Toy Soldiers Parachute Drop,35,OPERATING,STANDBY,45,,,queue-times.com
2026-08-03T11:45:51Z,2026-08-03,13,45,Disney Adventure World,Toy Soldiers Parachute Drop Single Rider,7281,OPERATING,STANDBY,15,,,queue-times.com
2026-08-03T11:45:51Z,2026-08-03,13,45,Disney Adventure World,Entry to World of Frozen,16247,OPERATING,STANDBY,0,,,queue-times.com
2026-08-03T11:45:51Z,2026-08-03,13,45,Disney Adventure World,Frozen Ever After,15413,OPERATING,STANDBY,45,,,queue-times.com
2026-08-03T11:45:51Z,2026-08-03,13,45,Disney Adventure World,Raiponce Tangled Spin,15415,OPERATING,STANDBY,10,,,queue-times.com
2026-08-03T12:01:18Z,2026-08-03,14,1,Disneyland Park,Adventure Isle,2702,OPERATING,STANDBY,0,,,queue-times.com
2026-08-03T12:01:18Z,2026-08-03,14,1,Disneyland Park,Indiana Jones and the Temple of Peril Single Rider,7306,OPERATING,STANDBY,40,,,queue-times.com
2026-08-03T12:01:18Z,2026-08-03,14,1,Disneyland Park,Indiana Jones™ and the Temple of Peril,2,OPERATING,STANDBY,60,,,queue-times.com
2026-08-03T12:01:18Z,2026-08-03,14,1,Disneyland Park,La Cabane des Robinson,1,OPERATING,STANDBY,5,,,queue-times.com
2026-08-03T12:01:18Z,2026-08-03,14,1,Disneyland Park,Le Passage Enchanté d'Aladdin,2703,OPERATING,STANDBY,0,,,queue-times.com
2026-08-03T12:01:18Z,2026-08-03,14,1,Disneyland Park,Pirate Galleon,2705,CLOSED,STANDBY,0,,,queue-times.com
2026-08-03T12:01:18Z,2026-08-03,14,1,Disneyland Park,Pirates of the Caribbean,3,OPERATING,STANDBY,30,,,queue-times.com
2026-08-03T12:01:18Z,2026-08-03,14,1,Disneyland Park,Pirates' Beach,2704,OPERATING,STANDBY,0,,,queue-times.com
2026-08-03T12:01:18Z,2026-08-03,14,1,Disneyland Park,"Autopia, presented by Avis",4,CLOSED,STANDBY,0,,,queue-times.com
2026-08-03T12:01:18Z,2026-08-03,14,1,Disneyland Park,Buzz Lightyear Laser Blast,5,OPERATING,STANDBY,45,,,queue-times.com
2026-08-03T12:01:18Z,2026-08-03,14,1,Disneyland Park,Disneyland Railroad Discoveryland Station,2706,CLOSED,STANDBY,0,,,queue-times.com
2026-08-03T12:01:18Z,2026-08-03,14,1,Disneyland Park,Les Mystères du Nautilus,6,OPERATING,STANDBY,5,,,queue-times.com
2026-08-03T12:01:18Z,2026-08-03,14,1,Disneyland Park,Mickey’s PhilharMagic,2707,OPERATING,STANDBY,0,,,queue-times.com
2026-08-03T12:01:18Z,2026-08-03,14,1,Disneyland Park,Orbitron®,7,CLOSED,STANDBY,0,,,queue-times.com
2026-08-03T12:01:18Z,2026-08-03,14,1,Disneyland Park,Star Tours: The Adventures Continue*,9,OPERATING,STANDBY,30,,,queue-times.com
2026-08-03T12:01:18Z,2026-08-03,14,1,Disneyland Park,Star Wars Hyperspace Mountain,8,OPERATING,STANDBY,50,,,queue-times.com
2026-08-03T12:01:18Z,2026-08-03,14,1,Disneyland Park,Star Wars Hyperspace Mountain Single Rider,7278,OPERATING,STANDBY,40,,,queue-times.com
2026-08-03T12:01:18Z,2026-08-03,14,1,Disneyland Park,Welcome to Starport: A Star Wars Encounter,4573,OPERATING,STANDBY,30,,,queue-times.com
2026-08-03T12:01:18Z,2026-08-03,14,1,Disneyland Park,"""it's a small world""",19,OPERATING,STANDBY,15,,,queue-times.com
2026-08-03T12:01:18Z,2026-08-03,14,1,Disneyland Park,Alice's Curious Labyrinth,14,OPERATING,STANDBY,5,,,queue-times.com
2026-08-03T12:01:18Z,2026-08-03,14,1,Disneyland Park,Blanche-Neige et les Sept Nains®,15,OPERATING,STANDBY,15,,,queue-times.com
2026-08-03T12:01:18Z,2026-08-03,14,1,Disneyland Park,Casey Jr. – le Petit Train du Cirque,17,CLOSED,STANDBY,0,,,queue-times.com
2026-08-03T12:01:18Z,2026-08-03,14,1,Disneyland Park,Disneyland Railroad Fantasyland Station,2711,CLOSED,STANDBY,0,,,queue-times.com
2026-08-03T12:01:18Z,2026-08-03,14,1,Disneyland Park,Disneyland Railroad Main Street Station,11,CLOSED,STANDBY,0,,,queue-times.com
2026-08-03T12:01:18Z,2026-08-03,14,1,Disneyland Park,Dumbo the Flying Elephant,18,CLOSED,STANDBY,0,,,queue-times.com
2026-08-03T12:01:18Z,2026-08-03,14,1,Disneyland Park,La Tanière du Dragon,2710,OPERATING,STANDBY,0,,,queue-times.com
2026-08-03T12:01:18Z,2026-08-03,14,1,Disneyland Park,Le Carrousel de Lancelot,16,OPERATING,STANDBY,10,,,queue-times.com
2026-08-03T12:01:18Z,2026-08-03,14,1,Disneyland Park,"Le Pays des Contes de Fées, presented by Vittel",21,CLOSED,STANDBY,0,,,queue-times.com
2026-08-03T12:01:18Z,2026-08-03,14,1,Disneyland Park,Les Voyages de Pinocchio,23,OPERATING,STANDBY,25,,,queue-times.com
2026-08-03T12:01:18Z,2026-08-03,14,1,Disneyland Park,Mad Hatter's Tea Cups,20,OPERATING,STANDBY,20,,,queue-times.com
2026-08-03T12:01:18Z,2026-08-03,14,1,Disneyland Park,Meet Mickey Mouse,13,OPERATING,STANDBY,0,,,queue-times.com
2026-08-03T12:01:18Z,2026-08-03,14,1,Disneyland Park,Peter Pan's Flight,22,OPERATING,STANDBY,65,,,queue-times.com
2026-08-03T12:01:18Z,2026-08-03,14,1,Disneyland Park,Princess Pavilion,24,OPERATING,STANDBY,0,,,queue-times.com
2026-08-03T12:01:18Z,2026-08-03,14,1,Disneyland Park,Big Thunder Mountain,25,CLOSED,STANDBY,0,,,queue-times.com
2026-08-03T12:01:18Z,2026-08-03,14,1,Disneyland Park,Disneyland Railroad Frontierland Depot,2714,CLOSED,STANDBY,0,,,queue-times.com
2026-08-03T12:01:18Z,2026-08-03,14,1,Disneyland Park,Frontierland Playground,2713,CLOSED,STANDBY,0,,,queue-times.com
2026-08-03T12:01:18Z,2026-08-03,14,1,Disneyland Park,Phantom Manor,26,CLOSED,STANDBY,0,,,queue-times.com
2026-08-03T12:01:18Z,2026-08-03,14,1,Disneyland Park,River Rogue Keelboats,27,CLOSED,STANDBY,0,,,queue-times.com
2026-08-03T12:01:18Z,2026-08-03,14,1,Disneyland Park,Rustler Roundup Shootin' Gallery,2712,OPERATING,STANDBY,0,,,queue-times.com
2026-08-03T12:01:18Z,2026-08-03,14,1,Disneyland Park,Thunder Mesa Riverboat Landing,28,CLOSED,STANDBY,0,,,queue-times.com
2026-08-03T12:01:18Z,2026-08-03,14,1,Disneyland Park,Disneyland Railroad Main Street Station,2708,CLOSED,STANDBY,0,,,queue-times.com
2026-08-03T12:01:18Z,2026-08-03,14,1,Disneyland Park,Main Street Vehicles,12,CLOSED,STANDBY,0,,,queue-times.com
2026-08-03T12:01:18Z,2026-08-03,14,1,Disney Adventure World,Avengers Assemble: Flight Force,10848,OPERATING,STANDBY,15,,,queue-times.com
2026-08-03T12:01:18Z,2026-08-03,14,1,Disney Adventure World,Avengers Assemble: Flight Force Single Rider,10849,OPERATING,STANDBY,10,,,queue-times.com
2026-08-03T12:01:18Z,2026-08-03,14,1,Disney Adventure World,Spider-Man W.E.B. Adventure,10845,OPERATING,STANDBY,40,,,queue-times.com
2026-08-03T12:01:18Z,2026-08-03,14,1,Disney Adventure World,Spider-Man W.E.B. Adventure Single Rider,10846,OPERATING,STANDBY,20,,,queue-times.com
2026-08-03T12:01:18Z,2026-08-03,14,1,Disney Adventure World,The Twilight Zone Tower of Terror,40,OPERATING,STANDBY,30,,,queue-times.com
2026-08-03T12:01:18Z,2026-08-03,14,1,Disney Adventure World,Cars Quatre Roues Rallye,31,OPERATING,STANDBY,10,,,queue-times.com
2026-08-03T12:01:18Z,2026-08-03,14,1,Disney Adventure World,Cars ROAD TRIP,29,OPERATING,STANDBY,10,,,queue-times.com
2026-08-03T12:01:18Z,2026-08-03,14,1,Disney Adventure World,Crush's Coaster,32,OPERATING,STANDBY,75,,,queue-times.com
2026-08-03T12:01:18Z,2026-08-03,14,1,Disney Adventure World,Crush's Coaster Single Rider,7277,OPERATING,STANDBY,60,,,queue-times.com
2026-08-03T12:01:18Z,2026-08-03,14,1,Disney Adventure World,Les Tapis Volants - Flying Carpets Over Agrabah®,33,CLOSED,STANDBY,0,,,queue-times.com
2026-08-03T12:01:18Z,2026-08-03,14,1,Disney Adventure World,Ratatouille : L’Aventure Totalement Toquée de Rémy​,37,OPERATING,STANDBY,65,,,queue-times.com
2026-08-03T12:01:18Z,2026-08-03,14,1,Disney Adventure World,Ratatouille: The Adventure Single Rider,7279,OPERATING,STANDBY,15,,,queue-times.com
2026-08-03T12:01:18Z,2026-08-03,14,1,Disney Adventure World,RC Racer,34,OPERATING,STANDBY,40,,,queue-times.com
2026-08-03T12:01:18Z,2026-08-03,14,1,Disney Adventure World,RC Racer Single Rider,7280,OPERATING,STANDBY,35,,,queue-times.com
2026-08-03T12:01:18Z,2026-08-03,14,1,Disney Adventure World,Slinky® Dog Zigzag Spin,36,CLOSED,STANDBY,0,,,queue-times.com
2026-08-03T12:01:18Z,2026-08-03,14,1,Disney Adventure World,Toy Soldiers Parachute Drop,35,OPERATING,STANDBY,45,,,queue-times.com
2026-08-03T12:01:18Z,2026-08-03,14,1,Disney Adventure World,Toy Soldiers Parachute Drop Single Rider,7281,OPERATING,STANDBY,15,,,queue-times.com
2026-08-03T12:01:18Z,2026-08-03,14,1,Disney Adventure World,Entry to World of Frozen,16247,OPERATING,STANDBY,0,,,queue-times.com
2026-08-03T12:01:18Z,2026-08-03,14,1,Disney Adventure World,Frozen Ever After,15413,OPERATING,STANDBY,45,,,queue-times.com
2026-08-03T12:01:18Z,2026-08-03,14,1,Disney Adventure World,Raiponce Tangled Spin,15415,OPERATING,STANDBY,5,,,queue-times.com
2026-08-03T12:15:47Z,2026-08-03,14,15,Disneyland Park,Adventure Isle,2702,OPERATING,STANDBY,0,,,queue-times.com
2026-08-03T12:15:47Z,2026-08-03,14,15,Disneyland Park,Indiana Jones and the Temple of Peril Single Rider,7306,OPERATING,STANDBY,40,,,queue-times.com
2026-08-03T12:15:47Z,2026-08-03,14,15,Disneyland Park,Indiana Jones™ and the Temple of Peril,2,OPERATING,STANDBY,60,,,queue-times.com
2026-08-03T12:15:47Z,2026-08-03,14,15,Disneyland Park,La Cabane des Robinson,1,OPERATING,STANDBY,5,,,queue-times.com
2026-08-03T12:15:47Z,2026-08-03,14,15,Disneyland Park,Le Passage Enchanté d'Aladdin,2703,OPERATING,STANDBY,0,,,queue-times.com
2026-08-03T12:15:47Z,2026-08-03,14,15,Disneyland Park,Pirate Galleon,2705,CLOSED,STANDBY,0,,,queue-times.com
2026-08-03T12:15:47Z,2026-08-03,14,15,Disneyland Park,Pirates of the Caribbean,3,OPERATING,STANDBY,35,,,queue-times.com
2026-08-03T12:15:47Z,2026-08-03,14,15,Disneyland Park,Pirates' Beach,2704,OPERATING,STANDBY,0,,,queue-times.com
2026-08-03T12:15:47Z,2026-08-03,14,15,Disneyland Park,"Autopia, presented by Avis",4,CLOSED,STANDBY,0,,,queue-times.com
2026-08-03T12:15:47Z,2026-08-03,14,15,Disneyland Park,Buzz Lightyear Laser Blast,5,OPERATING,STANDBY,35,,,queue-times.com
2026-08-03T12:15:47Z,2026-08-03,14,15,Disneyland Park,Disneyland Railroad Discoveryland Station,2706,CLOSED,STANDBY,0,,,queue-times.com
2026-08-03T12:15:47Z,2026-08-03,14,15,Disneyland Park,Les Mystères du Nautilus,6,OPERATING,STANDBY,5,,,queue-times.com
2026-08-03T12:15:47Z,2026-08-03,14,15,Disneyland Park,Mickey’s PhilharMagic,2707,OPERATING,STANDBY,0,,,queue-times.com
2026-08-03T12:15:47Z,2026-08-03,14,15,Disneyland Park,Orbitron®,7,CLOSED,STANDBY,0,,,queue-times.com
2026-08-03T12:15:47Z,2026-08-03,14,15,Disneyland Park,Star Tours: The Adventures Continue*,9,OPERATING,STANDBY,25,,,queue-times.com
2026-08-03T12:15:47Z,2026-08-03,14,15,Disneyland Park,Star Wars Hyperspace Mountain,8,OPERATING,STANDBY,50,,,queue-times.com
2026-08-03T12:15:47Z,2026-08-03,14,15,Disneyland Park,Star Wars Hyperspace Mountain Single Rider,7278,OPERATING,STANDBY,25,,,queue-times.com
2026-08-03T12:15:47Z,2026-08-03,14,15,Disneyland Park,Welcome to Starport: A Star Wars Encounter,4573,OPERATING,STANDBY,30,,,queue-times.com
2026-08-03T12:15:47Z,2026-08-03,14,15,Disneyland Park,"""it's a small world""",19,OPERATING,STANDBY,15,,,queue-times.com
2026-08-03T12:15:47Z,2026-08-03,14,15,Disneyland Park,Alice's Curious Labyrinth,14,OPERATING,STANDBY,5,,,queue-times.com
2026-08-03T12:15:47Z,2026-08-03,14,15,Disneyland Park,Blanche-Neige et les Sept Nains®,15,OPERATING,STANDBY,15,,,queue-times.com
2026-08-03T12:15:47Z,2026-08-03,14,15,Disneyland Park,Casey Jr. – le Petit Train du Cirque,17,CLOSED,STANDBY,0,,,queue-times.com
2026-08-03T12:15:47Z,2026-08-03,14,15,Disneyland Park,Disneyland Railroad Fantasyland Station,2711,CLOSED,STANDBY,0,,,queue-times.com
2026-08-03T12:15:47Z,2026-08-03,14,15,Disneyland Park,Disneyland Railroad Main Street Station,11,CLOSED,STANDBY,0,,,queue-times.com
2026-08-03T12:15:47Z,2026-08-03,14,15,Disneyland Park,Dumbo the Flying Elephant,18,CLOSED,STANDBY,0,,,queue-times.com
2026-08-03T12:15:47Z,2026-08-03,14,15,Disneyland Park,La Tanière du Dragon,2710,OPERATING,STANDBY,0,,,queue-times.com
2026-08-03T12:15:47Z,2026-08-03,14,15,Disneyland Park,Le Carrousel de Lancelot,16,OPERATING,STANDBY,10,,,queue-times.com
2026-08-03T12:15:47Z,2026-08-03,14,15,Disneyland Park,"Le Pays des Contes de Fées, presented by Vittel",21,CLOSED,STANDBY,0,,,queue-times.com
2026-08-03T12:15:47Z,2026-08-03,14,15,Disneyland Park,Les Voyages de Pinocchio,23,OPERATING,STANDBY,25,,,queue-times.com
2026-08-03T12:15:47Z,2026-08-03,14,15,Disneyland Park,Mad Hatter's Tea Cups,20,OPERATING,STANDBY,10,,,queue-times.com
2026-08-03T12:15:47Z,2026-08-03,14,15,Disneyland Park,Meet Mickey Mouse,13,OPERATING,STANDBY,0,,,queue-times.com
2026-08-03T12:15:47Z,2026-08-03,14,15,Disneyland Park,Peter Pan's Flight,22,OPERATING,STANDBY,75,,,queue-times.com
2026-08-03T12:15:47Z,2026-08-03,14,15,Disneyland Park,Princess Pavilion,24,OPERATING,STANDBY,0,,,queue-times.com
2026-08-03T12:15:47Z,2026-08-03,14,15,Disneyland Park,Big Thunder Mountain,25,OPERATING,STANDBY,60,,,queue-times.com
2026-08-03T12:15:47Z,2026-08-03,14,15,Disneyland Park,Disneyland Railroad Frontierland Depot,2714,CLOSED,STANDBY,0,,,queue-times.com
2026-08-03T12:15:47Z,2026-08-03,14,15,Disneyland Park,Frontierland Playground,2713,CLOSED,STANDBY,0,,,queue-times.com
2026-08-03T12:15:47Z,2026-08-03,14,15,Disneyland Park,Phantom Manor,26,OPERATING,STANDBY,5,,,queue-times.com
2026-08-03T12:15:47Z,2026-08-03,14,15,Disneyland Park,River Rogue Keelboats,27,CLOSED,STANDBY,0,,,queue-times.com
2026-08-03T12:15:47Z,2026-08-03,14,15,Disneyland Park,Rustler Roundup Shootin' Gallery,2712,OPERATING,STANDBY,0,,,queue-times.com
2026-08-03T12:15:47Z,2026-08-03,14,15,Disneyland Park,Thunder Mesa Riverboat Landing,28,OPERATING,STANDBY,20,,,queue-times.com
2026-08-03T12:15:47Z,2026-08-03,14,15,Disneyland Park,Disneyland Railroad Main Street Station,2708,CLOSED,STANDBY,0,,,queue-times.com
2026-08-03T12:15:47Z,2026-08-03,14,15,Disneyland Park,Main Street Vehicles,12,CLOSED,STANDBY,0,,,queue-times.com
2026-08-03T12:15:47Z,2026-08-03,14,15,Disney Adventure World,Avengers Assemble: Flight Force,10848,OPERATING,STANDBY,15,,,queue-times.com
2026-08-03T12:15:47Z,2026-08-03,14,15,Disney Adventure World,Avengers Assemble: Flight Force Single Rider,10849,OPERATING,STANDBY,10,,,queue-times.com
2026-08-03T12:15:47Z,2026-08-03,14,15,Disney Adventure World,Spider-Man W.E.B. Adventure,10845,OPERATING,STANDBY,30,,,queue-times.com
2026-08-03T12:15:47Z,2026-08-03,14,15,Disney Adventure World,Spider-Man W.E.B. Adventure Single Rider,10846,OPERATING,STANDBY,15,,,queue-times.com
2026-08-03T12:15:47Z,2026-08-03,14,15,Disney Adventure World,The Twilight Zone Tower of Terror,40,OPERATING,STANDBY,50,,,queue-times.com
2026-08-03T12:15:47Z,2026-08-03,14,15,Disney Adventure World,Cars Quatre Roues Rallye,31,OPERATING,STANDBY,5,,,queue-times.com
2026-08-03T12:15:47Z,2026-08-03,14,15,Disney Adventure World,Cars ROAD TRIP,29,OPERATING,STANDBY,5,,,queue-times.com
2026-08-03T12:15:47Z,2026-08-03,14,15,Disney Adventure World,Crush's Coaster,32,OPERATING,STANDBY,60,,,queue-times.com
2026-08-03T12:15:47Z,2026-08-03,14,15,Disney Adventure World,Crush's Coaster Single Rider,7277,OPERATING,STANDBY,55,,,queue-times.com
2026-08-03T12:15:47Z,2026-08-03,14,15,Disney Adventure World,Les Tapis Volants - Flying Carpets Over Agrabah®,33,CLOSED,STANDBY,0,,,queue-times.com
2026-08-03T12:15:47Z,2026-08-03,14,15,Disney Adventure World,Ratatouille : L’Aventure Totalement Toquée de Rémy​,37,OPERATING,STANDBY,65,,,queue-times.com
2026-08-03T12:15:47Z,2026-08-03,14,15,Disney Adventure World,Ratatouille: The Adventure Single Rider,7279,OPERATING,STANDBY,25,,,queue-times.com
2026-08-03T12:15:47Z,2026-08-03,14,15,Disney Adventure World,RC Racer,34,OPERATING,STANDBY,45,,,queue-times.com
2026-08-03T12:15:47Z,2026-08-03,14,15,Disney Adventure World,RC Racer Single Rider,7280,OPERATING,STANDBY,40,,,queue-times.com
2026-08-03T12:15:47Z,2026-08-03,14,15,Disney Adventure World,Slinky® Dog Zigzag Spin,36,CLOSED,STANDBY,0,,,queue-times.com
2026-08-03T12:15:47Z,2026-08-03,14,15,Disney Adventure World,Toy Soldiers Parachute Drop,35,OPERATING,STANDBY,45,,,queue-times.com
2026-08-03T12:15:47Z,2026-08-03,14,15,Disney Adventure World,Toy Soldiers Parachute Drop Single Rider,7281,OPERATING,STANDBY,15,,,queue-times.com
2026-08-03T12:15:47Z,2026-08-03,14,15,Disney Adventure World,Entry to World of Frozen,16247,OPERATING,STANDBY,0,,,queue-times.com
2026-08-03T12:15:47Z,2026-08-03,14,15,Disney Adventure World,Frozen Ever After,15413,OPERATING,STANDBY,45,,,queue-times.com
2026-08-03T12:15:47Z,2026-08-03,14,15,Disney Adventure World,Raiponce Tangled Spin,15415,OPERATING,STANDBY,5,,,queue-times.com
2026-08-03T12:31:06Z,2026-08-03,14,31,Disneyland Park,Adventure Isle,2702,OPERATING,STANDBY,0,,,queue-times.com
2026-08-03T12:31:06Z,2026-08-03,14,31,Disneyland Park,Indiana Jones and the Temple of Peril Single Rider,7306,OPERATING,STANDBY,20,,,queue-times.com
2026-08-03T12:31:06Z,2026-08-03,14,31,Disneyland Park,Indiana Jones™ and the Temple of Peril,2,OPERATING,STANDBY,45,,,queue-times.com
2026-08-03T12:31:06Z,2026-08-03,14,31,Disneyland Park,La Cabane des Robinson,1,OPERATING,STANDBY,5,,,queue-times.com
2026-08-03T12:31:06Z,2026-08-03,14,31,Disneyland Park,Le Passage Enchanté d'Aladdin,2703,OPERATING,STANDBY,0,,,queue-times.com
2026-08-03T12:31:06Z,2026-08-03,14,31,Disneyland Park,Pirate Galleon,2705,CLOSED,STANDBY,0,,,queue-times.com
2026-08-03T12:31:06Z,2026-08-03,14,31,Disneyland Park,Pirates of the Caribbean,3,OPERATING,STANDBY,40,,,queue-times.com
2026-08-03T12:31:06Z,2026-08-03,14,31,Disneyland Park,Pirates' Beach,2704,OPERATING,STANDBY,0,,,queue-times.com
2026-08-03T12:31:06Z,2026-08-03,14,31,Disneyland Park,"Autopia, presented by Avis",4,CLOSED,STANDBY,0,,,queue-times.com
2026-08-03T12:31:06Z,2026-08-03,14,31,Disneyland Park,Buzz Lightyear Laser Blast,5,OPERATING,STANDBY,40,,,queue-times.com
2026-08-03T12:31:06Z,2026-08-03,14,31,Disneyland Park,Disneyland Railroad Discoveryland Station,2706,CLOSED,STANDBY,0,,,queue-times.com
2026-08-03T12:31:06Z,2026-08-03,14,31,Disneyland Park,Les Mystères du Nautilus,6,OPERATING,STANDBY,5,,,queue-times.com
2026-08-03T12:31:06Z,2026-08-03,14,31,Disneyland Park,Mickey’s PhilharMagic,2707,OPERATING,STANDBY,0,,,queue-times.com
2026-08-03T12:31:06Z,2026-08-03,14,31,Disneyland Park,Orbitron®,7,CLOSED,STANDBY,0,,,queue-times.com
2026-08-03T12:31:06Z,2026-08-03,14,31,Disneyland Park,Star Tours: The Adventures Continue*,9,OPERATING,STANDBY,25,,,queue-times.com
2026-08-03T12:31:06Z,2026-08-03,14,31,Disneyland Park,Star Wars Hyperspace Mountain,8,OPERATING,STANDBY,50,,,queue-times.com
2026-08-03T12:31:06Z,2026-08-03,14,31,Disneyland Park,Star Wars Hyperspace Mountain Single Rider,7278,OPERATING,STANDBY,40,,,queue-times.com
2026-08-03T12:31:06Z,2026-08-03,14,31,Disneyland Park,Welcome to Starport: A Star Wars Encounter,4573,OPERATING,STANDBY,30,,,queue-times.com
2026-08-03T12:31:06Z,2026-08-03,14,31,Disneyland Park,"""it's a small world""",19,OPERATING,STANDBY,20,,,queue-times.com
2026-08-03T12:31:06Z,2026-08-03,14,31,Disneyland Park,Alice's Curious Labyrinth,14,OPERATING,STANDBY,5,,,queue-times.com
2026-08-03T12:31:06Z,2026-08-03,14,31,Disneyland Park,Blanche-Neige et les Sept Nains®,15,OPERATING,STANDBY,25,,,queue-times.com
2026-08-03T12:31:06Z,2026-08-03,14,31,Disneyland Park,Casey Jr. – le Petit Train du Cirque,17,CLOSED,STANDBY,0,,,queue-times.com
2026-08-03T12:31:06Z,2026-08-03,14,31,Disneyland Park,Disneyland Railroad Fantasyland Station,2711,CLOSED,STANDBY,0,,,queue-times.com
2026-08-03T12:31:06Z,2026-08-03,14,31,Disneyland Park,Disneyland Railroad Main Street Station,11,CLOSED,STANDBY,0,,,queue-times.com
2026-08-03T12:31:06Z,2026-08-03,14,31,Disneyland Park,Dumbo the Flying Elephant,18,CLOSED,STANDBY,0,,,queue-times.com
2026-08-03T12:31:06Z,2026-08-03,14,31,Disneyland Park,La Tanière du Dragon,2710,OPERATING,STANDBY,0,,,queue-times.com
2026-08-03T12:31:06Z,2026-08-03,14,31,Disneyland Park,Le Carrousel de Lancelot,16,OPERATING,STANDBY,10,,,queue-times.com
2026-08-03T12:31:06Z,2026-08-03,14,31,Disneyland Park,"Le Pays des Contes de Fées, presented by Vittel",21,CLOSED,STANDBY,0,,,queue-times.com
2026-08-03T12:31:06Z,2026-08-03,14,31,Disneyland Park,Les Voyages de Pinocchio,23,OPERATING,STANDBY,25,,,queue-times.com
2026-08-03T12:31:06Z,2026-08-03,14,31,Disneyland Park,Mad Hatter's Tea Cups,20,OPERATING,STANDBY,15,,,queue-times.com
2026-08-03T12:31:06Z,2026-08-03,14,31,Disneyland Park,Meet Mickey Mouse,13,OPERATING,STANDBY,0,,,queue-times.com
2026-08-03T12:31:06Z,2026-08-03,14,31,Disneyland Park,Peter Pan's Flight,22,OPERATING,STANDBY,75,,,queue-times.com
2026-08-03T12:31:06Z,2026-08-03,14,31,Disneyland Park,Princess Pavilion,24,OPERATING,STANDBY,0,,,queue-times.com
2026-08-03T12:31:06Z,2026-08-03,14,31,Disneyland Park,Big Thunder Mountain,25,OPERATING,STANDBY,60,,,queue-times.com
2026-08-03T12:31:06Z,2026-08-03,14,31,Disneyland Park,Disneyland Railroad Frontierland Depot,2714,CLOSED,STANDBY,0,,,queue-times.com
2026-08-03T12:31:06Z,2026-08-03,14,31,Disneyland Park,Frontierland Playground,2713,CLOSED,STANDBY,0,,,queue-times.com
2026-08-03T12:31:06Z,2026-08-03,14,31,Disneyland Park,Phantom Manor,26,OPERATING,STANDBY,5,,,queue-times.com
2026-08-03T12:31:06Z,2026-08-03,14,31,Disneyland Park,River Rogue Keelboats,27,CLOSED,STANDBY,0,,,queue-times.com
2026-08-03T12:31:06Z,2026-08-03,14,31,Disneyland Park,Rustler Roundup Shootin' Gallery,2712,OPERATING,STANDBY,0,,,queue-times.com
2026-08-03T12:31:06Z,2026-08-03,14,31,Disneyland Park,Thunder Mesa Riverboat Landing,28,OPERATING,STANDBY,20,,,queue-times.com
2026-08-03T12:31:06Z,2026-08-03,14,31,Disneyland Park,Disneyland Railroad Main Street Station,2708,CLOSED,STANDBY,0,,,queue-times.com
2026-08-03T12:31:06Z,2026-08-03,14,31,Disneyland Park,Main Street Vehicles,12,CLOSED,STANDBY,0,,,queue-times.com
2026-08-03T12:31:06Z,2026-08-03,14,31,Disney Adventure World,Avengers Assemble: Flight Force,10848,OPERATING,STANDBY,15,,,queue-times.com
2026-08-03T12:31:06Z,2026-08-03,14,31,Disney Adventure World,Avengers Assemble: Flight Force Single Rider,10849,OPERATING,STANDBY,10,,,queue-times.com
2026-08-03T12:31:06Z,2026-08-03,14,31,Disney Adventure World,Spider-Man W.E.B. Adventure,10845,OPERATING,STANDBY,45,,,queue-times.com
2026-08-03T12:31:06Z,2026-08-03,14,31,Disney Adventure World,Spider-Man W.E.B. Adventure Single Rider,10846,OPERATING,STANDBY,15,,,queue-times.com
2026-08-03T12:31:06Z,2026-08-03,14,31,Disney Adventure World,The Twilight Zone Tower of Terror,40,OPERATING,STANDBY,50,,,queue-times.com
2026-08-03T12:31:06Z,2026-08-03,14,31,Disney Adventure World,Cars Quatre Roues Rallye,31,OPERATING,STANDBY,15,,,queue-times.com
2026-08-03T12:31:06Z,2026-08-03,14,31,Disney Adventure World,Cars ROAD TRIP,29,CLOSED,STANDBY,0,,,queue-times.com
2026-08-03T12:31:06Z,2026-08-03,14,31,Disney Adventure World,Crush's Coaster,32,OPERATING,STANDBY,50,,,queue-times.com
2026-08-03T12:31:06Z,2026-08-03,14,31,Disney Adventure World,Crush's Coaster Single Rider,7277,OPERATING,STANDBY,45,,,queue-times.com
2026-08-03T12:31:06Z,2026-08-03,14,31,Disney Adventure World,Les Tapis Volants - Flying Carpets Over Agrabah®,33,CLOSED,STANDBY,0,,,queue-times.com
2026-08-03T12:31:06Z,2026-08-03,14,31,Disney Adventure World,Ratatouille : L’Aventure Totalement Toquée de Rémy​,37,OPERATING,STANDBY,55,,,queue-times.com
2026-08-03T12:31:06Z,2026-08-03,14,31,Disney Adventure World,Ratatouille: The Adventure Single Rider,7279,OPERATING,STANDBY,20,,,queue-times.com
2026-08-03T12:31:06Z,2026-08-03,14,31,Disney Adventure World,RC Racer,34,CLOSED,STANDBY,0,,,queue-times.com
2026-08-03T12:31:06Z,2026-08-03,14,31,Disney Adventure World,RC Racer Single Rider,7280,CLOSED,STANDBY,0,,,queue-times.com
2026-08-03T12:31:06Z,2026-08-03,14,31,Disney Adventure World,Slinky® Dog Zigzag Spin,36,CLOSED,STANDBY,0,,,queue-times.com
2026-08-03T12:31:06Z,2026-08-03,14,31,Disney Adventure World,Toy Soldiers Parachute Drop,35,OPERATING,STANDBY,40,,,queue-times.com
2026-08-03T12:31:06Z,2026-08-03,14,31,Disney Adventure World,Toy Soldiers Parachute Drop Single Rider,7281,OPERATING,STANDBY,5,,,queue-times.com
2026-08-03T12:31:06Z,2026-08-03,14,31,Disney Adventure World,Entry to World of Frozen,16247,OPERATING,STANDBY,0,,,queue-times.com
2026-08-03T12:31:06Z,2026-08-03,14,31,Disney Adventure World,Frozen Ever After,15413,OPERATING,STANDBY,65,,,queue-times.com
2026-08-03T12:31:06Z,2026-08-03,14,31,Disney Adventure World,Raiponce Tangled Spin,15415,OPERATING,STANDBY,10,,,queue-times.com
2026-08-03T12:45:54Z,2026-08-03,14,45,Disneyland Park,Adventure Isle,2702,OPERATING,STANDBY,0,,,queue-times.com
2026-08-03T12:45:54Z,2026-08-03,14,45,Disneyland Park,Indiana Jones and the Temple of Peril Single Rider,7306,OPERATING,STANDBY,30,,,queue-times.com
2026-08-03T12:45:54Z,2026-08-03,14,45,Disneyland Park,Indiana Jones™ and the Temple of Peril,2,OPERATING,STANDBY,45,,,queue-times.com
2026-08-03T12:45:54Z,2026-08-03,14,45,Disneyland Park,La Cabane des Robinson,1,OPERATING,STANDBY,5,,,queue-times.com
2026-08-03T12:45:54Z,2026-08-03,14,45,Disneyland Park,Le Passage Enchanté d'Aladdin,2703,OPERATING,STANDBY,0,,,queue-times.com
2026-08-03T12:45:54Z,2026-08-03,14,45,Disneyland Park,Pirate Galleon,2705,CLOSED,STANDBY,0,,,queue-times.com
2026-08-03T12:45:54Z,2026-08-03,14,45,Disneyland Park,Pirates of the Caribbean,3,OPERATING,STANDBY,35,,,queue-times.com
2026-08-03T12:45:54Z,2026-08-03,14,45,Disneyland Park,Pirates' Beach,2704,OPERATING,STANDBY,0,,,queue-times.com
2026-08-03T12:45:54Z,2026-08-03,14,45,Disneyland Park,"Autopia, presented by Avis",4,CLOSED,STANDBY,0,,,queue-times.com
2026-08-03T12:45:54Z,2026-08-03,14,45,Disneyland Park,Buzz Lightyear Laser Blast,5,OPERATING,STANDBY,40,,,queue-times.com
2026-08-03T12:45:54Z,2026-08-03,14,45,Disneyland Park,Disneyland Railroad Discoveryland Station,2706,CLOSED,STANDBY,0,,,queue-times.com
2026-08-03T12:45:54Z,2026-08-03,14,45,Disneyland Park,Les Mystères du Nautilus,6,OPERATING,STANDBY,5,,,queue-times.com
2026-08-03T12:45:54Z,2026-08-03,14,45,Disneyland Park,Mickey’s PhilharMagic,2707,OPERATING,STANDBY,0,,,queue-times.com
2026-08-03T12:45:54Z,2026-08-03,14,45,Disneyland Park,Orbitron®,7,CLOSED,STANDBY,0,,,queue-times.com
2026-08-03T12:45:54Z,2026-08-03,14,45,Disneyland Park,Star Tours: The Adventures Continue*,9,OPERATING,STANDBY,20,,,queue-times.com
2026-08-03T12:45:54Z,2026-08-03,14,45,Disneyland Park,Star Wars Hyperspace Mountain,8,OPERATING,STANDBY,45,,,queue-times.com
2026-08-03T12:45:54Z,2026-08-03,14,45,Disneyland Park,Star Wars Hyperspace Mountain Single Rider,7278,OPERATING,STANDBY,35,,,queue-times.com
2026-08-03T12:45:54Z,2026-08-03,14,45,Disneyland Park,Welcome to Starport: A Star Wars Encounter,4573,OPERATING,STANDBY,40,,,queue-times.com
2026-08-03T12:45:54Z,2026-08-03,14,45,Disneyland Park,"""it's a small world""",19,OPERATING,STANDBY,15,,,queue-times.com
2026-08-03T12:45:54Z,2026-08-03,14,45,Disneyland Park,Alice's Curious Labyrinth,14,OPERATING,STANDBY,5,,,queue-times.com
2026-08-03T12:45:54Z,2026-08-03,14,45,Disneyland Park,Blanche-Neige et les Sept Nains®,15,OPERATING,STANDBY,35,,,queue-times.com
2026-08-03T12:45:54Z,2026-08-03,14,45,Disneyland Park,Casey Jr. – le Petit Train du Cirque,17,CLOSED,STANDBY,0,,,queue-times.com
2026-08-03T12:45:54Z,2026-08-03,14,45,Disneyland Park,Disneyland Railroad Fantasyland Station,2711,CLOSED,STANDBY,0,,,queue-times.com
2026-08-03T12:45:54Z,2026-08-03,14,45,Disneyland Park,Disneyland Railroad Main Street Station,11,CLOSED,STANDBY,0,,,queue-times.com
2026-08-03T12:45:54Z,2026-08-03,14,45,Disneyland Park,Dumbo the Flying Elephant,18,CLOSED,STANDBY,0,,,queue-times.com
2026-08-03T12:45:54Z,2026-08-03,14,45,Disneyland Park,La Tanière du Dragon,2710,OPERATING,STANDBY,0,,,queue-times.com
2026-08-03T12:45:54Z,2026-08-03,14,45,Disneyland Park,Le Carrousel de Lancelot,16,OPERATING,STANDBY,10,,,queue-times.com
2026-08-03T12:45:54Z,2026-08-03,14,45,Disneyland Park,"Le Pays des Contes de Fées, presented by Vittel",21,CLOSED,STANDBY,0,,,queue-times.com
2026-08-03T12:45:54Z,2026-08-03,14,45,Disneyland Park,Les Voyages de Pinocchio,23,OPERATING,STANDBY,25,,,queue-times.com
2026-08-03T12:45:54Z,2026-08-03,14,45,Disneyland Park,Mad Hatter's Tea Cups,20,OPERATING,STANDBY,15,,,queue-times.com
2026-08-03T12:45:54Z,2026-08-03,14,45,Disneyland Park,Meet Mickey Mouse,13,OPERATING,STANDBY,0,,,queue-times.com
2026-08-03T12:45:54Z,2026-08-03,14,45,Disneyland Park,Peter Pan's Flight,22,OPERATING,STANDBY,65,,,queue-times.com
2026-08-03T12:45:54Z,2026-08-03,14,45,Disneyland Park,Princess Pavilion,24,OPERATING,STANDBY,0,,,queue-times.com
2026-08-03T12:45:54Z,2026-08-03,14,45,Disneyland Park,Big Thunder Mountain,25,OPERATING,STANDBY,60,,,queue-times.com
2026-08-03T12:45:54Z,2026-08-03,14,45,Disneyland Park,Disneyland Railroad Frontierland Depot,2714,CLOSED,STANDBY,0,,,queue-times.com
2026-08-03T12:45:54Z,2026-08-03,14,45,Disneyland Park,Frontierland Playground,2713,CLOSED,STANDBY,0,,,queue-times.com
2026-08-03T12:45:54Z,2026-08-03,14,45,Disneyland Park,Phantom Manor,26,OPERATING,STANDBY,20,,,queue-times.com
2026-08-03T12:45:54Z,2026-08-03,14,45,Disneyland Park,River Rogue Keelboats,27,CLOSED,STANDBY,0,,,queue-times.com
2026-08-03T12:45:54Z,2026-08-03,14,45,Disneyland Park,Rustler Roundup Shootin' Gallery,2712,OPERATING,STANDBY,0,,,queue-times.com
2026-08-03T12:45:54Z,2026-08-03,14,45,Disneyland Park,Thunder Mesa Riverboat Landing,28,OPERATING,STANDBY,20,,,queue-times.com
2026-08-03T12:45:54Z,2026-08-03,14,45,Disneyland Park,Disneyland Railroad Main Street Station,2708,CLOSED,STANDBY,0,,,queue-times.com
2026-08-03T12:45:54Z,2026-08-03,14,45,Disneyland Park,Main Street Vehicles,12,CLOSED,STANDBY,0,,,queue-times.com
2026-08-03T12:45:54Z,2026-08-03,14,45,Disney Adventure World,Avengers Assemble: Flight Force,10848,OPERATING,STANDBY,25,,,queue-times.com
2026-08-03T12:45:54Z,2026-08-03,14,45,Disney Adventure World,Avengers Assemble: Flight Force Single Rider,10849,OPERATING,STANDBY,15,,,queue-times.com
2026-08-03T12:45:54Z,2026-08-03,14,45,Disney Adventure World,Spider-Man W.E.B. Adventure,10845,OPERATING,STANDBY,45,,,queue-times.com
2026-08-03T12:45:54Z,2026-08-03,14,45,Disney Adventure World,Spider-Man W.E.B. Adventure Single Rider,10846,OPERATING,STANDBY,30,,,queue-times.com
2026-08-03T12:45:54Z,2026-08-03,14,45,Disney Adventure World,The Twilight Zone Tower of Terror,40,OPERATING,STANDBY,15,,,queue-times.com
2026-08-03T12:45:54Z,2026-08-03,14,45,Disney Adventure World,Cars Quatre Roues Rallye,31,OPERATING,STANDBY,15,,,queue-times.com
2026-08-03T12:45:54Z,2026-08-03,14,45,Disney Adventure World,Cars ROAD TRIP,29,CLOSED,STANDBY,0,,,queue-times.com
2026-08-03T12:45:54Z,2026-08-03,14,45,Disney Adventure World,Crush's Coaster,32,OPERATING,STANDBY,70,,,queue-times.com
2026-08-03T12:45:54Z,2026-08-03,14,45,Disney Adventure World,Crush's Coaster Single Rider,7277,OPERATING,STANDBY,60,,,queue-times.com
2026-08-03T12:45:54Z,2026-08-03,14,45,Disney Adventure World,Les Tapis Volants - Flying Carpets Over Agrabah®,33,CLOSED,STANDBY,0,,,queue-times.com
2026-08-03T12:45:54Z,2026-08-03,14,45,Disney Adventure World,Ratatouille : L’Aventure Totalement Toquée de Rémy​,37,OPERATING,STANDBY,80,,,queue-times.com
2026-08-03T12:45:54Z,2026-08-03,14,45,Disney Adventure World,Ratatouille: The Adventure Single Rider,7279,OPERATING,STANDBY,15,,,queue-times.com
2026-08-03T12:45:54Z,2026-08-03,14,45,Disney Adventure World,RC Racer,34,CLOSED,STANDBY,0,,,queue-times.com
2026-08-03T12:45:54Z,2026-08-03,14,45,Disney Adventure World,RC Racer Single Rider,7280,CLOSED,STANDBY,0,,,queue-times.com
2026-08-03T12:45:54Z,2026-08-03,14,45,Disney Adventure World,Slinky® Dog Zigzag Spin,36,CLOSED,STANDBY,0,,,queue-times.com
2026-08-03T12:45:54Z,2026-08-03,14,45,Disney Adventure World,Toy Soldiers Parachute Drop,35,OPERATING,STANDBY,45,,,queue-times.com
2026-08-03T12:45:54Z,2026-08-03,14,45,Disney Adventure World,Toy Soldiers Parachute Drop Single Rider,7281,OPERATING,STANDBY,25,,,queue-times.com
2026-08-03T12:45:54Z,2026-08-03,14,45,Disney Adventure World,Entry to World of Frozen,16247,OPERATING,STANDBY,0,,,queue-times.com
2026-08-03T12:45:54Z,2026-08-03,14,45,Disney Adventure World,Frozen Ever After,15413,OPERATING,STANDBY,70,,,queue-times.com
2026-08-03T12:45:54Z,2026-08-03,14,45,Disney Adventure World,Raiponce Tangled Spin,15415,OPERATING,STANDBY,10,,,queue-times.com
2026-08-03T13:01:18Z,2026-08-03,15,1,Disneyland Park,Adventure Isle,2702,OPERATING,STANDBY,0,,,queue-times.com
2026-08-03T13:01:18Z,2026-08-03,15,1,Disneyland Park,Indiana Jones and the Temple of Peril Single Rider,7306,OPERATING,STANDBY,15,,,queue-times.com
2026-08-03T13:01:18Z,2026-08-03,15,1,Disneyland Park,Indiana Jones™ and the Temple of Peril,2,OPERATING,STANDBY,30,,,queue-times.com
2026-08-03T13:01:18Z,2026-08-03,15,1,Disneyland Park,La Cabane des Robinson,1,OPERATING,STANDBY,5,,,queue-times.com
2026-08-03T13:01:18Z,2026-08-03,15,1,Disneyland Park,Le Passage Enchanté d'Aladdin,2703,OPERATING,STANDBY,0,,,queue-times.com
2026-08-03T13:01:18Z,2026-08-03,15,1,Disneyland Park,Pirate Galleon,2705,CLOSED,STANDBY,0,,,queue-times.com
2026-08-03T13:01:18Z,2026-08-03,15,1,Disneyland Park,Pirates of the Caribbean,3,OPERATING,STANDBY,30,,,queue-times.com
2026-08-03T13:01:18Z,2026-08-03,15,1,Disneyland Park,Pirates' Beach,2704,OPERATING,STANDBY,0,,,queue-times.com
2026-08-03T13:01:18Z,2026-08-03,15,1,Disneyland Park,"Autopia, presented by Avis",4,CLOSED,STANDBY,0,,,queue-times.com
2026-08-03T13:01:18Z,2026-08-03,15,1,Disneyland Park,Buzz Lightyear Laser Blast,5,OPERATING,STANDBY,40,,,queue-times.com
2026-08-03T13:01:18Z,2026-08-03,15,1,Disneyland Park,Disneyland Railroad Discoveryland Station,2706,CLOSED,STANDBY,0,,,queue-times.com
2026-08-03T13:01:18Z,2026-08-03,15,1,Disneyland Park,Les Mystères du Nautilus,6,OPERATING,STANDBY,5,,,queue-times.com
2026-08-03T13:01:18Z,2026-08-03,15,1,Disneyland Park,Mickey’s PhilharMagic,2707,OPERATING,STANDBY,0,,,queue-times.com
2026-08-03T13:01:18Z,2026-08-03,15,1,Disneyland Park,Orbitron®,7,CLOSED,STANDBY,0,,,queue-times.com
2026-08-03T13:01:18Z,2026-08-03,15,1,Disneyland Park,Star Tours: The Adventures Continue*,9,OPERATING,STANDBY,20,,,queue-times.com
2026-08-03T13:01:18Z,2026-08-03,15,1,Disneyland Park,Star Wars Hyperspace Mountain,8,OPERATING,STANDBY,60,,,queue-times.com
2026-08-03T13:01:18Z,2026-08-03,15,1,Disneyland Park,Star Wars Hyperspace Mountain Single Rider,7278,OPERATING,STANDBY,40,,,queue-times.com
2026-08-03T13:01:18Z,2026-08-03,15,1,Disneyland Park,Welcome to Starport: A Star Wars Encounter,4573,OPERATING,STANDBY,40,,,queue-times.com
2026-08-03T13:01:18Z,2026-08-03,15,1,Disneyland Park,"""it's a small world""",19,OPERATING,STANDBY,20,,,queue-times.com
2026-08-03T13:01:18Z,2026-08-03,15,1,Disneyland Park,Alice's Curious Labyrinth,14,OPERATING,STANDBY,5,,,queue-times.com
2026-08-03T13:01:18Z,2026-08-03,15,1,Disneyland Park,Blanche-Neige et les Sept Nains®,15,OPERATING,STANDBY,35,,,queue-times.com
2026-08-03T13:01:18Z,2026-08-03,15,1,Disneyland Park,Casey Jr. – le Petit Train du Cirque,17,CLOSED,STANDBY,0,,,queue-times.com
2026-08-03T13:01:18Z,2026-08-03,15,1,Disneyland Park,Disneyland Railroad Fantasyland Station,2711,CLOSED,STANDBY,0,,,queue-times.com
2026-08-03T13:01:18Z,2026-08-03,15,1,Disneyland Park,Disneyland Railroad Main Street Station,11,CLOSED,STANDBY,0,,,queue-times.com
2026-08-03T13:01:18Z,2026-08-03,15,1,Disneyland Park,Dumbo the Flying Elephant,18,CLOSED,STANDBY,0,,,queue-times.com
2026-08-03T13:01:18Z,2026-08-03,15,1,Disneyland Park,La Tanière du Dragon,2710,OPERATING,STANDBY,0,,,queue-times.com
2026-08-03T13:01:18Z,2026-08-03,15,1,Disneyland Park,Le Carrousel de Lancelot,16,OPERATING,STANDBY,10,,,queue-times.com
2026-08-03T13:01:18Z,2026-08-03,15,1,Disneyland Park,"Le Pays des Contes de Fées, presented by Vittel",21,CLOSED,STANDBY,0,,,queue-times.com
2026-08-03T13:01:18Z,2026-08-03,15,1,Disneyland Park,Les Voyages de Pinocchio,23,OPERATING,STANDBY,25,,,queue-times.com
2026-08-03T13:01:18Z,2026-08-03,15,1,Disneyland Park,Mad Hatter's Tea Cups,20,OPERATING,STANDBY,15,,,queue-times.com
2026-08-03T13:01:18Z,2026-08-03,15,1,Disneyland Park,Meet Mickey Mouse,13,OPERATING,STANDBY,0,,,queue-times.com
2026-08-03T13:01:18Z,2026-08-03,15,1,Disneyland Park,Peter Pan's Flight,22,OPERATING,STANDBY,65,,,queue-times.com
2026-08-03T13:01:18Z,2026-08-03,15,1,Disneyland Park,Princess Pavilion,24,OPERATING,STANDBY,0,,,queue-times.com
2026-08-03T13:01:18Z,2026-08-03,15,1,Disneyland Park,Big Thunder Mountain,25,OPERATING,STANDBY,60,,,queue-times.com
2026-08-03T13:01:18Z,2026-08-03,15,1,Disneyland Park,Disneyland Railroad Frontierland Depot,2714,CLOSED,STANDBY,0,,,queue-times.com
2026-08-03T13:01:18Z,2026-08-03,15,1,Disneyland Park,Frontierland Playground,2713,CLOSED,STANDBY,0,,,queue-times.com
2026-08-03T13:01:18Z,2026-08-03,15,1,Disneyland Park,Phantom Manor,26,OPERATING,STANDBY,20,,,queue-times.com
2026-08-03T13:01:18Z,2026-08-03,15,1,Disneyland Park,River Rogue Keelboats,27,CLOSED,STANDBY,0,,,queue-times.com
2026-08-03T13:01:18Z,2026-08-03,15,1,Disneyland Park,Rustler Roundup Shootin' Gallery,2712,OPERATING,STANDBY,0,,,queue-times.com
2026-08-03T13:01:18Z,2026-08-03,15,1,Disneyland Park,Thunder Mesa Riverboat Landing,28,OPERATING,STANDBY,20,,,queue-times.com
2026-08-03T13:01:18Z,2026-08-03,15,1,Disneyland Park,Disneyland Railroad Main Street Station,2708,CLOSED,STANDBY,0,,,queue-times.com
2026-08-03T13:01:18Z,2026-08-03,15,1,Disneyland Park,Main Street Vehicles,12,CLOSED,STANDBY,0,,,queue-times.com
2026-08-03T13:01:18Z,2026-08-03,15,1,Disney Adventure World,Avengers Assemble: Flight Force,10848,OPERATING,STANDBY,25,,,queue-times.com
2026-08-03T13:01:18Z,2026-08-03,15,1,Disney Adventure World,Avengers Assemble: Flight Force Single Rider,10849,OPERATING,STANDBY,20,,,queue-times.com
2026-08-03T13:01:18Z,2026-08-03,15,1,Disney Adventure World,Spider-Man W.E.B. Adventure,10845,OPERATING,STANDBY,45,,,queue-times.com
2026-08-03T13:01:18Z,2026-08-03,15,1,Disney Adventure World,Spider-Man W.E.B. Adventure Single Rider,10846,OPERATING,STANDBY,20,,,queue-times.com
2026-08-03T13:01:18Z,2026-08-03,15,1,Disney Adventure World,The Twilight Zone Tower of Terror,40,OPERATING,STANDBY,30,,,queue-times.com
2026-08-03T13:01:18Z,2026-08-03,15,1,Disney Adventure World,Cars Quatre Roues Rallye,31,OPERATING,STANDBY,15,,,queue-times.com
2026-08-03T13:01:18Z,2026-08-03,15,1,Disney Adventure World,Cars ROAD TRIP,29,OPERATING,STANDBY,5,,,queue-times.com
2026-08-03T13:01:18Z,2026-08-03,15,1,Disney Adventure World,Crush's Coaster,32,OPERATING,STANDBY,70,,,queue-times.com
2026-08-03T13:01:18Z,2026-08-03,15,1,Disney Adventure World,Crush's Coaster Single Rider,7277,OPERATING,STANDBY,50,,,queue-times.com
2026-08-03T13:01:18Z,2026-08-03,15,1,Disney Adventure World,Les Tapis Volants - Flying Carpets Over Agrabah®,33,CLOSED,STANDBY,0,,,queue-times.com
2026-08-03T13:01:18Z,2026-08-03,15,1,Disney Adventure World,Ratatouille : L’Aventure Totalement Toquée de Rémy​,37,OPERATING,STANDBY,55,,,queue-times.com
2026-08-03T13:01:18Z,2026-08-03,15,1,Disney Adventure World,Ratatouille: The Adventure Single Rider,7279,OPERATING,STANDBY,30,,,queue-times.com
2026-08-03T13:01:18Z,2026-08-03,15,1,Disney Adventure World,RC Racer,34,OPERATING,STANDBY,20,,,queue-times.com
2026-08-03T13:01:18Z,2026-08-03,15,1,Disney Adventure World,RC Racer Single Rider,7280,OPERATING,STANDBY,15,,,queue-times.com
2026-08-03T13:01:18Z,2026-08-03,15,1,Disney Adventure World,Slinky® Dog Zigzag Spin,36,CLOSED,STANDBY,0,,,queue-times.com
2026-08-03T13:01:18Z,2026-08-03,15,1,Disney Adventure World,Toy Soldiers Parachute Drop,35,OPERATING,STANDBY,45,,,queue-times.com
2026-08-03T13:01:18Z,2026-08-03,15,1,Disney Adventure World,Toy Soldiers Parachute Drop Single Rider,7281,OPERATING,STANDBY,20,,,queue-times.com
2026-08-03T13:01:18Z,2026-08-03,15,1,Disney Adventure World,Entry to World of Frozen,16247,OPERATING,STANDBY,0,,,queue-times.com
2026-08-03T13:01:18Z,2026-08-03,15,1,Disney Adventure World,Frozen Ever After,15413,OPERATING,STANDBY,70,,,queue-times.com
2026-08-03T13:01:18Z,2026-08-03,15,1,Disney Adventure World,Raiponce Tangled Spin,15415,OPERATING,STANDBY,10,,,queue-times.com
2026-08-03T13:15:56Z,2026-08-03,15,15,Disneyland Park,Adventure Isle,2702,OPERATING,STANDBY,0,,,queue-times.com
2026-08-03T13:15:56Z,2026-08-03,15,15,Disneyland Park,Indiana Jones and the Temple of Peril Single Rider,7306,OPERATING,STANDBY,15,,,queue-times.com
2026-08-03T13:15:56Z,2026-08-03,15,15,Disneyland Park,Indiana Jones™ and the Temple of Peril,2,OPERATING,STANDBY,30,,,queue-times.com
2026-08-03T13:15:56Z,2026-08-03,15,15,Disneyland Park,La Cabane des Robinson,1,OPERATING,STANDBY,5,,,queue-times.com
2026-08-03T13:15:56Z,2026-08-03,15,15,Disneyland Park,Le Passage Enchanté d'Aladdin,2703,OPERATING,STANDBY,0,,,queue-times.com
2026-08-03T13:15:56Z,2026-08-03,15,15,Disneyland Park,Pirate Galleon,2705,CLOSED,STANDBY,0,,,queue-times.com
2026-08-03T13:15:56Z,2026-08-03,15,15,Disneyland Park,Pirates of the Caribbean,3,OPERATING,STANDBY,30,,,queue-times.com
2026-08-03T13:15:56Z,2026-08-03,15,15,Disneyland Park,Pirates' Beach,2704,OPERATING,STANDBY,0,,,queue-times.com
2026-08-03T13:15:56Z,2026-08-03,15,15,Disneyland Park,"Autopia, presented by Avis",4,CLOSED,STANDBY,0,,,queue-times.com
2026-08-03T13:15:56Z,2026-08-03,15,15,Disneyland Park,Buzz Lightyear Laser Blast,5,OPERATING,STANDBY,50,,,queue-times.com
2026-08-03T13:15:56Z,2026-08-03,15,15,Disneyland Park,Disneyland Railroad Discoveryland Station,2706,CLOSED,STANDBY,0,,,queue-times.com
2026-08-03T13:15:56Z,2026-08-03,15,15,Disneyland Park,Les Mystères du Nautilus,6,OPERATING,STANDBY,5,,,queue-times.com
2026-08-03T13:15:56Z,2026-08-03,15,15,Disneyland Park,Mickey’s PhilharMagic,2707,OPERATING,STANDBY,0,,,queue-times.com
2026-08-03T13:15:56Z,2026-08-03,15,15,Disneyland Park,Orbitron®,7,CLOSED,STANDBY,0,,,queue-times.com
2026-08-03T13:15:56Z,2026-08-03,15,15,Disneyland Park,Star Tours: The Adventures Continue*,9,OPERATING,STANDBY,20,,,queue-times.com
2026-08-03T13:15:56Z,2026-08-03,15,15,Disneyland Park,Star Wars Hyperspace Mountain,8,OPERATING,STANDBY,40,,,queue-times.com
2026-08-03T13:15:56Z,2026-08-03,15,15,Disneyland Park,Star Wars Hyperspace Mountain Single Rider,7278,OPERATING,STANDBY,35,,,queue-times.com
2026-08-03T13:15:56Z,2026-08-03,15,15,Disneyland Park,Welcome to Starport: A Star Wars Encounter,4573,OPERATING,STANDBY,40,,,queue-times.com
2026-08-03T13:15:56Z,2026-08-03,15,15,Disneyland Park,"""it's a small world""",19,OPERATING,STANDBY,20,,,queue-times.com
2026-08-03T13:15:56Z,2026-08-03,15,15,Disneyland Park,Alice's Curious Labyrinth,14,OPERATING,STANDBY,5,,,queue-times.com
2026-08-03T13:15:56Z,2026-08-03,15,15,Disneyland Park,Blanche-Neige et les Sept Nains®,15,OPERATING,STANDBY,35,,,queue-times.com
2026-08-03T13:15:56Z,2026-08-03,15,15,Disneyland Park,Casey Jr. – le Petit Train du Cirque,17,CLOSED,STANDBY,0,,,queue-times.com
2026-08-03T13:15:56Z,2026-08-03,15,15,Disneyland Park,Disneyland Railroad Fantasyland Station,2711,CLOSED,STANDBY,0,,,queue-times.com
2026-08-03T13:15:56Z,2026-08-03,15,15,Disneyland Park,Disneyland Railroad Main Street Station,11,CLOSED,STANDBY,0,,,queue-times.com
2026-08-03T13:15:56Z,2026-08-03,15,15,Disneyland Park,Dumbo the Flying Elephant,18,CLOSED,STANDBY,0,,,queue-times.com
2026-08-03T13:15:56Z,2026-08-03,15,15,Disneyland Park,La Tanière du Dragon,2710,OPERATING,STANDBY,0,,,queue-times.com
2026-08-03T13:15:56Z,2026-08-03,15,15,Disneyland Park,Le Carrousel de Lancelot,16,OPERATING,STANDBY,10,,,queue-times.com
2026-08-03T13:15:56Z,2026-08-03,15,15,Disneyland Park,"Le Pays des Contes de Fées, presented by Vittel",21,CLOSED,STANDBY,0,,,queue-times.com
2026-08-03T13:15:56Z,2026-08-03,15,15,Disneyland Park,Les Voyages de Pinocchio,23,OPERATING,STANDBY,25,,,queue-times.com
2026-08-03T13:15:56Z,2026-08-03,15,15,Disneyland Park,Mad Hatter's Tea Cups,20,OPERATING,STANDBY,15,,,queue-times.com
2026-08-03T13:15:56Z,2026-08-03,15,15,Disneyland Park,Meet Mickey Mouse,13,OPERATING,STANDBY,0,,,queue-times.com
2026-08-03T13:15:56Z,2026-08-03,15,15,Disneyland Park,Peter Pan's Flight,22,OPERATING,STANDBY,65,,,queue-times.com
2026-08-03T13:15:56Z,2026-08-03,15,15,Disneyland Park,Princess Pavilion,24,OPERATING,STANDBY,0,,,queue-times.com
2026-08-03T13:15:56Z,2026-08-03,15,15,Disneyland Park,Big Thunder Mountain,25,OPERATING,STANDBY,60,,,queue-times.com
2026-08-03T13:15:56Z,2026-08-03,15,15,Disneyland Park,Disneyland Railroad Frontierland Depot,2714,CLOSED,STANDBY,0,,,queue-times.com
2026-08-03T13:15:56Z,2026-08-03,15,15,Disneyland Park,Frontierland Playground,2713,CLOSED,STANDBY,0,,,queue-times.com
2026-08-03T13:15:56Z,2026-08-03,15,15,Disneyland Park,Phantom Manor,26,OPERATING,STANDBY,20,,,queue-times.com
2026-08-03T13:15:56Z,2026-08-03,15,15,Disneyland Park,River Rogue Keelboats,27,CLOSED,STANDBY,0,,,queue-times.com
2026-08-03T13:15:56Z,2026-08-03,15,15,Disneyland Park,Rustler Roundup Shootin' Gallery,2712,OPERATING,STANDBY,0,,,queue-times.com
2026-08-03T13:15:56Z,2026-08-03,15,15,Disneyland Park,Thunder Mesa Riverboat Landing,28,OPERATING,STANDBY,20,,,queue-times.com
2026-08-03T13:15:56Z,2026-08-03,15,15,Disneyland Park,Disneyland Railroad Main Street Station,2708,CLOSED,STANDBY,0,,,queue-times.com
2026-08-03T13:15:56Z,2026-08-03,15,15,Disneyland Park,Main Street Vehicles,12,CLOSED,STANDBY,0,,,queue-times.com
2026-08-03T13:15:56Z,2026-08-03,15,15,Disney Adventure World,Avengers Assemble: Flight Force,10848,OPERATING,STANDBY,25,,,queue-times.com
2026-08-03T13:15:56Z,2026-08-03,15,15,Disney Adventure World,Avengers Assemble: Flight Force Single Rider,10849,OPERATING,STANDBY,10,,,queue-times.com
2026-08-03T13:15:56Z,2026-08-03,15,15,Disney Adventure World,Spider-Man W.E.B. Adventure,10845,OPERATING,STANDBY,45,,,queue-times.com
2026-08-03T13:15:56Z,2026-08-03,15,15,Disney Adventure World,Spider-Man W.E.B. Adventure Single Rider,10846,OPERATING,STANDBY,20,,,queue-times.com
2026-08-03T13:15:56Z,2026-08-03,15,15,Disney Adventure World,The Twilight Zone Tower of Terror,40,OPERATING,STANDBY,30,,,queue-times.com
2026-08-03T13:15:56Z,2026-08-03,15,15,Disney Adventure World,Cars Quatre Roues Rallye,31,OPERATING,STANDBY,5,,,queue-times.com
2026-08-03T13:15:56Z,2026-08-03,15,15,Disney Adventure World,Cars ROAD TRIP,29,OPERATING,STANDBY,5,,,queue-times.com
2026-08-03T13:15:56Z,2026-08-03,15,15,Disney Adventure World,Crush's Coaster,32,OPERATING,STANDBY,70,,,queue-times.com
2026-08-03T13:15:56Z,2026-08-03,15,15,Disney Adventure World,Crush's Coaster Single Rider,7277,OPERATING,STANDBY,60,,,queue-times.com
2026-08-03T13:15:56Z,2026-08-03,15,15,Disney Adventure World,Les Tapis Volants - Flying Carpets Over Agrabah®,33,CLOSED,STANDBY,0,,,queue-times.com
2026-08-03T13:15:56Z,2026-08-03,15,15,Disney Adventure World,Ratatouille : L’Aventure Totalement Toquée de Rémy​,37,OPERATING,STANDBY,45,,,queue-times.com
2026-08-03T13:15:56Z,2026-08-03,15,15,Disney Adventure World,Ratatouille: The Adventure Single Rider,7279,OPERATING,STANDBY,15,,,queue-times.com
2026-08-03T13:15:56Z,2026-08-03,15,15,Disney Adventure World,RC Racer,34,OPERATING,STANDBY,35,,,queue-times.com
2026-08-03T13:15:56Z,2026-08-03,15,15,Disney Adventure World,RC Racer Single Rider,7280,OPERATING,STANDBY,30,,,queue-times.com
2026-08-03T13:15:56Z,2026-08-03,15,15,Disney Adventure World,Slinky® Dog Zigzag Spin,36,CLOSED,STANDBY,0,,,queue-times.com
2026-08-03T13:15:56Z,2026-08-03,15,15,Disney Adventure World,Toy Soldiers Parachute Drop,35,OPERATING,STANDBY,45,,,queue-times.com
2026-08-03T13:15:56Z,2026-08-03,15,15,Disney Adventure World,Toy Soldiers Parachute Drop Single Rider,7281,OPERATING,STANDBY,15,,,queue-times.com
2026-08-03T13:15:56Z,2026-08-03,15,15,Disney Adventure World,Entry to World of Frozen,16247,OPERATING,STANDBY,0,,,queue-times.com
2026-08-03T13:15:56Z,2026-08-03,15,15,Disney Adventure World,Frozen Ever After,15413,OPERATING,STANDBY,50,,,queue-times.com
2026-08-03T13:15:56Z,2026-08-03,15,15,Disney Adventure World,Raiponce Tangled Spin,15415,OPERATING,STANDBY,10,,,queue-times.com
2026-08-03T13:17:06Z,2026-08-03,15,17,Disneyland Park,Adventure Isle,2702,OPERATING,STANDBY,0,,,queue-times.com
2026-08-03T13:17:06Z,2026-08-03,15,17,Disneyland Park,Indiana Jones and the Temple of Peril Single Rider,7306,OPERATING,STANDBY,15,,,queue-times.com
2026-08-03T13:17:06Z,2026-08-03,15,17,Disneyland Park,Indiana Jones™ and the Temple of Peril,2,OPERATING,STANDBY,30,,,queue-times.com
2026-08-03T13:17:06Z,2026-08-03,15,17,Disneyland Park,La Cabane des Robinson,1,OPERATING,STANDBY,5,,,queue-times.com
2026-08-03T13:17:06Z,2026-08-03,15,17,Disneyland Park,Le Passage Enchanté d'Aladdin,2703,OPERATING,STANDBY,0,,,queue-times.com
2026-08-03T13:17:06Z,2026-08-03,15,17,Disneyland Park,Pirate Galleon,2705,CLOSED,STANDBY,0,,,queue-times.com
2026-08-03T13:17:06Z,2026-08-03,15,17,Disneyland Park,Pirates of the Caribbean,3,OPERATING,STANDBY,30,,,queue-times.com
2026-08-03T13:17:06Z,2026-08-03,15,17,Disneyland Park,Pirates' Beach,2704,OPERATING,STANDBY,0,,,queue-times.com
2026-08-03T13:17:06Z,2026-08-03,15,17,Disneyland Park,"Autopia, presented by Avis",4,CLOSED,STANDBY,0,,,queue-times.com
2026-08-03T13:17:06Z,2026-08-03,15,17,Disneyland Park,Buzz Lightyear Laser Blast,5,OPERATING,STANDBY,50,,,queue-times.com
2026-08-03T13:17:06Z,2026-08-03,15,17,Disneyland Park,Disneyland Railroad Discoveryland Station,2706,CLOSED,STANDBY,0,,,queue-times.com
2026-08-03T13:17:06Z,2026-08-03,15,17,Disneyland Park,Les Mystères du Nautilus,6,OPERATING,STANDBY,5,,,queue-times.com
2026-08-03T13:17:06Z,2026-08-03,15,17,Disneyland Park,Mickey’s PhilharMagic,2707,OPERATING,STANDBY,0,,,queue-times.com
2026-08-03T13:17:06Z,2026-08-03,15,17,Disneyland Park,Orbitron®,7,CLOSED,STANDBY,0,,,queue-times.com
2026-08-03T13:17:06Z,2026-08-03,15,17,Disneyland Park,Star Tours: The Adventures Continue*,9,OPERATING,STANDBY,20,,,queue-times.com
2026-08-03T13:17:06Z,2026-08-03,15,17,Disneyland Park,Star Wars Hyperspace Mountain,8,OPERATING,STANDBY,40,,,queue-times.com
2026-08-03T13:17:06Z,2026-08-03,15,17,Disneyland Park,Star Wars Hyperspace Mountain Single Rider,7278,OPERATING,STANDBY,35,,,queue-times.com
2026-08-03T13:17:06Z,2026-08-03,15,17,Disneyland Park,Welcome to Starport: A Star Wars Encounter,4573,OPERATING,STANDBY,40,,,queue-times.com
2026-08-03T13:17:06Z,2026-08-03,15,17,Disneyland Park,"""it's a small world""",19,OPERATING,STANDBY,20,,,queue-times.com
2026-08-03T13:17:06Z,2026-08-03,15,17,Disneyland Park,Alice's Curious Labyrinth,14,OPERATING,STANDBY,5,,,queue-times.com
2026-08-03T13:17:06Z,2026-08-03,15,17,Disneyland Park,Blanche-Neige et les Sept Nains®,15,OPERATING,STANDBY,35,,,queue-times.com
2026-08-03T13:17:06Z,2026-08-03,15,17,Disneyland Park,Casey Jr. – le Petit Train du Cirque,17,CLOSED,STANDBY,0,,,queue-times.com
2026-08-03T13:17:06Z,2026-08-03,15,17,Disneyland Park,Disneyland Railroad Fantasyland Station,2711,CLOSED,STANDBY,0,,,queue-times.com
2026-08-03T13:17:06Z,2026-08-03,15,17,Disneyland Park,Disneyland Railroad Main Street Station,11,CLOSED,STANDBY,0,,,queue-times.com
2026-08-03T13:17:06Z,2026-08-03,15,17,Disneyland Park,Dumbo the Flying Elephant,18,CLOSED,STANDBY,0,,,queue-times.com
2026-08-03T13:17:06Z,2026-08-03,15,17,Disneyland Park,La Tanière du Dragon,2710,OPERATING,STANDBY,0,,,queue-times.com
2026-08-03T13:17:06Z,2026-08-03,15,17,Disneyland Park,Le Carrousel de Lancelot,16,OPERATING,STANDBY,10,,,queue-times.com
2026-08-03T13:17:06Z,2026-08-03,15,17,Disneyland Park,"Le Pays des Contes de Fées, presented by Vittel",21,CLOSED,STANDBY,0,,,queue-times.com
2026-08-03T13:17:06Z,2026-08-03,15,17,Disneyland Park,Les Voyages de Pinocchio,23,OPERATING,STANDBY,25,,,queue-times.com
2026-08-03T13:17:06Z,2026-08-03,15,17,Disneyland Park,Mad Hatter's Tea Cups,20,OPERATING,STANDBY,15,,,queue-times.com
2026-08-03T13:17:06Z,2026-08-03,15,17,Disneyland Park,Meet Mickey Mouse,13,OPERATING,STANDBY,0,,,queue-times.com
2026-08-03T13:17:06Z,2026-08-03,15,17,Disneyland Park,Peter Pan's Flight,22,OPERATING,STANDBY,65,,,queue-times.com
2026-08-03T13:17:06Z,2026-08-03,15,17,Disneyland Park,Princess Pavilion,24,OPERATING,STANDBY,0,,,queue-times.com
2026-08-03T13:17:06Z,2026-08-03,15,17,Disneyland Park,Big Thunder Mountain,25,OPERATING,STANDBY,60,,,queue-times.com
2026-08-03T13:17:06Z,2026-08-03,15,17,Disneyland Park,Disneyland Railroad Frontierland Depot,2714,CLOSED,STANDBY,0,,,queue-times.com
2026-08-03T13:17:06Z,2026-08-03,15,17,Disneyland Park,Frontierland Playground,2713,CLOSED,STANDBY,0,,,queue-times.com
2026-08-03T13:17:06Z,2026-08-03,15,17,Disneyland Park,Phantom Manor,26,OPERATING,STANDBY,20,,,queue-times.com
2026-08-03T13:17:06Z,2026-08-03,15,17,Disneyland Park,River Rogue Keelboats,27,CLOSED,STANDBY,0,,,queue-times.com
2026-08-03T13:17:06Z,2026-08-03,15,17,Disneyland Park,Rustler Roundup Shootin' Gallery,2712,OPERATING,STANDBY,0,,,queue-times.com
2026-08-03T13:17:06Z,2026-08-03,15,17,Disneyland Park,Thunder Mesa Riverboat Landing,28,OPERATING,STANDBY,20,,,queue-times.com
2026-08-03T13:17:06Z,2026-08-03,15,17,Disneyland Park,Disneyland Railroad Main Street Station,2708,CLOSED,STANDBY,0,,,queue-times.com
2026-08-03T13:17:06Z,2026-08-03,15,17,Disneyland Park,Main Street Vehicles,12,CLOSED,STANDBY,0,,,queue-times.com
2026-08-03T13:17:06Z,2026-08-03,15,17,Disney Adventure World,Avengers Assemble: Flight Force,10848,OPERATING,STANDBY,25,,,queue-times.com
2026-08-03T13:17:06Z,2026-08-03,15,17,Disney Adventure World,Avengers Assemble: Flight Force Single Rider,10849,OPERATING,STANDBY,10,,,queue-times.com
2026-08-03T13:17:06Z,2026-08-03,15,17,Disney Adventure World,Spider-Man W.E.B. Adventure,10845,OPERATING,STANDBY,45,,,queue-times.com
2026-08-03T13:17:06Z,2026-08-03,15,17,Disney Adventure World,Spider-Man W.E.B. Adventure Single Rider,10846,OPERATING,STANDBY,20,,,queue-times.com
2026-08-03T13:17:06Z,2026-08-03,15,17,Disney Adventure World,The Twilight Zone Tower of Terror,40,OPERATING,STANDBY,30,,,queue-times.com
2026-08-03T13:17:06Z,2026-08-03,15,17,Disney Adventure World,Cars Quatre Roues Rallye,31,OPERATING,STANDBY,5,,,queue-times.com
2026-08-03T13:17:06Z,2026-08-03,15,17,Disney Adventure World,Cars ROAD TRIP,29,OPERATING,STANDBY,5,,,queue-times.com
2026-08-03T13:17:06Z,2026-08-03,15,17,Disney Adventure World,Crush's Coaster,32,OPERATING,STANDBY,70,,,queue-times.com
2026-08-03T13:17:06Z,2026-08-03,15,17,Disney Adventure World,Crush's Coaster Single Rider,7277,OPERATING,STANDBY,60,,,queue-times.com
2026-08-03T13:17:06Z,2026-08-03,15,17,Disney Adventure World,Les Tapis Volants - Flying Carpets Over Agrabah®,33,CLOSED,STANDBY,0,,,queue-times.com
2026-08-03T13:17:06Z,2026-08-03,15,17,Disney Adventure World,Ratatouille : L’Aventure Totalement Toquée de Rémy​,37,OPERATING,STANDBY,45,,,queue-times.com
2026-08-03T13:17:06Z,2026-08-03,15,17,Disney Adventure World,Ratatouille: The Adventure Single Rider,7279,OPERATING,STANDBY,15,,,queue-times.com
2026-08-03T13:17:06Z,2026-08-03,15,17,Disney Adventure World,RC Racer,34,OPERATING,STANDBY,35,,,queue-times.com
2026-08-03T13:17:06Z,2026-08-03,15,17,Disney Adventure World,RC Racer Single Rider,7280,OPERATING,STANDBY,30,,,queue-times.com
2026-08-03T13:17:06Z,2026-08-03,15,17,Disney Adventure World,Slinky® Dog Zigzag Spin,36,CLOSED,STANDBY,0,,,queue-times.com
2026-08-03T13:17:06Z,2026-08-03,15,17,Disney Adventure World,Toy Soldiers Parachute Drop,35,OPERATING,STANDBY,45,,,queue-times.com
2026-08-03T13:17:06Z,2026-08-03,15,17,Disney Adventure World,Toy Soldiers Parachute Drop Single Rider,7281,OPERATING,STANDBY,15,,,queue-times.com
2026-08-03T13:17:06Z,2026-08-03,15,17,Disney Adventure World,Entry to World of Frozen,16247,OPERATING,STANDBY,0,,,queue-times.com
2026-08-03T13:17:06Z,2026-08-03,15,17,Disney Adventure World,Frozen Ever After,15413,OPERATING,STANDBY,50,,,queue-times.com
2026-08-03T13:17:06Z,2026-08-03,15,17,Disney Adventure World,Raiponce Tangled Spin,15415,OPERATING,STANDBY,10,,,queue-times.com
2026-08-03T13:31:08Z,2026-08-03,15,31,Disneyland Park,Adventure Isle,2702,OPERATING,STANDBY,0,,,queue-times.com
2026-08-03T13:31:08Z,2026-08-03,15,31,Disneyland Park,Indiana Jones and the Temple of Peril Single Rider,7306,OPERATING,STANDBY,20,,,queue-times.com
2026-08-03T13:31:08Z,2026-08-03,15,31,Disneyland Park,Indiana Jones™ and the Temple of Peril,2,OPERATING,STANDBY,30,,,queue-times.com
2026-08-03T13:31:08Z,2026-08-03,15,31,Disneyland Park,La Cabane des Robinson,1,OPERATING,STANDBY,5,,,queue-times.com
2026-08-03T13:31:08Z,2026-08-03,15,31,Disneyland Park,Le Passage Enchanté d'Aladdin,2703,OPERATING,STANDBY,0,,,queue-times.com
2026-08-03T13:31:08Z,2026-08-03,15,31,Disneyland Park,Pirate Galleon,2705,CLOSED,STANDBY,0,,,queue-times.com
2026-08-03T13:31:08Z,2026-08-03,15,31,Disneyland Park,Pirates of the Caribbean,3,OPERATING,STANDBY,20,,,queue-times.com
2026-08-03T13:31:08Z,2026-08-03,15,31,Disneyland Park,Pirates' Beach,2704,OPERATING,STANDBY,0,,,queue-times.com
2026-08-03T13:31:08Z,2026-08-03,15,31,Disneyland Park,"Autopia, presented by Avis",4,CLOSED,STANDBY,0,,,queue-times.com
2026-08-03T13:31:08Z,2026-08-03,15,31,Disneyland Park,Buzz Lightyear Laser Blast,5,OPERATING,STANDBY,70,,,queue-times.com
2026-08-03T13:31:08Z,2026-08-03,15,31,Disneyland Park,Disneyland Railroad Discoveryland Station,2706,CLOSED,STANDBY,0,,,queue-times.com
2026-08-03T13:31:08Z,2026-08-03,15,31,Disneyland Park,Les Mystères du Nautilus,6,OPERATING,STANDBY,5,,,queue-times.com
2026-08-03T13:31:08Z,2026-08-03,15,31,Disneyland Park,Mickey’s PhilharMagic,2707,OPERATING,STANDBY,0,,,queue-times.com
2026-08-03T13:31:08Z,2026-08-03,15,31,Disneyland Park,Orbitron®,7,CLOSED,STANDBY,0,,,queue-times.com
2026-08-03T13:31:08Z,2026-08-03,15,31,Disneyland Park,Star Tours: The Adventures Continue*,9,OPERATING,STANDBY,15,,,queue-times.com
2026-08-03T13:31:08Z,2026-08-03,15,31,Disneyland Park,Star Wars Hyperspace Mountain,8,OPERATING,STANDBY,40,,,queue-times.com
2026-08-03T13:31:08Z,2026-08-03,15,31,Disneyland Park,Star Wars Hyperspace Mountain Single Rider,7278,OPERATING,STANDBY,35,,,queue-times.com
2026-08-03T13:31:08Z,2026-08-03,15,31,Disneyland Park,Welcome to Starport: A Star Wars Encounter,4573,OPERATING,STANDBY,40,,,queue-times.com
2026-08-03T13:31:08Z,2026-08-03,15,31,Disneyland Park,"""it's a small world""",19,OPERATING,STANDBY,10,,,queue-times.com
2026-08-03T13:31:08Z,2026-08-03,15,31,Disneyland Park,Alice's Curious Labyrinth,14,OPERATING,STANDBY,5,,,queue-times.com
2026-08-03T13:31:08Z,2026-08-03,15,31,Disneyland Park,Blanche-Neige et les Sept Nains®,15,OPERATING,STANDBY,35,,,queue-times.com
2026-08-03T13:31:08Z,2026-08-03,15,31,Disneyland Park,Casey Jr. – le Petit Train du Cirque,17,CLOSED,STANDBY,0,,,queue-times.com
2026-08-03T13:31:08Z,2026-08-03,15,31,Disneyland Park,Disneyland Railroad Fantasyland Station,2711,CLOSED,STANDBY,0,,,queue-times.com
2026-08-03T13:31:08Z,2026-08-03,15,31,Disneyland Park,Disneyland Railroad Main Street Station,11,CLOSED,STANDBY,0,,,queue-times.com
2026-08-03T13:31:08Z,2026-08-03,15,31,Disneyland Park,Dumbo the Flying Elephant,18,CLOSED,STANDBY,0,,,queue-times.com
2026-08-03T13:31:08Z,2026-08-03,15,31,Disneyland Park,La Tanière du Dragon,2710,OPERATING,STANDBY,0,,,queue-times.com
2026-08-03T13:31:08Z,2026-08-03,15,31,Disneyland Park,Le Carrousel de Lancelot,16,OPERATING,STANDBY,10,,,queue-times.com
2026-08-03T13:31:08Z,2026-08-03,15,31,Disneyland Park,"Le Pays des Contes de Fées, presented by Vittel",21,CLOSED,STANDBY,0,,,queue-times.com
2026-08-03T13:31:08Z,2026-08-03,15,31,Disneyland Park,Les Voyages de Pinocchio,23,OPERATING,STANDBY,25,,,queue-times.com
2026-08-03T13:31:08Z,2026-08-03,15,31,Disneyland Park,Mad Hatter's Tea Cups,20,OPERATING,STANDBY,5,,,queue-times.com
2026-08-03T13:31:08Z,2026-08-03,15,31,Disneyland Park,Meet Mickey Mouse,13,OPERATING,STANDBY,0,,,queue-times.com
2026-08-03T13:31:08Z,2026-08-03,15,31,Disneyland Park,Peter Pan's Flight,22,OPERATING,STANDBY,65,,,queue-times.com
2026-08-03T13:31:08Z,2026-08-03,15,31,Disneyland Park,Princess Pavilion,24,OPERATING,STANDBY,0,,,queue-times.com
2026-08-03T13:31:08Z,2026-08-03,15,31,Disneyland Park,Big Thunder Mountain,25,OPERATING,STANDBY,60,,,queue-times.com
2026-08-03T13:31:08Z,2026-08-03,15,31,Disneyland Park,Disneyland Railroad Frontierland Depot,2714,CLOSED,STANDBY,0,,,queue-times.com
2026-08-03T13:31:08Z,2026-08-03,15,31,Disneyland Park,Frontierland Playground,2713,CLOSED,STANDBY,0,,,queue-times.com
2026-08-03T13:31:08Z,2026-08-03,15,31,Disneyland Park,Phantom Manor,26,OPERATING,STANDBY,15,,,queue-times.com
2026-08-03T13:31:08Z,2026-08-03,15,31,Disneyland Park,River Rogue Keelboats,27,CLOSED,STANDBY,0,,,queue-times.com
2026-08-03T13:31:08Z,2026-08-03,15,31,Disneyland Park,Rustler Roundup Shootin' Gallery,2712,OPERATING,STANDBY,0,,,queue-times.com
2026-08-03T13:31:08Z,2026-08-03,15,31,Disneyland Park,Thunder Mesa Riverboat Landing,28,OPERATING,STANDBY,20,,,queue-times.com
2026-08-03T13:31:08Z,2026-08-03,15,31,Disneyland Park,Disneyland Railroad Main Street Station,2708,CLOSED,STANDBY,0,,,queue-times.com
2026-08-03T13:31:08Z,2026-08-03,15,31,Disneyland Park,Main Street Vehicles,12,CLOSED,STANDBY,0,,,queue-times.com
2026-08-03T13:31:08Z,2026-08-03,15,31,Disney Adventure World,Avengers Assemble: Flight Force,10848,OPERATING,STANDBY,20,,,queue-times.com
2026-08-03T13:31:08Z,2026-08-03,15,31,Disney Adventure World,Avengers Assemble: Flight Force Single Rider,10849,OPERATING,STANDBY,15,,,queue-times.com
2026-08-03T13:31:08Z,2026-08-03,15,31,Disney Adventure World,Spider-Man W.E.B. Adventure,10845,OPERATING,STANDBY,50,,,queue-times.com
2026-08-03T13:31:08Z,2026-08-03,15,31,Disney Adventure World,Spider-Man W.E.B. Adventure Single Rider,10846,OPERATING,STANDBY,25,,,queue-times.com
2026-08-03T13:31:08Z,2026-08-03,15,31,Disney Adventure World,The Twilight Zone Tower of Terror,40,OPERATING,STANDBY,25,,,queue-times.com
2026-08-03T13:31:08Z,2026-08-03,15,31,Disney Adventure World,Cars Quatre Roues Rallye,31,OPERATING,STANDBY,5,,,queue-times.com
2026-08-03T13:31:08Z,2026-08-03,15,31,Disney Adventure World,Cars ROAD TRIP,29,OPERATING,STANDBY,5,,,queue-times.com
2026-08-03T13:31:08Z,2026-08-03,15,31,Disney Adventure World,Crush's Coaster,32,OPERATING,STANDBY,75,,,queue-times.com
2026-08-03T13:31:08Z,2026-08-03,15,31,Disney Adventure World,Crush's Coaster Single Rider,7277,OPERATING,STANDBY,65,,,queue-times.com
2026-08-03T13:31:08Z,2026-08-03,15,31,Disney Adventure World,Les Tapis Volants - Flying Carpets Over Agrabah®,33,CLOSED,STANDBY,0,,,queue-times.com
2026-08-03T13:31:08Z,2026-08-03,15,31,Disney Adventure World,Ratatouille : L’Aventure Totalement Toquée de Rémy​,37,OPERATING,STANDBY,45,,,queue-times.com
2026-08-03T13:31:08Z,2026-08-03,15,31,Disney Adventure World,Ratatouille: The Adventure Single Rider,7279,OPERATING,STANDBY,15,,,queue-times.com
2026-08-03T13:31:08Z,2026-08-03,15,31,Disney Adventure World,RC Racer,34,OPERATING,STANDBY,45,,,queue-times.com
2026-08-03T13:31:08Z,2026-08-03,15,31,Disney Adventure World,RC Racer Single Rider,7280,OPERATING,STANDBY,35,,,queue-times.com
2026-08-03T13:31:08Z,2026-08-03,15,31,Disney Adventure World,Slinky® Dog Zigzag Spin,36,CLOSED,STANDBY,0,,,queue-times.com
2026-08-03T13:31:08Z,2026-08-03,15,31,Disney Adventure World,Toy Soldiers Parachute Drop,35,OPERATING,STANDBY,35,,,queue-times.com
2026-08-03T13:31:08Z,2026-08-03,15,31,Disney Adventure World,Toy Soldiers Parachute Drop Single Rider,7281,OPERATING,STANDBY,15,,,queue-times.com
2026-08-03T13:31:08Z,2026-08-03,15,31,Disney Adventure World,Entry to World of Frozen,16247,OPERATING,STANDBY,0,,,queue-times.com
2026-08-03T13:31:08Z,2026-08-03,15,31,Disney Adventure World,Frozen Ever After,15413,OPERATING,STANDBY,45,,,queue-times.com
2026-08-03T13:31:08Z,2026-08-03,15,31,Disney Adventure World,Raiponce Tangled Spin,15415,OPERATING,STANDBY,10,,,queue-times.com
2026-08-03T13:45:48Z,2026-08-03,15,45,Disneyland Park,Adventure Isle,2702,OPERATING,STANDBY,0,,,queue-times.com
2026-08-03T13:45:48Z,2026-08-03,15,45,Disneyland Park,Indiana Jones and the Temple of Peril Single Rider,7306,OPERATING,STANDBY,10,,,queue-times.com
2026-08-03T13:45:48Z,2026-08-03,15,45,Disneyland Park,Indiana Jones™ and the Temple of Peril,2,OPERATING,STANDBY,25,,,queue-times.com
2026-08-03T13:45:48Z,2026-08-03,15,45,Disneyland Park,La Cabane des Robinson,1,CLOSED,STANDBY,0,,,queue-times.com
2026-08-03T13:45:48Z,2026-08-03,15,45,Disneyland Park,Le Passage Enchanté d'Aladdin,2703,OPERATING,STANDBY,0,,,queue-times.com
2026-08-03T13:45:48Z,2026-08-03,15,45,Disneyland Park,Pirate Galleon,2705,CLOSED,STANDBY,0,,,queue-times.com
2026-08-03T13:45:48Z,2026-08-03,15,45,Disneyland Park,Pirates of the Caribbean,3,OPERATING,STANDBY,20,,,queue-times.com
2026-08-03T13:45:48Z,2026-08-03,15,45,Disneyland Park,Pirates' Beach,2704,OPERATING,STANDBY,0,,,queue-times.com
2026-08-03T13:45:48Z,2026-08-03,15,45,Disneyland Park,"Autopia, presented by Avis",4,CLOSED,STANDBY,0,,,queue-times.com
2026-08-03T13:45:48Z,2026-08-03,15,45,Disneyland Park,Buzz Lightyear Laser Blast,5,OPERATING,STANDBY,35,,,queue-times.com
2026-08-03T13:45:48Z,2026-08-03,15,45,Disneyland Park,Disneyland Railroad Discoveryland Station,2706,CLOSED,STANDBY,0,,,queue-times.com
2026-08-03T13:45:48Z,2026-08-03,15,45,Disneyland Park,Les Mystères du Nautilus,6,OPERATING,STANDBY,5,,,queue-times.com
2026-08-03T13:45:48Z,2026-08-03,15,45,Disneyland Park,Mickey’s PhilharMagic,2707,OPERATING,STANDBY,0,,,queue-times.com
2026-08-03T13:45:48Z,2026-08-03,15,45,Disneyland Park,Orbitron®,7,CLOSED,STANDBY,0,,,queue-times.com
2026-08-03T13:45:48Z,2026-08-03,15,45,Disneyland Park,Star Tours: The Adventures Continue*,9,OPERATING,STANDBY,15,,,queue-times.com
2026-08-03T13:45:48Z,2026-08-03,15,45,Disneyland Park,Star Wars Hyperspace Mountain,8,OPERATING,STANDBY,45,,,queue-times.com
2026-08-03T13:45:48Z,2026-08-03,15,45,Disneyland Park,Star Wars Hyperspace Mountain Single Rider,7278,OPERATING,STANDBY,10,,,queue-times.com
2026-08-03T13:45:48Z,2026-08-03,15,45,Disneyland Park,Welcome to Starport: A Star Wars Encounter,4573,OPERATING,STANDBY,20,,,queue-times.com
2026-08-03T13:45:48Z,2026-08-03,15,45,Disneyland Park,"""it's a small world""",19,OPERATING,STANDBY,5,,,queue-times.com
2026-08-03T13:45:48Z,2026-08-03,15,45,Disneyland Park,Alice's Curious Labyrinth,14,OPERATING,STANDBY,5,,,queue-times.com
2026-08-03T13:45:48Z,2026-08-03,15,45,Disneyland Park,Blanche-Neige et les Sept Nains®,15,OPERATING,STANDBY,15,,,queue-times.com
2026-08-03T13:45:48Z,2026-08-03,15,45,Disneyland Park,Casey Jr. – le Petit Train du Cirque,17,CLOSED,STANDBY,0,,,queue-times.com
2026-08-03T13:45:48Z,2026-08-03,15,45,Disneyland Park,Disneyland Railroad Fantasyland Station,2711,CLOSED,STANDBY,0,,,queue-times.com
2026-08-03T13:45:48Z,2026-08-03,15,45,Disneyland Park,Disneyland Railroad Main Street Station,11,CLOSED,STANDBY,0,,,queue-times.com
2026-08-03T13:45:48Z,2026-08-03,15,45,Disneyland Park,Dumbo the Flying Elephant,18,CLOSED,STANDBY,0,,,queue-times.com
2026-08-03T13:45:48Z,2026-08-03,15,45,Disneyland Park,La Tanière du Dragon,2710,OPERATING,STANDBY,0,,,queue-times.com
2026-08-03T13:45:48Z,2026-08-03,15,45,Disneyland Park,Le Carrousel de Lancelot,16,OPERATING,STANDBY,10,,,queue-times.com
2026-08-03T13:45:48Z,2026-08-03,15,45,Disneyland Park,"Le Pays des Contes de Fées, presented by Vittel",21,CLOSED,STANDBY,0,,,queue-times.com
2026-08-03T13:45:48Z,2026-08-03,15,45,Disneyland Park,Les Voyages de Pinocchio,23,OPERATING,STANDBY,25,,,queue-times.com
2026-08-03T13:45:48Z,2026-08-03,15,45,Disneyland Park,Mad Hatter's Tea Cups,20,OPERATING,STANDBY,5,,,queue-times.com
2026-08-03T13:45:48Z,2026-08-03,15,45,Disneyland Park,Meet Mickey Mouse,13,OPERATING,STANDBY,0,,,queue-times.com
2026-08-03T13:45:48Z,2026-08-03,15,45,Disneyland Park,Peter Pan's Flight,22,OPERATING,STANDBY,55,,,queue-times.com
2026-08-03T13:45:48Z,2026-08-03,15,45,Disneyland Park,Princess Pavilion,24,OPERATING,STANDBY,0,,,queue-times.com
2026-08-03T13:45:48Z,2026-08-03,15,45,Disneyland Park,Big Thunder Mountain,25,OPERATING,STANDBY,55,,,queue-times.com
2026-08-03T13:45:48Z,2026-08-03,15,45,Disneyland Park,Disneyland Railroad Frontierland Depot,2714,CLOSED,STANDBY,0,,,queue-times.com
2026-08-03T13:45:48Z,2026-08-03,15,45,Disneyland Park,Frontierland Playground,2713,CLOSED,STANDBY,0,,,queue-times.com
2026-08-03T13:45:48Z,2026-08-03,15,45,Disneyland Park,Phantom Manor,26,OPERATING,STANDBY,25,,,queue-times.com
2026-08-03T13:45:48Z,2026-08-03,15,45,Disneyland Park,River Rogue Keelboats,27,CLOSED,STANDBY,0,,,queue-times.com
2026-08-03T13:45:48Z,2026-08-03,15,45,Disneyland Park,Rustler Roundup Shootin' Gallery,2712,OPERATING,STANDBY,0,,,queue-times.com
2026-08-03T13:45:48Z,2026-08-03,15,45,Disneyland Park,Thunder Mesa Riverboat Landing,28,OPERATING,STANDBY,20,,,queue-times.com
2026-08-03T13:45:48Z,2026-08-03,15,45,Disneyland Park,Disneyland Railroad Main Street Station,2708,CLOSED,STANDBY,0,,,queue-times.com
2026-08-03T13:45:48Z,2026-08-03,15,45,Disneyland Park,Main Street Vehicles,12,CLOSED,STANDBY,0,,,queue-times.com
2026-08-03T13:45:48Z,2026-08-03,15,45,Disney Adventure World,Avengers Assemble: Flight Force,10848,OPERATING,STANDBY,25,,,queue-times.com
2026-08-03T13:45:48Z,2026-08-03,15,45,Disney Adventure World,Avengers Assemble: Flight Force Single Rider,10849,OPERATING,STANDBY,10,,,queue-times.com
2026-08-03T13:45:48Z,2026-08-03,15,45,Disney Adventure World,Spider-Man W.E.B. Adventure,10845,OPERATING,STANDBY,50,,,queue-times.com
2026-08-03T13:45:48Z,2026-08-03,15,45,Disney Adventure World,Spider-Man W.E.B. Adventure Single Rider,10846,OPERATING,STANDBY,30,,,queue-times.com
2026-08-03T13:45:48Z,2026-08-03,15,45,Disney Adventure World,The Twilight Zone Tower of Terror,40,OPERATING,STANDBY,20,,,queue-times.com
2026-08-03T13:45:48Z,2026-08-03,15,45,Disney Adventure World,Cars Quatre Roues Rallye,31,OPERATING,STANDBY,5,,,queue-times.com
2026-08-03T13:45:48Z,2026-08-03,15,45,Disney Adventure World,Cars ROAD TRIP,29,OPERATING,STANDBY,10,,,queue-times.com
2026-08-03T13:45:48Z,2026-08-03,15,45,Disney Adventure World,Crush's Coaster,32,OPERATING,STANDBY,70,,,queue-times.com
2026-08-03T13:45:48Z,2026-08-03,15,45,Disney Adventure World,Crush's Coaster Single Rider,7277,OPERATING,STANDBY,65,,,queue-times.com
2026-08-03T13:45:48Z,2026-08-03,15,45,Disney Adventure World,Les Tapis Volants - Flying Carpets Over Agrabah®,33,CLOSED,STANDBY,0,,,queue-times.com
2026-08-03T13:45:48Z,2026-08-03,15,45,Disney Adventure World,Ratatouille : L’Aventure Totalement Toquée de Rémy​,37,OPERATING,STANDBY,50,,,queue-times.com
2026-08-03T13:45:48Z,2026-08-03,15,45,Disney Adventure World,Ratatouille: The Adventure Single Rider,7279,OPERATING,STANDBY,15,,,queue-times.com
2026-08-03T13:45:48Z,2026-08-03,15,45,Disney Adventure World,RC Racer,34,OPERATING,STANDBY,35,,,queue-times.com
2026-08-03T13:45:48Z,2026-08-03,15,45,Disney Adventure World,RC Racer Single Rider,7280,OPERATING,STANDBY,30,,,queue-times.com
2026-08-03T13:45:48Z,2026-08-03,15,45,Disney Adventure World,Slinky® Dog Zigzag Spin,36,CLOSED,STANDBY,0,,,queue-times.com
2026-08-03T13:45:48Z,2026-08-03,15,45,Disney Adventure World,Toy Soldiers Parachute Drop,35,OPERATING,STANDBY,30,,,queue-times.com
2026-08-03T13:45:48Z,2026-08-03,15,45,Disney Adventure World,Toy Soldiers Parachute Drop Single Rider,7281,OPERATING,STANDBY,15,,,queue-times.com
2026-08-03T13:45:48Z,2026-08-03,15,45,Disney Adventure World,Entry to World of Frozen,16247,OPERATING,STANDBY,0,,,queue-times.com
2026-08-03T13:45:48Z,2026-08-03,15,45,Disney Adventure World,Frozen Ever After,15413,OPERATING,STANDBY,45,,,queue-times.com
2026-08-03T13:45:48Z,2026-08-03,15,45,Disney Adventure World,Raiponce Tangled Spin,15415,OPERATING,STANDBY,5,,,queue-times.com
2026-08-03T14:01:17Z,2026-08-03,16,1,Disneyland Park,Adventure Isle,2702,OPERATING,STANDBY,0,,,queue-times.com
2026-08-03T14:01:17Z,2026-08-03,16,1,Disneyland Park,Indiana Jones and the Temple of Peril Single Rider,7306,OPERATING,STANDBY,5,,,queue-times.com
2026-08-03T14:01:17Z,2026-08-03,16,1,Disneyland Park,Indiana Jones™ and the Temple of Peril,2,OPERATING,STANDBY,20,,,queue-times.com
2026-08-03T14:01:17Z,2026-08-03,16,1,Disneyland Park,La Cabane des Robinson,1,OPERATING,STANDBY,5,,,queue-times.com
2026-08-03T14:01:17Z,2026-08-03,16,1,Disneyland Park,Le Passage Enchanté d'Aladdin,2703,OPERATING,STANDBY,0,,,queue-times.com
2026-08-03T14:01:17Z,2026-08-03,16,1,Disneyland Park,Pirate Galleon,2705,CLOSED,STANDBY,0,,,queue-times.com
2026-08-03T14:01:17Z,2026-08-03,16,1,Disneyland Park,Pirates of the Caribbean,3,OPERATING,STANDBY,20,,,queue-times.com
2026-08-03T14:01:17Z,2026-08-03,16,1,Disneyland Park,Pirates' Beach,2704,OPERATING,STANDBY,0,,,queue-times.com
2026-08-03T14:01:17Z,2026-08-03,16,1,Disneyland Park,"Autopia, presented by Avis",4,CLOSED,STANDBY,0,,,queue-times.com
2026-08-03T14:01:17Z,2026-08-03,16,1,Disneyland Park,Buzz Lightyear Laser Blast,5,CLOSED,STANDBY,0,,,queue-times.com
2026-08-03T14:01:17Z,2026-08-03,16,1,Disneyland Park,Disneyland Railroad Discoveryland Station,2706,CLOSED,STANDBY,0,,,queue-times.com
2026-08-03T14:01:17Z,2026-08-03,16,1,Disneyland Park,Les Mystères du Nautilus,6,OPERATING,STANDBY,5,,,queue-times.com
2026-08-03T14:01:17Z,2026-08-03,16,1,Disneyland Park,Mickey’s PhilharMagic,2707,OPERATING,STANDBY,0,,,queue-times.com
2026-08-03T14:01:17Z,2026-08-03,16,1,Disneyland Park,Orbitron®,7,CLOSED,STANDBY,0,,,queue-times.com
2026-08-03T14:01:17Z,2026-08-03,16,1,Disneyland Park,Star Tours: The Adventures Continue*,9,OPERATING,STANDBY,15,,,queue-times.com
2026-08-03T14:01:17Z,2026-08-03,16,1,Disneyland Park,Star Wars Hyperspace Mountain,8,OPERATING,STANDBY,45,,,queue-times.com
2026-08-03T14:01:17Z,2026-08-03,16,1,Disneyland Park,Star Wars Hyperspace Mountain Single Rider,7278,OPERATING,STANDBY,20,,,queue-times.com
2026-08-03T14:01:17Z,2026-08-03,16,1,Disneyland Park,Welcome to Starport: A Star Wars Encounter,4573,OPERATING,STANDBY,10,,,queue-times.com
2026-08-03T14:01:17Z,2026-08-03,16,1,Disneyland Park,"""it's a small world""",19,OPERATING,STANDBY,5,,,queue-times.com
2026-08-03T14:01:17Z,2026-08-03,16,1,Disneyland Park,Alice's Curious Labyrinth,14,OPERATING,STANDBY,5,,,queue-times.com
2026-08-03T14:01:17Z,2026-08-03,16,1,Disneyland Park,Blanche-Neige et les Sept Nains®,15,OPERATING,STANDBY,15,,,queue-times.com
2026-08-03T14:01:17Z,2026-08-03,16,1,Disneyland Park,Casey Jr. – le Petit Train du Cirque,17,CLOSED,STANDBY,0,,,queue-times.com
2026-08-03T14:01:17Z,2026-08-03,16,1,Disneyland Park,Disneyland Railroad Fantasyland Station,2711,CLOSED,STANDBY,0,,,queue-times.com
2026-08-03T14:01:17Z,2026-08-03,16,1,Disneyland Park,Disneyland Railroad Main Street Station,11,CLOSED,STANDBY,0,,,queue-times.com
2026-08-03T14:01:17Z,2026-08-03,16,1,Disneyland Park,Dumbo the Flying Elephant,18,CLOSED,STANDBY,0,,,queue-times.com
2026-08-03T14:01:17Z,2026-08-03,16,1,Disneyland Park,La Tanière du Dragon,2710,OPERATING,STANDBY,0,,,queue-times.com
2026-08-03T14:01:17Z,2026-08-03,16,1,Disneyland Park,Le Carrousel de Lancelot,16,OPERATING,STANDBY,10,,,queue-times.com
2026-08-03T14:01:17Z,2026-08-03,16,1,Disneyland Park,"Le Pays des Contes de Fées, presented by Vittel",21,CLOSED,STANDBY,0,,,queue-times.com
2026-08-03T14:01:17Z,2026-08-03,16,1,Disneyland Park,Les Voyages de Pinocchio,23,OPERATING,STANDBY,30,,,queue-times.com
2026-08-03T14:01:17Z,2026-08-03,16,1,Disneyland Park,Mad Hatter's Tea Cups,20,OPERATING,STANDBY,5,,,queue-times.com
2026-08-03T14:01:17Z,2026-08-03,16,1,Disneyland Park,Meet Mickey Mouse,13,OPERATING,STANDBY,0,,,queue-times.com
2026-08-03T14:01:17Z,2026-08-03,16,1,Disneyland Park,Peter Pan's Flight,22,OPERATING,STANDBY,80,,,queue-times.com
2026-08-03T14:01:17Z,2026-08-03,16,1,Disneyland Park,Princess Pavilion,24,OPERATING,STANDBY,0,,,queue-times.com
2026-08-03T14:01:17Z,2026-08-03,16,1,Disneyland Park,Big Thunder Mountain,25,OPERATING,STANDBY,55,,,queue-times.com
2026-08-03T14:01:17Z,2026-08-03,16,1,Disneyland Park,Disneyland Railroad Frontierland Depot,2714,CLOSED,STANDBY,0,,,queue-times.com
2026-08-03T14:01:17Z,2026-08-03,16,1,Disneyland Park,Frontierland Playground,2713,CLOSED,STANDBY,0,,,queue-times.com
2026-08-03T14:01:17Z,2026-08-03,16,1,Disneyland Park,Phantom Manor,26,OPERATING,STANDBY,20,,,queue-times.com
2026-08-03T14:01:17Z,2026-08-03,16,1,Disneyland Park,River Rogue Keelboats,27,CLOSED,STANDBY,0,,,queue-times.com
2026-08-03T14:01:17Z,2026-08-03,16,1,Disneyland Park,Rustler Roundup Shootin' Gallery,2712,OPERATING,STANDBY,0,,,queue-times.com
2026-08-03T14:01:17Z,2026-08-03,16,1,Disneyland Park,Thunder Mesa Riverboat Landing,28,OPERATING,STANDBY,20,,,queue-times.com
2026-08-03T14:01:17Z,2026-08-03,16,1,Disneyland Park,Disneyland Railroad Main Street Station,2708,CLOSED,STANDBY,0,,,queue-times.com
2026-08-03T14:01:17Z,2026-08-03,16,1,Disneyland Park,Main Street Vehicles,12,CLOSED,STANDBY,0,,,queue-times.com
2026-08-03T14:01:17Z,2026-08-03,16,1,Disney Adventure World,Avengers Assemble: Flight Force,10848,OPERATING,STANDBY,15,,,queue-times.com
2026-08-03T14:01:17Z,2026-08-03,16,1,Disney Adventure World,Avengers Assemble: Flight Force Single Rider,10849,OPERATING,STANDBY,10,,,queue-times.com
2026-08-03T14:01:17Z,2026-08-03,16,1,Disney Adventure World,Spider-Man W.E.B. Adventure,10845,OPERATING,STANDBY,40,,,queue-times.com
2026-08-03T14:01:17Z,2026-08-03,16,1,Disney Adventure World,Spider-Man W.E.B. Adventure Single Rider,10846,OPERATING,STANDBY,25,,,queue-times.com
2026-08-03T14:01:17Z,2026-08-03,16,1,Disney Adventure World,The Twilight Zone Tower of Terror,40,OPERATING,STANDBY,15,,,queue-times.com
2026-08-03T14:01:17Z,2026-08-03,16,1,Disney Adventure World,Cars Quatre Roues Rallye,31,OPERATING,STANDBY,20,,,queue-times.com
2026-08-03T14:01:17Z,2026-08-03,16,1,Disney Adventure World,Cars ROAD TRIP,29,OPERATING,STANDBY,10,,,queue-times.com
2026-08-03T14:01:17Z,2026-08-03,16,1,Disney Adventure World,Crush's Coaster,32,OPERATING,STANDBY,75,,,queue-times.com
2026-08-03T14:01:17Z,2026-08-03,16,1,Disney Adventure World,Crush's Coaster Single Rider,7277,OPERATING,STANDBY,50,,,queue-times.com
2026-08-03T14:01:17Z,2026-08-03,16,1,Disney Adventure World,Les Tapis Volants - Flying Carpets Over Agrabah®,33,CLOSED,STANDBY,0,,,queue-times.com
2026-08-03T14:01:17Z,2026-08-03,16,1,Disney Adventure World,Ratatouille : L’Aventure Totalement Toquée de Rémy​,37,OPERATING,STANDBY,50,,,queue-times.com
2026-08-03T14:01:17Z,2026-08-03,16,1,Disney Adventure World,Ratatouille: The Adventure Single Rider,7279,OPERATING,STANDBY,30,,,queue-times.com
2026-08-03T14:01:17Z,2026-08-03,16,1,Disney Adventure World,RC Racer,34,OPERATING,STANDBY,35,,,queue-times.com
2026-08-03T14:01:17Z,2026-08-03,16,1,Disney Adventure World,RC Racer Single Rider,7280,OPERATING,STANDBY,30,,,queue-times.com
2026-08-03T14:01:17Z,2026-08-03,16,1,Disney Adventure World,Slinky® Dog Zigzag Spin,36,CLOSED,STANDBY,0,,,queue-times.com
2026-08-03T14:01:17Z,2026-08-03,16,1,Disney Adventure World,Toy Soldiers Parachute Drop,35,OPERATING,STANDBY,50,,,queue-times.com
2026-08-03T14:01:17Z,2026-08-03,16,1,Disney Adventure World,Toy Soldiers Parachute Drop Single Rider,7281,OPERATING,STANDBY,10,,,queue-times.com
2026-08-03T14:01:17Z,2026-08-03,16,1,Disney Adventure World,Entry to World of Frozen,16247,OPERATING,STANDBY,0,,,queue-times.com
2026-08-03T14:01:17Z,2026-08-03,16,1,Disney Adventure World,Frozen Ever After,15413,OPERATING,STANDBY,45,,,queue-times.com
2026-08-03T14:01:17Z,2026-08-03,16,1,Disney Adventure World,Raiponce Tangled Spin,15415,OPERATING,STANDBY,5,,,queue-times.com
2026-08-03T14:16:12Z,2026-08-03,16,16,Disneyland Park,Adventure Isle,2702,OPERATING,STANDBY,0,,,queue-times.com
2026-08-03T14:16:12Z,2026-08-03,16,16,Disneyland Park,Indiana Jones and the Temple of Peril Single Rider,7306,OPERATING,STANDBY,5,,,queue-times.com
2026-08-03T14:16:12Z,2026-08-03,16,16,Disneyland Park,Indiana Jones™ and the Temple of Peril,2,OPERATING,STANDBY,20,,,queue-times.com
2026-08-03T14:16:12Z,2026-08-03,16,16,Disneyland Park,La Cabane des Robinson,1,OPERATING,STANDBY,5,,,queue-times.com
2026-08-03T14:16:12Z,2026-08-03,16,16,Disneyland Park,Le Passage Enchanté d'Aladdin,2703,OPERATING,STANDBY,0,,,queue-times.com
2026-08-03T14:16:12Z,2026-08-03,16,16,Disneyland Park,Pirate Galleon,2705,CLOSED,STANDBY,0,,,queue-times.com
2026-08-03T14:16:12Z,2026-08-03,16,16,Disneyland Park,Pirates of the Caribbean,3,OPERATING,STANDBY,20,,,queue-times.com
2026-08-03T14:16:12Z,2026-08-03,16,16,Disneyland Park,Pirates' Beach,2704,OPERATING,STANDBY,0,,,queue-times.com
2026-08-03T14:16:12Z,2026-08-03,16,16,Disneyland Park,"Autopia, presented by Avis",4,CLOSED,STANDBY,0,,,queue-times.com
2026-08-03T14:16:12Z,2026-08-03,16,16,Disneyland Park,Buzz Lightyear Laser Blast,5,OPERATING,STANDBY,45,,,queue-times.com
2026-08-03T14:16:12Z,2026-08-03,16,16,Disneyland Park,Disneyland Railroad Discoveryland Station,2706,CLOSED,STANDBY,0,,,queue-times.com
2026-08-03T14:16:12Z,2026-08-03,16,16,Disneyland Park,Les Mystères du Nautilus,6,OPERATING,STANDBY,5,,,queue-times.com
2026-08-03T14:16:12Z,2026-08-03,16,16,Disneyland Park,Mickey’s PhilharMagic,2707,OPERATING,STANDBY,0,,,queue-times.com
2026-08-03T14:16:12Z,2026-08-03,16,16,Disneyland Park,Orbitron®,7,CLOSED,STANDBY,0,,,queue-times.com
2026-08-03T14:16:12Z,2026-08-03,16,16,Disneyland Park,Star Tours: The Adventures Continue*,9,OPERATING,STANDBY,5,,,queue-times.com
2026-08-03T14:16:12Z,2026-08-03,16,16,Disneyland Park,Star Wars Hyperspace Mountain,8,OPERATING,STANDBY,40,,,queue-times.com
2026-08-03T14:16:12Z,2026-08-03,16,16,Disneyland Park,Star Wars Hyperspace Mountain Single Rider,7278,OPERATING,STANDBY,30,,,queue-times.com
2026-08-03T14:16:12Z,2026-08-03,16,16,Disneyland Park,Welcome to Starport: A Star Wars Encounter,4573,OPERATING,STANDBY,10,,,queue-times.com
2026-08-03T14:16:12Z,2026-08-03,16,16,Disneyland Park,"""it's a small world""",19,OPERATING,STANDBY,5,,,queue-times.com
2026-08-03T14:16:12Z,2026-08-03,16,16,Disneyland Park,Alice's Curious Labyrinth,14,OPERATING,STANDBY,5,,,queue-times.com
2026-08-03T14:16:12Z,2026-08-03,16,16,Disneyland Park,Blanche-Neige et les Sept Nains®,15,OPERATING,STANDBY,15,,,queue-times.com
2026-08-03T14:16:12Z,2026-08-03,16,16,Disneyland Park,Casey Jr. – le Petit Train du Cirque,17,CLOSED,STANDBY,0,,,queue-times.com
2026-08-03T14:16:12Z,2026-08-03,16,16,Disneyland Park,Disneyland Railroad Fantasyland Station,2711,CLOSED,STANDBY,0,,,queue-times.com
2026-08-03T14:16:12Z,2026-08-03,16,16,Disneyland Park,Disneyland Railroad Main Street Station,11,CLOSED,STANDBY,0,,,queue-times.com
2026-08-03T14:16:12Z,2026-08-03,16,16,Disneyland Park,Dumbo the Flying Elephant,18,CLOSED,STANDBY,0,,,queue-times.com
2026-08-03T14:16:12Z,2026-08-03,16,16,Disneyland Park,La Tanière du Dragon,2710,OPERATING,STANDBY,0,,,queue-times.com
2026-08-03T14:16:12Z,2026-08-03,16,16,Disneyland Park,Le Carrousel de Lancelot,16,OPERATING,STANDBY,10,,,queue-times.com
2026-08-03T14:16:12Z,2026-08-03,16,16,Disneyland Park,"Le Pays des Contes de Fées, presented by Vittel",21,CLOSED,STANDBY,0,,,queue-times.com
2026-08-03T14:16:12Z,2026-08-03,16,16,Disneyland Park,Les Voyages de Pinocchio,23,OPERATING,STANDBY,30,,,queue-times.com
2026-08-03T14:16:12Z,2026-08-03,16,16,Disneyland Park,Mad Hatter's Tea Cups,20,OPERATING,STANDBY,5,,,queue-times.com
2026-08-03T14:16:12Z,2026-08-03,16,16,Disneyland Park,Meet Mickey Mouse,13,OPERATING,STANDBY,0,,,queue-times.com
2026-08-03T14:16:12Z,2026-08-03,16,16,Disneyland Park,Peter Pan's Flight,22,OPERATING,STANDBY,80,,,queue-times.com
2026-08-03T14:16:12Z,2026-08-03,16,16,Disneyland Park,Princess Pavilion,24,OPERATING,STANDBY,0,,,queue-times.com
2026-08-03T14:16:12Z,2026-08-03,16,16,Disneyland Park,Big Thunder Mountain,25,OPERATING,STANDBY,60,,,queue-times.com
2026-08-03T14:16:12Z,2026-08-03,16,16,Disneyland Park,Disneyland Railroad Frontierland Depot,2714,CLOSED,STANDBY,0,,,queue-times.com
2026-08-03T14:16:12Z,2026-08-03,16,16,Disneyland Park,Frontierland Playground,2713,CLOSED,STANDBY,0,,,queue-times.com
2026-08-03T14:16:12Z,2026-08-03,16,16,Disneyland Park,Phantom Manor,26,OPERATING,STANDBY,20,,,queue-times.com
2026-08-03T14:16:12Z,2026-08-03,16,16,Disneyland Park,River Rogue Keelboats,27,CLOSED,STANDBY,0,,,queue-times.com
2026-08-03T14:16:12Z,2026-08-03,16,16,Disneyland Park,Rustler Roundup Shootin' Gallery,2712,OPERATING,STANDBY,0,,,queue-times.com
2026-08-03T14:16:12Z,2026-08-03,16,16,Disneyland Park,Thunder Mesa Riverboat Landing,28,OPERATING,STANDBY,20,,,queue-times.com
2026-08-03T14:16:12Z,2026-08-03,16,16,Disneyland Park,Disneyland Railroad Main Street Station,2708,CLOSED,STANDBY,0,,,queue-times.com
2026-08-03T14:16:12Z,2026-08-03,16,16,Disneyland Park,Main Street Vehicles,12,CLOSED,STANDBY,0,,,queue-times.com
2026-08-03T14:16:12Z,2026-08-03,16,16,Disney Adventure World,Avengers Assemble: Flight Force,10848,CLOSED,STANDBY,0,,,queue-times.com
2026-08-03T14:16:12Z,2026-08-03,16,16,Disney Adventure World,Avengers Assemble: Flight Force Single Rider,10849,CLOSED,STANDBY,0,,,queue-times.com
2026-08-03T14:16:12Z,2026-08-03,16,16,Disney Adventure World,Spider-Man W.E.B. Adventure,10845,OPERATING,STANDBY,50,,,queue-times.com
2026-08-03T14:16:12Z,2026-08-03,16,16,Disney Adventure World,Spider-Man W.E.B. Adventure Single Rider,10846,OPERATING,STANDBY,20,,,queue-times.com
2026-08-03T14:16:12Z,2026-08-03,16,16,Disney Adventure World,The Twilight Zone Tower of Terror,40,OPERATING,STANDBY,20,,,queue-times.com
2026-08-03T14:16:12Z,2026-08-03,16,16,Disney Adventure World,Cars Quatre Roues Rallye,31,OPERATING,STANDBY,10,,,queue-times.com
2026-08-03T14:16:12Z,2026-08-03,16,16,Disney Adventure World,Cars ROAD TRIP,29,OPERATING,STANDBY,15,,,queue-times.com
2026-08-03T14:16:12Z,2026-08-03,16,16,Disney Adventure World,Crush's Coaster,32,OPERATING,STANDBY,70,,,queue-times.com
2026-08-03T14:16:12Z,2026-08-03,16,16,Disney Adventure World,Crush's Coaster Single Rider,7277,OPERATING,STANDBY,55,,,queue-times.com
2026-08-03T14:16:12Z,2026-08-03,16,16,Disney Adventure World,Les Tapis Volants - Flying Carpets Over Agrabah®,33,CLOSED,STANDBY,0,,,queue-times.com
2026-08-03T14:16:12Z,2026-08-03,16,16,Disney Adventure World,Ratatouille : L’Aventure Totalement Toquée de Rémy​,37,OPERATING,STANDBY,45,,,queue-times.com
2026-08-03T14:16:12Z,2026-08-03,16,16,Disney Adventure World,Ratatouille: The Adventure Single Rider,7279,OPERATING,STANDBY,25,,,queue-times.com
2026-08-03T14:16:12Z,2026-08-03,16,16,Disney Adventure World,RC Racer,34,OPERATING,STANDBY,50,,,queue-times.com
2026-08-03T14:16:12Z,2026-08-03,16,16,Disney Adventure World,RC Racer Single Rider,7280,OPERATING,STANDBY,45,,,queue-times.com
2026-08-03T14:16:12Z,2026-08-03,16,16,Disney Adventure World,Slinky® Dog Zigzag Spin,36,CLOSED,STANDBY,0,,,queue-times.com
2026-08-03T14:16:12Z,2026-08-03,16,16,Disney Adventure World,Toy Soldiers Parachute Drop,35,OPERATING,STANDBY,40,,,queue-times.com
2026-08-03T14:16:12Z,2026-08-03,16,16,Disney Adventure World,Toy Soldiers Parachute Drop Single Rider,7281,OPERATING,STANDBY,10,,,queue-times.com
2026-08-03T14:16:12Z,2026-08-03,16,16,Disney Adventure World,Entry to World of Frozen,16247,OPERATING,STANDBY,0,,,queue-times.com
2026-08-03T14:16:12Z,2026-08-03,16,16,Disney Adventure World,Frozen Ever After,15413,OPERATING,STANDBY,50,,,queue-times.com
2026-08-03T14:16:12Z,2026-08-03,16,16,Disney Adventure World,Raiponce Tangled Spin,15415,OPERATING,STANDBY,5,,,queue-times.com
2026-08-03T14:31:07Z,2026-08-03,16,31,Disneyland Park,Adventure Isle,2702,OPERATING,STANDBY,0,,,queue-times.com
2026-08-03T14:31:07Z,2026-08-03,16,31,Disneyland Park,Indiana Jones and the Temple of Peril Single Rider,7306,OPERATING,STANDBY,5,,,queue-times.com
2026-08-03T14:31:07Z,2026-08-03,16,31,Disneyland Park,Indiana Jones™ and the Temple of Peril,2,OPERATING,STANDBY,30,,,queue-times.com
2026-08-03T14:31:07Z,2026-08-03,16,31,Disneyland Park,La Cabane des Robinson,1,OPERATING,STANDBY,5,,,queue-times.com
2026-08-03T14:31:07Z,2026-08-03,16,31,Disneyland Park,Le Passage Enchanté d'Aladdin,2703,OPERATING,STANDBY,0,,,queue-times.com
2026-08-03T14:31:07Z,2026-08-03,16,31,Disneyland Park,Pirate Galleon,2705,CLOSED,STANDBY,0,,,queue-times.com
2026-08-03T14:31:07Z,2026-08-03,16,31,Disneyland Park,Pirates of the Caribbean,3,OPERATING,STANDBY,15,,,queue-times.com
2026-08-03T14:31:07Z,2026-08-03,16,31,Disneyland Park,Pirates' Beach,2704,OPERATING,STANDBY,0,,,queue-times.com
2026-08-03T14:31:07Z,2026-08-03,16,31,Disneyland Park,"Autopia, presented by Avis",4,CLOSED,STANDBY,0,,,queue-times.com
2026-08-03T14:31:07Z,2026-08-03,16,31,Disneyland Park,Buzz Lightyear Laser Blast,5,OPERATING,STANDBY,45,,,queue-times.com
2026-08-03T14:31:07Z,2026-08-03,16,31,Disneyland Park,Disneyland Railroad Discoveryland Station,2706,CLOSED,STANDBY,0,,,queue-times.com
2026-08-03T14:31:07Z,2026-08-03,16,31,Disneyland Park,Les Mystères du Nautilus,6,OPERATING,STANDBY,5,,,queue-times.com
2026-08-03T14:31:07Z,2026-08-03,16,31,Disneyland Park,Mickey’s PhilharMagic,2707,OPERATING,STANDBY,0,,,queue-times.com
2026-08-03T14:31:07Z,2026-08-03,16,31,Disneyland Park,Orbitron®,7,CLOSED,STANDBY,0,,,queue-times.com
2026-08-03T14:31:07Z,2026-08-03,16,31,Disneyland Park,Star Tours: The Adventures Continue*,9,OPERATING,STANDBY,5,,,queue-times.com
2026-08-03T14:31:07Z,2026-08-03,16,31,Disneyland Park,Star Wars Hyperspace Mountain,8,OPERATING,STANDBY,25,,,queue-times.com
2026-08-03T14:31:07Z,2026-08-03,16,31,Disneyland Park,Star Wars Hyperspace Mountain Single Rider,7278,OPERATING,STANDBY,20,,,queue-times.com
2026-08-03T14:31:07Z,2026-08-03,16,31,Disneyland Park,Welcome to Starport: A Star Wars Encounter,4573,OPERATING,STANDBY,30,,,queue-times.com
2026-08-03T14:31:07Z,2026-08-03,16,31,Disneyland Park,"""it's a small world""",19,OPERATING,STANDBY,5,,,queue-times.com
2026-08-03T14:31:07Z,2026-08-03,16,31,Disneyland Park,Alice's Curious Labyrinth,14,OPERATING,STANDBY,5,,,queue-times.com
2026-08-03T14:31:07Z,2026-08-03,16,31,Disneyland Park,Blanche-Neige et les Sept Nains®,15,OPERATING,STANDBY,30,,,queue-times.com
2026-08-03T14:31:07Z,2026-08-03,16,31,Disneyland Park,Casey Jr. – le Petit Train du Cirque,17,CLOSED,STANDBY,0,,,queue-times.com
2026-08-03T14:31:07Z,2026-08-03,16,31,Disneyland Park,Disneyland Railroad Fantasyland Station,2711,CLOSED,STANDBY,0,,,queue-times.com
2026-08-03T14:31:07Z,2026-08-03,16,31,Disneyland Park,Disneyland Railroad Main Street Station,11,CLOSED,STANDBY,0,,,queue-times.com
2026-08-03T14:31:07Z,2026-08-03,16,31,Disneyland Park,Dumbo the Flying Elephant,18,CLOSED,STANDBY,0,,,queue-times.com
2026-08-03T14:31:07Z,2026-08-03,16,31,Disneyland Park,La Tanière du Dragon,2710,OPERATING,STANDBY,0,,,queue-times.com
2026-08-03T14:31:07Z,2026-08-03,16,31,Disneyland Park,Le Carrousel de Lancelot,16,OPERATING,STANDBY,10,,,queue-times.com
2026-08-03T14:31:07Z,2026-08-03,16,31,Disneyland Park,"Le Pays des Contes de Fées, presented by Vittel",21,CLOSED,STANDBY,0,,,queue-times.com
2026-08-03T14:31:07Z,2026-08-03,16,31,Disneyland Park,Les Voyages de Pinocchio,23,OPERATING,STANDBY,30,,,queue-times.com
2026-08-03T14:31:07Z,2026-08-03,16,31,Disneyland Park,Mad Hatter's Tea Cups,20,OPERATING,STANDBY,5,,,queue-times.com
2026-08-03T14:31:07Z,2026-08-03,16,31,Disneyland Park,Meet Mickey Mouse,13,OPERATING,STANDBY,0,,,queue-times.com
2026-08-03T14:31:07Z,2026-08-03,16,31,Disneyland Park,Peter Pan's Flight,22,OPERATING,STANDBY,80,,,queue-times.com
2026-08-03T14:31:07Z,2026-08-03,16,31,Disneyland Park,Princess Pavilion,24,OPERATING,STANDBY,0,,,queue-times.com
2026-08-03T14:31:07Z,2026-08-03,16,31,Disneyland Park,Big Thunder Mountain,25,OPERATING,STANDBY,50,,,queue-times.com
2026-08-03T14:31:07Z,2026-08-03,16,31,Disneyland Park,Disneyland Railroad Frontierland Depot,2714,CLOSED,STANDBY,0,,,queue-times.com
2026-08-03T14:31:07Z,2026-08-03,16,31,Disneyland Park,Frontierland Playground,2713,CLOSED,STANDBY,0,,,queue-times.com
2026-08-03T14:31:07Z,2026-08-03,16,31,Disneyland Park,Phantom Manor,26,OPERATING,STANDBY,20,,,queue-times.com
2026-08-03T14:31:07Z,2026-08-03,16,31,Disneyland Park,River Rogue Keelboats,27,CLOSED,STANDBY,0,,,queue-times.com
2026-08-03T14:31:07Z,2026-08-03,16,31,Disneyland Park,Rustler Roundup Shootin' Gallery,2712,OPERATING,STANDBY,0,,,queue-times.com
2026-08-03T14:31:07Z,2026-08-03,16,31,Disneyland Park,Thunder Mesa Riverboat Landing,28,OPERATING,STANDBY,20,,,queue-times.com
2026-08-03T14:31:07Z,2026-08-03,16,31,Disneyland Park,Disneyland Railroad Main Street Station,2708,CLOSED,STANDBY,0,,,queue-times.com
2026-08-03T14:31:07Z,2026-08-03,16,31,Disneyland Park,Main Street Vehicles,12,CLOSED,STANDBY,0,,,queue-times.com
2026-08-03T14:31:07Z,2026-08-03,16,31,Disney Adventure World,Avengers Assemble: Flight Force,10848,CLOSED,STANDBY,0,,,queue-times.com
2026-08-03T14:31:07Z,2026-08-03,16,31,Disney Adventure World,Avengers Assemble: Flight Force Single Rider,10849,CLOSED,STANDBY,0,,,queue-times.com
2026-08-03T14:31:07Z,2026-08-03,16,31,Disney Adventure World,Spider-Man W.E.B. Adventure,10845,OPERATING,STANDBY,40,,,queue-times.com
2026-08-03T14:31:07Z,2026-08-03,16,31,Disney Adventure World,Spider-Man W.E.B. Adventure Single Rider,10846,OPERATING,STANDBY,30,,,queue-times.com
2026-08-03T14:31:07Z,2026-08-03,16,31,Disney Adventure World,The Twilight Zone Tower of Terror,40,OPERATING,STANDBY,30,,,queue-times.com
2026-08-03T14:31:07Z,2026-08-03,16,31,Disney Adventure World,Cars Quatre Roues Rallye,31,OPERATING,STANDBY,10,,,queue-times.com
2026-08-03T14:31:07Z,2026-08-03,16,31,Disney Adventure World,Cars ROAD TRIP,29,OPERATING,STANDBY,15,,,queue-times.com
2026-08-03T14:31:07Z,2026-08-03,16,31,Disney Adventure World,Crush's Coaster,32,OPERATING,STANDBY,75,,,queue-times.com
2026-08-03T14:31:07Z,2026-08-03,16,31,Disney Adventure World,Crush's Coaster Single Rider,7277,OPERATING,STANDBY,60,,,queue-times.com
2026-08-03T14:31:07Z,2026-08-03,16,31,Disney Adventure World,Les Tapis Volants - Flying Carpets Over Agrabah®,33,CLOSED,STANDBY,0,,,queue-times.com
2026-08-03T14:31:07Z,2026-08-03,16,31,Disney Adventure World,Ratatouille : L’Aventure Totalement Toquée de Rémy​,37,OPERATING,STANDBY,50,,,queue-times.com
2026-08-03T14:31:07Z,2026-08-03,16,31,Disney Adventure World,Ratatouille: The Adventure Single Rider,7279,OPERATING,STANDBY,15,,,queue-times.com
2026-08-03T14:31:07Z,2026-08-03,16,31,Disney Adventure World,RC Racer,34,OPERATING,STANDBY,35,,,queue-times.com
2026-08-03T14:31:07Z,2026-08-03,16,31,Disney Adventure World,RC Racer Single Rider,7280,OPERATING,STANDBY,30,,,queue-times.com
2026-08-03T14:31:07Z,2026-08-03,16,31,Disney Adventure World,Slinky® Dog Zigzag Spin,36,CLOSED,STANDBY,0,,,queue-times.com
2026-08-03T14:31:07Z,2026-08-03,16,31,Disney Adventure World,Toy Soldiers Parachute Drop,35,OPERATING,STANDBY,35,,,queue-times.com
2026-08-03T14:31:07Z,2026-08-03,16,31,Disney Adventure World,Toy Soldiers Parachute Drop Single Rider,7281,OPERATING,STANDBY,15,,,queue-times.com
2026-08-03T14:31:07Z,2026-08-03,16,31,Disney Adventure World,Entry to World of Frozen,16247,OPERATING,STANDBY,0,,,queue-times.com
2026-08-03T14:31:07Z,2026-08-03,16,31,Disney Adventure World,Frozen Ever After,15413,OPERATING,STANDBY,50,,,queue-times.com
2026-08-03T14:31:07Z,2026-08-03,16,31,Disney Adventure World,Raiponce Tangled Spin,15415,OPERATING,STANDBY,5,,,queue-times.com
