timestamp_utc,fecha,hora,minuto,parque,atraccion,atraccion_id,estado,tipo_cola,espera_min,hora_retorno,precio,fuente
2026-08-09T22:01:17Z,2026-08-10,0,1,Disneyland Park,Adventure Isle,2702,CLOSED,STANDBY,0,,,queue-times.com
2026-08-09T22:01:17Z,2026-08-10,0,1,Disneyland Park,Indiana Jones and the Temple of Peril Single Rider,7306,CLOSED,STANDBY,0,,,queue-times.com
2026-08-09T22:01:17Z,2026-08-10,0,1,Disneyland Park,Indiana Jones™ and the Temple of Peril,2,CLOSED,STANDBY,0,,,queue-times.com
2026-08-09T22:01:17Z,2026-08-10,0,1,Disneyland Park,La Cabane des Robinson,1,CLOSED,STANDBY,0,,,queue-times.com
2026-08-09T22:01:17Z,2026-08-10,0,1,Disneyland Park,Le Passage Enchanté d'Aladdin,2703,CLOSED,STANDBY,0,,,queue-times.com
2026-08-09T22:01:17Z,2026-08-10,0,1,Disneyland Park,Pirate Galleon,2705,CLOSED,STANDBY,0,,,queue-times.com
2026-08-09T22:01:17Z,2026-08-10,0,1,Disneyland Park,Pirates of the Caribbean,3,CLOSED,STANDBY,0,,,queue-times.com
2026-08-09T22:01:17Z,2026-08-10,0,1,Disneyland Park,Pirates' Beach,2704,CLOSED,STANDBY,0,,,queue-times.com
2026-08-09T22:01:17Z,2026-08-10,0,1,Disneyland Park,"Autopia, presented by Avis",4,CLOSED,STANDBY,0,,,queue-times.com
2026-08-09T22:01:17Z,2026-08-10,0,1,Disneyland Park,Buzz Lightyear Laser Blast,5,CLOSED,STANDBY,0,,,queue-times.com
2026-08-09T22:01:17Z,2026-08-10,0,1,Disneyland Park,Disneyland Railroad Discoveryland Station,2706,CLOSED,STANDBY,0,,,queue-times.com
2026-08-09T22:01:17Z,2026-08-10,0,1,Disneyland Park,Les Mystères du Nautilus,6,CLOSED,STANDBY,0,,,queue-times.com
2026-08-09T22:01:17Z,2026-08-10,0,1,Disneyland Park,Mickey’s PhilharMagic,2707,CLOSED,STANDBY,0,,,queue-times.com
2026-08-09T22:01:17Z,2026-08-10,0,1,Disneyland Park,Orbitron®,7,CLOSED,STANDBY,0,,,queue-times.com
2026-08-09T22:01:17Z,2026-08-10,0,1,Disneyland Park,Star Tours: The Adventures Continue*,9,CLOSED,STANDBY,0,,,queue-times.com
2026-08-09T22:01:17Z,2026-08-10,0,1,Disneyland Park,Star Wars Hyperspace Mountain,8,CLOSED,STANDBY,0,,,queue-times.com
2026-08-09T22:01:17Z,2026-08-10,0,1,Disneyland Park,Star Wars Hyperspace Mountain Single Rider,7278,CLOSED,STANDBY,0,,,queue-times.com
2026-08-09T22:01:17Z,2026-08-10,0,1,Disneyland Park,Welcome to Starport: A Star Wars Encounter,4573,CLOSED,STANDBY,0,,,queue-times.com
2026-08-09T22:01:17Z,2026-08-10,0,1,Disneyland Park,"""it's a small world""",19,CLOSED,STANDBY,0,,,queue-times.com
2026-08-09T22:01:17Z,2026-08-10,0,1,Disneyland Park,Alice's Curious Labyrinth,14,CLOSED,STANDBY,0,,,queue-times.com
2026-08-09T22:01:17Z,2026-08-10,0,1,Disneyland Park,Blanche-Neige et les Sept Nains®,15,CLOSED,STANDBY,0,,,queue-times.com
2026-08-09T22:01:17Z,2026-08-10,0,1,Disneyland Park,Casey Jr. – le Petit Train du Cirque,17,CLOSED,STANDBY,0,,,queue-times.com
2026-08-09T22:01:17Z,2026-08-10,0,1,Disneyland Park,Disneyland Railroad Fantasyland Station,2711,CLOSED,STANDBY,0,,,queue-times.com
2026-08-09T22:01:17Z,2026-08-10,0,1,Disneyland Park,Disneyland Railroad Main Street Station,11,CLOSED,STANDBY,0,,,queue-times.com
2026-08-09T22:01:17Z,2026-08-10,0,1,Disneyland Park,Dumbo the Flying Elephant,18,CLOSED,STANDBY,0,,,queue-times.com
2026-08-09T22:01:17Z,2026-08-10,0,1,Disneyland Park,La Tanière du Dragon,2710,CLOSED,STANDBY,0,,,queue-times.com
2026-08-09T22:01:17Z,2026-08-10,0,1,Disneyland Park,Le Carrousel de Lancelot,16,CLOSED,STANDBY,0,,,queue-times.com
2026-08-09T22:01:17Z,2026-08-10,0,1,Disneyland Park,"Le Pays des Contes de Fées, presented by Vittel",21,CLOSED,STANDBY,0,,,queue-times.com
2026-08-09T22:01:17Z,2026-08-10,0,1,Disneyland Park,Les Voyages de Pinocchio,23,CLOSED,STANDBY,0,,,queue-times.com
2026-08-09T22:01:17Z,2026-08-10,0,1,Disneyland Park,Mad Hatter's Tea Cups,20,CLOSED,STANDBY,0,,,queue-times.com
2026-08-09T22:01:17Z,2026-08-10,0,1,Disneyland Park,Meet Mickey Mouse,13,CLOSED,STANDBY,0,,,queue-times.com
2026-08-09T22:01:17Z,2026-08-10,0,1,Disneyland Park,Peter Pan's Flight,22,CLOSED,STANDBY,0,,,queue-times.com
2026-08-09T22:01:17Z,2026-08-10,0,1,Disneyland Park,Princess Pavilion,24,CLOSED,STANDBY,0,,,queue-times.com
2026-08-09T22:01:17Z,2026-08-10,0,1,Disneyland Park,Big Thunder Mountain,25,CLOSED,STANDBY,0,,,queue-times.com
2026-08-09T22:01:17Z,2026-08-10,0,1,Disneyland Park,Disneyland Railroad Frontierland Depot,2714,CLOSED,STANDBY,0,,,queue-times.com
2026-08-09T22:01:17Z,2026-08-10,0,1,Disneyland Park,Frontierland Playground,2713,CLOSED,STANDBY,0,,,queue-times.com
2026-08-09T22:01:17Z,2026-08-10,0,1,Disneyland Park,Phantom Manor,26,CLOSED,STANDBY,0,,,queue-times.com
2026-08-09T22:01:17Z,2026-08-10,0,1,Disneyland Park,River Rogue Keelboats,27,CLOSED,STANDBY,0,,,queue-times.com
2026-08-09T22:01:17Z,2026-08-10,0,1,Disneyland Park,Rustler Roundup Shootin' Gallery,2712,CLOSED,STANDBY,0,,,queue-times.com
2026-08-09T22:01:17Z,2026-08-10,0,1,Disneyland Park,Thunder Mesa Riverboat Landing,28,CLOSED,STANDBY,0,,,queue-times.com
2026-08-09T22:01:17Z,2026-08-10,0,1,Disneyland Park,Disneyland Railroad Main Street Station,2708,CLOSED,STANDBY,0,,,queue-times.com
2026-08-09T22:01:17Z,2026-08-10,0,1,Disneyland Park,Main Street Vehicles,12,CLOSED,STANDBY,0,,,queue-times.com
2026-08-09T22:01:17Z,2026-08-10,0,1,Disney Adventure World,Avengers Assemble: Flight Force,10848,CLOSED,STANDBY,0,,,queue-times.com
2026-08-09T22:01:17Z,2026-08-10,0,1,Disney Adventure World,Avengers Assemble: Flight Force Single Rider,10849,CLOSED,STANDBY,0,,,queue-times.com
2026-08-09T22:01:17Z,2026-08-10,0,1,Disney Adventure World,Spider-Man W.E.B. Adventure,10845,CLOSED,STANDBY,0,,,queue-times.com
2026-08-09T22:01:17Z,2026-08-10,0,1,Disney Adventure World,Spider-Man W.E.B. Adventure Single Rider,10846,CLOSED,STANDBY,0,,,queue-times.com
2026-08-09T22:01:17Z,2026-08-10,0,1,Disney Adventure World,The Twilight Zone Tower of Terror,40,CLOSED,STANDBY,0,,,queue-times.com
2026-08-09T22:01:17Z,2026-08-10,0,1,Disney Adventure World,Cars Quatre Roues Rallye,31,CLOSED,STANDBY,0,,,queue-times.com
2026-08-09T22:01:17Z,2026-08-10,0,1,Disney Adventure World,Cars ROAD TRIP,29,CLOSED,STANDBY,0,,,queue-times.com
2026-08-09T22:01:17Z,2026-08-10,0,1,Disney Adventure World,Crush's Coaster,32,CLOSED,STANDBY,0,,,queue-times.com
2026-08-09T22:01:17Z,2026-08-10,0,1,Disney Adventure World,Crush's Coaster Single Rider,7277,CLOSED,STANDBY,0,,,queue-times.com
2026-08-09T22:01:17Z,2026-08-10,0,1,Disney Adventure World,Les Tapis Volants - Flying Carpets Over Agrabah®,33,CLOSED,STANDBY,0,,,queue-times.com
2026-08-09T22:01:17Z,2026-08-10,0,1,Disney Adventure World,Ratatouille : L’Aventure Totalement Toquée de Rémy​,37,CLOSED,STANDBY,0,,,queue-times.com
2026-08-09T22:01:17Z,2026-08-10,0,1,Disney Adventure World,Ratatouille: The Adventure Single Rider,7279,CLOSED,STANDBY,0,,,queue-times.com
2026-08-09T22:01:17Z,2026-08-10,0,1,Disney Adventure World,RC Racer,34,CLOSED,STANDBY,0,,,queue-times.com
2026-08-09T22:01:17Z,2026-08-10,0,1,Disney Adventure World,RC Racer Single Rider,7280,CLOSED,STANDBY,0,,,queue-times.com
2026-08-09T22:01:17Z,2026-08-10,0,1,Disney Adventure World,Slinky® Dog Zigzag Spin,36,CLOSED,STANDBY,0,,,queue-times.com
2026-08-09T22:01:17Z,2026-08-10,0,1,Disney Adventure World,Toy Soldiers Parachute Drop,35,CLOSED,STANDBY,0,,,queue-times.com
2026-08-09T22:01:17Z,2026-08-10,0,1,Disney Adventure World,Toy Soldiers Parachute Drop Single Rider,7281,CLOSED,STANDBY,0,,,queue-times.com
2026-08-09T22:01:17Z,2026-08-10,0,1,Disney Adventure World,Entry to World of Frozen,16247,CLOSED,STANDBY,0,,,queue-times.com
2026-08-09T22:01:17Z,2026-08-10,0,1,Disney Adventure World,Frozen Ever After,15413,CLOSED,STANDBY,0,,,queue-times.com
2026-08-09T22:01:17Z,2026-08-10,0,1,Disney Adventure World,Raiponce Tangled Spin,15415,CLOSED,STANDBY,0,,,queue-times.com
2026-08-09T22:13:50Z,2026-08-10,0,13,Disneyland Park,Adventure Isle,2702,CLOSED,STANDBY,0,,,queue-times.com
2026-08-09T22:13:50Z,2026-08-10,0,13,Disneyland Park,Indiana Jones and the Temple of Peril Single Rider,7306,CLOSED,STANDBY,0,,,queue-times.com
2026-08-09T22:13:50Z,2026-08-10,0,13,Disneyland Park,Indiana Jones™ and the Temple of Peril,2,CLOSED,STANDBY,0,,,queue-times.com
2026-08-09T22:13:50Z,2026-08-10,0,13,Disneyland Park,La Cabane des Robinson,1,CLOSED,STANDBY,0,,,queue-times.com
2026-08-09T22:13:50Z,2026-08-10,0,13,Disneyland Park,Le Passage Enchanté d'Aladdin,2703,CLOSED,STANDBY,0,,,queue-times.com
2026-08-09T22:13:50Z,2026-08-10,0,13,Disneyland Park,Pirate Galleon,2705,CLOSED,STANDBY,0,,,queue-times.com
2026-08-09T22:13:50Z,2026-08-10,0,13,Disneyland Park,Pirates of the Caribbean,3,CLOSED,STANDBY,0,,,queue-times.com
2026-08-09T22:13:50Z,2026-08-10,0,13,Disneyland Park,Pirates' Beach,2704,CLOSED,STANDBY,0,,,queue-times.com
2026-08-09T22:13:50Z,2026-08-10,0,13,Disneyland Park,"Autopia, presented by Avis",4,CLOSED,STANDBY,0,,,queue-times.com
2026-08-09T22:13:50Z,2026-08-10,0,13,Disneyland Park,Buzz Lightyear Laser Blast,5,CLOSED,STANDBY,0,,,queue-times.com
2026-08-09T22:13:50Z,2026-08-10,0,13,Disneyland Park,Disneyland Railroad Discoveryland Station,2706,CLOSED,STANDBY,0,,,queue-times.com
2026-08-09T22:13:50Z,2026-08-10,0,13,Disneyland Park,Les Mystères du Nautilus,6,CLOSED,STANDBY,0,,,queue-times.com
2026-08-09T22:13:50Z,2026-08-10,0,13,Disneyland Park,Mickey’s PhilharMagic,2707,CLOSED,STANDBY,0,,,queue-times.com
2026-08-09T22:13:50Z,2026-08-10,0,13,Disneyland Park,Orbitron®,7,CLOSED,STANDBY,0,,,queue-times.com
2026-08-09T22:13:50Z,2026-08-10,0,13,Disneyland Park,Star Tours: The Adventures Continue*,9,CLOSED,STANDBY,0,,,queue-times.com
2026-08-09T22:13:50Z,2026-08-10,0,13,Disneyland Park,Star Wars Hyperspace Mountain,8,CLOSED,STANDBY,0,,,queue-times.com
2026-08-09T22:13:50Z,2026-08-10,0,13,Disneyland Park,Star Wars Hyperspace Mountain Single Rider,7278,CLOSED,STANDBY,0,,,queue-times.com
2026-08-09T22:13:50Z,2026-08-10,0,13,Disneyland Park,Welcome to Starport: A Star Wars Encounter,4573,CLOSED,STANDBY,0,,,queue-times.com
2026-08-09T22:13:50Z,2026-08-10,0,13,Disneyland Park,"""it's a small world""",19,CLOSED,STANDBY,0,,,queue-times.com
2026-08-09T22:13:50Z,2026-08-10,0,13,Disneyland Park,Alice's Curious Labyrinth,14,CLOSED,STANDBY,0,,,queue-times.com
2026-08-09T22:13:50Z,2026-08-10,0,13,Disneyland Park,Blanche-Neige et les Sept Nains®,15,CLOSED,STANDBY,0,,,queue-times.com
2026-08-09T22:13:50Z,2026-08-10,0,13,Disneyland Park,Casey Jr. – le Petit Train du Cirque,17,CLOSED,STANDBY,0,,,queue-times.com
2026-08-09T22:13:50Z,2026-08-10,0,13,Disneyland Park,Disneyland Railroad Fantasyland Station,2711,CLOSED,STANDBY,0,,,queue-times.com
2026-08-09T22:13:50Z,2026-08-10,0,13,Disneyland Park,Disneyland Railroad Main Street Station,11,CLOSED,STANDBY,0,,,queue-times.com
2026-08-09T22:13:50Z,2026-08-10,0,13,Disneyland Park,Dumbo the Flying Elephant,18,CLOSED,STANDBY,0,,,queue-times.com
2026-08-09T22:13:50Z,2026-08-10,0,13,Disneyland Park,La Tanière du Dragon,2710,CLOSED,STANDBY,0,,,queue-times.com
2026-08-09T22:13:50Z,2026-08-10,0,13,Disneyland Park,Le Carrousel de Lancelot,16,CLOSED,STANDBY,0,,,queue-times.com
2026-08-09T22:13:50Z,2026-08-10,0,13,Disneyland Park,"Le Pays des Contes de Fées, presented by Vittel",21,CLOSED,STANDBY,0,,,queue-times.com
2026-08-09T22:13:50Z,2026-08-10,0,13,Disneyland Park,Les Voyages de Pinocchio,23,CLOSED,STANDBY,0,,,queue-times.com
2026-08-09T22:13:50Z,2026-08-10,0,13,Disneyland Park,Mad Hatter's Tea Cups,20,CLOSED,STANDBY,0,,,queue-times.com
2026-08-09T22:13:50Z,2026-08-10,0,13,Disneyland Park,Meet Mickey Mouse,13,CLOSED,STANDBY,0,,,queue-times.com
2026-08-09T22:13:50Z,2026-08-10,0,13,Disneyland Park,Peter Pan's Flight,22,CLOSED,STANDBY,0,,,queue-times.com
2026-08-09T22:13:50Z,2026-08-10,0,13,Disneyland Park,Princess Pavilion,24,CLOSED,STANDBY,0,,,queue-times.com
2026-08-09T22:13:50Z,2026-08-10,0,13,Disneyland Park,Big Thunder Mountain,25,CLOSED,STANDBY,0,,,queue-times.com
2026-08-09T22:13:50Z,2026-08-10,0,13,Disneyland Park,Disneyland Railroad Frontierland Depot,2714,CLOSED,STANDBY,0,,,queue-times.com
2026-08-09T22:13:50Z,2026-08-10,0,13,Disneyland Park,Frontierland Playground,2713,CLOSED,STANDBY,0,,,queue-times.com
2026-08-09T22:13:50Z,2026-08-10,0,13,Disneyland Park,Phantom Manor,26,CLOSED,STANDBY,0,,,queue-times.com
2026-08-09T22:13:50Z,2026-08-10,0,13,Disneyland Park,River Rogue Keelboats,27,CLOSED,STANDBY,0,,,queue-times.com
2026-08-09T22:13:50Z,2026-08-10,0,13,Disneyland Park,Rustler Roundup Shootin' Gallery,2712,CLOSED,STANDBY,0,,,queue-times.com
2026-08-09T22:13:50Z,2026-08-10,0,13,Disneyland Park,Thunder Mesa Riverboat Landing,28,CLOSED,STANDBY,0,,,queue-times.com
2026-08-09T22:13:50Z,2026-08-10,0,13,Disneyland Park,Disneyland Railroad Main Street Station,2708,CLOSED,STANDBY,0,,,queue-times.com
2026-08-09T22:13:50Z,2026-08-10,0,13,Disneyland Park,Main Street Vehicles,12,CLOSED,STANDBY,0,,,queue-times.com
2026-08-09T22:13:50Z,2026-08-10,0,13,Disney Adventure World,Avengers Assemble: Flight Force,10848,CLOSED,STANDBY,0,,,queue-times.com
2026-08-09T22:13:50Z,2026-08-10,0,13,Disney Adventure World,Avengers Assemble: Flight Force Single Rider,10849,CLOSED,STANDBY,0,,,queue-times.com
2026-08-09T22:13:50Z,2026-08-10,0,13,Disney Adventure World,Spider-Man W.E.B. Adventure,10845,CLOSED,STANDBY,0,,,queue-times.com
2026-08-09T22:13:50Z,2026-08-10,0,13,Disney Adventure World,Spider-Man W.E.B. Adventure Single Rider,10846,CLOSED,STANDBY,0,,,queue-times.com
2026-08-09T22:13:50Z,2026-08-10,0,13,Disney Adventure World,The Twilight Zone Tower of Terror,40,CLOSED,STANDBY,0,,,queue-times.com
2026-08-09T22:13:50Z,2026-08-10,0,13,Disney Adventure World,Cars Quatre Roues Rallye,31,CLOSED,STANDBY,0,,,queue-times.com
2026-08-09T22:13:50Z,2026-08-10,0,13,Disney Adventure World,Cars ROAD TRIP,29,CLOSED,STANDBY,0,,,queue-times.com
2026-08-09T22:13:50Z,2026-08-10,0,13,Disney Adventure World,Crush's Coaster,32,CLOSED,STANDBY,0,,,queue-times.com
2026-08-09T22:13:50Z,2026-08-10,0,13,Disney Adventure World,Crush's Coaster Single Rider,7277,CLOSED,STANDBY,0,,,queue-times.com
2026-08-09T22:13:50Z,2026-08-10,0,13,Disney Adventure World,Les Tapis Volants - Flying Carpets Over Agrabah®,33,CLOSED,STANDBY,0,,,queue-times.com
2026-08-09T22:13:50Z,2026-08-10,0,13,Disney Adventure World,Ratatouille : L’Aventure Totalement Toquée de Rémy​,37,CLOSED,STANDBY,0,,,queue-times.com
2026-08-09T22:13:50Z,2026-08-10,0,13,Disney Adventure World,Ratatouille: The Adventure Single Rider,7279,CLOSED,STANDBY,0,,,queue-times.com
2026-08-09T22:13:50Z,2026-08-10,0,13,Disney Adventure World,RC Racer,34,CLOSED,STANDBY,0,,,queue-times.com
2026-08-09T22:13:50Z,2026-08-10,0,13,Disney Adventure World,RC Racer Single Rider,7280,CLOSED,STANDBY,0,,,queue-times.com
2026-08-09T22:13:50Z,2026-08-10,0,13,Disney Adventure World,Slinky® Dog Zigzag Spin,36,CLOSED,STANDBY,0,,,queue-times.com
2026-08-09T22:13:50Z,2026-08-10,0,13,Disney Adventure World,Toy Soldiers Parachute Drop,35,CLOSED,STANDBY,0,,,queue-times.com
2026-08-09T22:13:50Z,2026-08-10,0,13,Disney Adventure World,Toy Soldiers Parachute Drop Single Rider,7281,CLOSED,STANDBY,0,,,queue-times.com
2026-08-09T22:13:50Z,2026-08-10,0,13,Disney Adventure World,Entry to World of Frozen,16247,CLOSED,STANDBY,0,,,queue-times.com
2026-08-09T22:13:50Z,2026-08-10,0,13,Disney Adventure World,Frozen Ever After,15413,CLOSED,STANDBY,0,,,queue-times.com
2026-08-09T22:13:50Z,2026-08-10,0,13,Disney Adventure World,Raiponce Tangled Spin,15415,CLOSED,STANDBY,0,,,queue-times.com
2026-08-09T22:15:48Z,2026-08-10,0,15,Disneyland Park,Adventure Isle,2702,CLOSED,STANDBY,0,,,queue-times.com
2026-08-09T22:15:48Z,2026-08-10,0,15,Disneyland Park,Indiana Jones and the Temple of Peril Single Rider,7306,CLOSED,STANDBY,0,,,queue-times.com
2026-08-09T22:15:48Z,2026-08-10,0,15,Disneyland Park,Indiana Jones™ and the Temple of Peril,2,CLOSED,STANDBY,0,,,queue-times.com
2026-08-09T22:15:48Z,2026-08-10,0,15,Disneyland Park,La Cabane des Robinson,1,CLOSED,STANDBY,0,,,queue-times.com
2026-08-09T22:15:48Z,2026-08-10,0,15,Disneyland Park,Le Passage Enchanté d'Aladdin,2703,CLOSED,STANDBY,0,,,queue-times.com
2026-08-09T22:15:48Z,2026-08-10,0,15,Disneyland Park,Pirate Galleon,2705,CLOSED,STANDBY,0,,,queue-times.com
2026-08-09T22:15:48Z,2026-08-10,0,15,Disneyland Park,Pirates of the Caribbean,3,CLOSED,STANDBY,0,,,queue-times.com
2026-08-09T22:15:48Z,2026-08-10,0,15,Disneyland Park,Pirates' Beach,2704,CLOSED,STANDBY,0,,,queue-times.com
2026-08-09T22:15:48Z,2026-08-10,0,15,Disneyland Park,"Autopia, presented by Avis",4,CLOSED,STANDBY,0,,,queue-times.com
2026-08-09T22:15:48Z,2026-08-10,0,15,Disneyland Park,Buzz Lightyear Laser Blast,5,CLOSED,STANDBY,0,,,queue-times.com
2026-08-09T22:15:48Z,2026-08-10,0,15,Disneyland Park,Disneyland Railroad Discoveryland Station,2706,CLOSED,STANDBY,0,,,queue-times.com
2026-08-09T22:15:48Z,2026-08-10,0,15,Disneyland Park,Les Mystères du Nautilus,6,CLOSED,STANDBY,0,,,queue-times.com
2026-08-09T22:15:48Z,2026-08-10,0,15,Disneyland Park,Mickey’s PhilharMagic,2707,CLOSED,STANDBY,0,,,queue-times.com
2026-08-09T22:15:48Z,2026-08-10,0,15,Disneyland Park,Orbitron®,7,CLOSED,STANDBY,0,,,queue-times.com
2026-08-09T22:15:48Z,2026-08-10,0,15,Disneyland Park,Star Tours: The Adventures Continue*,9,CLOSED,STANDBY,0,,,queue-times.com
2026-08-09T22:15:48Z,2026-08-10,0,15,Disneyland Park,Star Wars Hyperspace Mountain,8,CLOSED,STANDBY,0,,,queue-times.com
2026-08-09T22:15:48Z,2026-08-10,0,15,Disneyland Park,Star Wars Hyperspace Mountain Single Rider,7278,CLOSED,STANDBY,0,,,queue-times.com
2026-08-09T22:15:48Z,2026-08-10,0,15,Disneyland Park,Welcome to Starport: A Star Wars Encounter,4573,CLOSED,STANDBY,0,,,queue-times.com
2026-08-09T22:15:48Z,2026-08-10,0,15,Disneyland Park,"""it's a small world""",19,CLOSED,STANDBY,0,,,queue-times.com
2026-08-09T22:15:48Z,2026-08-10,0,15,Disneyland Park,Alice's Curious Labyrinth,14,CLOSED,STANDBY,0,,,queue-times.com
2026-08-09T22:15:48Z,2026-08-10,0,15,Disneyland Park,Blanche-Neige et les Sept Nains®,15,CLOSED,STANDBY,0,,,queue-times.com
2026-08-09T22:15:48Z,2026-08-10,0,15,Disneyland Park,Casey Jr. – le Petit Train du Cirque,17,CLOSED,STANDBY,0,,,queue-times.com
2026-08-09T22:15:48Z,2026-08-10,0,15,Disneyland Park,Disneyland Railroad Fantasyland Station,2711,CLOSED,STANDBY,0,,,queue-times.com
2026-08-09T22:15:48Z,2026-08-10,0,15,Disneyland Park,Disneyland Railroad Main Street Station,11,CLOSED,STANDBY,0,,,queue-times.com
2026-08-09T22:15:48Z,2026-08-10,0,15,Disneyland Park,Dumbo the Flying Elephant,18,CLOSED,STANDBY,0,,,queue-times.com
2026-08-09T22:15:48Z,2026-08-10,0,15,Disneyland Park,La Tanière du Dragon,2710,CLOSED,STANDBY,0,,,queue-times.com
2026-08-09T22:15:48Z,2026-08-10,0,15,Disneyland Park,Le Carrousel de Lancelot,16,CLOSED,STANDBY,0,,,queue-times.com
2026-08-09T22:15:48Z,2026-08-10,0,15,Disneyland Park,"Le Pays des Contes de Fées, presented by Vittel",21,CLOSED,STANDBY,0,,,queue-times.com
2026-08-09T22:15:48Z,2026-08-10,0,15,Disneyland Park,Les Voyages de Pinocchio,23,CLOSED,STANDBY,0,,,queue-times.com
2026-08-09T22:15:48Z,2026-08-10,0,15,Disneyland Park,Mad Hatter's Tea Cups,20,CLOSED,STANDBY,0,,,queue-times.com
2026-08-09T22:15:48Z,2026-08-10,0,15,Disneyland Park,Meet Mickey Mouse,13,CLOSED,STANDBY,0,,,queue-times.com
2026-08-09T22:15:48Z,2026-08-10,0,15,Disneyland Park,Peter Pan's Flight,22,CLOSED,STANDBY,0,,,queue-times.com
2026-08-09T22:15:48Z,2026-08-10,0,15,Disneyland Park,Princess Pavilion,24,CLOSED,STANDBY,0,,,queue-times.com
2026-08-09T22:15:48Z,2026-08-10,0,15,Disneyland Park,Big Thunder Mountain,25,CLOSED,STANDBY,0,,,queue-times.com
2026-08-09T22:15:48Z,2026-08-10,0,15,Disneyland Park,Disneyland Railroad Frontierland Depot,2714,CLOSED,STANDBY,0,,,queue-times.com
2026-08-09T22:15:48Z,2026-08-10,0,15,Disneyland Park,Frontierland Playground,2713,CLOSED,STANDBY,0,,,queue-times.com
2026-08-09T22:15:48Z,2026-08-10,0,15,Disneyland Park,Phantom Manor,26,CLOSED,STANDBY,0,,,queue-times.com
2026-08-09T22:15:48Z,2026-08-10,0,15,Disneyland Park,River Rogue Keelboats,27,CLOSED,STANDBY,0,,,queue-times.com
2026-08-09T22:15:48Z,2026-08-10,0,15,Disneyland Park,Rustler Roundup Shootin' Gallery,2712,CLOSED,STANDBY,0,,,queue-times.com
2026-08-09T22:15:48Z,2026-08-10,0,15,Disneyland Park,Thunder Mesa Riverboat Landing,28,CLOSED,STANDBY,0,,,queue-times.com
2026-08-09T22:15:48Z,2026-08-10,0,15,Disneyland Park,Disneyland Railroad Main Street Station,2708,CLOSED,STANDBY,0,,,queue-times.com
2026-08-09T22:15:48Z,2026-08-10,0,15,Disneyland Park,Main Street Vehicles,12,CLOSED,STANDBY,0,,,queue-times.com
2026-08-09T22:15:48Z,2026-08-10,0,15,Disney Adventure World,Avengers Assemble: Flight Force,10848,CLOSED,STANDBY,0,,,queue-times.com
2026-08-09T22:15:48Z,2026-08-10,0,15,Disney Adventure World,Avengers Assemble: Flight Force Single Rider,10849,CLOSED,STANDBY,0,,,queue-times.com
2026-08-09T22:15:48Z,2026-08-10,0,15,Disney Adventure World,Spider-Man W.E.B. Adventure,10845,CLOSED,STANDBY,0,,,queue-times.com
2026-08-09T22:15:48Z,2026-08-10,0,15,Disney Adventure World,Spider-Man W.E.B. Adventure Single Rider,10846,CLOSED,STANDBY,0,,,queue-times.com
2026-08-09T22:15:48Z,2026-08-10,0,15,Disney Adventure World,The Twilight Zone Tower of Terror,40,CLOSED,STANDBY,0,,,queue-times.com
2026-08-09T22:15:48Z,2026-08-10,0,15,Disney Adventure World,Cars Quatre Roues Rallye,31,CLOSED,STANDBY,0,,,queue-times.com
2026-08-09T22:15:48Z,2026-08-10,0,15,Disney Adventure World,Cars ROAD TRIP,29,CLOSED,STANDBY,0,,,queue-times.com
2026-08-09T22:15:48Z,2026-08-10,0,15,Disney Adventure World,Crush's Coaster,32,CLOSED,STANDBY,0,,,queue-times.com
2026-08-09T22:15:48Z,2026-08-10,0,15,Disney Adventure World,Crush's Coaster Single Rider,7277,CLOSED,STANDBY,0,,,queue-times.com
2026-08-09T22:15:48Z,2026-08-10,0,15,Disney Adventure World,Les Tapis Volants - Flying Carpets Over Agrabah®,33,CLOSED,STANDBY,0,,,queue-times.com
2026-08-09T22:15:48Z,2026-08-10,0,15,Disney Adventure World,Ratatouille : L’Aventure Totalement Toquée de Rémy​,37,CLOSED,STANDBY,0,,,queue-times.com
2026-08-09T22:15:48Z,2026-08-10,0,15,Disney Adventure World,Ratatouille: The Adventure Single Rider,7279,CLOSED,STANDBY,0,,,queue-times.com
2026-08-09T22:15:48Z,2026-08-10,0,15,Disney Adventure World,RC Racer,34,CLOSED,STANDBY,0,,,queue-times.com
2026-08-09T22:15:48Z,2026-08-10,0,15,Disney Adventure World,RC Racer Single Rider,7280,CLOSED,STANDBY,0,,,queue-times.com
2026-08-09T22:15:48Z,2026-08-10,0,15,Disney Adventure World,Slinky® Dog Zigzag Spin,36,CLOSED,STANDBY,0,,,queue-times.com
2026-08-09T22:15:48Z,2026-08-10,0,15,Disney Adventure World,Toy Soldiers Parachute Drop,35,CLOSED,STANDBY,0,,,queue-times.com
2026-08-09T22:15:48Z,2026-08-10,0,15,Disney Adventure World,Toy Soldiers Parachute Drop Single Rider,7281,CLOSED,STANDBY,0,,,queue-times.com
2026-08-09T22:15:48Z,2026-08-10,0,15,Disney Adventure World,Entry to World of Frozen,16247,CLOSED,STANDBY,0,,,queue-times.com
2026-08-09T22:15:48Z,2026-08-10,0,15,Disney Adventure World,Frozen Ever After,15413,CLOSED,STANDBY,0,,,queue-times.com
2026-08-09T22:15:48Z,2026-08-10,0,15,Disney Adventure World,Raiponce Tangled Spin,15415,CLOSED,STANDBY,0,,,queue-times.com
2026-08-09T22:31:02Z,2026-08-10,0,31,Disneyland Park,Adventure Isle,2702,CLOSED,STANDBY,0,,,queue-times.com
2026-08-09T22:31:02Z,2026-08-10,0,31,Disneyland Park,Indiana Jones and the Temple of Peril Single Rider,7306,CLOSED,STANDBY,0,,,queue-times.com
2026-08-09T22:31:02Z,2026-08-10,0,31,Disneyland Park,Indiana Jones™ and the Temple of Peril,2,CLOSED,STANDBY,0,,,queue-times.com
2026-08-09T22:31:02Z,2026-08-10,0,31,Disneyland Park,La Cabane des Robinson,1,CLOSED,STANDBY,0,,,queue-times.com
2026-08-09T22:31:02Z,2026-08-10,0,31,Disneyland Park,Le Passage Enchanté d'Aladdin,2703,CLOSED,STANDBY,0,,,queue-times.com
2026-08-09T22:31:02Z,2026-08-10,0,31,Disneyland Park,Pirate Galleon,2705,CLOSED,STANDBY,0,,,queue-times.com
2026-08-09T22:31:02Z,2026-08-10,0,31,Disneyland Park,Pirates of the Caribbean,3,CLOSED,STANDBY,0,,,queue-times.com
2026-08-09T22:31:02Z,2026-08-10,0,31,Disneyland Park,Pirates' Beach,2704,CLOSED,STANDBY,0,,,queue-times.com
2026-08-09T22:31:02Z,2026-08-10,0,31,Disneyland Park,"Autopia, presented by Avis",4,CLOSED,STANDBY,0,,,queue-times.com
2026-08-09T22:31:02Z,2026-08-10,0,31,Disneyland Park,Buzz Lightyear Laser Blast,5,CLOSED,STANDBY,0,,,queue-times.com
2026-08-09T22:31:02Z,2026-08-10,0,31,Disneyland Park,Disneyland Railroad Discoveryland Station,2706,CLOSED,STANDBY,0,,,queue-times.com
2026-08-09T22:31:02Z,2026-08-10,0,31,Disneyland Park,Les Mystères du Nautilus,6,CLOSED,STANDBY,0,,,queue-times.com
2026-08-09T22:31:02Z,2026-08-10,0,31,Disneyland Park,Mickey’s PhilharMagic,2707,CLOSED,STANDBY,0,,,queue-times.com
2026-08-09T22:31:02Z,2026-08-10,0,31,Disneyland Park,Orbitron®,7,CLOSED,STANDBY,0,,,queue-times.com
2026-08-09T22:31:02Z,2026-08-10,0,31,Disneyland Park,Star Tours: The Adventures Continue*,9,CLOSED,STANDBY,0,,,queue-times.com
2026-08-09T22:31:02Z,2026-08-10,0,31,Disneyland Park,Star Wars Hyperspace Mountain,8,CLOSED,STANDBY,0,,,queue-times.com
2026-08-09T22:31:02Z,2026-08-10,0,31,Disneyland Park,Star Wars Hyperspace Mountain Single Rider,7278,CLOSED,STANDBY,0,,,queue-times.com
2026-08-09T22:31:02Z,2026-08-10,0,31,Disneyland Park,Welcome to Starport: A Star Wars Encounter,4573,CLOSED,STANDBY,0,,,queue-times.com
2026-08-09T22:31:02Z,2026-08-10,0,31,Disneyland Park,"""it's a small world""",19,CLOSED,STANDBY,0,,,queue-times.com
2026-08-09T22:31:02Z,2026-08-10,0,31,Disneyland Park,Alice's Curious Labyrinth,14,CLOSED,STANDBY,0,,,queue-times.com
2026-08-09T22:31:02Z,2026-08-10,0,31,Disneyland Park,Blanche-Neige et les Sept Nains®,15,CLOSED,STANDBY,0,,,queue-times.com
2026-08-09T22:31:02Z,2026-08-10,0,31,Disneyland Park,Casey Jr. – le Petit Train du Cirque,17,CLOSED,STANDBY,0,,,queue-times.com
2026-08-09T22:31:02Z,2026-08-10,0,31,Disneyland Park,Disneyland Railroad Fantasyland Station,2711,CLOSED,STANDBY,0,,,queue-times.com
2026-08-09T22:31:02Z,2026-08-10,0,31,Disneyland Park,Disneyland Railroad Main Street Station,11,CLOSED,STANDBY,0,,,queue-times.com
2026-08-09T22:31:02Z,2026-08-10,0,31,Disneyland Park,Dumbo the Flying Elephant,18,CLOSED,STANDBY,0,,,queue-times.com
2026-08-09T22:31:02Z,2026-08-10,0,31,Disneyland Park,La Tanière du Dragon,2710,CLOSED,STANDBY,0,,,queue-times.com
2026-08-09T22:31:02Z,2026-08-10,0,31,Disneyland Park,Le Carrousel de Lancelot,16,CLOSED,STANDBY,0,,,queue-times.com
2026-08-09T22:31:02Z,2026-08-10,0,31,Disneyland Park,"Le Pays des Contes de Fées, presented by Vittel",21,CLOSED,STANDBY,0,,,queue-times.com
2026-08-09T22:31:02Z,2026-08-10,0,31,Disneyland Park,Les Voyages de Pinocchio,23,CLOSED,STANDBY,0,,,queue-times.com
2026-08-09T22:31:02Z,2026-08-10,0,31,Disneyland Park,Mad Hatter's Tea Cups,20,CLOSED,STANDBY,0,,,queue-times.com
2026-08-09T22:31:02Z,2026-08-10,0,31,Disneyland Park,Meet Mickey Mouse,13,CLOSED,STANDBY,0,,,queue-times.com
2026-08-09T22:31:02Z,2026-08-10,0,31,Disneyland Park,Peter Pan's Flight,22,CLOSED,STANDBY,0,,,queue-times.com
2026-08-09T22:31:02Z,2026-08-10,0,31,Disneyland Park,Princess Pavilion,24,CLOSED,STANDBY,0,,,queue-times.com
2026-08-09T22:31:02Z,2026-08-10,0,31,Disneyland Park,Big Thunder Mountain,25,CLOSED,STANDBY,0,,,queue-times.com
2026-08-09T22:31:02Z,2026-08-10,0,31,Disneyland Park,Disneyland Railroad Frontierland Depot,2714,CLOSED,STANDBY,0,,,queue-times.com
2026-08-09T22:31:02Z,2026-08-10,0,31,Disneyland Park,Frontierland Playground,2713,CLOSED,STANDBY,0,,,queue-times.com
2026-08-09T22:31:02Z,2026-08-10,0,31,Disneyland Park,Phantom Manor,26,CLOSED,STANDBY,0,,,queue-times.com
2026-08-09T22:31:02Z,2026-08-10,0,31,Disneyland Park,River Rogue Keelboats,27,CLOSED,STANDBY,0,,,queue-times.com
2026-08-09T22:31:02Z,2026-08-10,0,31,Disneyland Park,Rustler Roundup Shootin' Gallery,2712,CLOSED,STANDBY,0,,,queue-times.com
2026-08-09T22:31:02Z,2026-08-10,0,31,Disneyland Park,Thunder Mesa Riverboat Landing,28,CLOSED,STANDBY,0,,,queue-times.com
2026-08-09T22:31:02Z,2026-08-10,0,31,Disneyland Park,Disneyland Railroad Main Street Station,2708,CLOSED,STANDBY,0,,,queue-times.com
2026-08-09T22:31:02Z,2026-08-10,0,31,Disneyland Park,Main Street Vehicles,12,CLOSED,STANDBY,0,,,queue-times.com
2026-08-09T22:31:02Z,2026-08-10,0,31,Disney Adventure World,Avengers Assemble: Flight Force,10848,CLOSED,STANDBY,0,,,queue-times.com
2026-08-09T22:31:02Z,2026-08-10,0,31,Disney Adventure World,Avengers Assemble: Flight Force Single Rider,10849,CLOSED,STANDBY,0,,,queue-times.com
2026-08-09T22:31:02Z,2026-08-10,0,31,Disney Adventure World,Spider-Man W.E.B. Adventure,10845,CLOSED,STANDBY,0,,,queue-times.com
2026-08-09T22:31:02Z,2026-08-10,0,31,Disney Adventure World,Spider-Man W.E.B. Adventure Single Rider,10846,CLOSED,STANDBY,0,,,queue-times.com
2026-08-09T22:31:02Z,2026-08-10,0,31,Disney Adventure World,The Twilight Zone Tower of Terror,40,CLOSED,STANDBY,0,,,queue-times.com
2026-08-09T22:31:02Z,2026-08-10,0,31,Disney Adventure World,Cars Quatre Roues Rallye,31,CLOSED,STANDBY,0,,,queue-times.com
2026-08-09T22:31:02Z,2026-08-10,0,31,Disney Adventure World,Cars ROAD TRIP,29,CLOSED,STANDBY,0,,,queue-times.com
2026-08-09T22:31:02Z,2026-08-10,0,31,Disney Adventure World,Crush's Coaster,32,CLOSED,STANDBY,0,,,queue-times.com
2026-08-09T22:31:02Z,2026-08-10,0,31,Disney Adventure World,Crush's Coaster Single Rider,7277,CLOSED,STANDBY,0,,,queue-times.com
2026-08-09T22:31:02Z,2026-08-10,0,31,Disney Adventure World,Les Tapis Volants - Flying Carpets Over Agrabah®,33,CLOSED,STANDBY,0,,,queue-times.com
2026-08-09T22:31:02Z,2026-08-10,0,31,Disney Adventure World,Ratatouille : L’Aventure Totalement Toquée de Rémy​,37,CLOSED,STANDBY,0,,,queue-times.com
2026-08-09T22:31:02Z,2026-08-10,0,31,Disney Adventure World,Ratatouille: The Adventure Single Rider,7279,CLOSED,STANDBY,0,,,queue-times.com
2026-08-09T22:31:02Z,2026-08-10,0,31,Disney Adventure World,RC Racer,34,CLOSED,STANDBY,0,,,queue-times.com
2026-08-09T22:31:02Z,2026-08-10,0,31,Disney Adventure World,RC Racer Single Rider,7280,CLOSED,STANDBY,0,,,queue-times.com
2026-08-09T22:31:02Z,2026-08-10,0,31,Disney Adventure World,Slinky® Dog Zigzag Spin,36,CLOSED,STANDBY,0,,,queue-times.com
2026-08-09T22:31:02Z,2026-08-10,0,31,Disney Adventure World,Toy Soldiers Parachute Drop,35,CLOSED,STANDBY,0,,,queue-times.com
2026-08-09T22:31:02Z,2026-08-10,0,31,Disney Adventure World,Toy Soldiers Parachute Drop Single Rider,7281,CLOSED,STANDBY,0,,,queue-times.com
2026-08-09T22:31:02Z,2026-08-10,0,31,Disney Adventure World,Entry to World of Frozen,16247,CLOSED,STANDBY,0,,,queue-times.com
2026-08-09T22:31:02Z,2026-08-10,0,31,Disney Adventure World,Frozen Ever After,15413,CLOSED,STANDBY,0,,,queue-times.com
2026-08-09T22:31:02Z,2026-08-10,0,31,Disney Adventure World,Raiponce Tangled Spin,15415,CLOSED,STANDBY,0,,,queue-times.com
2026-08-09T22:45:46Z,2026-08-10,0,45,Disneyland Park,Adventure Isle,2702,CLOSED,STANDBY,0,,,queue-times.com
2026-08-09T22:45:46Z,2026-08-10,0,45,Disneyland Park,Indiana Jones and the Temple of Peril Single Rider,7306,CLOSED,STANDBY,0,,,queue-times.com
2026-08-09T22:45:46Z,2026-08-10,0,45,Disneyland Park,Indiana Jones™ and the Temple of Peril,2,CLOSED,STANDBY,0,,,queue-times.com
2026-08-09T22:45:46Z,2026-08-10,0,45,Disneyland Park,La Cabane des Robinson,1,CLOSED,STANDBY,0,,,queue-times.com
2026-08-09T22:45:46Z,2026-08-10,0,45,Disneyland Park,Le Passage Enchanté d'Aladdin,2703,CLOSED,STANDBY,0,,,queue-times.com
2026-08-09T22:45:46Z,2026-08-10,0,45,Disneyland Park,Pirate Galleon,2705,CLOSED,STANDBY,0,,,queue-times.com
2026-08-09T22:45:46Z,2026-08-10,0,45,Disneyland Park,Pirates of the Caribbean,3,CLOSED,STANDBY,0,,,queue-times.com
2026-08-09T22:45:46Z,2026-08-10,0,45,Disneyland Park,Pirates' Beach,2704,CLOSED,STANDBY,0,,,queue-times.com
2026-08-09T22:45:46Z,2026-08-10,0,45,Disneyland Park,"Autopia, presented by Avis",4,CLOSED,STANDBY,0,,,queue-times.com
2026-08-09T22:45:46Z,2026-08-10,0,45,Disneyland Park,Buzz Lightyear Laser Blast,5,CLOSED,STANDBY,0,,,queue-times.com
2026-08-09T22:45:46Z,2026-08-10,0,45,Disneyland Park,Disneyland Railroad Discoveryland Station,2706,CLOSED,STANDBY,0,,,queue-times.com
2026-08-09T22:45:46Z,2026-08-10,0,45,Disneyland Park,Les Mystères du Nautilus,6,CLOSED,STANDBY,0,,,queue-times.com
2026-08-09T22:45:46Z,2026-08-10,0,45,Disneyland Park,Mickey’s PhilharMagic,2707,CLOSED,STANDBY,0,,,queue-times.com
2026-08-09T22:45:46Z,2026-08-10,0,45,Disneyland Park,Orbitron®,7,CLOSED,STANDBY,0,,,queue-times.com
2026-08-09T22:45:46Z,2026-08-10,0,45,Disneyland Park,Star Tours: The Adventures Continue*,9,CLOSED,STANDBY,0,,,queue-times.com
2026-08-09T22:45:46Z,2026-08-10,0,45,Disneyland Park,Star Wars Hyperspace Mountain,8,CLOSED,STANDBY,0,,,queue-times.com
2026-08-09T22:45:46Z,2026-08-10,0,45,Disneyland Park,Star Wars Hyperspace Mountain Single Rider,7278,CLOSED,STANDBY,0,,,queue-times.com
2026-08-09T22:45:46Z,2026-08-10,0,45,Disneyland Park,Welcome to Starport: A Star Wars Encounter,4573,CLOSED,STANDBY,0,,,queue-times.com
2026-08-09T22:45:46Z,2026-08-10,0,45,Disneyland Park,"""it's a small world""",19,CLOSED,STANDBY,0,,,queue-times.com
2026-08-09T22:45:46Z,2026-08-10,0,45,Disneyland Park,Alice's Curious Labyrinth,14,CLOSED,STANDBY,0,,,queue-times.com
2026-08-09T22:45:46Z,2026-08-10,0,45,Disneyland Park,Blanche-Neige et les Sept Nains®,15,CLOSED,STANDBY,0,,,queue-times.com
2026-08-09T22:45:46Z,2026-08-10,0,45,Disneyland Park,Casey Jr. – le Petit Train du Cirque,17,CLOSED,STANDBY,0,,,queue-times.com
2026-08-09T22:45:46Z,2026-08-10,0,45,Disneyland Park,Disneyland Railroad Fantasyland Station,2711,CLOSED,STANDBY,0,,,queue-times.com
2026-08-09T22:45:46Z,2026-08-10,0,45,Disneyland Park,Disneyland Railroad Main Street Station,11,CLOSED,STANDBY,0,,,queue-times.com
2026-08-09T22:45:46Z,2026-08-10,0,45,Disneyland Park,Dumbo the Flying Elephant,18,CLOSED,STANDBY,0,,,queue-times.com
2026-08-09T22:45:46Z,2026-08-10,0,45,Disneyland Park,La Tanière du Dragon,2710,CLOSED,STANDBY,0,,,queue-times.com
2026-08-09T22:45:46Z,2026-08-10,0,45,Disneyland Park,Le Carrousel de Lancelot,16,CLOSED,STANDBY,0,,,queue-times.com
2026-08-09T22:45:46Z,2026-08-10,0,45,Disneyland Park,"Le Pays des Contes de Fées, presented by Vittel",21,CLOSED,STANDBY,0,,,queue-times.com
2026-08-09T22:45:46Z,2026-08-10,0,45,Disneyland Park,Les Voyages de Pinocchio,23,CLOSED,STANDBY,0,,,queue-times.com
2026-08-09T22:45:46Z,2026-08-10,0,45,Disneyland Park,Mad Hatter's Tea Cups,20,CLOSED,STANDBY,0,,,queue-times.com
2026-08-09T22:45:46Z,2026-08-10,0,45,Disneyland Park,Meet Mickey Mouse,13,CLOSED,STANDBY,0,,,queue-times.com
2026-08-09T22:45:46Z,2026-08-10,0,45,Disneyland Park,Peter Pan's Flight,22,CLOSED,STANDBY,0,,,queue-times.com
2026-08-09T22:45:46Z,2026-08-10,0,45,Disneyland Park,Princess Pavilion,24,CLOSED,STANDBY,0,,,queue-times.com
2026-08-09T22:45:46Z,2026-08-10,0,45,Disneyland Park,Big Thunder Mountain,25,CLOSED,STANDBY,0,,,queue-times.com
2026-08-09T22:45:46Z,2026-08-10,0,45,Disneyland Park,Disneyland Railroad Frontierland Depot,2714,CLOSED,STANDBY,0,,,queue-times.com
2026-08-09T22:45:46Z,2026-08-10,0,45,Disneyland Park,Frontierland Playground,2713,CLOSED,STANDBY,0,,,queue-times.com
2026-08-09T22:45:46Z,2026-08-10,0,45,Disneyland Park,Phantom Manor,26,CLOSED,STANDBY,0,,,queue-times.com
2026-08-09T22:45:46Z,2026-08-10,0,45,Disneyland Park,River Rogue Keelboats,27,CLOSED,STANDBY,0,,,queue-times.com
2026-08-09T22:45:46Z,2026-08-10,0,45,Disneyland Park,Rustler Roundup Shootin' Gallery,2712,CLOSED,STANDBY,0,,,queue-times.com
2026-08-09T22:45:46Z,2026-08-10,0,45,Disneyland Park,Thunder Mesa Riverboat Landing,28,CLOSED,STANDBY,0,,,queue-times.com
2026-08-09T22:45:46Z,2026-08-10,0,45,Disneyland Park,Disneyland Railroad Main Street Station,2708,CLOSED,STANDBY,0,,,queue-times.com
2026-08-09T22:45:46Z,2026-08-10,0,45,Disneyland Park,Main Street Vehicles,12,CLOSED,STANDBY,0,,,queue-times.com
2026-08-09T22:45:46Z,2026-08-10,0,45,Disney Adventure World,Avengers Assemble: Flight Force,10848,CLOSED,STANDBY,0,,,queue-times.com
2026-08-09T22:45:46Z,2026-08-10,0,45,Disney Adventure World,Avengers Assemble: Flight Force Single Rider,10849,CLOSED,STANDBY,0,,,queue-times.com
2026-08-09T22:45:46Z,2026-08-10,0,45,Disney Adventure World,Spider-Man W.E.B. Adventure,10845,CLOSED,STANDBY,0,,,queue-times.com
2026-08-09T22:45:46Z,2026-08-10,0,45,Disney Adventure World,Spider-Man W.E.B. Adventure Single Rider,10846,CLOSED,STANDBY,0,,,queue-times.com
2026-08-09T22:45:46Z,2026-08-10,0,45,Disney Adventure World,The Twilight Zone Tower of Terror,40,CLOSED,STANDBY,0,,,queue-times.com
2026-08-09T22:45:46Z,2026-08-10,0,45,Disney Adventure World,Cars Quatre Roues Rallye,31,CLOSED,STANDBY,0,,,queue-times.com
2026-08-09T22:45:46Z,2026-08-10,0,45,Disney Adventure World,Cars ROAD TRIP,29,CLOSED,STANDBY,0,,,queue-times.com
2026-08-09T22:45:46Z,2026-08-10,0,45,Disney Adventure World,Crush's Coaster,32,CLOSED,STANDBY,0,,,queue-times.com
2026-08-09T22:45:46Z,2026-08-10,0,45,Disney Adventure World,Crush's Coaster Single Rider,7277,CLOSED,STANDBY,0,,,queue-times.com
2026-08-09T22:45:46Z,2026-08-10,0,45,Disney Adventure World,Les Tapis Volants - Flying Carpets Over Agrabah®,33,CLOSED,STANDBY,0,,,queue-times.com
2026-08-09T22:45:46Z,2026-08-10,0,45,Disney Adventure World,Ratatouille : L’Aventure Totalement Toquée de Rémy​,37,CLOSED,STANDBY,0,,,queue-times.com
2026-08-09T22:45:46Z,2026-08-10,0,45,Disney Adventure World,Ratatouille: The Adventure Single Rider,7279,CLOSED,STANDBY,0,,,queue-times.com
2026-08-09T22:45:46Z,2026-08-10,0,45,Disney Adventure World,RC Racer,34,CLOSED,STANDBY,0,,,queue-times.com
2026-08-09T22:45:46Z,2026-08-10,0,45,Disney Adventure World,RC Racer Single Rider,7280,CLOSED,STANDBY,0,,,queue-times.com
2026-08-09T22:45:46Z,2026-08-10,0,45,Disney Adventure World,Slinky® Dog Zigzag Spin,36,CLOSED,STANDBY,0,,,queue-times.com
2026-08-09T22:45:46Z,2026-08-10,0,45,Disney Adventure World,Toy Soldiers Parachute Drop,35,CLOSED,STANDBY,0,,,queue-times.com
2026-08-09T22:45:46Z,2026-08-10,0,45,Disney Adventure World,Toy Soldiers Parachute Drop Single Rider,7281,CLOSED,STANDBY,0,,,queue-times.com
2026-08-09T22:45:46Z,2026-08-10,0,45,Disney Adventure World,Entry to World of Frozen,16247,CLOSED,STANDBY,0,,,queue-times.com
2026-08-09T22:45:46Z,2026-08-10,0,45,Disney Adventure World,Frozen Ever After,15413,CLOSED,STANDBY,0,,,queue-times.com
2026-08-09T22:45:46Z,2026-08-10,0,45,Disney Adventure World,Raiponce Tangled Spin,15415,CLOSED,STANDBY,0,,,queue-times.com
2026-08-09T22:54:03Z,2026-08-10,0,54,Disneyland Park,Adventure Isle,2702,CLOSED,STANDBY,0,,,queue-times.com
2026-08-09T22:54:03Z,2026-08-10,0,54,Disneyland Park,Indiana Jones and the Temple of Peril Single Rider,7306,CLOSED,STANDBY,0,,,queue-times.com
2026-08-09T22:54:03Z,2026-08-10,0,54,Disneyland Park,Indiana Jones™ and the Temple of Peril,2,CLOSED,STANDBY,0,,,queue-times.com
2026-08-09T22:54:03Z,2026-08-10,0,54,Disneyland Park,La Cabane des Robinson,1,CLOSED,STANDBY,0,,,queue-times.com
2026-08-09T22:54:03Z,2026-08-10,0,54,Disneyland Park,Le Passage Enchanté d'Aladdin,2703,CLOSED,STANDBY,0,,,queue-times.com
2026-08-09T22:54:03Z,2026-08-10,0,54,Disneyland Park,Pirate Galleon,2705,CLOSED,STANDBY,0,,,queue-times.com
2026-08-09T22:54:03Z,2026-08-10,0,54,Disneyland Park,Pirates of the Caribbean,3,CLOSED,STANDBY,0,,,queue-times.com
2026-08-09T22:54:03Z,2026-08-10,0,54,Disneyland Park,Pirates' Beach,2704,CLOSED,STANDBY,0,,,queue-times.com
2026-08-09T22:54:03Z,2026-08-10,0,54,Disneyland Park,"Autopia, presented by Avis",4,CLOSED,STANDBY,0,,,queue-times.com
2026-08-09T22:54:03Z,2026-08-10,0,54,Disneyland Park,Buzz Lightyear Laser Blast,5,CLOSED,STANDBY,0,,,queue-times.com
2026-08-09T22:54:03Z,2026-08-10,0,54,Disneyland Park,Disneyland Railroad Discoveryland Station,2706,CLOSED,STANDBY,0,,,queue-times.com
2026-08-09T22:54:03Z,2026-08-10,0,54,Disneyland Park,Les Mystères du Nautilus,6,CLOSED,STANDBY,0,,,queue-times.com
2026-08-09T22:54:03Z,2026-08-10,0,54,Disneyland Park,Mickey’s PhilharMagic,2707,CLOSED,STANDBY,0,,,queue-times.com
2026-08-09T22:54:03Z,2026-08-10,0,54,Disneyland Park,Orbitron®,7,CLOSED,STANDBY,0,,,queue-times.com
2026-08-09T22:54:03Z,2026-08-10,0,54,Disneyland Park,Star Tours: The Adventures Continue*,9,CLOSED,STANDBY,0,,,queue-times.com
2026-08-09T22:54:03Z,2026-08-10,0,54,Disneyland Park,Star Wars Hyperspace Mountain,8,CLOSED,STANDBY,0,,,queue-times.com
2026-08-09T22:54:03Z,2026-08-10,0,54,Disneyland Park,Star Wars Hyperspace Mountain Single Rider,7278,CLOSED,STANDBY,0,,,queue-times.com
2026-08-09T22:54:03Z,2026-08-10,0,54,Disneyland Park,Welcome to Starport: A Star Wars Encounter,4573,CLOSED,STANDBY,0,,,queue-times.com
2026-08-09T22:54:03Z,2026-08-10,0,54,Disneyland Park,"""it's a small world""",19,CLOSED,STANDBY,0,,,queue-times.com
2026-08-09T22:54:03Z,2026-08-10,0,54,Disneyland Park,Alice's Curious Labyrinth,14,CLOSED,STANDBY,0,,,queue-times.com
2026-08-09T22:54:03Z,2026-08-10,0,54,Disneyland Park,Blanche-Neige et les Sept Nains®,15,CLOSED,STANDBY,0,,,queue-times.com
2026-08-09T22:54:03Z,2026-08-10,0,54,Disneyland Park,Casey Jr. – le Petit Train du Cirque,17,CLOSED,STANDBY,0,,,queue-times.com
2026-08-09T22:54:03Z,2026-08-10,0,54,Disneyland Park,Disneyland Railroad Fantasyland Station,2711,CLOSED,STANDBY,0,,,queue-times.com
2026-08-09T22:54:03Z,2026-08-10,0,54,Disneyland Park,Disneyland Railroad Main Street Station,11,CLOSED,STANDBY,0,,,queue-times.com
2026-08-09T22:54:03Z,2026-08-10,0,54,Disneyland Park,Dumbo the Flying Elephant,18,CLOSED,STANDBY,0,,,queue-times.com
2026-08-09T22:54:03Z,2026-08-10,0,54,Disneyland Park,La Tanière du Dragon,2710,CLOSED,STANDBY,0,,,queue-times.com
2026-08-09T22:54:03Z,2026-08-10,0,54,Disneyland Park,Le Carrousel de Lancelot,16,CLOSED,STANDBY,0,,,queue-times.com
2026-08-09T22:54:03Z,2026-08-10,0,54,Disneyland Park,"Le Pays des Contes de Fées, presented by Vittel",21,CLOSED,STANDBY,0,,,queue-times.com
2026-08-09T22:54:03Z,2026-08-10,0,54,Disneyland Park,Les Voyages de Pinocchio,23,CLOSED,STANDBY,0,,,queue-times.com
2026-08-09T22:54:03Z,2026-08-10,0,54,Disneyland Park,Mad Hatter's Tea Cups,20,CLOSED,STANDBY,0,,,queue-times.com
2026-08-09T22:54:03Z,2026-08-10,0,54,Disneyland Park,Meet Mickey Mouse,13,CLOSED,STANDBY,0,,,queue-times.com
2026-08-09T22:54:03Z,2026-08-10,0,54,Disneyland Park,Peter Pan's Flight,22,CLOSED,STANDBY,0,,,queue-times.com
2026-08-09T22:54:03Z,2026-08-10,0,54,Disneyland Park,Princess Pavilion,24,CLOSED,STANDBY,0,,,queue-times.com
2026-08-09T22:54:03Z,2026-08-10,0,54,Disneyland Park,Big Thunder Mountain,25,CLOSED,STANDBY,0,,,queue-times.com
2026-08-09T22:54:03Z,2026-08-10,0,54,Disneyland Park,Disneyland Railroad Frontierland Depot,2714,CLOSED,STANDBY,0,,,queue-times.com
2026-08-09T22:54:03Z,2026-08-10,0,54,Disneyland Park,Frontierland Playground,2713,CLOSED,STANDBY,0,,,queue-times.com
2026-08-09T22:54:03Z,2026-08-10,0,54,Disneyland Park,Phantom Manor,26,CLOSED,STANDBY,0,,,queue-times.com
2026-08-09T22:54:03Z,2026-08-10,0,54,Disneyland Park,River Rogue Keelboats,27,CLOSED,STANDBY,0,,,queue-times.com
2026-08-09T22:54:03Z,2026-08-10,0,54,Disneyland Park,Rustler Roundup Shootin' Gallery,2712,CLOSED,STANDBY,0,,,queue-times.com
2026-08-09T22:54:03Z,2026-08-10,0,54,Disneyland Park,Thunder Mesa Riverboat Landing,28,CLOSED,STANDBY,0,,,queue-times.com
2026-08-09T22:54:03Z,2026-08-10,0,54,Disneyland Park,Disneyland Railroad Main Street Station,2708,CLOSED,STANDBY,0,,,queue-times.com
2026-08-09T22:54:03Z,2026-08-10,0,54,Disneyland Park,Main Street Vehicles,12,CLOSED,STANDBY,0,,,queue-times.com
2026-08-09T22:54:03Z,2026-08-10,0,54,Disney Adventure World,Avengers Assemble: Flight Force,10848,CLOSED,STANDBY,0,,,queue-times.com
2026-08-09T22:54:03Z,2026-08-10,0,54,Disney Adventure World,Avengers Assemble: Flight Force Single Rider,10849,CLOSED,STANDBY,0,,,queue-times.com
2026-08-09T22:54:03Z,2026-08-10,0,54,Disney Adventure World,Spider-Man W.E.B. Adventure,10845,CLOSED,STANDBY,0,,,queue-times.com
2026-08-09T22:54:03Z,2026-08-10,0,54,Disney Adventure World,Spider-Man W.E.B. Adventure Single Rider,10846,CLOSED,STANDBY,0,,,queue-times.com
2026-08-09T22:54:03Z,2026-08-10,0,54,Disney Adventure World,The Twilight Zone Tower of Terror,40,CLOSED,STANDBY,0,,,queue-times.com
2026-08-09T22:54:03Z,2026-08-10,0,54,Disney Adventure World,Cars Quatre Roues Rallye,31,CLOSED,STANDBY,0,,,queue-times.com
2026-08-09T22:54:03Z,2026-08-10,0,54,Disney Adventure World,Cars ROAD TRIP,29,CLOSED,STANDBY,0,,,queue-times.com
2026-08-09T22:54:03Z,2026-08-10,0,54,Disney Adventure World,Crush's Coaster,32,CLOSED,STANDBY,0,,,queue-times.com
2026-08-09T22:54:03Z,2026-08-10,0,54,Disney Adventure World,Crush's Coaster Single Rider,7277,CLOSED,STANDBY,0,,,queue-times.com
2026-08-09T22:54:03Z,2026-08-10,0,54,Disney Adventure World,Les Tapis Volants - Flying Carpets Over Agrabah®,33,CLOSED,STANDBY,0,,,queue-times.com
2026-08-09T22:54:03Z,2026-08-10,0,54,Disney Adventure World,Ratatouille : L’Aventure Totalement Toquée de Rémy​,37,CLOSED,STANDBY,0,,,queue-times.com
2026-08-09T22:54:03Z,2026-08-10,0,54,Disney Adventure World,Ratatouille: The Adventure Single Rider,7279,CLOSED,STANDBY,0,,,queue-times.com
2026-08-09T22:54:03Z,2026-08-10,0,54,Disney Adventure World,RC Racer,34,CLOSED,STANDBY,0,,,queue-times.com
2026-08-09T22:54:03Z,2026-08-10,0,54,Disney Adventure World,RC Racer Single Rider,7280,CLOSED,STANDBY,0,,,queue-times.com
2026-08-09T22:54:03Z,2026-08-10,0,54,Disney Adventure World,Slinky® Dog Zigzag Spin,36,CLOSED,STANDBY,0,,,queue-times.com
2026-08-09T22:54:03Z,2026-08-10,0,54,Disney Adventure World,Toy Soldiers Parachute Drop,35,CLOSED,STANDBY,0,,,queue-times.com
2026-08-09T22:54:03Z,2026-08-10,0,54,Disney Adventure World,Toy Soldiers Parachute Drop Single Rider,7281,CLOSED,STANDBY,0,,,queue-times.com
2026-08-09T22:54:03Z,2026-08-10,0,54,Disney Adventure World,Entry to World of Frozen,16247,CLOSED,STANDBY,0,,,queue-times.com
2026-08-09T22:54:03Z,2026-08-10,0,54,Disney Adventure World,Frozen Ever After,15413,CLOSED,STANDBY,0,,,queue-times.com
2026-08-09T22:54:03Z,2026-08-10,0,54,Disney Adventure World,Raiponce Tangled Spin,15415,CLOSED,STANDBY,0,,,queue-times.com
2026-08-09T23:01:19Z,2026-08-10,1,1,Disneyland Park,Adventure Isle,2702,CLOSED,STANDBY,0,,,queue-times.com
2026-08-09T23:01:19Z,2026-08-10,1,1,Disneyland Park,Indiana Jones and the Temple of Peril Single Rider,7306,CLOSED,STANDBY,0,,,queue-times.com
2026-08-09T23:01:19Z,2026-08-10,1,1,Disneyland Park,Indiana Jones™ and the Temple of Peril,2,CLOSED,STANDBY,0,,,queue-times.com
2026-08-09T23:01:19Z,2026-08-10,1,1,Disneyland Park,La Cabane des Robinson,1,CLOSED,STANDBY,0,,,queue-times.com
2026-08-09T23:01:19Z,2026-08-10,1,1,Disneyland Park,Le Passage Enchanté d'Aladdin,2703,CLOSED,STANDBY,0,,,queue-times.com
2026-08-09T23:01:19Z,2026-08-10,1,1,Disneyland Park,Pirate Galleon,2705,CLOSED,STANDBY,0,,,queue-times.com
2026-08-09T23:01:19Z,2026-08-10,1,1,Disneyland Park,Pirates of the Caribbean,3,CLOSED,STANDBY,0,,,queue-times.com
2026-08-09T23:01:19Z,2026-08-10,1,1,Disneyland Park,Pirates' Beach,2704,CLOSED,STANDBY,0,,,queue-times.com
2026-08-09T23:01:19Z,2026-08-10,1,1,Disneyland Park,"Autopia, presented by Avis",4,CLOSED,STANDBY,0,,,queue-times.com
2026-08-09T23:01:19Z,2026-08-10,1,1,Disneyland Park,Buzz Lightyear Laser Blast,5,CLOSED,STANDBY,0,,,queue-times.com
2026-08-09T23:01:19Z,2026-08-10,1,1,Disneyland Park,Disneyland Railroad Discoveryland Station,2706,CLOSED,STANDBY,0,,,queue-times.com
2026-08-09T23:01:19Z,2026-08-10,1,1,Disneyland Park,Les Mystères du Nautilus,6,CLOSED,STANDBY,0,,,queue-times.com
2026-08-09T23:01:19Z,2026-08-10,1,1,Disneyland Park,Mickey’s PhilharMagic,2707,CLOSED,STANDBY,0,,,queue-times.com
2026-08-09T23:01:19Z,2026-08-10,1,1,Disneyland Park,Orbitron®,7,CLOSED,STANDBY,0,,,queue-times.com
2026-08-09T23:01:19Z,2026-08-10,1,1,Disneyland Park,Star Tours: The Adventures Continue*,9,CLOSED,STANDBY,0,,,queue-times.com
2026-08-09T23:01:19Z,2026-08-10,1,1,Disneyland Park,Star Wars Hyperspace Mountain,8,CLOSED,STANDBY,0,,,queue-times.com
2026-08-09T23:01:19Z,2026-08-10,1,1,Disneyland Park,Star Wars Hyperspace Mountain Single Rider,7278,CLOSED,STANDBY,0,,,queue-times.com
2026-08-09T23:01:19Z,2026-08-10,1,1,Disneyland Park,Welcome to Starport: A Star Wars Encounter,4573,CLOSED,STANDBY,0,,,queue-times.com
2026-08-09T23:01:19Z,2026-08-10,1,1,Disneyland Park,"""it's a small world""",19,CLOSED,STANDBY,0,,,queue-times.com
2026-08-09T23:01:19Z,2026-08-10,1,1,Disneyland Park,Alice's Curious Labyrinth,14,CLOSED,STANDBY,0,,,queue-times.com
2026-08-09T23:01:19Z,2026-08-10,1,1,Disneyland Park,Blanche-Neige et les Sept Nains®,15,CLOSED,STANDBY,0,,,queue-times.com
2026-08-09T23:01:19Z,2026-08-10,1,1,Disneyland Park,Casey Jr. – le Petit Train du Cirque,17,CLOSED,STANDBY,0,,,queue-times.com
2026-08-09T23:01:19Z,2026-08-10,1,1,Disneyland Park,Disneyland Railroad Fantasyland Station,2711,CLOSED,STANDBY,0,,,queue-times.com
2026-08-09T23:01:19Z,2026-08-10,1,1,Disneyland Park,Disneyland Railroad Main Street Station,11,CLOSED,STANDBY,0,,,queue-times.com
2026-08-09T23:01:19Z,2026-08-10,1,1,Disneyland Park,Dumbo the Flying Elephant,18,CLOSED,STANDBY,0,,,queue-times.com
2026-08-09T23:01:19Z,2026-08-10,1,1,Disneyland Park,La Tanière du Dragon,2710,CLOSED,STANDBY,0,,,queue-times.com
2026-08-09T23:01:19Z,2026-08-10,1,1,Disneyland Park,Le Carrousel de Lancelot,16,CLOSED,STANDBY,0,,,queue-times.com
2026-08-09T23:01:19Z,2026-08-10,1,1,Disneyland Park,"Le Pays des Contes de Fées, presented by Vittel",21,CLOSED,STANDBY,0,,,queue-times.com
2026-08-09T23:01:19Z,2026-08-10,1,1,Disneyland Park,Les Voyages de Pinocchio,23,CLOSED,STANDBY,0,,,queue-times.com
2026-08-09T23:01:19Z,2026-08-10,1,1,Disneyland Park,Mad Hatter's Tea Cups,20,CLOSED,STANDBY,0,,,queue-times.com
2026-08-09T23:01:19Z,2026-08-10,1,1,Disneyland Park,Meet Mickey Mouse,13,CLOSED,STANDBY,0,,,queue-times.com
2026-08-09T23:01:19Z,2026-08-10,1,1,Disneyland Park,Peter Pan's Flight,22,CLOSED,STANDBY,0,,,queue-times.com
2026-08-09T23:01:19Z,2026-08-10,1,1,Disneyland Park,Princess Pavilion,24,CLOSED,STANDBY,0,,,queue-times.com
2026-08-09T23:01:19Z,2026-08-10,1,1,Disneyland Park,Big Thunder Mountain,25,CLOSED,STANDBY,0,,,queue-times.com
2026-08-09T23:01:19Z,2026-08-10,1,1,Disneyland Park,Disneyland Railroad Frontierland Depot,2714,CLOSED,STANDBY,0,,,queue-times.com
2026-08-09T23:01:19Z,2026-08-10,1,1,Disneyland Park,Frontierland Playground,2713,CLOSED,STANDBY,0,,,queue-times.com
2026-08-09T23:01:19Z,2026-08-10,1,1,Disneyland Park,Phantom Manor,26,CLOSED,STANDBY,0,,,queue-times.com
2026-08-09T23:01:19Z,2026-08-10,1,1,Disneyland Park,River Rogue Keelboats,27,CLOSED,STANDBY,0,,,queue-times.com
2026-08-09T23:01:19Z,2026-08-10,1,1,Disneyland Park,Rustler Roundup Shootin' Gallery,2712,CLOSED,STANDBY,0,,,queue-times.com
2026-08-09T23:01:19Z,2026-08-10,1,1,Disneyland Park,Thunder Mesa Riverboat Landing,28,CLOSED,STANDBY,0,,,queue-times.com
2026-08-09T23:01:19Z,2026-08-10,1,1,Disneyland Park,Disneyland Railroad Main Street Station,2708,CLOSED,STANDBY,0,,,queue-times.com
2026-08-09T23:01:19Z,2026-08-10,1,1,Disneyland Park,Main Street Vehicles,12,CLOSED,STANDBY,0,,,queue-times.com
2026-08-09T23:01:19Z,2026-08-10,1,1,Disney Adventure World,Avengers Assemble: Flight Force,10848,CLOSED,STANDBY,0,,,queue-times.com
2026-08-09T23:01:19Z,2026-08-10,1,1,Disney Adventure World,Avengers Assemble: Flight Force Single Rider,10849,CLOSED,STANDBY,0,,,queue-times.com
2026-08-09T23:01:19Z,2026-08-10,1,1,Disney Adventure World,Spider-Man W.E.B. Adventure,10845,CLOSED,STANDBY,0,,,queue-times.com
2026-08-09T23:01:19Z,2026-08-10,1,1,Disney Adventure World,Spider-Man W.E.B. Adventure Single Rider,10846,CLOSED,STANDBY,0,,,queue-times.com
2026-08-09T23:01:19Z,2026-08-10,1,1,Disney Adventure World,The Twilight Zone Tower of Terror,40,CLOSED,STANDBY,0,,,queue-times.com
2026-08-09T23:01:19Z,2026-08-10,1,1,Disney Adventure World,Cars Quatre Roues Rallye,31,CLOSED,STANDBY,0,,,queue-times.com
2026-08-09T23:01:19Z,2026-08-10,1,1,Disney Adventure World,Cars ROAD TRIP,29,CLOSED,STANDBY,0,,,queue-times.com
2026-08-09T23:01:19Z,2026-08-10,1,1,Disney Adventure World,Crush's Coaster,32,CLOSED,STANDBY,0,,,queue-times.com
2026-08-09T23:01:19Z,2026-08-10,1,1,Disney Adventure World,Crush's Coaster Single Rider,7277,CLOSED,STANDBY,0,,,queue-times.com
2026-08-09T23:01:19Z,2026-08-10,1,1,Disney Adventure World,Les Tapis Volants - Flying Carpets Over Agrabah®,33,CLOSED,STANDBY,0,,,queue-times.com
2026-08-09T23:01:19Z,2026-08-10,1,1,Disney Adventure World,Ratatouille : L’Aventure Totalement Toquée de Rémy​,37,CLOSED,STANDBY,0,,,queue-times.com
2026-08-09T23:01:19Z,2026-08-10,1,1,Disney Adventure World,Ratatouille: The Adventure Single Rider,7279,CLOSED,STANDBY,0,,,queue-times.com
2026-08-09T23:01:19Z,2026-08-10,1,1,Disney Adventure World,RC Racer,34,CLOSED,STANDBY,0,,,queue-times.com
2026-08-09T23:01:19Z,2026-08-10,1,1,Disney Adventure World,RC Racer Single Rider,7280,CLOSED,STANDBY,0,,,queue-times.com
2026-08-09T23:01:19Z,2026-08-10,1,1,Disney Adventure World,Slinky® Dog Zigzag Spin,36,CLOSED,STANDBY,0,,,queue-times.com
2026-08-09T23:01:19Z,2026-08-10,1,1,Disney Adventure World,Toy Soldiers Parachute Drop,35,CLOSED,STANDBY,0,,,queue-times.com
2026-08-09T23:01:19Z,2026-08-10,1,1,Disney Adventure World,Toy Soldiers Parachute Drop Single Rider,7281,CLOSED,STANDBY,0,,,queue-times.com
2026-08-09T23:01:19Z,2026-08-10,1,1,Disney Adventure World,Entry to World of Frozen,16247,CLOSED,STANDBY,0,,,queue-times.com
2026-08-09T23:01:19Z,2026-08-10,1,1,Disney Adventure World,Frozen Ever After,15413,CLOSED,STANDBY,0,,,queue-times.com
2026-08-09T23:01:19Z,2026-08-10,1,1,Disney Adventure World,Raiponce Tangled Spin,15415,CLOSED,STANDBY,0,,,queue-times.com
2026-08-09T23:15:54Z,2026-08-10,1,15,Disneyland Park,Adventure Isle,2702,CLOSED,STANDBY,0,,,queue-times.com
2026-08-09T23:15:54Z,2026-08-10,1,15,Disneyland Park,Indiana Jones and the Temple of Peril Single Rider,7306,CLOSED,STANDBY,0,,,queue-times.com
2026-08-09T23:15:54Z,2026-08-10,1,15,Disneyland Park,Indiana Jones™ and the Temple of Peril,2,CLOSED,STANDBY,0,,,queue-times.com
2026-08-09T23:15:54Z,2026-08-10,1,15,Disneyland Park,La Cabane des Robinson,1,CLOSED,STANDBY,0,,,queue-times.com
2026-08-09T23:15:54Z,2026-08-10,1,15,Disneyland Park,Le Passage Enchanté d'Aladdin,2703,CLOSED,STANDBY,0,,,queue-times.com
2026-08-09T23:15:54Z,2026-08-10,1,15,Disneyland Park,Pirate Galleon,2705,CLOSED,STANDBY,0,,,queue-times.com
2026-08-09T23:15:54Z,2026-08-10,1,15,Disneyland Park,Pirates of the Caribbean,3,CLOSED,STANDBY,0,,,queue-times.com
2026-08-09T23:15:54Z,2026-08-10,1,15,Disneyland Park,Pirates' Beach,2704,CLOSED,STANDBY,0,,,queue-times.com
2026-08-09T23:15:54Z,2026-08-10,1,15,Disneyland Park,"Autopia, presented by Avis",4,CLOSED,STANDBY,0,,,queue-times.com
2026-08-09T23:15:54Z,2026-08-10,1,15,Disneyland Park,Buzz Lightyear Laser Blast,5,CLOSED,STANDBY,0,,,queue-times.com
2026-08-09T23:15:54Z,2026-08-10,1,15,Disneyland Park,Disneyland Railroad Discoveryland Station,2706,CLOSED,STANDBY,0,,,queue-times.com
2026-08-09T23:15:54Z,2026-08-10,1,15,Disneyland Park,Les Mystères du Nautilus,6,CLOSED,STANDBY,0,,,queue-times.com
2026-08-09T23:15:54Z,2026-08-10,1,15,Disneyland Park,Mickey’s PhilharMagic,2707,CLOSED,STANDBY,0,,,queue-times.com
2026-08-09T23:15:54Z,2026-08-10,1,15,Disneyland Park,Orbitron®,7,CLOSED,STANDBY,0,,,queue-times.com
2026-08-09T23:15:54Z,2026-08-10,1,15,Disneyland Park,Star Tours: The Adventures Continue*,9,CLOSED,STANDBY,0,,,queue-times.com
2026-08-09T23:15:54Z,2026-08-10,1,15,Disneyland Park,Star Wars Hyperspace Mountain,8,CLOSED,STANDBY,0,,,queue-times.com
2026-08-09T23:15:54Z,2026-08-10,1,15,Disneyland Park,Star Wars Hyperspace Mountain Single Rider,7278,CLOSED,STANDBY,0,,,queue-times.com
2026-08-09T23:15:54Z,2026-08-10,1,15,Disneyland Park,Welcome to Starport: A Star Wars Encounter,4573,CLOSED,STANDBY,0,,,queue-times.com
2026-08-09T23:15:54Z,2026-08-10,1,15,Disneyland Park,"""it's a small world""",19,CLOSED,STANDBY,0,,,queue-times.com
2026-08-09T23:15:54Z,2026-08-10,1,15,Disneyland Park,Alice's Curious Labyrinth,14,CLOSED,STANDBY,0,,,queue-times.com
2026-08-09T23:15:54Z,2026-08-10,1,15,Disneyland Park,Blanche-Neige et les Sept Nains®,15,CLOSED,STANDBY,0,,,queue-times.com
2026-08-09T23:15:54Z,2026-08-10,1,15,Disneyland Park,Casey Jr. – le Petit Train du Cirque,17,CLOSED,STANDBY,0,,,queue-times.com
2026-08-09T23:15:54Z,2026-08-10,1,15,Disneyland Park,Disneyland Railroad Fantasyland Station,2711,CLOSED,STANDBY,0,,,queue-times.com
2026-08-09T23:15:54Z,2026-08-10,1,15,Disneyland Park,Disneyland Railroad Main Street Station,11,CLOSED,STANDBY,0,,,queue-times.com
2026-08-09T23:15:54Z,2026-08-10,1,15,Disneyland Park,Dumbo the Flying Elephant,18,CLOSED,STANDBY,0,,,queue-times.com
2026-08-09T23:15:54Z,2026-08-10,1,15,Disneyland Park,La Tanière du Dragon,2710,CLOSED,STANDBY,0,,,queue-times.com
2026-08-09T23:15:54Z,2026-08-10,1,15,Disneyland Park,Le Carrousel de Lancelot,16,CLOSED,STANDBY,0,,,queue-times.com
2026-08-09T23:15:54Z,2026-08-10,1,15,Disneyland Park,"Le Pays des Contes de Fées, presented by Vittel",21,CLOSED,STANDBY,0,,,queue-times.com
2026-08-09T23:15:54Z,2026-08-10,1,15,Disneyland Park,Les Voyages de Pinocchio,23,CLOSED,STANDBY,0,,,queue-times.com
2026-08-09T23:15:54Z,2026-08-10,1,15,Disneyland Park,Mad Hatter's Tea Cups,20,CLOSED,STANDBY,0,,,queue-times.com
2026-08-09T23:15:54Z,2026-08-10,1,15,Disneyland Park,Meet Mickey Mouse,13,CLOSED,STANDBY,0,,,queue-times.com
2026-08-09T23:15:54Z,2026-08-10,1,15,Disneyland Park,Peter Pan's Flight,22,CLOSED,STANDBY,0,,,queue-times.com
2026-08-09T23:15:54Z,2026-08-10,1,15,Disneyland Park,Princess Pavilion,24,CLOSED,STANDBY,0,,,queue-times.com
2026-08-09T23:15:54Z,2026-08-10,1,15,Disneyland Park,Big Thunder Mountain,25,CLOSED,STANDBY,0,,,queue-times.com
2026-08-09T23:15:54Z,2026-08-10,1,15,Disneyland Park,Disneyland Railroad Frontierland Depot,2714,CLOSED,STANDBY,0,,,queue-times.com
2026-08-09T23:15:54Z,2026-08-10,1,15,Disneyland Park,Frontierland Playground,2713,CLOSED,STANDBY,0,,,queue-times.com
2026-08-09T23:15:54Z,2026-08-10,1,15,Disneyland Park,Phantom Manor,26,CLOSED,STANDBY,0,,,queue-times.com
2026-08-09T23:15:54Z,2026-08-10,1,15,Disneyland Park,River Rogue Keelboats,27,CLOSED,STANDBY,0,,,queue-times.com
2026-08-09T23:15:54Z,2026-08-10,1,15,Disneyland Park,Rustler Roundup Shootin' Gallery,2712,CLOSED,STANDBY,0,,,queue-times.com
2026-08-09T23:15:54Z,2026-08-10,1,15,Disneyland Park,Thunder Mesa Riverboat Landing,28,CLOSED,STANDBY,0,,,queue-times.com
2026-08-09T23:15:54Z,2026-08-10,1,15,Disneyland Park,Disneyland Railroad Main Street Station,2708,CLOSED,STANDBY,0,,,queue-times.com
2026-08-09T23:15:54Z,2026-08-10,1,15,Disneyland Park,Main Street Vehicles,12,CLOSED,STANDBY,0,,,queue-times.com
2026-08-09T23:15:54Z,2026-08-10,1,15,Disney Adventure World,Avengers Assemble: Flight Force,10848,CLOSED,STANDBY,0,,,queue-times.com
2026-08-09T23:15:54Z,2026-08-10,1,15,Disney Adventure World,Avengers Assemble: Flight Force Single Rider,10849,CLOSED,STANDBY,0,,,queue-times.com
2026-08-09T23:15:54Z,2026-08-10,1,15,Disney Adventure World,Spider-Man W.E.B. Adventure,10845,CLOSED,STANDBY,0,,,queue-times.com
2026-08-09T23:15:54Z,2026-08-10,1,15,Disney Adventure World,Spider-Man W.E.B. Adventure Single Rider,10846,CLOSED,STANDBY,0,,,queue-times.com
2026-08-09T23:15:54Z,2026-08-10,1,15,Disney Adventure World,The Twilight Zone Tower of Terror,40,CLOSED,STANDBY,0,,,queue-times.com
2026-08-09T23:15:54Z,2026-08-10,1,15,Disney Adventure World,Cars Quatre Roues Rallye,31,CLOSED,STANDBY,0,,,queue-times.com
2026-08-09T23:15:54Z,2026-08-10,1,15,Disney Adventure World,Cars ROAD TRIP,29,CLOSED,STANDBY,0,,,queue-times.com
2026-08-09T23:15:54Z,2026-08-10,1,15,Disney Adventure World,Crush's Coaster,32,CLOSED,STANDBY,0,,,queue-times.com
2026-08-09T23:15:54Z,2026-08-10,1,15,Disney Adventure World,Crush's Coaster Single Rider,7277,CLOSED,STANDBY,0,,,queue-times.com
2026-08-09T23:15:54Z,2026-08-10,1,15,Disney Adventure World,Les Tapis Volants - Flying Carpets Over Agrabah®,33,CLOSED,STANDBY,0,,,queue-times.com
2026-08-09T23:15:54Z,2026-08-10,1,15,Disney Adventure World,Ratatouille : L’Aventure Totalement Toquée de Rémy​,37,CLOSED,STANDBY,0,,,queue-times.com
2026-08-09T23:15:54Z,2026-08-10,1,15,Disney Adventure World,Ratatouille: The Adventure Single Rider,7279,CLOSED,STANDBY,0,,,queue-times.com
2026-08-09T23:15:54Z,2026-08-10,1,15,Disney Adventure World,RC Racer,34,CLOSED,STANDBY,0,,,queue-times.com
2026-08-09T23:15:54Z,2026-08-10,1,15,Disney Adventure World,RC Racer Single Rider,7280,CLOSED,STANDBY,0,,,queue-times.com
2026-08-09T23:15:54Z,2026-08-10,1,15,Disney Adventure World,Slinky® Dog Zigzag Spin,36,CLOSED,STANDBY,0,,,queue-times.com
2026-08-09T23:15:54Z,2026-08-10,1,15,Disney Adventure World,Toy Soldiers Parachute Drop,35,CLOSED,STANDBY,0,,,queue-times.com
2026-08-09T23:15:54Z,2026-08-10,1,15,Disney Adventure World,Toy Soldiers Parachute Drop Single Rider,7281,CLOSED,STANDBY,0,,,queue-times.com
2026-08-09T23:15:54Z,2026-08-10,1,15,Disney Adventure World,Entry to World of Frozen,16247,CLOSED,STANDBY,0,,,queue-times.com
2026-08-09T23:15:54Z,2026-08-10,1,15,Disney Adventure World,Frozen Ever After,15413,CLOSED,STANDBY,0,,,queue-times.com
2026-08-09T23:15:54Z,2026-08-10,1,15,Disney Adventure World,Raiponce Tangled Spin,15415,CLOSED,STANDBY,0,,,queue-times.com
2026-08-09T23:31:12Z,2026-08-10,1,31,Disneyland Park,Adventure Isle,2702,CLOSED,STANDBY,0,,,queue-times.com
2026-08-09T23:31:12Z,2026-08-10,1,31,Disneyland Park,Indiana Jones and the Temple of Peril Single Rider,7306,CLOSED,STANDBY,0,,,queue-times.com
2026-08-09T23:31:12Z,2026-08-10,1,31,Disneyland Park,Indiana Jones™ and the Temple of Peril,2,CLOSED,STANDBY,0,,,queue-times.com
2026-08-09T23:31:12Z,2026-08-10,1,31,Disneyland Park,La Cabane des Robinson,1,CLOSED,STANDBY,0,,,queue-times.com
2026-08-09T23:31:12Z,2026-08-10,1,31,Disneyland Park,Le Passage Enchanté d'Aladdin,2703,CLOSED,STANDBY,0,,,queue-times.com
2026-08-09T23:31:12Z,2026-08-10,1,31,Disneyland Park,Pirate Galleon,2705,CLOSED,STANDBY,0,,,queue-times.com
2026-08-09T23:31:12Z,2026-08-10,1,31,Disneyland Park,Pirates of the Caribbean,3,CLOSED,STANDBY,0,,,queue-times.com
2026-08-09T23:31:12Z,2026-08-10,1,31,Disneyland Park,Pirates' Beach,2704,CLOSED,STANDBY,0,,,queue-times.com
2026-08-09T23:31:12Z,2026-08-10,1,31,Disneyland Park,"Autopia, presented by Avis",4,CLOSED,STANDBY,0,,,queue-times.com
2026-08-09T23:31:12Z,2026-08-10,1,31,Disneyland Park,Buzz Lightyear Laser Blast,5,CLOSED,STANDBY,0,,,queue-times.com
2026-08-09T23:31:12Z,2026-08-10,1,31,Disneyland Park,Disneyland Railroad Discoveryland Station,2706,CLOSED,STANDBY,0,,,queue-times.com
2026-08-09T23:31:12Z,2026-08-10,1,31,Disneyland Park,Les Mystères du Nautilus,6,CLOSED,STANDBY,0,,,queue-times.com
2026-08-09T23:31:12Z,2026-08-10,1,31,Disneyland Park,Mickey’s PhilharMagic,2707,CLOSED,STANDBY,0,,,queue-times.com
2026-08-09T23:31:12Z,2026-08-10,1,31,Disneyland Park,Orbitron®,7,CLOSED,STANDBY,0,,,queue-times.com
2026-08-09T23:31:12Z,2026-08-10,1,31,Disneyland Park,Star Tours: The Adventures Continue*,9,CLOSED,STANDBY,0,,,queue-times.com
2026-08-09T23:31:12Z,2026-08-10,1,31,Disneyland Park,Star Wars Hyperspace Mountain,8,CLOSED,STANDBY,0,,,queue-times.com
2026-08-09T23:31:12Z,2026-08-10,1,31,Disneyland Park,Star Wars Hyperspace Mountain Single Rider,7278,CLOSED,STANDBY,0,,,queue-times.com
2026-08-09T23:31:12Z,2026-08-10,1,31,Disneyland Park,Welcome to Starport: A Star Wars Encounter,4573,CLOSED,STANDBY,0,,,queue-times.com
2026-08-09T23:31:12Z,2026-08-10,1,31,Disneyland Park,"""it's a small world""",19,CLOSED,STANDBY,0,,,queue-times.com
2026-08-09T23:31:12Z,2026-08-10,1,31,Disneyland Park,Alice's Curious Labyrinth,14,CLOSED,STANDBY,0,,,queue-times.com
2026-08-09T23:31:12Z,2026-08-10,1,31,Disneyland Park,Blanche-Neige et les Sept Nains®,15,CLOSED,STANDBY,0,,,queue-times.com
2026-08-09T23:31:12Z,2026-08-10,1,31,Disneyland Park,Casey Jr. – le Petit Train du Cirque,17,CLOSED,STANDBY,0,,,queue-times.com
2026-08-09T23:31:12Z,2026-08-10,1,31,Disneyland Park,Disneyland Railroad Fantasyland Station,2711,CLOSED,STANDBY,0,,,queue-times.com
2026-08-09T23:31:12Z,2026-08-10,1,31,Disneyland Park,Disneyland Railroad Main Street Station,11,CLOSED,STANDBY,0,,,queue-times.com
2026-08-09T23:31:12Z,2026-08-10,1,31,Disneyland Park,Dumbo the Flying Elephant,18,CLOSED,STANDBY,0,,,queue-times.com
2026-08-09T23:31:12Z,2026-08-10,1,31,Disneyland Park,La Tanière du Dragon,2710,CLOSED,STANDBY,0,,,queue-times.com
2026-08-09T23:31:12Z,2026-08-10,1,31,Disneyland Park,Le Carrousel de Lancelot,16,CLOSED,STANDBY,0,,,queue-times.com
2026-08-09T23:31:12Z,2026-08-10,1,31,Disneyland Park,"Le Pays des Contes de Fées, presented by Vittel",21,CLOSED,STANDBY,0,,,queue-times.com
2026-08-09T23:31:12Z,2026-08-10,1,31,Disneyland Park,Les Voyages de Pinocchio,23,CLOSED,STANDBY,0,,,queue-times.com
2026-08-09T23:31:12Z,2026-08-10,1,31,Disneyland Park,Mad Hatter's Tea Cups,20,CLOSED,STANDBY,0,,,queue-times.com
2026-08-09T23:31:12Z,2026-08-10,1,31,Disneyland Park,Meet Mickey Mouse,13,CLOSED,STANDBY,0,,,queue-times.com
2026-08-09T23:31:12Z,2026-08-10,1,31,Disneyland Park,Peter Pan's Flight,22,CLOSED,STANDBY,0,,,queue-times.com
2026-08-09T23:31:12Z,2026-08-10,1,31,Disneyland Park,Princess Pavilion,24,CLOSED,STANDBY,0,,,queue-times.com
2026-08-09T23:31:12Z,2026-08-10,1,31,Disneyland Park,Big Thunder Mountain,25,CLOSED,STANDBY,0,,,queue-times.com
2026-08-09T23:31:12Z,2026-08-10,1,31,Disneyland Park,Disneyland Railroad Frontierland Depot,2714,CLOSED,STANDBY,0,,,queue-times.com
2026-08-09T23:31:12Z,2026-08-10,1,31,Disneyland Park,Frontierland Playground,2713,CLOSED,STANDBY,0,,,queue-times.com
2026-08-09T23:31:12Z,2026-08-10,1,31,Disneyland Park,Phantom Manor,26,CLOSED,STANDBY,0,,,queue-times.com
2026-08-09T23:31:12Z,2026-08-10,1,31,Disneyland Park,River Rogue Keelboats,27,CLOSED,STANDBY,0,,,queue-times.com
2026-08-09T23:31:12Z,2026-08-10,1,31,Disneyland Park,Rustler Roundup Shootin' Gallery,2712,CLOSED,STANDBY,0,,,queue-times.com
2026-08-09T23:31:12Z,2026-08-10,1,31,Disneyland Park,Thunder Mesa Riverboat Landing,28,CLOSED,STANDBY,0,,,queue-times.com
2026-08-09T23:31:12Z,2026-08-10,1,31,Disneyland Park,Disneyland Railroad Main Street Station,2708,CLOSED,STANDBY,0,,,queue-times.com
2026-08-09T23:31:12Z,2026-08-10,1,31,Disneyland Park,Main Street Vehicles,12,CLOSED,STANDBY,0,,,queue-times.com
2026-08-09T23:31:12Z,2026-08-10,1,31,Disney Adventure World,Avengers Assemble: Flight Force,10848,CLOSED,STANDBY,0,,,queue-times.com
2026-08-09T23:31:12Z,2026-08-10,1,31,Disney Adventure World,Avengers Assemble: Flight Force Single Rider,10849,CLOSED,STANDBY,0,,,queue-times.com
2026-08-09T23:31:12Z,2026-08-10,1,31,Disney Adventure World,Spider-Man W.E.B. Adventure,10845,CLOSED,STANDBY,0,,,queue-times.com
2026-08-09T23:31:12Z,2026-08-10,1,31,Disney Adventure World,Spider-Man W.E.B. Adventure Single Rider,10846,CLOSED,STANDBY,0,,,queue-times.com
2026-08-09T23:31:12Z,2026-08-10,1,31,Disney Adventure World,The Twilight Zone Tower of Terror,40,CLOSED,STANDBY,0,,,queue-times.com
2026-08-09T23:31:12Z,2026-08-10,1,31,Disney Adventure World,Cars Quatre Roues Rallye,31,CLOSED,STANDBY,0,,,queue-times.com
2026-08-09T23:31:12Z,2026-08-10,1,31,Disney Adventure World,Cars ROAD TRIP,29,CLOSED,STANDBY,0,,,queue-times.com
2026-08-09T23:31:12Z,2026-08-10,1,31,Disney Adventure World,Crush's Coaster,32,CLOSED,STANDBY,0,,,queue-times.com
2026-08-09T23:31:12Z,2026-08-10,1,31,Disney Adventure World,Crush's Coaster Single Rider,7277,CLOSED,STANDBY,0,,,queue-times.com
2026-08-09T23:31:12Z,2026-08-10,1,31,Disney Adventure World,Les Tapis Volants - Flying Carpets Over Agrabah®,33,CLOSED,STANDBY,0,,,queue-times.com
2026-08-09T23:31:12Z,2026-08-10,1,31,Disney Adventure World,Ratatouille : L’Aventure Totalement Toquée de Rémy​,37,CLOSED,STANDBY,0,,,queue-times.com
2026-08-09T23:31:12Z,2026-08-10,1,31,Disney Adventure World,Ratatouille: The Adventure Single Rider,7279,CLOSED,STANDBY,0,,,queue-times.com
2026-08-09T23:31:12Z,2026-08-10,1,31,Disney Adventure World,RC Racer,34,CLOSED,STANDBY,0,,,queue-times.com
2026-08-09T23:31:12Z,2026-08-10,1,31,Disney Adventure World,RC Racer Single Rider,7280,CLOSED,STANDBY,0,,,queue-times.com
2026-08-09T23:31:12Z,2026-08-10,1,31,Disney Adventure World,Slinky® Dog Zigzag Spin,36,CLOSED,STANDBY,0,,,queue-times.com
2026-08-09T23:31:12Z,2026-08-10,1,31,Disney Adventure World,Toy Soldiers Parachute Drop,35,CLOSED,STANDBY,0,,,queue-times.com
2026-08-09T23:31:12Z,2026-08-10,1,31,Disney Adventure World,Toy Soldiers Parachute Drop Single Rider,7281,CLOSED,STANDBY,0,,,queue-times.com
2026-08-09T23:31:12Z,2026-08-10,1,31,Disney Adventure World,Entry to World of Frozen,16247,CLOSED,STANDBY,0,,,queue-times.com
2026-08-09T23:31:12Z,2026-08-10,1,31,Disney Adventure World,Frozen Ever After,15413,CLOSED,STANDBY,0,,,queue-times.com
2026-08-09T23:31:12Z,2026-08-10,1,31,Disney Adventure World,Raiponce Tangled Spin,15415,CLOSED,STANDBY,0,,,queue-times.com
2026-08-09T23:45:46Z,2026-08-10,1,45,Disneyland Park,Adventure Isle,2702,CLOSED,STANDBY,0,,,queue-times.com
2026-08-09T23:45:46Z,2026-08-10,1,45,Disneyland Park,Indiana Jones and the Temple of Peril Single Rider,7306,CLOSED,STANDBY,0,,,queue-times.com
2026-08-09T23:45:46Z,2026-08-10,1,45,Disneyland Park,Indiana Jones™ and the Temple of Peril,2,CLOSED,STANDBY,0,,,queue-times.com
2026-08-09T23:45:46Z,2026-08-10,1,45,Disneyland Park,La Cabane des Robinson,1,CLOSED,STANDBY,0,,,queue-times.com
2026-08-09T23:45:46Z,2026-08-10,1,45,Disneyland Park,Le Passage Enchanté d'Aladdin,2703,CLOSED,STANDBY,0,,,queue-times.com
2026-08-09T23:45:46Z,2026-08-10,1,45,Disneyland Park,Pirate Galleon,2705,CLOSED,STANDBY,0,,,queue-times.com
2026-08-09T23:45:46Z,2026-08-10,1,45,Disneyland Park,Pirates of the Caribbean,3,CLOSED,STANDBY,0,,,queue-times.com
2026-08-09T23:45:46Z,2026-08-10,1,45,Disneyland Park,Pirates' Beach,2704,CLOSED,STANDBY,0,,,queue-times.com
2026-08-09T23:45:46Z,2026-08-10,1,45,Disneyland Park,"Autopia, presented by Avis",4,CLOSED,STANDBY,0,,,queue-times.com
2026-08-09T23:45:46Z,2026-08-10,1,45,Disneyland Park,Buzz Lightyear Laser Blast,5,CLOSED,STANDBY,0,,,queue-times.com
2026-08-09T23:45:46Z,2026-08-10,1,45,Disneyland Park,Disneyland Railroad Discoveryland Station,2706,CLOSED,STANDBY,0,,,queue-times.com
2026-08-09T23:45:46Z,2026-08-10,1,45,Disneyland Park,Les Mystères du Nautilus,6,CLOSED,STANDBY,0,,,queue-times.com
2026-08-09T23:45:46Z,2026-08-10,1,45,Disneyland Park,Mickey’s PhilharMagic,2707,CLOSED,STANDBY,0,,,queue-times.com
2026-08-09T23:45:46Z,2026-08-10,1,45,Disneyland Park,Orbitron®,7,CLOSED,STANDBY,0,,,queue-times.com
2026-08-09T23:45:46Z,2026-08-10,1,45,Disneyland Park,Star Tours: The Adventures Continue*,9,CLOSED,STANDBY,0,,,queue-times.com
2026-08-09T23:45:46Z,2026-08-10,1,45,Disneyland Park,Star Wars Hyperspace Mountain,8,CLOSED,STANDBY,0,,,queue-times.com
2026-08-09T23:45:46Z,2026-08-10,1,45,Disneyland Park,Star Wars Hyperspace Mountain Single Rider,7278,CLOSED,STANDBY,0,,,queue-times.com
2026-08-09T23:45:46Z,2026-08-10,1,45,Disneyland Park,Welcome to Starport: A Star Wars Encounter,4573,CLOSED,STANDBY,0,,,queue-times.com
2026-08-09T23:45:46Z,2026-08-10,1,45,Disneyland Park,"""it's a small world""",19,CLOSED,STANDBY,0,,,queue-times.com
2026-08-09T23:45:46Z,2026-08-10,1,45,Disneyland Park,Alice's Curious Labyrinth,14,CLOSED,STANDBY,0,,,queue-times.com
2026-08-09T23:45:46Z,2026-08-10,1,45,Disneyland Park,Blanche-Neige et les Sept Nains®,15,CLOSED,STANDBY,0,,,queue-times.com
2026-08-09T23:45:46Z,2026-08-10,1,45,Disneyland Park,Casey Jr. – le Petit Train du Cirque,17,CLOSED,STANDBY,0,,,queue-times.com
2026-08-09T23:45:46Z,2026-08-10,1,45,Disneyland Park,Disneyland Railroad Fantasyland Station,2711,CLOSED,STANDBY,0,,,queue-times.com
2026-08-09T23:45:46Z,2026-08-10,1,45,Disneyland Park,Disneyland Railroad Main Street Station,11,CLOSED,STANDBY,0,,,queue-times.com
2026-08-09T23:45:46Z,2026-08-10,1,45,Disneyland Park,Dumbo the Flying Elephant,18,CLOSED,STANDBY,0,,,queue-times.com
2026-08-09T23:45:46Z,2026-08-10,1,45,Disneyland Park,La Tanière du Dragon,2710,CLOSED,STANDBY,0,,,queue-times.com
2026-08-09T23:45:46Z,2026-08-10,1,45,Disneyland Park,Le Carrousel de Lancelot,16,CLOSED,STANDBY,0,,,queue-times.com
2026-08-09T23:45:46Z,2026-08-10,1,45,Disneyland Park,"Le Pays des Contes de Fées, presented by Vittel",21,CLOSED,STANDBY,0,,,queue-times.com
2026-08-09T23:45:46Z,2026-08-10,1,45,Disneyland Park,Les Voyages de Pinocchio,23,CLOSED,STANDBY,0,,,queue-times.com
2026-08-09T23:45:46Z,2026-08-10,1,45,Disneyland Park,Mad Hatter's Tea Cups,20,CLOSED,STANDBY,0,,,queue-times.com
2026-08-09T23:45:46Z,2026-08-10,1,45,Disneyland Park,Meet Mickey Mouse,13,CLOSED,STANDBY,0,,,queue-times.com
2026-08-09T23:45:46Z,2026-08-10,1,45,Disneyland Park,Peter Pan's Flight,22,CLOSED,STANDBY,0,,,queue-times.com
2026-08-09T23:45:46Z,2026-08-10,1,45,Disneyland Park,Princess Pavilion,24,CLOSED,STANDBY,0,,,queue-times.com
2026-08-09T23:45:46Z,2026-08-10,1,45,Disneyland Park,Big Thunder Mountain,25,CLOSED,STANDBY,0,,,queue-times.com
2026-08-09T23:45:46Z,2026-08-10,1,45,Disneyland Park,Disneyland Railroad Frontierland Depot,2714,CLOSED,STANDBY,0,,,queue-times.com
2026-08-09T23:45:46Z,2026-08-10,1,45,Disneyland Park,Frontierland Playground,2713,CLOSED,STANDBY,0,,,queue-times.com
2026-08-09T23:45:46Z,2026-08-10,1,45,Disneyland Park,Phantom Manor,26,CLOSED,STANDBY,0,,,queue-times.com
2026-08-09T23:45:46Z,2026-08-10,1,45,Disneyland Park,River Rogue Keelboats,27,CLOSED,STANDBY,0,,,queue-times.com
2026-08-09T23:45:46Z,2026-08-10,1,45,Disneyland Park,Rustler Roundup Shootin' Gallery,2712,CLOSED,STANDBY,0,,,queue-times.com
2026-08-09T23:45:46Z,2026-08-10,1,45,Disneyland Park,Thunder Mesa Riverboat Landing,28,CLOSED,STANDBY,0,,,queue-times.com
2026-08-09T23:45:46Z,2026-08-10,1,45,Disneyland Park,Disneyland Railroad Main Street Station,2708,CLOSED,STANDBY,0,,,queue-times.com
2026-08-09T23:45:46Z,2026-08-10,1,45,Disneyland Park,Main Street Vehicles,12,CLOSED,STANDBY,0,,,queue-times.com
2026-08-09T23:45:46Z,2026-08-10,1,45,Disney Adventure World,Avengers Assemble: Flight Force,10848,CLOSED,STANDBY,0,,,queue-times.com
2026-08-09T23:45:46Z,2026-08-10,1,45,Disney Adventure World,Avengers Assemble: Flight Force Single Rider,10849,CLOSED,STANDBY,0,,,queue-times.com
2026-08-09T23:45:46Z,2026-08-10,1,45,Disney Adventure World,Spider-Man W.E.B. Adventure,10845,CLOSED,STANDBY,0,,,queue-times.com
2026-08-09T23:45:46Z,2026-08-10,1,45,Disney Adventure World,Spider-Man W.E.B. Adventure Single Rider,10846,CLOSED,STANDBY,0,,,queue-times.com
2026-08-09T23:45:46Z,2026-08-10,1,45,Disney Adventure World,The Twilight Zone Tower of Terror,40,CLOSED,STANDBY,0,,,queue-times.com
2026-08-09T23:45:46Z,2026-08-10,1,45,Disney Adventure World,Cars Quatre Roues Rallye,31,CLOSED,STANDBY,0,,,queue-times.com
2026-08-09T23:45:46Z,2026-08-10,1,45,Disney Adventure World,Cars ROAD TRIP,29,CLOSED,STANDBY,0,,,queue-times.com
2026-08-09T23:45:46Z,2026-08-10,1,45,Disney Adventure World,Crush's Coaster,32,CLOSED,STANDBY,0,,,queue-times.com
2026-08-09T23:45:46Z,2026-08-10,1,45,Disney Adventure World,Crush's Coaster Single Rider,7277,CLOSED,STANDBY,0,,,queue-times.com
2026-08-09T23:45:46Z,2026-08-10,1,45,Disney Adventure World,Les Tapis Volants - Flying Carpets Over Agrabah®,33,CLOSED,STANDBY,0,,,queue-times.com
2026-08-09T23:45:46Z,2026-08-10,1,45,Disney Adventure World,Ratatouille : L’Aventure Totalement Toquée de Rémy​,37,CLOSED,STANDBY,0,,,queue-times.com
2026-08-09T23:45:46Z,2026-08-10,1,45,Disney Adventure World,Ratatouille: The Adventure Single Rider,7279,CLOSED,STANDBY,0,,,queue-times.com
2026-08-09T23:45:46Z,2026-08-10,1,45,Disney Adventure World,RC Racer,34,CLOSED,STANDBY,0,,,queue-times.com
2026-08-09T23:45:46Z,2026-08-10,1,45,Disney Adventure World,RC Racer Single Rider,7280,CLOSED,STANDBY,0,,,queue-times.com
2026-08-09T23:45:46Z,2026-08-10,1,45,Disney Adventure World,Slinky® Dog Zigzag Spin,36,CLOSED,STANDBY,0,,,queue-times.com
2026-08-09T23:45:46Z,2026-08-10,1,45,Disney Adventure World,Toy Soldiers Parachute Drop,35,CLOSED,STANDBY,0,,,queue-times.com
2026-08-09T23:45:46Z,2026-08-10,1,45,Disney Adventure World,Toy Soldiers Parachute Drop Single Rider,7281,CLOSED,STANDBY,0,,,queue-times.com
2026-08-09T23:45:46Z,2026-08-10,1,45,Disney Adventure World,Entry to World of Frozen,16247,CLOSED,STANDBY,0,,,queue-times.com
2026-08-09T23:45:46Z,2026-08-10,1,45,Disney Adventure World,Frozen Ever After,15413,CLOSED,STANDBY,0,,,queue-times.com
2026-08-09T23:45:46Z,2026-08-10,1,45,Disney Adventure World,Raiponce Tangled Spin,15415,CLOSED,STANDBY,0,,,queue-times.com
2026-08-10T06:01:22Z,2026-08-10,8,1,Disneyland Park,Adventure Isle,2702,CLOSED,STANDBY,0,,,queue-times.com
2026-08-10T06:01:22Z,2026-08-10,8,1,Disneyland Park,Indiana Jones and the Temple of Peril Single Rider,7306,CLOSED,STANDBY,0,,,queue-times.com
2026-08-10T06:01:22Z,2026-08-10,8,1,Disneyland Park,Indiana Jones™ and the Temple of Peril,2,CLOSED,STANDBY,0,,,queue-times.com
2026-08-10T06:01:22Z,2026-08-10,8,1,Disneyland Park,La Cabane des Robinson,1,CLOSED,STANDBY,0,,,queue-times.com
2026-08-10T06:01:22Z,2026-08-10,8,1,Disneyland Park,Le Passage Enchanté d'Aladdin,2703,CLOSED,STANDBY,0,,,queue-times.com
2026-08-10T06:01:22Z,2026-08-10,8,1,Disneyland Park,Pirate Galleon,2705,CLOSED,STANDBY,0,,,queue-times.com
2026-08-10T06:01:22Z,2026-08-10,8,1,Disneyland Park,Pirates of the Caribbean,3,CLOSED,STANDBY,0,,,queue-times.com
2026-08-10T06:01:22Z,2026-08-10,8,1,Disneyland Park,Pirates' Beach,2704,CLOSED,STANDBY,0,,,queue-times.com
2026-08-10T06:01:22Z,2026-08-10,8,1,Disneyland Park,"Autopia, presented by Avis",4,CLOSED,STANDBY,0,,,queue-times.com
2026-08-10T06:01:22Z,2026-08-10,8,1,Disneyland Park,Buzz Lightyear Laser Blast,5,CLOSED,STANDBY,0,,,queue-times.com
2026-08-10T06:01:22Z,2026-08-10,8,1,Disneyland Park,Disneyland Railroad Discoveryland Station,2706,CLOSED,STANDBY,0,,,queue-times.com
2026-08-10T06:01:22Z,2026-08-10,8,1,Disneyland Park,Les Mystères du Nautilus,6,CLOSED,STANDBY,0,,,queue-times.com
2026-08-10T06:01:22Z,2026-08-10,8,1,Disneyland Park,Mickey’s PhilharMagic,2707,CLOSED,STANDBY,0,,,queue-times.com
2026-08-10T06:01:22Z,2026-08-10,8,1,Disneyland Park,Orbitron®,7,CLOSED,STANDBY,0,,,queue-times.com
2026-08-10T06:01:22Z,2026-08-10,8,1,Disneyland Park,Star Tours: The Adventures Continue*,9,CLOSED,STANDBY,0,,,queue-times.com
2026-08-10T06:01:22Z,2026-08-10,8,1,Disneyland Park,Star Wars Hyperspace Mountain,8,CLOSED,STANDBY,0,,,queue-times.com
2026-08-10T06:01:22Z,2026-08-10,8,1,Disneyland Park,Star Wars Hyperspace Mountain Single Rider,7278,CLOSED,STANDBY,0,,,queue-times.com
2026-08-10T06:01:22Z,2026-08-10,8,1,Disneyland Park,Welcome to Starport: A Star Wars Encounter,4573,CLOSED,STANDBY,0,,,queue-times.com
2026-08-10T06:01:22Z,2026-08-10,8,1,Disneyland Park,"""it's a small world""",19,CLOSED,STANDBY,0,,,queue-times.com
2026-08-10T06:01:22Z,2026-08-10,8,1,Disneyland Park,Alice's Curious Labyrinth,14,CLOSED,STANDBY,0,,,queue-times.com
2026-08-10T06:01:22Z,2026-08-10,8,1,Disneyland Park,Blanche-Neige et les Sept Nains®,15,CLOSED,STANDBY,0,,,queue-times.com
2026-08-10T06:01:22Z,2026-08-10,8,1,Disneyland Park,Casey Jr. – le Petit Train du Cirque,17,CLOSED,STANDBY,0,,,queue-times.com
2026-08-10T06:01:22Z,2026-08-10,8,1,Disneyland Park,Disneyland Railroad Fantasyland Station,2711,CLOSED,STANDBY,0,,,queue-times.com
2026-08-10T06:01:22Z,2026-08-10,8,1,Disneyland Park,Disneyland Railroad Main Street Station,11,CLOSED,STANDBY,0,,,queue-times.com
2026-08-10T06:01:22Z,2026-08-10,8,1,Disneyland Park,Dumbo the Flying Elephant,18,CLOSED,STANDBY,0,,,queue-times.com
2026-08-10T06:01:22Z,2026-08-10,8,1,Disneyland Park,La Tanière du Dragon,2710,CLOSED,STANDBY,0,,,queue-times.com
2026-08-10T06:01:22Z,2026-08-10,8,1,Disneyland Park,Le Carrousel de Lancelot,16,CLOSED,STANDBY,0,,,queue-times.com
2026-08-10T06:01:22Z,2026-08-10,8,1,Disneyland Park,"Le Pays des Contes de Fées, presented by Vittel",21,CLOSED,STANDBY,0,,,queue-times.com
2026-08-10T06:01:22Z,2026-08-10,8,1,Disneyland Park,Les Voyages de Pinocchio,23,CLOSED,STANDBY,0,,,queue-times.com
2026-08-10T06:01:22Z,2026-08-10,8,1,Disneyland Park,Mad Hatter's Tea Cups,20,CLOSED,STANDBY,0,,,queue-times.com
2026-08-10T06:01:22Z,2026-08-10,8,1,Disneyland Park,Meet Mickey Mouse,13,CLOSED,STANDBY,0,,,queue-times.com
2026-08-10T06:01:22Z,2026-08-10,8,1,Disneyland Park,Peter Pan's Flight,22,CLOSED,STANDBY,0,,,queue-times.com
2026-08-10T06:01:22Z,2026-08-10,8,1,Disneyland Park,Princess Pavilion,24,CLOSED,STANDBY,0,,,queue-times.com
2026-08-10T06:01:22Z,2026-08-10,8,1,Disneyland Park,Big Thunder Mountain,25,CLOSED,STANDBY,0,,,queue-times.com
2026-08-10T06:01:22Z,2026-08-10,8,1,Disneyland Park,Disneyland Railroad Frontierland Depot,2714,CLOSED,STANDBY,0,,,queue-times.com
2026-08-10T06:01:22Z,2026-08-10,8,1,Disneyland Park,Frontierland Playground,2713,CLOSED,STANDBY,0,,,queue-times.com
2026-08-10T06:01:22Z,2026-08-10,8,1,Disneyland Park,Phantom Manor,26,CLOSED,STANDBY,0,,,queue-times.com
2026-08-10T06:01:22Z,2026-08-10,8,1,Disneyland Park,River Rogue Keelboats,27,CLOSED,STANDBY,0,,,queue-times.com
2026-08-10T06:01:22Z,2026-08-10,8,1,Disneyland Park,Rustler Roundup Shootin' Gallery,2712,CLOSED,STANDBY,0,,,queue-times.com
2026-08-10T06:01:22Z,2026-08-10,8,1,Disneyland Park,Thunder Mesa Riverboat Landing,28,CLOSED,STANDBY,0,,,queue-times.com
2026-08-10T06:01:22Z,2026-08-10,8,1,Disneyland Park,Disneyland Railroad Main Street Station,2708,CLOSED,STANDBY,0,,,queue-times.com
2026-08-10T06:01:22Z,2026-08-10,8,1,Disneyland Park,Main Street Vehicles,12,CLOSED,STANDBY,0,,,queue-times.com
2026-08-10T06:01:22Z,2026-08-10,8,1,Disney Adventure World,Avengers Assemble: Flight Force,10848,CLOSED,STANDBY,0,,,queue-times.com
2026-08-10T06:01:22Z,2026-08-10,8,1,Disney Adventure World,Avengers Assemble: Flight Force Single Rider,10849,CLOSED,STANDBY,0,,,queue-times.com
2026-08-10T06:01:22Z,2026-08-10,8,1,Disney Adventure World,Spider-Man W.E.B. Adventure,10845,CLOSED,STANDBY,0,,,queue-times.com
2026-08-10T06:01:22Z,2026-08-10,8,1,Disney Adventure World,Spider-Man W.E.B. Adventure Single Rider,10846,CLOSED,STANDBY,0,,,queue-times.com
2026-08-10T06:01:22Z,2026-08-10,8,1,Disney Adventure World,The Twilight Zone Tower of Terror,40,CLOSED,STANDBY,0,,,queue-times.com
2026-08-10T06:01:22Z,2026-08-10,8,1,Disney Adventure World,Cars Quatre Roues Rallye,31,CLOSED,STANDBY,0,,,queue-times.com
2026-08-10T06:01:22Z,2026-08-10,8,1,Disney Adventure World,Cars ROAD TRIP,29,CLOSED,STANDBY,0,,,queue-times.com
2026-08-10T06:01:22Z,2026-08-10,8,1,Disney Adventure World,Crush's Coaster,32,CLOSED,STANDBY,0,,,queue-times.com
2026-08-10T06:01:22Z,2026-08-10,8,1,Disney Adventure World,Crush's Coaster Single Rider,7277,CLOSED,STANDBY,0,,,queue-times.com
2026-08-10T06:01:22Z,2026-08-10,8,1,Disney Adventure World,Les Tapis Volants - Flying Carpets Over Agrabah®,33,CLOSED,STANDBY,0,,,queue-times.com
2026-08-10T06:01:22Z,2026-08-10,8,1,Disney Adventure World,Ratatouille : L’Aventure Totalement Toquée de Rémy​,37,CLOSED,STANDBY,0,,,queue-times.com
2026-08-10T06:01:22Z,2026-08-10,8,1,Disney Adventure World,Ratatouille: The Adventure Single Rider,7279,CLOSED,STANDBY,0,,,queue-times.com
2026-08-10T06:01:22Z,2026-08-10,8,1,Disney Adventure World,RC Racer,34,CLOSED,STANDBY,0,,,queue-times.com
2026-08-10T06:01:22Z,2026-08-10,8,1,Disney Adventure World,RC Racer Single Rider,7280,CLOSED,STANDBY,0,,,queue-times.com
2026-08-10T06:01:22Z,2026-08-10,8,1,Disney Adventure World,Slinky® Dog Zigzag Spin,36,CLOSED,STANDBY,0,,,queue-times.com
2026-08-10T06:01:22Z,2026-08-10,8,1,Disney Adventure World,Toy Soldiers Parachute Drop,35,CLOSED,STANDBY,0,,,queue-times.com
2026-08-10T06:01:22Z,2026-08-10,8,1,Disney Adventure World,Toy Soldiers Parachute Drop Single Rider,7281,CLOSED,STANDBY,0,,,queue-times.com
2026-08-10T06:01:22Z,2026-08-10,8,1,Disney Adventure World,Entry to World of Frozen,16247,CLOSED,STANDBY,0,,,queue-times.com
2026-08-10T06:01:22Z,2026-08-10,8,1,Disney Adventure World,Frozen Ever After,15413,CLOSED,STANDBY,0,,,queue-times.com
2026-08-10T06:01:22Z,2026-08-10,8,1,Disney Adventure World,Raiponce Tangled Spin,15415,CLOSED,STANDBY,0,,,queue-times.com
2026-08-10T06:15:47Z,2026-08-10,8,15,Disneyland Park,Adventure Isle,2702,CLOSED,STANDBY,0,,,queue-times.com
2026-08-10T06:15:47Z,2026-08-10,8,15,Disneyland Park,Indiana Jones and the Temple of Peril Single Rider,7306,CLOSED,STANDBY,0,,,queue-times.com
2026-08-10T06:15:47Z,2026-08-10,8,15,Disneyland Park,Indiana Jones™ and the Temple of Peril,2,CLOSED,STANDBY,0,,,queue-times.com
2026-08-10T06:15:47Z,2026-08-10,8,15,Disneyland Park,La Cabane des Robinson,1,CLOSED,STANDBY,0,,,queue-times.com
2026-08-10T06:15:47Z,2026-08-10,8,15,Disneyland Park,Le Passage Enchanté d'Aladdin,2703,CLOSED,STANDBY,0,,,queue-times.com
2026-08-10T06:15:47Z,2026-08-10,8,15,Disneyland Park,Pirate Galleon,2705,CLOSED,STANDBY,0,,,queue-times.com
2026-08-10T06:15:47Z,2026-08-10,8,15,Disneyland Park,Pirates of the Caribbean,3,CLOSED,STANDBY,0,,,queue-times.com
2026-08-10T06:15:47Z,2026-08-10,8,15,Disneyland Park,Pirates' Beach,2704,CLOSED,STANDBY,0,,,queue-times.com
2026-08-10T06:15:47Z,2026-08-10,8,15,Disneyland Park,"Autopia, presented by Avis",4,CLOSED,STANDBY,0,,,queue-times.com
2026-08-10T06:15:47Z,2026-08-10,8,15,Disneyland Park,Buzz Lightyear Laser Blast,5,CLOSED,STANDBY,0,,,queue-times.com
2026-08-10T06:15:47Z,2026-08-10,8,15,Disneyland Park,Disneyland Railroad Discoveryland Station,2706,CLOSED,STANDBY,0,,,queue-times.com
2026-08-10T06:15:47Z,2026-08-10,8,15,Disneyland Park,Les Mystères du Nautilus,6,CLOSED,STANDBY,0,,,queue-times.com
2026-08-10T06:15:47Z,2026-08-10,8,15,Disneyland Park,Mickey’s PhilharMagic,2707,CLOSED,STANDBY,0,,,queue-times.com
2026-08-10T06:15:47Z,2026-08-10,8,15,Disneyland Park,Orbitron®,7,CLOSED,STANDBY,0,,,queue-times.com
2026-08-10T06:15:47Z,2026-08-10,8,15,Disneyland Park,Star Tours: The Adventures Continue*,9,CLOSED,STANDBY,0,,,queue-times.com
2026-08-10T06:15:47Z,2026-08-10,8,15,Disneyland Park,Star Wars Hyperspace Mountain,8,CLOSED,STANDBY,0,,,queue-times.com
2026-08-10T06:15:47Z,2026-08-10,8,15,Disneyland Park,Star Wars Hyperspace Mountain Single Rider,7278,CLOSED,STANDBY,0,,,queue-times.com
2026-08-10T06:15:47Z,2026-08-10,8,15,Disneyland Park,Welcome to Starport: A Star Wars Encounter,4573,CLOSED,STANDBY,0,,,queue-times.com
2026-08-10T06:15:47Z,2026-08-10,8,15,Disneyland Park,"""it's a small world""",19,CLOSED,STANDBY,0,,,queue-times.com
2026-08-10T06:15:47Z,2026-08-10,8,15,Disneyland Park,Alice's Curious Labyrinth,14,CLOSED,STANDBY,0,,,queue-times.com
2026-08-10T06:15:47Z,2026-08-10,8,15,Disneyland Park,Blanche-Neige et les Sept Nains®,15,CLOSED,STANDBY,0,,,queue-times.com
2026-08-10T06:15:47Z,2026-08-10,8,15,Disneyland Park,Casey Jr. – le Petit Train du Cirque,17,CLOSED,STANDBY,0,,,queue-times.com
2026-08-10T06:15:47Z,2026-08-10,8,15,Disneyland Park,Disneyland Railroad Fantasyland Station,2711,CLOSED,STANDBY,0,,,queue-times.com
2026-08-10T06:15:47Z,2026-08-10,8,15,Disneyland Park,Disneyland Railroad Main Street Station,11,CLOSED,STANDBY,0,,,queue-times.com
2026-08-10T06:15:47Z,2026-08-10,8,15,Disneyland Park,Dumbo the Flying Elephant,18,CLOSED,STANDBY,0,,,queue-times.com
2026-08-10T06:15:47Z,2026-08-10,8,15,Disneyland Park,La Tanière du Dragon,2710,CLOSED,STANDBY,0,,,queue-times.com
2026-08-10T06:15:47Z,2026-08-10,8,15,Disneyland Park,Le Carrousel de Lancelot,16,CLOSED,STANDBY,0,,,queue-times.com
2026-08-10T06:15:47Z,2026-08-10,8,15,Disneyland Park,"Le Pays des Contes de Fées, presented by Vittel",21,CLOSED,STANDBY,0,,,queue-times.com
2026-08-10T06:15:47Z,2026-08-10,8,15,Disneyland Park,Les Voyages de Pinocchio,23,CLOSED,STANDBY,0,,,queue-times.com
2026-08-10T06:15:47Z,2026-08-10,8,15,Disneyland Park,Mad Hatter's Tea Cups,20,CLOSED,STANDBY,0,,,queue-times.com
2026-08-10T06:15:47Z,2026-08-10,8,15,Disneyland Park,Meet Mickey Mouse,13,CLOSED,STANDBY,0,,,queue-times.com
2026-08-10T06:15:47Z,2026-08-10,8,15,Disneyland Park,Peter Pan's Flight,22,CLOSED,STANDBY,0,,,queue-times.com
2026-08-10T06:15:47Z,2026-08-10,8,15,Disneyland Park,Princess Pavilion,24,CLOSED,STANDBY,0,,,queue-times.com
2026-08-10T06:15:47Z,2026-08-10,8,15,Disneyland Park,Big Thunder Mountain,25,CLOSED,STANDBY,0,,,queue-times.com
2026-08-10T06:15:47Z,2026-08-10,8,15,Disneyland Park,Disneyland Railroad Frontierland Depot,2714,CLOSED,STANDBY,0,,,queue-times.com
2026-08-10T06:15:47Z,2026-08-10,8,15,Disneyland Park,Frontierland Playground,2713,CLOSED,STANDBY,0,,,queue-times.com
2026-08-10T06:15:47Z,2026-08-10,8,15,Disneyland Park,Phantom Manor,26,CLOSED,STANDBY,0,,,queue-times.com
2026-08-10T06:15:47Z,2026-08-10,8,15,Disneyland Park,River Rogue Keelboats,27,CLOSED,STANDBY,0,,,queue-times.com
2026-08-10T06:15:47Z,2026-08-10,8,15,Disneyland Park,Rustler Roundup Shootin' Gallery,2712,CLOSED,STANDBY,0,,,queue-times.com
2026-08-10T06:15:47Z,2026-08-10,8,15,Disneyland Park,Thunder Mesa Riverboat Landing,28,CLOSED,STANDBY,0,,,queue-times.com
2026-08-10T06:15:47Z,2026-08-10,8,15,Disneyland Park,Disneyland Railroad Main Street Station,2708,CLOSED,STANDBY,0,,,queue-times.com
2026-08-10T06:15:47Z,2026-08-10,8,15,Disneyland Park,Main Street Vehicles,12,CLOSED,STANDBY,0,,,queue-times.com
2026-08-10T06:15:47Z,2026-08-10,8,15,Disney Adventure World,Avengers Assemble: Flight Force,10848,CLOSED,STANDBY,0,,,queue-times.com
2026-08-10T06:15:47Z,2026-08-10,8,15,Disney Adventure World,Avengers Assemble: Flight Force Single Rider,10849,CLOSED,STANDBY,0,,,queue-times.com
2026-08-10T06:15:47Z,2026-08-10,8,15,Disney Adventure World,Spider-Man W.E.B. Adventure,10845,CLOSED,STANDBY,0,,,queue-times.com
2026-08-10T06:15:47Z,2026-08-10,8,15,Disney Adventure World,Spider-Man W.E.B. Adventure Single Rider,10846,CLOSED,STANDBY,0,,,queue-times.com
2026-08-10T06:15:47Z,2026-08-10,8,15,Disney Adventure World,The Twilight Zone Tower of Terror,40,CLOSED,STANDBY,0,,,queue-times.com
2026-08-10T06:15:47Z,2026-08-10,8,15,Disney Adventure World,Cars Quatre Roues Rallye,31,CLOSED,STANDBY,0,,,queue-times.com
2026-08-10T06:15:47Z,2026-08-10,8,15,Disney Adventure World,Cars ROAD TRIP,29,CLOSED,STANDBY,0,,,queue-times.com
2026-08-10T06:15:47Z,2026-08-10,8,15,Disney Adventure World,Crush's Coaster,32,CLOSED,STANDBY,0,,,queue-times.com
2026-08-10T06:15:47Z,2026-08-10,8,15,Disney Adventure World,Crush's Coaster Single Rider,7277,CLOSED,STANDBY,0,,,queue-times.com
2026-08-10T06:15:47Z,2026-08-10,8,15,Disney Adventure World,Les Tapis Volants - Flying Carpets Over Agrabah®,33,CLOSED,STANDBY,0,,,queue-times.com
2026-08-10T06:15:47Z,2026-08-10,8,15,Disney Adventure World,Ratatouille : L’Aventure Totalement Toquée de Rémy​,37,CLOSED,STANDBY,0,,,queue-times.com
2026-08-10T06:15:47Z,2026-08-10,8,15,Disney Adventure World,Ratatouille: The Adventure Single Rider,7279,CLOSED,STANDBY,0,,,queue-times.com
2026-08-10T06:15:47Z,2026-08-10,8,15,Disney Adventure World,RC Racer,34,CLOSED,STANDBY,0,,,queue-times.com
2026-08-10T06:15:47Z,2026-08-10,8,15,Disney Adventure World,RC Racer Single Rider,7280,CLOSED,STANDBY,0,,,queue-times.com
2026-08-10T06:15:47Z,2026-08-10,8,15,Disney Adventure World,Slinky® Dog Zigzag Spin,36,CLOSED,STANDBY,0,,,queue-times.com
2026-08-10T06:15:47Z,2026-08-10,8,15,Disney Adventure World,Toy Soldiers Parachute Drop,35,CLOSED,STANDBY,0,,,queue-times.com
2026-08-10T06:15:47Z,2026-08-10,8,15,Disney Adventure World,Toy Soldiers Parachute Drop Single Rider,7281,CLOSED,STANDBY,0,,,queue-times.com
2026-08-10T06:15:47Z,2026-08-10,8,15,Disney Adventure World,Entry to World of Frozen,16247,CLOSED,STANDBY,0,,,queue-times.com
2026-08-10T06:15:47Z,2026-08-10,8,15,Disney Adventure World,Frozen Ever After,15413,CLOSED,STANDBY,0,,,queue-times.com
2026-08-10T06:15:47Z,2026-08-10,8,15,Disney Adventure World,Raiponce Tangled Spin,15415,CLOSED,STANDBY,0,,,queue-times.com
2026-08-10T06:31:12Z,2026-08-10,8,31,Disneyland Park,Adventure Isle,2702,CLOSED,STANDBY,0,,,queue-times.com
2026-08-10T06:31:12Z,2026-08-10,8,31,Disneyland Park,Indiana Jones and the Temple of Peril Single Rider,7306,CLOSED,STANDBY,0,,,queue-times.com
2026-08-10T06:31:12Z,2026-08-10,8,31,Disneyland Park,Indiana Jones™ and the Temple of Peril,2,CLOSED,STANDBY,0,,,queue-times.com
2026-08-10T06:31:12Z,2026-08-10,8,31,Disneyland Park,La Cabane des Robinson,1,CLOSED,STANDBY,0,,,queue-times.com
2026-08-10T06:31:12Z,2026-08-10,8,31,Disneyland Park,Le Passage Enchanté d'Aladdin,2703,CLOSED,STANDBY,0,,,queue-times.com
2026-08-10T06:31:12Z,2026-08-10,8,31,Disneyland Park,Pirate Galleon,2705,CLOSED,STANDBY,0,,,queue-times.com
2026-08-10T06:31:12Z,2026-08-10,8,31,Disneyland Park,Pirates of the Caribbean,3,CLOSED,STANDBY,0,,,queue-times.com
2026-08-10T06:31:12Z,2026-08-10,8,31,Disneyland Park,Pirates' Beach,2704,CLOSED,STANDBY,0,,,queue-times.com
2026-08-10T06:31:12Z,2026-08-10,8,31,Disneyland Park,"Autopia, presented by Avis",4,CLOSED,STANDBY,0,,,queue-times.com
2026-08-10T06:31:12Z,2026-08-10,8,31,Disneyland Park,Buzz Lightyear Laser Blast,5,OPERATING,STANDBY,5,,,queue-times.com
2026-08-10T06:31:12Z,2026-08-10,8,31,Disneyland Park,Disneyland Railroad Discoveryland Station,2706,CLOSED,STANDBY,0,,,queue-times.com
2026-08-10T06:31:12Z,2026-08-10,8,31,Disneyland Park,Les Mystères du Nautilus,6,CLOSED,STANDBY,0,,,queue-times.com
2026-08-10T06:31:12Z,2026-08-10,8,31,Disneyland Park,Mickey’s PhilharMagic,2707,CLOSED,STANDBY,0,,,queue-times.com
2026-08-10T06:31:12Z,2026-08-10,8,31,Disneyland Park,Orbitron®,7,CLOSED,STANDBY,0,,,queue-times.com
2026-08-10T06:31:12Z,2026-08-10,8,31,Disneyland Park,Star Tours: The Adventures Continue*,9,CLOSED,STANDBY,0,,,queue-times.com
2026-08-10T06:31:12Z,2026-08-10,8,31,Disneyland Park,Star Wars Hyperspace Mountain,8,OPERATING,STANDBY,5,,,queue-times.com
2026-08-10T06:31:12Z,2026-08-10,8,31,Disneyland Park,Star Wars Hyperspace Mountain Single Rider,7278,OPERATING,STANDBY,0,,,queue-times.com
2026-08-10T06:31:12Z,2026-08-10,8,31,Disneyland Park,Welcome to Starport: A Star Wars Encounter,4573,CLOSED,STANDBY,0,,,queue-times.com
2026-08-10T06:31:12Z,2026-08-10,8,31,Disneyland Park,"""it's a small world""",19,CLOSED,STANDBY,0,,,queue-times.com
2026-08-10T06:31:12Z,2026-08-10,8,31,Disneyland Park,Alice's Curious Labyrinth,14,CLOSED,STANDBY,0,,,queue-times.com
2026-08-10T06:31:12Z,2026-08-10,8,31,Disneyland Park,Blanche-Neige et les Sept Nains®,15,CLOSED,STANDBY,0,,,queue-times.com
2026-08-10T06:31:12Z,2026-08-10,8,31,Disneyland Park,Casey Jr. – le Petit Train du Cirque,17,CLOSED,STANDBY,0,,,queue-times.com
2026-08-10T06:31:12Z,2026-08-10,8,31,Disneyland Park,Disneyland Railroad Fantasyland Station,2711,CLOSED,STANDBY,0,,,queue-times.com
2026-08-10T06:31:12Z,2026-08-10,8,31,Disneyland Park,Disneyland Railroad Main Street Station,11,CLOSED,STANDBY,0,,,queue-times.com
2026-08-10T06:31:12Z,2026-08-10,8,31,Disneyland Park,Dumbo the Flying Elephant,18,OPERATING,STANDBY,5,,,queue-times.com
2026-08-10T06:31:12Z,2026-08-10,8,31,Disneyland Park,La Tanière du Dragon,2710,CLOSED,STANDBY,0,,,queue-times.com
2026-08-10T06:31:12Z,2026-08-10,8,31,Disneyland Park,Le Carrousel de Lancelot,16,CLOSED,STANDBY,0,,,queue-times.com
2026-08-10T06:31:12Z,2026-08-10,8,31,Disneyland Park,"Le Pays des Contes de Fées, presented by Vittel",21,CLOSED,STANDBY,0,,,queue-times.com
2026-08-10T06:31:12Z,2026-08-10,8,31,Disneyland Park,Les Voyages de Pinocchio,23,CLOSED,STANDBY,0,,,queue-times.com
2026-08-10T06:31:12Z,2026-08-10,8,31,Disneyland Park,Mad Hatter's Tea Cups,20,CLOSED,STANDBY,0,,,queue-times.com
2026-08-10T06:31:12Z,2026-08-10,8,31,Disneyland Park,Meet Mickey Mouse,13,CLOSED,STANDBY,0,,,queue-times.com
2026-08-10T06:31:12Z,2026-08-10,8,31,Disneyland Park,Peter Pan's Flight,22,OPERATING,STANDBY,5,,,queue-times.com
2026-08-10T06:31:12Z,2026-08-10,8,31,Disneyland Park,Princess Pavilion,24,CLOSED,STANDBY,0,,,queue-times.com
2026-08-10T06:31:12Z,2026-08-10,8,31,Disneyland Park,Big Thunder Mountain,25,OPERATING,STANDBY,5,,,queue-times.com
2026-08-10T06:31:12Z,2026-08-10,8,31,Disneyland Park,Disneyland Railroad Frontierland Depot,2714,CLOSED,STANDBY,0,,,queue-times.com
2026-08-10T06:31:12Z,2026-08-10,8,31,Disneyland Park,Frontierland Playground,2713,CLOSED,STANDBY,0,,,queue-times.com
2026-08-10T06:31:12Z,2026-08-10,8,31,Disneyland Park,Phantom Manor,26,CLOSED,STANDBY,0,,,queue-times.com
2026-08-10T06:31:12Z,2026-08-10,8,31,Disneyland Park,River Rogue Keelboats,27,CLOSED,STANDBY,0,,,queue-times.com
2026-08-10T06:31:12Z,2026-08-10,8,31,Disneyland Park,Rustler Roundup Shootin' Gallery,2712,CLOSED,STANDBY,0,,,queue-times.com
2026-08-10T06:31:12Z,2026-08-10,8,31,Disneyland Park,Thunder Mesa Riverboat Landing,28,CLOSED,STANDBY,0,,,queue-times.com
2026-08-10T06:31:12Z,2026-08-10,8,31,Disneyland Park,Disneyland Railroad Main Street Station,2708,CLOSED,STANDBY,0,,,queue-times.com
2026-08-10T06:31:12Z,2026-08-10,8,31,Disneyland Park,Main Street Vehicles,12,OPERATING,STANDBY,5,,,queue-times.com
2026-08-10T06:31:12Z,2026-08-10,8,31,Disney Adventure World,Avengers Assemble: Flight Force,10848,OPERATING,STANDBY,5,,,queue-times.com
2026-08-10T06:31:12Z,2026-08-10,8,31,Disney Adventure World,Avengers Assemble: Flight Force Single Rider,10849,OPERATING,STANDBY,5,,,queue-times.com
2026-08-10T06:31:12Z,2026-08-10,8,31,Disney Adventure World,Spider-Man W.E.B. Adventure,10845,OPERATING,STANDBY,5,,,queue-times.com
2026-08-10T06:31:12Z,2026-08-10,8,31,Disney Adventure World,Spider-Man W.E.B. Adventure Single Rider,10846,OPERATING,STANDBY,5,,,queue-times.com
2026-08-10T06:31:12Z,2026-08-10,8,31,Disney Adventure World,The Twilight Zone Tower of Terror,40,OPERATING,STANDBY,5,,,queue-times.com
2026-08-10T06:31:12Z,2026-08-10,8,31,Disney Adventure World,Cars Quatre Roues Rallye,31,CLOSED,STANDBY,0,,,queue-times.com
2026-08-10T06:31:12Z,2026-08-10,8,31,Disney Adventure World,Cars ROAD TRIP,29,CLOSED,STANDBY,0,,,queue-times.com
2026-08-10T06:31:12Z,2026-08-10,8,31,Disney Adventure World,Crush's Coaster,32,OPERATING,STANDBY,5,,,queue-times.com
2026-08-10T06:31:12Z,2026-08-10,8,31,Disney Adventure World,Crush's Coaster Single Rider,7277,OPERATING,STANDBY,5,,,queue-times.com
2026-08-10T06:31:12Z,2026-08-10,8,31,Disney Adventure World,Les Tapis Volants - Flying Carpets Over Agrabah®,33,CLOSED,STANDBY,0,,,queue-times.com
2026-08-10T06:31:12Z,2026-08-10,8,31,Disney Adventure World,Ratatouille : L’Aventure Totalement Toquée de Rémy​,37,CLOSED,STANDBY,0,,,queue-times.com
2026-08-10T06:31:12Z,2026-08-10,8,31,Disney Adventure World,Ratatouille: The Adventure Single Rider,7279,CLOSED,STANDBY,0,,,queue-times.com
2026-08-10T06:31:12Z,2026-08-10,8,31,Disney Adventure World,RC Racer,34,CLOSED,STANDBY,0,,,queue-times.com
2026-08-10T06:31:12Z,2026-08-10,8,31,Disney Adventure World,RC Racer Single Rider,7280,CLOSED,STANDBY,0,,,queue-times.com
2026-08-10T06:31:12Z,2026-08-10,8,31,Disney Adventure World,Slinky® Dog Zigzag Spin,36,OPERATING,STANDBY,5,,,queue-times.com
2026-08-10T06:31:12Z,2026-08-10,8,31,Disney Adventure World,Toy Soldiers Parachute Drop,35,CLOSED,STANDBY,0,,,queue-times.com
2026-08-10T06:31:12Z,2026-08-10,8,31,Disney Adventure World,Toy Soldiers Parachute Drop Single Rider,7281,CLOSED,STANDBY,0,,,queue-times.com
2026-08-10T06:31:12Z,2026-08-10,8,31,Disney Adventure World,Entry to World of Frozen,16247,CLOSED,STANDBY,0,,,queue-times.com
2026-08-10T06:31:12Z,2026-08-10,8,31,Disney Adventure World,Frozen Ever After,15413,CLOSED,STANDBY,0,,,queue-times.com
2026-08-10T06:31:12Z,2026-08-10,8,31,Disney Adventure World,Raiponce Tangled Spin,15415,CLOSED,STANDBY,0,,,queue-times.com
2026-08-10T06:45:49Z,2026-08-10,8,45,Disneyland Park,Adventure Isle,2702,CLOSED,STANDBY,0,,,queue-times.com
2026-08-10T06:45:49Z,2026-08-10,8,45,Disneyland Park,Indiana Jones and the Temple of Peril Single Rider,7306,CLOSED,STANDBY,0,,,queue-times.com
2026-08-10T06:45:49Z,2026-08-10,8,45,Disneyland Park,Indiana Jones™ and the Temple of Peril,2,CLOSED,STANDBY,0,,,queue-times.com
2026-08-10T06:45:49Z,2026-08-10,8,45,Disneyland Park,La Cabane des Robinson,1,CLOSED,STANDBY,0,,,queue-times.com
2026-08-10T06:45:49Z,2026-08-10,8,45,Disneyland Park,Le Passage Enchanté d'Aladdin,2703,CLOSED,STANDBY,0,,,queue-times.com
2026-08-10T06:45:49Z,2026-08-10,8,45,Disneyland Park,Pirate Galleon,2705,CLOSED,STANDBY,0,,,queue-times.com
2026-08-10T06:45:49Z,2026-08-10,8,45,Disneyland Park,Pirates of the Caribbean,3,CLOSED,STANDBY,0,,,queue-times.com
2026-08-10T06:45:49Z,2026-08-10,8,45,Disneyland Park,Pirates' Beach,2704,CLOSED,STANDBY,0,,,queue-times.com
2026-08-10T06:45:49Z,2026-08-10,8,45,Disneyland Park,"Autopia, presented by Avis",4,CLOSED,STANDBY,0,,,queue-times.com
2026-08-10T06:45:49Z,2026-08-10,8,45,Disneyland Park,Buzz Lightyear Laser Blast,5,OPERATING,STANDBY,5,,,queue-times.com
2026-08-10T06:45:49Z,2026-08-10,8,45,Disneyland Park,Disneyland Railroad Discoveryland Station,2706,CLOSED,STANDBY,0,,,queue-times.com
2026-08-10T06:45:49Z,2026-08-10,8,45,Disneyland Park,Les Mystères du Nautilus,6,CLOSED,STANDBY,0,,,queue-times.com
2026-08-10T06:45:49Z,2026-08-10,8,45,Disneyland Park,Mickey’s PhilharMagic,2707,CLOSED,STANDBY,0,,,queue-times.com
2026-08-10T06:45:49Z,2026-08-10,8,45,Disneyland Park,Orbitron®,7,CLOSED,STANDBY,0,,,queue-times.com
2026-08-10T06:45:49Z,2026-08-10,8,45,Disneyland Park,Star Tours: The Adventures Continue*,9,CLOSED,STANDBY,0,,,queue-times.com
2026-08-10T06:45:49Z,2026-08-10,8,45,Disneyland Park,Star Wars Hyperspace Mountain,8,OPERATING,STANDBY,5,,,queue-times.com
2026-08-10T06:45:49Z,2026-08-10,8,45,Disneyland Park,Star Wars Hyperspace Mountain Single Rider,7278,OPERATING,STANDBY,0,,,queue-times.com
2026-08-10T06:45:49Z,2026-08-10,8,45,Disneyland Park,Welcome to Starport: A Star Wars Encounter,4573,CLOSED,STANDBY,0,,,queue-times.com
2026-08-10T06:45:49Z,2026-08-10,8,45,Disneyland Park,"""it's a small world""",19,CLOSED,STANDBY,0,,,queue-times.com
2026-08-10T06:45:49Z,2026-08-10,8,45,Disneyland Park,Alice's Curious Labyrinth,14,CLOSED,STANDBY,0,,,queue-times.com
2026-08-10T06:45:49Z,2026-08-10,8,45,Disneyland Park,Blanche-Neige et les Sept Nains®,15,CLOSED,STANDBY,0,,,queue-times.com
2026-08-10T06:45:49Z,2026-08-10,8,45,Disneyland Park,Casey Jr. – le Petit Train du Cirque,17,CLOSED,STANDBY,0,,,queue-times.com
2026-08-10T06:45:49Z,2026-08-10,8,45,Disneyland Park,Disneyland Railroad Fantasyland Station,2711,CLOSED,STANDBY,0,,,queue-times.com
2026-08-10T06:45:49Z,2026-08-10,8,45,Disneyland Park,Disneyland Railroad Main Street Station,11,CLOSED,STANDBY,0,,,queue-times.com
2026-08-10T06:45:49Z,2026-08-10,8,45,Disneyland Park,Dumbo the Flying Elephant,18,OPERATING,STANDBY,5,,,queue-times.com
2026-08-10T06:45:49Z,2026-08-10,8,45,Disneyland Park,La Tanière du Dragon,2710,OPERATING,STANDBY,0,,,queue-times.com
2026-08-10T06:45:49Z,2026-08-10,8,45,Disneyland Park,Le Carrousel de Lancelot,16,CLOSED,STANDBY,0,,,queue-times.com
2026-08-10T06:45:49Z,2026-08-10,8,45,Disneyland Park,"Le Pays des Contes de Fées, presented by Vittel",21,CLOSED,STANDBY,0,,,queue-times.com
2026-08-10T06:45:49Z,2026-08-10,8,45,Disneyland Park,Les Voyages de Pinocchio,23,CLOSED,STANDBY,0,,,queue-times.com
2026-08-10T06:45:49Z,2026-08-10,8,45,Disneyland Park,Mad Hatter's Tea Cups,20,CLOSED,STANDBY,0,,,queue-times.com
2026-08-10T06:45:49Z,2026-08-10,8,45,Disneyland Park,Meet Mickey Mouse,13,CLOSED,STANDBY,0,,,queue-times.com
2026-08-10T06:45:49Z,2026-08-10,8,45,Disneyland Park,Peter Pan's Flight,22,OPERATING,STANDBY,15,,,queue-times.com
2026-08-10T06:45:49Z,2026-08-10,8,45,Disneyland Park,Princess Pavilion,24,CLOSED,STANDBY,0,,,queue-times.com
2026-08-10T06:45:49Z,2026-08-10,8,45,Disneyland Park,Big Thunder Mountain,25,OPERATING,STANDBY,30,,,queue-times.com
2026-08-10T06:45:49Z,2026-08-10,8,45,Disneyland Park,Disneyland Railroad Frontierland Depot,2714,CLOSED,STANDBY,0,,,queue-times.com
2026-08-10T06:45:49Z,2026-08-10,8,45,Disneyland Park,Frontierland Playground,2713,CLOSED,STANDBY,0,,,queue-times.com
2026-08-10T06:45:49Z,2026-08-10,8,45,Disneyland Park,Phantom Manor,26,CLOSED,STANDBY,0,,,queue-times.com
2026-08-10T06:45:49Z,2026-08-10,8,45,Disneyland Park,River Rogue Keelboats,27,CLOSED,STANDBY,0,,,queue-times.com
2026-08-10T06:45:49Z,2026-08-10,8,45,Disneyland Park,Rustler Roundup Shootin' Gallery,2712,OPERATING,STANDBY,0,,,queue-times.com
2026-08-10T06:45:49Z,2026-08-10,8,45,Disneyland Park,Thunder Mesa Riverboat Landing,28,CLOSED,STANDBY,0,,,queue-times.com
2026-08-10T06:45:49Z,2026-08-10,8,45,Disneyland Park,Disneyland Railroad Main Street Station,2708,CLOSED,STANDBY,0,,,queue-times.com
2026-08-10T06:45:49Z,2026-08-10,8,45,Disneyland Park,Main Street Vehicles,12,OPERATING,STANDBY,5,,,queue-times.com
2026-08-10T06:45:49Z,2026-08-10,8,45,Disney Adventure World,Avengers Assemble: Flight Force,10848,OPERATING,STANDBY,5,,,queue-times.com
2026-08-10T06:45:49Z,2026-08-10,8,45,Disney Adventure World,Avengers Assemble: Flight Force Single Rider,10849,OPERATING,STANDBY,5,,,queue-times.com
2026-08-10T06:45:49Z,2026-08-10,8,45,Disney Adventure World,Spider-Man W.E.B. Adventure,10845,OPERATING,STANDBY,5,,,queue-times.com
2026-08-10T06:45:49Z,2026-08-10,8,45,Disney Adventure World,Spider-Man W.E.B. Adventure Single Rider,10846,OPERATING,STANDBY,5,,,queue-times.com
2026-08-10T06:45:49Z,2026-08-10,8,45,Disney Adventure World,The Twilight Zone Tower of Terror,40,OPERATING,STANDBY,5,,,queue-times.com
2026-08-10T06:45:49Z,2026-08-10,8,45,Disney Adventure World,Cars Quatre Roues Rallye,31,CLOSED,STANDBY,0,,,queue-times.com
2026-08-10T06:45:49Z,2026-08-10,8,45,Disney Adventure World,Cars ROAD TRIP,29,CLOSED,STANDBY,0,,,queue-times.com
2026-08-10T06:45:49Z,2026-08-10,8,45,Disney Adventure World,Crush's Coaster,32,OPERATING,STANDBY,65,,,queue-times.com
2026-08-10T06:45:49Z,2026-08-10,8,45,Disney Adventure World,Crush's Coaster Single Rider,7277,OPERATING,STANDBY,0,,,queue-times.com
2026-08-10T06:45:49Z,2026-08-10,8,45,Disney Adventure World,Les Tapis Volants - Flying Carpets Over Agrabah®,33,CLOSED,STANDBY,0,,,queue-times.com
2026-08-10T06:45:49Z,2026-08-10,8,45,Disney Adventure World,Ratatouille : L’Aventure Totalement Toquée de Rémy​,37,OPERATING,STANDBY,5,,,queue-times.com
2026-08-10T06:45:49Z,2026-08-10,8,45,Disney Adventure World,Ratatouille: The Adventure Single Rider,7279,OPERATING,STANDBY,5,,,queue-times.com
2026-08-10T06:45:49Z,2026-08-10,8,45,Disney Adventure World,RC Racer,34,CLOSED,STANDBY,0,,,queue-times.com
2026-08-10T06:45:49Z,2026-08-10,8,45,Disney Adventure World,RC Racer Single Rider,7280,CLOSED,STANDBY,0,,,queue-times.com
2026-08-10T06:45:49Z,2026-08-10,8,45,Disney Adventure World,Slinky® Dog Zigzag Spin,36,OPERATING,STANDBY,5,,,queue-times.com
2026-08-10T06:45:49Z,2026-08-10,8,45,Disney Adventure World,Toy Soldiers Parachute Drop,35,CLOSED,STANDBY,0,,,queue-times.com
2026-08-10T06:45:49Z,2026-08-10,8,45,Disney Adventure World,Toy Soldiers Parachute Drop Single Rider,7281,CLOSED,STANDBY,0,,,queue-times.com
2026-08-10T06:45:49Z,2026-08-10,8,45,Disney Adventure World,Entry to World of Frozen,16247,OPERATING,STANDBY,0,,,queue-times.com
2026-08-10T06:45:49Z,2026-08-10,8,45,Disney Adventure World,Frozen Ever After,15413,CLOSED,STANDBY,0,,,queue-times.com
2026-08-10T06:45:49Z,2026-08-10,8,45,Disney Adventure World,Raiponce Tangled Spin,15415,OPERATING,STANDBY,5,,,queue-times.com
2026-08-10T07:01:23Z,2026-08-10,9,1,Disneyland Park,Adventure Isle,2702,CLOSED,STANDBY,0,,,queue-times.com
2026-08-10T07:01:23Z,2026-08-10,9,1,Disneyland Park,Indiana Jones and the Temple of Peril Single Rider,7306,CLOSED,STANDBY,0,,,queue-times.com
2026-08-10T07:01:23Z,2026-08-10,9,1,Disneyland Park,Indiana Jones™ and the Temple of Peril,2,CLOSED,STANDBY,0,,,queue-times.com
2026-08-10T07:01:23Z,2026-08-10,9,1,Disneyland Park,La Cabane des Robinson,1,OPERATING,STANDBY,5,,,queue-times.com
2026-08-10T07:01:23Z,2026-08-10,9,1,Disneyland Park,Le Passage Enchanté d'Aladdin,2703,OPERATING,STANDBY,0,,,queue-times.com
2026-08-10T07:01:23Z,2026-08-10,9,1,Disneyland Park,Pirate Galleon,2705,CLOSED,STANDBY,0,,,queue-times.com
2026-08-10T07:01:23Z,2026-08-10,9,1,Disneyland Park,Pirates of the Caribbean,3,CLOSED,STANDBY,0,,,queue-times.com
2026-08-10T07:01:23Z,2026-08-10,9,1,Disneyland Park,Pirates' Beach,2704,OPERATING,STANDBY,0,,,queue-times.com
2026-08-10T07:01:23Z,2026-08-10,9,1,Disneyland Park,"Autopia, presented by Avis",4,CLOSED,STANDBY,0,,,queue-times.com
2026-08-10T07:01:23Z,2026-08-10,9,1,Disneyland Park,Buzz Lightyear Laser Blast,5,OPERATING,STANDBY,5,,,queue-times.com
2026-08-10T07:01:23Z,2026-08-10,9,1,Disneyland Park,Disneyland Railroad Discoveryland Station,2706,CLOSED,STANDBY,0,,,queue-times.com
2026-08-10T07:01:23Z,2026-08-10,9,1,Disneyland Park,Les Mystères du Nautilus,6,CLOSED,STANDBY,0,,,queue-times.com
2026-08-10T07:01:23Z,2026-08-10,9,1,Disneyland Park,Mickey’s PhilharMagic,2707,CLOSED,STANDBY,0,,,queue-times.com
2026-08-10T07:01:23Z,2026-08-10,9,1,Disneyland Park,Orbitron®,7,CLOSED,STANDBY,0,,,queue-times.com
2026-08-10T07:01:23Z,2026-08-10,9,1,Disneyland Park,Star Tours: The Adventures Continue*,9,CLOSED,STANDBY,0,,,queue-times.com
2026-08-10T07:01:23Z,2026-08-10,9,1,Disneyland Park,Star Wars Hyperspace Mountain,8,OPERATING,STANDBY,5,,,queue-times.com
2026-08-10T07:01:23Z,2026-08-10,9,1,Disneyland Park,Star Wars Hyperspace Mountain Single Rider,7278,OPERATING,STANDBY,0,,,queue-times.com
2026-08-10T07:01:23Z,2026-08-10,9,1,Disneyland Park,Welcome to Starport: A Star Wars Encounter,4573,CLOSED,STANDBY,0,,,queue-times.com
2026-08-10T07:01:23Z,2026-08-10,9,1,Disneyland Park,"""it's a small world""",19,CLOSED,STANDBY,0,,,queue-times.com
2026-08-10T07:01:23Z,2026-08-10,9,1,Disneyland Park,Alice's Curious Labyrinth,14,CLOSED,STANDBY,0,,,queue-times.com
2026-08-10T07:01:23Z,2026-08-10,9,1,Disneyland Park,Blanche-Neige et les Sept Nains®,15,CLOSED,STANDBY,0,,,queue-times.com
2026-08-10T07:01:23Z,2026-08-10,9,1,Disneyland Park,Casey Jr. – le Petit Train du Cirque,17,CLOSED,STANDBY,0,,,queue-times.com
2026-08-10T07:01:23Z,2026-08-10,9,1,Disneyland Park,Disneyland Railroad Fantasyland Station,2711,CLOSED,STANDBY,0,,,queue-times.com
2026-08-10T07:01:23Z,2026-08-10,9,1,Disneyland Park,Disneyland Railroad Main Street Station,11,CLOSED,STANDBY,0,,,queue-times.com
2026-08-10T07:01:23Z,2026-08-10,9,1,Disneyland Park,Dumbo the Flying Elephant,18,OPERATING,STANDBY,5,,,queue-times.com
2026-08-10T07:01:23Z,2026-08-10,9,1,Disneyland Park,La Tanière du Dragon,2710,OPERATING,STANDBY,0,,,queue-times.com
2026-08-10T07:01:23Z,2026-08-10,9,1,Disneyland Park,Le Carrousel de Lancelot,16,CLOSED,STANDBY,0,,,queue-times.com
2026-08-10T07:01:23Z,2026-08-10,9,1,Disneyland Park,"Le Pays des Contes de Fées, presented by Vittel",21,CLOSED,STANDBY,0,,,queue-times.com
2026-08-10T07:01:23Z,2026-08-10,9,1,Disneyland Park,Les Voyages de Pinocchio,23,CLOSED,STANDBY,0,,,queue-times.com
2026-08-10T07:01:23Z,2026-08-10,9,1,Disneyland Park,Mad Hatter's Tea Cups,20,CLOSED,STANDBY,0,,,queue-times.com
2026-08-10T07:01:23Z,2026-08-10,9,1,Disneyland Park,Meet Mickey Mouse,13,CLOSED,STANDBY,0,,,queue-times.com
2026-08-10T07:01:23Z,2026-08-10,9,1,Disneyland Park,Peter Pan's Flight,22,OPERATING,STANDBY,35,,,queue-times.com
2026-08-10T07:01:23Z,2026-08-10,9,1,Disneyland Park,Princess Pavilion,24,CLOSED,STANDBY,0,,,queue-times.com
2026-08-10T07:01:23Z,2026-08-10,9,1,Disneyland Park,Big Thunder Mountain,25,OPERATING,STANDBY,65,,,queue-times.com
2026-08-10T07:01:23Z,2026-08-10,9,1,Disneyland Park,Disneyland Railroad Frontierland Depot,2714,CLOSED,STANDBY,0,,,queue-times.com
2026-08-10T07:01:23Z,2026-08-10,9,1,Disneyland Park,Frontierland Playground,2713,CLOSED,STANDBY,0,,,queue-times.com
2026-08-10T07:01:23Z,2026-08-10,9,1,Disneyland Park,Phantom Manor,26,CLOSED,STANDBY,0,,,queue-times.com
2026-08-10T07:01:23Z,2026-08-10,9,1,Disneyland Park,River Rogue Keelboats,27,CLOSED,STANDBY,0,,,queue-times.com
2026-08-10T07:01:23Z,2026-08-10,9,1,Disneyland Park,Rustler Roundup Shootin' Gallery,2712,OPERATING,STANDBY,0,,,queue-times.com
2026-08-10T07:01:23Z,2026-08-10,9,1,Disneyland Park,Thunder Mesa Riverboat Landing,28,CLOSED,STANDBY,0,,,queue-times.com
2026-08-10T07:01:23Z,2026-08-10,9,1,Disneyland Park,Disneyland Railroad Main Street Station,2708,CLOSED,STANDBY,0,,,queue-times.com
2026-08-10T07:01:23Z,2026-08-10,9,1,Disneyland Park,Main Street Vehicles,12,OPERATING,STANDBY,5,,,queue-times.com
2026-08-10T07:01:23Z,2026-08-10,9,1,Disney Adventure World,Avengers Assemble: Flight Force,10848,OPERATING,STANDBY,5,,,queue-times.com
2026-08-10T07:01:23Z,2026-08-10,9,1,Disney Adventure World,Avengers Assemble: Flight Force Single Rider,10849,OPERATING,STANDBY,5,,,queue-times.com
2026-08-10T07:01:23Z,2026-08-10,9,1,Disney Adventure World,Spider-Man W.E.B. Adventure,10845,OPERATING,STANDBY,15,,,queue-times.com
2026-08-10T07:01:23Z,2026-08-10,9,1,Disney Adventure World,Spider-Man W.E.B. Adventure Single Rider,10846,OPERATING,STANDBY,10,,,queue-times.com
2026-08-10T07:01:23Z,2026-08-10,9,1,Disney Adventure World,The Twilight Zone Tower of Terror,40,OPERATING,STANDBY,15,,,queue-times.com
2026-08-10T07:01:23Z,2026-08-10,9,1,Disney Adventure World,Cars Quatre Roues Rallye,31,CLOSED,STANDBY,0,,,queue-times.com
2026-08-10T07:01:23Z,2026-08-10,9,1,Disney Adventure World,Cars ROAD TRIP,29,CLOSED,STANDBY,0,,,queue-times.com
2026-08-10T07:01:23Z,2026-08-10,9,1,Disney Adventure World,Crush's Coaster,32,OPERATING,STANDBY,90,,,queue-times.com
2026-08-10T07:01:23Z,2026-08-10,9,1,Disney Adventure World,Crush's Coaster Single Rider,7277,OPERATING,STANDBY,30,,,queue-times.com
2026-08-10T07:01:23Z,2026-08-10,9,1,Disney Adventure World,Les Tapis Volants - Flying Carpets Over Agrabah®,33,CLOSED,STANDBY,0,,,queue-times.com
2026-08-10T07:01:23Z,2026-08-10,9,1,Disney Adventure World,Ratatouille : L’Aventure Totalement Toquée de Rémy​,37,OPERATING,STANDBY,40,,,queue-times.com
2026-08-10T07:01:23Z,2026-08-10,9,1,Disney Adventure World,Ratatouille: The Adventure Single Rider,7279,OPERATING,STANDBY,5,,,queue-times.com
2026-08-10T07:01:23Z,2026-08-10,9,1,Disney Adventure World,RC Racer,34,CLOSED,STANDBY,0,,,queue-times.com
2026-08-10T07:01:23Z,2026-08-10,9,1,Disney Adventure World,RC Racer Single Rider,7280,CLOSED,STANDBY,0,,,queue-times.com
2026-08-10T07:01:23Z,2026-08-10,9,1,Disney Adventure World,Slinky® Dog Zigzag Spin,36,OPERATING,STANDBY,5,,,queue-times.com
2026-08-10T07:01:23Z,2026-08-10,9,1,Disney Adventure World,Toy Soldiers Parachute Drop,35,CLOSED,STANDBY,0,,,queue-times.com
2026-08-10T07:01:23Z,2026-08-10,9,1,Disney Adventure World,Toy Soldiers Parachute Drop Single Rider,7281,CLOSED,STANDBY,0,,,queue-times.com
2026-08-10T07:01:23Z,2026-08-10,9,1,Disney Adventure World,Entry to World of Frozen,16247,OPERATING,STANDBY,0,,,queue-times.com
2026-08-10T07:01:23Z,2026-08-10,9,1,Disney Adventure World,Frozen Ever After,15413,CLOSED,STANDBY,0,,,queue-times.com
2026-08-10T07:01:23Z,2026-08-10,9,1,Disney Adventure World,Raiponce Tangled Spin,15415,OPERATING,STANDBY,5,,,queue-times.com
2026-08-10T07:15:48Z,2026-08-10,9,15,Disneyland Park,Adventure Isle,2702,CLOSED,STANDBY,0,,,queue-times.com
2026-08-10T07:15:48Z,2026-08-10,9,15,Disneyland Park,Indiana Jones and the Temple of Peril Single Rider,7306,CLOSED,STANDBY,0,,,queue-times.com
2026-08-10T07:15:48Z,2026-08-10,9,15,Disneyland Park,Indiana Jones™ and the Temple of Peril,2,CLOSED,STANDBY,0,,,queue-times.com
2026-08-10T07:15:48Z,2026-08-10,9,15,Disneyland Park,La Cabane des Robinson,1,OPERATING,STANDBY,5,,,queue-times.com
2026-08-10T07:15:48Z,2026-08-10,9,15,Disneyland Park,Le Passage Enchanté d'Aladdin,2703,OPERATING,STANDBY,0,,,queue-times.com
2026-08-10T07:15:48Z,2026-08-10,9,15,Disneyland Park,Pirate Galleon,2705,CLOSED,STANDBY,0,,,queue-times.com
2026-08-10T07:15:48Z,2026-08-10,9,15,Disneyland Park,Pirates of the Caribbean,3,CLOSED,STANDBY,0,,,queue-times.com
2026-08-10T07:15:48Z,2026-08-10,9,15,Disneyland Park,Pirates' Beach,2704,OPERATING,STANDBY,0,,,queue-times.com
2026-08-10T07:15:48Z,2026-08-10,9,15,Disneyland Park,"Autopia, presented by Avis",4,CLOSED,STANDBY,0,,,queue-times.com
2026-08-10T07:15:48Z,2026-08-10,9,15,Disneyland Park,Buzz Lightyear Laser Blast,5,OPERATING,STANDBY,15,,,queue-times.com
2026-08-10T07:15:48Z,2026-08-10,9,15,Disneyland Park,Disneyland Railroad Discoveryland Station,2706,CLOSED,STANDBY,0,,,queue-times.com
2026-08-10T07:15:48Z,2026-08-10,9,15,Disneyland Park,Les Mystères du Nautilus,6,CLOSED,STANDBY,0,,,queue-times.com
2026-08-10T07:15:48Z,2026-08-10,9,15,Disneyland Park,Mickey’s PhilharMagic,2707,CLOSED,STANDBY,0,,,queue-times.com
2026-08-10T07:15:48Z,2026-08-10,9,15,Disneyland Park,Orbitron®,7,OPERATING,STANDBY,5,,,queue-times.com
2026-08-10T07:15:48Z,2026-08-10,9,15,Disneyland Park,Star Tours: The Adventures Continue*,9,CLOSED,STANDBY,0,,,queue-times.com
2026-08-10T07:15:48Z,2026-08-10,9,15,Disneyland Park,Star Wars Hyperspace Mountain,8,OPERATING,STANDBY,5,,,queue-times.com
2026-08-10T07:15:48Z,2026-08-10,9,15,Disneyland Park,Star Wars Hyperspace Mountain Single Rider,7278,OPERATING,STANDBY,0,,,queue-times.com
2026-08-10T07:15:48Z,2026-08-10,9,15,Disneyland Park,Welcome to Starport: A Star Wars Encounter,4573,CLOSED,STANDBY,0,,,queue-times.com
2026-08-10T07:15:48Z,2026-08-10,9,15,Disneyland Park,"""it's a small world""",19,CLOSED,STANDBY,0,,,queue-times.com
2026-08-10T07:15:48Z,2026-08-10,9,15,Disneyland Park,Alice's Curious Labyrinth,14,CLOSED,STANDBY,0,,,queue-times.com
2026-08-10T07:15:48Z,2026-08-10,9,15,Disneyland Park,Blanche-Neige et les Sept Nains®,15,CLOSED,STANDBY,0,,,queue-times.com
2026-08-10T07:15:48Z,2026-08-10,9,15,Disneyland Park,Casey Jr. – le Petit Train du Cirque,17,CLOSED,STANDBY,0,,,queue-times.com
2026-08-10T07:15:48Z,2026-08-10,9,15,Disneyland Park,Disneyland Railroad Fantasyland Station,2711,CLOSED,STANDBY,0,,,queue-times.com
2026-08-10T07:15:48Z,2026-08-10,9,15,Disneyland Park,Disneyland Railroad Main Street Station,11,CLOSED,STANDBY,0,,,queue-times.com
2026-08-10T07:15:48Z,2026-08-10,9,15,Disneyland Park,Dumbo the Flying Elephant,18,OPERATING,STANDBY,5,,,queue-times.com
2026-08-10T07:15:48Z,2026-08-10,9,15,Disneyland Park,La Tanière du Dragon,2710,OPERATING,STANDBY,0,,,queue-times.com
2026-08-10T07:15:48Z,2026-08-10,9,15,Disneyland Park,Le Carrousel de Lancelot,16,CLOSED,STANDBY,0,,,queue-times.com
2026-08-10T07:15:48Z,2026-08-10,9,15,Disneyland Park,"Le Pays des Contes de Fées, presented by Vittel",21,CLOSED,STANDBY,0,,,queue-times.com
2026-08-10T07:15:48Z,2026-08-10,9,15,Disneyland Park,Les Voyages de Pinocchio,23,CLOSED,STANDBY,0,,,queue-times.com
2026-08-10T07:15:48Z,2026-08-10,9,15,Disneyland Park,Mad Hatter's Tea Cups,20,CLOSED,STANDBY,0,,,queue-times.com
2026-08-10T07:15:48Z,2026-08-10,9,15,Disneyland Park,Meet Mickey Mouse,13,CLOSED,STANDBY,0,,,queue-times.com
2026-08-10T07:15:48Z,2026-08-10,9,15,Disneyland Park,Peter Pan's Flight,22,OPERATING,STANDBY,40,,,queue-times.com
2026-08-10T07:15:48Z,2026-08-10,9,15,Disneyland Park,Princess Pavilion,24,CLOSED,STANDBY,0,,,queue-times.com
2026-08-10T07:15:48Z,2026-08-10,9,15,Disneyland Park,Big Thunder Mountain,25,OPERATING,STANDBY,45,,,queue-times.com
2026-08-10T07:15:48Z,2026-08-10,9,15,Disneyland Park,Disneyland Railroad Frontierland Depot,2714,CLOSED,STANDBY,0,,,queue-times.com
2026-08-10T07:15:48Z,2026-08-10,9,15,Disneyland Park,Frontierland Playground,2713,CLOSED,STANDBY,0,,,queue-times.com
2026-08-10T07:15:48Z,2026-08-10,9,15,Disneyland Park,Phantom Manor,26,CLOSED,STANDBY,0,,,queue-times.com
2026-08-10T07:15:48Z,2026-08-10,9,15,Disneyland Park,River Rogue Keelboats,27,CLOSED,STANDBY,0,,,queue-times.com
2026-08-10T07:15:48Z,2026-08-10,9,15,Disneyland Park,Rustler Roundup Shootin' Gallery,2712,OPERATING,STANDBY,0,,,queue-times.com
2026-08-10T07:15:48Z,2026-08-10,9,15,Disneyland Park,Thunder Mesa Riverboat Landing,28,CLOSED,STANDBY,0,,,queue-times.com
2026-08-10T07:15:48Z,2026-08-10,9,15,Disneyland Park,Disneyland Railroad Main Street Station,2708,CLOSED,STANDBY,0,,,queue-times.com
2026-08-10T07:15:48Z,2026-08-10,9,15,Disneyland Park,Main Street Vehicles,12,OPERATING,STANDBY,5,,,queue-times.com
2026-08-10T07:15:48Z,2026-08-10,9,15,Disney Adventure World,Avengers Assemble: Flight Force,10848,OPERATING,STANDBY,5,,,queue-times.com
2026-08-10T07:15:48Z,2026-08-10,9,15,Disney Adventure World,Avengers Assemble: Flight Force Single Rider,10849,OPERATING,STANDBY,5,,,queue-times.com
2026-08-10T07:15:48Z,2026-08-10,9,15,Disney Adventure World,Spider-Man W.E.B. Adventure,10845,OPERATING,STANDBY,25,,,queue-times.com
2026-08-10T07:15:48Z,2026-08-10,9,15,Disney Adventure World,Spider-Man W.E.B. Adventure Single Rider,10846,OPERATING,STANDBY,10,,,queue-times.com
2026-08-10T07:15:48Z,2026-08-10,9,15,Disney Adventure World,The Twilight Zone Tower of Terror,40,OPERATING,STANDBY,25,,,queue-times.com
2026-08-10T07:15:48Z,2026-08-10,9,15,Disney Adventure World,Cars Quatre Roues Rallye,31,CLOSED,STANDBY,0,,,queue-times.com
2026-08-10T07:15:48Z,2026-08-10,9,15,Disney Adventure World,Cars ROAD TRIP,29,CLOSED,STANDBY,0,,,queue-times.com
2026-08-10T07:15:48Z,2026-08-10,9,15,Disney Adventure World,Crush's Coaster,32,OPERATING,STANDBY,55,,,queue-times.com
2026-08-10T07:15:48Z,2026-08-10,9,15,Disney Adventure World,Crush's Coaster Single Rider,7277,OPERATING,STANDBY,50,,,queue-times.com
2026-08-10T07:15:48Z,2026-08-10,9,15,Disney Adventure World,Les Tapis Volants - Flying Carpets Over Agrabah®,33,CLOSED,STANDBY,0,,,queue-times.com
2026-08-10T07:15:48Z,2026-08-10,9,15,Disney Adventure World,Ratatouille : L’Aventure Totalement Toquée de Rémy​,37,OPERATING,STANDBY,35,,,queue-times.com
2026-08-10T07:15:48Z,2026-08-10,9,15,Disney Adventure World,Ratatouille: The Adventure Single Rider,7279,OPERATING,STANDBY,5,,,queue-times.com
2026-08-10T07:15:48Z,2026-08-10,9,15,Disney Adventure World,RC Racer,34,CLOSED,STANDBY,0,,,queue-times.com
2026-08-10T07:15:48Z,2026-08-10,9,15,Disney Adventure World,RC Racer Single Rider,7280,CLOSED,STANDBY,0,,,queue-times.com
2026-08-10T07:15:48Z,2026-08-10,9,15,Disney Adventure World,Slinky® Dog Zigzag Spin,36,OPERATING,STANDBY,5,,,queue-times.com
2026-08-10T07:15:48Z,2026-08-10,9,15,Disney Adventure World,Toy Soldiers Parachute Drop,35,CLOSED,STANDBY,0,,,queue-times.com
2026-08-10T07:15:48Z,2026-08-10,9,15,Disney Adventure World,Toy Soldiers Parachute Drop Single Rider,7281,CLOSED,STANDBY,0,,,queue-times.com
2026-08-10T07:15:48Z,2026-08-10,9,15,Disney Adventure World,Entry to World of Frozen,16247,OPERATING,STANDBY,0,,,queue-times.com
2026-08-10T07:15:48Z,2026-08-10,9,15,Disney Adventure World,Frozen Ever After,15413,OPERATING,STANDBY,40,,,queue-times.com
2026-08-10T07:15:48Z,2026-08-10,9,15,Disney Adventure World,Raiponce Tangled Spin,15415,OPERATING,STANDBY,5,,,queue-times.com
2026-08-10T07:31:11Z,2026-08-10,9,31,Disneyland Park,Adventure Isle,2702,OPERATING,STANDBY,0,,,queue-times.com
2026-08-10T07:31:11Z,2026-08-10,9,31,Disneyland Park,Indiana Jones and the Temple of Peril Single Rider,7306,OPERATING,STANDBY,0,,,queue-times.com
2026-08-10T07:31:11Z,2026-08-10,9,31,Disneyland Park,Indiana Jones™ and the Temple of Peril,2,OPERATING,STANDBY,5,,,queue-times.com
2026-08-10T07:31:11Z,2026-08-10,9,31,Disneyland Park,La Cabane des Robinson,1,OPERATING,STANDBY,5,,,queue-times.com
2026-08-10T07:31:11Z,2026-08-10,9,31,Disneyland Park,Le Passage Enchanté d'Aladdin,2703,OPERATING,STANDBY,0,,,queue-times.com
2026-08-10T07:31:11Z,2026-08-10,9,31,Disneyland Park,Pirate Galleon,2705,CLOSED,STANDBY,0,,,queue-times.com
2026-08-10T07:31:11Z,2026-08-10,9,31,Disneyland Park,Pirates of the Caribbean,3,OPERATING,STANDBY,5,,,queue-times.com
2026-08-10T07:31:11Z,2026-08-10,9,31,Disneyland Park,Pirates' Beach,2704,OPERATING,STANDBY,0,,,queue-times.com
2026-08-10T07:31:11Z,2026-08-10,9,31,Disneyland Park,"Autopia, presented by Avis",4,OPERATING,STANDBY,30,,,queue-times.com
2026-08-10T07:31:11Z,2026-08-10,9,31,Disneyland Park,Buzz Lightyear Laser Blast,5,OPERATING,STANDBY,25,,,queue-times.com
2026-08-10T07:31:11Z,2026-08-10,9,31,Disneyland Park,Disneyland Railroad Discoveryland Station,2706,CLOSED,STANDBY,0,,,queue-times.com
2026-08-10T07:31:11Z,2026-08-10,9,31,Disneyland Park,Les Mystères du Nautilus,6,OPERATING,STANDBY,5,,,queue-times.com
2026-08-10T07:31:11Z,2026-08-10,9,31,Disneyland Park,Mickey’s PhilharMagic,2707,CLOSED,STANDBY,0,,,queue-times.com
2026-08-10T07:31:11Z,2026-08-10,9,31,Disneyland Park,Orbitron®,7,OPERATING,STANDBY,15,,,queue-times.com
2026-08-10T07:31:11Z,2026-08-10,9,31,Disneyland Park,Star Tours: The Adventures Continue*,9,OPERATING,STANDBY,5,,,queue-times.com
2026-08-10T07:31:11Z,2026-08-10,9,31,Disneyland Park,Star Wars Hyperspace Mountain,8,OPERATING,STANDBY,10,,,queue-times.com
2026-08-10T07:31:11Z,2026-08-10,9,31,Disneyland Park,Star Wars Hyperspace Mountain Single Rider,7278,OPERATING,STANDBY,0,,,queue-times.com
2026-08-10T07:31:11Z,2026-08-10,9,31,Disneyland Park,Welcome to Starport: A Star Wars Encounter,4573,CLOSED,STANDBY,0,,,queue-times.com
2026-08-10T07:31:11Z,2026-08-10,9,31,Disneyland Park,"""it's a small world""",19,OPERATING,STANDBY,5,,,queue-times.com
2026-08-10T07:31:11Z,2026-08-10,9,31,Disneyland Park,Alice's Curious Labyrinth,14,OPERATING,STANDBY,0,,,queue-times.com
2026-08-10T07:31:11Z,2026-08-10,9,31,Disneyland Park,Blanche-Neige et les Sept Nains®,15,OPERATING,STANDBY,5,,,queue-times.com
2026-08-10T07:31:11Z,2026-08-10,9,31,Disneyland Park,Casey Jr. – le Petit Train du Cirque,17,OPERATING,STANDBY,5,,,queue-times.com
2026-08-10T07:31:11Z,2026-08-10,9,31,Disneyland Park,Disneyland Railroad Fantasyland Station,2711,CLOSED,STANDBY,0,,,queue-times.com
2026-08-10T07:31:11Z,2026-08-10,9,31,Disneyland Park,Disneyland Railroad Main Street Station,11,CLOSED,STANDBY,0,,,queue-times.com
2026-08-10T07:31:11Z,2026-08-10,9,31,Disneyland Park,Dumbo the Flying Elephant,18,OPERATING,STANDBY,20,,,queue-times.com
2026-08-10T07:31:11Z,2026-08-10,9,31,Disneyland Park,La Tanière du Dragon,2710,OPERATING,STANDBY,0,,,queue-times.com
2026-08-10T07:31:11Z,2026-08-10,9,31,Disneyland Park,Le Carrousel de Lancelot,16,OPERATING,STANDBY,5,,,queue-times.com
2026-08-10T07:31:11Z,2026-08-10,9,31,Disneyland Park,"Le Pays des Contes de Fées, presented by Vittel",21,OPERATING,STANDBY,5,,,queue-times.com
2026-08-10T07:31:11Z,2026-08-10,9,31,Disneyland Park,Les Voyages de Pinocchio,23,OPERATING,STANDBY,5,,,queue-times.com
2026-08-10T07:31:11Z,2026-08-10,9,31,Disneyland Park,Mad Hatter's Tea Cups,20,OPERATING,STANDBY,0,,,queue-times.com
2026-08-10T07:31:11Z,2026-08-10,9,31,Disneyland Park,Meet Mickey Mouse,13,CLOSED,STANDBY,0,,,queue-times.com
2026-08-10T07:31:11Z,2026-08-10,9,31,Disneyland Park,Peter Pan's Flight,22,OPERATING,STANDBY,35,,,queue-times.com
2026-08-10T07:31:11Z,2026-08-10,9,31,Disneyland Park,Princess Pavilion,24,CLOSED,STANDBY,0,,,queue-times.com
2026-08-10T07:31:11Z,2026-08-10,9,31,Disneyland Park,Big Thunder Mountain,25,OPERATING,STANDBY,20,,,queue-times.com
2026-08-10T07:31:11Z,2026-08-10,9,31,Disneyland Park,Disneyland Railroad Frontierland Depot,2714,CLOSED,STANDBY,0,,,queue-times.com
2026-08-10T07:31:11Z,2026-08-10,9,31,Disneyland Park,Frontierland Playground,2713,OPERATING,STANDBY,0,,,queue-times.com
2026-08-10T07:31:11Z,2026-08-10,9,31,Disneyland Park,Phantom Manor,26,OPERATING,STANDBY,5,,,queue-times.com
2026-08-10T07:31:11Z,2026-08-10,9,31,Disneyland Park,River Rogue Keelboats,27,CLOSED,STANDBY,0,,,queue-times.com
2026-08-10T07:31:11Z,2026-08-10,9,31,Disneyland Park,Rustler Roundup Shootin' Gallery,2712,OPERATING,STANDBY,0,,,queue-times.com
2026-08-10T07:31:11Z,2026-08-10,9,31,Disneyland Park,Thunder Mesa Riverboat Landing,28,CLOSED,STANDBY,0,,,queue-times.com
2026-08-10T07:31:11Z,2026-08-10,9,31,Disneyland Park,Disneyland Railroad Main Street Station,2708,CLOSED,STANDBY,0,,,queue-times.com
2026-08-10T07:31:11Z,2026-08-10,9,31,Disneyland Park,Main Street Vehicles,12,OPERATING,STANDBY,5,,,queue-times.com
2026-08-10T07:31:11Z,2026-08-10,9,31,Disney Adventure World,Avengers Assemble: Flight Force,10848,OPERATING,STANDBY,5,,,queue-times.com
2026-08-10T07:31:11Z,2026-08-10,9,31,Disney Adventure World,Avengers Assemble: Flight Force Single Rider,10849,OPERATING,STANDBY,5,,,queue-times.com
2026-08-10T07:31:11Z,2026-08-10,9,31,Disney Adventure World,Spider-Man W.E.B. Adventure,10845,OPERATING,STANDBY,25,,,queue-times.com
2026-08-10T07:31:11Z,2026-08-10,9,31,Disney Adventure World,Spider-Man W.E.B. Adventure Single Rider,10846,OPERATING,STANDBY,10,,,queue-times.com
2026-08-10T07:31:11Z,2026-08-10,9,31,Disney Adventure World,The Twilight Zone Tower of Terror,40,OPERATING,STANDBY,5,,,queue-times.com
2026-08-10T07:31:11Z,2026-08-10,9,31,Disney Adventure World,Cars Quatre Roues Rallye,31,OPERATING,STANDBY,5,,,queue-times.com
2026-08-10T07:31:11Z,2026-08-10,9,31,Disney Adventure World,Cars ROAD TRIP,29,OPERATING,STANDBY,0,,,queue-times.com
2026-08-10T07:31:11Z,2026-08-10,9,31,Disney Adventure World,Crush's Coaster,32,OPERATING,STANDBY,65,,,queue-times.com
2026-08-10T07:31:11Z,2026-08-10,9,31,Disney Adventure World,Crush's Coaster Single Rider,7277,OPERATING,STANDBY,55,,,queue-times.com
2026-08-10T07:31:11Z,2026-08-10,9,31,Disney Adventure World,Les Tapis Volants - Flying Carpets Over Agrabah®,33,OPERATING,STANDBY,5,,,queue-times.com
2026-08-10T07:31:11Z,2026-08-10,9,31,Disney Adventure World,Ratatouille : L’Aventure Totalement Toquée de Rémy​,37,OPERATING,STANDBY,30,,,queue-times.com
2026-08-10T07:31:11Z,2026-08-10,9,31,Disney Adventure World,Ratatouille: The Adventure Single Rider,7279,OPERATING,STANDBY,5,,,queue-times.com
2026-08-10T07:31:11Z,2026-08-10,9,31,Disney Adventure World,RC Racer,34,OPERATING,STANDBY,5,,,queue-times.com
2026-08-10T07:31:11Z,2026-08-10,9,31,Disney Adventure World,RC Racer Single Rider,7280,OPERATING,STANDBY,5,,,queue-times.com
2026-08-10T07:31:11Z,2026-08-10,9,31,Disney Adventure World,Slinky® Dog Zigzag Spin,36,OPERATING,STANDBY,5,,,queue-times.com
2026-08-10T07:31:11Z,2026-08-10,9,31,Disney Adventure World,Toy Soldiers Parachute Drop,35,OPERATING,STANDBY,20,,,queue-times.com
2026-08-10T07:31:11Z,2026-08-10,9,31,Disney Adventure World,Toy Soldiers Parachute Drop Single Rider,7281,OPERATING,STANDBY,5,,,queue-times.com
2026-08-10T07:31:11Z,2026-08-10,9,31,Disney Adventure World,Entry to World of Frozen,16247,OPERATING,STANDBY,0,,,queue-times.com
2026-08-10T07:31:11Z,2026-08-10,9,31,Disney Adventure World,Frozen Ever After,15413,OPERATING,STANDBY,65,,,queue-times.com
2026-08-10T07:31:11Z,2026-08-10,9,31,Disney Adventure World,Raiponce Tangled Spin,15415,OPERATING,STANDBY,5,,,queue-times.com
2026-08-10T07:45:47Z,2026-08-10,9,45,Disneyland Park,Adventure Isle,2702,OPERATING,STANDBY,0,,,queue-times.com
2026-08-10T07:45:47Z,2026-08-10,9,45,Disneyland Park,Indiana Jones and the Temple of Peril Single Rider,7306,OPERATING,STANDBY,5,,,queue-times.com
2026-08-10T07:45:47Z,2026-08-10,9,45,Disneyland Park,Indiana Jones™ and the Temple of Peril,2,OPERATING,STANDBY,5,,,queue-times.com
2026-08-10T07:45:47Z,2026-08-10,9,45,Disneyland Park,La Cabane des Robinson,1,OPERATING,STANDBY,5,,,queue-times.com
2026-08-10T07:45:47Z,2026-08-10,9,45,Disneyland Park,Le Passage Enchanté d'Aladdin,2703,OPERATING,STANDBY,0,,,queue-times.com
2026-08-10T07:45:47Z,2026-08-10,9,45,Disneyland Park,Pirate Galleon,2705,CLOSED,STANDBY,0,,,queue-times.com
2026-08-10T07:45:47Z,2026-08-10,9,45,Disneyland Park,Pirates of the Caribbean,3,OPERATING,STANDBY,5,,,queue-times.com
2026-08-10T07:45:47Z,2026-08-10,9,45,Disneyland Park,Pirates' Beach,2704,OPERATING,STANDBY,0,,,queue-times.com
2026-08-10T07:45:47Z,2026-08-10,9,45,Disneyland Park,"Autopia, presented by Avis",4,OPERATING,STANDBY,45,,,queue-times.com
2026-08-10T07:45:47Z,2026-08-10,9,45,Disneyland Park,Buzz Lightyear Laser Blast,5,OPERATING,STANDBY,25,,,queue-times.com
2026-08-10T07:45:47Z,2026-08-10,9,45,Disneyland Park,Disneyland Railroad Discoveryland Station,2706,CLOSED,STANDBY,0,,,queue-times.com
2026-08-10T07:45:47Z,2026-08-10,9,45,Disneyland Park,Les Mystères du Nautilus,6,OPERATING,STANDBY,5,,,queue-times.com
2026-08-10T07:45:47Z,2026-08-10,9,45,Disneyland Park,Mickey’s PhilharMagic,2707,CLOSED,STANDBY,0,,,queue-times.com
2026-08-10T07:45:47Z,2026-08-10,9,45,Disneyland Park,Orbitron®,7,OPERATING,STANDBY,40,,,queue-times.com
2026-08-10T07:45:47Z,2026-08-10,9,45,Disneyland Park,Star Tours: The Adventures Continue*,9,OPERATING,STANDBY,5,,,queue-times.com
2026-08-10T07:45:47Z,2026-08-10,9,45,Disneyland Park,Star Wars Hyperspace Mountain,8,OPERATING,STANDBY,15,,,queue-times.com
2026-08-10T07:45:47Z,2026-08-10,9,45,Disneyland Park,Star Wars Hyperspace Mountain Single Rider,7278,OPERATING,STANDBY,0,,,queue-times.com
2026-08-10T07:45:47Z,2026-08-10,9,45,Disneyland Park,Welcome to Starport: A Star Wars Encounter,4573,CLOSED,STANDBY,0,,,queue-times.com
2026-08-10T07:45:47Z,2026-08-10,9,45,Disneyland Park,"""it's a small world""",19,OPERATING,STANDBY,5,,,queue-times.com
2026-08-10T07:45:47Z,2026-08-10,9,45,Disneyland Park,Alice's Curious Labyrinth,14,OPERATING,STANDBY,5,,,queue-times.com
2026-08-10T07:45:47Z,2026-08-10,9,45,Disneyland Park,Blanche-Neige et les Sept Nains®,15,OPERATING,STANDBY,5,,,queue-times.com
2026-08-10T07:45:47Z,2026-08-10,9,45,Disneyland Park,Casey Jr. – le Petit Train du Cirque,17,OPERATING,STANDBY,5,,,queue-times.com
2026-08-10T07:45:47Z,2026-08-10,9,45,Disneyland Park,Disneyland Railroad Fantasyland Station,2711,CLOSED,STANDBY,0,,,queue-times.com
2026-08-10T07:45:47Z,2026-08-10,9,45,Disneyland Park,Disneyland Railroad Main Street Station,11,CLOSED,STANDBY,0,,,queue-times.com
2026-08-10T07:45:47Z,2026-08-10,9,45,Disneyland Park,Dumbo the Flying Elephant,18,OPERATING,STANDBY,20,,,queue-times.com
2026-08-10T07:45:47Z,2026-08-10,9,45,Disneyland Park,La Tanière du Dragon,2710,OPERATING,STANDBY,0,,,queue-times.com
2026-08-10T07:45:47Z,2026-08-10,9,45,Disneyland Park,Le Carrousel de Lancelot,16,OPERATING,STANDBY,5,,,queue-times.com
2026-08-10T07:45:47Z,2026-08-10,9,45,Disneyland Park,"Le Pays des Contes de Fées, presented by Vittel",21,OPERATING,STANDBY,5,,,queue-times.com
2026-08-10T07:45:47Z,2026-08-10,9,45,Disneyland Park,Les Voyages de Pinocchio,23,OPERATING,STANDBY,5,,,queue-times.com
2026-08-10T07:45:47Z,2026-08-10,9,45,Disneyland Park,Mad Hatter's Tea Cups,20,CLOSED,STANDBY,0,,,queue-times.com
2026-08-10T07:45:47Z,2026-08-10,9,45,Disneyland Park,Meet Mickey Mouse,13,CLOSED,STANDBY,0,,,queue-times.com
2026-08-10T07:45:47Z,2026-08-10,9,45,Disneyland Park,Peter Pan's Flight,22,OPERATING,STANDBY,50,,,queue-times.com
2026-08-10T07:45:47Z,2026-08-10,9,45,Disneyland Park,Princess Pavilion,24,CLOSED,STANDBY,0,,,queue-times.com
2026-08-10T07:45:47Z,2026-08-10,9,45,Disneyland Park,Big Thunder Mountain,25,OPERATING,STANDBY,35,,,queue-times.com
2026-08-10T07:45:47Z,2026-08-10,9,45,Disneyland Park,Disneyland Railroad Frontierland Depot,2714,CLOSED,STANDBY,0,,,queue-times.com
2026-08-10T07:45:47Z,2026-08-10,9,45,Disneyland Park,Frontierland Playground,2713,OPERATING,STANDBY,0,,,queue-times.com
2026-08-10T07:45:47Z,2026-08-10,9,45,Disneyland Park,Phantom Manor,26,OPERATING,STANDBY,5,,,queue-times.com
2026-08-10T07:45:47Z,2026-08-10,9,45,Disneyland Park,River Rogue Keelboats,27,CLOSED,STANDBY,0,,,queue-times.com
2026-08-10T07:45:47Z,2026-08-10,9,45,Disneyland Park,Rustler Roundup Shootin' Gallery,2712,OPERATING,STANDBY,0,,,queue-times.com
2026-08-10T07:45:47Z,2026-08-10,9,45,Disneyland Park,Thunder Mesa Riverboat Landing,28,CLOSED,STANDBY,0,,,queue-times.com
2026-08-10T07:45:47Z,2026-08-10,9,45,Disneyland Park,Disneyland Railroad Main Street Station,2708,CLOSED,STANDBY,0,,,queue-times.com
2026-08-10T07:45:47Z,2026-08-10,9,45,Disneyland Park,Main Street Vehicles,12,OPERATING,STANDBY,5,,,queue-times.com
2026-08-10T07:45:47Z,2026-08-10,9,45,Disney Adventure World,Avengers Assemble: Flight Force,10848,OPERATING,STANDBY,5,,,queue-times.com
2026-08-10T07:45:47Z,2026-08-10,9,45,Disney Adventure World,Avengers Assemble: Flight Force Single Rider,10849,OPERATING,STANDBY,5,,,queue-times.com
2026-08-10T07:45:47Z,2026-08-10,9,45,Disney Adventure World,Spider-Man W.E.B. Adventure,10845,OPERATING,STANDBY,25,,,queue-times.com
2026-08-10T07:45:47Z,2026-08-10,9,45,Disney Adventure World,Spider-Man W.E.B. Adventure Single Rider,10846,OPERATING,STANDBY,10,,,queue-times.com
2026-08-10T07:45:47Z,2026-08-10,9,45,Disney Adventure World,The Twilight Zone Tower of Terror,40,OPERATING,STANDBY,20,,,queue-times.com
2026-08-10T07:45:47Z,2026-08-10,9,45,Disney Adventure World,Cars Quatre Roues Rallye,31,OPERATING,STANDBY,5,,,queue-times.com
2026-08-10T07:45:47Z,2026-08-10,9,45,Disney Adventure World,Cars ROAD TRIP,29,OPERATING,STANDBY,5,,,queue-times.com
2026-08-10T07:45:47Z,2026-08-10,9,45,Disney Adventure World,Crush's Coaster,32,OPERATING,STANDBY,70,,,queue-times.com
2026-08-10T07:45:47Z,2026-08-10,9,45,Disney Adventure World,Crush's Coaster Single Rider,7277,OPERATING,STANDBY,65,,,queue-times.com
2026-08-10T07:45:47Z,2026-08-10,9,45,Disney Adventure World,Les Tapis Volants - Flying Carpets Over Agrabah®,33,OPERATING,STANDBY,5,,,queue-times.com
2026-08-10T07:45:47Z,2026-08-10,9,45,Disney Adventure World,Ratatouille : L’Aventure Totalement Toquée de Rémy​,37,OPERATING,STANDBY,40,,,queue-times.com
2026-08-10T07:45:47Z,2026-08-10,9,45,Disney Adventure World,Ratatouille: The Adventure Single Rider,7279,OPERATING,STANDBY,5,,,queue-times.com
2026-08-10T07:45:47Z,2026-08-10,9,45,Disney Adventure World,RC Racer,34,OPERATING,STANDBY,20,,,queue-times.com
2026-08-10T07:45:47Z,2026-08-10,9,45,Disney Adventure World,RC Racer Single Rider,7280,OPERATING,STANDBY,15,,,queue-times.com
2026-08-10T07:45:47Z,2026-08-10,9,45,Disney Adventure World,Slinky® Dog Zigzag Spin,36,OPERATING,STANDBY,5,,,queue-times.com
2026-08-10T07:45:47Z,2026-08-10,9,45,Disney Adventure World,Toy Soldiers Parachute Drop,35,OPERATING,STANDBY,30,,,queue-times.com
2026-08-10T07:45:47Z,2026-08-10,9,45,Disney Adventure World,Toy Soldiers Parachute Drop Single Rider,7281,OPERATING,STANDBY,5,,,queue-times.com
2026-08-10T07:45:47Z,2026-08-10,9,45,Disney Adventure World,Entry to World of Frozen,16247,OPERATING,STANDBY,0,,,queue-times.com
2026-08-10T07:45:47Z,2026-08-10,9,45,Disney Adventure World,Frozen Ever After,15413,OPERATING,STANDBY,65,,,queue-times.com
2026-08-10T07:45:47Z,2026-08-10,9,45,Disney Adventure World,Raiponce Tangled Spin,15415,OPERATING,STANDBY,5,,,queue-times.com
2026-08-10T07:59:09Z,2026-08-10,9,59,Disneyland Park,Adventure Isle,2702,OPERATING,STANDBY,0,,,queue-times.com
2026-08-10T07:59:09Z,2026-08-10,9,59,Disneyland Park,Indiana Jones and the Temple of Peril Single Rider,7306,OPERATING,STANDBY,5,,,queue-times.com
2026-08-10T07:59:09Z,2026-08-10,9,59,Disneyland Park,Indiana Jones™ and the Temple of Peril,2,OPERATING,STANDBY,5,,,queue-times.com
2026-08-10T07:59:09Z,2026-08-10,9,59,Disneyland Park,La Cabane des Robinson,1,OPERATING,STANDBY,5,,,queue-times.com
2026-08-10T07:59:09Z,2026-08-10,9,59,Disneyland Park,Le Passage Enchanté d'Aladdin,2703,OPERATING,STANDBY,0,,,queue-times.com
2026-08-10T07:59:09Z,2026-08-10,9,59,Disneyland Park,Pirate Galleon,2705,CLOSED,STANDBY,0,,,queue-times.com
2026-08-10T07:59:09Z,2026-08-10,9,59,Disneyland Park,Pirates of the Caribbean,3,OPERATING,STANDBY,5,,,queue-times.com
2026-08-10T07:59:09Z,2026-08-10,9,59,Disneyland Park,Pirates' Beach,2704,OPERATING,STANDBY,0,,,queue-times.com
2026-08-10T07:59:09Z,2026-08-10,9,59,Disneyland Park,"Autopia, presented by Avis",4,OPERATING,STANDBY,60,,,queue-times.com
2026-08-10T07:59:09Z,2026-08-10,9,59,Disneyland Park,Buzz Lightyear Laser Blast,5,OPERATING,STANDBY,30,,,queue-times.com
2026-08-10T07:59:09Z,2026-08-10,9,59,Disneyland Park,Disneyland Railroad Discoveryland Station,2706,CLOSED,STANDBY,0,,,queue-times.com
2026-08-10T07:59:09Z,2026-08-10,9,59,Disneyland Park,Les Mystères du Nautilus,6,OPERATING,STANDBY,5,,,queue-times.com
2026-08-10T07:59:09Z,2026-08-10,9,59,Disneyland Park,Mickey’s PhilharMagic,2707,CLOSED,STANDBY,0,,,queue-times.com
2026-08-10T07:59:09Z,2026-08-10,9,59,Disneyland Park,Orbitron®,7,OPERATING,STANDBY,30,,,queue-times.com
2026-08-10T07:59:09Z,2026-08-10,9,59,Disneyland Park,Star Tours: The Adventures Continue*,9,OPERATING,STANDBY,5,,,queue-times.com
2026-08-10T07:59:09Z,2026-08-10,9,59,Disneyland Park,Star Wars Hyperspace Mountain,8,OPERATING,STANDBY,15,,,queue-times.com
2026-08-10T07:59:09Z,2026-08-10,9,59,Disneyland Park,Star Wars Hyperspace Mountain Single Rider,7278,OPERATING,STANDBY,0,,,queue-times.com
2026-08-10T07:59:09Z,2026-08-10,9,59,Disneyland Park,Welcome to Starport: A Star Wars Encounter,4573,CLOSED,STANDBY,0,,,queue-times.com
2026-08-10T07:59:09Z,2026-08-10,9,59,Disneyland Park,"""it's a small world""",19,OPERATING,STANDBY,5,,,queue-times.com
2026-08-10T07:59:09Z,2026-08-10,9,59,Disneyland Park,Alice's Curious Labyrinth,14,OPERATING,STANDBY,5,,,queue-times.com
2026-08-10T07:59:09Z,2026-08-10,9,59,Disneyland Park,Blanche-Neige et les Sept Nains®,15,OPERATING,STANDBY,5,,,queue-times.com
2026-08-10T07:59:09Z,2026-08-10,9,59,Disneyland Park,Casey Jr. – le Petit Train du Cirque,17,OPERATING,STANDBY,5,,,queue-times.com
2026-08-10T07:59:09Z,2026-08-10,9,59,Disneyland Park,Disneyland Railroad Fantasyland Station,2711,CLOSED,STANDBY,0,,,queue-times.com
2026-08-10T07:59:09Z,2026-08-10,9,59,Disneyland Park,Disneyland Railroad Main Street Station,11,CLOSED,STANDBY,0,,,queue-times.com
2026-08-10T07:59:09Z,2026-08-10,9,59,Disneyland Park,Dumbo the Flying Elephant,18,OPERATING,STANDBY,20,,,queue-times.com
2026-08-10T07:59:09Z,2026-08-10,9,59,Disneyland Park,La Tanière du Dragon,2710,OPERATING,STANDBY,0,,,queue-times.com
2026-08-10T07:59:09Z,2026-08-10,9,59,Disneyland Park,Le Carrousel de Lancelot,16,OPERATING,STANDBY,5,,,queue-times.com
2026-08-10T07:59:09Z,2026-08-10,9,59,Disneyland Park,"Le Pays des Contes de Fées, presented by Vittel",21,OPERATING,STANDBY,5,,,queue-times.com
2026-08-10T07:59:09Z,2026-08-10,9,59,Disneyland Park,Les Voyages de Pinocchio,23,OPERATING,STANDBY,10,,,queue-times.com
2026-08-10T07:59:09Z,2026-08-10,9,59,Disneyland Park,Mad Hatter's Tea Cups,20,OPERATING,STANDBY,5,,,queue-times.com
2026-08-10T07:59:09Z,2026-08-10,9,59,Disneyland Park,Meet Mickey Mouse,13,CLOSED,STANDBY,0,,,queue-times.com
2026-08-10T07:59:09Z,2026-08-10,9,59,Disneyland Park,Peter Pan's Flight,22,OPERATING,STANDBY,50,,,queue-times.com
2026-08-10T07:59:09Z,2026-08-10,9,59,Disneyland Park,Princess Pavilion,24,CLOSED,STANDBY,0,,,queue-times.com
2026-08-10T07:59:09Z,2026-08-10,9,59,Disneyland Park,Big Thunder Mountain,25,OPERATING,STANDBY,45,,,queue-times.com
2026-08-10T07:59:09Z,2026-08-10,9,59,Disneyland Park,Disneyland Railroad Frontierland Depot,2714,CLOSED,STANDBY,0,,,queue-times.com
2026-08-10T07:59:09Z,2026-08-10,9,59,Disneyland Park,Frontierland Playground,2713,OPERATING,STANDBY,0,,,queue-times.com
2026-08-10T07:59:09Z,2026-08-10,9,59,Disneyland Park,Phantom Manor,26,OPERATING,STANDBY,5,,,queue-times.com
2026-08-10T07:59:09Z,2026-08-10,9,59,Disneyland Park,River Rogue Keelboats,27,CLOSED,STANDBY,0,,,queue-times.com
2026-08-10T07:59:09Z,2026-08-10,9,59,Disneyland Park,Rustler Roundup Shootin' Gallery,2712,OPERATING,STANDBY,0,,,queue-times.com
2026-08-10T07:59:09Z,2026-08-10,9,59,Disneyland Park,Thunder Mesa Riverboat Landing,28,CLOSED,STANDBY,0,,,queue-times.com
2026-08-10T07:59:09Z,2026-08-10,9,59,Disneyland Park,Disneyland Railroad Main Street Station,2708,CLOSED,STANDBY,0,,,queue-times.com
2026-08-10T07:59:09Z,2026-08-10,9,59,Disneyland Park,Main Street Vehicles,12,OPERATING,STANDBY,5,,,queue-times.com
2026-08-10T07:59:09Z,2026-08-10,9,59,Disney Adventure World,Avengers Assemble: Flight Force,10848,OPERATING,STANDBY,5,,,queue-times.com
2026-08-10T07:59:09Z,2026-08-10,9,59,Disney Adventure World,Avengers Assemble: Flight Force Single Rider,10849,OPERATING,STANDBY,5,,,queue-times.com
2026-08-10T07:59:09Z,2026-08-10,9,59,Disney Adventure World,Spider-Man W.E.B. Adventure,10845,OPERATING,STANDBY,35,,,queue-times.com
2026-08-10T07:59:09Z,2026-08-10,9,59,Disney Adventure World,Spider-Man W.E.B. Adventure Single Rider,10846,OPERATING,STANDBY,10,,,queue-times.com
2026-08-10T07:59:09Z,2026-08-10,9,59,Disney Adventure World,The Twilight Zone Tower of Terror,40,OPERATING,STANDBY,20,,,queue-times.com
2026-08-10T07:59:09Z,2026-08-10,9,59,Disney Adventure World,Cars Quatre Roues Rallye,31,OPERATING,STANDBY,5,,,queue-times.com
2026-08-10T07:59:09Z,2026-08-10,9,59,Disney Adventure World,Cars ROAD TRIP,29,OPERATING,STANDBY,5,,,queue-times.com
2026-08-10T07:59:09Z,2026-08-10,9,59,Disney Adventure World,Crush's Coaster,32,OPERATING,STANDBY,80,,,queue-times.com
2026-08-10T07:59:09Z,2026-08-10,9,59,Disney Adventure World,Crush's Coaster Single Rider,7277,OPERATING,STANDBY,50,,,queue-times.com
2026-08-10T07:59:09Z,2026-08-10,9,59,Disney Adventure World,Les Tapis Volants - Flying Carpets Over Agrabah®,33,OPERATING,STANDBY,5,,,queue-times.com
2026-08-10T07:59:09Z,2026-08-10,9,59,Disney Adventure World,Ratatouille : L’Aventure Totalement Toquée de Rémy​,37,OPERATING,STANDBY,30,,,queue-times.com
2026-08-10T07:59:09Z,2026-08-10,9,59,Disney Adventure World,Ratatouille: The Adventure Single Rider,7279,OPERATING,STANDBY,5,,,queue-times.com
2026-08-10T07:59:09Z,2026-08-10,9,59,Disney Adventure World,RC Racer,34,OPERATING,STANDBY,25,,,queue-times.com
2026-08-10T07:59:09Z,2026-08-10,9,59,Disney Adventure World,RC Racer Single Rider,7280,OPERATING,STANDBY,20,,,queue-times.com
2026-08-10T07:59:09Z,2026-08-10,9,59,Disney Adventure World,Slinky® Dog Zigzag Spin,36,OPERATING,STANDBY,15,,,queue-times.com
2026-08-10T07:59:09Z,2026-08-10,9,59,Disney Adventure World,Toy Soldiers Parachute Drop,35,OPERATING,STANDBY,45,,,queue-times.com
2026-08-10T07:59:09Z,2026-08-10,9,59,Disney Adventure World,Toy Soldiers Parachute Drop Single Rider,7281,OPERATING,STANDBY,10,,,queue-times.com
2026-08-10T07:59:09Z,2026-08-10,9,59,Disney Adventure World,Entry to World of Frozen,16247,OPERATING,STANDBY,0,,,queue-times.com
2026-08-10T07:59:09Z,2026-08-10,9,59,Disney Adventure World,Frozen Ever After,15413,OPERATING,STANDBY,85,,,queue-times.com
2026-08-10T07:59:09Z,2026-08-10,9,59,Disney Adventure World,Raiponce Tangled Spin,15415,OPERATING,STANDBY,5,,,queue-times.com
2026-08-10T08:01:19Z,2026-08-10,10,1,Disneyland Park,Adventure Isle,2702,OPERATING,STANDBY,0,,,queue-times.com
2026-08-10T08:01:19Z,2026-08-10,10,1,Disneyland Park,Indiana Jones and the Temple of Peril Single Rider,7306,OPERATING,STANDBY,5,,,queue-times.com
2026-08-10T08:01:19Z,2026-08-10,10,1,Disneyland Park,Indiana Jones™ and the Temple of Peril,2,OPERATING,STANDBY,5,,,queue-times.com
2026-08-10T08:01:19Z,2026-08-10,10,1,Disneyland Park,La Cabane des Robinson,1,OPERATING,STANDBY,5,,,queue-times.com
2026-08-10T08:01:19Z,2026-08-10,10,1,Disneyland Park,Le Passage Enchanté d'Aladdin,2703,OPERATING,STANDBY,0,,,queue-times.com
2026-08-10T08:01:19Z,2026-08-10,10,1,Disneyland Park,Pirate Galleon,2705,CLOSED,STANDBY,0,,,queue-times.com
2026-08-10T08:01:19Z,2026-08-10,10,1,Disneyland Park,Pirates of the Caribbean,3,OPERATING,STANDBY,5,,,queue-times.com
2026-08-10T08:01:19Z,2026-08-10,10,1,Disneyland Park,Pirates' Beach,2704,OPERATING,STANDBY,0,,,queue-times.com
2026-08-10T08:01:19Z,2026-08-10,10,1,Disneyland Park,"Autopia, presented by Avis",4,OPERATING,STANDBY,40,,,queue-times.com
2026-08-10T08:01:19Z,2026-08-10,10,1,Disneyland Park,Buzz Lightyear Laser Blast,5,OPERATING,STANDBY,30,,,queue-times.com
2026-08-10T08:01:19Z,2026-08-10,10,1,Disneyland Park,Disneyland Railroad Discoveryland Station,2706,CLOSED,STANDBY,0,,,queue-times.com
2026-08-10T08:01:19Z,2026-08-10,10,1,Disneyland Park,Les Mystères du Nautilus,6,OPERATING,STANDBY,5,,,queue-times.com
2026-08-10T08:01:19Z,2026-08-10,10,1,Disneyland Park,Mickey’s PhilharMagic,2707,CLOSED,STANDBY,0,,,queue-times.com
2026-08-10T08:01:19Z,2026-08-10,10,1,Disneyland Park,Orbitron®,7,OPERATING,STANDBY,30,,,queue-times.com
2026-08-10T08:01:19Z,2026-08-10,10,1,Disneyland Park,Star Tours: The Adventures Continue*,9,OPERATING,STANDBY,5,,,queue-times.com
2026-08-10T08:01:19Z,2026-08-10,10,1,Disneyland Park,Star Wars Hyperspace Mountain,8,OPERATING,STANDBY,15,,,queue-times.com
2026-08-10T08:01:19Z,2026-08-10,10,1,Disneyland Park,Star Wars Hyperspace Mountain Single Rider,7278,OPERATING,STANDBY,0,,,queue-times.com
2026-08-10T08:01:19Z,2026-08-10,10,1,Disneyland Park,Welcome to Starport: A Star Wars Encounter,4573,CLOSED,STANDBY,0,,,queue-times.com
2026-08-10T08:01:19Z,2026-08-10,10,1,Disneyland Park,"""it's a small world""",19,OPERATING,STANDBY,5,,,queue-times.com
2026-08-10T08:01:19Z,2026-08-10,10,1,Disneyland Park,Alice's Curious Labyrinth,14,OPERATING,STANDBY,5,,,queue-times.com
2026-08-10T08:01:19Z,2026-08-10,10,1,Disneyland Park,Blanche-Neige et les Sept Nains®,15,OPERATING,STANDBY,5,,,queue-times.com
2026-08-10T08:01:19Z,2026-08-10,10,1,Disneyland Park,Casey Jr. – le Petit Train du Cirque,17,OPERATING,STANDBY,5,,,queue-times.com
2026-08-10T08:01:19Z,2026-08-10,10,1,Disneyland Park,Disneyland Railroad Fantasyland Station,2711,CLOSED,STANDBY,0,,,queue-times.com
2026-08-10T08:01:19Z,2026-08-10,10,1,Disneyland Park,Disneyland Railroad Main Street Station,11,CLOSED,STANDBY,0,,,queue-times.com
2026-08-10T08:01:19Z,2026-08-10,10,1,Disneyland Park,Dumbo the Flying Elephant,18,OPERATING,STANDBY,10,,,queue-times.com
2026-08-10T08:01:19Z,2026-08-10,10,1,Disneyland Park,La Tanière du Dragon,2710,OPERATING,STANDBY,0,,,queue-times.com
2026-08-10T08:01:19Z,2026-08-10,10,1,Disneyland Park,Le Carrousel de Lancelot,16,OPERATING,STANDBY,5,,,queue-times.com
2026-08-10T08:01:19Z,2026-08-10,10,1,Disneyland Park,"Le Pays des Contes de Fées, presented by Vittel",21,OPERATING,STANDBY,5,,,queue-times.com
2026-08-10T08:01:19Z,2026-08-10,10,1,Disneyland Park,Les Voyages de Pinocchio,23,OPERATING,STANDBY,10,,,queue-times.com
2026-08-10T08:01:19Z,2026-08-10,10,1,Disneyland Park,Mad Hatter's Tea Cups,20,OPERATING,STANDBY,5,,,queue-times.com
2026-08-10T08:01:19Z,2026-08-10,10,1,Disneyland Park,Meet Mickey Mouse,13,CLOSED,STANDBY,0,,,queue-times.com
2026-08-10T08:01:19Z,2026-08-10,10,1,Disneyland Park,Peter Pan's Flight,22,OPERATING,STANDBY,55,,,queue-times.com
2026-08-10T08:01:19Z,2026-08-10,10,1,Disneyland Park,Princess Pavilion,24,CLOSED,STANDBY,0,,,queue-times.com
2026-08-10T08:01:19Z,2026-08-10,10,1,Disneyland Park,Big Thunder Mountain,25,OPERATING,STANDBY,45,,,queue-times.com
2026-08-10T08:01:19Z,2026-08-10,10,1,Disneyland Park,Disneyland Railroad Frontierland Depot,2714,CLOSED,STANDBY,0,,,queue-times.com
2026-08-10T08:01:19Z,2026-08-10,10,1,Disneyland Park,Frontierland Playground,2713,OPERATING,STANDBY,0,,,queue-times.com
2026-08-10T08:01:19Z,2026-08-10,10,1,Disneyland Park,Phantom Manor,26,OPERATING,STANDBY,5,,,queue-times.com
2026-08-10T08:01:19Z,2026-08-10,10,1,Disneyland Park,River Rogue Keelboats,27,CLOSED,STANDBY,0,,,queue-times.com
2026-08-10T08:01:19Z,2026-08-10,10,1,Disneyland Park,Rustler Roundup Shootin' Gallery,2712,OPERATING,STANDBY,0,,,queue-times.com
2026-08-10T08:01:19Z,2026-08-10,10,1,Disneyland Park,Thunder Mesa Riverboat Landing,28,CLOSED,STANDBY,0,,,queue-times.com
2026-08-10T08:01:19Z,2026-08-10,10,1,Disneyland Park,Disneyland Railroad Main Street Station,2708,CLOSED,STANDBY,0,,,queue-times.com
2026-08-10T08:01:19Z,2026-08-10,10,1,Disneyland Park,Main Street Vehicles,12,OPERATING,STANDBY,5,,,queue-times.com
2026-08-10T08:01:19Z,2026-08-10,10,1,Disney Adventure World,Avengers Assemble: Flight Force,10848,OPERATING,STANDBY,5,,,queue-times.com
2026-08-10T08:01:19Z,2026-08-10,10,1,Disney Adventure World,Avengers Assemble: Flight Force Single Rider,10849,OPERATING,STANDBY,5,,,queue-times.com
2026-08-10T08:01:19Z,2026-08-10,10,1,Disney Adventure World,Spider-Man W.E.B. Adventure,10845,OPERATING,STANDBY,35,,,queue-times.com
2026-08-10T08:01:19Z,2026-08-10,10,1,Disney Adventure World,Spider-Man W.E.B. Adventure Single Rider,10846,OPERATING,STANDBY,10,,,queue-times.com
2026-08-10T08:01:19Z,2026-08-10,10,1,Disney Adventure World,The Twilight Zone Tower of Terror,40,OPERATING,STANDBY,30,,,queue-times.com
2026-08-10T08:01:19Z,2026-08-10,10,1,Disney Adventure World,Cars Quatre Roues Rallye,31,OPERATING,STANDBY,5,,,queue-times.com
2026-08-10T08:01:19Z,2026-08-10,10,1,Disney Adventure World,Cars ROAD TRIP,29,OPERATING,STANDBY,5,,,queue-times.com
2026-08-10T08:01:19Z,2026-08-10,10,1,Disney Adventure World,Crush's Coaster,32,OPERATING,STANDBY,90,,,queue-times.com
2026-08-10T08:01:19Z,2026-08-10,10,1,Disney Adventure World,Crush's Coaster Single Rider,7277,OPERATING,STANDBY,50,,,queue-times.com
2026-08-10T08:01:19Z,2026-08-10,10,1,Disney Adventure World,Les Tapis Volants - Flying Carpets Over Agrabah®,33,OPERATING,STANDBY,5,,,queue-times.com
2026-08-10T08:01:19Z,2026-08-10,10,1,Disney Adventure World,Ratatouille : L’Aventure Totalement Toquée de Rémy​,37,OPERATING,STANDBY,30,,,queue-times.com
2026-08-10T08:01:19Z,2026-08-10,10,1,Disney Adventure World,Ratatouille: The Adventure Single Rider,7279,OPERATING,STANDBY,5,,,queue-times.com
2026-08-10T08:01:19Z,2026-08-10,10,1,Disney Adventure World,RC Racer,34,OPERATING,STANDBY,25,,,queue-times.com
2026-08-10T08:01:19Z,2026-08-10,10,1,Disney Adventure World,RC Racer Single Rider,7280,OPERATING,STANDBY,20,,,queue-times.com
2026-08-10T08:01:19Z,2026-08-10,10,1,Disney Adventure World,Slinky® Dog Zigzag Spin,36,OPERATING,STANDBY,10,,,queue-times.com
2026-08-10T08:01:19Z,2026-08-10,10,1,Disney Adventure World,Toy Soldiers Parachute Drop,35,OPERATING,STANDBY,50,,,queue-times.com
2026-08-10T08:01:19Z,2026-08-10,10,1,Disney Adventure World,Toy Soldiers Parachute Drop Single Rider,7281,OPERATING,STANDBY,10,,,queue-times.com
2026-08-10T08:01:19Z,2026-08-10,10,1,Disney Adventure World,Entry to World of Frozen,16247,OPERATING,STANDBY,0,,,queue-times.com
2026-08-10T08:01:19Z,2026-08-10,10,1,Disney Adventure World,Frozen Ever After,15413,OPERATING,STANDBY,85,,,queue-times.com
2026-08-10T08:01:19Z,2026-08-10,10,1,Disney Adventure World,Raiponce Tangled Spin,15415,OPERATING,STANDBY,5,,,queue-times.com
2026-08-10T08:15:47Z,2026-08-10,10,15,Disneyland Park,Adventure Isle,2702,OPERATING,STANDBY,0,,,queue-times.com
2026-08-10T08:15:47Z,2026-08-10,10,15,Disneyland Park,Indiana Jones and the Temple of Peril Single Rider,7306,OPERATING,STANDBY,5,,,queue-times.com
2026-08-10T08:15:47Z,2026-08-10,10,15,Disneyland Park,Indiana Jones™ and the Temple of Peril,2,OPERATING,STANDBY,10,,,queue-times.com
2026-08-10T08:15:47Z,2026-08-10,10,15,Disneyland Park,La Cabane des Robinson,1,OPERATING,STANDBY,5,,,queue-times.com
2026-08-10T08:15:47Z,2026-08-10,10,15,Disneyland Park,Le Passage Enchanté d'Aladdin,2703,OPERATING,STANDBY,0,,,queue-times.com
2026-08-10T08:15:47Z,2026-08-10,10,15,Disneyland Park,Pirate Galleon,2705,CLOSED,STANDBY,0,,,queue-times.com
2026-08-10T08:15:47Z,2026-08-10,10,15,Disneyland Park,Pirates of the Caribbean,3,OPERATING,STANDBY,10,,,queue-times.com
2026-08-10T08:15:47Z,2026-08-10,10,15,Disneyland Park,Pirates' Beach,2704,OPERATING,STANDBY,0,,,queue-times.com
2026-08-10T08:15:47Z,2026-08-10,10,15,Disneyland Park,"Autopia, presented by Avis",4,OPERATING,STANDBY,45,,,queue-times.com
2026-08-10T08:15:47Z,2026-08-10,10,15,Disneyland Park,Buzz Lightyear Laser Blast,5,OPERATING,STANDBY,35,,,queue-times.com
2026-08-10T08:15:47Z,2026-08-10,10,15,Disneyland Park,Disneyland Railroad Discoveryland Station,2706,CLOSED,STANDBY,0,,,queue-times.com
2026-08-10T08:15:47Z,2026-08-10,10,15,Disneyland Park,Les Mystères du Nautilus,6,OPERATING,STANDBY,5,,,queue-times.com
2026-08-10T08:15:47Z,2026-08-10,10,15,Disneyland Park,Mickey’s PhilharMagic,2707,CLOSED,STANDBY,0,,,queue-times.com
2026-08-10T08:15:47Z,2026-08-10,10,15,Disneyland Park,Orbitron®,7,OPERATING,STANDBY,40,,,queue-times.com
2026-08-10T08:15:47Z,2026-08-10,10,15,Disneyland Park,Star Tours: The Adventures Continue*,9,OPERATING,STANDBY,5,,,queue-times.com
2026-08-10T08:15:47Z,2026-08-10,10,15,Disneyland Park,Star Wars Hyperspace Mountain,8,OPERATING,STANDBY,15,,,queue-times.com
2026-08-10T08:15:47Z,2026-08-10,10,15,Disneyland Park,Star Wars Hyperspace Mountain Single Rider,7278,OPERATING,STANDBY,0,,,queue-times.com
2026-08-10T08:15:47Z,2026-08-10,10,15,Disneyland Park,Welcome to Starport: A Star Wars Encounter,4573,OPERATING,STANDBY,15,,,queue-times.com
2026-08-10T08:15:47Z,2026-08-10,10,15,Disneyland Park,"""it's a small world""",19,OPERATING,STANDBY,5,,,queue-times.com
2026-08-10T08:15:47Z,2026-08-10,10,15,Disneyland Park,Alice's Curious Labyrinth,14,OPERATING,STANDBY,5,,,queue-times.com
2026-08-10T08:15:47Z,2026-08-10,10,15,Disneyland Park,Blanche-Neige et les Sept Nains®,15,OPERATING,STANDBY,10,,,queue-times.com
2026-08-10T08:15:47Z,2026-08-10,10,15,Disneyland Park,Casey Jr. – le Petit Train du Cirque,17,OPERATING,STANDBY,5,,,queue-times.com
2026-08-10T08:15:47Z,2026-08-10,10,15,Disneyland Park,Disneyland Railroad Fantasyland Station,2711,CLOSED,STANDBY,0,,,queue-times.com
2026-08-10T08:15:47Z,2026-08-10,10,15,Disneyland Park,Disneyland Railroad Main Street Station,11,CLOSED,STANDBY,0,,,queue-times.com
2026-08-10T08:15:47Z,2026-08-10,10,15,Disneyland Park,Dumbo the Flying Elephant,18,OPERATING,STANDBY,10,,,queue-times.com
2026-08-10T08:15:47Z,2026-08-10,10,15,Disneyland Park,La Tanière du Dragon,2710,OPERATING,STANDBY,0,,,queue-times.com
2026-08-10T08:15:47Z,2026-08-10,10,15,Disneyland Park,Le Carrousel de Lancelot,16,OPERATING,STANDBY,5,,,queue-times.com
2026-08-10T08:15:47Z,2026-08-10,10,15,Disneyland Park,"Le Pays des Contes de Fées, presented by Vittel",21,OPERATING,STANDBY,5,,,queue-times.com
2026-08-10T08:15:47Z,2026-08-10,10,15,Disneyland Park,Les Voyages de Pinocchio,23,OPERATING,STANDBY,10,,,queue-times.com
2026-08-10T08:15:47Z,2026-08-10,10,15,Disneyland Park,Mad Hatter's Tea Cups,20,OPERATING,STANDBY,5,,,queue-times.com
2026-08-10T08:15:47Z,2026-08-10,10,15,Disneyland Park,Meet Mickey Mouse,13,OPERATING,STANDBY,0,,,queue-times.com
2026-08-10T08:15:47Z,2026-08-10,10,15,Disneyland Park,Peter Pan's Flight,22,OPERATING,STANDBY,55,,,queue-times.com
2026-08-10T08:15:47Z,2026-08-10,10,15,Disneyland Park,Princess Pavilion,24,OPERATING,STANDBY,0,,,queue-times.com
2026-08-10T08:15:47Z,2026-08-10,10,15,Disneyland Park,Big Thunder Mountain,25,OPERATING,STANDBY,40,,,queue-times.com
2026-08-10T08:15:47Z,2026-08-10,10,15,Disneyland Park,Disneyland Railroad Frontierland Depot,2714,CLOSED,STANDBY,0,,,queue-times.com
2026-08-10T08:15:47Z,2026-08-10,10,15,Disneyland Park,Frontierland Playground,2713,OPERATING,STANDBY,0,,,queue-times.com
2026-08-10T08:15:47Z,2026-08-10,10,15,Disneyland Park,Phantom Manor,26,OPERATING,STANDBY,5,,,queue-times.com
2026-08-10T08:15:47Z,2026-08-10,10,15,Disneyland Park,River Rogue Keelboats,27,CLOSED,STANDBY,0,,,queue-times.com
2026-08-10T08:15:47Z,2026-08-10,10,15,Disneyland Park,Rustler Roundup Shootin' Gallery,2712,OPERATING,STANDBY,0,,,queue-times.com
2026-08-10T08:15:47Z,2026-08-10,10,15,Disneyland Park,Thunder Mesa Riverboat Landing,28,CLOSED,STANDBY,0,,,queue-times.com
2026-08-10T08:15:47Z,2026-08-10,10,15,Disneyland Park,Disneyland Railroad Main Street Station,2708,CLOSED,STANDBY,0,,,queue-times.com
2026-08-10T08:15:47Z,2026-08-10,10,15,Disneyland Park,Main Street Vehicles,12,OPERATING,STANDBY,5,,,queue-times.com
2026-08-10T08:15:47Z,2026-08-10,10,15,Disney Adventure World,Avengers Assemble: Flight Force,10848,OPERATING,STANDBY,5,,,queue-times.com
2026-08-10T08:15:47Z,2026-08-10,10,15,Disney Adventure World,Avengers Assemble: Flight Force Single Rider,10849,OPERATING,STANDBY,5,,,queue-times.com
2026-08-10T08:15:47Z,2026-08-10,10,15,Disney Adventure World,Spider-Man W.E.B. Adventure,10845,OPERATING,STANDBY,40,,,queue-times.com
2026-08-10T08:15:47Z,2026-08-10,10,15,Disney Adventure World,Spider-Man W.E.B. Adventure Single Rider,10846,OPERATING,STANDBY,10,,,queue-times.com
2026-08-10T08:15:47Z,2026-08-10,10,15,Disney Adventure World,The Twilight Zone Tower of Terror,40,OPERATING,STANDBY,25,,,queue-times.com
2026-08-10T08:15:47Z,2026-08-10,10,15,Disney Adventure World,Cars Quatre Roues Rallye,31,OPERATING,STANDBY,5,,,queue-times.com
2026-08-10T08:15:47Z,2026-08-10,10,15,Disney Adventure World,Cars ROAD TRIP,29,OPERATING,STANDBY,5,,,queue-times.com
2026-08-10T08:15:47Z,2026-08-10,10,15,Disney Adventure World,Crush's Coaster,32,OPERATING,STANDBY,80,,,queue-times.com
2026-08-10T08:15:47Z,2026-08-10,10,15,Disney Adventure World,Crush's Coaster Single Rider,7277,OPERATING,STANDBY,45,,,queue-times.com
2026-08-10T08:15:47Z,2026-08-10,10,15,Disney Adventure World,Les Tapis Volants - Flying Carpets Over Agrabah®,33,OPERATING,STANDBY,5,,,queue-times.com
2026-08-10T08:15:47Z,2026-08-10,10,15,Disney Adventure World,Ratatouille : L’Aventure Totalement Toquée de Rémy​,37,OPERATING,STANDBY,50,,,queue-times.com
2026-08-10T08:15:47Z,2026-08-10,10,15,Disney Adventure World,Ratatouille: The Adventure Single Rider,7279,OPERATING,STANDBY,5,,,queue-times.com
2026-08-10T08:15:47Z,2026-08-10,10,15,Disney Adventure World,RC Racer,34,OPERATING,STANDBY,30,,,queue-times.com
2026-08-10T08:15:47Z,2026-08-10,10,15,Disney Adventure World,RC Racer Single Rider,7280,OPERATING,STANDBY,25,,,queue-times.com
2026-08-10T08:15:47Z,2026-08-10,10,15,Disney Adventure World,Slinky® Dog Zigzag Spin,36,OPERATING,STANDBY,10,,,queue-times.com
2026-08-10T08:15:47Z,2026-08-10,10,15,Disney Adventure World,Toy Soldiers Parachute Drop,35,OPERATING,STANDBY,45,,,queue-times.com
2026-08-10T08:15:47Z,2026-08-10,10,15,Disney Adventure World,Toy Soldiers Parachute Drop Single Rider,7281,OPERATING,STANDBY,5,,,queue-times.com
2026-08-10T08:15:47Z,2026-08-10,10,15,Disney Adventure World,Entry to World of Frozen,16247,OPERATING,STANDBY,0,,,queue-times.com
2026-08-10T08:15:47Z,2026-08-10,10,15,Disney Adventure World,Frozen Ever After,15413,OPERATING,STANDBY,75,,,queue-times.com
2026-08-10T08:15:47Z,2026-08-10,10,15,Disney Adventure World,Raiponce Tangled Spin,15415,OPERATING,STANDBY,5,,,queue-times.com
2026-08-10T08:31:07Z,2026-08-10,10,31,Disneyland Park,Adventure Isle,2702,OPERATING,STANDBY,0,,,queue-times.com
2026-08-10T08:31:07Z,2026-08-10,10,31,Disneyland Park,Indiana Jones and the Temple of Peril Single Rider,7306,OPERATING,STANDBY,5,,,queue-times.com
2026-08-10T08:31:07Z,2026-08-10,10,31,Disneyland Park,Indiana Jones™ and the Temple of Peril,2,OPERATING,STANDBY,10,,,queue-times.com
2026-08-10T08:31:07Z,2026-08-10,10,31,Disneyland Park,La Cabane des Robinson,1,OPERATING,STANDBY,5,,,queue-times.com
2026-08-10T08:31:07Z,2026-08-10,10,31,Disneyland Park,Le Passage Enchanté d'Aladdin,2703,OPERATING,STANDBY,0,,,queue-times.com
2026-08-10T08:31:07Z,2026-08-10,10,31,Disneyland Park,Pirate Galleon,2705,CLOSED,STANDBY,0,,,queue-times.com
2026-08-10T08:31:07Z,2026-08-10,10,31,Disneyland Park,Pirates of the Caribbean,3,OPERATING,STANDBY,5,,,queue-times.com
2026-08-10T08:31:07Z,2026-08-10,10,31,Disneyland Park,Pirates' Beach,2704,OPERATING,STANDBY,0,,,queue-times.com
2026-08-10T08:31:07Z,2026-08-10,10,31,Disneyland Park,"Autopia, presented by Avis",4,OPERATING,STANDBY,30,,,queue-times.com
2026-08-10T08:31:07Z,2026-08-10,10,31,Disneyland Park,Buzz Lightyear Laser Blast,5,OPERATING,STANDBY,50,,,queue-times.com
2026-08-10T08:31:07Z,2026-08-10,10,31,Disneyland Park,Disneyland Railroad Discoveryland Station,2706,CLOSED,STANDBY,0,,,queue-times.com
2026-08-10T08:31:07Z,2026-08-10,10,31,Disneyland Park,Les Mystères du Nautilus,6,OPERATING,STANDBY,5,,,queue-times.com
2026-08-10T08:31:07Z,2026-08-10,10,31,Disneyland Park,Mickey’s PhilharMagic,2707,CLOSED,STANDBY,0,,,queue-times.com
2026-08-10T08:31:07Z,2026-08-10,10,31,Disneyland Park,Orbitron®,7,OPERATING,STANDBY,40,,,queue-times.com
2026-08-10T08:31:07Z,2026-08-10,10,31,Disneyland Park,Star Tours: The Adventures Continue*,9,OPERATING,STANDBY,5,,,queue-times.com
2026-08-10T08:31:07Z,2026-08-10,10,31,Disneyland Park,Star Wars Hyperspace Mountain,8,OPERATING,STANDBY,25,,,queue-times.com
2026-08-10T08:31:07Z,2026-08-10,10,31,Disneyland Park,Star Wars Hyperspace Mountain Single Rider,7278,OPERATING,STANDBY,5,,,queue-times.com
2026-08-10T08:31:07Z,2026-08-10,10,31,Disneyland Park,Welcome to Starport: A Star Wars Encounter,4573,OPERATING,STANDBY,25,,,queue-times.com
2026-08-10T08:31:07Z,2026-08-10,10,31,Disneyland Park,"""it's a small world""",19,OPERATING,STANDBY,5,,,queue-times.com
2026-08-10T08:31:07Z,2026-08-10,10,31,Disneyland Park,Alice's Curious Labyrinth,14,OPERATING,STANDBY,5,,,queue-times.com
2026-08-10T08:31:07Z,2026-08-10,10,31,Disneyland Park,Blanche-Neige et les Sept Nains®,15,OPERATING,STANDBY,10,,,queue-times.com
2026-08-10T08:31:07Z,2026-08-10,10,31,Disneyland Park,Casey Jr. – le Petit Train du Cirque,17,OPERATING,STANDBY,5,,,queue-times.com
2026-08-10T08:31:07Z,2026-08-10,10,31,Disneyland Park,Disneyland Railroad Fantasyland Station,2711,CLOSED,STANDBY,0,,,queue-times.com
2026-08-10T08:31:07Z,2026-08-10,10,31,Disneyland Park,Disneyland Railroad Main Street Station,11,CLOSED,STANDBY,0,,,queue-times.com
2026-08-10T08:31:07Z,2026-08-10,10,31,Disneyland Park,Dumbo the Flying Elephant,18,OPERATING,STANDBY,35,,,queue-times.com
2026-08-10T08:31:07Z,2026-08-10,10,31,Disneyland Park,La Tanière du Dragon,2710,OPERATING,STANDBY,0,,,queue-times.com
2026-08-10T08:31:07Z,2026-08-10,10,31,Disneyland Park,Le Carrousel de Lancelot,16,OPERATING,STANDBY,5,,,queue-times.com
2026-08-10T08:31:07Z,2026-08-10,10,31,Disneyland Park,"Le Pays des Contes de Fées, presented by Vittel",21,OPERATING,STANDBY,5,,,queue-times.com
2026-08-10T08:31:07Z,2026-08-10,10,31,Disneyland Park,Les Voyages de Pinocchio,23,OPERATING,STANDBY,20,,,queue-times.com
2026-08-10T08:31:07Z,2026-08-10,10,31,Disneyland Park,Mad Hatter's Tea Cups,20,OPERATING,STANDBY,5,,,queue-times.com
2026-08-10T08:31:07Z,2026-08-10,10,31,Disneyland Park,Meet Mickey Mouse,13,OPERATING,STANDBY,0,,,queue-times.com
2026-08-10T08:31:07Z,2026-08-10,10,31,Disneyland Park,Peter Pan's Flight,22,OPERATING,STANDBY,65,,,queue-times.com
2026-08-10T08:31:07Z,2026-08-10,10,31,Disneyland Park,Princess Pavilion,24,OPERATING,STANDBY,0,,,queue-times.com
2026-08-10T08:31:07Z,2026-08-10,10,31,Disneyland Park,Big Thunder Mountain,25,OPERATING,STANDBY,50,,,queue-times.com
2026-08-10T08:31:07Z,2026-08-10,10,31,Disneyland Park,Disneyland Railroad Frontierland Depot,2714,CLOSED,STANDBY,0,,,queue-times.com
2026-08-10T08:31:07Z,2026-08-10,10,31,Disneyland Park,Frontierland Playground,2713,OPERATING,STANDBY,0,,,queue-times.com
2026-08-10T08:31:07Z,2026-08-10,10,31,Disneyland Park,Phantom Manor,26,OPERATING,STANDBY,5,,,queue-times.com
2026-08-10T08:31:07Z,2026-08-10,10,31,Disneyland Park,River Rogue Keelboats,27,CLOSED,STANDBY,0,,,queue-times.com
2026-08-10T08:31:07Z,2026-08-10,10,31,Disneyland Park,Rustler Roundup Shootin' Gallery,2712,OPERATING,STANDBY,0,,,queue-times.com
2026-08-10T08:31:07Z,2026-08-10,10,31,Disneyland Park,Thunder Mesa Riverboat Landing,28,OPERATING,STANDBY,20,,,queue-times.com
2026-08-10T08:31:07Z,2026-08-10,10,31,Disneyland Park,Disneyland Railroad Main Street Station,2708,CLOSED,STANDBY,0,,,queue-times.com
2026-08-10T08:31:07Z,2026-08-10,10,31,Disneyland Park,Main Street Vehicles,12,OPERATING,STANDBY,5,,,queue-times.com
2026-08-10T08:31:07Z,2026-08-10,10,31,Disney Adventure World,Avengers Assemble: Flight Force,10848,OPERATING,STANDBY,15,,,queue-times.com
2026-08-10T08:31:07Z,2026-08-10,10,31,Disney Adventure World,Avengers Assemble: Flight Force Single Rider,10849,OPERATING,STANDBY,5,,,queue-times.com
2026-08-10T08:31:07Z,2026-08-10,10,31,Disney Adventure World,Spider-Man W.E.B. Adventure,10845,CLOSED,STANDBY,0,,,queue-times.com
2026-08-10T08:31:07Z,2026-08-10,10,31,Disney Adventure World,Spider-Man W.E.B. Adventure Single Rider,10846,CLOSED,STANDBY,0,,,queue-times.com
2026-08-10T08:31:07Z,2026-08-10,10,31,Disney Adventure World,The Twilight Zone Tower of Terror,40,OPERATING,STANDBY,20,,,queue-times.com
2026-08-10T08:31:07Z,2026-08-10,10,31,Disney Adventure World,Cars Quatre Roues Rallye,31,OPERATING,STANDBY,10,,,queue-times.com
2026-08-10T08:31:07Z,2026-08-10,10,31,Disney Adventure World,Cars ROAD TRIP,29,OPERATING,STANDBY,5,,,queue-times.com
2026-08-10T08:31:07Z,2026-08-10,10,31,Disney Adventure World,Crush's Coaster,32,OPERATING,STANDBY,90,,,queue-times.com
2026-08-10T08:31:07Z,2026-08-10,10,31,Disney Adventure World,Crush's Coaster Single Rider,7277,OPERATING,STANDBY,50,,,queue-times.com
2026-08-10T08:31:07Z,2026-08-10,10,31,Disney Adventure World,Les Tapis Volants - Flying Carpets Over Agrabah®,33,OPERATING,STANDBY,5,,,queue-times.com
2026-08-10T08:31:07Z,2026-08-10,10,31,Disney Adventure World,Ratatouille : L’Aventure Totalement Toquée de Rémy​,37,OPERATING,STANDBY,45,,,queue-times.com
2026-08-10T08:31:07Z,2026-08-10,10,31,Disney Adventure World,Ratatouille: The Adventure Single Rider,7279,OPERATING,STANDBY,10,,,queue-times.com
2026-08-10T08:31:07Z,2026-08-10,10,31,Disney Adventure World,RC Racer,34,OPERATING,STANDBY,40,,,queue-times.com
2026-08-10T08:31:07Z,2026-08-10,10,31,Disney Adventure World,RC Racer Single Rider,7280,OPERATING,STANDBY,25,,,queue-times.com
2026-08-10T08:31:07Z,2026-08-10,10,31,Disney Adventure World,Slinky® Dog Zigzag Spin,36,OPERATING,STANDBY,10,,,queue-times.com
2026-08-10T08:31:07Z,2026-08-10,10,31,Disney Adventure World,Toy Soldiers Parachute Drop,35,OPERATING,STANDBY,35,,,queue-times.com
2026-08-10T08:31:07Z,2026-08-10,10,31,Disney Adventure World,Toy Soldiers Parachute Drop Single Rider,7281,OPERATING,STANDBY,5,,,queue-times.com
2026-08-10T08:31:07Z,2026-08-10,10,31,Disney Adventure World,Entry to World of Frozen,16247,OPERATING,STANDBY,0,,,queue-times.com
2026-08-10T08:31:07Z,2026-08-10,10,31,Disney Adventure World,Frozen Ever After,15413,OPERATING,STANDBY,50,,,queue-times.com
2026-08-10T08:31:07Z,2026-08-10,10,31,Disney Adventure World,Raiponce Tangled Spin,15415,OPERATING,STANDBY,10,,,queue-times.com
2026-08-10T08:45:47Z,2026-08-10,10,45,Disneyland Park,Adventure Isle,2702,OPERATING,STANDBY,0,,,queue-times.com
2026-08-10T08:45:47Z,2026-08-10,10,45,Disneyland Park,Indiana Jones and the Temple of Peril Single Rider,7306,OPERATING,STANDBY,5,,,queue-times.com
2026-08-10T08:45:47Z,2026-08-10,10,45,Disneyland Park,Indiana Jones™ and the Temple of Peril,2,OPERATING,STANDBY,10,,,queue-times.com
2026-08-10T08:45:47Z,2026-08-10,10,45,Disneyland Park,La Cabane des Robinson,1,OPERATING,STANDBY,5,,,queue-times.com
2026-08-10T08:45:47Z,2026-08-10,10,45,Disneyland Park,Le Passage Enchanté d'Aladdin,2703,OPERATING,STANDBY,0,,,queue-times.com
2026-08-10T08:45:47Z,2026-08-10,10,45,Disneyland Park,Pirate Galleon,2705,CLOSED,STANDBY,0,,,queue-times.com
2026-08-10T08:45:47Z,2026-08-10,10,45,Disneyland Park,Pirates of the Caribbean,3,OPERATING,STANDBY,5,,,queue-times.com
2026-08-10T08:45:47Z,2026-08-10,10,45,Disneyland Park,Pirates' Beach,2704,OPERATING,STANDBY,0,,,queue-times.com
2026-08-10T08:45:47Z,2026-08-10,10,45,Disneyland Park,"Autopia, presented by Avis",4,OPERATING,STANDBY,40,,,queue-times.com
2026-08-10T08:45:47Z,2026-08-10,10,45,Disneyland Park,Buzz Lightyear Laser Blast,5,OPERATING,STANDBY,45,,,queue-times.com
2026-08-10T08:45:47Z,2026-08-10,10,45,Disneyland Park,Disneyland Railroad Discoveryland Station,2706,CLOSED,STANDBY,0,,,queue-times.com
2026-08-10T08:45:47Z,2026-08-10,10,45,Disneyland Park,Les Mystères du Nautilus,6,OPERATING,STANDBY,5,,,queue-times.com
2026-08-10T08:45:47Z,2026-08-10,10,45,Disneyland Park,Mickey’s PhilharMagic,2707,CLOSED,STANDBY,0,,,queue-times.com
2026-08-10T08:45:47Z,2026-08-10,10,45,Disneyland Park,Orbitron®,7,OPERATING,STANDBY,45,,,queue-times.com
2026-08-10T08:45:47Z,2026-08-10,10,45,Disneyland Park,Star Tours: The Adventures Continue*,9,OPERATING,STANDBY,5,,,queue-times.com
2026-08-10T08:45:47Z,2026-08-10,10,45,Disneyland Park,Star Wars Hyperspace Mountain,8,OPERATING,STANDBY,25,,,queue-times.com
2026-08-10T08:45:47Z,2026-08-10,10,45,Disneyland Park,Star Wars Hyperspace Mountain Single Rider,7278,OPERATING,STANDBY,10,,,queue-times.com
2026-08-10T08:45:47Z,2026-08-10,10,45,Disneyland Park,Welcome to Starport: A Star Wars Encounter,4573,OPERATING,STANDBY,25,,,queue-times.com
2026-08-10T08:45:47Z,2026-08-10,10,45,Disneyland Park,"""it's a small world""",19,OPERATING,STANDBY,5,,,queue-times.com
2026-08-10T08:45:47Z,2026-08-10,10,45,Disneyland Park,Alice's Curious Labyrinth,14,OPERATING,STANDBY,5,,,queue-times.com
2026-08-10T08:45:47Z,2026-08-10,10,45,Disneyland Park,Blanche-Neige et les Sept Nains®,15,OPERATING,STANDBY,10,,,queue-times.com
2026-08-10T08:45:47Z,2026-08-10,10,45,Disneyland Park,Casey Jr. – le Petit Train du Cirque,17,OPERATING,STANDBY,5,,,queue-times.com
2026-08-10T08:45:47Z,2026-08-10,10,45,Disneyland Park,Disneyland Railroad Fantasyland Station,2711,CLOSED,STANDBY,0,,,queue-times.com
2026-08-10T08:45:47Z,2026-08-10,10,45,Disneyland Park,Disneyland Railroad Main Street Station,11,CLOSED,STANDBY,0,,,queue-times.com
2026-08-10T08:45:47Z,2026-08-10,10,45,Disneyland Park,Dumbo the Flying Elephant,18,OPERATING,STANDBY,35,,,queue-times.com
2026-08-10T08:45:47Z,2026-08-10,10,45,Disneyland Park,La Tanière du Dragon,2710,OPERATING,STANDBY,0,,,queue-times.com
2026-08-10T08:45:47Z,2026-08-10,10,45,Disneyland Park,Le Carrousel de Lancelot,16,OPERATING,STANDBY,5,,,queue-times.com
2026-08-10T08:45:47Z,2026-08-10,10,45,Disneyland Park,"Le Pays des Contes de Fées, presented by Vittel",21,OPERATING,STANDBY,5,,,queue-times.com
2026-08-10T08:45:47Z,2026-08-10,10,45,Disneyland Park,Les Voyages de Pinocchio,23,OPERATING,STANDBY,20,,,queue-times.com
2026-08-10T08:45:47Z,2026-08-10,10,45,Disneyland Park,Mad Hatter's Tea Cups,20,OPERATING,STANDBY,5,,,queue-times.com
2026-08-10T08:45:47Z,2026-08-10,10,45,Disneyland Park,Meet Mickey Mouse,13,OPERATING,STANDBY,0,,,queue-times.com
2026-08-10T08:45:47Z,2026-08-10,10,45,Disneyland Park,Peter Pan's Flight,22,OPERATING,STANDBY,65,,,queue-times.com
2026-08-10T08:45:47Z,2026-08-10,10,45,Disneyland Park,Princess Pavilion,24,OPERATING,STANDBY,0,,,queue-times.com
2026-08-10T08:45:47Z,2026-08-10,10,45,Disneyland Park,Big Thunder Mountain,25,OPERATING,STANDBY,70,,,queue-times.com
2026-08-10T08:45:47Z,2026-08-10,10,45,Disneyland Park,Disneyland Railroad Frontierland Depot,2714,CLOSED,STANDBY,0,,,queue-times.com
2026-08-10T08:45:47Z,2026-08-10,10,45,Disneyland Park,Frontierland Playground,2713,OPERATING,STANDBY,0,,,queue-times.com
2026-08-10T08:45:47Z,2026-08-10,10,45,Disneyland Park,Phantom Manor,26,OPERATING,STANDBY,5,,,queue-times.com
2026-08-10T08:45:47Z,2026-08-10,10,45,Disneyland Park,River Rogue Keelboats,27,CLOSED,STANDBY,0,,,queue-times.com
2026-08-10T08:45:47Z,2026-08-10,10,45,Disneyland Park,Rustler Roundup Shootin' Gallery,2712,OPERATING,STANDBY,0,,,queue-times.com
2026-08-10T08:45:47Z,2026-08-10,10,45,Disneyland Park,Thunder Mesa Riverboat Landing,28,OPERATING,STANDBY,20,,,queue-times.com
2026-08-10T08:45:47Z,2026-08-10,10,45,Disneyland Park,Disneyland Railroad Main Street Station,2708,CLOSED,STANDBY,0,,,queue-times.com
2026-08-10T08:45:47Z,2026-08-10,10,45,Disneyland Park,Main Street Vehicles,12,CLOSED,STANDBY,0,,,queue-times.com
2026-08-10T08:45:47Z,2026-08-10,10,45,Disney Adventure World,Avengers Assemble: Flight Force,10848,OPERATING,STANDBY,30,,,queue-times.com
2026-08-10T08:45:47Z,2026-08-10,10,45,Disney Adventure World,Avengers Assemble: Flight Force Single Rider,10849,OPERATING,STANDBY,20,,,queue-times.com
2026-08-10T08:45:47Z,2026-08-10,10,45,Disney Adventure World,Spider-Man W.E.B. Adventure,10845,CLOSED,STANDBY,0,,,queue-times.com
2026-08-10T08:45:47Z,2026-08-10,10,45,Disney Adventure World,Spider-Man W.E.B. Adventure Single Rider,10846,CLOSED,STANDBY,0,,,queue-times.com
2026-08-10T08:45:47Z,2026-08-10,10,45,Disney Adventure World,The Twilight Zone Tower of Terror,40,OPERATING,STANDBY,35,,,queue-times.com
2026-08-10T08:45:47Z,2026-08-10,10,45,Disney Adventure World,Cars Quatre Roues Rallye,31,OPERATING,STANDBY,5,,,queue-times.com
2026-08-10T08:45:47Z,2026-08-10,10,45,Disney Adventure World,Cars ROAD TRIP,29,OPERATING,STANDBY,5,,,queue-times.com
2026-08-10T08:45:47Z,2026-08-10,10,45,Disney Adventure World,Crush's Coaster,32,OPERATING,STANDBY,85,,,queue-times.com
2026-08-10T08:45:47Z,2026-08-10,10,45,Disney Adventure World,Crush's Coaster Single Rider,7277,OPERATING,STANDBY,60,,,queue-times.com
2026-08-10T08:45:47Z,2026-08-10,10,45,Disney Adventure World,Les Tapis Volants - Flying Carpets Over Agrabah®,33,OPERATING,STANDBY,20,,,queue-times.com
2026-08-10T08:45:47Z,2026-08-10,10,45,Disney Adventure World,Ratatouille : L’Aventure Totalement Toquée de Rémy​,37,OPERATING,STANDBY,65,,,queue-times.com
2026-08-10T08:45:47Z,2026-08-10,10,45,Disney Adventure World,Ratatouille: The Adventure Single Rider,7279,OPERATING,STANDBY,10,,,queue-times.com
2026-08-10T08:45:47Z,2026-08-10,10,45,Disney Adventure World,RC Racer,34,OPERATING,STANDBY,40,,,queue-times.com
2026-08-10T08:45:47Z,2026-08-10,10,45,Disney Adventure World,RC Racer Single Rider,7280,OPERATING,STANDBY,25,,,queue-times.com
2026-08-10T08:45:47Z,2026-08-10,10,45,Disney Adventure World,Slinky® Dog Zigzag Spin,36,OPERATING,STANDBY,10,,,queue-times.com
2026-08-10T08:45:47Z,2026-08-10,10,45,Disney Adventure World,Toy Soldiers Parachute Drop,35,OPERATING,STANDBY,35,,,queue-times.com
2026-08-10T08:45:47Z,2026-08-10,10,45,Disney Adventure World,Toy Soldiers Parachute Drop Single Rider,7281,OPERATING,STANDBY,20,,,queue-times.com
2026-08-10T08:45:47Z,2026-08-10,10,45,Disney Adventure World,Entry to World of Frozen,16247,OPERATING,STANDBY,0,,,queue-times.com
2026-08-10T08:45:47Z,2026-08-10,10,45,Disney Adventure World,Frozen Ever After,15413,OPERATING,STANDBY,55,,,queue-times.com
2026-08-10T08:45:47Z,2026-08-10,10,45,Disney Adventure World,Raiponce Tangled Spin,15415,OPERATING,STANDBY,10,,,queue-times.com
2026-08-10T09:01:23Z,2026-08-10,11,1,Disneyland Park,Adventure Isle,2702,OPERATING,STANDBY,0,,,queue-times.com
2026-08-10T09:01:23Z,2026-08-10,11,1,Disneyland Park,Indiana Jones and the Temple of Peril Single Rider,7306,OPERATING,STANDBY,5,,,queue-times.com
2026-08-10T09:01:23Z,2026-08-10,11,1,Disneyland Park,Indiana Jones™ and the Temple of Peril,2,OPERATING,STANDBY,15,,,queue-times.com
2026-08-10T09:01:23Z,2026-08-10,11,1,Disneyland Park,La Cabane des Robinson,1,OPERATING,STANDBY,5,,,queue-times.com
2026-08-10T09:01:23Z,2026-08-10,11,1,Disneyland Park,Le Passage Enchanté d'Aladdin,2703,OPERATING,STANDBY,0,,,queue-times.com
2026-08-10T09:01:23Z,2026-08-10,11,1,Disneyland Park,Pirate Galleon,2705,CLOSED,STANDBY,0,,,queue-times.com
2026-08-10T09:01:23Z,2026-08-10,11,1,Disneyland Park,Pirates of the Caribbean,3,CLOSED,STANDBY,0,,,queue-times.com
2026-08-10T09:01:23Z,2026-08-10,11,1,Disneyland Park,Pirates' Beach,2704,OPERATING,STANDBY,0,,,queue-times.com
2026-08-10T09:01:23Z,2026-08-10,11,1,Disneyland Park,"Autopia, presented by Avis",4,OPERATING,STANDBY,45,,,queue-times.com
2026-08-10T09:01:23Z,2026-08-10,11,1,Disneyland Park,Buzz Lightyear Laser Blast,5,OPERATING,STANDBY,40,,,queue-times.com
2026-08-10T09:01:23Z,2026-08-10,11,1,Disneyland Park,Disneyland Railroad Discoveryland Station,2706,CLOSED,STANDBY,0,,,queue-times.com
2026-08-10T09:01:23Z,2026-08-10,11,1,Disneyland Park,Les Mystères du Nautilus,6,OPERATING,STANDBY,5,,,queue-times.com
2026-08-10T09:01:23Z,2026-08-10,11,1,Disneyland Park,Mickey’s PhilharMagic,2707,CLOSED,STANDBY,0,,,queue-times.com
2026-08-10T09:01:23Z,2026-08-10,11,1,Disneyland Park,Orbitron®,7,OPERATING,STANDBY,45,,,queue-times.com
2026-08-10T09:01:23Z,2026-08-10,11,1,Disneyland Park,Star Tours: The Adventures Continue*,9,OPERATING,STANDBY,25,,,queue-times.com
2026-08-10T09:01:23Z,2026-08-10,11,1,Disneyland Park,Star Wars Hyperspace Mountain,8,OPERATING,STANDBY,30,,,queue-times.com
2026-08-10T09:01:23Z,2026-08-10,11,1,Disneyland Park,Star Wars Hyperspace Mountain Single Rider,7278,OPERATING,STANDBY,15,,,queue-times.com
2026-08-10T09:01:23Z,2026-08-10,11,1,Disneyland Park,Welcome to Starport: A Star Wars Encounter,4573,OPERATING,STANDBY,25,,,queue-times.com
2026-08-10T09:01:23Z,2026-08-10,11,1,Disneyland Park,"""it's a small world""",19,OPERATING,STANDBY,5,,,queue-times.com
2026-08-10T09:01:23Z,2026-08-10,11,1,Disneyland Park,Alice's Curious Labyrinth,14,OPERATING,STANDBY,5,,,queue-times.com
2026-08-10T09:01:23Z,2026-08-10,11,1,Disneyland Park,Blanche-Neige et les Sept Nains®,15,OPERATING,STANDBY,25,,,queue-times.com
2026-08-10T09:01:23Z,2026-08-10,11,1,Disneyland Park,Casey Jr. – le Petit Train du Cirque,17,OPERATING,STANDBY,5,,,queue-times.com
2026-08-10T09:01:23Z,2026-08-10,11,1,Disneyland Park,Disneyland Railroad Fantasyland Station,2711,CLOSED,STANDBY,0,,,queue-times.com
2026-08-10T09:01:23Z,2026-08-10,11,1,Disneyland Park,Disneyland Railroad Main Street Station,11,CLOSED,STANDBY,0,,,queue-times.com
2026-08-10T09:01:23Z,2026-08-10,11,1,Disneyland Park,Dumbo the Flying Elephant,18,OPERATING,STANDBY,35,,,queue-times.com
2026-08-10T09:01:23Z,2026-08-10,11,1,Disneyland Park,La Tanière du Dragon,2710,OPERATING,STANDBY,0,,,queue-times.com
2026-08-10T09:01:23Z,2026-08-10,11,1,Disneyland Park,Le Carrousel de Lancelot,16,OPERATING,STANDBY,5,,,queue-times.com
2026-08-10T09:01:23Z,2026-08-10,11,1,Disneyland Park,"Le Pays des Contes de Fées, presented by Vittel",21,OPERATING,STANDBY,5,,,queue-times.com
2026-08-10T09:01:23Z,2026-08-10,11,1,Disneyland Park,Les Voyages de Pinocchio,23,CLOSED,STANDBY,0,,,queue-times.com
2026-08-10T09:01:23Z,2026-08-10,11,1,Disneyland Park,Mad Hatter's Tea Cups,20,OPERATING,STANDBY,5,,,queue-times.com
2026-08-10T09:01:23Z,2026-08-10,11,1,Disneyland Park,Meet Mickey Mouse,13,OPERATING,STANDBY,0,,,queue-times.com
2026-08-10T09:01:23Z,2026-08-10,11,1,Disneyland Park,Peter Pan's Flight,22,OPERATING,STANDBY,60,,,queue-times.com
2026-08-10T09:01:23Z,2026-08-10,11,1,Disneyland Park,Princess Pavilion,24,OPERATING,STANDBY,0,,,queue-times.com
2026-08-10T09:01:23Z,2026-08-10,11,1,Disneyland Park,Big Thunder Mountain,25,OPERATING,STANDBY,70,,,queue-times.com
2026-08-10T09:01:23Z,2026-08-10,11,1,Disneyland Park,Disneyland Railroad Frontierland Depot,2714,CLOSED,STANDBY,0,,,queue-times.com
2026-08-10T09:01:23Z,2026-08-10,11,1,Disneyland Park,Frontierland Playground,2713,OPERATING,STANDBY,0,,,queue-times.com
2026-08-10T09:01:23Z,2026-08-10,11,1,Disneyland Park,Phantom Manor,26,OPERATING,STANDBY,15,,,queue-times.com
2026-08-10T09:01:23Z,2026-08-10,11,1,Disneyland Park,River Rogue Keelboats,27,CLOSED,STANDBY,0,,,queue-times.com
2026-08-10T09:01:23Z,2026-08-10,11,1,Disneyland Park,Rustler Roundup Shootin' Gallery,2712,OPERATING,STANDBY,0,,,queue-times.com
2026-08-10T09:01:23Z,2026-08-10,11,1,Disneyland Park,Thunder Mesa Riverboat Landing,28,OPERATING,STANDBY,20,,,queue-times.com
2026-08-10T09:01:23Z,2026-08-10,11,1,Disneyland Park,Disneyland Railroad Main Street Station,2708,CLOSED,STANDBY,0,,,queue-times.com
2026-08-10T09:01:23Z,2026-08-10,11,1,Disneyland Park,Main Street Vehicles,12,CLOSED,STANDBY,0,,,queue-times.com
2026-08-10T09:01:23Z,2026-08-10,11,1,Disney Adventure World,Avengers Assemble: Flight Force,10848,CLOSED,STANDBY,0,,,queue-times.com
2026-08-10T09:01:23Z,2026-08-10,11,1,Disney Adventure World,Avengers Assemble: Flight Force Single Rider,10849,CLOSED,STANDBY,0,,,queue-times.com
2026-08-10T09:01:23Z,2026-08-10,11,1,Disney Adventure World,Spider-Man W.E.B. Adventure,10845,CLOSED,STANDBY,0,,,queue-times.com
2026-08-10T09:01:23Z,2026-08-10,11,1,Disney Adventure World,Spider-Man W.E.B. Adventure Single Rider,10846,CLOSED,STANDBY,0,,,queue-times.com
2026-08-10T09:01:23Z,2026-08-10,11,1,Disney Adventure World,The Twilight Zone Tower of Terror,40,OPERATING,STANDBY,55,,,queue-times.com
2026-08-10T09:01:23Z,2026-08-10,11,1,Disney Adventure World,Cars Quatre Roues Rallye,31,OPERATING,STANDBY,25,,,queue-times.com
2026-08-10T09:01:23Z,2026-08-10,11,1,Disney Adventure World,Cars ROAD TRIP,29,OPERATING,STANDBY,20,,,queue-times.com
2026-08-10T09:01:23Z,2026-08-10,11,1,Disney Adventure World,Crush's Coaster,32,OPERATING,STANDBY,80,,,queue-times.com
2026-08-10T09:01:23Z,2026-08-10,11,1,Disney Adventure World,Crush's Coaster Single Rider,7277,OPERATING,STANDBY,35,,,queue-times.com
2026-08-10T09:01:23Z,2026-08-10,11,1,Disney Adventure World,Les Tapis Volants - Flying Carpets Over Agrabah®,33,OPERATING,STANDBY,25,,,queue-times.com
2026-08-10T09:01:23Z,2026-08-10,11,1,Disney Adventure World,Ratatouille : L’Aventure Totalement Toquée de Rémy​,37,OPERATING,STANDBY,65,,,queue-times.com
2026-08-10T09:01:23Z,2026-08-10,11,1,Disney Adventure World,Ratatouille: The Adventure Single Rider,7279,OPERATING,STANDBY,20,,,queue-times.com
2026-08-10T09:01:23Z,2026-08-10,11,1,Disney Adventure World,RC Racer,34,OPERATING,STANDBY,40,,,queue-times.com
2026-08-10T09:01:23Z,2026-08-10,11,1,Disney Adventure World,RC Racer Single Rider,7280,OPERATING,STANDBY,25,,,queue-times.com
2026-08-10T09:01:23Z,2026-08-10,11,1,Disney Adventure World,Slinky® Dog Zigzag Spin,36,OPERATING,STANDBY,30,,,queue-times.com
2026-08-10T09:01:23Z,2026-08-10,11,1,Disney Adventure World,Toy Soldiers Parachute Drop,35,OPERATING,STANDBY,55,,,queue-times.com
2026-08-10T09:01:23Z,2026-08-10,11,1,Disney Adventure World,Toy Soldiers Parachute Drop Single Rider,7281,OPERATING,STANDBY,20,,,queue-times.com
2026-08-10T09:01:23Z,2026-08-10,11,1,Disney Adventure World,Entry to World of Frozen,16247,OPERATING,STANDBY,0,,,queue-times.com
2026-08-10T09:01:23Z,2026-08-10,11,1,Disney Adventure World,Frozen Ever After,15413,OPERATING,STANDBY,75,,,queue-times.com
2026-08-10T09:01:23Z,2026-08-10,11,1,Disney Adventure World,Raiponce Tangled Spin,15415,OPERATING,STANDBY,15,,,queue-times.com
2026-08-10T09:15:50Z,2026-08-10,11,15,Disneyland Park,Adventure Isle,2702,OPERATING,STANDBY,0,,,queue-times.com
2026-08-10T09:15:50Z,2026-08-10,11,15,Disneyland Park,Indiana Jones and the Temple of Peril Single Rider,7306,OPERATING,STANDBY,10,,,queue-times.com
2026-08-10T09:15:50Z,2026-08-10,11,15,Disneyland Park,Indiana Jones™ and the Temple of Peril,2,OPERATING,STANDBY,30,,,queue-times.com
2026-08-10T09:15:50Z,2026-08-10,11,15,Disneyland Park,La Cabane des Robinson,1,OPERATING,STANDBY,5,,,queue-times.com
2026-08-10T09:15:50Z,2026-08-10,11,15,Disneyland Park,Le Passage Enchanté d'Aladdin,2703,OPERATING,STANDBY,0,,,queue-times.com
2026-08-10T09:15:50Z,2026-08-10,11,15,Disneyland Park,Pirate Galleon,2705,CLOSED,STANDBY,0,,,queue-times.com
2026-08-10T09:15:50Z,2026-08-10,11,15,Disneyland Park,Pirates of the Caribbean,3,CLOSED,STANDBY,0,,,queue-times.com
2026-08-10T09:15:50Z,2026-08-10,11,15,Disneyland Park,Pirates' Beach,2704,OPERATING,STANDBY,0,,,queue-times.com
2026-08-10T09:15:50Z,2026-08-10,11,15,Disneyland Park,"Autopia, presented by Avis",4,OPERATING,STANDBY,45,,,queue-times.com
2026-08-10T09:15:50Z,2026-08-10,11,15,Disneyland Park,Buzz Lightyear Laser Blast,5,OPERATING,STANDBY,40,,,queue-times.com
2026-08-10T09:15:50Z,2026-08-10,11,15,Disneyland Park,Disneyland Railroad Discoveryland Station,2706,CLOSED,STANDBY,0,,,queue-times.com
2026-08-10T09:15:50Z,2026-08-10,11,15,Disneyland Park,Les Mystères du Nautilus,6,OPERATING,STANDBY,5,,,queue-times.com
2026-08-10T09:15:50Z,2026-08-10,11,15,Disneyland Park,Mickey’s PhilharMagic,2707,CLOSED,STANDBY,0,,,queue-times.com
2026-08-10T09:15:50Z,2026-08-10,11,15,Disneyland Park,Orbitron®,7,OPERATING,STANDBY,45,,,queue-times.com
2026-08-10T09:15:50Z,2026-08-10,11,15,Disneyland Park,Star Tours: The Adventures Continue*,9,OPERATING,STANDBY,25,,,queue-times.com
2026-08-10T09:15:50Z,2026-08-10,11,15,Disneyland Park,Star Wars Hyperspace Mountain,8,OPERATING,STANDBY,25,,,queue-times.com
2026-08-10T09:15:50Z,2026-08-10,11,15,Disneyland Park,Star Wars Hyperspace Mountain Single Rider,7278,OPERATING,STANDBY,15,,,queue-times.com
2026-08-10T09:15:50Z,2026-08-10,11,15,Disneyland Park,Welcome to Starport: A Star Wars Encounter,4573,OPERATING,STANDBY,25,,,queue-times.com
2026-08-10T09:15:50Z,2026-08-10,11,15,Disneyland Park,"""it's a small world""",19,OPERATING,STANDBY,10,,,queue-times.com
2026-08-10T09:15:50Z,2026-08-10,11,15,Disneyland Park,Alice's Curious Labyrinth,14,OPERATING,STANDBY,5,,,queue-times.com
2026-08-10T09:15:50Z,2026-08-10,11,15,Disneyland Park,Blanche-Neige et les Sept Nains®,15,OPERATING,STANDBY,25,,,queue-times.com
2026-08-10T09:15:50Z,2026-08-10,11,15,Disneyland Park,Casey Jr. – le Petit Train du Cirque,17,OPERATING,STANDBY,5,,,queue-times.com
2026-08-10T09:15:50Z,2026-08-10,11,15,Disneyland Park,Disneyland Railroad Fantasyland Station,2711,CLOSED,STANDBY,0,,,queue-times.com
2026-08-10T09:15:50Z,2026-08-10,11,15,Disneyland Park,Disneyland Railroad Main Street Station,11,CLOSED,STANDBY,0,,,queue-times.com
2026-08-10T09:15:50Z,2026-08-10,11,15,Disneyland Park,Dumbo the Flying Elephant,18,OPERATING,STANDBY,35,,,queue-times.com
2026-08-10T09:15:50Z,2026-08-10,11,15,Disneyland Park,La Tanière du Dragon,2710,OPERATING,STANDBY,0,,,queue-times.com
2026-08-10T09:15:50Z,2026-08-10,11,15,Disneyland Park,Le Carrousel de Lancelot,16,OPERATING,STANDBY,5,,,queue-times.com
2026-08-10T09:15:50Z,2026-08-10,11,15,Disneyland Park,"Le Pays des Contes de Fées, presented by Vittel",21,OPERATING,STANDBY,5,,,queue-times.com
2026-08-10T09:15:50Z,2026-08-10,11,15,Disneyland Park,Les Voyages de Pinocchio,23,OPERATING,STANDBY,10,,,queue-times.com
2026-08-10T09:15:50Z,2026-08-10,11,15,Disneyland Park,Mad Hatter's Tea Cups,20,OPERATING,STANDBY,10,,,queue-times.com
2026-08-10T09:15:50Z,2026-08-10,11,15,Disneyland Park,Meet Mickey Mouse,13,OPERATING,STANDBY,0,,,queue-times.com
2026-08-10T09:15:50Z,2026-08-10,11,15,Disneyland Park,Peter Pan's Flight,22,OPERATING,STANDBY,55,,,queue-times.com
2026-08-10T09:15:50Z,2026-08-10,11,15,Disneyland Park,Princess Pavilion,24,OPERATING,STANDBY,0,,,queue-times.com
2026-08-10T09:15:50Z,2026-08-10,11,15,Disneyland Park,Big Thunder Mountain,25,OPERATING,STANDBY,70,,,queue-times.com
2026-08-10T09:15:50Z,2026-08-10,11,15,Disneyland Park,Disneyland Railroad Frontierland Depot,2714,CLOSED,STANDBY,0,,,queue-times.com
2026-08-10T09:15:50Z,2026-08-10,11,15,Disneyland Park,Frontierland Playground,2713,OPERATING,STANDBY,0,,,queue-times.com
2026-08-10T09:15:50Z,2026-08-10,11,15,Disneyland Park,Phantom Manor,26,OPERATING,STANDBY,15,,,queue-times.com
2026-08-10T09:15:50Z,2026-08-10,11,15,Disneyland Park,River Rogue Keelboats,27,CLOSED,STANDBY,0,,,queue-times.com
2026-08-10T09:15:50Z,2026-08-10,11,15,Disneyland Park,Rustler Roundup Shootin' Gallery,2712,OPERATING,STANDBY,0,,,queue-times.com
2026-08-10T09:15:50Z,2026-08-10,11,15,Disneyland Park,Thunder Mesa Riverboat Landing,28,OPERATING,STANDBY,20,,,queue-times.com
2026-08-10T09:15:50Z,2026-08-10,11,15,Disneyland Park,Disneyland Railroad Main Street Station,2708,CLOSED,STANDBY,0,,,queue-times.com
2026-08-10T09:15:50Z,2026-08-10,11,15,Disneyland Park,Main Street Vehicles,12,CLOSED,STANDBY,0,,,queue-times.com
2026-08-10T09:15:50Z,2026-08-10,11,15,Disney Adventure World,Avengers Assemble: Flight Force,10848,OPERATING,STANDBY,40,,,queue-times.com
2026-08-10T09:15:50Z,2026-08-10,11,15,Disney Adventure World,Avengers Assemble: Flight Force Single Rider,10849,OPERATING,STANDBY,35,,,queue-times.com
2026-08-10T09:15:50Z,2026-08-10,11,15,Disney Adventure World,Spider-Man W.E.B. Adventure,10845,CLOSED,STANDBY,0,,,queue-times.com
2026-08-10T09:15:50Z,2026-08-10,11,15,Disney Adventure World,Spider-Man W.E.B. Adventure Single Rider,10846,CLOSED,STANDBY,0,,,queue-times.com
2026-08-10T09:15:50Z,2026-08-10,11,15,Disney Adventure World,The Twilight Zone Tower of Terror,40,OPERATING,STANDBY,55,,,queue-times.com
2026-08-10T09:15:50Z,2026-08-10,11,15,Disney Adventure World,Cars Quatre Roues Rallye,31,OPERATING,STANDBY,25,,,queue-times.com
2026-08-10T09:15:50Z,2026-08-10,11,15,Disney Adventure World,Cars ROAD TRIP,29,OPERATING,STANDBY,25,,,queue-times.com
2026-08-10T09:15:50Z,2026-08-10,11,15,Disney Adventure World,Crush's Coaster,32,OPERATING,STANDBY,80,,,queue-times.com
2026-08-10T09:15:50Z,2026-08-10,11,15,Disney Adventure World,Crush's Coaster Single Rider,7277,OPERATING,STANDBY,55,,,queue-times.com
2026-08-10T09:15:50Z,2026-08-10,11,15,Disney Adventure World,Les Tapis Volants - Flying Carpets Over Agrabah®,33,OPERATING,STANDBY,25,,,queue-times.com
2026-08-10T09:15:50Z,2026-08-10,11,15,Disney Adventure World,Ratatouille : L’Aventure Totalement Toquée de Rémy​,37,OPERATING,STANDBY,70,,,queue-times.com
2026-08-10T09:15:50Z,2026-08-10,11,15,Disney Adventure World,Ratatouille: The Adventure Single Rider,7279,OPERATING,STANDBY,25,,,queue-times.com
2026-08-10T09:15:50Z,2026-08-10,11,15,Disney Adventure World,RC Racer,34,OPERATING,STANDBY,50,,,queue-times.com
2026-08-10T09:15:50Z,2026-08-10,11,15,Disney Adventure World,RC Racer Single Rider,7280,OPERATING,STANDBY,45,,,queue-times.com
2026-08-10T09:15:50Z,2026-08-10,11,15,Disney Adventure World,Slinky® Dog Zigzag Spin,36,OPERATING,STANDBY,25,,,queue-times.com
2026-08-10T09:15:50Z,2026-08-10,11,15,Disney Adventure World,Toy Soldiers Parachute Drop,35,OPERATING,STANDBY,60,,,queue-times.com
2026-08-10T09:15:50Z,2026-08-10,11,15,Disney Adventure World,Toy Soldiers Parachute Drop Single Rider,7281,OPERATING,STANDBY,15,,,queue-times.com
2026-08-10T09:15:50Z,2026-08-10,11,15,Disney Adventure World,Entry to World of Frozen,16247,OPERATING,STANDBY,0,,,queue-times.com
2026-08-10T09:15:50Z,2026-08-10,11,15,Disney Adventure World,Frozen Ever After,15413,OPERATING,STANDBY,80,,,queue-times.com
2026-08-10T09:15:50Z,2026-08-10,11,15,Disney Adventure World,Raiponce Tangled Spin,15415,OPERATING,STANDBY,30,,,queue-times.com
2026-08-10T09:31:15Z,2026-08-10,11,31,Disneyland Park,Adventure Isle,2702,OPERATING,STANDBY,0,,,queue-times.com
2026-08-10T09:31:15Z,2026-08-10,11,31,Disneyland Park,Indiana Jones and the Temple of Peril Single Rider,7306,OPERATING,STANDBY,15,,,queue-times.com
2026-08-10T09:31:15Z,2026-08-10,11,31,Disneyland Park,Indiana Jones™ and the Temple of Peril,2,OPERATING,STANDBY,45,,,queue-times.com
2026-08-10T09:31:15Z,2026-08-10,11,31,Disneyland Park,La Cabane des Robinson,1,OPERATING,STANDBY,5,,,queue-times.com
2026-08-10T09:31:15Z,2026-08-10,11,31,Disneyland Park,Le Passage Enchanté d'Aladdin,2703,OPERATING,STANDBY,0,,,queue-times.com
2026-08-10T09:31:15Z,2026-08-10,11,31,Disneyland Park,Pirate Galleon,2705,CLOSED,STANDBY,0,,,queue-times.com
2026-08-10T09:31:15Z,2026-08-10,11,31,Disneyland Park,Pirates of the Caribbean,3,OPERATING,STANDBY,10,,,queue-times.com
2026-08-10T09:31:15Z,2026-08-10,11,31,Disneyland Park,Pirates' Beach,2704,OPERATING,STANDBY,0,,,queue-times.com
2026-08-10T09:31:15Z,2026-08-10,11,31,Disneyland Park,"Autopia, presented by Avis",4,OPERATING,STANDBY,35,,,queue-times.com
2026-08-10T09:31:15Z,2026-08-10,11,31,Disneyland Park,Buzz Lightyear Laser Blast,5,OPERATING,STANDBY,30,,,queue-times.com
2026-08-10T09:31:15Z,2026-08-10,11,31,Disneyland Park,Disneyland Railroad Discoveryland Station,2706,CLOSED,STANDBY,0,,,queue-times.com
2026-08-10T09:31:15Z,2026-08-10,11,31,Disneyland Park,Les Mystères du Nautilus,6,OPERATING,STANDBY,5,,,queue-times.com
2026-08-10T09:31:15Z,2026-08-10,11,31,Disneyland Park,Mickey’s PhilharMagic,2707,CLOSED,STANDBY,0,,,queue-times.com
2026-08-10T09:31:15Z,2026-08-10,11,31,Disneyland Park,Orbitron®,7,OPERATING,STANDBY,35,,,queue-times.com
2026-08-10T09:31:15Z,2026-08-10,11,31,Disneyland Park,Star Tours: The Adventures Continue*,9,OPERATING,STANDBY,15,,,queue-times.com
2026-08-10T09:31:15Z,2026-08-10,11,31,Disneyland Park,Star Wars Hyperspace Mountain,8,OPERATING,STANDBY,35,,,queue-times.com
2026-08-10T09:31:15Z,2026-08-10,11,31,Disneyland Park,Star Wars Hyperspace Mountain Single Rider,7278,OPERATING,STANDBY,15,,,queue-times.com
2026-08-10T09:31:15Z,2026-08-10,11,31,Disneyland Park,Welcome to Starport: A Star Wars Encounter,4573,OPERATING,STANDBY,15,,,queue-times.com
2026-08-10T09:31:15Z,2026-08-10,11,31,Disneyland Park,"""it's a small world""",19,OPERATING,STANDBY,15,,,queue-times.com
2026-08-10T09:31:15Z,2026-08-10,11,31,Disneyland Park,Alice's Curious Labyrinth,14,OPERATING,STANDBY,5,,,queue-times.com
2026-08-10T09:31:15Z,2026-08-10,11,31,Disneyland Park,Blanche-Neige et les Sept Nains®,15,OPERATING,STANDBY,15,,,queue-times.com
2026-08-10T09:31:15Z,2026-08-10,11,31,Disneyland Park,Casey Jr. – le Petit Train du Cirque,17,OPERATING,STANDBY,10,,,queue-times.com
2026-08-10T09:31:15Z,2026-08-10,11,31,Disneyland Park,Disneyland Railroad Fantasyland Station,2711,CLOSED,STANDBY,0,,,queue-times.com
2026-08-10T09:31:15Z,2026-08-10,11,31,Disneyland Park,Disneyland Railroad Main Street Station,11,CLOSED,STANDBY,0,,,queue-times.com
2026-08-10T09:31:15Z,2026-08-10,11,31,Disneyland Park,Dumbo the Flying Elephant,18,OPERATING,STANDBY,35,,,queue-times.com
2026-08-10T09:31:15Z,2026-08-10,11,31,Disneyland Park,La Tanière du Dragon,2710,OPERATING,STANDBY,0,,,queue-times.com
2026-08-10T09:31:15Z,2026-08-10,11,31,Disneyland Park,Le Carrousel de Lancelot,16,OPERATING,STANDBY,5,,,queue-times.com
2026-08-10T09:31:15Z,2026-08-10,11,31,Disneyland Park,"Le Pays des Contes de Fées, presented by Vittel",21,OPERATING,STANDBY,5,,,queue-times.com
2026-08-10T09:31:15Z,2026-08-10,11,31,Disneyland Park,Les Voyages de Pinocchio,23,OPERATING,STANDBY,10,,,queue-times.com
2026-08-10T09:31:15Z,2026-08-10,11,31,Disneyland Park,Mad Hatter's Tea Cups,20,OPERATING,STANDBY,5,,,queue-times.com
2026-08-10T09:31:15Z,2026-08-10,11,31,Disneyland Park,Meet Mickey Mouse,13,OPERATING,STANDBY,0,,,queue-times.com
2026-08-10T09:31:15Z,2026-08-10,11,31,Disneyland Park,Peter Pan's Flight,22,OPERATING,STANDBY,50,,,queue-times.com
2026-08-10T09:31:15Z,2026-08-10,11,31,Disneyland Park,Princess Pavilion,24,OPERATING,STANDBY,0,,,queue-times.com
2026-08-10T09:31:15Z,2026-08-10,11,31,Disneyland Park,Big Thunder Mountain,25,OPERATING,STANDBY,70,,,queue-times.com
2026-08-10T09:31:15Z,2026-08-10,11,31,Disneyland Park,Disneyland Railroad Frontierland Depot,2714,CLOSED,STANDBY,0,,,queue-times.com
2026-08-10T09:31:15Z,2026-08-10,11,31,Disneyland Park,Frontierland Playground,2713,OPERATING,STANDBY,0,,,queue-times.com
2026-08-10T09:31:15Z,2026-08-10,11,31,Disneyland Park,Phantom Manor,26,OPERATING,STANDBY,20,,,queue-times.com
2026-08-10T09:31:15Z,2026-08-10,11,31,Disneyland Park,River Rogue Keelboats,27,CLOSED,STANDBY,0,,,queue-times.com
2026-08-10T09:31:15Z,2026-08-10,11,31,Disneyland Park,Rustler Roundup Shootin' Gallery,2712,OPERATING,STANDBY,0,,,queue-times.com
2026-08-10T09:31:15Z,2026-08-10,11,31,Disneyland Park,Thunder Mesa Riverboat Landing,28,OPERATING,STANDBY,20,,,queue-times.com
2026-08-10T09:31:15Z,2026-08-10,11,31,Disneyland Park,Disneyland Railroad Main Street Station,2708,CLOSED,STANDBY,0,,,queue-times.com
2026-08-10T09:31:15Z,2026-08-10,11,31,Disneyland Park,Main Street Vehicles,12,CLOSED,STANDBY,0,,,queue-times.com
2026-08-10T09:31:15Z,2026-08-10,11,31,Disney Adventure World,Avengers Assemble: Flight Force,10848,OPERATING,STANDBY,30,,,queue-times.com
2026-08-10T09:31:15Z,2026-08-10,11,31,Disney Adventure World,Avengers Assemble: Flight Force Single Rider,10849,OPERATING,STANDBY,25,,,queue-times.com
2026-08-10T09:31:15Z,2026-08-10,11,31,Disney Adventure World,Spider-Man W.E.B. Adventure,10845,OPERATING,STANDBY,5,,,queue-times.com
2026-08-10T09:31:15Z,2026-08-10,11,31,Disney Adventure World,Spider-Man W.E.B. Adventure Single Rider,10846,OPERATING,STANDBY,5,,,queue-times.com
2026-08-10T09:31:15Z,2026-08-10,11,31,Disney Adventure World,The Twilight Zone Tower of Terror,40,OPERATING,STANDBY,30,,,queue-times.com
2026-08-10T09:31:15Z,2026-08-10,11,31,Disney Adventure World,Cars Quatre Roues Rallye,31,OPERATING,STANDBY,40,,,queue-times.com
2026-08-10T09:31:15Z,2026-08-10,11,31,Disney Adventure World,Cars ROAD TRIP,29,OPERATING,STANDBY,30,,,queue-times.com
2026-08-10T09:31:15Z,2026-08-10,11,31,Disney Adventure World,Crush's Coaster,32,OPERATING,STANDBY,85,,,queue-times.com
2026-08-10T09:31:15Z,2026-08-10,11,31,Disney Adventure World,Crush's Coaster Single Rider,7277,OPERATING,STANDBY,60,,,queue-times.com
2026-08-10T09:31:15Z,2026-08-10,11,31,Disney Adventure World,Les Tapis Volants - Flying Carpets Over Agrabah®,33,OPERATING,STANDBY,25,,,queue-times.com
2026-08-10T09:31:15Z,2026-08-10,11,31,Disney Adventure World,Ratatouille : L’Aventure Totalement Toquée de Rémy​,37,OPERATING,STANDBY,45,,,queue-times.com
2026-08-10T09:31:15Z,2026-08-10,11,31,Disney Adventure World,Ratatouille: The Adventure Single Rider,7279,OPERATING,STANDBY,15,,,queue-times.com
2026-08-10T09:31:15Z,2026-08-10,11,31,Disney Adventure World,RC Racer,34,OPERATING,STANDBY,60,,,queue-times.com
2026-08-10T09:31:15Z,2026-08-10,11,31,Disney Adventure World,RC Racer Single Rider,7280,OPERATING,STANDBY,45,,,queue-times.com
2026-08-10T09:31:15Z,2026-08-10,11,31,Disney Adventure World,Slinky® Dog Zigzag Spin,36,OPERATING,STANDBY,25,,,queue-times.com
2026-08-10T09:31:15Z,2026-08-10,11,31,Disney Adventure World,Toy Soldiers Parachute Drop,35,OPERATING,STANDBY,65,,,queue-times.com
2026-08-10T09:31:15Z,2026-08-10,11,31,Disney Adventure World,Toy Soldiers Parachute Drop Single Rider,7281,OPERATING,STANDBY,25,,,queue-times.com
2026-08-10T09:31:15Z,2026-08-10,11,31,Disney Adventure World,Entry to World of Frozen,16247,OPERATING,STANDBY,0,,,queue-times.com
2026-08-10T09:31:15Z,2026-08-10,11,31,Disney Adventure World,Frozen Ever After,15413,OPERATING,STANDBY,90,,,queue-times.com
2026-08-10T09:31:15Z,2026-08-10,11,31,Disney Adventure World,Raiponce Tangled Spin,15415,OPERATING,STANDBY,20,,,queue-times.com
2026-08-10T09:43:32Z,2026-08-10,11,43,Disneyland Park,Adventure Isle,2702,OPERATING,STANDBY,0,,,queue-times.com
2026-08-10T09:43:32Z,2026-08-10,11,43,Disneyland Park,Indiana Jones and the Temple of Peril Single Rider,7306,OPERATING,STANDBY,15,,,queue-times.com
2026-08-10T09:43:32Z,2026-08-10,11,43,Disneyland Park,Indiana Jones™ and the Temple of Peril,2,OPERATING,STANDBY,35,,,queue-times.com
2026-08-10T09:43:32Z,2026-08-10,11,43,Disneyland Park,La Cabane des Robinson,1,OPERATING,STANDBY,5,,,queue-times.com
2026-08-10T09:43:32Z,2026-08-10,11,43,Disneyland Park,Le Passage Enchanté d'Aladdin,2703,OPERATING,STANDBY,0,,,queue-times.com
2026-08-10T09:43:32Z,2026-08-10,11,43,Disneyland Park,Pirate Galleon,2705,CLOSED,STANDBY,0,,,queue-times.com
2026-08-10T09:43:32Z,2026-08-10,11,43,Disneyland Park,Pirates of the Caribbean,3,OPERATING,STANDBY,15,,,queue-times.com
2026-08-10T09:43:32Z,2026-08-10,11,43,Disneyland Park,Pirates' Beach,2704,OPERATING,STANDBY,0,,,queue-times.com
2026-08-10T09:43:32Z,2026-08-10,11,43,Disneyland Park,"Autopia, presented by Avis",4,OPERATING,STANDBY,50,,,queue-times.com
2026-08-10T09:43:32Z,2026-08-10,11,43,Disneyland Park,Buzz Lightyear Laser Blast,5,OPERATING,STANDBY,30,,,queue-times.com
2026-08-10T09:43:32Z,2026-08-10,11,43,Disneyland Park,Disneyland Railroad Discoveryland Station,2706,CLOSED,STANDBY,0,,,queue-times.com
2026-08-10T09:43:32Z,2026-08-10,11,43,Disneyland Park,Les Mystères du Nautilus,6,OPERATING,STANDBY,5,,,queue-times.com
2026-08-10T09:43:32Z,2026-08-10,11,43,Disneyland Park,Mickey’s PhilharMagic,2707,CLOSED,STANDBY,0,,,queue-times.com
2026-08-10T09:43:32Z,2026-08-10,11,43,Disneyland Park,Orbitron®,7,OPERATING,STANDBY,35,,,queue-times.com
2026-08-10T09:43:32Z,2026-08-10,11,43,Disneyland Park,Star Tours: The Adventures Continue*,9,OPERATING,STANDBY,15,,,queue-times.com
2026-08-10T09:43:32Z,2026-08-10,11,43,Disneyland Park,Star Wars Hyperspace Mountain,8,OPERATING,STANDBY,30,,,queue-times.com
2026-08-10T09:43:32Z,2026-08-10,11,43,Disneyland Park,Star Wars Hyperspace Mountain Single Rider,7278,OPERATING,STANDBY,15,,,queue-times.com
2026-08-10T09:43:32Z,2026-08-10,11,43,Disneyland Park,Welcome to Starport: A Star Wars Encounter,4573,OPERATING,STANDBY,15,,,queue-times.com
2026-08-10T09:43:32Z,2026-08-10,11,43,Disneyland Park,"""it's a small world""",19,OPERATING,STANDBY,5,,,queue-times.com
2026-08-10T09:43:32Z,2026-08-10,11,43,Disneyland Park,Alice's Curious Labyrinth,14,OPERATING,STANDBY,5,,,queue-times.com
2026-08-10T09:43:32Z,2026-08-10,11,43,Disneyland Park,Blanche-Neige et les Sept Nains®,15,OPERATING,STANDBY,15,,,queue-times.com
2026-08-10T09:43:32Z,2026-08-10,11,43,Disneyland Park,Casey Jr. – le Petit Train du Cirque,17,OPERATING,STANDBY,10,,,queue-times.com
2026-08-10T09:43:32Z,2026-08-10,11,43,Disneyland Park,Disneyland Railroad Fantasyland Station,2711,CLOSED,STANDBY,0,,,queue-times.com
2026-08-10T09:43:32Z,2026-08-10,11,43,Disneyland Park,Disneyland Railroad Main Street Station,11,CLOSED,STANDBY,0,,,queue-times.com
2026-08-10T09:43:32Z,2026-08-10,11,43,Disneyland Park,Dumbo the Flying Elephant,18,OPERATING,STANDBY,30,,,queue-times.com
2026-08-10T09:43:32Z,2026-08-10,11,43,Disneyland Park,La Tanière du Dragon,2710,OPERATING,STANDBY,0,,,queue-times.com
2026-08-10T09:43:32Z,2026-08-10,11,43,Disneyland Park,Le Carrousel de Lancelot,16,OPERATING,STANDBY,5,,,queue-times.com
2026-08-10T09:43:32Z,2026-08-10,11,43,Disneyland Park,"Le Pays des Contes de Fées, presented by Vittel",21,OPERATING,STANDBY,5,,,queue-times.com
2026-08-10T09:43:32Z,2026-08-10,11,43,Disneyland Park,Les Voyages de Pinocchio,23,OPERATING,STANDBY,10,,,queue-times.com
2026-08-10T09:43:32Z,2026-08-10,11,43,Disneyland Park,Mad Hatter's Tea Cups,20,OPERATING,STANDBY,5,,,queue-times.com
2026-08-10T09:43:32Z,2026-08-10,11,43,Disneyland Park,Meet Mickey Mouse,13,OPERATING,STANDBY,0,,,queue-times.com
2026-08-10T09:43:32Z,2026-08-10,11,43,Disneyland Park,Peter Pan's Flight,22,OPERATING,STANDBY,50,,,queue-times.com
2026-08-10T09:43:32Z,2026-08-10,11,43,Disneyland Park,Princess Pavilion,24,OPERATING,STANDBY,0,,,queue-times.com
2026-08-10T09:43:32Z,2026-08-10,11,43,Disneyland Park,Big Thunder Mountain,25,OPERATING,STANDBY,65,,,queue-times.com
2026-08-10T09:43:32Z,2026-08-10,11,43,Disneyland Park,Disneyland Railroad Frontierland Depot,2714,CLOSED,STANDBY,0,,,queue-times.com
2026-08-10T09:43:32Z,2026-08-10,11,43,Disneyland Park,Frontierland Playground,2713,OPERATING,STANDBY,0,,,queue-times.com
2026-08-10T09:43:32Z,2026-08-10,11,43,Disneyland Park,Phantom Manor,26,OPERATING,STANDBY,20,,,queue-times.com
2026-08-10T09:43:32Z,2026-08-10,11,43,Disneyland Park,River Rogue Keelboats,27,CLOSED,STANDBY,0,,,queue-times.com
2026-08-10T09:43:32Z,2026-08-10,11,43,Disneyland Park,Rustler Roundup Shootin' Gallery,2712,OPERATING,STANDBY,0,,,queue-times.com
2026-08-10T09:43:32Z,2026-08-10,11,43,Disneyland Park,Thunder Mesa Riverboat Landing,28,OPERATING,STANDBY,20,,,queue-times.com
2026-08-10T09:43:32Z,2026-08-10,11,43,Disneyland Park,Disneyland Railroad Main Street Station,2708,CLOSED,STANDBY,0,,,queue-times.com
2026-08-10T09:43:32Z,2026-08-10,11,43,Disneyland Park,Main Street Vehicles,12,CLOSED,STANDBY,0,,,queue-times.com
2026-08-10T09:43:32Z,2026-08-10,11,43,Disney Adventure World,Avengers Assemble: Flight Force,10848,OPERATING,STANDBY,25,,,queue-times.com
2026-08-10T09:43:32Z,2026-08-10,11,43,Disney Adventure World,Avengers Assemble: Flight Force Single Rider,10849,OPERATING,STANDBY,15,,,queue-times.com
2026-08-10T09:43:32Z,2026-08-10,11,43,Disney Adventure World,Spider-Man W.E.B. Adventure,10845,OPERATING,STANDBY,45,,,queue-times.com
2026-08-10T09:43:32Z,2026-08-10,11,43,Disney Adventure World,Spider-Man W.E.B. Adventure Single Rider,10846,OPERATING,STANDBY,25,,,queue-times.com
2026-08-10T09:43:32Z,2026-08-10,11,43,Disney Adventure World,The Twilight Zone Tower of Terror,40,OPERATING,STANDBY,30,,,queue-times.com
2026-08-10T09:43:32Z,2026-08-10,11,43,Disney Adventure World,Cars Quatre Roues Rallye,31,OPERATING,STANDBY,35,,,queue-times.com
2026-08-10T09:43:32Z,2026-08-10,11,43,Disney Adventure World,Cars ROAD TRIP,29,OPERATING,STANDBY,40,,,queue-times.com
2026-08-10T09:43:32Z,2026-08-10,11,43,Disney Adventure World,Crush's Coaster,32,OPERATING,STANDBY,85,,,queue-times.com
2026-08-10T09:43:32Z,2026-08-10,11,43,Disney Adventure World,Crush's Coaster Single Rider,7277,OPERATING,STANDBY,65,,,queue-times.com
2026-08-10T09:43:32Z,2026-08-10,11,43,Disney Adventure World,Les Tapis Volants - Flying Carpets Over Agrabah®,33,OPERATING,STANDBY,25,,,queue-times.com
2026-08-10T09:43:32Z,2026-08-10,11,43,Disney Adventure World,Ratatouille : L’Aventure Totalement Toquée de Rémy​,37,OPERATING,STANDBY,50,,,queue-times.com
2026-08-10T09:43:32Z,2026-08-10,11,43,Disney Adventure World,Ratatouille: The Adventure Single Rider,7279,OPERATING,STANDBY,25,,,queue-times.com
2026-08-10T09:43:32Z,2026-08-10,11,43,Disney Adventure World,RC Racer,34,OPERATING,STANDBY,55,,,queue-times.com
2026-08-10T09:43:32Z,2026-08-10,11,43,Disney Adventure World,RC Racer Single Rider,7280,OPERATING,STANDBY,35,,,queue-times.com
2026-08-10T09:43:32Z,2026-08-10,11,43,Disney Adventure World,Slinky® Dog Zigzag Spin,36,OPERATING,STANDBY,15,,,queue-times.com
2026-08-10T09:43:32Z,2026-08-10,11,43,Disney Adventure World,Toy Soldiers Parachute Drop,35,OPERATING,STANDBY,65,,,queue-times.com
2026-08-10T09:43:32Z,2026-08-10,11,43,Disney Adventure World,Toy Soldiers Parachute Drop Single Rider,7281,OPERATING,STANDBY,20,,,queue-times.com
2026-08-10T09:43:32Z,2026-08-10,11,43,Disney Adventure World,Entry to World of Frozen,16247,OPERATING,STANDBY,0,,,queue-times.com
2026-08-10T09:43:32Z,2026-08-10,11,43,Disney Adventure World,Frozen Ever After,15413,OPERATING,STANDBY,85,,,queue-times.com
2026-08-10T09:43:32Z,2026-08-10,11,43,Disney Adventure World,Raiponce Tangled Spin,15415,OPERATING,STANDBY,10,,,queue-times.com
2026-08-10T09:45:50Z,2026-08-10,11,45,Disneyland Park,Adventure Isle,2702,OPERATING,STANDBY,0,,,queue-times.com
2026-08-10T09:45:50Z,2026-08-10,11,45,Disneyland Park,Indiana Jones and the Temple of Peril Single Rider,7306,OPERATING,STANDBY,15,,,queue-times.com
2026-08-10T09:45:50Z,2026-08-10,11,45,Disneyland Park,Indiana Jones™ and the Temple of Peril,2,OPERATING,STANDBY,35,,,queue-times.com
2026-08-10T09:45:50Z,2026-08-10,11,45,Disneyland Park,La Cabane des Robinson,1,OPERATING,STANDBY,5,,,queue-times.com
2026-08-10T09:45:50Z,2026-08-10,11,45,Disneyland Park,Le Passage Enchanté d'Aladdin,2703,OPERATING,STANDBY,0,,,queue-times.com
2026-08-10T09:45:50Z,2026-08-10,11,45,Disneyland Park,Pirate Galleon,2705,CLOSED,STANDBY,0,,,queue-times.com
2026-08-10T09:45:50Z,2026-08-10,11,45,Disneyland Park,Pirates of the Caribbean,3,OPERATING,STANDBY,15,,,queue-times.com
2026-08-10T09:45:50Z,2026-08-10,11,45,Disneyland Park,Pirates' Beach,2704,OPERATING,STANDBY,0,,,queue-times.com
2026-08-10T09:45:50Z,2026-08-10,11,45,Disneyland Park,"Autopia, presented by Avis",4,OPERATING,STANDBY,50,,,queue-times.com
2026-08-10T09:45:50Z,2026-08-10,11,45,Disneyland Park,Buzz Lightyear Laser Blast,5,OPERATING,STANDBY,30,,,queue-times.com
2026-08-10T09:45:50Z,2026-08-10,11,45,Disneyland Park,Disneyland Railroad Discoveryland Station,2706,CLOSED,STANDBY,0,,,queue-times.com
2026-08-10T09:45:50Z,2026-08-10,11,45,Disneyland Park,Les Mystères du Nautilus,6,OPERATING,STANDBY,5,,,queue-times.com
2026-08-10T09:45:50Z,2026-08-10,11,45,Disneyland Park,Mickey’s PhilharMagic,2707,CLOSED,STANDBY,0,,,queue-times.com
2026-08-10T09:45:50Z,2026-08-10,11,45,Disneyland Park,Orbitron®,7,OPERATING,STANDBY,35,,,queue-times.com
2026-08-10T09:45:50Z,2026-08-10,11,45,Disneyland Park,Star Tours: The Adventures Continue*,9,OPERATING,STANDBY,15,,,queue-times.com
2026-08-10T09:45:50Z,2026-08-10,11,45,Disneyland Park,Star Wars Hyperspace Mountain,8,OPERATING,STANDBY,30,,,queue-times.com
2026-08-10T09:45:50Z,2026-08-10,11,45,Disneyland Park,Star Wars Hyperspace Mountain Single Rider,7278,OPERATING,STANDBY,15,,,queue-times.com
2026-08-10T09:45:50Z,2026-08-10,11,45,Disneyland Park,Welcome to Starport: A Star Wars Encounter,4573,OPERATING,STANDBY,15,,,queue-times.com
2026-08-10T09:45:50Z,2026-08-10,11,45,Disneyland Park,"""it's a small world""",19,OPERATING,STANDBY,5,,,queue-times.com
2026-08-10T09:45:50Z,2026-08-10,11,45,Disneyland Park,Alice's Curious Labyrinth,14,OPERATING,STANDBY,5,,,queue-times.com
2026-08-10T09:45:50Z,2026-08-10,11,45,Disneyland Park,Blanche-Neige et les Sept Nains®,15,OPERATING,STANDBY,15,,,queue-times.com
2026-08-10T09:45:50Z,2026-08-10,11,45,Disneyland Park,Casey Jr. – le Petit Train du Cirque,17,OPERATING,STANDBY,10,,,queue-times.com
2026-08-10T09:45:50Z,2026-08-10,11,45,Disneyland Park,Disneyland Railroad Fantasyland Station,2711,CLOSED,STANDBY,0,,,queue-times.com
2026-08-10T09:45:50Z,2026-08-10,11,45,Disneyland Park,Disneyland Railroad Main Street Station,11,CLOSED,STANDBY,0,,,queue-times.com
2026-08-10T09:45:50Z,2026-08-10,11,45,Disneyland Park,Dumbo the Flying Elephant,18,OPERATING,STANDBY,30,,,queue-times.com
2026-08-10T09:45:50Z,2026-08-10,11,45,Disneyland Park,La Tanière du Dragon,2710,OPERATING,STANDBY,0,,,queue-times.com
2026-08-10T09:45:50Z,2026-08-10,11,45,Disneyland Park,Le Carrousel de Lancelot,16,OPERATING,STANDBY,5,,,queue-times.com
2026-08-10T09:45:50Z,2026-08-10,11,45,Disneyland Park,"Le Pays des Contes de Fées, presented by Vittel",21,OPERATING,STANDBY,5,,,queue-times.com
2026-08-10T09:45:50Z,2026-08-10,11,45,Disneyland Park,Les Voyages de Pinocchio,23,OPERATING,STANDBY,10,,,queue-times.com
2026-08-10T09:45:50Z,2026-08-10,11,45,Disneyland Park,Mad Hatter's Tea Cups,20,OPERATING,STANDBY,5,,,queue-times.com
2026-08-10T09:45:50Z,2026-08-10,11,45,Disneyland Park,Meet Mickey Mouse,13,OPERATING,STANDBY,0,,,queue-times.com
2026-08-10T09:45:50Z,2026-08-10,11,45,Disneyland Park,Peter Pan's Flight,22,OPERATING,STANDBY,50,,,queue-times.com
2026-08-10T09:45:50Z,2026-08-10,11,45,Disneyland Park,Princess Pavilion,24,OPERATING,STANDBY,0,,,queue-times.com
2026-08-10T09:45:50Z,2026-08-10,11,45,Disneyland Park,Big Thunder Mountain,25,OPERATING,STANDBY,65,,,queue-times.com
2026-08-10T09:45:50Z,2026-08-10,11,45,Disneyland Park,Disneyland Railroad Frontierland Depot,2714,CLOSED,STANDBY,0,,,queue-times.com
2026-08-10T09:45:50Z,2026-08-10,11,45,Disneyland Park,Frontierland Playground,2713,OPERATING,STANDBY,0,,,queue-times.com
2026-08-10T09:45:50Z,2026-08-10,11,45,Disneyland Park,Phantom Manor,26,OPERATING,STANDBY,20,,,queue-times.com
2026-08-10T09:45:50Z,2026-08-10,11,45,Disneyland Park,River Rogue Keelboats,27,CLOSED,STANDBY,0,,,queue-times.com
2026-08-10T09:45:50Z,2026-08-10,11,45,Disneyland Park,Rustler Roundup Shootin' Gallery,2712,OPERATING,STANDBY,0,,,queue-times.com
2026-08-10T09:45:50Z,2026-08-10,11,45,Disneyland Park,Thunder Mesa Riverboat Landing,28,OPERATING,STANDBY,20,,,queue-times.com
2026-08-10T09:45:50Z,2026-08-10,11,45,Disneyland Park,Disneyland Railroad Main Street Station,2708,CLOSED,STANDBY,0,,,queue-times.com
2026-08-10T09:45:50Z,2026-08-10,11,45,Disneyland Park,Main Street Vehicles,12,CLOSED,STANDBY,0,,,queue-times.com
2026-08-10T09:45:50Z,2026-08-10,11,45,Disney Adventure World,Avengers Assemble: Flight Force,10848,OPERATING,STANDBY,25,,,queue-times.com
2026-08-10T09:45:50Z,2026-08-10,11,45,Disney Adventure World,Avengers Assemble: Flight Force Single Rider,10849,OPERATING,STANDBY,15,,,queue-times.com
2026-08-10T09:45:50Z,2026-08-10,11,45,Disney Adventure World,Spider-Man W.E.B. Adventure,10845,OPERATING,STANDBY,45,,,queue-times.com
2026-08-10T09:45:50Z,2026-08-10,11,45,Disney Adventure World,Spider-Man W.E.B. Adventure Single Rider,10846,OPERATING,STANDBY,25,,,queue-times.com
2026-08-10T09:45:50Z,2026-08-10,11,45,Disney Adventure World,The Twilight Zone Tower of Terror,40,OPERATING,STANDBY,30,,,queue-times.com
2026-08-10T09:45:50Z,2026-08-10,11,45,Disney Adventure World,Cars Quatre Roues Rallye,31,OPERATING,STANDBY,35,,,queue-times.com
2026-08-10T09:45:50Z,2026-08-10,11,45,Disney Adventure World,Cars ROAD TRIP,29,OPERATING,STANDBY,40,,,queue-times.com
2026-08-10T09:45:50Z,2026-08-10,11,45,Disney Adventure World,Crush's Coaster,32,OPERATING,STANDBY,85,,,queue-times.com
2026-08-10T09:45:50Z,2026-08-10,11,45,Disney Adventure World,Crush's Coaster Single Rider,7277,OPERATING,STANDBY,65,,,queue-times.com
2026-08-10T09:45:50Z,2026-08-10,11,45,Disney Adventure World,Les Tapis Volants - Flying Carpets Over Agrabah®,33,OPERATING,STANDBY,25,,,queue-times.com
2026-08-10T09:45:50Z,2026-08-10,11,45,Disney Adventure World,Ratatouille : L’Aventure Totalement Toquée de Rémy​,37,OPERATING,STANDBY,50,,,queue-times.com
2026-08-10T09:45:50Z,2026-08-10,11,45,Disney Adventure World,Ratatouille: The Adventure Single Rider,7279,OPERATING,STANDBY,25,,,queue-times.com
2026-08-10T09:45:50Z,2026-08-10,11,45,Disney Adventure World,RC Racer,34,OPERATING,STANDBY,55,,,queue-times.com
2026-08-10T09:45:50Z,2026-08-10,11,45,Disney Adventure World,RC Racer Single Rider,7280,OPERATING,STANDBY,35,,,queue-times.com
2026-08-10T09:45:50Z,2026-08-10,11,45,Disney Adventure World,Slinky® Dog Zigzag Spin,36,OPERATING,STANDBY,15,,,queue-times.com
2026-08-10T09:45:50Z,2026-08-10,11,45,Disney Adventure World,Toy Soldiers Parachute Drop,35,OPERATING,STANDBY,65,,,queue-times.com
2026-08-10T09:45:50Z,2026-08-10,11,45,Disney Adventure World,Toy Soldiers Parachute Drop Single Rider,7281,OPERATING,STANDBY,20,,,queue-times.com
2026-08-10T09:45:50Z,2026-08-10,11,45,Disney Adventure World,Entry to World of Frozen,16247,OPERATING,STANDBY,0,,,queue-times.com
2026-08-10T09:45:50Z,2026-08-10,11,45,Disney Adventure World,Frozen Ever After,15413,OPERATING,STANDBY,85,,,queue-times.com
2026-08-10T09:45:50Z,2026-08-10,11,45,Disney Adventure World,Raiponce Tangled Spin,15415,OPERATING,STANDBY,10,,,queue-times.com
2026-08-10T10:01:22Z,2026-08-10,12,1,Disneyland Park,Adventure Isle,2702,OPERATING,STANDBY,0,,,queue-times.com
2026-08-10T10:01:22Z,2026-08-10,12,1,Disneyland Park,Indiana Jones and the Temple of Peril Single Rider,7306,OPERATING,STANDBY,15,,,queue-times.com
2026-08-10T10:01:22Z,2026-08-10,12,1,Disneyland Park,Indiana Jones™ and the Temple of Peril,2,OPERATING,STANDBY,35,,,queue-times.com
2026-08-10T10:01:22Z,2026-08-10,12,1,Disneyland Park,La Cabane des Robinson,1,OPERATING,STANDBY,5,,,queue-times.com
2026-08-10T10:01:22Z,2026-08-10,12,1,Disneyland Park,Le Passage Enchanté d'Aladdin,2703,OPERATING,STANDBY,0,,,queue-times.com
2026-08-10T10:01:22Z,2026-08-10,12,1,Disneyland Park,Pirate Galleon,2705,CLOSED,STANDBY,0,,,queue-times.com
2026-08-10T10:01:22Z,2026-08-10,12,1,Disneyland Park,Pirates of the Caribbean,3,OPERATING,STANDBY,25,,,queue-times.com
2026-08-10T10:01:22Z,2026-08-10,12,1,Disneyland Park,Pirates' Beach,2704,OPERATING,STANDBY,0,,,queue-times.com
2026-08-10T10:01:22Z,2026-08-10,12,1,Disneyland Park,"Autopia, presented by Avis",4,OPERATING,STANDBY,35,,,queue-times.com
2026-08-10T10:01:22Z,2026-08-10,12,1,Disneyland Park,Buzz Lightyear Laser Blast,5,OPERATING,STANDBY,50,,,queue-times.com
2026-08-10T10:01:22Z,2026-08-10,12,1,Disneyland Park,Disneyland Railroad Discoveryland Station,2706,CLOSED,STANDBY,0,,,queue-times.com
2026-08-10T10:01:22Z,2026-08-10,12,1,Disneyland Park,Les Mystères du Nautilus,6,OPERATING,STANDBY,5,,,queue-times.com
2026-08-10T10:01:22Z,2026-08-10,12,1,Disneyland Park,Mickey’s PhilharMagic,2707,CLOSED,STANDBY,0,,,queue-times.com
2026-08-10T10:01:22Z,2026-08-10,12,1,Disneyland Park,Orbitron®,7,OPERATING,STANDBY,50,,,queue-times.com
2026-08-10T10:01:22Z,2026-08-10,12,1,Disneyland Park,Star Tours: The Adventures Continue*,9,OPERATING,STANDBY,5,,,queue-times.com
2026-08-10T10:01:22Z,2026-08-10,12,1,Disneyland Park,Star Wars Hyperspace Mountain,8,OPERATING,STANDBY,40,,,queue-times.com
2026-08-10T10:01:22Z,2026-08-10,12,1,Disneyland Park,Star Wars Hyperspace Mountain Single Rider,7278,OPERATING,STANDBY,20,,,queue-times.com
2026-08-10T10:01:22Z,2026-08-10,12,1,Disneyland Park,Welcome to Starport: A Star Wars Encounter,4573,OPERATING,STANDBY,25,,,queue-times.com
2026-08-10T10:01:22Z,2026-08-10,12,1,Disneyland Park,"""it's a small world""",19,OPERATING,STANDBY,20,,,queue-times.com
2026-08-10T10:01:22Z,2026-08-10,12,1,Disneyland Park,Alice's Curious Labyrinth,14,OPERATING,STANDBY,5,,,queue-times.com
2026-08-10T10:01:22Z,2026-08-10,12,1,Disneyland Park,Blanche-Neige et les Sept Nains®,15,OPERATING,STANDBY,15,,,queue-times.com
2026-08-10T10:01:22Z,2026-08-10,12,1,Disneyland Park,Casey Jr. – le Petit Train du Cirque,17,OPERATING,STANDBY,10,,,queue-times.com
2026-08-10T10:01:22Z,2026-08-10,12,1,Disneyland Park,Disneyland Railroad Fantasyland Station,2711,CLOSED,STANDBY,0,,,queue-times.com
2026-08-10T10:01:22Z,2026-08-10,12,1,Disneyland Park,Disneyland Railroad Main Street Station,11,CLOSED,STANDBY,0,,,queue-times.com
2026-08-10T10:01:22Z,2026-08-10,12,1,Disneyland Park,Dumbo the Flying Elephant,18,OPERATING,STANDBY,30,,,queue-times.com
2026-08-10T10:01:22Z,2026-08-10,12,1,Disneyland Park,La Tanière du Dragon,2710,OPERATING,STANDBY,0,,,queue-times.com
2026-08-10T10:01:22Z,2026-08-10,12,1,Disneyland Park,Le Carrousel de Lancelot,16,OPERATING,STANDBY,5,,,queue-times.com
2026-08-10T10:01:22Z,2026-08-10,12,1,Disneyland Park,"Le Pays des Contes de Fées, presented by Vittel",21,OPERATING,STANDBY,5,,,queue-times.com
2026-08-10T10:01:22Z,2026-08-10,12,1,Disneyland Park,Les Voyages de Pinocchio,23,OPERATING,STANDBY,20,,,queue-times.com
2026-08-10T10:01:22Z,2026-08-10,12,1,Disneyland Park,Mad Hatter's Tea Cups,20,OPERATING,STANDBY,5,,,queue-times.com
2026-08-10T10:01:22Z,2026-08-10,12,1,Disneyland Park,Meet Mickey Mouse,13,OPERATING,STANDBY,0,,,queue-times.com
2026-08-10T10:01:22Z,2026-08-10,12,1,Disneyland Park,Peter Pan's Flight,22,OPERATING,STANDBY,45,,,queue-times.com
2026-08-10T10:01:22Z,2026-08-10,12,1,Disneyland Park,Princess Pavilion,24,OPERATING,STANDBY,0,,,queue-times.com
2026-08-10T10:01:22Z,2026-08-10,12,1,Disneyland Park,Big Thunder Mountain,25,OPERATING,STANDBY,50,,,queue-times.com
2026-08-10T10:01:22Z,2026-08-10,12,1,Disneyland Park,Disneyland Railroad Frontierland Depot,2714,CLOSED,STANDBY,0,,,queue-times.com
2026-08-10T10:01:22Z,2026-08-10,12,1,Disneyland Park,Frontierland Playground,2713,OPERATING,STANDBY,0,,,queue-times.com
2026-08-10T10:01:22Z,2026-08-10,12,1,Disneyland Park,Phantom Manor,26,OPERATING,STANDBY,5,,,queue-times.com
2026-08-10T10:01:22Z,2026-08-10,12,1,Disneyland Park,River Rogue Keelboats,27,CLOSED,STANDBY,0,,,queue-times.com
2026-08-10T10:01:22Z,2026-08-10,12,1,Disneyland Park,Rustler Roundup Shootin' Gallery,2712,OPERATING,STANDBY,0,,,queue-times.com
2026-08-10T10:01:22Z,2026-08-10,12,1,Disneyland Park,Thunder Mesa Riverboat Landing,28,OPERATING,STANDBY,20,,,queue-times.com
2026-08-10T10:01:22Z,2026-08-10,12,1,Disneyland Park,Disneyland Railroad Main Street Station,2708,CLOSED,STANDBY,0,,,queue-times.com
2026-08-10T10:01:22Z,2026-08-10,12,1,Disneyland Park,Main Street Vehicles,12,CLOSED,STANDBY,0,,,queue-times.com
2026-08-10T10:01:22Z,2026-08-10,12,1,Disney Adventure World,Avengers Assemble: Flight Force,10848,OPERATING,STANDBY,25,,,queue-times.com
2026-08-10T10:01:22Z,2026-08-10,12,1,Disney Adventure World,Avengers Assemble: Flight Force Single Rider,10849,OPERATING,STANDBY,15,,,queue-times.com
2026-08-10T10:01:22Z,2026-08-10,12,1,Disney Adventure World,Spider-Man W.E.B. Adventure,10845,OPERATING,STANDBY,60,,,queue-times.com
2026-08-10T10:01:22Z,2026-08-10,12,1,Disney Adventure World,Spider-Man W.E.B. Adventure Single Rider,10846,OPERATING,STANDBY,30,,,queue-times.com
2026-08-10T10:01:22Z,2026-08-10,12,1,Disney Adventure World,The Twilight Zone Tower of Terror,40,OPERATING,STANDBY,35,,,queue-times.com
2026-08-10T10:01:22Z,2026-08-10,12,1,Disney Adventure World,Cars Quatre Roues Rallye,31,OPERATING,STANDBY,20,,,queue-times.com
2026-08-10T10:01:22Z,2026-08-10,12,1,Disney Adventure World,Cars ROAD TRIP,29,OPERATING,STANDBY,40,,,queue-times.com
2026-08-10T10:01:22Z,2026-08-10,12,1,Disney Adventure World,Crush's Coaster,32,OPERATING,STANDBY,80,,,queue-times.com
2026-08-10T10:01:22Z,2026-08-10,12,1,Disney Adventure World,Crush's Coaster Single Rider,7277,OPERATING,STANDBY,55,,,queue-times.com
2026-08-10T10:01:22Z,2026-08-10,12,1,Disney Adventure World,Les Tapis Volants - Flying Carpets Over Agrabah®,33,OPERATING,STANDBY,25,,,queue-times.com
2026-08-10T10:01:22Z,2026-08-10,12,1,Disney Adventure World,Ratatouille : L’Aventure Totalement Toquée de Rémy​,37,OPERATING,STANDBY,50,,,queue-times.com
2026-08-10T10:01:22Z,2026-08-10,12,1,Disney Adventure World,Ratatouille: The Adventure Single Rider,7279,OPERATING,STANDBY,15,,,queue-times.com
2026-08-10T10:01:22Z,2026-08-10,12,1,Disney Adventure World,RC Racer,34,OPERATING,STANDBY,50,,,queue-times.com
2026-08-10T10:01:22Z,2026-08-10,12,1,Disney Adventure World,RC Racer Single Rider,7280,OPERATING,STANDBY,45,,,queue-times.com
2026-08-10T10:01:22Z,2026-08-10,12,1,Disney Adventure World,Slinky® Dog Zigzag Spin,36,OPERATING,STANDBY,20,,,queue-times.com
2026-08-10T10:01:22Z,2026-08-10,12,1,Disney Adventure World,Toy Soldiers Parachute Drop,35,OPERATING,STANDBY,55,,,queue-times.com
2026-08-10T10:01:22Z,2026-08-10,12,1,Disney Adventure World,Toy Soldiers Parachute Drop Single Rider,7281,OPERATING,STANDBY,20,,,queue-times.com
2026-08-10T10:01:22Z,2026-08-10,12,1,Disney Adventure World,Entry to World of Frozen,16247,OPERATING,STANDBY,0,,,queue-times.com
2026-08-10T10:01:22Z,2026-08-10,12,1,Disney Adventure World,Frozen Ever After,15413,OPERATING,STANDBY,85,,,queue-times.com
2026-08-10T10:01:22Z,2026-08-10,12,1,Disney Adventure World,Raiponce Tangled Spin,15415,OPERATING,STANDBY,30,,,queue-times.com
2026-08-10T10:15:54Z,2026-08-10,12,15,Disneyland Park,Adventure Isle,2702,OPERATING,STANDBY,0,,,queue-times.com
2026-08-10T10:15:54Z,2026-08-10,12,15,Disneyland Park,Indiana Jones and the Temple of Peril Single Rider,7306,OPERATING,STANDBY,15,,,queue-times.com
2026-08-10T10:15:54Z,2026-08-10,12,15,Disneyland Park,Indiana Jones™ and the Temple of Peril,2,OPERATING,STANDBY,30,,,queue-times.com
2026-08-10T10:15:54Z,2026-08-10,12,15,Disneyland Park,La Cabane des Robinson,1,OPERATING,STANDBY,5,,,queue-times.com
2026-08-10T10:15:54Z,2026-08-10,12,15,Disneyland Park,Le Passage Enchanté d'Aladdin,2703,OPERATING,STANDBY,0,,,queue-times.com
2026-08-10T10:15:54Z,2026-08-10,12,15,Disneyland Park,Pirate Galleon,2705,CLOSED,STANDBY,0,,,queue-times.com
2026-08-10T10:15:54Z,2026-08-10,12,15,Disneyland Park,Pirates of the Caribbean,3,OPERATING,STANDBY,30,,,queue-times.com
2026-08-10T10:15:54Z,2026-08-10,12,15,Disneyland Park,Pirates' Beach,2704,OPERATING,STANDBY,0,,,queue-times.com
2026-08-10T10:15:54Z,2026-08-10,12,15,Disneyland Park,"Autopia, presented by Avis",4,OPERATING,STANDBY,45,,,queue-times.com
2026-08-10T10:15:54Z,2026-08-10,12,15,Disneyland Park,Buzz Lightyear Laser Blast,5,OPERATING,STANDBY,40,,,queue-times.com
2026-08-10T10:15:54Z,2026-08-10,12,15,Disneyland Park,Disneyland Railroad Discoveryland Station,2706,CLOSED,STANDBY,0,,,queue-times.com
2026-08-10T10:15:54Z,2026-08-10,12,15,Disneyland Park,Les Mystères du Nautilus,6,OPERATING,STANDBY,5,,,queue-times.com
2026-08-10T10:15:54Z,2026-08-10,12,15,Disneyland Park,Mickey’s PhilharMagic,2707,OPERATING,STANDBY,0,,,queue-times.com
2026-08-10T10:15:54Z,2026-08-10,12,15,Disneyland Park,Orbitron®,7,OPERATING,STANDBY,65,,,queue-times.com
2026-08-10T10:15:54Z,2026-08-10,12,15,Disneyland Park,Star Tours: The Adventures Continue*,9,OPERATING,STANDBY,5,,,queue-times.com
2026-08-10T10:15:54Z,2026-08-10,12,15,Disneyland Park,Star Wars Hyperspace Mountain,8,OPERATING,STANDBY,50,,,queue-times.com
2026-08-10T10:15:54Z,2026-08-10,12,15,Disneyland Park,Star Wars Hyperspace Mountain Single Rider,7278,OPERATING,STANDBY,40,,,queue-times.com
2026-08-10T10:15:54Z,2026-08-10,12,15,Disneyland Park,Welcome to Starport: A Star Wars Encounter,4573,OPERATING,STANDBY,25,,,queue-times.com
2026-08-10T10:15:54Z,2026-08-10,12,15,Disneyland Park,"""it's a small world""",19,OPERATING,STANDBY,20,,,queue-times.com
2026-08-10T10:15:54Z,2026-08-10,12,15,Disneyland Park,Alice's Curious Labyrinth,14,OPERATING,STANDBY,5,,,queue-times.com
2026-08-10T10:15:54Z,2026-08-10,12,15,Disneyland Park,Blanche-Neige et les Sept Nains®,15,OPERATING,STANDBY,15,,,queue-times.com
2026-08-10T10:15:54Z,2026-08-10,12,15,Disneyland Park,Casey Jr. – le Petit Train du Cirque,17,OPERATING,STANDBY,10,,,queue-times.com
2026-08-10T10:15:54Z,2026-08-10,12,15,Disneyland Park,Disneyland Railroad Fantasyland Station,2711,CLOSED,STANDBY,0,,,queue-times.com
2026-08-10T10:15:54Z,2026-08-10,12,15,Disneyland Park,Disneyland Railroad Main Street Station,11,CLOSED,STANDBY,0,,,queue-times.com
2026-08-10T10:15:54Z,2026-08-10,12,15,Disneyland Park,Dumbo the Flying Elephant,18,OPERATING,STANDBY,30,,,queue-times.com
2026-08-10T10:15:54Z,2026-08-10,12,15,Disneyland Park,La Tanière du Dragon,2710,OPERATING,STANDBY,0,,,queue-times.com
2026-08-10T10:15:54Z,2026-08-10,12,15,Disneyland Park,Le Carrousel de Lancelot,16,OPERATING,STANDBY,5,,,queue-times.com
2026-08-10T10:15:54Z,2026-08-10,12,15,Disneyland Park,"Le Pays des Contes de Fées, presented by Vittel",21,OPERATING,STANDBY,5,,,queue-times.com
2026-08-10T10:15:54Z,2026-08-10,12,15,Disneyland Park,Les Voyages de Pinocchio,23,OPERATING,STANDBY,20,,,queue-times.com
2026-08-10T10:15:54Z,2026-08-10,12,15,Disneyland Park,Mad Hatter's Tea Cups,20,OPERATING,STANDBY,5,,,queue-times.com
2026-08-10T10:15:54Z,2026-08-10,12,15,Disneyland Park,Meet Mickey Mouse,13,OPERATING,STANDBY,0,,,queue-times.com
2026-08-10T10:15:54Z,2026-08-10,12,15,Disneyland Park,Peter Pan's Flight,22,OPERATING,STANDBY,60,,,queue-times.com
2026-08-10T10:15:54Z,2026-08-10,12,15,Disneyland Park,Princess Pavilion,24,OPERATING,STANDBY,0,,,queue-times.com
2026-08-10T10:15:54Z,2026-08-10,12,15,Disneyland Park,Big Thunder Mountain,25,OPERATING,STANDBY,50,,,queue-times.com
2026-08-10T10:15:54Z,2026-08-10,12,15,Disneyland Park,Disneyland Railroad Frontierland Depot,2714,CLOSED,STANDBY,0,,,queue-times.com
2026-08-10T10:15:54Z,2026-08-10,12,15,Disneyland Park,Frontierland Playground,2713,OPERATING,STANDBY,0,,,queue-times.com
2026-08-10T10:15:54Z,2026-08-10,12,15,Disneyland Park,Phantom Manor,26,OPERATING,STANDBY,5,,,queue-times.com
2026-08-10T10:15:54Z,2026-08-10,12,15,Disneyland Park,River Rogue Keelboats,27,CLOSED,STANDBY,0,,,queue-times.com
2026-08-10T10:15:54Z,2026-08-10,12,15,Disneyland Park,Rustler Roundup Shootin' Gallery,2712,OPERATING,STANDBY,0,,,queue-times.com
2026-08-10T10:15:54Z,2026-08-10,12,15,Disneyland Park,Thunder Mesa Riverboat Landing,28,OPERATING,STANDBY,20,,,queue-times.com
2026-08-10T10:15:54Z,2026-08-10,12,15,Disneyland Park,Disneyland Railroad Main Street Station,2708,CLOSED,STANDBY,0,,,queue-times.com
2026-08-10T10:15:54Z,2026-08-10,12,15,Disneyland Park,Main Street Vehicles,12,CLOSED,STANDBY,0,,,queue-times.com
2026-08-10T10:15:54Z,2026-08-10,12,15,Disney Adventure World,Avengers Assemble: Flight Force,10848,CLOSED,STANDBY,0,,,queue-times.com
2026-08-10T10:15:54Z,2026-08-10,12,15,Disney Adventure World,Avengers Assemble: Flight Force Single Rider,10849,CLOSED,STANDBY,0,,,queue-times.com
2026-08-10T10:15:54Z,2026-08-10,12,15,Disney Adventure World,Spider-Man W.E.B. Adventure,10845,OPERATING,STANDBY,65,,,queue-times.com
2026-08-10T10:15:54Z,2026-08-10,12,15,Disney Adventure World,Spider-Man W.E.B. Adventure Single Rider,10846,OPERATING,STANDBY,40,,,queue-times.com
2026-08-10T10:15:54Z,2026-08-10,12,15,Disney Adventure World,The Twilight Zone Tower of Terror,40,OPERATING,STANDBY,40,,,queue-times.com
2026-08-10T10:15:54Z,2026-08-10,12,15,Disney Adventure World,Cars Quatre Roues Rallye,31,OPERATING,STANDBY,10,,,queue-times.com
2026-08-10T10:15:54Z,2026-08-10,12,15,Disney Adventure World,Cars ROAD TRIP,29,OPERATING,STANDBY,40,,,queue-times.com
2026-08-10T10:15:54Z,2026-08-10,12,15,Disney Adventure World,Crush's Coaster,32,OPERATING,STANDBY,75,,,queue-times.com
2026-08-10T10:15:54Z,2026-08-10,12,15,Disney Adventure World,Crush's Coaster Single Rider,7277,OPERATING,STANDBY,60,,,queue-times.com
2026-08-10T10:15:54Z,2026-08-10,12,15,Disney Adventure World,Les Tapis Volants - Flying Carpets Over Agrabah®,33,OPERATING,STANDBY,15,,,queue-times.com
2026-08-10T10:15:54Z,2026-08-10,12,15,Disney Adventure World,Ratatouille : L’Aventure Totalement Toquée de Rémy​,37,OPERATING,STANDBY,65,,,queue-times.com
2026-08-10T10:15:54Z,2026-08-10,12,15,Disney Adventure World,Ratatouille: The Adventure Single Rider,7279,OPERATING,STANDBY,20,,,queue-times.com
2026-08-10T10:15:54Z,2026-08-10,12,15,Disney Adventure World,RC Racer,34,OPERATING,STANDBY,45,,,queue-times.com
2026-08-10T10:15:54Z,2026-08-10,12,15,Disney Adventure World,RC Racer Single Rider,7280,OPERATING,STANDBY,40,,,queue-times.com
2026-08-10T10:15:54Z,2026-08-10,12,15,Disney Adventure World,Slinky® Dog Zigzag Spin,36,OPERATING,STANDBY,35,,,queue-times.com
2026-08-10T10:15:54Z,2026-08-10,12,15,Disney Adventure World,Toy Soldiers Parachute Drop,35,OPERATING,STANDBY,55,,,queue-times.com
2026-08-10T10:15:54Z,2026-08-10,12,15,Disney Adventure World,Toy Soldiers Parachute Drop Single Rider,7281,OPERATING,STANDBY,20,,,queue-times.com
2026-08-10T10:15:54Z,2026-08-10,12,15,Disney Adventure World,Entry to World of Frozen,16247,OPERATING,STANDBY,0,,,queue-times.com
2026-08-10T10:15:54Z,2026-08-10,12,15,Disney Adventure World,Frozen Ever After,15413,OPERATING,STANDBY,70,,,queue-times.com
2026-08-10T10:15:54Z,2026-08-10,12,15,Disney Adventure World,Raiponce Tangled Spin,15415,OPERATING,STANDBY,10,,,queue-times.com
2026-08-10T10:31:10Z,2026-08-10,12,31,Disneyland Park,Adventure Isle,2702,OPERATING,STANDBY,0,,,queue-times.com
2026-08-10T10:31:10Z,2026-08-10,12,31,Disneyland Park,Indiana Jones and the Temple of Peril Single Rider,7306,OPERATING,STANDBY,10,,,queue-times.com
2026-08-10T10:31:10Z,2026-08-10,12,31,Disneyland Park,Indiana Jones™ and the Temple of Peril,2,OPERATING,STANDBY,20,,,queue-times.com
2026-08-10T10:31:10Z,2026-08-10,12,31,Disneyland Park,La Cabane des Robinson,1,OPERATING,STANDBY,5,,,queue-times.com
2026-08-10T10:31:10Z,2026-08-10,12,31,Disneyland Park,Le Passage Enchanté d'Aladdin,2703,OPERATING,STANDBY,0,,,queue-times.com
2026-08-10T10:31:10Z,2026-08-10,12,31,Disneyland Park,Pirate Galleon,2705,CLOSED,STANDBY,0,,,queue-times.com
2026-08-10T10:31:10Z,2026-08-10,12,31,Disneyland Park,Pirates of the Caribbean,3,OPERATING,STANDBY,30,,,queue-times.com
2026-08-10T10:31:10Z,2026-08-10,12,31,Disneyland Park,Pirates' Beach,2704,OPERATING,STANDBY,0,,,queue-times.com
2026-08-10T10:31:10Z,2026-08-10,12,31,Disneyland Park,"Autopia, presented by Avis",4,OPERATING,STANDBY,60,,,queue-times.com
2026-08-10T10:31:10Z,2026-08-10,12,31,Disneyland Park,Buzz Lightyear Laser Blast,5,OPERATING,STANDBY,50,,,queue-times.com
2026-08-10T10:31:10Z,2026-08-10,12,31,Disneyland Park,Disneyland Railroad Discoveryland Station,2706,CLOSED,STANDBY,0,,,queue-times.com
2026-08-10T10:31:10Z,2026-08-10,12,31,Disneyland Park,Les Mystères du Nautilus,6,OPERATING,STANDBY,5,,,queue-times.com
2026-08-10T10:31:10Z,2026-08-10,12,31,Disneyland Park,Mickey’s PhilharMagic,2707,OPERATING,STANDBY,0,,,queue-times.com
2026-08-10T10:31:10Z,2026-08-10,12,31,Disneyland Park,Orbitron®,7,OPERATING,STANDBY,70,,,queue-times.com
2026-08-10T10:31:10Z,2026-08-10,12,31,Disneyland Park,Star Tours: The Adventures Continue*,9,OPERATING,STANDBY,20,,,queue-times.com
2026-08-10T10:31:10Z,2026-08-10,12,31,Disneyland Park,Star Wars Hyperspace Mountain,8,OPERATING,STANDBY,50,,,queue-times.com
2026-08-10T10:31:10Z,2026-08-10,12,31,Disneyland Park,Star Wars Hyperspace Mountain Single Rider,7278,OPERATING,STANDBY,35,,,queue-times.com
2026-08-10T10:31:10Z,2026-08-10,12,31,Disneyland Park,Welcome to Starport: A Star Wars Encounter,4573,OPERATING,STANDBY,45,,,queue-times.com
2026-08-10T10:31:10Z,2026-08-10,12,31,Disneyland Park,"""it's a small world""",19,OPERATING,STANDBY,25,,,queue-times.com
2026-08-10T10:31:10Z,2026-08-10,12,31,Disneyland Park,Alice's Curious Labyrinth,14,OPERATING,STANDBY,5,,,queue-times.com
2026-08-10T10:31:10Z,2026-08-10,12,31,Disneyland Park,Blanche-Neige et les Sept Nains®,15,OPERATING,STANDBY,20,,,queue-times.com
2026-08-10T10:31:10Z,2026-08-10,12,31,Disneyland Park,Casey Jr. – le Petit Train du Cirque,17,OPERATING,STANDBY,15,,,queue-times.com
2026-08-10T10:31:10Z,2026-08-10,12,31,Disneyland Park,Disneyland Railroad Fantasyland Station,2711,CLOSED,STANDBY,0,,,queue-times.com
2026-08-10T10:31:10Z,2026-08-10,12,31,Disneyland Park,Disneyland Railroad Main Street Station,11,OPERATING,STANDBY,0,,,queue-times.com
2026-08-10T10:31:10Z,2026-08-10,12,31,Disneyland Park,Dumbo the Flying Elephant,18,OPERATING,STANDBY,40,,,queue-times.com
2026-08-10T10:31:10Z,2026-08-10,12,31,Disneyland Park,La Tanière du Dragon,2710,OPERATING,STANDBY,0,,,queue-times.com
2026-08-10T10:31:10Z,2026-08-10,12,31,Disneyland Park,Le Carrousel de Lancelot,16,OPERATING,STANDBY,15,,,queue-times.com
2026-08-10T10:31:10Z,2026-08-10,12,31,Disneyland Park,"Le Pays des Contes de Fées, presented by Vittel",21,OPERATING,STANDBY,5,,,queue-times.com
2026-08-10T10:31:10Z,2026-08-10,12,31,Disneyland Park,Les Voyages de Pinocchio,23,OPERATING,STANDBY,20,,,queue-times.com
2026-08-10T10:31:10Z,2026-08-10,12,31,Disneyland Park,Mad Hatter's Tea Cups,20,OPERATING,STANDBY,5,,,queue-times.com
2026-08-10T10:31:10Z,2026-08-10,12,31,Disneyland Park,Meet Mickey Mouse,13,OPERATING,STANDBY,0,,,queue-times.com
2026-08-10T10:31:10Z,2026-08-10,12,31,Disneyland Park,Peter Pan's Flight,22,OPERATING,STANDBY,65,,,queue-times.com
2026-08-10T10:31:10Z,2026-08-10,12,31,Disneyland Park,Princess Pavilion,24,OPERATING,STANDBY,0,,,queue-times.com
2026-08-10T10:31:10Z,2026-08-10,12,31,Disneyland Park,Big Thunder Mountain,25,OPERATING,STANDBY,65,,,queue-times.com
2026-08-10T10:31:10Z,2026-08-10,12,31,Disneyland Park,Disneyland Railroad Frontierland Depot,2714,OPERATING,STANDBY,20,,,queue-times.com
2026-08-10T10:31:10Z,2026-08-10,12,31,Disneyland Park,Frontierland Playground,2713,OPERATING,STANDBY,0,,,queue-times.com
2026-08-10T10:31:10Z,2026-08-10,12,31,Disneyland Park,Phantom Manor,26,OPERATING,STANDBY,20,,,queue-times.com
2026-08-10T10:31:10Z,2026-08-10,12,31,Disneyland Park,River Rogue Keelboats,27,CLOSED,STANDBY,0,,,queue-times.com
2026-08-10T10:31:10Z,2026-08-10,12,31,Disneyland Park,Rustler Roundup Shootin' Gallery,2712,OPERATING,STANDBY,0,,,queue-times.com
2026-08-10T10:31:10Z,2026-08-10,12,31,Disneyland Park,Thunder Mesa Riverboat Landing,28,OPERATING,STANDBY,20,,,queue-times.com
2026-08-10T10:31:10Z,2026-08-10,12,31,Disneyland Park,Disneyland Railroad Main Street Station,2708,OPERATING,STANDBY,0,,,queue-times.com
2026-08-10T10:31:10Z,2026-08-10,12,31,Disneyland Park,Main Street Vehicles,12,OPERATING,STANDBY,5,,,queue-times.com
2026-08-10T10:31:10Z,2026-08-10,12,31,Disney Adventure World,Avengers Assemble: Flight Force,10848,OPERATING,STANDBY,25,,,queue-times.com
2026-08-10T10:31:10Z,2026-08-10,12,31,Disney Adventure World,Avengers Assemble: Flight Force Single Rider,10849,OPERATING,STANDBY,20,,,queue-times.com
2026-08-10T10:31:10Z,2026-08-10,12,31,Disney Adventure World,Spider-Man W.E.B. Adventure,10845,OPERATING,STANDBY,50,,,queue-times.com
2026-08-10T10:31:10Z,2026-08-10,12,31,Disney Adventure World,Spider-Man W.E.B. Adventure Single Rider,10846,OPERATING,STANDBY,15,,,queue-times.com
2026-08-10T10:31:10Z,2026-08-10,12,31,Disney Adventure World,The Twilight Zone Tower of Terror,40,OPERATING,STANDBY,35,,,queue-times.com
2026-08-10T10:31:10Z,2026-08-10,12,31,Disney Adventure World,Cars Quatre Roues Rallye,31,OPERATING,STANDBY,10,,,queue-times.com
2026-08-10T10:31:10Z,2026-08-10,12,31,Disney Adventure World,Cars ROAD TRIP,29,OPERATING,STANDBY,15,,,queue-times.com
2026-08-10T10:31:10Z,2026-08-10,12,31,Disney Adventure World,Crush's Coaster,32,OPERATING,STANDBY,75,,,queue-times.com
2026-08-10T10:31:10Z,2026-08-10,12,31,Disney Adventure World,Crush's Coaster Single Rider,7277,OPERATING,STANDBY,60,,,queue-times.com
2026-08-10T10:31:10Z,2026-08-10,12,31,Disney Adventure World,Les Tapis Volants - Flying Carpets Over Agrabah®,33,OPERATING,STANDBY,10,,,queue-times.com
2026-08-10T10:31:10Z,2026-08-10,12,31,Disney Adventure World,Ratatouille : L’Aventure Totalement Toquée de Rémy​,37,OPERATING,STANDBY,55,,,queue-times.com
2026-08-10T10:31:10Z,2026-08-10,12,31,Disney Adventure World,Ratatouille: The Adventure Single Rider,7279,OPERATING,STANDBY,15,,,queue-times.com
2026-08-10T10:31:10Z,2026-08-10,12,31,Disney Adventure World,RC Racer,34,OPERATING,STANDBY,50,,,queue-times.com
2026-08-10T10:31:10Z,2026-08-10,12,31,Disney Adventure World,RC Racer Single Rider,7280,OPERATING,STANDBY,45,,,queue-times.com
2026-08-10T10:31:10Z,2026-08-10,12,31,Disney Adventure World,Slinky® Dog Zigzag Spin,36,OPERATING,STANDBY,15,,,queue-times.com
2026-08-10T10:31:10Z,2026-08-10,12,31,Disney Adventure World,Toy Soldiers Parachute Drop,35,OPERATING,STANDBY,45,,,queue-times.com
2026-08-10T10:31:10Z,2026-08-10,12,31,Disney Adventure World,Toy Soldiers Parachute Drop Single Rider,7281,OPERATING,STANDBY,10,,,queue-times.com
2026-08-10T10:31:10Z,2026-08-10,12,31,Disney Adventure World,Entry to World of Frozen,16247,OPERATING,STANDBY,0,,,queue-times.com
2026-08-10T10:31:10Z,2026-08-10,12,31,Disney Adventure World,Frozen Ever After,15413,OPERATING,STANDBY,75,,,queue-times.com
2026-08-10T10:31:10Z,2026-08-10,12,31,Disney Adventure World,Raiponce Tangled Spin,15415,OPERATING,STANDBY,10,,,queue-times.com
2026-08-10T10:45:55Z,2026-08-10,12,45,Disneyland Park,Adventure Isle,2702,OPERATING,STANDBY,0,,,queue-times.com
2026-08-10T10:45:55Z,2026-08-10,12,45,Disneyland Park,Indiana Jones and the Temple of Peril Single Rider,7306,OPERATING,STANDBY,10,,,queue-times.com
2026-08-10T10:45:55Z,2026-08-10,12,45,Disneyland Park,Indiana Jones™ and the Temple of Peril,2,OPERATING,STANDBY,35,,,queue-times.com
2026-08-10T10:45:55Z,2026-08-10,12,45,Disneyland Park,La Cabane des Robinson,1,OPERATING,STANDBY,5,,,queue-times.com
2026-08-10T10:45:55Z,2026-08-10,12,45,Disneyland Park,Le Passage Enchanté d'Aladdin,2703,OPERATING,STANDBY,0,,,queue-times.com
2026-08-10T10:45:55Z,2026-08-10,12,45,Disneyland Park,Pirate Galleon,2705,CLOSED,STANDBY,0,,,queue-times.com
2026-08-10T10:45:55Z,2026-08-10,12,45,Disneyland Park,Pirates of the Caribbean,3,OPERATING,STANDBY,35,,,queue-times.com
2026-08-10T10:45:55Z,2026-08-10,12,45,Disneyland Park,Pirates' Beach,2704,OPERATING,STANDBY,0,,,queue-times.com
2026-08-10T10:45:55Z,2026-08-10,12,45,Disneyland Park,"Autopia, presented by Avis",4,OPERATING,STANDBY,60,,,queue-times.com
2026-08-10T10:45:55Z,2026-08-10,12,45,Disneyland Park,Buzz Lightyear Laser Blast,5,OPERATING,STANDBY,45,,,queue-times.com
2026-08-10T10:45:55Z,2026-08-10,12,45,Disneyland Park,Disneyland Railroad Discoveryland Station,2706,CLOSED,STANDBY,0,,,queue-times.com
2026-08-10T10:45:55Z,2026-08-10,12,45,Disneyland Park,Les Mystères du Nautilus,6,OPERATING,STANDBY,5,,,queue-times.com
2026-08-10T10:45:55Z,2026-08-10,12,45,Disneyland Park,Mickey’s PhilharMagic,2707,OPERATING,STANDBY,0,,,queue-times.com
2026-08-10T10:45:55Z,2026-08-10,12,45,Disneyland Park,Orbitron®,7,OPERATING,STANDBY,70,,,queue-times.com
2026-08-10T10:45:55Z,2026-08-10,12,45,Disneyland Park,Star Tours: The Adventures Continue*,9,OPERATING,STANDBY,20,,,queue-times.com
2026-08-10T10:45:55Z,2026-08-10,12,45,Disneyland Park,Star Wars Hyperspace Mountain,8,OPERATING,STANDBY,50,,,queue-times.com
2026-08-10T10:45:55Z,2026-08-10,12,45,Disneyland Park,Star Wars Hyperspace Mountain Single Rider,7278,OPERATING,STANDBY,35,,,queue-times.com
2026-08-10T10:45:55Z,2026-08-10,12,45,Disneyland Park,Welcome to Starport: A Star Wars Encounter,4573,OPERATING,STANDBY,30,,,queue-times.com
2026-08-10T10:45:55Z,2026-08-10,12,45,Disneyland Park,"""it's a small world""",19,OPERATING,STANDBY,20,,,queue-times.com
2026-08-10T10:45:55Z,2026-08-10,12,45,Disneyland Park,Alice's Curious Labyrinth,14,OPERATING,STANDBY,5,,,queue-times.com
2026-08-10T10:45:55Z,2026-08-10,12,45,Disneyland Park,Blanche-Neige et les Sept Nains®,15,OPERATING,STANDBY,20,,,queue-times.com
2026-08-10T10:45:55Z,2026-08-10,12,45,Disneyland Park,Casey Jr. – le Petit Train du Cirque,17,OPERATING,STANDBY,25,,,queue-times.com
2026-08-10T10:45:55Z,2026-08-10,12,45,Disneyland Park,Disneyland Railroad Fantasyland Station,2711,CLOSED,STANDBY,0,,,queue-times.com
2026-08-10T10:45:55Z,2026-08-10,12,45,Disneyland Park,Disneyland Railroad Main Street Station,11,OPERATING,STANDBY,0,,,queue-times.com
2026-08-10T10:45:55Z,2026-08-10,12,45,Disneyland Park,Dumbo the Flying Elephant,18,OPERATING,STANDBY,40,,,queue-times.com
2026-08-10T10:45:55Z,2026-08-10,12,45,Disneyland Park,La Tanière du Dragon,2710,OPERATING,STANDBY,0,,,queue-times.com
2026-08-10T10:45:55Z,2026-08-10,12,45,Disneyland Park,Le Carrousel de Lancelot,16,OPERATING,STANDBY,15,,,queue-times.com
2026-08-10T10:45:55Z,2026-08-10,12,45,Disneyland Park,"Le Pays des Contes de Fées, presented by Vittel",21,OPERATING,STANDBY,5,,,queue-times.com
2026-08-10T10:45:55Z,2026-08-10,12,45,Disneyland Park,Les Voyages de Pinocchio,23,OPERATING,STANDBY,25,,,queue-times.com
2026-08-10T10:45:55Z,2026-08-10,12,45,Disneyland Park,Mad Hatter's Tea Cups,20,OPERATING,STANDBY,5,,,queue-times.com
2026-08-10T10:45:55Z,2026-08-10,12,45,Disneyland Park,Meet Mickey Mouse,13,OPERATING,STANDBY,0,,,queue-times.com
2026-08-10T10:45:55Z,2026-08-10,12,45,Disneyland Park,Peter Pan's Flight,22,OPERATING,STANDBY,65,,,queue-times.com
2026-08-10T10:45:55Z,2026-08-10,12,45,Disneyland Park,Princess Pavilion,24,OPERATING,STANDBY,0,,,queue-times.com
2026-08-10T10:45:55Z,2026-08-10,12,45,Disneyland Park,Big Thunder Mountain,25,OPERATING,STANDBY,65,,,queue-times.com
2026-08-10T10:45:55Z,2026-08-10,12,45,Disneyland Park,Disneyland Railroad Frontierland Depot,2714,OPERATING,STANDBY,20,,,queue-times.com
2026-08-10T10:45:55Z,2026-08-10,12,45,Disneyland Park,Frontierland Playground,2713,OPERATING,STANDBY,0,,,queue-times.com
2026-08-10T10:45:55Z,2026-08-10,12,45,Disneyland Park,Phantom Manor,26,OPERATING,STANDBY,20,,,queue-times.com
2026-08-10T10:45:55Z,2026-08-10,12,45,Disneyland Park,River Rogue Keelboats,27,CLOSED,STANDBY,0,,,queue-times.com
2026-08-10T10:45:55Z,2026-08-10,12,45,Disneyland Park,Rustler Roundup Shootin' Gallery,2712,OPERATING,STANDBY,0,,,queue-times.com
2026-08-10T10:45:55Z,2026-08-10,12,45,Disneyland Park,Thunder Mesa Riverboat Landing,28,OPERATING,STANDBY,20,,,queue-times.com
2026-08-10T10:45:55Z,2026-08-10,12,45,Disneyland Park,Disneyland Railroad Main Street Station,2708,OPERATING,STANDBY,0,,,queue-times.com
2026-08-10T10:45:55Z,2026-08-10,12,45,Disneyland Park,Main Street Vehicles,12,OPERATING,STANDBY,5,,,queue-times.com
2026-08-10T10:45:55Z,2026-08-10,12,45,Disney Adventure World,Avengers Assemble: Flight Force,10848,OPERATING,STANDBY,40,,,queue-times.com
2026-08-10T10:45:55Z,2026-08-10,12,45,Disney Adventure World,Avengers Assemble: Flight Force Single Rider,10849,OPERATING,STANDBY,25,,,queue-times.com
2026-08-10T10:45:55Z,2026-08-10,12,45,Disney Adventure World,Spider-Man W.E.B. Adventure,10845,OPERATING,STANDBY,55,,,queue-times.com
2026-08-10T10:45:55Z,2026-08-10,12,45,Disney Adventure World,Spider-Man W.E.B. Adventure Single Rider,10846,OPERATING,STANDBY,20,,,queue-times.com
2026-08-10T10:45:55Z,2026-08-10,12,45,Disney Adventure World,The Twilight Zone Tower of Terror,40,OPERATING,STANDBY,20,,,queue-times.com
2026-08-10T10:45:55Z,2026-08-10,12,45,Disney Adventure World,Cars Quatre Roues Rallye,31,OPERATING,STANDBY,20,,,queue-times.com
2026-08-10T10:45:55Z,2026-08-10,12,45,Disney Adventure World,Cars ROAD TRIP,29,OPERATING,STANDBY,5,,,queue-times.com
2026-08-10T10:45:55Z,2026-08-10,12,45,Disney Adventure World,Crush's Coaster,32,OPERATING,STANDBY,80,,,queue-times.com
2026-08-10T10:45:55Z,2026-08-10,12,45,Disney Adventure World,Crush's Coaster Single Rider,7277,OPERATING,STANDBY,60,,,queue-times.com
2026-08-10T10:45:55Z,2026-08-10,12,45,Disney Adventure World,Les Tapis Volants - Flying Carpets Over Agrabah®,33,OPERATING,STANDBY,10,,,queue-times.com
2026-08-10T10:45:55Z,2026-08-10,12,45,Disney Adventure World,Ratatouille : L’Aventure Totalement Toquée de Rémy​,37,OPERATING,STANDBY,65,,,queue-times.com
2026-08-10T10:45:55Z,2026-08-10,12,45,Disney Adventure World,Ratatouille: The Adventure Single Rider,7279,OPERATING,STANDBY,25,,,queue-times.com
2026-08-10T10:45:55Z,2026-08-10,12,45,Disney Adventure World,RC Racer,34,CLOSED,STANDBY,0,,,queue-times.com
2026-08-10T10:45:55Z,2026-08-10,12,45,Disney Adventure World,RC Racer Single Rider,7280,CLOSED,STANDBY,0,,,queue-times.com
2026-08-10T10:45:55Z,2026-08-10,12,45,Disney Adventure World,Slinky® Dog Zigzag Spin,36,OPERATING,STANDBY,20,,,queue-times.com
2026-08-10T10:45:55Z,2026-08-10,12,45,Disney Adventure World,Toy Soldiers Parachute Drop,35,OPERATING,STANDBY,55,,,queue-times.com
2026-08-10T10:45:55Z,2026-08-10,12,45,Disney Adventure World,Toy Soldiers Parachute Drop Single Rider,7281,OPERATING,STANDBY,10,,,queue-times.com
2026-08-10T10:45:55Z,2026-08-10,12,45,Disney Adventure World,Entry to World of Frozen,16247,OPERATING,STANDBY,0,,,queue-times.com
2026-08-10T10:45:55Z,2026-08-10,12,45,Disney Adventure World,Frozen Ever After,15413,OPERATING,STANDBY,70,,,queue-times.com
2026-08-10T10:45:55Z,2026-08-10,12,45,Disney Adventure World,Raiponce Tangled Spin,15415,OPERATING,STANDBY,10,,,queue-times.com
2026-08-10T10:51:34Z,2026-08-10,12,51,Disneyland Park,Adventure Isle,2702,OPERATING,STANDBY,0,,,queue-times.com
2026-08-10T10:51:34Z,2026-08-10,12,51,Disneyland Park,Indiana Jones and the Temple of Peril Single Rider,7306,OPERATING,STANDBY,10,,,queue-times.com
2026-08-10T10:51:34Z,2026-08-10,12,51,Disneyland Park,Indiana Jones™ and the Temple of Peril,2,OPERATING,STANDBY,35,,,queue-times.com
2026-08-10T10:51:34Z,2026-08-10,12,51,Disneyland Park,La Cabane des Robinson,1,OPERATING,STANDBY,5,,,queue-times.com
2026-08-10T10:51:34Z,2026-08-10,12,51,Disneyland Park,Le Passage Enchanté d'Aladdin,2703,OPERATING,STANDBY,0,,,queue-times.com
2026-08-10T10:51:34Z,2026-08-10,12,51,Disneyland Park,Pirate Galleon,2705,CLOSED,STANDBY,0,,,queue-times.com
2026-08-10T10:51:34Z,2026-08-10,12,51,Disneyland Park,Pirates of the Caribbean,3,OPERATING,STANDBY,40,,,queue-times.com
2026-08-10T10:51:34Z,2026-08-10,12,51,Disneyland Park,Pirates' Beach,2704,OPERATING,STANDBY,0,,,queue-times.com
2026-08-10T10:51:34Z,2026-08-10,12,51,Disneyland Park,"Autopia, presented by Avis",4,OPERATING,STANDBY,45,,,queue-times.com
2026-08-10T10:51:34Z,2026-08-10,12,51,Disneyland Park,Buzz Lightyear Laser Blast,5,OPERATING,STANDBY,35,,,queue-times.com
2026-08-10T10:51:34Z,2026-08-10,12,51,Disneyland Park,Disneyland Railroad Discoveryland Station,2706,CLOSED,STANDBY,0,,,queue-times.com
2026-08-10T10:51:34Z,2026-08-10,12,51,Disneyland Park,Les Mystères du Nautilus,6,OPERATING,STANDBY,5,,,queue-times.com
2026-08-10T10:51:34Z,2026-08-10,12,51,Disneyland Park,Mickey’s PhilharMagic,2707,OPERATING,STANDBY,0,,,queue-times.com
2026-08-10T10:51:34Z,2026-08-10,12,51,Disneyland Park,Orbitron®,7,OPERATING,STANDBY,70,,,queue-times.com
2026-08-10T10:51:34Z,2026-08-10,12,51,Disneyland Park,Star Tours: The Adventures Continue*,9,OPERATING,STANDBY,20,,,queue-times.com
2026-08-10T10:51:34Z,2026-08-10,12,51,Disneyland Park,Star Wars Hyperspace Mountain,8,OPERATING,STANDBY,45,,,queue-times.com
2026-08-10T10:51:34Z,2026-08-10,12,51,Disneyland Park,Star Wars Hyperspace Mountain Single Rider,7278,OPERATING,STANDBY,35,,,queue-times.com
2026-08-10T10:51:34Z,2026-08-10,12,51,Disneyland Park,Welcome to Starport: A Star Wars Encounter,4573,OPERATING,STANDBY,30,,,queue-times.com
2026-08-10T10:51:34Z,2026-08-10,12,51,Disneyland Park,"""it's a small world""",19,OPERATING,STANDBY,20,,,queue-times.com
2026-08-10T10:51:34Z,2026-08-10,12,51,Disneyland Park,Alice's Curious Labyrinth,14,OPERATING,STANDBY,5,,,queue-times.com
2026-08-10T10:51:34Z,2026-08-10,12,51,Disneyland Park,Blanche-Neige et les Sept Nains®,15,OPERATING,STANDBY,20,,,queue-times.com
2026-08-10T10:51:34Z,2026-08-10,12,51,Disneyland Park,Casey Jr. – le Petit Train du Cirque,17,OPERATING,STANDBY,25,,,queue-times.com
2026-08-10T10:51:34Z,2026-08-10,12,51,Disneyland Park,Disneyland Railroad Fantasyland Station,2711,CLOSED,STANDBY,0,,,queue-times.com
2026-08-10T10:51:34Z,2026-08-10,12,51,Disneyland Park,Disneyland Railroad Main Street Station,11,OPERATING,STANDBY,0,,,queue-times.com
2026-08-10T10:51:34Z,2026-08-10,12,51,Disneyland Park,Dumbo the Flying Elephant,18,OPERATING,STANDBY,40,,,queue-times.com
2026-08-10T10:51:34Z,2026-08-10,12,51,Disneyland Park,La Tanière du Dragon,2710,OPERATING,STANDBY,0,,,queue-times.com
2026-08-10T10:51:34Z,2026-08-10,12,51,Disneyland Park,Le Carrousel de Lancelot,16,OPERATING,STANDBY,15,,,queue-times.com
2026-08-10T10:51:34Z,2026-08-10,12,51,Disneyland Park,"Le Pays des Contes de Fées, presented by Vittel",21,OPERATING,STANDBY,5,,,queue-times.com
2026-08-10T10:51:34Z,2026-08-10,12,51,Disneyland Park,Les Voyages de Pinocchio,23,OPERATING,STANDBY,30,,,queue-times.com
2026-08-10T10:51:34Z,2026-08-10,12,51,Disneyland Park,Mad Hatter's Tea Cups,20,OPERATING,STANDBY,5,,,queue-times.com
2026-08-10T10:51:34Z,2026-08-10,12,51,Disneyland Park,Meet Mickey Mouse,13,OPERATING,STANDBY,0,,,queue-times.com
2026-08-10T10:51:34Z,2026-08-10,12,51,Disneyland Park,Peter Pan's Flight,22,OPERATING,STANDBY,65,,,queue-times.com
2026-08-10T10:51:34Z,2026-08-10,12,51,Disneyland Park,Princess Pavilion,24,OPERATING,STANDBY,0,,,queue-times.com
2026-08-10T10:51:34Z,2026-08-10,12,51,Disneyland Park,Big Thunder Mountain,25,OPERATING,STANDBY,65,,,queue-times.com
2026-08-10T10:51:34Z,2026-08-10,12,51,Disneyland Park,Disneyland Railroad Frontierland Depot,2714,OPERATING,STANDBY,20,,,queue-times.com
2026-08-10T10:51:34Z,2026-08-10,12,51,Disneyland Park,Frontierland Playground,2713,OPERATING,STANDBY,0,,,queue-times.com
2026-08-10T10:51:34Z,2026-08-10,12,51,Disneyland Park,Phantom Manor,26,OPERATING,STANDBY,20,,,queue-times.com
2026-08-10T10:51:34Z,2026-08-10,12,51,Disneyland Park,River Rogue Keelboats,27,CLOSED,STANDBY,0,,,queue-times.com
2026-08-10T10:51:34Z,2026-08-10,12,51,Disneyland Park,Rustler Roundup Shootin' Gallery,2712,OPERATING,STANDBY,0,,,queue-times.com
2026-08-10T10:51:34Z,2026-08-10,12,51,Disneyland Park,Thunder Mesa Riverboat Landing,28,OPERATING,STANDBY,20,,,queue-times.com
2026-08-10T10:51:34Z,2026-08-10,12,51,Disneyland Park,Disneyland Railroad Main Street Station,2708,OPERATING,STANDBY,0,,,queue-times.com
2026-08-10T10:51:34Z,2026-08-10,12,51,Disneyland Park,Main Street Vehicles,12,OPERATING,STANDBY,5,,,queue-times.com
2026-08-10T10:51:34Z,2026-08-10,12,51,Disney Adventure World,Avengers Assemble: Flight Force,10848,OPERATING,STANDBY,40,,,queue-times.com
2026-08-10T10:51:34Z,2026-08-10,12,51,Disney Adventure World,Avengers Assemble: Flight Force Single Rider,10849,OPERATING,STANDBY,25,,,queue-times.com
2026-08-10T10:51:34Z,2026-08-10,12,51,Disney Adventure World,Spider-Man W.E.B. Adventure,10845,OPERATING,STANDBY,65,,,queue-times.com
2026-08-10T10:51:34Z,2026-08-10,12,51,Disney Adventure World,Spider-Man W.E.B. Adventure Single Rider,10846,OPERATING,STANDBY,20,,,queue-times.com
2026-08-10T10:51:34Z,2026-08-10,12,51,Disney Adventure World,The Twilight Zone Tower of Terror,40,OPERATING,STANDBY,25,,,queue-times.com
2026-08-10T10:51:34Z,2026-08-10,12,51,Disney Adventure World,Cars Quatre Roues Rallye,31,OPERATING,STANDBY,20,,,queue-times.com
2026-08-10T10:51:34Z,2026-08-10,12,51,Disney Adventure World,Cars ROAD TRIP,29,OPERATING,STANDBY,10,,,queue-times.com
2026-08-10T10:51:34Z,2026-08-10,12,51,Disney Adventure World,Crush's Coaster,32,OPERATING,STANDBY,80,,,queue-times.com
2026-08-10T10:51:34Z,2026-08-10,12,51,Disney Adventure World,Crush's Coaster Single Rider,7277,OPERATING,STANDBY,50,,,queue-times.com
2026-08-10T10:51:34Z,2026-08-10,12,51,Disney Adventure World,Les Tapis Volants - Flying Carpets Over Agrabah®,33,OPERATING,STANDBY,20,,,queue-times.com
2026-08-10T10:51:34Z,2026-08-10,12,51,Disney Adventure World,Ratatouille : L’Aventure Totalement Toquée de Rémy​,37,OPERATING,STANDBY,75,,,queue-times.com
2026-08-10T10:51:34Z,2026-08-10,12,51,Disney Adventure World,Ratatouille: The Adventure Single Rider,7279,OPERATING,STANDBY,35,,,queue-times.com
2026-08-10T10:51:34Z,2026-08-10,12,51,Disney Adventure World,RC Racer,34,CLOSED,STANDBY,0,,,queue-times.com
2026-08-10T10:51:34Z,2026-08-10,12,51,Disney Adventure World,RC Racer Single Rider,7280,CLOSED,STANDBY,0,,,queue-times.com
2026-08-10T10:51:34Z,2026-08-10,12,51,Disney Adventure World,Slinky® Dog Zigzag Spin,36,OPERATING,STANDBY,20,,,queue-times.com
2026-08-10T10:51:34Z,2026-08-10,12,51,Disney Adventure World,Toy Soldiers Parachute Drop,35,OPERATING,STANDBY,55,,,queue-times.com
2026-08-10T10:51:34Z,2026-08-10,12,51,Disney Adventure World,Toy Soldiers Parachute Drop Single Rider,7281,OPERATING,STANDBY,15,,,queue-times.com
2026-08-10T10:51:34Z,2026-08-10,12,51,Disney Adventure World,Entry to World of Frozen,16247,OPERATING,STANDBY,0,,,queue-times.com
2026-08-10T10:51:34Z,2026-08-10,12,51,Disney Adventure World,Frozen Ever After,15413,OPERATING,STANDBY,70,,,queue-times.com
2026-08-10T10:51:34Z,2026-08-10,12,51,Disney Adventure World,Raiponce Tangled Spin,15415,OPERATING,STANDBY,10,,,queue-times.com
2026-08-10T11:01:18Z,2026-08-10,13,1,Disneyland Park,Adventure Isle,2702,OPERATING,STANDBY,0,,,queue-times.com
2026-08-10T11:01:18Z,2026-08-10,13,1,Disneyland Park,Indiana Jones and the Temple of Peril Single Rider,7306,OPERATING,STANDBY,20,,,queue-times.com
2026-08-10T11:01:18Z,2026-08-10,13,1,Disneyland Park,Indiana Jones™ and the Temple of Peril,2,OPERATING,STANDBY,35,,,queue-times.com
2026-08-10T11:01:18Z,2026-08-10,13,1,Disneyland Park,La Cabane des Robinson,1,OPERATING,STANDBY,5,,,queue-times.com
2026-08-10T11:01:18Z,2026-08-10,13,1,Disneyland Park,Le Passage Enchanté d'Aladdin,2703,OPERATING,STANDBY,0,,,queue-times.com
2026-08-10T11:01:18Z,2026-08-10,13,1,Disneyland Park,Pirate Galleon,2705,CLOSED,STANDBY,0,,,queue-times.com
2026-08-10T11:01:18Z,2026-08-10,13,1,Disneyland Park,Pirates of the Caribbean,3,OPERATING,STANDBY,40,,,queue-times.com
2026-08-10T11:01:18Z,2026-08-10,13,1,Disneyland Park,Pirates' Beach,2704,OPERATING,STANDBY,0,,,queue-times.com
2026-08-10T11:01:18Z,2026-08-10,13,1,Disneyland Park,"Autopia, presented by Avis",4,OPERATING,STANDBY,45,,,queue-times.com
2026-08-10T11:01:18Z,2026-08-10,13,1,Disneyland Park,Buzz Lightyear Laser Blast,5,OPERATING,STANDBY,50,,,queue-times.com
2026-08-10T11:01:18Z,2026-08-10,13,1,Disneyland Park,Disneyland Railroad Discoveryland Station,2706,CLOSED,STANDBY,0,,,queue-times.com
2026-08-10T11:01:18Z,2026-08-10,13,1,Disneyland Park,Les Mystères du Nautilus,6,OPERATING,STANDBY,5,,,queue-times.com
2026-08-10T11:01:18Z,2026-08-10,13,1,Disneyland Park,Mickey’s PhilharMagic,2707,OPERATING,STANDBY,0,,,queue-times.com
2026-08-10T11:01:18Z,2026-08-10,13,1,Disneyland Park,Orbitron®,7,OPERATING,STANDBY,70,,,queue-times.com
2026-08-10T11:01:18Z,2026-08-10,13,1,Disneyland Park,Star Tours: The Adventures Continue*,9,OPERATING,STANDBY,25,,,queue-times.com
2026-08-10T11:01:18Z,2026-08-10,13,1,Disneyland Park,Star Wars Hyperspace Mountain,8,OPERATING,STANDBY,45,,,queue-times.com
2026-08-10T11:01:18Z,2026-08-10,13,1,Disneyland Park,Star Wars Hyperspace Mountain Single Rider,7278,OPERATING,STANDBY,35,,,queue-times.com
2026-08-10T11:01:18Z,2026-08-10,13,1,Disneyland Park,Welcome to Starport: A Star Wars Encounter,4573,OPERATING,STANDBY,15,,,queue-times.com
2026-08-10T11:01:18Z,2026-08-10,13,1,Disneyland Park,"""it's a small world""",19,OPERATING,STANDBY,20,,,queue-times.com
2026-08-10T11:01:18Z,2026-08-10,13,1,Disneyland Park,Alice's Curious Labyrinth,14,OPERATING,STANDBY,5,,,queue-times.com
2026-08-10T11:01:18Z,2026-08-10,13,1,Disneyland Park,Blanche-Neige et les Sept Nains®,15,OPERATING,STANDBY,25,,,queue-times.com
2026-08-10T11:01:18Z,2026-08-10,13,1,Disneyland Park,Casey Jr. – le Petit Train du Cirque,17,OPERATING,STANDBY,25,,,queue-times.com
2026-08-10T11:01:18Z,2026-08-10,13,1,Disneyland Park,Disneyland Railroad Fantasyland Station,2711,CLOSED,STANDBY,0,,,queue-times.com
2026-08-10T11:01:18Z,2026-08-10,13,1,Disneyland Park,Disneyland Railroad Main Street Station,11,OPERATING,STANDBY,0,,,queue-times.com
2026-08-10T11:01:18Z,2026-08-10,13,1,Disneyland Park,Dumbo the Flying Elephant,18,OPERATING,STANDBY,40,,,queue-times.com
2026-08-10T11:01:18Z,2026-08-10,13,1,Disneyland Park,La Tanière du Dragon,2710,OPERATING,STANDBY,0,,,queue-times.com
2026-08-10T11:01:18Z,2026-08-10,13,1,Disneyland Park,Le Carrousel de Lancelot,16,OPERATING,STANDBY,15,,,queue-times.com
2026-08-10T11:01:18Z,2026-08-10,13,1,Disneyland Park,"Le Pays des Contes de Fées, presented by Vittel",21,OPERATING,STANDBY,5,,,queue-times.com
2026-08-10T11:01:18Z,2026-08-10,13,1,Disneyland Park,Les Voyages de Pinocchio,23,OPERATING,STANDBY,30,,,queue-times.com
2026-08-10T11:01:18Z,2026-08-10,13,1,Disneyland Park,Mad Hatter's Tea Cups,20,OPERATING,STANDBY,5,,,queue-times.com
2026-08-10T11:01:18Z,2026-08-10,13,1,Disneyland Park,Meet Mickey Mouse,13,OPERATING,STANDBY,0,,,queue-times.com
2026-08-10T11:01:18Z,2026-08-10,13,1,Disneyland Park,Peter Pan's Flight,22,OPERATING,STANDBY,65,,,queue-times.com
2026-08-10T11:01:18Z,2026-08-10,13,1,Disneyland Park,Princess Pavilion,24,OPERATING,STANDBY,0,,,queue-times.com
2026-08-10T11:01:18Z,2026-08-10,13,1,Disneyland Park,Big Thunder Mountain,25,OPERATING,STANDBY,55,,,queue-times.com
2026-08-10T11:01:18Z,2026-08-10,13,1,Disneyland Park,Disneyland Railroad Frontierland Depot,2714,OPERATING,STANDBY,20,,,queue-times.com
2026-08-10T11:01:18Z,2026-08-10,13,1,Disneyland Park,Frontierland Playground,2713,OPERATING,STANDBY,0,,,queue-times.com
2026-08-10T11:01:18Z,2026-08-10,13,1,Disneyland Park,Phantom Manor,26,OPERATING,STANDBY,25,,,queue-times.com
2026-08-10T11:01:18Z,2026-08-10,13,1,Disneyland Park,River Rogue Keelboats,27,CLOSED,STANDBY,0,,,queue-times.com
2026-08-10T11:01:18Z,2026-08-10,13,1,Disneyland Park,Rustler Roundup Shootin' Gallery,2712,OPERATING,STANDBY,0,,,queue-times.com
2026-08-10T11:01:18Z,2026-08-10,13,1,Disneyland Park,Thunder Mesa Riverboat Landing,28,OPERATING,STANDBY,20,,,queue-times.com
2026-08-10T11:01:18Z,2026-08-10,13,1,Disneyland Park,Disneyland Railroad Main Street Station,2708,CLOSED,STANDBY,0,,,queue-times.com
2026-08-10T11:01:18Z,2026-08-10,13,1,Disneyland Park,Main Street Vehicles,12,OPERATING,STANDBY,5,,,queue-times.com
2026-08-10T11:01:18Z,2026-08-10,13,1,Disney Adventure World,Avengers Assemble: Flight Force,10848,OPERATING,STANDBY,40,,,queue-times.com
2026-08-10T11:01:18Z,2026-08-10,13,1,Disney Adventure World,Avengers Assemble: Flight Force Single Rider,10849,OPERATING,STANDBY,30,,,queue-times.com
2026-08-10T11:01:18Z,2026-08-10,13,1,Disney Adventure World,Spider-Man W.E.B. Adventure,10845,OPERATING,STANDBY,65,,,queue-times.com
2026-08-10T11:01:18Z,2026-08-10,13,1,Disney Adventure World,Spider-Man W.E.B. Adventure Single Rider,10846,OPERATING,STANDBY,30,,,queue-times.com
2026-08-10T11:01:18Z,2026-08-10,13,1,Disney Adventure World,The Twilight Zone Tower of Terror,40,OPERATING,STANDBY,25,,,queue-times.com
2026-08-10T11:01:18Z,2026-08-10,13,1,Disney Adventure World,Cars Quatre Roues Rallye,31,OPERATING,STANDBY,5,,,queue-times.com
2026-08-10T11:01:18Z,2026-08-10,13,1,Disney Adventure World,Cars ROAD TRIP,29,OPERATING,STANDBY,10,,,queue-times.com
2026-08-10T11:01:18Z,2026-08-10,13,1,Disney Adventure World,Crush's Coaster,32,OPERATING,STANDBY,60,,,queue-times.com
2026-08-10T11:01:18Z,2026-08-10,13,1,Disney Adventure World,Crush's Coaster Single Rider,7277,OPERATING,STANDBY,45,,,queue-times.com
2026-08-10T11:01:18Z,2026-08-10,13,1,Disney Adventure World,Les Tapis Volants - Flying Carpets Over Agrabah®,33,OPERATING,STANDBY,15,,,queue-times.com
2026-08-10T11:01:18Z,2026-08-10,13,1,Disney Adventure World,Ratatouille : L’Aventure Totalement Toquée de Rémy​,37,OPERATING,STANDBY,60,,,queue-times.com
2026-08-10T11:01:18Z,2026-08-10,13,1,Disney Adventure World,Ratatouille: The Adventure Single Rider,7279,OPERATING,STANDBY,25,,,queue-times.com
2026-08-10T11:01:18Z,2026-08-10,13,1,Disney Adventure World,RC Racer,34,OPERATING,STANDBY,30,,,queue-times.com
2026-08-10T11:01:18Z,2026-08-10,13,1,Disney Adventure World,RC Racer Single Rider,7280,OPERATING,STANDBY,10,,,queue-times.com
2026-08-10T11:01:18Z,2026-08-10,13,1,Disney Adventure World,Slinky® Dog Zigzag Spin,36,OPERATING,STANDBY,20,,,queue-times.com
2026-08-10T11:01:18Z,2026-08-10,13,1,Disney Adventure World,Toy Soldiers Parachute Drop,35,OPERATING,STANDBY,50,,,queue-times.com
2026-08-10T11:01:18Z,2026-08-10,13,1,Disney Adventure World,Toy Soldiers Parachute Drop Single Rider,7281,OPERATING,STANDBY,15,,,queue-times.com
2026-08-10T11:01:18Z,2026-08-10,13,1,Disney Adventure World,Entry to World of Frozen,16247,OPERATING,STANDBY,0,,,queue-times.com
2026-08-10T11:01:18Z,2026-08-10,13,1,Disney Adventure World,Frozen Ever After,15413,OPERATING,STANDBY,70,,,queue-times.com
2026-08-10T11:01:18Z,2026-08-10,13,1,Disney Adventure World,Raiponce Tangled Spin,15415,OPERATING,STANDBY,10,,,queue-times.com
2026-08-10T11:15:47Z,2026-08-10,13,15,Disneyland Park,Adventure Isle,2702,OPERATING,STANDBY,0,,,queue-times.com
2026-08-10T11:15:47Z,2026-08-10,13,15,Disneyland Park,Indiana Jones and the Temple of Peril Single Rider,7306,OPERATING,STANDBY,20,,,queue-times.com
2026-08-10T11:15:47Z,2026-08-10,13,15,Disneyland Park,Indiana Jones™ and the Temple of Peril,2,OPERATING,STANDBY,35,,,queue-times.com
2026-08-10T11:15:47Z,2026-08-10,13,15,Disneyland Park,La Cabane des Robinson,1,OPERATING,STANDBY,5,,,queue-times.com
2026-08-10T11:15:47Z,2026-08-10,13,15,Disneyland Park,Le Passage Enchanté d'Aladdin,2703,OPERATING,STANDBY,0,,,queue-times.com
2026-08-10T11:15:47Z,2026-08-10,13,15,Disneyland Park,Pirate Galleon,2705,CLOSED,STANDBY,0,,,queue-times.com
2026-08-10T11:15:47Z,2026-08-10,13,15,Disneyland Park,Pirates of the Caribbean,3,OPERATING,STANDBY,35,,,queue-times.com
2026-08-10T11:15:47Z,2026-08-10,13,15,Disneyland Park,Pirates' Beach,2704,OPERATING,STANDBY,0,,,queue-times.com
2026-08-10T11:15:47Z,2026-08-10,13,15,Disneyland Park,"Autopia, presented by Avis",4,OPERATING,STANDBY,35,,,queue-times.com
2026-08-10T11:15:47Z,2026-08-10,13,15,Disneyland Park,Buzz Lightyear Laser Blast,5,OPERATING,STANDBY,55,,,queue-times.com
2026-08-10T11:15:47Z,2026-08-10,13,15,Disneyland Park,Disneyland Railroad Discoveryland Station,2706,CLOSED,STANDBY,0,,,queue-times.com
2026-08-10T11:15:47Z,2026-08-10,13,15,Disneyland Park,Les Mystères du Nautilus,6,OPERATING,STANDBY,5,,,queue-times.com
2026-08-10T11:15:47Z,2026-08-10,13,15,Disneyland Park,Mickey’s PhilharMagic,2707,OPERATING,STANDBY,0,,,queue-times.com
2026-08-10T11:15:47Z,2026-08-10,13,15,Disneyland Park,Orbitron®,7,OPERATING,STANDBY,60,,,queue-times.com
2026-08-10T11:15:47Z,2026-08-10,13,15,Disneyland Park,Star Tours: The Adventures Continue*,9,OPERATING,STANDBY,15,,,queue-times.com
2026-08-10T11:15:47Z,2026-08-10,13,15,Disneyland Park,Star Wars Hyperspace Mountain,8,OPERATING,STANDBY,50,,,queue-times.com
2026-08-10T11:15:47Z,2026-08-10,13,15,Disneyland Park,Star Wars Hyperspace Mountain Single Rider,7278,OPERATING,STANDBY,35,,,queue-times.com
2026-08-10T11:15:47Z,2026-08-10,13,15,Disneyland Park,Welcome to Starport: A Star Wars Encounter,4573,OPERATING,STANDBY,15,,,queue-times.com
2026-08-10T11:15:47Z,2026-08-10,13,15,Disneyland Park,"""it's a small world""",19,OPERATING,STANDBY,20,,,queue-times.com
2026-08-10T11:15:47Z,2026-08-10,13,15,Disneyland Park,Alice's Curious Labyrinth,14,OPERATING,STANDBY,5,,,queue-times.com
2026-08-10T11:15:47Z,2026-08-10,13,15,Disneyland Park,Blanche-Neige et les Sept Nains®,15,OPERATING,STANDBY,20,,,queue-times.com
2026-08-10T11:15:47Z,2026-08-10,13,15,Disneyland Park,Casey Jr. – le Petit Train du Cirque,17,OPERATING,STANDBY,15,,,queue-times.com
2026-08-10T11:15:47Z,2026-08-10,13,15,Disneyland Park,Disneyland Railroad Fantasyland Station,2711,CLOSED,STANDBY,0,,,queue-times.com
2026-08-10T11:15:47Z,2026-08-10,13,15,Disneyland Park,Disneyland Railroad Main Street Station,11,OPERATING,STANDBY,0,,,queue-times.com
2026-08-10T11:15:47Z,2026-08-10,13,15,Disneyland Park,Dumbo the Flying Elephant,18,OPERATING,STANDBY,40,,,queue-times.com
2026-08-10T11:15:47Z,2026-08-10,13,15,Disneyland Park,La Tanière du Dragon,2710,OPERATING,STANDBY,0,,,queue-times.com
2026-08-10T11:15:47Z,2026-08-10,13,15,Disneyland Park,Le Carrousel de Lancelot,16,OPERATING,STANDBY,15,,,queue-times.com
2026-08-10T11:15:47Z,2026-08-10,13,15,Disneyland Park,"Le Pays des Contes de Fées, presented by Vittel",21,OPERATING,STANDBY,5,,,queue-times.com
2026-08-10T11:15:47Z,2026-08-10,13,15,Disneyland Park,Les Voyages de Pinocchio,23,OPERATING,STANDBY,25,,,queue-times.com
2026-08-10T11:15:47Z,2026-08-10,13,15,Disneyland Park,Mad Hatter's Tea Cups,20,OPERATING,STANDBY,5,,,queue-times.com
2026-08-10T11:15:47Z,2026-08-10,13,15,Disneyland Park,Meet Mickey Mouse,13,OPERATING,STANDBY,0,,,queue-times.com
2026-08-10T11:15:47Z,2026-08-10,13,15,Disneyland Park,Peter Pan's Flight,22,OPERATING,STANDBY,65,,,queue-times.com
2026-08-10T11:15:47Z,2026-08-10,13,15,Disneyland Park,Princess Pavilion,24,OPERATING,STANDBY,0,,,queue-times.com
2026-08-10T11:15:47Z,2026-08-10,13,15,Disneyland Park,Big Thunder Mountain,25,OPERATING,STANDBY,50,,,queue-times.com
2026-08-10T11:15:47Z,2026-08-10,13,15,Disneyland Park,Disneyland Railroad Frontierland Depot,2714,OPERATING,STANDBY,40,,,queue-times.com
2026-08-10T11:15:47Z,2026-08-10,13,15,Disneyland Park,Frontierland Playground,2713,OPERATING,STANDBY,0,,,queue-times.com
2026-08-10T11:15:47Z,2026-08-10,13,15,Disneyland Park,Phantom Manor,26,OPERATING,STANDBY,25,,,queue-times.com
2026-08-10T11:15:47Z,2026-08-10,13,15,Disneyland Park,River Rogue Keelboats,27,CLOSED,STANDBY,0,,,queue-times.com
2026-08-10T11:15:47Z,2026-08-10,13,15,Disneyland Park,Rustler Roundup Shootin' Gallery,2712,OPERATING,STANDBY,0,,,queue-times.com
2026-08-10T11:15:47Z,2026-08-10,13,15,Disneyland Park,Thunder Mesa Riverboat Landing,28,OPERATING,STANDBY,20,,,queue-times.com
2026-08-10T11:15:47Z,2026-08-10,13,15,Disneyland Park,Disneyland Railroad Main Street Station,2708,CLOSED,STANDBY,0,,,queue-times.com
2026-08-10T11:15:47Z,2026-08-10,13,15,Disneyland Park,Main Street Vehicles,12,OPERATING,STANDBY,5,,,queue-times.com
2026-08-10T11:15:47Z,2026-08-10,13,15,Disney Adventure World,Avengers Assemble: Flight Force,10848,OPERATING,STANDBY,40,,,queue-times.com
2026-08-10T11:15:47Z,2026-08-10,13,15,Disney Adventure World,Avengers Assemble: Flight Force Single Rider,10849,OPERATING,STANDBY,30,,,queue-times.com
2026-08-10T11:15:47Z,2026-08-10,13,15,Disney Adventure World,Spider-Man W.E.B. Adventure,10845,OPERATING,STANDBY,55,,,queue-times.com
2026-08-10T11:15:47Z,2026-08-10,13,15,Disney Adventure World,Spider-Man W.E.B. Adventure Single Rider,10846,OPERATING,STANDBY,30,,,queue-times.com
2026-08-10T11:15:47Z,2026-08-10,13,15,Disney Adventure World,The Twilight Zone Tower of Terror,40,OPERATING,STANDBY,30,,,queue-times.com
2026-08-10T11:15:47Z,2026-08-10,13,15,Disney Adventure World,Cars Quatre Roues Rallye,31,OPERATING,STANDBY,5,,,queue-times.com
2026-08-10T11:15:47Z,2026-08-10,13,15,Disney Adventure World,Cars ROAD TRIP,29,OPERATING,STANDBY,10,,,queue-times.com
2026-08-10T11:15:47Z,2026-08-10,13,15,Disney Adventure World,Crush's Coaster,32,OPERATING,STANDBY,75,,,queue-times.com
2026-08-10T11:15:47Z,2026-08-10,13,15,Disney Adventure World,Crush's Coaster Single Rider,7277,OPERATING,STANDBY,60,,,queue-times.com
2026-08-10T11:15:47Z,2026-08-10,13,15,Disney Adventure World,Les Tapis Volants - Flying Carpets Over Agrabah®,33,OPERATING,STANDBY,15,,,queue-times.com
2026-08-10T11:15:47Z,2026-08-10,13,15,Disney Adventure World,Ratatouille : L’Aventure Totalement Toquée de Rémy​,37,OPERATING,STANDBY,60,,,queue-times.com
2026-08-10T11:15:47Z,2026-08-10,13,15,Disney Adventure World,Ratatouille: The Adventure Single Rider,7279,OPERATING,STANDBY,25,,,queue-times.com
2026-08-10T11:15:47Z,2026-08-10,13,15,Disney Adventure World,RC Racer,34,OPERATING,STANDBY,30,,,queue-times.com
2026-08-10T11:15:47Z,2026-08-10,13,15,Disney Adventure World,RC Racer Single Rider,7280,OPERATING,STANDBY,10,,,queue-times.com
2026-08-10T11:15:47Z,2026-08-10,13,15,Disney Adventure World,Slinky® Dog Zigzag Spin,36,OPERATING,STANDBY,20,,,queue-times.com
2026-08-10T11:15:47Z,2026-08-10,13,15,Disney Adventure World,Toy Soldiers Parachute Drop,35,OPERATING,STANDBY,50,,,queue-times.com
2026-08-10T11:15:47Z,2026-08-10,13,15,Disney Adventure World,Toy Soldiers Parachute Drop Single Rider,7281,OPERATING,STANDBY,10,,,queue-times.com
2026-08-10T11:15:47Z,2026-08-10,13,15,Disney Adventure World,Entry to World of Frozen,16247,OPERATING,STANDBY,0,,,queue-times.com
2026-08-10T11:15:47Z,2026-08-10,13,15,Disney Adventure World,Frozen Ever After,15413,OPERATING,STANDBY,70,,,queue-times.com
2026-08-10T11:15:47Z,2026-08-10,13,15,Disney Adventure World,Raiponce Tangled Spin,15415,OPERATING,STANDBY,15,,,queue-times.com
2026-08-10T11:31:08Z,2026-08-10,13,31,Disneyland Park,Adventure Isle,2702,OPERATING,STANDBY,0,,,queue-times.com
2026-08-10T11:31:08Z,2026-08-10,13,31,Disneyland Park,Indiana Jones and the Temple of Peril Single Rider,7306,OPERATING,STANDBY,20,,,queue-times.com
2026-08-10T11:31:08Z,2026-08-10,13,31,Disneyland Park,Indiana Jones™ and the Temple of Peril,2,OPERATING,STANDBY,35,,,queue-times.com
2026-08-10T11:31:08Z,2026-08-10,13,31,Disneyland Park,La Cabane des Robinson,1,OPERATING,STANDBY,5,,,queue-times.com
2026-08-10T11:31:08Z,2026-08-10,13,31,Disneyland Park,Le Passage Enchanté d'Aladdin,2703,OPERATING,STANDBY,0,,,queue-times.com
2026-08-10T11:31:08Z,2026-08-10,13,31,Disneyland Park,Pirate Galleon,2705,CLOSED,STANDBY,0,,,queue-times.com
2026-08-10T11:31:08Z,2026-08-10,13,31,Disneyland Park,Pirates of the Caribbean,3,OPERATING,STANDBY,45,,,queue-times.com
2026-08-10T11:31:08Z,2026-08-10,13,31,Disneyland Park,Pirates' Beach,2704,OPERATING,STANDBY,0,,,queue-times.com
2026-08-10T11:31:08Z,2026-08-10,13,31,Disneyland Park,"Autopia, presented by Avis",4,OPERATING,STANDBY,35,,,queue-times.com
2026-08-10T11:31:08Z,2026-08-10,13,31,Disneyland Park,Buzz Lightyear Laser Blast,5,OPERATING,STANDBY,35,,,queue-times.com
2026-08-10T11:31:08Z,2026-08-10,13,31,Disneyland Park,Disneyland Railroad Discoveryland Station,2706,CLOSED,STANDBY,0,,,queue-times.com
2026-08-10T11:31:08Z,2026-08-10,13,31,Disneyland Park,Les Mystères du Nautilus,6,OPERATING,STANDBY,5,,,queue-times.com
2026-08-10T11:31:08Z,2026-08-10,13,31,Disneyland Park,Mickey’s PhilharMagic,2707,OPERATING,STANDBY,0,,,queue-times.com
2026-08-10T11:31:08Z,2026-08-10,13,31,Disneyland Park,Orbitron®,7,OPERATING,STANDBY,40,,,queue-times.com
2026-08-10T11:31:08Z,2026-08-10,13,31,Disneyland Park,Star Tours: The Adventures Continue*,9,OPERATING,STANDBY,10,,,queue-times.com
2026-08-10T11:31:08Z,2026-08-10,13,31,Disneyland Park,Star Wars Hyperspace Mountain,8,OPERATING,STANDBY,50,,,queue-times.com
2026-08-10T11:31:08Z,2026-08-10,13,31,Disneyland Park,Star Wars Hyperspace Mountain Single Rider,7278,OPERATING,STANDBY,35,,,queue-times.com
2026-08-10T11:31:08Z,2026-08-10,13,31,Disneyland Park,Welcome to Starport: A Star Wars Encounter,4573,OPERATING,STANDBY,15,,,queue-times.com
2026-08-10T11:31:08Z,2026-08-10,13,31,Disneyland Park,"""it's a small world""",19,OPERATING,STANDBY,20,,,queue-times.com
2026-08-10T11:31:08Z,2026-08-10,13,31,Disneyland Park,Alice's Curious Labyrinth,14,OPERATING,STANDBY,5,,,queue-times.com
2026-08-10T11:31:08Z,2026-08-10,13,31,Disneyland Park,Blanche-Neige et les Sept Nains®,15,OPERATING,STANDBY,15,,,queue-times.com
2026-08-10T11:31:08Z,2026-08-10,13,31,Disneyland Park,Casey Jr. – le Petit Train du Cirque,17,OPERATING,STANDBY,15,,,queue-times.com
2026-08-10T11:31:08Z,2026-08-10,13,31,Disneyland Park,Disneyland Railroad Fantasyland Station,2711,CLOSED,STANDBY,0,,,queue-times.com
2026-08-10T11:31:08Z,2026-08-10,13,31,Disneyland Park,Disneyland Railroad Main Street Station,11,OPERATING,STANDBY,0,,,queue-times.com
2026-08-10T11:31:08Z,2026-08-10,13,31,Disneyland Park,Dumbo the Flying Elephant,18,OPERATING,STANDBY,30,,,queue-times.com
2026-08-10T11:31:08Z,2026-08-10,13,31,Disneyland Park,La Tanière du Dragon,2710,OPERATING,STANDBY,0,,,queue-times.com
2026-08-10T11:31:08Z,2026-08-10,13,31,Disneyland Park,Le Carrousel de Lancelot,16,OPERATING,STANDBY,15,,,queue-times.com
2026-08-10T11:31:08Z,2026-08-10,13,31,Disneyland Park,"Le Pays des Contes de Fées, presented by Vittel",21,OPERATING,STANDBY,5,,,queue-times.com
2026-08-10T11:31:08Z,2026-08-10,13,31,Disneyland Park,Les Voyages de Pinocchio,23,OPERATING,STANDBY,25,,,queue-times.com
2026-08-10T11:31:08Z,2026-08-10,13,31,Disneyland Park,Mad Hatter's Tea Cups,20,OPERATING,STANDBY,10,,,queue-times.com
2026-08-10T11:31:08Z,2026-08-10,13,31,Disneyland Park,Meet Mickey Mouse,13,OPERATING,STANDBY,0,,,queue-times.com
2026-08-10T11:31:08Z,2026-08-10,13,31,Disneyland Park,Peter Pan's Flight,22,OPERATING,STANDBY,50,,,queue-times.com
2026-08-10T11:31:08Z,2026-08-10,13,31,Disneyland Park,Princess Pavilion,24,OPERATING,STANDBY,0,,,queue-times.com
2026-08-10T11:31:08Z,2026-08-10,13,31,Disneyland Park,Big Thunder Mountain,25,OPERATING,STANDBY,60,,,queue-times.com
2026-08-10T11:31:08Z,2026-08-10,13,31,Disneyland Park,Disneyland Railroad Frontierland Depot,2714,OPERATING,STANDBY,40,,,queue-times.com
2026-08-10T11:31:08Z,2026-08-10,13,31,Disneyland Park,Frontierland Playground,2713,OPERATING,STANDBY,0,,,queue-times.com
2026-08-10T11:31:08Z,2026-08-10,13,31,Disneyland Park,Phantom Manor,26,OPERATING,STANDBY,20,,,queue-times.com
2026-08-10T11:31:08Z,2026-08-10,13,31,Disneyland Park,River Rogue Keelboats,27,CLOSED,STANDBY,0,,,queue-times.com
2026-08-10T11:31:08Z,2026-08-10,13,31,Disneyland Park,Rustler Roundup Shootin' Gallery,2712,OPERATING,STANDBY,0,,,queue-times.com
2026-08-10T11:31:08Z,2026-08-10,13,31,Disneyland Park,Thunder Mesa Riverboat Landing,28,OPERATING,STANDBY,20,,,queue-times.com
2026-08-10T11:31:08Z,2026-08-10,13,31,Disneyland Park,Disneyland Railroad Main Street Station,2708,CLOSED,STANDBY,0,,,queue-times.com
2026-08-10T11:31:08Z,2026-08-10,13,31,Disneyland Park,Main Street Vehicles,12,OPERATING,STANDBY,5,,,queue-times.com
2026-08-10T11:31:08Z,2026-08-10,13,31,Disney Adventure World,Avengers Assemble: Flight Force,10848,OPERATING,STANDBY,25,,,queue-times.com
2026-08-10T11:31:08Z,2026-08-10,13,31,Disney Adventure World,Avengers Assemble: Flight Force Single Rider,10849,OPERATING,STANDBY,15,,,queue-times.com
2026-08-10T11:31:08Z,2026-08-10,13,31,Disney Adventure World,Spider-Man W.E.B. Adventure,10845,OPERATING,STANDBY,50,,,queue-times.com
2026-08-10T11:31:08Z,2026-08-10,13,31,Disney Adventure World,Spider-Man W.E.B. Adventure Single Rider,10846,OPERATING,STANDBY,20,,,queue-times.com
2026-08-10T11:31:08Z,2026-08-10,13,31,Disney Adventure World,The Twilight Zone Tower of Terror,40,OPERATING,STANDBY,25,,,queue-times.com
2026-08-10T11:31:08Z,2026-08-10,13,31,Disney Adventure World,Cars Quatre Roues Rallye,31,OPERATING,STANDBY,10,,,queue-times.com
2026-08-10T11:31:08Z,2026-08-10,13,31,Disney Adventure World,Cars ROAD TRIP,29,OPERATING,STANDBY,10,,,queue-times.com
2026-08-10T11:31:08Z,2026-08-10,13,31,Disney Adventure World,Crush's Coaster,32,OPERATING,STANDBY,75,,,queue-times.com
2026-08-10T11:31:08Z,2026-08-10,13,31,Disney Adventure World,Crush's Coaster Single Rider,7277,OPERATING,STANDBY,45,,,queue-times.com
2026-08-10T11:31:08Z,2026-08-10,13,31,Disney Adventure World,Les Tapis Volants - Flying Carpets Over Agrabah®,33,OPERATING,STANDBY,15,,,queue-times.com
2026-08-10T11:31:08Z,2026-08-10,13,31,Disney Adventure World,Ratatouille : L’Aventure Totalement Toquée de Rémy​,37,OPERATING,STANDBY,65,,,queue-times.com
2026-08-10T11:31:08Z,2026-08-10,13,31,Disney Adventure World,Ratatouille: The Adventure Single Rider,7279,OPERATING,STANDBY,15,,,queue-times.com
2026-08-10T11:31:08Z,2026-08-10,13,31,Disney Adventure World,RC Racer,34,CLOSED,STANDBY,0,,,queue-times.com
2026-08-10T11:31:08Z,2026-08-10,13,31,Disney Adventure World,RC Racer Single Rider,7280,CLOSED,STANDBY,0,,,queue-times.com
2026-08-10T11:31:08Z,2026-08-10,13,31,Disney Adventure World,Slinky® Dog Zigzag Spin,36,OPERATING,STANDBY,20,,,queue-times.com
2026-08-10T11:31:08Z,2026-08-10,13,31,Disney Adventure World,Toy Soldiers Parachute Drop,35,OPERATING,STANDBY,50,,,queue-times.com
2026-08-10T11:31:08Z,2026-08-10,13,31,Disney Adventure World,Toy Soldiers Parachute Drop Single Rider,7281,OPERATING,STANDBY,5,,,queue-times.com
2026-08-10T11:31:08Z,2026-08-10,13,31,Disney Adventure World,Entry to World of Frozen,16247,OPERATING,STANDBY,0,,,queue-times.com
2026-08-10T11:31:08Z,2026-08-10,13,31,Disney Adventure World,Frozen Ever After,15413,OPERATING,STANDBY,65,,,queue-times.com
2026-08-10T11:31:08Z,2026-08-10,13,31,Disney Adventure World,Raiponce Tangled Spin,15415,OPERATING,STANDBY,20,,,queue-times.com
2026-08-10T11:41:21Z,2026-08-10,13,41,Disneyland Park,Adventure Isle,2702,OPERATING,STANDBY,0,,,queue-times.com
2026-08-10T11:41:21Z,2026-08-10,13,41,Disneyland Park,Indiana Jones and the Temple of Peril Single Rider,7306,OPERATING,STANDBY,10,,,queue-times.com
2026-08-10T11:41:21Z,2026-08-10,13,41,Disneyland Park,Indiana Jones™ and the Temple of Peril,2,OPERATING,STANDBY,35,,,queue-times.com
2026-08-10T11:41:21Z,2026-08-10,13,41,Disneyland Park,La Cabane des Robinson,1,OPERATING,STANDBY,5,,,queue-times.com
2026-08-10T11:41:21Z,2026-08-10,13,41,Disneyland Park,Le Passage Enchanté d'Aladdin,2703,OPERATING,STANDBY,0,,,queue-times.com
2026-08-10T11:41:21Z,2026-08-10,13,41,Disneyland Park,Pirate Galleon,2705,CLOSED,STANDBY,0,,,queue-times.com
2026-08-10T11:41:21Z,2026-08-10,13,41,Disneyland Park,Pirates of the Caribbean,3,OPERATING,STANDBY,45,,,queue-times.com
2026-08-10T11:41:21Z,2026-08-10,13,41,Disneyland Park,Pirates' Beach,2704,OPERATING,STANDBY,0,,,queue-times.com
2026-08-10T11:41:21Z,2026-08-10,13,41,Disneyland Park,"Autopia, presented by Avis",4,OPERATING,STANDBY,30,,,queue-times.com
2026-08-10T11:41:21Z,2026-08-10,13,41,Disneyland Park,Buzz Lightyear Laser Blast,5,OPERATING,STANDBY,40,,,queue-times.com
2026-08-10T11:41:21Z,2026-08-10,13,41,Disneyland Park,Disneyland Railroad Discoveryland Station,2706,CLOSED,STANDBY,0,,,queue-times.com
2026-08-10T11:41:21Z,2026-08-10,13,41,Disneyland Park,Les Mystères du Nautilus,6,OPERATING,STANDBY,5,,,queue-times.com
2026-08-10T11:41:21Z,2026-08-10,13,41,Disneyland Park,Mickey’s PhilharMagic,2707,OPERATING,STANDBY,0,,,queue-times.com
2026-08-10T11:41:21Z,2026-08-10,13,41,Disneyland Park,Orbitron®,7,OPERATING,STANDBY,50,,,queue-times.com
2026-08-10T11:41:21Z,2026-08-10,13,41,Disneyland Park,Star Tours: The Adventures Continue*,9,OPERATING,STANDBY,10,,,queue-times.com
2026-08-10T11:41:21Z,2026-08-10,13,41,Disneyland Park,Star Wars Hyperspace Mountain,8,OPERATING,STANDBY,45,,,queue-times.com
2026-08-10T11:41:21Z,2026-08-10,13,41,Disneyland Park,Star Wars Hyperspace Mountain Single Rider,7278,OPERATING,STANDBY,35,,,queue-times.com
2026-08-10T11:41:21Z,2026-08-10,13,41,Disneyland Park,Welcome to Starport: A Star Wars Encounter,4573,OPERATING,STANDBY,15,,,queue-times.com
2026-08-10T11:41:21Z,2026-08-10,13,41,Disneyland Park,"""it's a small world""",19,OPERATING,STANDBY,15,,,queue-times.com
2026-08-10T11:41:21Z,2026-08-10,13,41,Disneyland Park,Alice's Curious Labyrinth,14,OPERATING,STANDBY,5,,,queue-times.com
2026-08-10T11:41:21Z,2026-08-10,13,41,Disneyland Park,Blanche-Neige et les Sept Nains®,15,OPERATING,STANDBY,15,,,queue-times.com
2026-08-10T11:41:21Z,2026-08-10,13,41,Disneyland Park,Casey Jr. – le Petit Train du Cirque,17,OPERATING,STANDBY,15,,,queue-times.com
2026-08-10T11:41:21Z,2026-08-10,13,41,Disneyland Park,Disneyland Railroad Fantasyland Station,2711,CLOSED,STANDBY,0,,,queue-times.com
2026-08-10T11:41:21Z,2026-08-10,13,41,Disneyland Park,Disneyland Railroad Main Street Station,11,OPERATING,STANDBY,0,,,queue-times.com
2026-08-10T11:41:21Z,2026-08-10,13,41,Disneyland Park,Dumbo the Flying Elephant,18,OPERATING,STANDBY,30,,,queue-times.com
2026-08-10T11:41:21Z,2026-08-10,13,41,Disneyland Park,La Tanière du Dragon,2710,OPERATING,STANDBY,0,,,queue-times.com
2026-08-10T11:41:21Z,2026-08-10,13,41,Disneyland Park,Le Carrousel de Lancelot,16,OPERATING,STANDBY,15,,,queue-times.com
2026-08-10T11:41:21Z,2026-08-10,13,41,Disneyland Park,"Le Pays des Contes de Fées, presented by Vittel",21,OPERATING,STANDBY,5,,,queue-times.com
2026-08-10T11:41:21Z,2026-08-10,13,41,Disneyland Park,Les Voyages de Pinocchio,23,OPERATING,STANDBY,25,,,queue-times.com
2026-08-10T11:41:21Z,2026-08-10,13,41,Disneyland Park,Mad Hatter's Tea Cups,20,OPERATING,STANDBY,10,,,queue-times.com
2026-08-10T11:41:21Z,2026-08-10,13,41,Disneyland Park,Meet Mickey Mouse,13,OPERATING,STANDBY,0,,,queue-times.com
2026-08-10T11:41:21Z,2026-08-10,13,41,Disneyland Park,Peter Pan's Flight,22,OPERATING,STANDBY,50,,,queue-times.com
2026-08-10T11:41:21Z,2026-08-10,13,41,Disneyland Park,Princess Pavilion,24,OPERATING,STANDBY,0,,,queue-times.com
2026-08-10T11:41:21Z,2026-08-10,13,41,Disneyland Park,Big Thunder Mountain,25,OPERATING,STANDBY,60,,,queue-times.com
2026-08-10T11:41:21Z,2026-08-10,13,41,Disneyland Park,Disneyland Railroad Frontierland Depot,2714,OPERATING,STANDBY,40,,,queue-times.com
2026-08-10T11:41:21Z,2026-08-10,13,41,Disneyland Park,Frontierland Playground,2713,OPERATING,STANDBY,0,,,queue-times.com
2026-08-10T11:41:21Z,2026-08-10,13,41,Disneyland Park,Phantom Manor,26,OPERATING,STANDBY,10,,,queue-times.com
2026-08-10T11:41:21Z,2026-08-10,13,41,Disneyland Park,River Rogue Keelboats,27,CLOSED,STANDBY,0,,,queue-times.com
2026-08-10T11:41:21Z,2026-08-10,13,41,Disneyland Park,Rustler Roundup Shootin' Gallery,2712,OPERATING,STANDBY,0,,,queue-times.com
2026-08-10T11:41:21Z,2026-08-10,13,41,Disneyland Park,Thunder Mesa Riverboat Landing,28,OPERATING,STANDBY,20,,,queue-times.com
2026-08-10T11:41:21Z,2026-08-10,13,41,Disneyland Park,Disneyland Railroad Main Street Station,2708,CLOSED,STANDBY,0,,,queue-times.com
2026-08-10T11:41:21Z,2026-08-10,13,41,Disneyland Park,Main Street Vehicles,12,OPERATING,STANDBY,5,,,queue-times.com
2026-08-10T11:41:21Z,2026-08-10,13,41,Disney Adventure World,Avengers Assemble: Flight Force,10848,OPERATING,STANDBY,25,,,queue-times.com
2026-08-10T11:41:21Z,2026-08-10,13,41,Disney Adventure World,Avengers Assemble: Flight Force Single Rider,10849,OPERATING,STANDBY,20,,,queue-times.com
2026-08-10T11:41:21Z,2026-08-10,13,41,Disney Adventure World,Spider-Man W.E.B. Adventure,10845,CLOSED,STANDBY,0,,,queue-times.com
2026-08-10T11:41:21Z,2026-08-10,13,41,Disney Adventure World,Spider-Man W.E.B. Adventure Single Rider,10846,CLOSED,STANDBY,0,,,queue-times.com
2026-08-10T11:41:21Z,2026-08-10,13,41,Disney Adventure World,The Twilight Zone Tower of Terror,40,OPERATING,STANDBY,25,,,queue-times.com
2026-08-10T11:41:21Z,2026-08-10,13,41,Disney Adventure World,Cars Quatre Roues Rallye,31,OPERATING,STANDBY,10,,,queue-times.com
2026-08-10T11:41:21Z,2026-08-10,13,41,Disney Adventure World,Cars ROAD TRIP,29,OPERATING,STANDBY,10,,,queue-times.com
2026-08-10T11:41:21Z,2026-08-10,13,41,Disney Adventure World,Crush's Coaster,32,OPERATING,STANDBY,75,,,queue-times.com
2026-08-10T11:41:21Z,2026-08-10,13,41,Disney Adventure World,Crush's Coaster Single Rider,7277,OPERATING,STANDBY,60,,,queue-times.com
2026-08-10T11:41:21Z,2026-08-10,13,41,Disney Adventure World,Les Tapis Volants - Flying Carpets Over Agrabah®,33,OPERATING,STANDBY,20,,,queue-times.com
2026-08-10T11:41:21Z,2026-08-10,13,41,Disney Adventure World,Ratatouille : L’Aventure Totalement Toquée de Rémy​,37,OPERATING,STANDBY,60,,,queue-times.com
2026-08-10T11:41:21Z,2026-08-10,13,41,Disney Adventure World,Ratatouille: The Adventure Single Rider,7279,OPERATING,STANDBY,10,,,queue-times.com
2026-08-10T11:41:21Z,2026-08-10,13,41,Disney Adventure World,RC Racer,34,OPERATING,STANDBY,40,,,queue-times.com
2026-08-10T11:41:21Z,2026-08-10,13,41,Disney Adventure World,RC Racer Single Rider,7280,OPERATING,STANDBY,35,,,queue-times.com
2026-08-10T11:41:21Z,2026-08-10,13,41,Disney Adventure World,Slinky® Dog Zigzag Spin,36,OPERATING,STANDBY,15,,,queue-times.com
2026-08-10T11:41:21Z,2026-08-10,13,41,Disney Adventure World,Toy Soldiers Parachute Drop,35,OPERATING,STANDBY,50,,,queue-times.com
2026-08-10T11:41:21Z,2026-08-10,13,41,Disney Adventure World,Toy Soldiers Parachute Drop Single Rider,7281,OPERATING,STANDBY,20,,,queue-times.com
2026-08-10T11:41:21Z,2026-08-10,13,41,Disney Adventure World,Entry to World of Frozen,16247,OPERATING,STANDBY,0,,,queue-times.com
2026-08-10T11:41:21Z,2026-08-10,13,41,Disney Adventure World,Frozen Ever After,15413,OPERATING,STANDBY,65,,,queue-times.com
2026-08-10T11:41:21Z,2026-08-10,13,41,Disney Adventure World,Raiponce Tangled Spin,15415,OPERATING,STANDBY,20,,,queue-times.com
2026-08-10T11:45:48Z,2026-08-10,13,45,Disneyland Park,Adventure Isle,2702,OPERATING,STANDBY,0,,,queue-times.com
2026-08-10T11:45:48Z,2026-08-10,13,45,Disneyland Park,Indiana Jones and the Temple of Peril Single Rider,7306,OPERATING,STANDBY,15,,,queue-times.com
2026-08-10T11:45:48Z,2026-08-10,13,45,Disneyland Park,Indiana Jones™ and the Temple of Peril,2,OPERATING,STANDBY,35,,,queue-times.com
2026-08-10T11:45:48Z,2026-08-10,13,45,Disneyland Park,La Cabane des Robinson,1,OPERATING,STANDBY,5,,,queue-times.com
2026-08-10T11:45:48Z,2026-08-10,13,45,Disneyland Park,Le Passage Enchanté d'Aladdin,2703,OPERATING,STANDBY,0,,,queue-times.com
2026-08-10T11:45:48Z,2026-08-10,13,45,Disneyland Park,Pirate Galleon,2705,CLOSED,STANDBY,0,,,queue-times.com
2026-08-10T11:45:48Z,2026-08-10,13,45,Disneyland Park,Pirates of the Caribbean,3,OPERATING,STANDBY,45,,,queue-times.com
2026-08-10T11:45:48Z,2026-08-10,13,45,Disneyland Park,Pirates' Beach,2704,OPERATING,STANDBY,0,,,queue-times.com
2026-08-10T11:45:48Z,2026-08-10,13,45,Disneyland Park,"Autopia, presented by Avis",4,OPERATING,STANDBY,30,,,queue-times.com
2026-08-10T11:45:48Z,2026-08-10,13,45,Disneyland Park,Buzz Lightyear Laser Blast,5,OPERATING,STANDBY,40,,,queue-times.com
2026-08-10T11:45:48Z,2026-08-10,13,45,Disneyland Park,Disneyland Railroad Discoveryland Station,2706,CLOSED,STANDBY,0,,,queue-times.com
2026-08-10T11:45:48Z,2026-08-10,13,45,Disneyland Park,Les Mystères du Nautilus,6,OPERATING,STANDBY,5,,,queue-times.com
2026-08-10T11:45:48Z,2026-08-10,13,45,Disneyland Park,Mickey’s PhilharMagic,2707,OPERATING,STANDBY,0,,,queue-times.com
2026-08-10T11:45:48Z,2026-08-10,13,45,Disneyland Park,Orbitron®,7,OPERATING,STANDBY,50,,,queue-times.com
2026-08-10T11:45:48Z,2026-08-10,13,45,Disneyland Park,Star Tours: The Adventures Continue*,9,OPERATING,STANDBY,20,,,queue-times.com
2026-08-10T11:45:48Z,2026-08-10,13,45,Disneyland Park,Star Wars Hyperspace Mountain,8,OPERATING,STANDBY,45,,,queue-times.com
2026-08-10T11:45:48Z,2026-08-10,13,45,Disneyland Park,Star Wars Hyperspace Mountain Single Rider,7278,OPERATING,STANDBY,35,,,queue-times.com
2026-08-10T11:45:48Z,2026-08-10,13,45,Disneyland Park,Welcome to Starport: A Star Wars Encounter,4573,OPERATING,STANDBY,15,,,queue-times.com
2026-08-10T11:45:48Z,2026-08-10,13,45,Disneyland Park,"""it's a small world""",19,OPERATING,STANDBY,15,,,queue-times.com
2026-08-10T11:45:48Z,2026-08-10,13,45,Disneyland Park,Alice's Curious Labyrinth,14,OPERATING,STANDBY,5,,,queue-times.com
2026-08-10T11:45:48Z,2026-08-10,13,45,Disneyland Park,Blanche-Neige et les Sept Nains®,15,OPERATING,STANDBY,15,,,queue-times.com
2026-08-10T11:45:48Z,2026-08-10,13,45,Disneyland Park,Casey Jr. – le Petit Train du Cirque,17,OPERATING,STANDBY,15,,,queue-times.com
2026-08-10T11:45:48Z,2026-08-10,13,45,Disneyland Park,Disneyland Railroad Fantasyland Station,2711,CLOSED,STANDBY,0,,,queue-times.com
2026-08-10T11:45:48Z,2026-08-10,13,45,Disneyland Park,Disneyland Railroad Main Street Station,11,OPERATING,STANDBY,0,,,queue-times.com
2026-08-10T11:45:48Z,2026-08-10,13,45,Disneyland Park,Dumbo the Flying Elephant,18,OPERATING,STANDBY,30,,,queue-times.com
2026-08-10T11:45:48Z,2026-08-10,13,45,Disneyland Park,La Tanière du Dragon,2710,OPERATING,STANDBY,0,,,queue-times.com
2026-08-10T11:45:48Z,2026-08-10,13,45,Disneyland Park,Le Carrousel de Lancelot,16,OPERATING,STANDBY,15,,,queue-times.com
2026-08-10T11:45:48Z,2026-08-10,13,45,Disneyland Park,"Le Pays des Contes de Fées, presented by Vittel",21,OPERATING,STANDBY,5,,,queue-times.com
2026-08-10T11:45:48Z,2026-08-10,13,45,Disneyland Park,Les Voyages de Pinocchio,23,OPERATING,STANDBY,25,,,queue-times.com
2026-08-10T11:45:48Z,2026-08-10,13,45,Disneyland Park,Mad Hatter's Tea Cups,20,OPERATING,STANDBY,15,,,queue-times.com
2026-08-10T11:45:48Z,2026-08-10,13,45,Disneyland Park,Meet Mickey Mouse,13,OPERATING,STANDBY,0,,,queue-times.com
2026-08-10T11:45:48Z,2026-08-10,13,45,Disneyland Park,Peter Pan's Flight,22,OPERATING,STANDBY,60,,,queue-times.com
2026-08-10T11:45:48Z,2026-08-10,13,45,Disneyland Park,Princess Pavilion,24,OPERATING,STANDBY,0,,,queue-times.com
2026-08-10T11:45:48Z,2026-08-10,13,45,Disneyland Park,Big Thunder Mountain,25,OPERATING,STANDBY,60,,,queue-times.com
2026-08-10T11:45:48Z,2026-08-10,13,45,Disneyland Park,Disneyland Railroad Frontierland Depot,2714,OPERATING,STANDBY,40,,,queue-times.com
2026-08-10T11:45:48Z,2026-08-10,13,45,Disneyland Park,Frontierland Playground,2713,OPERATING,STANDBY,0,,,queue-times.com
2026-08-10T11:45:48Z,2026-08-10,13,45,Disneyland Park,Phantom Manor,26,OPERATING,STANDBY,10,,,queue-times.com
2026-08-10T11:45:48Z,2026-08-10,13,45,Disneyland Park,River Rogue Keelboats,27,CLOSED,STANDBY,0,,,queue-times.com
2026-08-10T11:45:48Z,2026-08-10,13,45,Disneyland Park,Rustler Roundup Shootin' Gallery,2712,OPERATING,STANDBY,0,,,queue-times.com
2026-08-10T11:45:48Z,2026-08-10,13,45,Disneyland Park,Thunder Mesa Riverboat Landing,28,OPERATING,STANDBY,20,,,queue-times.com
2026-08-10T11:45:48Z,2026-08-10,13,45,Disneyland Park,Disneyland Railroad Main Street Station,2708,CLOSED,STANDBY,0,,,queue-times.com
2026-08-10T11:45:48Z,2026-08-10,13,45,Disneyland Park,Main Street Vehicles,12,OPERATING,STANDBY,5,,,queue-times.com
2026-08-10T11:45:48Z,2026-08-10,13,45,Disney Adventure World,Avengers Assemble: Flight Force,10848,OPERATING,STANDBY,25,,,queue-times.com
2026-08-10T11:45:48Z,2026-08-10,13,45,Disney Adventure World,Avengers Assemble: Flight Force Single Rider,10849,OPERATING,STANDBY,20,,,queue-times.com
2026-08-10T11:45:48Z,2026-08-10,13,45,Disney Adventure World,Spider-Man W.E.B. Adventure,10845,CLOSED,STANDBY,0,,,queue-times.com
2026-08-10T11:45:48Z,2026-08-10,13,45,Disney Adventure World,Spider-Man W.E.B. Adventure Single Rider,10846,CLOSED,STANDBY,0,,,queue-times.com
2026-08-10T11:45:48Z,2026-08-10,13,45,Disney Adventure World,The Twilight Zone Tower of Terror,40,OPERATING,STANDBY,25,,,queue-times.com
2026-08-10T11:45:48Z,2026-08-10,13,45,Disney Adventure World,Cars Quatre Roues Rallye,31,OPERATING,STANDBY,10,,,queue-times.com
2026-08-10T11:45:48Z,2026-08-10,13,45,Disney Adventure World,Cars ROAD TRIP,29,OPERATING,STANDBY,10,,,queue-times.com
2026-08-10T11:45:48Z,2026-08-10,13,45,Disney Adventure World,Crush's Coaster,32,OPERATING,STANDBY,75,,,queue-times.com
2026-08-10T11:45:48Z,2026-08-10,13,45,Disney Adventure World,Crush's Coaster Single Rider,7277,OPERATING,STANDBY,60,,,queue-times.com
2026-08-10T11:45:48Z,2026-08-10,13,45,Disney Adventure World,Les Tapis Volants - Flying Carpets Over Agrabah®,33,OPERATING,STANDBY,20,,,queue-times.com
2026-08-10T11:45:48Z,2026-08-10,13,45,Disney Adventure World,Ratatouille : L’Aventure Totalement Toquée de Rémy​,37,OPERATING,STANDBY,60,,,queue-times.com
2026-08-10T11:45:48Z,2026-08-10,13,45,Disney Adventure World,Ratatouille: The Adventure Single Rider,7279,OPERATING,STANDBY,10,,,queue-times.com
2026-08-10T11:45:48Z,2026-08-10,13,45,Disney Adventure World,RC Racer,34,OPERATING,STANDBY,40,,,queue-times.com
2026-08-10T11:45:48Z,2026-08-10,13,45,Disney Adventure World,RC Racer Single Rider,7280,OPERATING,STANDBY,35,,,queue-times.com
2026-08-10T11:45:48Z,2026-08-10,13,45,Disney Adventure World,Slinky® Dog Zigzag Spin,36,OPERATING,STANDBY,15,,,queue-times.com
2026-08-10T11:45:48Z,2026-08-10,13,45,Disney Adventure World,Toy Soldiers Parachute Drop,35,OPERATING,STANDBY,50,,,queue-times.com
2026-08-10T11:45:48Z,2026-08-10,13,45,Disney Adventure World,Toy Soldiers Parachute Drop Single Rider,7281,OPERATING,STANDBY,20,,,queue-times.com
2026-08-10T11:45:48Z,2026-08-10,13,45,Disney Adventure World,Entry to World of Frozen,16247,OPERATING,STANDBY,0,,,queue-times.com
2026-08-10T11:45:48Z,2026-08-10,13,45,Disney Adventure World,Frozen Ever After,15413,OPERATING,STANDBY,65,,,queue-times.com
2026-08-10T11:45:48Z,2026-08-10,13,45,Disney Adventure World,Raiponce Tangled Spin,15415,OPERATING,STANDBY,20,,,queue-times.com
2026-08-10T12:01:29Z,2026-08-10,14,1,Disneyland Park,Adventure Isle,2702,OPERATING,STANDBY,0,,,queue-times.com
2026-08-10T12:01:29Z,2026-08-10,14,1,Disneyland Park,Indiana Jones and the Temple of Peril Single Rider,7306,OPERATING,STANDBY,15,,,queue-times.com
2026-08-10T12:01:29Z,2026-08-10,14,1,Disneyland Park,Indiana Jones™ and the Temple of Peril,2,OPERATING,STANDBY,35,,,queue-times.com
2026-08-10T12:01:29Z,2026-08-10,14,1,Disneyland Park,La Cabane des Robinson,1,OPERATING,STANDBY,5,,,queue-times.com
2026-08-10T12:01:29Z,2026-08-10,14,1,Disneyland Park,Le Passage Enchanté d'Aladdin,2703,OPERATING,STANDBY,0,,,queue-times.com
2026-08-10T12:01:29Z,2026-08-10,14,1,Disneyland Park,Pirate Galleon,2705,CLOSED,STANDBY,0,,,queue-times.com
2026-08-10T12:01:29Z,2026-08-10,14,1,Disneyland Park,Pirates of the Caribbean,3,OPERATING,STANDBY,30,,,queue-times.com
2026-08-10T12:01:29Z,2026-08-10,14,1,Disneyland Park,Pirates' Beach,2704,OPERATING,STANDBY,0,,,queue-times.com
2026-08-10T12:01:29Z,2026-08-10,14,1,Disneyland Park,"Autopia, presented by Avis",4,OPERATING,STANDBY,35,,,queue-times.com
2026-08-10T12:01:29Z,2026-08-10,14,1,Disneyland Park,Buzz Lightyear Laser Blast,5,OPERATING,STANDBY,40,,,queue-times.com
2026-08-10T12:01:29Z,2026-08-10,14,1,Disneyland Park,Disneyland Railroad Discoveryland Station,2706,CLOSED,STANDBY,0,,,queue-times.com
2026-08-10T12:01:29Z,2026-08-10,14,1,Disneyland Park,Les Mystères du Nautilus,6,OPERATING,STANDBY,5,,,queue-times.com
2026-08-10T12:01:29Z,2026-08-10,14,1,Disneyland Park,Mickey’s PhilharMagic,2707,OPERATING,STANDBY,0,,,queue-times.com
2026-08-10T12:01:29Z,2026-08-10,14,1,Disneyland Park,Orbitron®,7,OPERATING,STANDBY,45,,,queue-times.com
2026-08-10T12:01:29Z,2026-08-10,14,1,Disneyland Park,Star Tours: The Adventures Continue*,9,OPERATING,STANDBY,20,,,queue-times.com
2026-08-10T12:01:29Z,2026-08-10,14,1,Disneyland Park,Star Wars Hyperspace Mountain,8,OPERATING,STANDBY,70,,,queue-times.com
2026-08-10T12:01:29Z,2026-08-10,14,1,Disneyland Park,Star Wars Hyperspace Mountain Single Rider,7278,OPERATING,STANDBY,55,,,queue-times.com
2026-08-10T12:01:29Z,2026-08-10,14,1,Disneyland Park,Welcome to Starport: A Star Wars Encounter,4573,OPERATING,STANDBY,25,,,queue-times.com
2026-08-10T12:01:29Z,2026-08-10,14,1,Disneyland Park,"""it's a small world""",19,OPERATING,STANDBY,15,,,queue-times.com
2026-08-10T12:01:29Z,2026-08-10,14,1,Disneyland Park,Alice's Curious Labyrinth,14,OPERATING,STANDBY,5,,,queue-times.com
2026-08-10T12:01:29Z,2026-08-10,14,1,Disneyland Park,Blanche-Neige et les Sept Nains®,15,OPERATING,STANDBY,15,,,queue-times.com
2026-08-10T12:01:29Z,2026-08-10,14,1,Disneyland Park,Casey Jr. – le Petit Train du Cirque,17,OPERATING,STANDBY,20,,,queue-times.com
2026-08-10T12:01:29Z,2026-08-10,14,1,Disneyland Park,Disneyland Railroad Fantasyland Station,2711,CLOSED,STANDBY,0,,,queue-times.com
2026-08-10T12:01:29Z,2026-08-10,14,1,Disneyland Park,Disneyland Railroad Main Street Station,11,OPERATING,STANDBY,0,,,queue-times.com
2026-08-10T12:01:29Z,2026-08-10,14,1,Disneyland Park,Dumbo the Flying Elephant,18,OPERATING,STANDBY,30,,,queue-times.com
2026-08-10T12:01:29Z,2026-08-10,14,1,Disneyland Park,La Tanière du Dragon,2710,OPERATING,STANDBY,0,,,queue-times.com
2026-08-10T12:01:29Z,2026-08-10,14,1,Disneyland Park,Le Carrousel de Lancelot,16,OPERATING,STANDBY,15,,,queue-times.com
2026-08-10T12:01:29Z,2026-08-10,14,1,Disneyland Park,"Le Pays des Contes de Fées, presented by Vittel",21,OPERATING,STANDBY,5,,,queue-times.com
2026-08-10T12:01:29Z,2026-08-10,14,1,Disneyland Park,Les Voyages de Pinocchio,23,OPERATING,STANDBY,25,,,queue-times.com
2026-08-10T12:01:29Z,2026-08-10,14,1,Disneyland Park,Mad Hatter's Tea Cups,20,OPERATING,STANDBY,10,,,queue-times.com
2026-08-10T12:01:29Z,2026-08-10,14,1,Disneyland Park,Meet Mickey Mouse,13,OPERATING,STANDBY,0,,,queue-times.com
2026-08-10T12:01:29Z,2026-08-10,14,1,Disneyland Park,Peter Pan's Flight,22,OPERATING,STANDBY,65,,,queue-times.com
2026-08-10T12:01:29Z,2026-08-10,14,1,Disneyland Park,Princess Pavilion,24,OPERATING,STANDBY,0,,,queue-times.com
2026-08-10T12:01:29Z,2026-08-10,14,1,Disneyland Park,Big Thunder Mountain,25,OPERATING,STANDBY,50,,,queue-times.com
2026-08-10T12:01:29Z,2026-08-10,14,1,Disneyland Park,Disneyland Railroad Frontierland Depot,2714,OPERATING,STANDBY,40,,,queue-times.com
2026-08-10T12:01:29Z,2026-08-10,14,1,Disneyland Park,Frontierland Playground,2713,OPERATING,STANDBY,0,,,queue-times.com
2026-08-10T12:01:29Z,2026-08-10,14,1,Disneyland Park,Phantom Manor,26,OPERATING,STANDBY,10,,,queue-times.com
2026-08-10T12:01:29Z,2026-08-10,14,1,Disneyland Park,River Rogue Keelboats,27,CLOSED,STANDBY,0,,,queue-times.com
2026-08-10T12:01:29Z,2026-08-10,14,1,Disneyland Park,Rustler Roundup Shootin' Gallery,2712,OPERATING,STANDBY,0,,,queue-times.com
2026-08-10T12:01:29Z,2026-08-10,14,1,Disneyland Park,Thunder Mesa Riverboat Landing,28,OPERATING,STANDBY,20,,,queue-times.com
2026-08-10T12:01:29Z,2026-08-10,14,1,Disneyland Park,Disneyland Railroad Main Street Station,2708,CLOSED,STANDBY,0,,,queue-times.com
2026-08-10T12:01:29Z,2026-08-10,14,1,Disneyland Park,Main Street Vehicles,12,CLOSED,STANDBY,0,,,queue-times.com
2026-08-10T12:01:29Z,2026-08-10,14,1,Disney Adventure World,Avengers Assemble: Flight Force,10848,OPERATING,STANDBY,40,,,queue-times.com
2026-08-10T12:01:29Z,2026-08-10,14,1,Disney Adventure World,Avengers Assemble: Flight Force Single Rider,10849,OPERATING,STANDBY,30,,,queue-times.com
2026-08-10T12:01:29Z,2026-08-10,14,1,Disney Adventure World,Spider-Man W.E.B. Adventure,10845,CLOSED,STANDBY,0,,,queue-times.com
2026-08-10T12:01:29Z,2026-08-10,14,1,Disney Adventure World,Spider-Man W.E.B. Adventure Single Rider,10846,CLOSED,STANDBY,0,,,queue-times.com
2026-08-10T12:01:29Z,2026-08-10,14,1,Disney Adventure World,The Twilight Zone Tower of Terror,40,OPERATING,STANDBY,30,,,queue-times.com
2026-08-10T12:01:29Z,2026-08-10,14,1,Disney Adventure World,Cars Quatre Roues Rallye,31,OPERATING,STANDBY,15,,,queue-times.com
2026-08-10T12:01:29Z,2026-08-10,14,1,Disney Adventure World,Cars ROAD TRIP,29,OPERATING,STANDBY,15,,,queue-times.com
2026-08-10T12:01:29Z,2026-08-10,14,1,Disney Adventure World,Crush's Coaster,32,OPERATING,STANDBY,85,,,queue-times.com
2026-08-10T12:01:29Z,2026-08-10,14,1,Disney Adventure World,Crush's Coaster Single Rider,7277,OPERATING,STANDBY,45,,,queue-times.com
2026-08-10T12:01:29Z,2026-08-10,14,1,Disney Adventure World,Les Tapis Volants - Flying Carpets Over Agrabah®,33,OPERATING,STANDBY,20,,,queue-times.com
2026-08-10T12:01:29Z,2026-08-10,14,1,Disney Adventure World,Ratatouille : L’Aventure Totalement Toquée de Rémy​,37,OPERATING,STANDBY,45,,,queue-times.com
2026-08-10T12:01:29Z,2026-08-10,14,1,Disney Adventure World,Ratatouille: The Adventure Single Rider,7279,OPERATING,STANDBY,20,,,queue-times.com
2026-08-10T12:01:29Z,2026-08-10,14,1,Disney Adventure World,RC Racer,34,OPERATING,STANDBY,35,,,queue-times.com
2026-08-10T12:01:29Z,2026-08-10,14,1,Disney Adventure World,RC Racer Single Rider,7280,OPERATING,STANDBY,25,,,queue-times.com
2026-08-10T12:01:29Z,2026-08-10,14,1,Disney Adventure World,Slinky® Dog Zigzag Spin,36,OPERATING,STANDBY,15,,,queue-times.com
2026-08-10T12:01:29Z,2026-08-10,14,1,Disney Adventure World,Toy Soldiers Parachute Drop,35,OPERATING,STANDBY,50,,,queue-times.com
2026-08-10T12:01:29Z,2026-08-10,14,1,Disney Adventure World,Toy Soldiers Parachute Drop Single Rider,7281,OPERATING,STANDBY,25,,,queue-times.com
2026-08-10T12:01:29Z,2026-08-10,14,1,Disney Adventure World,Entry to World of Frozen,16247,OPERATING,STANDBY,0,,,queue-times.com
2026-08-10T12:01:29Z,2026-08-10,14,1,Disney Adventure World,Frozen Ever After,15413,OPERATING,STANDBY,55,,,queue-times.com
2026-08-10T12:01:29Z,2026-08-10,14,1,Disney Adventure World,Raiponce Tangled Spin,15415,OPERATING,STANDBY,5,,,queue-times.com
2026-08-10T12:15:48Z,2026-08-10,14,15,Disneyland Park,Adventure Isle,2702,OPERATING,STANDBY,0,,,queue-times.com
2026-08-10T12:15:48Z,2026-08-10,14,15,Disneyland Park,Indiana Jones and the Temple of Peril Single Rider,7306,OPERATING,STANDBY,15,,,queue-times.com
2026-08-10T12:15:48Z,2026-08-10,14,15,Disneyland Park,Indiana Jones™ and the Temple of Peril,2,OPERATING,STANDBY,35,,,queue-times.com
2026-08-10T12:15:48Z,2026-08-10,14,15,Disneyland Park,La Cabane des Robinson,1,OPERATING,STANDBY,5,,,queue-times.com
2026-08-10T12:15:48Z,2026-08-10,14,15,Disneyland Park,Le Passage Enchanté d'Aladdin,2703,OPERATING,STANDBY,0,,,queue-times.com
2026-08-10T12:15:48Z,2026-08-10,14,15,Disneyland Park,Pirate Galleon,2705,CLOSED,STANDBY,0,,,queue-times.com
2026-08-10T12:15:48Z,2026-08-10,14,15,Disneyland Park,Pirates of the Caribbean,3,OPERATING,STANDBY,30,,,queue-times.com
2026-08-10T12:15:48Z,2026-08-10,14,15,Disneyland Park,Pirates' Beach,2704,OPERATING,STANDBY,0,,,queue-times.com
2026-08-10T12:15:48Z,2026-08-10,14,15,Disneyland Park,"Autopia, presented by Avis",4,OPERATING,STANDBY,35,,,queue-times.com
2026-08-10T12:15:48Z,2026-08-10,14,15,Disneyland Park,Buzz Lightyear Laser Blast,5,OPERATING,STANDBY,40,,,queue-times.com
2026-08-10T12:15:48Z,2026-08-10,14,15,Disneyland Park,Disneyland Railroad Discoveryland Station,2706,CLOSED,STANDBY,0,,,queue-times.com
2026-08-10T12:15:48Z,2026-08-10,14,15,Disneyland Park,Les Mystères du Nautilus,6,OPERATING,STANDBY,5,,,queue-times.com
2026-08-10T12:15:48Z,2026-08-10,14,15,Disneyland Park,Mickey’s PhilharMagic,2707,OPERATING,STANDBY,0,,,queue-times.com
2026-08-10T12:15:48Z,2026-08-10,14,15,Disneyland Park,Orbitron®,7,OPERATING,STANDBY,45,,,queue-times.com
2026-08-10T12:15:48Z,2026-08-10,14,15,Disneyland Park,Star Tours: The Adventures Continue*,9,OPERATING,STANDBY,20,,,queue-times.com
2026-08-10T12:15:48Z,2026-08-10,14,15,Disneyland Park,Star Wars Hyperspace Mountain,8,OPERATING,STANDBY,35,,,queue-times.com
2026-08-10T12:15:48Z,2026-08-10,14,15,Disneyland Park,Star Wars Hyperspace Mountain Single Rider,7278,OPERATING,STANDBY,30,,,queue-times.com
2026-08-10T12:15:48Z,2026-08-10,14,15,Disneyland Park,Welcome to Starport: A Star Wars Encounter,4573,OPERATING,STANDBY,25,,,queue-times.com
2026-08-10T12:15:48Z,2026-08-10,14,15,Disneyland Park,"""it's a small world""",19,OPERATING,STANDBY,15,,,queue-times.com
2026-08-10T12:15:48Z,2026-08-10,14,15,Disneyland Park,Alice's Curious Labyrinth,14,OPERATING,STANDBY,5,,,queue-times.com
2026-08-10T12:15:48Z,2026-08-10,14,15,Disneyland Park,Blanche-Neige et les Sept Nains®,15,OPERATING,STANDBY,25,,,queue-times.com
2026-08-10T12:15:48Z,2026-08-10,14,15,Disneyland Park,Casey Jr. – le Petit Train du Cirque,17,OPERATING,STANDBY,15,,,queue-times.com
2026-08-10T12:15:48Z,2026-08-10,14,15,Disneyland Park,Disneyland Railroad Fantasyland Station,2711,CLOSED,STANDBY,0,,,queue-times.com
2026-08-10T12:15:48Z,2026-08-10,14,15,Disneyland Park,Disneyland Railroad Main Street Station,11,OPERATING,STANDBY,0,,,queue-times.com
2026-08-10T12:15:48Z,2026-08-10,14,15,Disneyland Park,Dumbo the Flying Elephant,18,OPERATING,STANDBY,30,,,queue-times.com
2026-08-10T12:15:48Z,2026-08-10,14,15,Disneyland Park,La Tanière du Dragon,2710,OPERATING,STANDBY,0,,,queue-times.com
2026-08-10T12:15:48Z,2026-08-10,14,15,Disneyland Park,Le Carrousel de Lancelot,16,OPERATING,STANDBY,15,,,queue-times.com
2026-08-10T12:15:48Z,2026-08-10,14,15,Disneyland Park,"Le Pays des Contes de Fées, presented by Vittel",21,OPERATING,STANDBY,5,,,queue-times.com
2026-08-10T12:15:48Z,2026-08-10,14,15,Disneyland Park,Les Voyages de Pinocchio,23,OPERATING,STANDBY,25,,,queue-times.com
2026-08-10T12:15:48Z,2026-08-10,14,15,Disneyland Park,Mad Hatter's Tea Cups,20,OPERATING,STANDBY,10,,,queue-times.com
2026-08-10T12:15:48Z,2026-08-10,14,15,Disneyland Park,Meet Mickey Mouse,13,OPERATING,STANDBY,0,,,queue-times.com
2026-08-10T12:15:48Z,2026-08-10,14,15,Disneyland Park,Peter Pan's Flight,22,OPERATING,STANDBY,60,,,queue-times.com
2026-08-10T12:15:48Z,2026-08-10,14,15,Disneyland Park,Princess Pavilion,24,OPERATING,STANDBY,0,,,queue-times.com
2026-08-10T12:15:48Z,2026-08-10,14,15,Disneyland Park,Big Thunder Mountain,25,CLOSED,STANDBY,0,,,queue-times.com
2026-08-10T12:15:48Z,2026-08-10,14,15,Disneyland Park,Disneyland Railroad Frontierland Depot,2714,OPERATING,STANDBY,20,,,queue-times.com
2026-08-10T12:15:48Z,2026-08-10,14,15,Disneyland Park,Frontierland Playground,2713,OPERATING,STANDBY,0,,,queue-times.com
2026-08-10T12:15:48Z,2026-08-10,14,15,Disneyland Park,Phantom Manor,26,OPERATING,STANDBY,20,,,queue-times.com
2026-08-10T12:15:48Z,2026-08-10,14,15,Disneyland Park,River Rogue Keelboats,27,CLOSED,STANDBY,0,,,queue-times.com
2026-08-10T12:15:48Z,2026-08-10,14,15,Disneyland Park,Rustler Roundup Shootin' Gallery,2712,OPERATING,STANDBY,0,,,queue-times.com
2026-08-10T12:15:48Z,2026-08-10,14,15,Disneyland Park,Thunder Mesa Riverboat Landing,28,OPERATING,STANDBY,20,,,queue-times.com
2026-08-10T12:15:48Z,2026-08-10,14,15,Disneyland Park,Disneyland Railroad Main Street Station,2708,CLOSED,STANDBY,0,,,queue-times.com
2026-08-10T12:15:48Z,2026-08-10,14,15,Disneyland Park,Main Street Vehicles,12,CLOSED,STANDBY,0,,,queue-times.com
2026-08-10T12:15:48Z,2026-08-10,14,15,Disney Adventure World,Avengers Assemble: Flight Force,10848,OPERATING,STANDBY,40,,,queue-times.com
2026-08-10T12:15:48Z,2026-08-10,14,15,Disney Adventure World,Avengers Assemble: Flight Force Single Rider,10849,OPERATING,STANDBY,30,,,queue-times.com
2026-08-10T12:15:48Z,2026-08-10,14,15,Disney Adventure World,Spider-Man W.E.B. Adventure,10845,CLOSED,STANDBY,0,,,queue-times.com
2026-08-10T12:15:48Z,2026-08-10,14,15,Disney Adventure World,Spider-Man W.E.B. Adventure Single Rider,10846,CLOSED,STANDBY,0,,,queue-times.com
2026-08-10T12:15:48Z,2026-08-10,14,15,Disney Adventure World,The Twilight Zone Tower of Terror,40,OPERATING,STANDBY,30,,,queue-times.com
2026-08-10T12:15:48Z,2026-08-10,14,15,Disney Adventure World,Cars Quatre Roues Rallye,31,OPERATING,STANDBY,15,,,queue-times.com
2026-08-10T12:15:48Z,2026-08-10,14,15,Disney Adventure World,Cars ROAD TRIP,29,OPERATING,STANDBY,15,,,queue-times.com
2026-08-10T12:15:48Z,2026-08-10,14,15,Disney Adventure World,Crush's Coaster,32,OPERATING,STANDBY,80,,,queue-times.com
2026-08-10T12:15:48Z,2026-08-10,14,15,Disney Adventure World,Crush's Coaster Single Rider,7277,OPERATING,STANDBY,60,,,queue-times.com
2026-08-10T12:15:48Z,2026-08-10,14,15,Disney Adventure World,Les Tapis Volants - Flying Carpets Over Agrabah®,33,OPERATING,STANDBY,20,,,queue-times.com
2026-08-10T12:15:48Z,2026-08-10,14,15,Disney Adventure World,Ratatouille : L’Aventure Totalement Toquée de Rémy​,37,OPERATING,STANDBY,50,,,queue-times.com
2026-08-10T12:15:48Z,2026-08-10,14,15,Disney Adventure World,Ratatouille: The Adventure Single Rider,7279,OPERATING,STANDBY,20,,,queue-times.com
2026-08-10T12:15:48Z,2026-08-10,14,15,Disney Adventure World,RC Racer,34,OPERATING,STANDBY,40,,,queue-times.com
2026-08-10T12:15:48Z,2026-08-10,14,15,Disney Adventure World,RC Racer Single Rider,7280,OPERATING,STANDBY,35,,,queue-times.com
2026-08-10T12:15:48Z,2026-08-10,14,15,Disney Adventure World,Slinky® Dog Zigzag Spin,36,OPERATING,STANDBY,15,,,queue-times.com
2026-08-10T12:15:48Z,2026-08-10,14,15,Disney Adventure World,Toy Soldiers Parachute Drop,35,OPERATING,STANDBY,50,,,queue-times.com
2026-08-10T12:15:48Z,2026-08-10,14,15,Disney Adventure World,Toy Soldiers Parachute Drop Single Rider,7281,OPERATING,STANDBY,25,,,queue-times.com
2026-08-10T12:15:48Z,2026-08-10,14,15,Disney Adventure World,Entry to World of Frozen,16247,OPERATING,STANDBY,0,,,queue-times.com
2026-08-10T12:15:48Z,2026-08-10,14,15,Disney Adventure World,Frozen Ever After,15413,OPERATING,STANDBY,55,,,queue-times.com
2026-08-10T12:15:48Z,2026-08-10,14,15,Disney Adventure World,Raiponce Tangled Spin,15415,OPERATING,STANDBY,5,,,queue-times.com
