timestamp_utc,fecha,hora,minuto,parque,atraccion,atraccion_id,estado,tipo_cola,espera_min,hora_retorno,precio,fuente
2026-08-08T22:01:24Z,2026-08-09,0,1,Disneyland Park,Adventure Isle,2702,CLOSED,STANDBY,0,,,queue-times.com
2026-08-08T22:01:24Z,2026-08-09,0,1,Disneyland Park,Indiana Jones and the Temple of Peril Single Rider,7306,CLOSED,STANDBY,0,,,queue-times.com
2026-08-08T22:01:24Z,2026-08-09,0,1,Disneyland Park,Indiana Jones™ and the Temple of Peril,2,CLOSED,STANDBY,0,,,queue-times.com
2026-08-08T22:01:24Z,2026-08-09,0,1,Disneyland Park,La Cabane des Robinson,1,CLOSED,STANDBY,0,,,queue-times.com
2026-08-08T22:01:24Z,2026-08-09,0,1,Disneyland Park,Le Passage Enchanté d'Aladdin,2703,CLOSED,STANDBY,0,,,queue-times.com
2026-08-08T22:01:24Z,2026-08-09,0,1,Disneyland Park,Pirate Galleon,2705,CLOSED,STANDBY,0,,,queue-times.com
2026-08-08T22:01:24Z,2026-08-09,0,1,Disneyland Park,Pirates of the Caribbean,3,CLOSED,STANDBY,0,,,queue-times.com
2026-08-08T22:01:24Z,2026-08-09,0,1,Disneyland Park,Pirates' Beach,2704,CLOSED,STANDBY,0,,,queue-times.com
2026-08-08T22:01:24Z,2026-08-09,0,1,Disneyland Park,"Autopia, presented by Avis",4,CLOSED,STANDBY,0,,,queue-times.com
2026-08-08T22:01:24Z,2026-08-09,0,1,Disneyland Park,Buzz Lightyear Laser Blast,5,CLOSED,STANDBY,0,,,queue-times.com
2026-08-08T22:01:24Z,2026-08-09,0,1,Disneyland Park,Disneyland Railroad Discoveryland Station,2706,CLOSED,STANDBY,0,,,queue-times.com
2026-08-08T22:01:24Z,2026-08-09,0,1,Disneyland Park,Les Mystères du Nautilus,6,CLOSED,STANDBY,0,,,queue-times.com
2026-08-08T22:01:24Z,2026-08-09,0,1,Disneyland Park,Mickey’s PhilharMagic,2707,CLOSED,STANDBY,0,,,queue-times.com
2026-08-08T22:01:24Z,2026-08-09,0,1,Disneyland Park,Orbitron®,7,CLOSED,STANDBY,0,,,queue-times.com
2026-08-08T22:01:24Z,2026-08-09,0,1,Disneyland Park,Star Tours: The Adventures Continue*,9,CLOSED,STANDBY,0,,,queue-times.com
2026-08-08T22:01:24Z,2026-08-09,0,1,Disneyland Park,Star Wars Hyperspace Mountain,8,CLOSED,STANDBY,0,,,queue-times.com
2026-08-08T22:01:24Z,2026-08-09,0,1,Disneyland Park,Star Wars Hyperspace Mountain Single Rider,7278,CLOSED,STANDBY,0,,,queue-times.com
2026-08-08T22:01:24Z,2026-08-09,0,1,Disneyland Park,Welcome to Starport: A Star Wars Encounter,4573,CLOSED,STANDBY,0,,,queue-times.com
2026-08-08T22:01:24Z,2026-08-09,0,1,Disneyland Park,"""it's a small world""",19,CLOSED,STANDBY,0,,,queue-times.com
2026-08-08T22:01:24Z,2026-08-09,0,1,Disneyland Park,Alice's Curious Labyrinth,14,CLOSED,STANDBY,0,,,queue-times.com
2026-08-08T22:01:24Z,2026-08-09,0,1,Disneyland Park,Blanche-Neige et les Sept Nains®,15,CLOSED,STANDBY,0,,,queue-times.com
2026-08-08T22:01:24Z,2026-08-09,0,1,Disneyland Park,Casey Jr. – le Petit Train du Cirque,17,CLOSED,STANDBY,0,,,queue-times.com
2026-08-08T22:01:24Z,2026-08-09,0,1,Disneyland Park,Disneyland Railroad Fantasyland Station,2711,CLOSED,STANDBY,0,,,queue-times.com
2026-08-08T22:01:24Z,2026-08-09,0,1,Disneyland Park,Disneyland Railroad Main Street Station,11,CLOSED,STANDBY,0,,,queue-times.com
2026-08-08T22:01:24Z,2026-08-09,0,1,Disneyland Park,Dumbo the Flying Elephant,18,CLOSED,STANDBY,0,,,queue-times.com
2026-08-08T22:01:24Z,2026-08-09,0,1,Disneyland Park,La Tanière du Dragon,2710,CLOSED,STANDBY,0,,,queue-times.com
2026-08-08T22:01:24Z,2026-08-09,0,1,Disneyland Park,Le Carrousel de Lancelot,16,CLOSED,STANDBY,0,,,queue-times.com
2026-08-08T22:01:24Z,2026-08-09,0,1,Disneyland Park,"Le Pays des Contes de Fées, presented by Vittel",21,CLOSED,STANDBY,0,,,queue-times.com
2026-08-08T22:01:24Z,2026-08-09,0,1,Disneyland Park,Les Voyages de Pinocchio,23,CLOSED,STANDBY,0,,,queue-times.com
2026-08-08T22:01:24Z,2026-08-09,0,1,Disneyland Park,Mad Hatter's Tea Cups,20,CLOSED,STANDBY,0,,,queue-times.com
2026-08-08T22:01:24Z,2026-08-09,0,1,Disneyland Park,Meet Mickey Mouse,13,CLOSED,STANDBY,0,,,queue-times.com
2026-08-08T22:01:24Z,2026-08-09,0,1,Disneyland Park,Peter Pan's Flight,22,CLOSED,STANDBY,0,,,queue-times.com
2026-08-08T22:01:24Z,2026-08-09,0,1,Disneyland Park,Princess Pavilion,24,CLOSED,STANDBY,0,,,queue-times.com
2026-08-08T22:01:24Z,2026-08-09,0,1,Disneyland Park,Big Thunder Mountain,25,CLOSED,STANDBY,0,,,queue-times.com
2026-08-08T22:01:24Z,2026-08-09,0,1,Disneyland Park,Disneyland Railroad Frontierland Depot,2714,CLOSED,STANDBY,0,,,queue-times.com
2026-08-08T22:01:24Z,2026-08-09,0,1,Disneyland Park,Frontierland Playground,2713,CLOSED,STANDBY,0,,,queue-times.com
2026-08-08T22:01:24Z,2026-08-09,0,1,Disneyland Park,Phantom Manor,26,CLOSED,STANDBY,0,,,queue-times.com
2026-08-08T22:01:24Z,2026-08-09,0,1,Disneyland Park,River Rogue Keelboats,27,CLOSED,STANDBY,0,,,queue-times.com
2026-08-08T22:01:24Z,2026-08-09,0,1,Disneyland Park,Rustler Roundup Shootin' Gallery,2712,CLOSED,STANDBY,0,,,queue-times.com
2026-08-08T22:01:24Z,2026-08-09,0,1,Disneyland Park,Thunder Mesa Riverboat Landing,28,CLOSED,STANDBY,0,,,queue-times.com
2026-08-08T22:01:24Z,2026-08-09,0,1,Disneyland Park,Disneyland Railroad Main Street Station,2708,CLOSED,STANDBY,0,,,queue-times.com
2026-08-08T22:01:24Z,2026-08-09,0,1,Disneyland Park,Main Street Vehicles,12,CLOSED,STANDBY,0,,,queue-times.com
2026-08-08T22:01:24Z,2026-08-09,0,1,Disney Adventure World,Avengers Assemble: Flight Force,10848,CLOSED,STANDBY,0,,,queue-times.com
2026-08-08T22:01:24Z,2026-08-09,0,1,Disney Adventure World,Avengers Assemble: Flight Force Single Rider,10849,CLOSED,STANDBY,0,,,queue-times.com
2026-08-08T22:01:24Z,2026-08-09,0,1,Disney Adventure World,Spider-Man W.E.B. Adventure,10845,CLOSED,STANDBY,0,,,queue-times.com
2026-08-08T22:01:24Z,2026-08-09,0,1,Disney Adventure World,Spider-Man W.E.B. Adventure Single Rider,10846,CLOSED,STANDBY,0,,,queue-times.com
2026-08-08T22:01:24Z,2026-08-09,0,1,Disney Adventure World,The Twilight Zone Tower of Terror,40,CLOSED,STANDBY,0,,,queue-times.com
2026-08-08T22:01:24Z,2026-08-09,0,1,Disney Adventure World,Cars Quatre Roues Rallye,31,CLOSED,STANDBY,0,,,queue-times.com
2026-08-08T22:01:24Z,2026-08-09,0,1,Disney Adventure World,Cars ROAD TRIP,29,CLOSED,STANDBY,0,,,queue-times.com
2026-08-08T22:01:24Z,2026-08-09,0,1,Disney Adventure World,Crush's Coaster,32,CLOSED,STANDBY,0,,,queue-times.com
2026-08-08T22:01:24Z,2026-08-09,0,1,Disney Adventure World,Crush's Coaster Single Rider,7277,CLOSED,STANDBY,0,,,queue-times.com
2026-08-08T22:01:24Z,2026-08-09,0,1,Disney Adventure World,Les Tapis Volants - Flying Carpets Over Agrabah®,33,CLOSED,STANDBY,0,,,queue-times.com
2026-08-08T22:01:24Z,2026-08-09,0,1,Disney Adventure World,Ratatouille : L’Aventure Totalement Toquée de Rémy​,37,CLOSED,STANDBY,0,,,queue-times.com
2026-08-08T22:01:24Z,2026-08-09,0,1,Disney Adventure World,Ratatouille: The Adventure Single Rider,7279,CLOSED,STANDBY,0,,,queue-times.com
2026-08-08T22:01:24Z,2026-08-09,0,1,Disney Adventure World,RC Racer,34,CLOSED,STANDBY,0,,,queue-times.com
2026-08-08T22:01:24Z,2026-08-09,0,1,Disney Adventure World,RC Racer Single Rider,7280,CLOSED,STANDBY,0,,,queue-times.com
2026-08-08T22:01:24Z,2026-08-09,0,1,Disney Adventure World,Slinky® Dog Zigzag Spin,36,CLOSED,STANDBY,0,,,queue-times.com
2026-08-08T22:01:24Z,2026-08-09,0,1,Disney Adventure World,Toy Soldiers Parachute Drop,35,CLOSED,STANDBY,0,,,queue-times.com
2026-08-08T22:01:24Z,2026-08-09,0,1,Disney Adventure World,Toy Soldiers Parachute Drop Single Rider,7281,CLOSED,STANDBY,0,,,queue-times.com
2026-08-08T22:01:24Z,2026-08-09,0,1,Disney Adventure World,Entry to World of Frozen,16247,CLOSED,STANDBY,0,,,queue-times.com
2026-08-08T22:01:24Z,2026-08-09,0,1,Disney Adventure World,Frozen Ever After,15413,CLOSED,STANDBY,0,,,queue-times.com
2026-08-08T22:01:24Z,2026-08-09,0,1,Disney Adventure World,Raiponce Tangled Spin,15415,CLOSED,STANDBY,0,,,queue-times.com
2026-08-08T22:12:05Z,2026-08-09,0,12,Disneyland Park,Adventure Isle,2702,CLOSED,STANDBY,0,,,queue-times.com
2026-08-08T22:12:05Z,2026-08-09,0,12,Disneyland Park,Indiana Jones and the Temple of Peril Single Rider,7306,CLOSED,STANDBY,0,,,queue-times.com
2026-08-08T22:12:05Z,2026-08-09,0,12,Disneyland Park,Indiana Jones™ and the Temple of Peril,2,CLOSED,STANDBY,0,,,queue-times.com
2026-08-08T22:12:05Z,2026-08-09,0,12,Disneyland Park,La Cabane des Robinson,1,CLOSED,STANDBY,0,,,queue-times.com
2026-08-08T22:12:05Z,2026-08-09,0,12,Disneyland Park,Le Passage Enchanté d'Aladdin,2703,CLOSED,STANDBY,0,,,queue-times.com
2026-08-08T22:12:05Z,2026-08-09,0,12,Disneyland Park,Pirate Galleon,2705,CLOSED,STANDBY,0,,,queue-times.com
2026-08-08T22:12:05Z,2026-08-09,0,12,Disneyland Park,Pirates of the Caribbean,3,CLOSED,STANDBY,0,,,queue-times.com
2026-08-08T22:12:05Z,2026-08-09,0,12,Disneyland Park,Pirates' Beach,2704,CLOSED,STANDBY,0,,,queue-times.com
2026-08-08T22:12:05Z,2026-08-09,0,12,Disneyland Park,"Autopia, presented by Avis",4,CLOSED,STANDBY,0,,,queue-times.com
2026-08-08T22:12:05Z,2026-08-09,0,12,Disneyland Park,Buzz Lightyear Laser Blast,5,CLOSED,STANDBY,0,,,queue-times.com
2026-08-08T22:12:05Z,2026-08-09,0,12,Disneyland Park,Disneyland Railroad Discoveryland Station,2706,CLOSED,STANDBY,0,,,queue-times.com
2026-08-08T22:12:05Z,2026-08-09,0,12,Disneyland Park,Les Mystères du Nautilus,6,CLOSED,STANDBY,0,,,queue-times.com
2026-08-08T22:12:05Z,2026-08-09,0,12,Disneyland Park,Mickey’s PhilharMagic,2707,CLOSED,STANDBY,0,,,queue-times.com
2026-08-08T22:12:05Z,2026-08-09,0,12,Disneyland Park,Orbitron®,7,CLOSED,STANDBY,0,,,queue-times.com
2026-08-08T22:12:05Z,2026-08-09,0,12,Disneyland Park,Star Tours: The Adventures Continue*,9,CLOSED,STANDBY,0,,,queue-times.com
2026-08-08T22:12:05Z,2026-08-09,0,12,Disneyland Park,Star Wars Hyperspace Mountain,8,CLOSED,STANDBY,0,,,queue-times.com
2026-08-08T22:12:05Z,2026-08-09,0,12,Disneyland Park,Star Wars Hyperspace Mountain Single Rider,7278,CLOSED,STANDBY,0,,,queue-times.com
2026-08-08T22:12:05Z,2026-08-09,0,12,Disneyland Park,Welcome to Starport: A Star Wars Encounter,4573,CLOSED,STANDBY,0,,,queue-times.com
2026-08-08T22:12:05Z,2026-08-09,0,12,Disneyland Park,"""it's a small world""",19,CLOSED,STANDBY,0,,,queue-times.com
2026-08-08T22:12:05Z,2026-08-09,0,12,Disneyland Park,Alice's Curious Labyrinth,14,CLOSED,STANDBY,0,,,queue-times.com
2026-08-08T22:12:05Z,2026-08-09,0,12,Disneyland Park,Blanche-Neige et les Sept Nains®,15,CLOSED,STANDBY,0,,,queue-times.com
2026-08-08T22:12:05Z,2026-08-09,0,12,Disneyland Park,Casey Jr. – le Petit Train du Cirque,17,CLOSED,STANDBY,0,,,queue-times.com
2026-08-08T22:12:05Z,2026-08-09,0,12,Disneyland Park,Disneyland Railroad Fantasyland Station,2711,CLOSED,STANDBY,0,,,queue-times.com
2026-08-08T22:12:05Z,2026-08-09,0,12,Disneyland Park,Disneyland Railroad Main Street Station,11,CLOSED,STANDBY,0,,,queue-times.com
2026-08-08T22:12:05Z,2026-08-09,0,12,Disneyland Park,Dumbo the Flying Elephant,18,CLOSED,STANDBY,0,,,queue-times.com
2026-08-08T22:12:05Z,2026-08-09,0,12,Disneyland Park,La Tanière du Dragon,2710,CLOSED,STANDBY,0,,,queue-times.com
2026-08-08T22:12:05Z,2026-08-09,0,12,Disneyland Park,Le Carrousel de Lancelot,16,CLOSED,STANDBY,0,,,queue-times.com
2026-08-08T22:12:05Z,2026-08-09,0,12,Disneyland Park,"Le Pays des Contes de Fées, presented by Vittel",21,CLOSED,STANDBY,0,,,queue-times.com
2026-08-08T22:12:05Z,2026-08-09,0,12,Disneyland Park,Les Voyages de Pinocchio,23,CLOSED,STANDBY,0,,,queue-times.com
2026-08-08T22:12:05Z,2026-08-09,0,12,Disneyland Park,Mad Hatter's Tea Cups,20,CLOSED,STANDBY,0,,,queue-times.com
2026-08-08T22:12:05Z,2026-08-09,0,12,Disneyland Park,Meet Mickey Mouse,13,CLOSED,STANDBY,0,,,queue-times.com
2026-08-08T22:12:05Z,2026-08-09,0,12,Disneyland Park,Peter Pan's Flight,22,CLOSED,STANDBY,0,,,queue-times.com
2026-08-08T22:12:05Z,2026-08-09,0,12,Disneyland Park,Princess Pavilion,24,CLOSED,STANDBY,0,,,queue-times.com
2026-08-08T22:12:05Z,2026-08-09,0,12,Disneyland Park,Big Thunder Mountain,25,CLOSED,STANDBY,0,,,queue-times.com
2026-08-08T22:12:05Z,2026-08-09,0,12,Disneyland Park,Disneyland Railroad Frontierland Depot,2714,CLOSED,STANDBY,0,,,queue-times.com
2026-08-08T22:12:05Z,2026-08-09,0,12,Disneyland Park,Frontierland Playground,2713,CLOSED,STANDBY,0,,,queue-times.com
2026-08-08T22:12:05Z,2026-08-09,0,12,Disneyland Park,Phantom Manor,26,CLOSED,STANDBY,0,,,queue-times.com
2026-08-08T22:12:05Z,2026-08-09,0,12,Disneyland Park,River Rogue Keelboats,27,CLOSED,STANDBY,0,,,queue-times.com
2026-08-08T22:12:05Z,2026-08-09,0,12,Disneyland Park,Rustler Roundup Shootin' Gallery,2712,CLOSED,STANDBY,0,,,queue-times.com
2026-08-08T22:12:05Z,2026-08-09,0,12,Disneyland Park,Thunder Mesa Riverboat Landing,28,CLOSED,STANDBY,0,,,queue-times.com
2026-08-08T22:12:05Z,2026-08-09,0,12,Disneyland Park,Disneyland Railroad Main Street Station,2708,CLOSED,STANDBY,0,,,queue-times.com
2026-08-08T22:12:05Z,2026-08-09,0,12,Disneyland Park,Main Street Vehicles,12,CLOSED,STANDBY,0,,,queue-times.com
2026-08-08T22:12:05Z,2026-08-09,0,12,Disney Adventure World,Avengers Assemble: Flight Force,10848,CLOSED,STANDBY,0,,,queue-times.com
2026-08-08T22:12:05Z,2026-08-09,0,12,Disney Adventure World,Avengers Assemble: Flight Force Single Rider,10849,CLOSED,STANDBY,0,,,queue-times.com
2026-08-08T22:12:05Z,2026-08-09,0,12,Disney Adventure World,Spider-Man W.E.B. Adventure,10845,CLOSED,STANDBY,0,,,queue-times.com
2026-08-08T22:12:05Z,2026-08-09,0,12,Disney Adventure World,Spider-Man W.E.B. Adventure Single Rider,10846,CLOSED,STANDBY,0,,,queue-times.com
2026-08-08T22:12:05Z,2026-08-09,0,12,Disney Adventure World,The Twilight Zone Tower of Terror,40,CLOSED,STANDBY,0,,,queue-times.com
2026-08-08T22:12:05Z,2026-08-09,0,12,Disney Adventure World,Cars Quatre Roues Rallye,31,CLOSED,STANDBY,0,,,queue-times.com
2026-08-08T22:12:05Z,2026-08-09,0,12,Disney Adventure World,Cars ROAD TRIP,29,CLOSED,STANDBY,0,,,queue-times.com
2026-08-08T22:12:05Z,2026-08-09,0,12,Disney Adventure World,Crush's Coaster,32,CLOSED,STANDBY,0,,,queue-times.com
2026-08-08T22:12:05Z,2026-08-09,0,12,Disney Adventure World,Crush's Coaster Single Rider,7277,CLOSED,STANDBY,0,,,queue-times.com
2026-08-08T22:12:05Z,2026-08-09,0,12,Disney Adventure World,Les Tapis Volants - Flying Carpets Over Agrabah®,33,CLOSED,STANDBY,0,,,queue-times.com
2026-08-08T22:12:05Z,2026-08-09,0,12,Disney Adventure World,Ratatouille : L’Aventure Totalement Toquée de Rémy​,37,CLOSED,STANDBY,0,,,queue-times.com
2026-08-08T22:12:05Z,2026-08-09,0,12,Disney Adventure World,Ratatouille: The Adventure Single Rider,7279,CLOSED,STANDBY,0,,,queue-times.com
2026-08-08T22:12:05Z,2026-08-09,0,12,Disney Adventure World,RC Racer,34,CLOSED,STANDBY,0,,,queue-times.com
2026-08-08T22:12:05Z,2026-08-09,0,12,Disney Adventure World,RC Racer Single Rider,7280,CLOSED,STANDBY,0,,,queue-times.com
2026-08-08T22:12:05Z,2026-08-09,0,12,Disney Adventure World,Slinky® Dog Zigzag Spin,36,CLOSED,STANDBY,0,,,queue-times.com
2026-08-08T22:12:05Z,2026-08-09,0,12,Disney Adventure World,Toy Soldiers Parachute Drop,35,CLOSED,STANDBY,0,,,queue-times.com
2026-08-08T22:12:05Z,2026-08-09,0,12,Disney Adventure World,Toy Soldiers Parachute Drop Single Rider,7281,CLOSED,STANDBY,0,,,queue-times.com
2026-08-08T22:12:05Z,2026-08-09,0,12,Disney Adventure World,Entry to World of Frozen,16247,CLOSED,STANDBY,0,,,queue-times.com
2026-08-08T22:12:05Z,2026-08-09,0,12,Disney Adventure World,Frozen Ever After,15413,CLOSED,STANDBY,0,,,queue-times.com
2026-08-08T22:12:05Z,2026-08-09,0,12,Disney Adventure World,Raiponce Tangled Spin,15415,CLOSED,STANDBY,0,,,queue-times.com
2026-08-08T22:15:46Z,2026-08-09,0,15,Disneyland Park,Adventure Isle,2702,CLOSED,STANDBY,0,,,queue-times.com
2026-08-08T22:15:46Z,2026-08-09,0,15,Disneyland Park,Indiana Jones and the Temple of Peril Single Rider,7306,CLOSED,STANDBY,0,,,queue-times.com
2026-08-08T22:15:46Z,2026-08-09,0,15,Disneyland Park,Indiana Jones™ and the Temple of Peril,2,CLOSED,STANDBY,0,,,queue-times.com
2026-08-08T22:15:46Z,2026-08-09,0,15,Disneyland Park,La Cabane des Robinson,1,CLOSED,STANDBY,0,,,queue-times.com
2026-08-08T22:15:46Z,2026-08-09,0,15,Disneyland Park,Le Passage Enchanté d'Aladdin,2703,CLOSED,STANDBY,0,,,queue-times.com
2026-08-08T22:15:46Z,2026-08-09,0,15,Disneyland Park,Pirate Galleon,2705,CLOSED,STANDBY,0,,,queue-times.com
2026-08-08T22:15:46Z,2026-08-09,0,15,Disneyland Park,Pirates of the Caribbean,3,CLOSED,STANDBY,0,,,queue-times.com
2026-08-08T22:15:46Z,2026-08-09,0,15,Disneyland Park,Pirates' Beach,2704,CLOSED,STANDBY,0,,,queue-times.com
2026-08-08T22:15:46Z,2026-08-09,0,15,Disneyland Park,"Autopia, presented by Avis",4,CLOSED,STANDBY,0,,,queue-times.com
2026-08-08T22:15:46Z,2026-08-09,0,15,Disneyland Park,Buzz Lightyear Laser Blast,5,CLOSED,STANDBY,0,,,queue-times.com
2026-08-08T22:15:46Z,2026-08-09,0,15,Disneyland Park,Disneyland Railroad Discoveryland Station,2706,CLOSED,STANDBY,0,,,queue-times.com
2026-08-08T22:15:46Z,2026-08-09,0,15,Disneyland Park,Les Mystères du Nautilus,6,CLOSED,STANDBY,0,,,queue-times.com
2026-08-08T22:15:46Z,2026-08-09,0,15,Disneyland Park,Mickey’s PhilharMagic,2707,CLOSED,STANDBY,0,,,queue-times.com
2026-08-08T22:15:46Z,2026-08-09,0,15,Disneyland Park,Orbitron®,7,CLOSED,STANDBY,0,,,queue-times.com
2026-08-08T22:15:46Z,2026-08-09,0,15,Disneyland Park,Star Tours: The Adventures Continue*,9,CLOSED,STANDBY,0,,,queue-times.com
2026-08-08T22:15:46Z,2026-08-09,0,15,Disneyland Park,Star Wars Hyperspace Mountain,8,CLOSED,STANDBY,0,,,queue-times.com
2026-08-08T22:15:46Z,2026-08-09,0,15,Disneyland Park,Star Wars Hyperspace Mountain Single Rider,7278,CLOSED,STANDBY,0,,,queue-times.com
2026-08-08T22:15:46Z,2026-08-09,0,15,Disneyland Park,Welcome to Starport: A Star Wars Encounter,4573,CLOSED,STANDBY,0,,,queue-times.com
2026-08-08T22:15:46Z,2026-08-09,0,15,Disneyland Park,"""it's a small world""",19,CLOSED,STANDBY,0,,,queue-times.com
2026-08-08T22:15:46Z,2026-08-09,0,15,Disneyland Park,Alice's Curious Labyrinth,14,CLOSED,STANDBY,0,,,queue-times.com
2026-08-08T22:15:46Z,2026-08-09,0,15,Disneyland Park,Blanche-Neige et les Sept Nains®,15,CLOSED,STANDBY,0,,,queue-times.com
2026-08-08T22:15:46Z,2026-08-09,0,15,Disneyland Park,Casey Jr. – le Petit Train du Cirque,17,CLOSED,STANDBY,0,,,queue-times.com
2026-08-08T22:15:46Z,2026-08-09,0,15,Disneyland Park,Disneyland Railroad Fantasyland Station,2711,CLOSED,STANDBY,0,,,queue-times.com
2026-08-08T22:15:46Z,2026-08-09,0,15,Disneyland Park,Disneyland Railroad Main Street Station,11,CLOSED,STANDBY,0,,,queue-times.com
2026-08-08T22:15:46Z,2026-08-09,0,15,Disneyland Park,Dumbo the Flying Elephant,18,CLOSED,STANDBY,0,,,queue-times.com
2026-08-08T22:15:46Z,2026-08-09,0,15,Disneyland Park,La Tanière du Dragon,2710,CLOSED,STANDBY,0,,,queue-times.com
2026-08-08T22:15:46Z,2026-08-09,0,15,Disneyland Park,Le Carrousel de Lancelot,16,CLOSED,STANDBY,0,,,queue-times.com
2026-08-08T22:15:46Z,2026-08-09,0,15,Disneyland Park,"Le Pays des Contes de Fées, presented by Vittel",21,CLOSED,STANDBY,0,,,queue-times.com
2026-08-08T22:15:46Z,2026-08-09,0,15,Disneyland Park,Les Voyages de Pinocchio,23,CLOSED,STANDBY,0,,,queue-times.com
2026-08-08T22:15:46Z,2026-08-09,0,15,Disneyland Park,Mad Hatter's Tea Cups,20,CLOSED,STANDBY,0,,,queue-times.com
2026-08-08T22:15:46Z,2026-08-09,0,15,Disneyland Park,Meet Mickey Mouse,13,CLOSED,STANDBY,0,,,queue-times.com
2026-08-08T22:15:46Z,2026-08-09,0,15,Disneyland Park,Peter Pan's Flight,22,CLOSED,STANDBY,0,,,queue-times.com
2026-08-08T22:15:46Z,2026-08-09,0,15,Disneyland Park,Princess Pavilion,24,CLOSED,STANDBY,0,,,queue-times.com
2026-08-08T22:15:46Z,2026-08-09,0,15,Disneyland Park,Big Thunder Mountain,25,CLOSED,STANDBY,0,,,queue-times.com
2026-08-08T22:15:46Z,2026-08-09,0,15,Disneyland Park,Disneyland Railroad Frontierland Depot,2714,CLOSED,STANDBY,0,,,queue-times.com
2026-08-08T22:15:46Z,2026-08-09,0,15,Disneyland Park,Frontierland Playground,2713,CLOSED,STANDBY,0,,,queue-times.com
2026-08-08T22:15:46Z,2026-08-09,0,15,Disneyland Park,Phantom Manor,26,CLOSED,STANDBY,0,,,queue-times.com
2026-08-08T22:15:46Z,2026-08-09,0,15,Disneyland Park,River Rogue Keelboats,27,CLOSED,STANDBY,0,,,queue-times.com
2026-08-08T22:15:46Z,2026-08-09,0,15,Disneyland Park,Rustler Roundup Shootin' Gallery,2712,CLOSED,STANDBY,0,,,queue-times.com
2026-08-08T22:15:46Z,2026-08-09,0,15,Disneyland Park,Thunder Mesa Riverboat Landing,28,CLOSED,STANDBY,0,,,queue-times.com
2026-08-08T22:15:46Z,2026-08-09,0,15,Disneyland Park,Disneyland Railroad Main Street Station,2708,CLOSED,STANDBY,0,,,queue-times.com
2026-08-08T22:15:46Z,2026-08-09,0,15,Disneyland Park,Main Street Vehicles,12,CLOSED,STANDBY,0,,,queue-times.com
2026-08-08T22:15:46Z,2026-08-09,0,15,Disney Adventure World,Avengers Assemble: Flight Force,10848,CLOSED,STANDBY,0,,,queue-times.com
2026-08-08T22:15:46Z,2026-08-09,0,15,Disney Adventure World,Avengers Assemble: Flight Force Single Rider,10849,CLOSED,STANDBY,0,,,queue-times.com
2026-08-08T22:15:46Z,2026-08-09,0,15,Disney Adventure World,Spider-Man W.E.B. Adventure,10845,CLOSED,STANDBY,0,,,queue-times.com
2026-08-08T22:15:46Z,2026-08-09,0,15,Disney Adventure World,Spider-Man W.E.B. Adventure Single Rider,10846,CLOSED,STANDBY,0,,,queue-times.com
2026-08-08T22:15:46Z,2026-08-09,0,15,Disney Adventure World,The Twilight Zone Tower of Terror,40,CLOSED,STANDBY,0,,,queue-times.com
2026-08-08T22:15:46Z,2026-08-09,0,15,Disney Adventure World,Cars Quatre Roues Rallye,31,CLOSED,STANDBY,0,,,queue-times.com
2026-08-08T22:15:46Z,2026-08-09,0,15,Disney Adventure World,Cars ROAD TRIP,29,CLOSED,STANDBY,0,,,queue-times.com
2026-08-08T22:15:46Z,2026-08-09,0,15,Disney Adventure World,Crush's Coaster,32,CLOSED,STANDBY,0,,,queue-times.com
2026-08-08T22:15:46Z,2026-08-09,0,15,Disney Adventure World,Crush's Coaster Single Rider,7277,CLOSED,STANDBY,0,,,queue-times.com
2026-08-08T22:15:46Z,2026-08-09,0,15,Disney Adventure World,Les Tapis Volants - Flying Carpets Over Agrabah®,33,CLOSED,STANDBY,0,,,queue-times.com
2026-08-08T22:15:46Z,2026-08-09,0,15,Disney Adventure World,Ratatouille : L’Aventure Totalement Toquée de Rémy​,37,CLOSED,STANDBY,0,,,queue-times.com
2026-08-08T22:15:46Z,2026-08-09,0,15,Disney Adventure World,Ratatouille: The Adventure Single Rider,7279,CLOSED,STANDBY,0,,,queue-times.com
2026-08-08T22:15:46Z,2026-08-09,0,15,Disney Adventure World,RC Racer,34,CLOSED,STANDBY,0,,,queue-times.com
2026-08-08T22:15:46Z,2026-08-09,0,15,Disney Adventure World,RC Racer Single Rider,7280,CLOSED,STANDBY,0,,,queue-times.com
2026-08-08T22:15:46Z,2026-08-09,0,15,Disney Adventure World,Slinky® Dog Zigzag Spin,36,CLOSED,STANDBY,0,,,queue-times.com
2026-08-08T22:15:46Z,2026-08-09,0,15,Disney Adventure World,Toy Soldiers Parachute Drop,35,CLOSED,STANDBY,0,,,queue-times.com
2026-08-08T22:15:46Z,2026-08-09,0,15,Disney Adventure World,Toy Soldiers Parachute Drop Single Rider,7281,CLOSED,STANDBY,0,,,queue-times.com
2026-08-08T22:15:46Z,2026-08-09,0,15,Disney Adventure World,Entry to World of Frozen,16247,CLOSED,STANDBY,0,,,queue-times.com
2026-08-08T22:15:46Z,2026-08-09,0,15,Disney Adventure World,Frozen Ever After,15413,CLOSED,STANDBY,0,,,queue-times.com
2026-08-08T22:15:46Z,2026-08-09,0,15,Disney Adventure World,Raiponce Tangled Spin,15415,CLOSED,STANDBY,0,,,queue-times.com
2026-08-08T22:31:02Z,2026-08-09,0,31,Disneyland Park,Adventure Isle,2702,CLOSED,STANDBY,0,,,queue-times.com
2026-08-08T22:31:02Z,2026-08-09,0,31,Disneyland Park,Indiana Jones and the Temple of Peril Single Rider,7306,CLOSED,STANDBY,0,,,queue-times.com
2026-08-08T22:31:02Z,2026-08-09,0,31,Disneyland Park,Indiana Jones™ and the Temple of Peril,2,CLOSED,STANDBY,0,,,queue-times.com
2026-08-08T22:31:02Z,2026-08-09,0,31,Disneyland Park,La Cabane des Robinson,1,CLOSED,STANDBY,0,,,queue-times.com
2026-08-08T22:31:02Z,2026-08-09,0,31,Disneyland Park,Le Passage Enchanté d'Aladdin,2703,CLOSED,STANDBY,0,,,queue-times.com
2026-08-08T22:31:02Z,2026-08-09,0,31,Disneyland Park,Pirate Galleon,2705,CLOSED,STANDBY,0,,,queue-times.com
2026-08-08T22:31:02Z,2026-08-09,0,31,Disneyland Park,Pirates of the Caribbean,3,CLOSED,STANDBY,0,,,queue-times.com
2026-08-08T22:31:02Z,2026-08-09,0,31,Disneyland Park,Pirates' Beach,2704,CLOSED,STANDBY,0,,,queue-times.com
2026-08-08T22:31:02Z,2026-08-09,0,31,Disneyland Park,"Autopia, presented by Avis",4,CLOSED,STANDBY,0,,,queue-times.com
2026-08-08T22:31:02Z,2026-08-09,0,31,Disneyland Park,Buzz Lightyear Laser Blast,5,CLOSED,STANDBY,0,,,queue-times.com
2026-08-08T22:31:02Z,2026-08-09,0,31,Disneyland Park,Disneyland Railroad Discoveryland Station,2706,CLOSED,STANDBY,0,,,queue-times.com
2026-08-08T22:31:02Z,2026-08-09,0,31,Disneyland Park,Les Mystères du Nautilus,6,CLOSED,STANDBY,0,,,queue-times.com
2026-08-08T22:31:02Z,2026-08-09,0,31,Disneyland Park,Mickey’s PhilharMagic,2707,CLOSED,STANDBY,0,,,queue-times.com
2026-08-08T22:31:02Z,2026-08-09,0,31,Disneyland Park,Orbitron®,7,CLOSED,STANDBY,0,,,queue-times.com
2026-08-08T22:31:02Z,2026-08-09,0,31,Disneyland Park,Star Tours: The Adventures Continue*,9,CLOSED,STANDBY,0,,,queue-times.com
2026-08-08T22:31:02Z,2026-08-09,0,31,Disneyland Park,Star Wars Hyperspace Mountain,8,CLOSED,STANDBY,0,,,queue-times.com
2026-08-08T22:31:02Z,2026-08-09,0,31,Disneyland Park,Star Wars Hyperspace Mountain Single Rider,7278,CLOSED,STANDBY,0,,,queue-times.com
2026-08-08T22:31:02Z,2026-08-09,0,31,Disneyland Park,Welcome to Starport: A Star Wars Encounter,4573,CLOSED,STANDBY,0,,,queue-times.com
2026-08-08T22:31:02Z,2026-08-09,0,31,Disneyland Park,"""it's a small world""",19,CLOSED,STANDBY,0,,,queue-times.com
2026-08-08T22:31:02Z,2026-08-09,0,31,Disneyland Park,Alice's Curious Labyrinth,14,CLOSED,STANDBY,0,,,queue-times.com
2026-08-08T22:31:02Z,2026-08-09,0,31,Disneyland Park,Blanche-Neige et les Sept Nains®,15,CLOSED,STANDBY,0,,,queue-times.com
2026-08-08T22:31:02Z,2026-08-09,0,31,Disneyland Park,Casey Jr. – le Petit Train du Cirque,17,CLOSED,STANDBY,0,,,queue-times.com
2026-08-08T22:31:02Z,2026-08-09,0,31,Disneyland Park,Disneyland Railroad Fantasyland Station,2711,CLOSED,STANDBY,0,,,queue-times.com
2026-08-08T22:31:02Z,2026-08-09,0,31,Disneyland Park,Disneyland Railroad Main Street Station,11,CLOSED,STANDBY,0,,,queue-times.com
2026-08-08T22:31:02Z,2026-08-09,0,31,Disneyland Park,Dumbo the Flying Elephant,18,CLOSED,STANDBY,0,,,queue-times.com
2026-08-08T22:31:02Z,2026-08-09,0,31,Disneyland Park,La Tanière du Dragon,2710,CLOSED,STANDBY,0,,,queue-times.com
2026-08-08T22:31:02Z,2026-08-09,0,31,Disneyland Park,Le Carrousel de Lancelot,16,CLOSED,STANDBY,0,,,queue-times.com
2026-08-08T22:31:02Z,2026-08-09,0,31,Disneyland Park,"Le Pays des Contes de Fées, presented by Vittel",21,CLOSED,STANDBY,0,,,queue-times.com
2026-08-08T22:31:02Z,2026-08-09,0,31,Disneyland Park,Les Voyages de Pinocchio,23,CLOSED,STANDBY,0,,,queue-times.com
2026-08-08T22:31:02Z,2026-08-09,0,31,Disneyland Park,Mad Hatter's Tea Cups,20,CLOSED,STANDBY,0,,,queue-times.com
2026-08-08T22:31:02Z,2026-08-09,0,31,Disneyland Park,Meet Mickey Mouse,13,CLOSED,STANDBY,0,,,queue-times.com
2026-08-08T22:31:02Z,2026-08-09,0,31,Disneyland Park,Peter Pan's Flight,22,CLOSED,STANDBY,0,,,queue-times.com
2026-08-08T22:31:02Z,2026-08-09,0,31,Disneyland Park,Princess Pavilion,24,CLOSED,STANDBY,0,,,queue-times.com
2026-08-08T22:31:02Z,2026-08-09,0,31,Disneyland Park,Big Thunder Mountain,25,CLOSED,STANDBY,0,,,queue-times.com
2026-08-08T22:31:02Z,2026-08-09,0,31,Disneyland Park,Disneyland Railroad Frontierland Depot,2714,CLOSED,STANDBY,0,,,queue-times.com
2026-08-08T22:31:02Z,2026-08-09,0,31,Disneyland Park,Frontierland Playground,2713,CLOSED,STANDBY,0,,,queue-times.com
2026-08-08T22:31:02Z,2026-08-09,0,31,Disneyland Park,Phantom Manor,26,CLOSED,STANDBY,0,,,queue-times.com
2026-08-08T22:31:02Z,2026-08-09,0,31,Disneyland Park,River Rogue Keelboats,27,CLOSED,STANDBY,0,,,queue-times.com
2026-08-08T22:31:02Z,2026-08-09,0,31,Disneyland Park,Rustler Roundup Shootin' Gallery,2712,CLOSED,STANDBY,0,,,queue-times.com
2026-08-08T22:31:02Z,2026-08-09,0,31,Disneyland Park,Thunder Mesa Riverboat Landing,28,CLOSED,STANDBY,0,,,queue-times.com
2026-08-08T22:31:02Z,2026-08-09,0,31,Disneyland Park,Disneyland Railroad Main Street Station,2708,CLOSED,STANDBY,0,,,queue-times.com
2026-08-08T22:31:02Z,2026-08-09,0,31,Disneyland Park,Main Street Vehicles,12,CLOSED,STANDBY,0,,,queue-times.com
2026-08-08T22:31:02Z,2026-08-09,0,31,Disney Adventure World,Avengers Assemble: Flight Force,10848,CLOSED,STANDBY,0,,,queue-times.com
2026-08-08T22:31:02Z,2026-08-09,0,31,Disney Adventure World,Avengers Assemble: Flight Force Single Rider,10849,CLOSED,STANDBY,0,,,queue-times.com
2026-08-08T22:31:02Z,2026-08-09,0,31,Disney Adventure World,Spider-Man W.E.B. Adventure,10845,CLOSED,STANDBY,0,,,queue-times.com
2026-08-08T22:31:02Z,2026-08-09,0,31,Disney Adventure World,Spider-Man W.E.B. Adventure Single Rider,10846,CLOSED,STANDBY,0,,,queue-times.com
2026-08-08T22:31:02Z,2026-08-09,0,31,Disney Adventure World,The Twilight Zone Tower of Terror,40,CLOSED,STANDBY,0,,,queue-times.com
2026-08-08T22:31:02Z,2026-08-09,0,31,Disney Adventure World,Cars Quatre Roues Rallye,31,CLOSED,STANDBY,0,,,queue-times.com
2026-08-08T22:31:02Z,2026-08-09,0,31,Disney Adventure World,Cars ROAD TRIP,29,CLOSED,STANDBY,0,,,queue-times.com
2026-08-08T22:31:02Z,2026-08-09,0,31,Disney Adventure World,Crush's Coaster,32,CLOSED,STANDBY,0,,,queue-times.com
2026-08-08T22:31:02Z,2026-08-09,0,31,Disney Adventure World,Crush's Coaster Single Rider,7277,CLOSED,STANDBY,0,,,queue-times.com
2026-08-08T22:31:02Z,2026-08-09,0,31,Disney Adventure World,Les Tapis Volants - Flying Carpets Over Agrabah®,33,CLOSED,STANDBY,0,,,queue-times.com
2026-08-08T22:31:02Z,2026-08-09,0,31,Disney Adventure World,Ratatouille : L’Aventure Totalement Toquée de Rémy​,37,CLOSED,STANDBY,0,,,queue-times.com
2026-08-08T22:31:02Z,2026-08-09,0,31,Disney Adventure World,Ratatouille: The Adventure Single Rider,7279,CLOSED,STANDBY,0,,,queue-times.com
2026-08-08T22:31:02Z,2026-08-09,0,31,Disney Adventure World,RC Racer,34,CLOSED,STANDBY,0,,,queue-times.com
2026-08-08T22:31:02Z,2026-08-09,0,31,Disney Adventure World,RC Racer Single Rider,7280,CLOSED,STANDBY,0,,,queue-times.com
2026-08-08T22:31:02Z,2026-08-09,0,31,Disney Adventure World,Slinky® Dog Zigzag Spin,36,CLOSED,STANDBY,0,,,queue-times.com
2026-08-08T22:31:02Z,2026-08-09,0,31,Disney Adventure World,Toy Soldiers Parachute Drop,35,CLOSED,STANDBY,0,,,queue-times.com
2026-08-08T22:31:02Z,2026-08-09,0,31,Disney Adventure World,Toy Soldiers Parachute Drop Single Rider,7281,CLOSED,STANDBY,0,,,queue-times.com
2026-08-08T22:31:02Z,2026-08-09,0,31,Disney Adventure World,Entry to World of Frozen,16247,CLOSED,STANDBY,0,,,queue-times.com
2026-08-08T22:31:02Z,2026-08-09,0,31,Disney Adventure World,Frozen Ever After,15413,CLOSED,STANDBY,0,,,queue-times.com
2026-08-08T22:31:02Z,2026-08-09,0,31,Disney Adventure World,Raiponce Tangled Spin,15415,CLOSED,STANDBY,0,,,queue-times.com
2026-08-08T22:45:44Z,2026-08-09,0,45,Disneyland Park,Adventure Isle,2702,CLOSED,STANDBY,0,,,queue-times.com
2026-08-08T22:45:44Z,2026-08-09,0,45,Disneyland Park,Indiana Jones and the Temple of Peril Single Rider,7306,CLOSED,STANDBY,0,,,queue-times.com
2026-08-08T22:45:44Z,2026-08-09,0,45,Disneyland Park,Indiana Jones™ and the Temple of Peril,2,CLOSED,STANDBY,0,,,queue-times.com
2026-08-08T22:45:44Z,2026-08-09,0,45,Disneyland Park,La Cabane des Robinson,1,CLOSED,STANDBY,0,,,queue-times.com
2026-08-08T22:45:44Z,2026-08-09,0,45,Disneyland Park,Le Passage Enchanté d'Aladdin,2703,CLOSED,STANDBY,0,,,queue-times.com
2026-08-08T22:45:44Z,2026-08-09,0,45,Disneyland Park,Pirate Galleon,2705,CLOSED,STANDBY,0,,,queue-times.com
2026-08-08T22:45:44Z,2026-08-09,0,45,Disneyland Park,Pirates of the Caribbean,3,CLOSED,STANDBY,0,,,queue-times.com
2026-08-08T22:45:44Z,2026-08-09,0,45,Disneyland Park,Pirates' Beach,2704,CLOSED,STANDBY,0,,,queue-times.com
2026-08-08T22:45:44Z,2026-08-09,0,45,Disneyland Park,"Autopia, presented by Avis",4,CLOSED,STANDBY,0,,,queue-times.com
2026-08-08T22:45:44Z,2026-08-09,0,45,Disneyland Park,Buzz Lightyear Laser Blast,5,CLOSED,STANDBY,0,,,queue-times.com
2026-08-08T22:45:44Z,2026-08-09,0,45,Disneyland Park,Disneyland Railroad Discoveryland Station,2706,CLOSED,STANDBY,0,,,queue-times.com
2026-08-08T22:45:44Z,2026-08-09,0,45,Disneyland Park,Les Mystères du Nautilus,6,CLOSED,STANDBY,0,,,queue-times.com
2026-08-08T22:45:44Z,2026-08-09,0,45,Disneyland Park,Mickey’s PhilharMagic,2707,CLOSED,STANDBY,0,,,queue-times.com
2026-08-08T22:45:44Z,2026-08-09,0,45,Disneyland Park,Orbitron®,7,CLOSED,STANDBY,0,,,queue-times.com
2026-08-08T22:45:44Z,2026-08-09,0,45,Disneyland Park,Star Tours: The Adventures Continue*,9,CLOSED,STANDBY,0,,,queue-times.com
2026-08-08T22:45:44Z,2026-08-09,0,45,Disneyland Park,Star Wars Hyperspace Mountain,8,CLOSED,STANDBY,0,,,queue-times.com
2026-08-08T22:45:44Z,2026-08-09,0,45,Disneyland Park,Star Wars Hyperspace Mountain Single Rider,7278,CLOSED,STANDBY,0,,,queue-times.com
2026-08-08T22:45:44Z,2026-08-09,0,45,Disneyland Park,Welcome to Starport: A Star Wars Encounter,4573,CLOSED,STANDBY,0,,,queue-times.com
2026-08-08T22:45:44Z,2026-08-09,0,45,Disneyland Park,"""it's a small world""",19,CLOSED,STANDBY,0,,,queue-times.com
2026-08-08T22:45:44Z,2026-08-09,0,45,Disneyland Park,Alice's Curious Labyrinth,14,CLOSED,STANDBY,0,,,queue-times.com
2026-08-08T22:45:44Z,2026-08-09,0,45,Disneyland Park,Blanche-Neige et les Sept Nains®,15,CLOSED,STANDBY,0,,,queue-times.com
2026-08-08T22:45:44Z,2026-08-09,0,45,Disneyland Park,Casey Jr. – le Petit Train du Cirque,17,CLOSED,STANDBY,0,,,queue-times.com
2026-08-08T22:45:44Z,2026-08-09,0,45,Disneyland Park,Disneyland Railroad Fantasyland Station,2711,CLOSED,STANDBY,0,,,queue-times.com
2026-08-08T22:45:44Z,2026-08-09,0,45,Disneyland Park,Disneyland Railroad Main Street Station,11,CLOSED,STANDBY,0,,,queue-times.com
2026-08-08T22:45:44Z,2026-08-09,0,45,Disneyland Park,Dumbo the Flying Elephant,18,CLOSED,STANDBY,0,,,queue-times.com
2026-08-08T22:45:44Z,2026-08-09,0,45,Disneyland Park,La Tanière du Dragon,2710,CLOSED,STANDBY,0,,,queue-times.com
2026-08-08T22:45:44Z,2026-08-09,0,45,Disneyland Park,Le Carrousel de Lancelot,16,CLOSED,STANDBY,0,,,queue-times.com
2026-08-08T22:45:44Z,2026-08-09,0,45,Disneyland Park,"Le Pays des Contes de Fées, presented by Vittel",21,CLOSED,STANDBY,0,,,queue-times.com
2026-08-08T22:45:44Z,2026-08-09,0,45,Disneyland Park,Les Voyages de Pinocchio,23,CLOSED,STANDBY,0,,,queue-times.com
2026-08-08T22:45:44Z,2026-08-09,0,45,Disneyland Park,Mad Hatter's Tea Cups,20,CLOSED,STANDBY,0,,,queue-times.com
2026-08-08T22:45:44Z,2026-08-09,0,45,Disneyland Park,Meet Mickey Mouse,13,CLOSED,STANDBY,0,,,queue-times.com
2026-08-08T22:45:44Z,2026-08-09,0,45,Disneyland Park,Peter Pan's Flight,22,CLOSED,STANDBY,0,,,queue-times.com
2026-08-08T22:45:44Z,2026-08-09,0,45,Disneyland Park,Princess Pavilion,24,CLOSED,STANDBY,0,,,queue-times.com
2026-08-08T22:45:44Z,2026-08-09,0,45,Disneyland Park,Big Thunder Mountain,25,CLOSED,STANDBY,0,,,queue-times.com
2026-08-08T22:45:44Z,2026-08-09,0,45,Disneyland Park,Disneyland Railroad Frontierland Depot,2714,CLOSED,STANDBY,0,,,queue-times.com
2026-08-08T22:45:44Z,2026-08-09,0,45,Disneyland Park,Frontierland Playground,2713,CLOSED,STANDBY,0,,,queue-times.com
2026-08-08T22:45:44Z,2026-08-09,0,45,Disneyland Park,Phantom Manor,26,CLOSED,STANDBY,0,,,queue-times.com
2026-08-08T22:45:44Z,2026-08-09,0,45,Disneyland Park,River Rogue Keelboats,27,CLOSED,STANDBY,0,,,queue-times.com
2026-08-08T22:45:44Z,2026-08-09,0,45,Disneyland Park,Rustler Roundup Shootin' Gallery,2712,CLOSED,STANDBY,0,,,queue-times.com
2026-08-08T22:45:44Z,2026-08-09,0,45,Disneyland Park,Thunder Mesa Riverboat Landing,28,CLOSED,STANDBY,0,,,queue-times.com
2026-08-08T22:45:44Z,2026-08-09,0,45,Disneyland Park,Disneyland Railroad Main Street Station,2708,CLOSED,STANDBY,0,,,queue-times.com
2026-08-08T22:45:44Z,2026-08-09,0,45,Disneyland Park,Main Street Vehicles,12,CLOSED,STANDBY,0,,,queue-times.com
2026-08-08T22:45:44Z,2026-08-09,0,45,Disney Adventure World,Avengers Assemble: Flight Force,10848,CLOSED,STANDBY,0,,,queue-times.com
2026-08-08T22:45:44Z,2026-08-09,0,45,Disney Adventure World,Avengers Assemble: Flight Force Single Rider,10849,CLOSED,STANDBY,0,,,queue-times.com
2026-08-08T22:45:44Z,2026-08-09,0,45,Disney Adventure World,Spider-Man W.E.B. Adventure,10845,CLOSED,STANDBY,0,,,queue-times.com
2026-08-08T22:45:44Z,2026-08-09,0,45,Disney Adventure World,Spider-Man W.E.B. Adventure Single Rider,10846,CLOSED,STANDBY,0,,,queue-times.com
2026-08-08T22:45:44Z,2026-08-09,0,45,Disney Adventure World,The Twilight Zone Tower of Terror,40,CLOSED,STANDBY,0,,,queue-times.com
2026-08-08T22:45:44Z,2026-08-09,0,45,Disney Adventure World,Cars Quatre Roues Rallye,31,CLOSED,STANDBY,0,,,queue-times.com
2026-08-08T22:45:44Z,2026-08-09,0,45,Disney Adventure World,Cars ROAD TRIP,29,CLOSED,STANDBY,0,,,queue-times.com
2026-08-08T22:45:44Z,2026-08-09,0,45,Disney Adventure World,Crush's Coaster,32,CLOSED,STANDBY,0,,,queue-times.com
2026-08-08T22:45:44Z,2026-08-09,0,45,Disney Adventure World,Crush's Coaster Single Rider,7277,CLOSED,STANDBY,0,,,queue-times.com
2026-08-08T22:45:44Z,2026-08-09,0,45,Disney Adventure World,Les Tapis Volants - Flying Carpets Over Agrabah®,33,CLOSED,STANDBY,0,,,queue-times.com
2026-08-08T22:45:44Z,2026-08-09,0,45,Disney Adventure World,Ratatouille : L’Aventure Totalement Toquée de Rémy​,37,CLOSED,STANDBY,0,,,queue-times.com
2026-08-08T22:45:44Z,2026-08-09,0,45,Disney Adventure World,Ratatouille: The Adventure Single Rider,7279,CLOSED,STANDBY,0,,,queue-times.com
2026-08-08T22:45:44Z,2026-08-09,0,45,Disney Adventure World,RC Racer,34,CLOSED,STANDBY,0,,,queue-times.com
2026-08-08T22:45:44Z,2026-08-09,0,45,Disney Adventure World,RC Racer Single Rider,7280,CLOSED,STANDBY,0,,,queue-times.com
2026-08-08T22:45:44Z,2026-08-09,0,45,Disney Adventure World,Slinky® Dog Zigzag Spin,36,CLOSED,STANDBY,0,,,queue-times.com
2026-08-08T22:45:44Z,2026-08-09,0,45,Disney Adventure World,Toy Soldiers Parachute Drop,35,CLOSED,STANDBY,0,,,queue-times.com
2026-08-08T22:45:44Z,2026-08-09,0,45,Disney Adventure World,Toy Soldiers Parachute Drop Single Rider,7281,CLOSED,STANDBY,0,,,queue-times.com
2026-08-08T22:45:44Z,2026-08-09,0,45,Disney Adventure World,Entry to World of Frozen,16247,CLOSED,STANDBY,0,,,queue-times.com
2026-08-08T22:45:44Z,2026-08-09,0,45,Disney Adventure World,Frozen Ever After,15413,CLOSED,STANDBY,0,,,queue-times.com
2026-08-08T22:45:44Z,2026-08-09,0,45,Disney Adventure World,Raiponce Tangled Spin,15415,CLOSED,STANDBY,0,,,queue-times.com
2026-08-08T22:51:09Z,2026-08-09,0,51,Disneyland Park,Adventure Isle,2702,CLOSED,STANDBY,0,,,queue-times.com
2026-08-08T22:51:09Z,2026-08-09,0,51,Disneyland Park,Indiana Jones and the Temple of Peril Single Rider,7306,CLOSED,STANDBY,0,,,queue-times.com
2026-08-08T22:51:09Z,2026-08-09,0,51,Disneyland Park,Indiana Jones™ and the Temple of Peril,2,CLOSED,STANDBY,0,,,queue-times.com
2026-08-08T22:51:09Z,2026-08-09,0,51,Disneyland Park,La Cabane des Robinson,1,CLOSED,STANDBY,0,,,queue-times.com
2026-08-08T22:51:09Z,2026-08-09,0,51,Disneyland Park,Le Passage Enchanté d'Aladdin,2703,CLOSED,STANDBY,0,,,queue-times.com
2026-08-08T22:51:09Z,2026-08-09,0,51,Disneyland Park,Pirate Galleon,2705,CLOSED,STANDBY,0,,,queue-times.com
2026-08-08T22:51:09Z,2026-08-09,0,51,Disneyland Park,Pirates of the Caribbean,3,CLOSED,STANDBY,0,,,queue-times.com
2026-08-08T22:51:09Z,2026-08-09,0,51,Disneyland Park,Pirates' Beach,2704,CLOSED,STANDBY,0,,,queue-times.com
2026-08-08T22:51:09Z,2026-08-09,0,51,Disneyland Park,"Autopia, presented by Avis",4,CLOSED,STANDBY,0,,,queue-times.com
2026-08-08T22:51:09Z,2026-08-09,0,51,Disneyland Park,Buzz Lightyear Laser Blast,5,CLOSED,STANDBY,0,,,queue-times.com
2026-08-08T22:51:09Z,2026-08-09,0,51,Disneyland Park,Disneyland Railroad Discoveryland Station,2706,CLOSED,STANDBY,0,,,queue-times.com
2026-08-08T22:51:09Z,2026-08-09,0,51,Disneyland Park,Les Mystères du Nautilus,6,CLOSED,STANDBY,0,,,queue-times.com
2026-08-08T22:51:09Z,2026-08-09,0,51,Disneyland Park,Mickey’s PhilharMagic,2707,CLOSED,STANDBY,0,,,queue-times.com
2026-08-08T22:51:09Z,2026-08-09,0,51,Disneyland Park,Orbitron®,7,CLOSED,STANDBY,0,,,queue-times.com
2026-08-08T22:51:09Z,2026-08-09,0,51,Disneyland Park,Star Tours: The Adventures Continue*,9,CLOSED,STANDBY,0,,,queue-times.com
2026-08-08T22:51:09Z,2026-08-09,0,51,Disneyland Park,Star Wars Hyperspace Mountain,8,CLOSED,STANDBY,0,,,queue-times.com
2026-08-08T22:51:09Z,2026-08-09,0,51,Disneyland Park,Star Wars Hyperspace Mountain Single Rider,7278,CLOSED,STANDBY,0,,,queue-times.com
2026-08-08T22:51:09Z,2026-08-09,0,51,Disneyland Park,Welcome to Starport: A Star Wars Encounter,4573,CLOSED,STANDBY,0,,,queue-times.com
2026-08-08T22:51:09Z,2026-08-09,0,51,Disneyland Park,"""it's a small world""",19,CLOSED,STANDBY,0,,,queue-times.com
2026-08-08T22:51:09Z,2026-08-09,0,51,Disneyland Park,Alice's Curious Labyrinth,14,CLOSED,STANDBY,0,,,queue-times.com
2026-08-08T22:51:09Z,2026-08-09,0,51,Disneyland Park,Blanche-Neige et les Sept Nains®,15,CLOSED,STANDBY,0,,,queue-times.com
2026-08-08T22:51:09Z,2026-08-09,0,51,Disneyland Park,Casey Jr. – le Petit Train du Cirque,17,CLOSED,STANDBY,0,,,queue-times.com
2026-08-08T22:51:09Z,2026-08-09,0,51,Disneyland Park,Disneyland Railroad Fantasyland Station,2711,CLOSED,STANDBY,0,,,queue-times.com
2026-08-08T22:51:09Z,2026-08-09,0,51,Disneyland Park,Disneyland Railroad Main Street Station,11,CLOSED,STANDBY,0,,,queue-times.com
2026-08-08T22:51:09Z,2026-08-09,0,51,Disneyland Park,Dumbo the Flying Elephant,18,CLOSED,STANDBY,0,,,queue-times.com
2026-08-08T22:51:09Z,2026-08-09,0,51,Disneyland Park,La Tanière du Dragon,2710,CLOSED,STANDBY,0,,,queue-times.com
2026-08-08T22:51:09Z,2026-08-09,0,51,Disneyland Park,Le Carrousel de Lancelot,16,CLOSED,STANDBY,0,,,queue-times.com
2026-08-08T22:51:09Z,2026-08-09,0,51,Disneyland Park,"Le Pays des Contes de Fées, presented by Vittel",21,CLOSED,STANDBY,0,,,queue-times.com
2026-08-08T22:51:09Z,2026-08-09,0,51,Disneyland Park,Les Voyages de Pinocchio,23,CLOSED,STANDBY,0,,,queue-times.com
2026-08-08T22:51:09Z,2026-08-09,0,51,Disneyland Park,Mad Hatter's Tea Cups,20,CLOSED,STANDBY,0,,,queue-times.com
2026-08-08T22:51:09Z,2026-08-09,0,51,Disneyland Park,Meet Mickey Mouse,13,CLOSED,STANDBY,0,,,queue-times.com
2026-08-08T22:51:09Z,2026-08-09,0,51,Disneyland Park,Peter Pan's Flight,22,CLOSED,STANDBY,0,,,queue-times.com
2026-08-08T22:51:09Z,2026-08-09,0,51,Disneyland Park,Princess Pavilion,24,CLOSED,STANDBY,0,,,queue-times.com
2026-08-08T22:51:09Z,2026-08-09,0,51,Disneyland Park,Big Thunder Mountain,25,CLOSED,STANDBY,0,,,queue-times.com
2026-08-08T22:51:09Z,2026-08-09,0,51,Disneyland Park,Disneyland Railroad Frontierland Depot,2714,CLOSED,STANDBY,0,,,queue-times.com
2026-08-08T22:51:09Z,2026-08-09,0,51,Disneyland Park,Frontierland Playground,2713,CLOSED,STANDBY,0,,,queue-times.com
2026-08-08T22:51:09Z,2026-08-09,0,51,Disneyland Park,Phantom Manor,26,CLOSED,STANDBY,0,,,queue-times.com
2026-08-08T22:51:09Z,2026-08-09,0,51,Disneyland Park,River Rogue Keelboats,27,CLOSED,STANDBY,0,,,queue-times.com
2026-08-08T22:51:09Z,2026-08-09,0,51,Disneyland Park,Rustler Roundup Shootin' Gallery,2712,CLOSED,STANDBY,0,,,queue-times.com
2026-08-08T22:51:09Z,2026-08-09,0,51,Disneyland Park,Thunder Mesa Riverboat Landing,28,CLOSED,STANDBY,0,,,queue-times.com
2026-08-08T22:51:09Z,2026-08-09,0,51,Disneyland Park,Disneyland Railroad Main Street Station,2708,CLOSED,STANDBY,0,,,queue-times.com
2026-08-08T22:51:09Z,2026-08-09,0,51,Disneyland Park,Main Street Vehicles,12,CLOSED,STANDBY,0,,,queue-times.com
2026-08-08T22:51:09Z,2026-08-09,0,51,Disney Adventure World,Avengers Assemble: Flight Force,10848,CLOSED,STANDBY,0,,,queue-times.com
2026-08-08T22:51:09Z,2026-08-09,0,51,Disney Adventure World,Avengers Assemble: Flight Force Single Rider,10849,CLOSED,STANDBY,0,,,queue-times.com
2026-08-08T22:51:09Z,2026-08-09,0,51,Disney Adventure World,Spider-Man W.E.B. Adventure,10845,CLOSED,STANDBY,0,,,queue-times.com
2026-08-08T22:51:09Z,2026-08-09,0,51,Disney Adventure World,Spider-Man W.E.B. Adventure Single Rider,10846,CLOSED,STANDBY,0,,,queue-times.com
2026-08-08T22:51:09Z,2026-08-09,0,51,Disney Adventure World,The Twilight Zone Tower of Terror,40,CLOSED,STANDBY,0,,,queue-times.com
2026-08-08T22:51:09Z,2026-08-09,0,51,Disney Adventure World,Cars Quatre Roues Rallye,31,CLOSED,STANDBY,0,,,queue-times.com
2026-08-08T22:51:09Z,2026-08-09,0,51,Disney Adventure World,Cars ROAD TRIP,29,CLOSED,STANDBY,0,,,queue-times.com
2026-08-08T22:51:09Z,2026-08-09,0,51,Disney Adventure World,Crush's Coaster,32,CLOSED,STANDBY,0,,,queue-times.com
2026-08-08T22:51:09Z,2026-08-09,0,51,Disney Adventure World,Crush's Coaster Single Rider,7277,CLOSED,STANDBY,0,,,queue-times.com
2026-08-08T22:51:09Z,2026-08-09,0,51,Disney Adventure World,Les Tapis Volants - Flying Carpets Over Agrabah®,33,CLOSED,STANDBY,0,,,queue-times.com
2026-08-08T22:51:09Z,2026-08-09,0,51,Disney Adventure World,Ratatouille : L’Aventure Totalement Toquée de Rémy​,37,CLOSED,STANDBY,0,,,queue-times.com
2026-08-08T22:51:09Z,2026-08-09,0,51,Disney Adventure World,Ratatouille: The Adventure Single Rider,7279,CLOSED,STANDBY,0,,,queue-times.com
2026-08-08T22:51:09Z,2026-08-09,0,51,Disney Adventure World,RC Racer,34,CLOSED,STANDBY,0,,,queue-times.com
2026-08-08T22:51:09Z,2026-08-09,0,51,Disney Adventure World,RC Racer Single Rider,7280,CLOSED,STANDBY,0,,,queue-times.com
2026-08-08T22:51:09Z,2026-08-09,0,51,Disney Adventure World,Slinky® Dog Zigzag Spin,36,CLOSED,STANDBY,0,,,queue-times.com
2026-08-08T22:51:09Z,2026-08-09,0,51,Disney Adventure World,Toy Soldiers Parachute Drop,35,CLOSED,STANDBY,0,,,queue-times.com
2026-08-08T22:51:09Z,2026-08-09,0,51,Disney Adventure World,Toy Soldiers Parachute Drop Single Rider,7281,CLOSED,STANDBY,0,,,queue-times.com
2026-08-08T22:51:09Z,2026-08-09,0,51,Disney Adventure World,Entry to World of Frozen,16247,CLOSED,STANDBY,0,,,queue-times.com
2026-08-08T22:51:09Z,2026-08-09,0,51,Disney Adventure World,Frozen Ever After,15413,CLOSED,STANDBY,0,,,queue-times.com
2026-08-08T22:51:09Z,2026-08-09,0,51,Disney Adventure World,Raiponce Tangled Spin,15415,CLOSED,STANDBY,0,,,queue-times.com
2026-08-08T23:01:14Z,2026-08-09,1,1,Disneyland Park,Adventure Isle,2702,CLOSED,STANDBY,0,,,queue-times.com
2026-08-08T23:01:14Z,2026-08-09,1,1,Disneyland Park,Indiana Jones and the Temple of Peril Single Rider,7306,CLOSED,STANDBY,0,,,queue-times.com
2026-08-08T23:01:14Z,2026-08-09,1,1,Disneyland Park,Indiana Jones™ and the Temple of Peril,2,CLOSED,STANDBY,0,,,queue-times.com
2026-08-08T23:01:14Z,2026-08-09,1,1,Disneyland Park,La Cabane des Robinson,1,CLOSED,STANDBY,0,,,queue-times.com
2026-08-08T23:01:14Z,2026-08-09,1,1,Disneyland Park,Le Passage Enchanté d'Aladdin,2703,CLOSED,STANDBY,0,,,queue-times.com
2026-08-08T23:01:14Z,2026-08-09,1,1,Disneyland Park,Pirate Galleon,2705,CLOSED,STANDBY,0,,,queue-times.com
2026-08-08T23:01:14Z,2026-08-09,1,1,Disneyland Park,Pirates of the Caribbean,3,CLOSED,STANDBY,0,,,queue-times.com
2026-08-08T23:01:14Z,2026-08-09,1,1,Disneyland Park,Pirates' Beach,2704,CLOSED,STANDBY,0,,,queue-times.com
2026-08-08T23:01:14Z,2026-08-09,1,1,Disneyland Park,"Autopia, presented by Avis",4,CLOSED,STANDBY,0,,,queue-times.com
2026-08-08T23:01:14Z,2026-08-09,1,1,Disneyland Park,Buzz Lightyear Laser Blast,5,CLOSED,STANDBY,0,,,queue-times.com
2026-08-08T23:01:14Z,2026-08-09,1,1,Disneyland Park,Disneyland Railroad Discoveryland Station,2706,CLOSED,STANDBY,0,,,queue-times.com
2026-08-08T23:01:14Z,2026-08-09,1,1,Disneyland Park,Les Mystères du Nautilus,6,CLOSED,STANDBY,0,,,queue-times.com
2026-08-08T23:01:14Z,2026-08-09,1,1,Disneyland Park,Mickey’s PhilharMagic,2707,CLOSED,STANDBY,0,,,queue-times.com
2026-08-08T23:01:14Z,2026-08-09,1,1,Disneyland Park,Orbitron®,7,CLOSED,STANDBY,0,,,queue-times.com
2026-08-08T23:01:14Z,2026-08-09,1,1,Disneyland Park,Star Tours: The Adventures Continue*,9,CLOSED,STANDBY,0,,,queue-times.com
2026-08-08T23:01:14Z,2026-08-09,1,1,Disneyland Park,Star Wars Hyperspace Mountain,8,CLOSED,STANDBY,0,,,queue-times.com
2026-08-08T23:01:14Z,2026-08-09,1,1,Disneyland Park,Star Wars Hyperspace Mountain Single Rider,7278,CLOSED,STANDBY,0,,,queue-times.com
2026-08-08T23:01:14Z,2026-08-09,1,1,Disneyland Park,Welcome to Starport: A Star Wars Encounter,4573,CLOSED,STANDBY,0,,,queue-times.com
2026-08-08T23:01:14Z,2026-08-09,1,1,Disneyland Park,"""it's a small world""",19,CLOSED,STANDBY,0,,,queue-times.com
2026-08-08T23:01:14Z,2026-08-09,1,1,Disneyland Park,Alice's Curious Labyrinth,14,CLOSED,STANDBY,0,,,queue-times.com
2026-08-08T23:01:14Z,2026-08-09,1,1,Disneyland Park,Blanche-Neige et les Sept Nains®,15,CLOSED,STANDBY,0,,,queue-times.com
2026-08-08T23:01:14Z,2026-08-09,1,1,Disneyland Park,Casey Jr. – le Petit Train du Cirque,17,CLOSED,STANDBY,0,,,queue-times.com
2026-08-08T23:01:14Z,2026-08-09,1,1,Disneyland Park,Disneyland Railroad Fantasyland Station,2711,CLOSED,STANDBY,0,,,queue-times.com
2026-08-08T23:01:14Z,2026-08-09,1,1,Disneyland Park,Disneyland Railroad Main Street Station,11,CLOSED,STANDBY,0,,,queue-times.com
2026-08-08T23:01:14Z,2026-08-09,1,1,Disneyland Park,Dumbo the Flying Elephant,18,CLOSED,STANDBY,0,,,queue-times.com
2026-08-08T23:01:14Z,2026-08-09,1,1,Disneyland Park,La Tanière du Dragon,2710,CLOSED,STANDBY,0,,,queue-times.com
2026-08-08T23:01:14Z,2026-08-09,1,1,Disneyland Park,Le Carrousel de Lancelot,16,CLOSED,STANDBY,0,,,queue-times.com
2026-08-08T23:01:14Z,2026-08-09,1,1,Disneyland Park,"Le Pays des Contes de Fées, presented by Vittel",21,CLOSED,STANDBY,0,,,queue-times.com
2026-08-08T23:01:14Z,2026-08-09,1,1,Disneyland Park,Les Voyages de Pinocchio,23,CLOSED,STANDBY,0,,,queue-times.com
2026-08-08T23:01:14Z,2026-08-09,1,1,Disneyland Park,Mad Hatter's Tea Cups,20,CLOSED,STANDBY,0,,,queue-times.com
2026-08-08T23:01:14Z,2026-08-09,1,1,Disneyland Park,Meet Mickey Mouse,13,CLOSED,STANDBY,0,,,queue-times.com
2026-08-08T23:01:14Z,2026-08-09,1,1,Disneyland Park,Peter Pan's Flight,22,CLOSED,STANDBY,0,,,queue-times.com
2026-08-08T23:01:14Z,2026-08-09,1,1,Disneyland Park,Princess Pavilion,24,CLOSED,STANDBY,0,,,queue-times.com
2026-08-08T23:01:14Z,2026-08-09,1,1,Disneyland Park,Big Thunder Mountain,25,CLOSED,STANDBY,0,,,queue-times.com
2026-08-08T23:01:14Z,2026-08-09,1,1,Disneyland Park,Disneyland Railroad Frontierland Depot,2714,CLOSED,STANDBY,0,,,queue-times.com
2026-08-08T23:01:14Z,2026-08-09,1,1,Disneyland Park,Frontierland Playground,2713,CLOSED,STANDBY,0,,,queue-times.com
2026-08-08T23:01:14Z,2026-08-09,1,1,Disneyland Park,Phantom Manor,26,CLOSED,STANDBY,0,,,queue-times.com
2026-08-08T23:01:14Z,2026-08-09,1,1,Disneyland Park,River Rogue Keelboats,27,CLOSED,STANDBY,0,,,queue-times.com
2026-08-08T23:01:14Z,2026-08-09,1,1,Disneyland Park,Rustler Roundup Shootin' Gallery,2712,CLOSED,STANDBY,0,,,queue-times.com
2026-08-08T23:01:14Z,2026-08-09,1,1,Disneyland Park,Thunder Mesa Riverboat Landing,28,CLOSED,STANDBY,0,,,queue-times.com
2026-08-08T23:01:14Z,2026-08-09,1,1,Disneyland Park,Disneyland Railroad Main Street Station,2708,CLOSED,STANDBY,0,,,queue-times.com
2026-08-08T23:01:14Z,2026-08-09,1,1,Disneyland Park,Main Street Vehicles,12,CLOSED,STANDBY,0,,,queue-times.com
2026-08-08T23:01:14Z,2026-08-09,1,1,Disney Adventure World,Avengers Assemble: Flight Force,10848,CLOSED,STANDBY,0,,,queue-times.com
2026-08-08T23:01:14Z,2026-08-09,1,1,Disney Adventure World,Avengers Assemble: Flight Force Single Rider,10849,CLOSED,STANDBY,0,,,queue-times.com
2026-08-08T23:01:14Z,2026-08-09,1,1,Disney Adventure World,Spider-Man W.E.B. Adventure,10845,CLOSED,STANDBY,0,,,queue-times.com
2026-08-08T23:01:14Z,2026-08-09,1,1,Disney Adventure World,Spider-Man W.E.B. Adventure Single Rider,10846,CLOSED,STANDBY,0,,,queue-times.com
2026-08-08T23:01:14Z,2026-08-09,1,1,Disney Adventure World,The Twilight Zone Tower of Terror,40,CLOSED,STANDBY,0,,,queue-times.com
2026-08-08T23:01:14Z,2026-08-09,1,1,Disney Adventure World,Cars Quatre Roues Rallye,31,CLOSED,STANDBY,0,,,queue-times.com
2026-08-08T23:01:14Z,2026-08-09,1,1,Disney Adventure World,Cars ROAD TRIP,29,CLOSED,STANDBY,0,,,queue-times.com
2026-08-08T23:01:14Z,2026-08-09,1,1,Disney Adventure World,Crush's Coaster,32,CLOSED,STANDBY,0,,,queue-times.com
2026-08-08T23:01:14Z,2026-08-09,1,1,Disney Adventure World,Crush's Coaster Single Rider,7277,CLOSED,STANDBY,0,,,queue-times.com
2026-08-08T23:01:14Z,2026-08-09,1,1,Disney Adventure World,Les Tapis Volants - Flying Carpets Over Agrabah®,33,CLOSED,STANDBY,0,,,queue-times.com
2026-08-08T23:01:14Z,2026-08-09,1,1,Disney Adventure World,Ratatouille : L’Aventure Totalement Toquée de Rémy​,37,CLOSED,STANDBY,0,,,queue-times.com
2026-08-08T23:01:14Z,2026-08-09,1,1,Disney Adventure World,Ratatouille: The Adventure Single Rider,7279,CLOSED,STANDBY,0,,,queue-times.com
2026-08-08T23:01:14Z,2026-08-09,1,1,Disney Adventure World,RC Racer,34,CLOSED,STANDBY,0,,,queue-times.com
2026-08-08T23:01:14Z,2026-08-09,1,1,Disney Adventure World,RC Racer Single Rider,7280,CLOSED,STANDBY,0,,,queue-times.com
2026-08-08T23:01:14Z,2026-08-09,1,1,Disney Adventure World,Slinky® Dog Zigzag Spin,36,CLOSED,STANDBY,0,,,queue-times.com
2026-08-08T23:01:14Z,2026-08-09,1,1,Disney Adventure World,Toy Soldiers Parachute Drop,35,CLOSED,STANDBY,0,,,queue-times.com
2026-08-08T23:01:14Z,2026-08-09,1,1,Disney Adventure World,Toy Soldiers Parachute Drop Single Rider,7281,CLOSED,STANDBY,0,,,queue-times.com
2026-08-08T23:01:14Z,2026-08-09,1,1,Disney Adventure World,Entry to World of Frozen,16247,CLOSED,STANDBY,0,,,queue-times.com
2026-08-08T23:01:14Z,2026-08-09,1,1,Disney Adventure World,Frozen Ever After,15413,CLOSED,STANDBY,0,,,queue-times.com
2026-08-08T23:01:14Z,2026-08-09,1,1,Disney Adventure World,Raiponce Tangled Spin,15415,CLOSED,STANDBY,0,,,queue-times.com
2026-08-08T23:15:54Z,2026-08-09,1,15,Disneyland Park,Adventure Isle,2702,CLOSED,STANDBY,0,,,queue-times.com
2026-08-08T23:15:54Z,2026-08-09,1,15,Disneyland Park,Indiana Jones and the Temple of Peril Single Rider,7306,CLOSED,STANDBY,0,,,queue-times.com
2026-08-08T23:15:54Z,2026-08-09,1,15,Disneyland Park,Indiana Jones™ and the Temple of Peril,2,CLOSED,STANDBY,0,,,queue-times.com
2026-08-08T23:15:54Z,2026-08-09,1,15,Disneyland Park,La Cabane des Robinson,1,CLOSED,STANDBY,0,,,queue-times.com
2026-08-08T23:15:54Z,2026-08-09,1,15,Disneyland Park,Le Passage Enchanté d'Aladdin,2703,CLOSED,STANDBY,0,,,queue-times.com
2026-08-08T23:15:54Z,2026-08-09,1,15,Disneyland Park,Pirate Galleon,2705,CLOSED,STANDBY,0,,,queue-times.com
2026-08-08T23:15:54Z,2026-08-09,1,15,Disneyland Park,Pirates of the Caribbean,3,CLOSED,STANDBY,0,,,queue-times.com
2026-08-08T23:15:54Z,2026-08-09,1,15,Disneyland Park,Pirates' Beach,2704,CLOSED,STANDBY,0,,,queue-times.com
2026-08-08T23:15:54Z,2026-08-09,1,15,Disneyland Park,"Autopia, presented by Avis",4,CLOSED,STANDBY,0,,,queue-times.com
2026-08-08T23:15:54Z,2026-08-09,1,15,Disneyland Park,Buzz Lightyear Laser Blast,5,CLOSED,STANDBY,0,,,queue-times.com
2026-08-08T23:15:54Z,2026-08-09,1,15,Disneyland Park,Disneyland Railroad Discoveryland Station,2706,CLOSED,STANDBY,0,,,queue-times.com
2026-08-08T23:15:54Z,2026-08-09,1,15,Disneyland Park,Les Mystères du Nautilus,6,CLOSED,STANDBY,0,,,queue-times.com
2026-08-08T23:15:54Z,2026-08-09,1,15,Disneyland Park,Mickey’s PhilharMagic,2707,CLOSED,STANDBY,0,,,queue-times.com
2026-08-08T23:15:54Z,2026-08-09,1,15,Disneyland Park,Orbitron®,7,CLOSED,STANDBY,0,,,queue-times.com
2026-08-08T23:15:54Z,2026-08-09,1,15,Disneyland Park,Star Tours: The Adventures Continue*,9,CLOSED,STANDBY,0,,,queue-times.com
2026-08-08T23:15:54Z,2026-08-09,1,15,Disneyland Park,Star Wars Hyperspace Mountain,8,CLOSED,STANDBY,0,,,queue-times.com
2026-08-08T23:15:54Z,2026-08-09,1,15,Disneyland Park,Star Wars Hyperspace Mountain Single Rider,7278,CLOSED,STANDBY,0,,,queue-times.com
2026-08-08T23:15:54Z,2026-08-09,1,15,Disneyland Park,Welcome to Starport: A Star Wars Encounter,4573,CLOSED,STANDBY,0,,,queue-times.com
2026-08-08T23:15:54Z,2026-08-09,1,15,Disneyland Park,"""it's a small world""",19,CLOSED,STANDBY,0,,,queue-times.com
2026-08-08T23:15:54Z,2026-08-09,1,15,Disneyland Park,Alice's Curious Labyrinth,14,CLOSED,STANDBY,0,,,queue-times.com
2026-08-08T23:15:54Z,2026-08-09,1,15,Disneyland Park,Blanche-Neige et les Sept Nains®,15,CLOSED,STANDBY,0,,,queue-times.com
2026-08-08T23:15:54Z,2026-08-09,1,15,Disneyland Park,Casey Jr. – le Petit Train du Cirque,17,CLOSED,STANDBY,0,,,queue-times.com
2026-08-08T23:15:54Z,2026-08-09,1,15,Disneyland Park,Disneyland Railroad Fantasyland Station,2711,CLOSED,STANDBY,0,,,queue-times.com
2026-08-08T23:15:54Z,2026-08-09,1,15,Disneyland Park,Disneyland Railroad Main Street Station,11,CLOSED,STANDBY,0,,,queue-times.com
2026-08-08T23:15:54Z,2026-08-09,1,15,Disneyland Park,Dumbo the Flying Elephant,18,CLOSED,STANDBY,0,,,queue-times.com
2026-08-08T23:15:54Z,2026-08-09,1,15,Disneyland Park,La Tanière du Dragon,2710,CLOSED,STANDBY,0,,,queue-times.com
2026-08-08T23:15:54Z,2026-08-09,1,15,Disneyland Park,Le Carrousel de Lancelot,16,CLOSED,STANDBY,0,,,queue-times.com
2026-08-08T23:15:54Z,2026-08-09,1,15,Disneyland Park,"Le Pays des Contes de Fées, presented by Vittel",21,CLOSED,STANDBY,0,,,queue-times.com
2026-08-08T23:15:54Z,2026-08-09,1,15,Disneyland Park,Les Voyages de Pinocchio,23,CLOSED,STANDBY,0,,,queue-times.com
2026-08-08T23:15:54Z,2026-08-09,1,15,Disneyland Park,Mad Hatter's Tea Cups,20,CLOSED,STANDBY,0,,,queue-times.com
2026-08-08T23:15:54Z,2026-08-09,1,15,Disneyland Park,Meet Mickey Mouse,13,CLOSED,STANDBY,0,,,queue-times.com
2026-08-08T23:15:54Z,2026-08-09,1,15,Disneyland Park,Peter Pan's Flight,22,CLOSED,STANDBY,0,,,queue-times.com
2026-08-08T23:15:54Z,2026-08-09,1,15,Disneyland Park,Princess Pavilion,24,CLOSED,STANDBY,0,,,queue-times.com
2026-08-08T23:15:54Z,2026-08-09,1,15,Disneyland Park,Big Thunder Mountain,25,CLOSED,STANDBY,0,,,queue-times.com
2026-08-08T23:15:54Z,2026-08-09,1,15,Disneyland Park,Disneyland Railroad Frontierland Depot,2714,CLOSED,STANDBY,0,,,queue-times.com
2026-08-08T23:15:54Z,2026-08-09,1,15,Disneyland Park,Frontierland Playground,2713,CLOSED,STANDBY,0,,,queue-times.com
2026-08-08T23:15:54Z,2026-08-09,1,15,Disneyland Park,Phantom Manor,26,CLOSED,STANDBY,0,,,queue-times.com
2026-08-08T23:15:54Z,2026-08-09,1,15,Disneyland Park,River Rogue Keelboats,27,CLOSED,STANDBY,0,,,queue-times.com
2026-08-08T23:15:54Z,2026-08-09,1,15,Disneyland Park,Rustler Roundup Shootin' Gallery,2712,CLOSED,STANDBY,0,,,queue-times.com
2026-08-08T23:15:54Z,2026-08-09,1,15,Disneyland Park,Thunder Mesa Riverboat Landing,28,CLOSED,STANDBY,0,,,queue-times.com
2026-08-08T23:15:54Z,2026-08-09,1,15,Disneyland Park,Disneyland Railroad Main Street Station,2708,CLOSED,STANDBY,0,,,queue-times.com
2026-08-08T23:15:54Z,2026-08-09,1,15,Disneyland Park,Main Street Vehicles,12,CLOSED,STANDBY,0,,,queue-times.com
2026-08-08T23:15:54Z,2026-08-09,1,15,Disney Adventure World,Avengers Assemble: Flight Force,10848,CLOSED,STANDBY,0,,,queue-times.com
2026-08-08T23:15:54Z,2026-08-09,1,15,Disney Adventure World,Avengers Assemble: Flight Force Single Rider,10849,CLOSED,STANDBY,0,,,queue-times.com
2026-08-08T23:15:54Z,2026-08-09,1,15,Disney Adventure World,Spider-Man W.E.B. Adventure,10845,CLOSED,STANDBY,0,,,queue-times.com
2026-08-08T23:15:54Z,2026-08-09,1,15,Disney Adventure World,Spider-Man W.E.B. Adventure Single Rider,10846,CLOSED,STANDBY,0,,,queue-times.com
2026-08-08T23:15:54Z,2026-08-09,1,15,Disney Adventure World,The Twilight Zone Tower of Terror,40,CLOSED,STANDBY,0,,,queue-times.com
2026-08-08T23:15:54Z,2026-08-09,1,15,Disney Adventure World,Cars Quatre Roues Rallye,31,CLOSED,STANDBY,0,,,queue-times.com
2026-08-08T23:15:54Z,2026-08-09,1,15,Disney Adventure World,Cars ROAD TRIP,29,CLOSED,STANDBY,0,,,queue-times.com
2026-08-08T23:15:54Z,2026-08-09,1,15,Disney Adventure World,Crush's Coaster,32,CLOSED,STANDBY,0,,,queue-times.com
2026-08-08T23:15:54Z,2026-08-09,1,15,Disney Adventure World,Crush's Coaster Single Rider,7277,CLOSED,STANDBY,0,,,queue-times.com
2026-08-08T23:15:54Z,2026-08-09,1,15,Disney Adventure World,Les Tapis Volants - Flying Carpets Over Agrabah®,33,CLOSED,STANDBY,0,,,queue-times.com
2026-08-08T23:15:54Z,2026-08-09,1,15,Disney Adventure World,Ratatouille : L’Aventure Totalement Toquée de Rémy​,37,CLOSED,STANDBY,0,,,queue-times.com
2026-08-08T23:15:54Z,2026-08-09,1,15,Disney Adventure World,Ratatouille: The Adventure Single Rider,7279,CLOSED,STANDBY,0,,,queue-times.com
2026-08-08T23:15:54Z,2026-08-09,1,15,Disney Adventure World,RC Racer,34,CLOSED,STANDBY,0,,,queue-times.com
2026-08-08T23:15:54Z,2026-08-09,1,15,Disney Adventure World,RC Racer Single Rider,7280,CLOSED,STANDBY,0,,,queue-times.com
2026-08-08T23:15:54Z,2026-08-09,1,15,Disney Adventure World,Slinky® Dog Zigzag Spin,36,CLOSED,STANDBY,0,,,queue-times.com
2026-08-08T23:15:54Z,2026-08-09,1,15,Disney Adventure World,Toy Soldiers Parachute Drop,35,CLOSED,STANDBY,0,,,queue-times.com
2026-08-08T23:15:54Z,2026-08-09,1,15,Disney Adventure World,Toy Soldiers Parachute Drop Single Rider,7281,CLOSED,STANDBY,0,,,queue-times.com
2026-08-08T23:15:54Z,2026-08-09,1,15,Disney Adventure World,Entry to World of Frozen,16247,CLOSED,STANDBY,0,,,queue-times.com
2026-08-08T23:15:54Z,2026-08-09,1,15,Disney Adventure World,Frozen Ever After,15413,CLOSED,STANDBY,0,,,queue-times.com
2026-08-08T23:15:54Z,2026-08-09,1,15,Disney Adventure World,Raiponce Tangled Spin,15415,CLOSED,STANDBY,0,,,queue-times.com
2026-08-08T23:17:12Z,2026-08-09,1,17,Disneyland Park,Adventure Isle,2702,CLOSED,STANDBY,0,,,queue-times.com
2026-08-08T23:17:12Z,2026-08-09,1,17,Disneyland Park,Indiana Jones and the Temple of Peril Single Rider,7306,CLOSED,STANDBY,0,,,queue-times.com
2026-08-08T23:17:12Z,2026-08-09,1,17,Disneyland Park,Indiana Jones™ and the Temple of Peril,2,CLOSED,STANDBY,0,,,queue-times.com
2026-08-08T23:17:12Z,2026-08-09,1,17,Disneyland Park,La Cabane des Robinson,1,CLOSED,STANDBY,0,,,queue-times.com
2026-08-08T23:17:12Z,2026-08-09,1,17,Disneyland Park,Le Passage Enchanté d'Aladdin,2703,CLOSED,STANDBY,0,,,queue-times.com
2026-08-08T23:17:12Z,2026-08-09,1,17,Disneyland Park,Pirate Galleon,2705,CLOSED,STANDBY,0,,,queue-times.com
2026-08-08T23:17:12Z,2026-08-09,1,17,Disneyland Park,Pirates of the Caribbean,3,CLOSED,STANDBY,0,,,queue-times.com
2026-08-08T23:17:12Z,2026-08-09,1,17,Disneyland Park,Pirates' Beach,2704,CLOSED,STANDBY,0,,,queue-times.com
2026-08-08T23:17:12Z,2026-08-09,1,17,Disneyland Park,"Autopia, presented by Avis",4,CLOSED,STANDBY,0,,,queue-times.com
2026-08-08T23:17:12Z,2026-08-09,1,17,Disneyland Park,Buzz Lightyear Laser Blast,5,CLOSED,STANDBY,0,,,queue-times.com
2026-08-08T23:17:12Z,2026-08-09,1,17,Disneyland Park,Disneyland Railroad Discoveryland Station,2706,CLOSED,STANDBY,0,,,queue-times.com
2026-08-08T23:17:12Z,2026-08-09,1,17,Disneyland Park,Les Mystères du Nautilus,6,CLOSED,STANDBY,0,,,queue-times.com
2026-08-08T23:17:12Z,2026-08-09,1,17,Disneyland Park,Mickey’s PhilharMagic,2707,CLOSED,STANDBY,0,,,queue-times.com
2026-08-08T23:17:12Z,2026-08-09,1,17,Disneyland Park,Orbitron®,7,CLOSED,STANDBY,0,,,queue-times.com
2026-08-08T23:17:12Z,2026-08-09,1,17,Disneyland Park,Star Tours: The Adventures Continue*,9,CLOSED,STANDBY,0,,,queue-times.com
2026-08-08T23:17:12Z,2026-08-09,1,17,Disneyland Park,Star Wars Hyperspace Mountain,8,CLOSED,STANDBY,0,,,queue-times.com
2026-08-08T23:17:12Z,2026-08-09,1,17,Disneyland Park,Star Wars Hyperspace Mountain Single Rider,7278,CLOSED,STANDBY,0,,,queue-times.com
2026-08-08T23:17:12Z,2026-08-09,1,17,Disneyland Park,Welcome to Starport: A Star Wars Encounter,4573,CLOSED,STANDBY,0,,,queue-times.com
2026-08-08T23:17:12Z,2026-08-09,1,17,Disneyland Park,"""it's a small world""",19,CLOSED,STANDBY,0,,,queue-times.com
2026-08-08T23:17:12Z,2026-08-09,1,17,Disneyland Park,Alice's Curious Labyrinth,14,CLOSED,STANDBY,0,,,queue-times.com
2026-08-08T23:17:12Z,2026-08-09,1,17,Disneyland Park,Blanche-Neige et les Sept Nains®,15,CLOSED,STANDBY,0,,,queue-times.com
2026-08-08T23:17:12Z,2026-08-09,1,17,Disneyland Park,Casey Jr. – le Petit Train du Cirque,17,CLOSED,STANDBY,0,,,queue-times.com
2026-08-08T23:17:12Z,2026-08-09,1,17,Disneyland Park,Disneyland Railroad Fantasyland Station,2711,CLOSED,STANDBY,0,,,queue-times.com
2026-08-08T23:17:12Z,2026-08-09,1,17,Disneyland Park,Disneyland Railroad Main Street Station,11,CLOSED,STANDBY,0,,,queue-times.com
2026-08-08T23:17:12Z,2026-08-09,1,17,Disneyland Park,Dumbo the Flying Elephant,18,CLOSED,STANDBY,0,,,queue-times.com
2026-08-08T23:17:12Z,2026-08-09,1,17,Disneyland Park,La Tanière du Dragon,2710,CLOSED,STANDBY,0,,,queue-times.com
2026-08-08T23:17:12Z,2026-08-09,1,17,Disneyland Park,Le Carrousel de Lancelot,16,CLOSED,STANDBY,0,,,queue-times.com
2026-08-08T23:17:12Z,2026-08-09,1,17,Disneyland Park,"Le Pays des Contes de Fées, presented by Vittel",21,CLOSED,STANDBY,0,,,queue-times.com
2026-08-08T23:17:12Z,2026-08-09,1,17,Disneyland Park,Les Voyages de Pinocchio,23,CLOSED,STANDBY,0,,,queue-times.com
2026-08-08T23:17:12Z,2026-08-09,1,17,Disneyland Park,Mad Hatter's Tea Cups,20,CLOSED,STANDBY,0,,,queue-times.com
2026-08-08T23:17:12Z,2026-08-09,1,17,Disneyland Park,Meet Mickey Mouse,13,CLOSED,STANDBY,0,,,queue-times.com
2026-08-08T23:17:12Z,2026-08-09,1,17,Disneyland Park,Peter Pan's Flight,22,CLOSED,STANDBY,0,,,queue-times.com
2026-08-08T23:17:12Z,2026-08-09,1,17,Disneyland Park,Princess Pavilion,24,CLOSED,STANDBY,0,,,queue-times.com
2026-08-08T23:17:12Z,2026-08-09,1,17,Disneyland Park,Big Thunder Mountain,25,CLOSED,STANDBY,0,,,queue-times.com
2026-08-08T23:17:12Z,2026-08-09,1,17,Disneyland Park,Disneyland Railroad Frontierland Depot,2714,CLOSED,STANDBY,0,,,queue-times.com
2026-08-08T23:17:12Z,2026-08-09,1,17,Disneyland Park,Frontierland Playground,2713,CLOSED,STANDBY,0,,,queue-times.com
2026-08-08T23:17:12Z,2026-08-09,1,17,Disneyland Park,Phantom Manor,26,CLOSED,STANDBY,0,,,queue-times.com
2026-08-08T23:17:12Z,2026-08-09,1,17,Disneyland Park,River Rogue Keelboats,27,CLOSED,STANDBY,0,,,queue-times.com
2026-08-08T23:17:12Z,2026-08-09,1,17,Disneyland Park,Rustler Roundup Shootin' Gallery,2712,CLOSED,STANDBY,0,,,queue-times.com
2026-08-08T23:17:12Z,2026-08-09,1,17,Disneyland Park,Thunder Mesa Riverboat Landing,28,CLOSED,STANDBY,0,,,queue-times.com
2026-08-08T23:17:12Z,2026-08-09,1,17,Disneyland Park,Disneyland Railroad Main Street Station,2708,CLOSED,STANDBY,0,,,queue-times.com
2026-08-08T23:17:12Z,2026-08-09,1,17,Disneyland Park,Main Street Vehicles,12,CLOSED,STANDBY,0,,,queue-times.com
2026-08-08T23:17:12Z,2026-08-09,1,17,Disney Adventure World,Avengers Assemble: Flight Force,10848,CLOSED,STANDBY,0,,,queue-times.com
2026-08-08T23:17:12Z,2026-08-09,1,17,Disney Adventure World,Avengers Assemble: Flight Force Single Rider,10849,CLOSED,STANDBY,0,,,queue-times.com
2026-08-08T23:17:12Z,2026-08-09,1,17,Disney Adventure World,Spider-Man W.E.B. Adventure,10845,CLOSED,STANDBY,0,,,queue-times.com
2026-08-08T23:17:12Z,2026-08-09,1,17,Disney Adventure World,Spider-Man W.E.B. Adventure Single Rider,10846,CLOSED,STANDBY,0,,,queue-times.com
2026-08-08T23:17:12Z,2026-08-09,1,17,Disney Adventure World,The Twilight Zone Tower of Terror,40,CLOSED,STANDBY,0,,,queue-times.com
2026-08-08T23:17:12Z,2026-08-09,1,17,Disney Adventure World,Cars Quatre Roues Rallye,31,CLOSED,STANDBY,0,,,queue-times.com
2026-08-08T23:17:12Z,2026-08-09,1,17,Disney Adventure World,Cars ROAD TRIP,29,CLOSED,STANDBY,0,,,queue-times.com
2026-08-08T23:17:12Z,2026-08-09,1,17,Disney Adventure World,Crush's Coaster,32,CLOSED,STANDBY,0,,,queue-times.com
2026-08-08T23:17:12Z,2026-08-09,1,17,Disney Adventure World,Crush's Coaster Single Rider,7277,CLOSED,STANDBY,0,,,queue-times.com
2026-08-08T23:17:12Z,2026-08-09,1,17,Disney Adventure World,Les Tapis Volants - Flying Carpets Over Agrabah®,33,CLOSED,STANDBY,0,,,queue-times.com
2026-08-08T23:17:12Z,2026-08-09,1,17,Disney Adventure World,Ratatouille : L’Aventure Totalement Toquée de Rémy​,37,CLOSED,STANDBY,0,,,queue-times.com
2026-08-08T23:17:12Z,2026-08-09,1,17,Disney Adventure World,Ratatouille: The Adventure Single Rider,7279,CLOSED,STANDBY,0,,,queue-times.com
2026-08-08T23:17:12Z,2026-08-09,1,17,Disney Adventure World,RC Racer,34,CLOSED,STANDBY,0,,,queue-times.com
2026-08-08T23:17:12Z,2026-08-09,1,17,Disney Adventure World,RC Racer Single Rider,7280,CLOSED,STANDBY,0,,,queue-times.com
2026-08-08T23:17:12Z,2026-08-09,1,17,Disney Adventure World,Slinky® Dog Zigzag Spin,36,CLOSED,STANDBY,0,,,queue-times.com
2026-08-08T23:17:12Z,2026-08-09,1,17,Disney Adventure World,Toy Soldiers Parachute Drop,35,CLOSED,STANDBY,0,,,queue-times.com
2026-08-08T23:17:12Z,2026-08-09,1,17,Disney Adventure World,Toy Soldiers Parachute Drop Single Rider,7281,CLOSED,STANDBY,0,,,queue-times.com
2026-08-08T23:17:12Z,2026-08-09,1,17,Disney Adventure World,Entry to World of Frozen,16247,CLOSED,STANDBY,0,,,queue-times.com
2026-08-08T23:17:12Z,2026-08-09,1,17,Disney Adventure World,Frozen Ever After,15413,CLOSED,STANDBY,0,,,queue-times.com
2026-08-08T23:17:12Z,2026-08-09,1,17,Disney Adventure World,Raiponce Tangled Spin,15415,CLOSED,STANDBY,0,,,queue-times.com
2026-08-08T23:31:11Z,2026-08-09,1,31,Disneyland Park,Adventure Isle,2702,CLOSED,STANDBY,0,,,queue-times.com
2026-08-08T23:31:11Z,2026-08-09,1,31,Disneyland Park,Indiana Jones and the Temple of Peril Single Rider,7306,CLOSED,STANDBY,0,,,queue-times.com
2026-08-08T23:31:11Z,2026-08-09,1,31,Disneyland Park,Indiana Jones™ and the Temple of Peril,2,CLOSED,STANDBY,0,,,queue-times.com
2026-08-08T23:31:11Z,2026-08-09,1,31,Disneyland Park,La Cabane des Robinson,1,CLOSED,STANDBY,0,,,queue-times.com
2026-08-08T23:31:11Z,2026-08-09,1,31,Disneyland Park,Le Passage Enchanté d'Aladdin,2703,CLOSED,STANDBY,0,,,queue-times.com
2026-08-08T23:31:11Z,2026-08-09,1,31,Disneyland Park,Pirate Galleon,2705,CLOSED,STANDBY,0,,,queue-times.com
2026-08-08T23:31:11Z,2026-08-09,1,31,Disneyland Park,Pirates of the Caribbean,3,CLOSED,STANDBY,0,,,queue-times.com
2026-08-08T23:31:11Z,2026-08-09,1,31,Disneyland Park,Pirates' Beach,2704,CLOSED,STANDBY,0,,,queue-times.com
2026-08-08T23:31:11Z,2026-08-09,1,31,Disneyland Park,"Autopia, presented by Avis",4,CLOSED,STANDBY,0,,,queue-times.com
2026-08-08T23:31:11Z,2026-08-09,1,31,Disneyland Park,Buzz Lightyear Laser Blast,5,CLOSED,STANDBY,0,,,queue-times.com
2026-08-08T23:31:11Z,2026-08-09,1,31,Disneyland Park,Disneyland Railroad Discoveryland Station,2706,CLOSED,STANDBY,0,,,queue-times.com
2026-08-08T23:31:11Z,2026-08-09,1,31,Disneyland Park,Les Mystères du Nautilus,6,CLOSED,STANDBY,0,,,queue-times.com
2026-08-08T23:31:11Z,2026-08-09,1,31,Disneyland Park,Mickey’s PhilharMagic,2707,CLOSED,STANDBY,0,,,queue-times.com
2026-08-08T23:31:11Z,2026-08-09,1,31,Disneyland Park,Orbitron®,7,CLOSED,STANDBY,0,,,queue-times.com
2026-08-08T23:31:11Z,2026-08-09,1,31,Disneyland Park,Star Tours: The Adventures Continue*,9,CLOSED,STANDBY,0,,,queue-times.com
2026-08-08T23:31:11Z,2026-08-09,1,31,Disneyland Park,Star Wars Hyperspace Mountain,8,CLOSED,STANDBY,0,,,queue-times.com
2026-08-08T23:31:11Z,2026-08-09,1,31,Disneyland Park,Star Wars Hyperspace Mountain Single Rider,7278,CLOSED,STANDBY,0,,,queue-times.com
2026-08-08T23:31:11Z,2026-08-09,1,31,Disneyland Park,Welcome to Starport: A Star Wars Encounter,4573,CLOSED,STANDBY,0,,,queue-times.com
2026-08-08T23:31:11Z,2026-08-09,1,31,Disneyland Park,"""it's a small world""",19,CLOSED,STANDBY,0,,,queue-times.com
2026-08-08T23:31:11Z,2026-08-09,1,31,Disneyland Park,Alice's Curious Labyrinth,14,CLOSED,STANDBY,0,,,queue-times.com
2026-08-08T23:31:11Z,2026-08-09,1,31,Disneyland Park,Blanche-Neige et les Sept Nains®,15,CLOSED,STANDBY,0,,,queue-times.com
2026-08-08T23:31:11Z,2026-08-09,1,31,Disneyland Park,Casey Jr. – le Petit Train du Cirque,17,CLOSED,STANDBY,0,,,queue-times.com
2026-08-08T23:31:11Z,2026-08-09,1,31,Disneyland Park,Disneyland Railroad Fantasyland Station,2711,CLOSED,STANDBY,0,,,queue-times.com
2026-08-08T23:31:11Z,2026-08-09,1,31,Disneyland Park,Disneyland Railroad Main Street Station,11,CLOSED,STANDBY,0,,,queue-times.com
2026-08-08T23:31:11Z,2026-08-09,1,31,Disneyland Park,Dumbo the Flying Elephant,18,CLOSED,STANDBY,0,,,queue-times.com
2026-08-08T23:31:11Z,2026-08-09,1,31,Disneyland Park,La Tanière du Dragon,2710,CLOSED,STANDBY,0,,,queue-times.com
2026-08-08T23:31:11Z,2026-08-09,1,31,Disneyland Park,Le Carrousel de Lancelot,16,CLOSED,STANDBY,0,,,queue-times.com
2026-08-08T23:31:11Z,2026-08-09,1,31,Disneyland Park,"Le Pays des Contes de Fées, presented by Vittel",21,CLOSED,STANDBY,0,,,queue-times.com
2026-08-08T23:31:11Z,2026-08-09,1,31,Disneyland Park,Les Voyages de Pinocchio,23,CLOSED,STANDBY,0,,,queue-times.com
2026-08-08T23:31:11Z,2026-08-09,1,31,Disneyland Park,Mad Hatter's Tea Cups,20,CLOSED,STANDBY,0,,,queue-times.com
2026-08-08T23:31:11Z,2026-08-09,1,31,Disneyland Park,Meet Mickey Mouse,13,CLOSED,STANDBY,0,,,queue-times.com
2026-08-08T23:31:11Z,2026-08-09,1,31,Disneyland Park,Peter Pan's Flight,22,CLOSED,STANDBY,0,,,queue-times.com
2026-08-08T23:31:11Z,2026-08-09,1,31,Disneyland Park,Princess Pavilion,24,CLOSED,STANDBY,0,,,queue-times.com
2026-08-08T23:31:11Z,2026-08-09,1,31,Disneyland Park,Big Thunder Mountain,25,CLOSED,STANDBY,0,,,queue-times.com
2026-08-08T23:31:11Z,2026-08-09,1,31,Disneyland Park,Disneyland Railroad Frontierland Depot,2714,CLOSED,STANDBY,0,,,queue-times.com
2026-08-08T23:31:11Z,2026-08-09,1,31,Disneyland Park,Frontierland Playground,2713,CLOSED,STANDBY,0,,,queue-times.com
2026-08-08T23:31:11Z,2026-08-09,1,31,Disneyland Park,Phantom Manor,26,CLOSED,STANDBY,0,,,queue-times.com
2026-08-08T23:31:11Z,2026-08-09,1,31,Disneyland Park,River Rogue Keelboats,27,CLOSED,STANDBY,0,,,queue-times.com
2026-08-08T23:31:11Z,2026-08-09,1,31,Disneyland Park,Rustler Roundup Shootin' Gallery,2712,CLOSED,STANDBY,0,,,queue-times.com
2026-08-08T23:31:11Z,2026-08-09,1,31,Disneyland Park,Thunder Mesa Riverboat Landing,28,CLOSED,STANDBY,0,,,queue-times.com
2026-08-08T23:31:11Z,2026-08-09,1,31,Disneyland Park,Disneyland Railroad Main Street Station,2708,CLOSED,STANDBY,0,,,queue-times.com
2026-08-08T23:31:11Z,2026-08-09,1,31,Disneyland Park,Main Street Vehicles,12,CLOSED,STANDBY,0,,,queue-times.com
2026-08-08T23:31:11Z,2026-08-09,1,31,Disney Adventure World,Avengers Assemble: Flight Force,10848,CLOSED,STANDBY,0,,,queue-times.com
2026-08-08T23:31:11Z,2026-08-09,1,31,Disney Adventure World,Avengers Assemble: Flight Force Single Rider,10849,CLOSED,STANDBY,0,,,queue-times.com
2026-08-08T23:31:11Z,2026-08-09,1,31,Disney Adventure World,Spider-Man W.E.B. Adventure,10845,CLOSED,STANDBY,0,,,queue-times.com
2026-08-08T23:31:11Z,2026-08-09,1,31,Disney Adventure World,Spider-Man W.E.B. Adventure Single Rider,10846,CLOSED,STANDBY,0,,,queue-times.com
2026-08-08T23:31:11Z,2026-08-09,1,31,Disney Adventure World,The Twilight Zone Tower of Terror,40,CLOSED,STANDBY,0,,,queue-times.com
2026-08-08T23:31:11Z,2026-08-09,1,31,Disney Adventure World,Cars Quatre Roues Rallye,31,CLOSED,STANDBY,0,,,queue-times.com
2026-08-08T23:31:11Z,2026-08-09,1,31,Disney Adventure World,Cars ROAD TRIP,29,CLOSED,STANDBY,0,,,queue-times.com
2026-08-08T23:31:11Z,2026-08-09,1,31,Disney Adventure World,Crush's Coaster,32,CLOSED,STANDBY,0,,,queue-times.com
2026-08-08T23:31:11Z,2026-08-09,1,31,Disney Adventure World,Crush's Coaster Single Rider,7277,CLOSED,STANDBY,0,,,queue-times.com
2026-08-08T23:31:11Z,2026-08-09,1,31,Disney Adventure World,Les Tapis Volants - Flying Carpets Over Agrabah®,33,CLOSED,STANDBY,0,,,queue-times.com
2026-08-08T23:31:11Z,2026-08-09,1,31,Disney Adventure World,Ratatouille : L’Aventure Totalement Toquée de Rémy​,37,CLOSED,STANDBY,0,,,queue-times.com
2026-08-08T23:31:11Z,2026-08-09,1,31,Disney Adventure World,Ratatouille: The Adventure Single Rider,7279,CLOSED,STANDBY,0,,,queue-times.com
2026-08-08T23:31:11Z,2026-08-09,1,31,Disney Adventure World,RC Racer,34,CLOSED,STANDBY,0,,,queue-times.com
2026-08-08T23:31:11Z,2026-08-09,1,31,Disney Adventure World,RC Racer Single Rider,7280,CLOSED,STANDBY,0,,,queue-times.com
2026-08-08T23:31:11Z,2026-08-09,1,31,Disney Adventure World,Slinky® Dog Zigzag Spin,36,CLOSED,STANDBY,0,,,queue-times.com
2026-08-08T23:31:11Z,2026-08-09,1,31,Disney Adventure World,Toy Soldiers Parachute Drop,35,CLOSED,STANDBY,0,,,queue-times.com
2026-08-08T23:31:11Z,2026-08-09,1,31,Disney Adventure World,Toy Soldiers Parachute Drop Single Rider,7281,CLOSED,STANDBY,0,,,queue-times.com
2026-08-08T23:31:11Z,2026-08-09,1,31,Disney Adventure World,Entry to World of Frozen,16247,CLOSED,STANDBY,0,,,queue-times.com
2026-08-08T23:31:11Z,2026-08-09,1,31,Disney Adventure World,Frozen Ever After,15413,CLOSED,STANDBY,0,,,queue-times.com
2026-08-08T23:31:11Z,2026-08-09,1,31,Disney Adventure World,Raiponce Tangled Spin,15415,CLOSED,STANDBY,0,,,queue-times.com
2026-08-08T23:45:54Z,2026-08-09,1,45,Disneyland Park,Adventure Isle,2702,CLOSED,STANDBY,0,,,queue-times.com
2026-08-08T23:45:54Z,2026-08-09,1,45,Disneyland Park,Indiana Jones and the Temple of Peril Single Rider,7306,CLOSED,STANDBY,0,,,queue-times.com
2026-08-08T23:45:54Z,2026-08-09,1,45,Disneyland Park,Indiana Jones™ and the Temple of Peril,2,CLOSED,STANDBY,0,,,queue-times.com
2026-08-08T23:45:54Z,2026-08-09,1,45,Disneyland Park,La Cabane des Robinson,1,CLOSED,STANDBY,0,,,queue-times.com
2026-08-08T23:45:54Z,2026-08-09,1,45,Disneyland Park,Le Passage Enchanté d'Aladdin,2703,CLOSED,STANDBY,0,,,queue-times.com
2026-08-08T23:45:54Z,2026-08-09,1,45,Disneyland Park,Pirate Galleon,2705,CLOSED,STANDBY,0,,,queue-times.com
2026-08-08T23:45:54Z,2026-08-09,1,45,Disneyland Park,Pirates of the Caribbean,3,CLOSED,STANDBY,0,,,queue-times.com
2026-08-08T23:45:54Z,2026-08-09,1,45,Disneyland Park,Pirates' Beach,2704,CLOSED,STANDBY,0,,,queue-times.com
2026-08-08T23:45:54Z,2026-08-09,1,45,Disneyland Park,"Autopia, presented by Avis",4,CLOSED,STANDBY,0,,,queue-times.com
2026-08-08T23:45:54Z,2026-08-09,1,45,Disneyland Park,Buzz Lightyear Laser Blast,5,CLOSED,STANDBY,0,,,queue-times.com
2026-08-08T23:45:54Z,2026-08-09,1,45,Disneyland Park,Disneyland Railroad Discoveryland Station,2706,CLOSED,STANDBY,0,,,queue-times.com
2026-08-08T23:45:54Z,2026-08-09,1,45,Disneyland Park,Les Mystères du Nautilus,6,CLOSED,STANDBY,0,,,queue-times.com
2026-08-08T23:45:54Z,2026-08-09,1,45,Disneyland Park,Mickey’s PhilharMagic,2707,CLOSED,STANDBY,0,,,queue-times.com
2026-08-08T23:45:54Z,2026-08-09,1,45,Disneyland Park,Orbitron®,7,CLOSED,STANDBY,0,,,queue-times.com
2026-08-08T23:45:54Z,2026-08-09,1,45,Disneyland Park,Star Tours: The Adventures Continue*,9,CLOSED,STANDBY,0,,,queue-times.com
2026-08-08T23:45:54Z,2026-08-09,1,45,Disneyland Park,Star Wars Hyperspace Mountain,8,CLOSED,STANDBY,0,,,queue-times.com
2026-08-08T23:45:54Z,2026-08-09,1,45,Disneyland Park,Star Wars Hyperspace Mountain Single Rider,7278,CLOSED,STANDBY,0,,,queue-times.com
2026-08-08T23:45:54Z,2026-08-09,1,45,Disneyland Park,Welcome to Starport: A Star Wars Encounter,4573,CLOSED,STANDBY,0,,,queue-times.com
2026-08-08T23:45:54Z,2026-08-09,1,45,Disneyland Park,"""it's a small world""",19,CLOSED,STANDBY,0,,,queue-times.com
2026-08-08T23:45:54Z,2026-08-09,1,45,Disneyland Park,Alice's Curious Labyrinth,14,CLOSED,STANDBY,0,,,queue-times.com
2026-08-08T23:45:54Z,2026-08-09,1,45,Disneyland Park,Blanche-Neige et les Sept Nains®,15,CLOSED,STANDBY,0,,,queue-times.com
2026-08-08T23:45:54Z,2026-08-09,1,45,Disneyland Park,Casey Jr. – le Petit Train du Cirque,17,CLOSED,STANDBY,0,,,queue-times.com
2026-08-08T23:45:54Z,2026-08-09,1,45,Disneyland Park,Disneyland Railroad Fantasyland Station,2711,CLOSED,STANDBY,0,,,queue-times.com
2026-08-08T23:45:54Z,2026-08-09,1,45,Disneyland Park,Disneyland Railroad Main Street Station,11,CLOSED,STANDBY,0,,,queue-times.com
2026-08-08T23:45:54Z,2026-08-09,1,45,Disneyland Park,Dumbo the Flying Elephant,18,CLOSED,STANDBY,0,,,queue-times.com
2026-08-08T23:45:54Z,2026-08-09,1,45,Disneyland Park,La Tanière du Dragon,2710,CLOSED,STANDBY,0,,,queue-times.com
2026-08-08T23:45:54Z,2026-08-09,1,45,Disneyland Park,Le Carrousel de Lancelot,16,CLOSED,STANDBY,0,,,queue-times.com
2026-08-08T23:45:54Z,2026-08-09,1,45,Disneyland Park,"Le Pays des Contes de Fées, presented by Vittel",21,CLOSED,STANDBY,0,,,queue-times.com
2026-08-08T23:45:54Z,2026-08-09,1,45,Disneyland Park,Les Voyages de Pinocchio,23,CLOSED,STANDBY,0,,,queue-times.com
2026-08-08T23:45:54Z,2026-08-09,1,45,Disneyland Park,Mad Hatter's Tea Cups,20,CLOSED,STANDBY,0,,,queue-times.com
2026-08-08T23:45:54Z,2026-08-09,1,45,Disneyland Park,Meet Mickey Mouse,13,CLOSED,STANDBY,0,,,queue-times.com
2026-08-08T23:45:54Z,2026-08-09,1,45,Disneyland Park,Peter Pan's Flight,22,CLOSED,STANDBY,0,,,queue-times.com
2026-08-08T23:45:54Z,2026-08-09,1,45,Disneyland Park,Princess Pavilion,24,CLOSED,STANDBY,0,,,queue-times.com
2026-08-08T23:45:54Z,2026-08-09,1,45,Disneyland Park,Big Thunder Mountain,25,CLOSED,STANDBY,0,,,queue-times.com
2026-08-08T23:45:54Z,2026-08-09,1,45,Disneyland Park,Disneyland Railroad Frontierland Depot,2714,CLOSED,STANDBY,0,,,queue-times.com
2026-08-08T23:45:54Z,2026-08-09,1,45,Disneyland Park,Frontierland Playground,2713,CLOSED,STANDBY,0,,,queue-times.com
2026-08-08T23:45:54Z,2026-08-09,1,45,Disneyland Park,Phantom Manor,26,CLOSED,STANDBY,0,,,queue-times.com
2026-08-08T23:45:54Z,2026-08-09,1,45,Disneyland Park,River Rogue Keelboats,27,CLOSED,STANDBY,0,,,queue-times.com
2026-08-08T23:45:54Z,2026-08-09,1,45,Disneyland Park,Rustler Roundup Shootin' Gallery,2712,CLOSED,STANDBY,0,,,queue-times.com
2026-08-08T23:45:54Z,2026-08-09,1,45,Disneyland Park,Thunder Mesa Riverboat Landing,28,CLOSED,STANDBY,0,,,queue-times.com
2026-08-08T23:45:54Z,2026-08-09,1,45,Disneyland Park,Disneyland Railroad Main Street Station,2708,CLOSED,STANDBY,0,,,queue-times.com
2026-08-08T23:45:54Z,2026-08-09,1,45,Disneyland Park,Main Street Vehicles,12,CLOSED,STANDBY,0,,,queue-times.com
2026-08-08T23:45:54Z,2026-08-09,1,45,Disney Adventure World,Avengers Assemble: Flight Force,10848,CLOSED,STANDBY,0,,,queue-times.com
2026-08-08T23:45:54Z,2026-08-09,1,45,Disney Adventure World,Avengers Assemble: Flight Force Single Rider,10849,CLOSED,STANDBY,0,,,queue-times.com
2026-08-08T23:45:54Z,2026-08-09,1,45,Disney Adventure World,Spider-Man W.E.B. Adventure,10845,CLOSED,STANDBY,0,,,queue-times.com
2026-08-08T23:45:54Z,2026-08-09,1,45,Disney Adventure World,Spider-Man W.E.B. Adventure Single Rider,10846,CLOSED,STANDBY,0,,,queue-times.com
2026-08-08T23:45:54Z,2026-08-09,1,45,Disney Adventure World,The Twilight Zone Tower of Terror,40,CLOSED,STANDBY,0,,,queue-times.com
2026-08-08T23:45:54Z,2026-08-09,1,45,Disney Adventure World,Cars Quatre Roues Rallye,31,CLOSED,STANDBY,0,,,queue-times.com
2026-08-08T23:45:54Z,2026-08-09,1,45,Disney Adventure World,Cars ROAD TRIP,29,CLOSED,STANDBY,0,,,queue-times.com
2026-08-08T23:45:54Z,2026-08-09,1,45,Disney Adventure World,Crush's Coaster,32,CLOSED,STANDBY,0,,,queue-times.com
2026-08-08T23:45:54Z,2026-08-09,1,45,Disney Adventure World,Crush's Coaster Single Rider,7277,CLOSED,STANDBY,0,,,queue-times.com
2026-08-08T23:45:54Z,2026-08-09,1,45,Disney Adventure World,Les Tapis Volants - Flying Carpets Over Agrabah®,33,CLOSED,STANDBY,0,,,queue-times.com
2026-08-08T23:45:54Z,2026-08-09,1,45,Disney Adventure World,Ratatouille : L’Aventure Totalement Toquée de Rémy​,37,CLOSED,STANDBY,0,,,queue-times.com
2026-08-08T23:45:54Z,2026-08-09,1,45,Disney Adventure World,Ratatouille: The Adventure Single Rider,7279,CLOSED,STANDBY,0,,,queue-times.com
2026-08-08T23:45:54Z,2026-08-09,1,45,Disney Adventure World,RC Racer,34,CLOSED,STANDBY,0,,,queue-times.com
2026-08-08T23:45:54Z,2026-08-09,1,45,Disney Adventure World,RC Racer Single Rider,7280,CLOSED,STANDBY,0,,,queue-times.com
2026-08-08T23:45:54Z,2026-08-09,1,45,Disney Adventure World,Slinky® Dog Zigzag Spin,36,CLOSED,STANDBY,0,,,queue-times.com
2026-08-08T23:45:54Z,2026-08-09,1,45,Disney Adventure World,Toy Soldiers Parachute Drop,35,CLOSED,STANDBY,0,,,queue-times.com
2026-08-08T23:45:54Z,2026-08-09,1,45,Disney Adventure World,Toy Soldiers Parachute Drop Single Rider,7281,CLOSED,STANDBY,0,,,queue-times.com
2026-08-08T23:45:54Z,2026-08-09,1,45,Disney Adventure World,Entry to World of Frozen,16247,CLOSED,STANDBY,0,,,queue-times.com
2026-08-08T23:45:54Z,2026-08-09,1,45,Disney Adventure World,Frozen Ever After,15413,CLOSED,STANDBY,0,,,queue-times.com
2026-08-08T23:45:54Z,2026-08-09,1,45,Disney Adventure World,Raiponce Tangled Spin,15415,CLOSED,STANDBY,0,,,queue-times.com
2026-08-09T06:01:17Z,2026-08-09,8,1,Disneyland Park,Adventure Isle,2702,CLOSED,STANDBY,0,,,queue-times.com
2026-08-09T06:01:17Z,2026-08-09,8,1,Disneyland Park,Indiana Jones and the Temple of Peril Single Rider,7306,CLOSED,STANDBY,0,,,queue-times.com
2026-08-09T06:01:17Z,2026-08-09,8,1,Disneyland Park,Indiana Jones™ and the Temple of Peril,2,CLOSED,STANDBY,0,,,queue-times.com
2026-08-09T06:01:17Z,2026-08-09,8,1,Disneyland Park,La Cabane des Robinson,1,CLOSED,STANDBY,0,,,queue-times.com
2026-08-09T06:01:17Z,2026-08-09,8,1,Disneyland Park,Le Passage Enchanté d'Aladdin,2703,CLOSED,STANDBY,0,,,queue-times.com
2026-08-09T06:01:17Z,2026-08-09,8,1,Disneyland Park,Pirate Galleon,2705,CLOSED,STANDBY,0,,,queue-times.com
2026-08-09T06:01:17Z,2026-08-09,8,1,Disneyland Park,Pirates of the Caribbean,3,CLOSED,STANDBY,0,,,queue-times.com
2026-08-09T06:01:17Z,2026-08-09,8,1,Disneyland Park,Pirates' Beach,2704,CLOSED,STANDBY,0,,,queue-times.com
2026-08-09T06:01:17Z,2026-08-09,8,1,Disneyland Park,"Autopia, presented by Avis",4,CLOSED,STANDBY,0,,,queue-times.com
2026-08-09T06:01:17Z,2026-08-09,8,1,Disneyland Park,Buzz Lightyear Laser Blast,5,CLOSED,STANDBY,0,,,queue-times.com
2026-08-09T06:01:17Z,2026-08-09,8,1,Disneyland Park,Disneyland Railroad Discoveryland Station,2706,CLOSED,STANDBY,0,,,queue-times.com
2026-08-09T06:01:17Z,2026-08-09,8,1,Disneyland Park,Les Mystères du Nautilus,6,CLOSED,STANDBY,0,,,queue-times.com
2026-08-09T06:01:17Z,2026-08-09,8,1,Disneyland Park,Mickey’s PhilharMagic,2707,CLOSED,STANDBY,0,,,queue-times.com
2026-08-09T06:01:17Z,2026-08-09,8,1,Disneyland Park,Orbitron®,7,CLOSED,STANDBY,0,,,queue-times.com
2026-08-09T06:01:17Z,2026-08-09,8,1,Disneyland Park,Star Tours: The Adventures Continue*,9,CLOSED,STANDBY,0,,,queue-times.com
2026-08-09T06:01:17Z,2026-08-09,8,1,Disneyland Park,Star Wars Hyperspace Mountain,8,CLOSED,STANDBY,0,,,queue-times.com
2026-08-09T06:01:17Z,2026-08-09,8,1,Disneyland Park,Star Wars Hyperspace Mountain Single Rider,7278,CLOSED,STANDBY,0,,,queue-times.com
2026-08-09T06:01:17Z,2026-08-09,8,1,Disneyland Park,Welcome to Starport: A Star Wars Encounter,4573,CLOSED,STANDBY,0,,,queue-times.com
2026-08-09T06:01:17Z,2026-08-09,8,1,Disneyland Park,"""it's a small world""",19,CLOSED,STANDBY,0,,,queue-times.com
2026-08-09T06:01:17Z,2026-08-09,8,1,Disneyland Park,Alice's Curious Labyrinth,14,CLOSED,STANDBY,0,,,queue-times.com
2026-08-09T06:01:17Z,2026-08-09,8,1,Disneyland Park,Blanche-Neige et les Sept Nains®,15,CLOSED,STANDBY,0,,,queue-times.com
2026-08-09T06:01:17Z,2026-08-09,8,1,Disneyland Park,Casey Jr. – le Petit Train du Cirque,17,CLOSED,STANDBY,0,,,queue-times.com
2026-08-09T06:01:17Z,2026-08-09,8,1,Disneyland Park,Disneyland Railroad Fantasyland Station,2711,CLOSED,STANDBY,0,,,queue-times.com
2026-08-09T06:01:17Z,2026-08-09,8,1,Disneyland Park,Disneyland Railroad Main Street Station,11,CLOSED,STANDBY,0,,,queue-times.com
2026-08-09T06:01:17Z,2026-08-09,8,1,Disneyland Park,Dumbo the Flying Elephant,18,CLOSED,STANDBY,0,,,queue-times.com
2026-08-09T06:01:17Z,2026-08-09,8,1,Disneyland Park,La Tanière du Dragon,2710,CLOSED,STANDBY,0,,,queue-times.com
2026-08-09T06:01:17Z,2026-08-09,8,1,Disneyland Park,Le Carrousel de Lancelot,16,CLOSED,STANDBY,0,,,queue-times.com
2026-08-09T06:01:17Z,2026-08-09,8,1,Disneyland Park,"Le Pays des Contes de Fées, presented by Vittel",21,CLOSED,STANDBY,0,,,queue-times.com
2026-08-09T06:01:17Z,2026-08-09,8,1,Disneyland Park,Les Voyages de Pinocchio,23,CLOSED,STANDBY,0,,,queue-times.com
2026-08-09T06:01:17Z,2026-08-09,8,1,Disneyland Park,Mad Hatter's Tea Cups,20,CLOSED,STANDBY,0,,,queue-times.com
2026-08-09T06:01:17Z,2026-08-09,8,1,Disneyland Park,Meet Mickey Mouse,13,CLOSED,STANDBY,0,,,queue-times.com
2026-08-09T06:01:17Z,2026-08-09,8,1,Disneyland Park,Peter Pan's Flight,22,CLOSED,STANDBY,0,,,queue-times.com
2026-08-09T06:01:17Z,2026-08-09,8,1,Disneyland Park,Princess Pavilion,24,CLOSED,STANDBY,0,,,queue-times.com
2026-08-09T06:01:17Z,2026-08-09,8,1,Disneyland Park,Big Thunder Mountain,25,CLOSED,STANDBY,0,,,queue-times.com
2026-08-09T06:01:17Z,2026-08-09,8,1,Disneyland Park,Disneyland Railroad Frontierland Depot,2714,CLOSED,STANDBY,0,,,queue-times.com
2026-08-09T06:01:17Z,2026-08-09,8,1,Disneyland Park,Frontierland Playground,2713,CLOSED,STANDBY,0,,,queue-times.com
2026-08-09T06:01:17Z,2026-08-09,8,1,Disneyland Park,Phantom Manor,26,CLOSED,STANDBY,0,,,queue-times.com
2026-08-09T06:01:17Z,2026-08-09,8,1,Disneyland Park,River Rogue Keelboats,27,CLOSED,STANDBY,0,,,queue-times.com
2026-08-09T06:01:17Z,2026-08-09,8,1,Disneyland Park,Rustler Roundup Shootin' Gallery,2712,CLOSED,STANDBY,0,,,queue-times.com
2026-08-09T06:01:17Z,2026-08-09,8,1,Disneyland Park,Thunder Mesa Riverboat Landing,28,CLOSED,STANDBY,0,,,queue-times.com
2026-08-09T06:01:17Z,2026-08-09,8,1,Disneyland Park,Disneyland Railroad Main Street Station,2708,CLOSED,STANDBY,0,,,queue-times.com
2026-08-09T06:01:17Z,2026-08-09,8,1,Disneyland Park,Main Street Vehicles,12,CLOSED,STANDBY,0,,,queue-times.com
2026-08-09T06:01:17Z,2026-08-09,8,1,Disney Adventure World,Avengers Assemble: Flight Force,10848,CLOSED,STANDBY,0,,,queue-times.com
2026-08-09T06:01:17Z,2026-08-09,8,1,Disney Adventure World,Avengers Assemble: Flight Force Single Rider,10849,CLOSED,STANDBY,0,,,queue-times.com
2026-08-09T06:01:17Z,2026-08-09,8,1,Disney Adventure World,Spider-Man W.E.B. Adventure,10845,CLOSED,STANDBY,0,,,queue-times.com
2026-08-09T06:01:17Z,2026-08-09,8,1,Disney Adventure World,Spider-Man W.E.B. Adventure Single Rider,10846,CLOSED,STANDBY,0,,,queue-times.com
2026-08-09T06:01:17Z,2026-08-09,8,1,Disney Adventure World,The Twilight Zone Tower of Terror,40,CLOSED,STANDBY,0,,,queue-times.com
2026-08-09T06:01:17Z,2026-08-09,8,1,Disney Adventure World,Cars Quatre Roues Rallye,31,CLOSED,STANDBY,0,,,queue-times.com
2026-08-09T06:01:17Z,2026-08-09,8,1,Disney Adventure World,Cars ROAD TRIP,29,CLOSED,STANDBY,0,,,queue-times.com
2026-08-09T06:01:17Z,2026-08-09,8,1,Disney Adventure World,Crush's Coaster,32,CLOSED,STANDBY,0,,,queue-times.com
2026-08-09T06:01:17Z,2026-08-09,8,1,Disney Adventure World,Crush's Coaster Single Rider,7277,CLOSED,STANDBY,0,,,queue-times.com
2026-08-09T06:01:17Z,2026-08-09,8,1,Disney Adventure World,Les Tapis Volants - Flying Carpets Over Agrabah®,33,CLOSED,STANDBY,0,,,queue-times.com
2026-08-09T06:01:17Z,2026-08-09,8,1,Disney Adventure World,Ratatouille : L’Aventure Totalement Toquée de Rémy​,37,CLOSED,STANDBY,0,,,queue-times.com
2026-08-09T06:01:17Z,2026-08-09,8,1,Disney Adventure World,Ratatouille: The Adventure Single Rider,7279,CLOSED,STANDBY,0,,,queue-times.com
2026-08-09T06:01:17Z,2026-08-09,8,1,Disney Adventure World,RC Racer,34,CLOSED,STANDBY,0,,,queue-times.com
2026-08-09T06:01:17Z,2026-08-09,8,1,Disney Adventure World,RC Racer Single Rider,7280,CLOSED,STANDBY,0,,,queue-times.com
2026-08-09T06:01:17Z,2026-08-09,8,1,Disney Adventure World,Slinky® Dog Zigzag Spin,36,CLOSED,STANDBY,0,,,queue-times.com
2026-08-09T06:01:17Z,2026-08-09,8,1,Disney Adventure World,Toy Soldiers Parachute Drop,35,CLOSED,STANDBY,0,,,queue-times.com
2026-08-09T06:01:17Z,2026-08-09,8,1,Disney Adventure World,Toy Soldiers Parachute Drop Single Rider,7281,CLOSED,STANDBY,0,,,queue-times.com
2026-08-09T06:01:17Z,2026-08-09,8,1,Disney Adventure World,Entry to World of Frozen,16247,CLOSED,STANDBY,0,,,queue-times.com
2026-08-09T06:01:17Z,2026-08-09,8,1,Disney Adventure World,Frozen Ever After,15413,CLOSED,STANDBY,0,,,queue-times.com
2026-08-09T06:01:17Z,2026-08-09,8,1,Disney Adventure World,Raiponce Tangled Spin,15415,CLOSED,STANDBY,0,,,queue-times.com
2026-08-09T06:15:50Z,2026-08-09,8,15,Disneyland Park,Adventure Isle,2702,CLOSED,STANDBY,0,,,queue-times.com
2026-08-09T06:15:50Z,2026-08-09,8,15,Disneyland Park,Indiana Jones and the Temple of Peril Single Rider,7306,CLOSED,STANDBY,0,,,queue-times.com
2026-08-09T06:15:50Z,2026-08-09,8,15,Disneyland Park,Indiana Jones™ and the Temple of Peril,2,CLOSED,STANDBY,0,,,queue-times.com
2026-08-09T06:15:50Z,2026-08-09,8,15,Disneyland Park,La Cabane des Robinson,1,CLOSED,STANDBY,0,,,queue-times.com
2026-08-09T06:15:50Z,2026-08-09,8,15,Disneyland Park,Le Passage Enchanté d'Aladdin,2703,CLOSED,STANDBY,0,,,queue-times.com
2026-08-09T06:15:50Z,2026-08-09,8,15,Disneyland Park,Pirate Galleon,2705,CLOSED,STANDBY,0,,,queue-times.com
2026-08-09T06:15:50Z,2026-08-09,8,15,Disneyland Park,Pirates of the Caribbean,3,CLOSED,STANDBY,0,,,queue-times.com
2026-08-09T06:15:50Z,2026-08-09,8,15,Disneyland Park,Pirates' Beach,2704,CLOSED,STANDBY,0,,,queue-times.com
2026-08-09T06:15:50Z,2026-08-09,8,15,Disneyland Park,"Autopia, presented by Avis",4,CLOSED,STANDBY,0,,,queue-times.com
2026-08-09T06:15:50Z,2026-08-09,8,15,Disneyland Park,Buzz Lightyear Laser Blast,5,CLOSED,STANDBY,0,,,queue-times.com
2026-08-09T06:15:50Z,2026-08-09,8,15,Disneyland Park,Disneyland Railroad Discoveryland Station,2706,CLOSED,STANDBY,0,,,queue-times.com
2026-08-09T06:15:50Z,2026-08-09,8,15,Disneyland Park,Les Mystères du Nautilus,6,CLOSED,STANDBY,0,,,queue-times.com
2026-08-09T06:15:50Z,2026-08-09,8,15,Disneyland Park,Mickey’s PhilharMagic,2707,CLOSED,STANDBY,0,,,queue-times.com
2026-08-09T06:15:50Z,2026-08-09,8,15,Disneyland Park,Orbitron®,7,CLOSED,STANDBY,0,,,queue-times.com
2026-08-09T06:15:50Z,2026-08-09,8,15,Disneyland Park,Star Tours: The Adventures Continue*,9,CLOSED,STANDBY,0,,,queue-times.com
2026-08-09T06:15:50Z,2026-08-09,8,15,Disneyland Park,Star Wars Hyperspace Mountain,8,CLOSED,STANDBY,0,,,queue-times.com
2026-08-09T06:15:50Z,2026-08-09,8,15,Disneyland Park,Star Wars Hyperspace Mountain Single Rider,7278,CLOSED,STANDBY,0,,,queue-times.com
2026-08-09T06:15:50Z,2026-08-09,8,15,Disneyland Park,Welcome to Starport: A Star Wars Encounter,4573,CLOSED,STANDBY,0,,,queue-times.com
2026-08-09T06:15:50Z,2026-08-09,8,15,Disneyland Park,"""it's a small world""",19,CLOSED,STANDBY,0,,,queue-times.com
2026-08-09T06:15:50Z,2026-08-09,8,15,Disneyland Park,Alice's Curious Labyrinth,14,CLOSED,STANDBY,0,,,queue-times.com
2026-08-09T06:15:50Z,2026-08-09,8,15,Disneyland Park,Blanche-Neige et les Sept Nains®,15,CLOSED,STANDBY,0,,,queue-times.com
2026-08-09T06:15:50Z,2026-08-09,8,15,Disneyland Park,Casey Jr. – le Petit Train du Cirque,17,CLOSED,STANDBY,0,,,queue-times.com
2026-08-09T06:15:50Z,2026-08-09,8,15,Disneyland Park,Disneyland Railroad Fantasyland Station,2711,CLOSED,STANDBY,0,,,queue-times.com
2026-08-09T06:15:50Z,2026-08-09,8,15,Disneyland Park,Disneyland Railroad Main Street Station,11,CLOSED,STANDBY,0,,,queue-times.com
2026-08-09T06:15:50Z,2026-08-09,8,15,Disneyland Park,Dumbo the Flying Elephant,18,CLOSED,STANDBY,0,,,queue-times.com
2026-08-09T06:15:50Z,2026-08-09,8,15,Disneyland Park,La Tanière du Dragon,2710,CLOSED,STANDBY,0,,,queue-times.com
2026-08-09T06:15:50Z,2026-08-09,8,15,Disneyland Park,Le Carrousel de Lancelot,16,CLOSED,STANDBY,0,,,queue-times.com
2026-08-09T06:15:50Z,2026-08-09,8,15,Disneyland Park,"Le Pays des Contes de Fées, presented by Vittel",21,CLOSED,STANDBY,0,,,queue-times.com
2026-08-09T06:15:50Z,2026-08-09,8,15,Disneyland Park,Les Voyages de Pinocchio,23,CLOSED,STANDBY,0,,,queue-times.com
2026-08-09T06:15:50Z,2026-08-09,8,15,Disneyland Park,Mad Hatter's Tea Cups,20,CLOSED,STANDBY,0,,,queue-times.com
2026-08-09T06:15:50Z,2026-08-09,8,15,Disneyland Park,Meet Mickey Mouse,13,CLOSED,STANDBY,0,,,queue-times.com
2026-08-09T06:15:50Z,2026-08-09,8,15,Disneyland Park,Peter Pan's Flight,22,CLOSED,STANDBY,0,,,queue-times.com
2026-08-09T06:15:50Z,2026-08-09,8,15,Disneyland Park,Princess Pavilion,24,CLOSED,STANDBY,0,,,queue-times.com
2026-08-09T06:15:50Z,2026-08-09,8,15,Disneyland Park,Big Thunder Mountain,25,CLOSED,STANDBY,0,,,queue-times.com
2026-08-09T06:15:50Z,2026-08-09,8,15,Disneyland Park,Disneyland Railroad Frontierland Depot,2714,CLOSED,STANDBY,0,,,queue-times.com
2026-08-09T06:15:50Z,2026-08-09,8,15,Disneyland Park,Frontierland Playground,2713,CLOSED,STANDBY,0,,,queue-times.com
2026-08-09T06:15:50Z,2026-08-09,8,15,Disneyland Park,Phantom Manor,26,CLOSED,STANDBY,0,,,queue-times.com
2026-08-09T06:15:50Z,2026-08-09,8,15,Disneyland Park,River Rogue Keelboats,27,CLOSED,STANDBY,0,,,queue-times.com
2026-08-09T06:15:50Z,2026-08-09,8,15,Disneyland Park,Rustler Roundup Shootin' Gallery,2712,CLOSED,STANDBY,0,,,queue-times.com
2026-08-09T06:15:50Z,2026-08-09,8,15,Disneyland Park,Thunder Mesa Riverboat Landing,28,CLOSED,STANDBY,0,,,queue-times.com
2026-08-09T06:15:50Z,2026-08-09,8,15,Disneyland Park,Disneyland Railroad Main Street Station,2708,CLOSED,STANDBY,0,,,queue-times.com
2026-08-09T06:15:50Z,2026-08-09,8,15,Disneyland Park,Main Street Vehicles,12,CLOSED,STANDBY,0,,,queue-times.com
2026-08-09T06:15:50Z,2026-08-09,8,15,Disney Adventure World,Avengers Assemble: Flight Force,10848,CLOSED,STANDBY,0,,,queue-times.com
2026-08-09T06:15:50Z,2026-08-09,8,15,Disney Adventure World,Avengers Assemble: Flight Force Single Rider,10849,CLOSED,STANDBY,0,,,queue-times.com
2026-08-09T06:15:50Z,2026-08-09,8,15,Disney Adventure World,Spider-Man W.E.B. Adventure,10845,CLOSED,STANDBY,0,,,queue-times.com
2026-08-09T06:15:50Z,2026-08-09,8,15,Disney Adventure World,Spider-Man W.E.B. Adventure Single Rider,10846,CLOSED,STANDBY,0,,,queue-times.com
2026-08-09T06:15:50Z,2026-08-09,8,15,Disney Adventure World,The Twilight Zone Tower of Terror,40,CLOSED,STANDBY,0,,,queue-times.com
2026-08-09T06:15:50Z,2026-08-09,8,15,Disney Adventure World,Cars Quatre Roues Rallye,31,CLOSED,STANDBY,0,,,queue-times.com
2026-08-09T06:15:50Z,2026-08-09,8,15,Disney Adventure World,Cars ROAD TRIP,29,CLOSED,STANDBY,0,,,queue-times.com
2026-08-09T06:15:50Z,2026-08-09,8,15,Disney Adventure World,Crush's Coaster,32,CLOSED,STANDBY,0,,,queue-times.com
2026-08-09T06:15:50Z,2026-08-09,8,15,Disney Adventure World,Crush's Coaster Single Rider,7277,CLOSED,STANDBY,0,,,queue-times.com
2026-08-09T06:15:50Z,2026-08-09,8,15,Disney Adventure World,Les Tapis Volants - Flying Carpets Over Agrabah®,33,CLOSED,STANDBY,0,,,queue-times.com
2026-08-09T06:15:50Z,2026-08-09,8,15,Disney Adventure World,Ratatouille : L’Aventure Totalement Toquée de Rémy​,37,CLOSED,STANDBY,0,,,queue-times.com
2026-08-09T06:15:50Z,2026-08-09,8,15,Disney Adventure World,Ratatouille: The Adventure Single Rider,7279,CLOSED,STANDBY,0,,,queue-times.com
2026-08-09T06:15:50Z,2026-08-09,8,15,Disney Adventure World,RC Racer,34,CLOSED,STANDBY,0,,,queue-times.com
2026-08-09T06:15:50Z,2026-08-09,8,15,Disney Adventure World,RC Racer Single Rider,7280,CLOSED,STANDBY,0,,,queue-times.com
2026-08-09T06:15:50Z,2026-08-09,8,15,Disney Adventure World,Slinky® Dog Zigzag Spin,36,CLOSED,STANDBY,0,,,queue-times.com
2026-08-09T06:15:50Z,2026-08-09,8,15,Disney Adventure World,Toy Soldiers Parachute Drop,35,CLOSED,STANDBY,0,,,queue-times.com
2026-08-09T06:15:50Z,2026-08-09,8,15,Disney Adventure World,Toy Soldiers Parachute Drop Single Rider,7281,CLOSED,STANDBY,0,,,queue-times.com
2026-08-09T06:15:50Z,2026-08-09,8,15,Disney Adventure World,Entry to World of Frozen,16247,CLOSED,STANDBY,0,,,queue-times.com
2026-08-09T06:15:50Z,2026-08-09,8,15,Disney Adventure World,Frozen Ever After,15413,CLOSED,STANDBY,0,,,queue-times.com
2026-08-09T06:15:50Z,2026-08-09,8,15,Disney Adventure World,Raiponce Tangled Spin,15415,CLOSED,STANDBY,0,,,queue-times.com
2026-08-09T06:31:06Z,2026-08-09,8,31,Disneyland Park,Adventure Isle,2702,CLOSED,STANDBY,0,,,queue-times.com
2026-08-09T06:31:06Z,2026-08-09,8,31,Disneyland Park,Indiana Jones and the Temple of Peril Single Rider,7306,CLOSED,STANDBY,0,,,queue-times.com
2026-08-09T06:31:06Z,2026-08-09,8,31,Disneyland Park,Indiana Jones™ and the Temple of Peril,2,CLOSED,STANDBY,0,,,queue-times.com
2026-08-09T06:31:06Z,2026-08-09,8,31,Disneyland Park,La Cabane des Robinson,1,CLOSED,STANDBY,0,,,queue-times.com
2026-08-09T06:31:06Z,2026-08-09,8,31,Disneyland Park,Le Passage Enchanté d'Aladdin,2703,CLOSED,STANDBY,0,,,queue-times.com
2026-08-09T06:31:06Z,2026-08-09,8,31,Disneyland Park,Pirate Galleon,2705,CLOSED,STANDBY,0,,,queue-times.com
2026-08-09T06:31:06Z,2026-08-09,8,31,Disneyland Park,Pirates of the Caribbean,3,CLOSED,STANDBY,0,,,queue-times.com
2026-08-09T06:31:06Z,2026-08-09,8,31,Disneyland Park,Pirates' Beach,2704,CLOSED,STANDBY,0,,,queue-times.com
2026-08-09T06:31:06Z,2026-08-09,8,31,Disneyland Park,"Autopia, presented by Avis",4,CLOSED,STANDBY,0,,,queue-times.com
2026-08-09T06:31:06Z,2026-08-09,8,31,Disneyland Park,Buzz Lightyear Laser Blast,5,CLOSED,STANDBY,0,,,queue-times.com
2026-08-09T06:31:06Z,2026-08-09,8,31,Disneyland Park,Disneyland Railroad Discoveryland Station,2706,CLOSED,STANDBY,0,,,queue-times.com
2026-08-09T06:31:06Z,2026-08-09,8,31,Disneyland Park,Les Mystères du Nautilus,6,CLOSED,STANDBY,0,,,queue-times.com
2026-08-09T06:31:06Z,2026-08-09,8,31,Disneyland Park,Mickey’s PhilharMagic,2707,CLOSED,STANDBY,0,,,queue-times.com
2026-08-09T06:31:06Z,2026-08-09,8,31,Disneyland Park,Orbitron®,7,CLOSED,STANDBY,0,,,queue-times.com
2026-08-09T06:31:06Z,2026-08-09,8,31,Disneyland Park,Star Tours: The Adventures Continue*,9,CLOSED,STANDBY,0,,,queue-times.com
2026-08-09T06:31:06Z,2026-08-09,8,31,Disneyland Park,Star Wars Hyperspace Mountain,8,OPERATING,STANDBY,5,,,queue-times.com
2026-08-09T06:31:06Z,2026-08-09,8,31,Disneyland Park,Star Wars Hyperspace Mountain Single Rider,7278,OPERATING,STANDBY,0,,,queue-times.com
2026-08-09T06:31:06Z,2026-08-09,8,31,Disneyland Park,Welcome to Starport: A Star Wars Encounter,4573,CLOSED,STANDBY,0,,,queue-times.com
2026-08-09T06:31:06Z,2026-08-09,8,31,Disneyland Park,"""it's a small world""",19,CLOSED,STANDBY,0,,,queue-times.com
2026-08-09T06:31:06Z,2026-08-09,8,31,Disneyland Park,Alice's Curious Labyrinth,14,CLOSED,STANDBY,0,,,queue-times.com
2026-08-09T06:31:06Z,2026-08-09,8,31,Disneyland Park,Blanche-Neige et les Sept Nains®,15,CLOSED,STANDBY,0,,,queue-times.com
2026-08-09T06:31:06Z,2026-08-09,8,31,Disneyland Park,Casey Jr. – le Petit Train du Cirque,17,CLOSED,STANDBY,0,,,queue-times.com
2026-08-09T06:31:06Z,2026-08-09,8,31,Disneyland Park,Disneyland Railroad Fantasyland Station,2711,CLOSED,STANDBY,0,,,queue-times.com
2026-08-09T06:31:06Z,2026-08-09,8,31,Disneyland Park,Disneyland Railroad Main Street Station,11,CLOSED,STANDBY,0,,,queue-times.com
2026-08-09T06:31:06Z,2026-08-09,8,31,Disneyland Park,Dumbo the Flying Elephant,18,OPERATING,STANDBY,10,,,queue-times.com
2026-08-09T06:31:06Z,2026-08-09,8,31,Disneyland Park,La Tanière du Dragon,2710,CLOSED,STANDBY,0,,,queue-times.com
2026-08-09T06:31:06Z,2026-08-09,8,31,Disneyland Park,Le Carrousel de Lancelot,16,CLOSED,STANDBY,0,,,queue-times.com
2026-08-09T06:31:06Z,2026-08-09,8,31,Disneyland Park,"Le Pays des Contes de Fées, presented by Vittel",21,CLOSED,STANDBY,0,,,queue-times.com
2026-08-09T06:31:06Z,2026-08-09,8,31,Disneyland Park,Les Voyages de Pinocchio,23,CLOSED,STANDBY,0,,,queue-times.com
2026-08-09T06:31:06Z,2026-08-09,8,31,Disneyland Park,Mad Hatter's Tea Cups,20,CLOSED,STANDBY,0,,,queue-times.com
2026-08-09T06:31:06Z,2026-08-09,8,31,Disneyland Park,Meet Mickey Mouse,13,CLOSED,STANDBY,0,,,queue-times.com
2026-08-09T06:31:06Z,2026-08-09,8,31,Disneyland Park,Peter Pan's Flight,22,OPERATING,STANDBY,5,,,queue-times.com
2026-08-09T06:31:06Z,2026-08-09,8,31,Disneyland Park,Princess Pavilion,24,CLOSED,STANDBY,0,,,queue-times.com
2026-08-09T06:31:06Z,2026-08-09,8,31,Disneyland Park,Big Thunder Mountain,25,OPERATING,STANDBY,5,,,queue-times.com
2026-08-09T06:31:06Z,2026-08-09,8,31,Disneyland Park,Disneyland Railroad Frontierland Depot,2714,CLOSED,STANDBY,0,,,queue-times.com
2026-08-09T06:31:06Z,2026-08-09,8,31,Disneyland Park,Frontierland Playground,2713,CLOSED,STANDBY,0,,,queue-times.com
2026-08-09T06:31:06Z,2026-08-09,8,31,Disneyland Park,Phantom Manor,26,CLOSED,STANDBY,0,,,queue-times.com
2026-08-09T06:31:06Z,2026-08-09,8,31,Disneyland Park,River Rogue Keelboats,27,CLOSED,STANDBY,0,,,queue-times.com
2026-08-09T06:31:06Z,2026-08-09,8,31,Disneyland Park,Rustler Roundup Shootin' Gallery,2712,CLOSED,STANDBY,0,,,queue-times.com
2026-08-09T06:31:06Z,2026-08-09,8,31,Disneyland Park,Thunder Mesa Riverboat Landing,28,CLOSED,STANDBY,0,,,queue-times.com
2026-08-09T06:31:06Z,2026-08-09,8,31,Disneyland Park,Disneyland Railroad Main Street Station,2708,CLOSED,STANDBY,0,,,queue-times.com
2026-08-09T06:31:06Z,2026-08-09,8,31,Disneyland Park,Main Street Vehicles,12,OPERATING,STANDBY,5,,,queue-times.com
2026-08-09T06:31:06Z,2026-08-09,8,31,Disney Adventure World,Avengers Assemble: Flight Force,10848,OPERATING,STANDBY,5,,,queue-times.com
2026-08-09T06:31:06Z,2026-08-09,8,31,Disney Adventure World,Avengers Assemble: Flight Force Single Rider,10849,OPERATING,STANDBY,5,,,queue-times.com
2026-08-09T06:31:06Z,2026-08-09,8,31,Disney Adventure World,Spider-Man W.E.B. Adventure,10845,OPERATING,STANDBY,5,,,queue-times.com
2026-08-09T06:31:06Z,2026-08-09,8,31,Disney Adventure World,Spider-Man W.E.B. Adventure Single Rider,10846,OPERATING,STANDBY,5,,,queue-times.com
2026-08-09T06:31:06Z,2026-08-09,8,31,Disney Adventure World,The Twilight Zone Tower of Terror,40,OPERATING,STANDBY,5,,,queue-times.com
2026-08-09T06:31:06Z,2026-08-09,8,31,Disney Adventure World,Cars Quatre Roues Rallye,31,CLOSED,STANDBY,0,,,queue-times.com
2026-08-09T06:31:06Z,2026-08-09,8,31,Disney Adventure World,Cars ROAD TRIP,29,CLOSED,STANDBY,0,,,queue-times.com
2026-08-09T06:31:06Z,2026-08-09,8,31,Disney Adventure World,Crush's Coaster,32,OPERATING,STANDBY,50,,,queue-times.com
2026-08-09T06:31:06Z,2026-08-09,8,31,Disney Adventure World,Crush's Coaster Single Rider,7277,OPERATING,STANDBY,5,,,queue-times.com
2026-08-09T06:31:06Z,2026-08-09,8,31,Disney Adventure World,Les Tapis Volants - Flying Carpets Over Agrabah®,33,CLOSED,STANDBY,0,,,queue-times.com
2026-08-09T06:31:06Z,2026-08-09,8,31,Disney Adventure World,Ratatouille : L’Aventure Totalement Toquée de Rémy​,37,CLOSED,STANDBY,0,,,queue-times.com
2026-08-09T06:31:06Z,2026-08-09,8,31,Disney Adventure World,Ratatouille: The Adventure Single Rider,7279,CLOSED,STANDBY,0,,,queue-times.com
2026-08-09T06:31:06Z,2026-08-09,8,31,Disney Adventure World,RC Racer,34,CLOSED,STANDBY,0,,,queue-times.com
2026-08-09T06:31:06Z,2026-08-09,8,31,Disney Adventure World,RC Racer Single Rider,7280,CLOSED,STANDBY,0,,,queue-times.com
2026-08-09T06:31:06Z,2026-08-09,8,31,Disney Adventure World,Slinky® Dog Zigzag Spin,36,OPERATING,STANDBY,5,,,queue-times.com
2026-08-09T06:31:06Z,2026-08-09,8,31,Disney Adventure World,Toy Soldiers Parachute Drop,35,CLOSED,STANDBY,0,,,queue-times.com
2026-08-09T06:31:06Z,2026-08-09,8,31,Disney Adventure World,Toy Soldiers Parachute Drop Single Rider,7281,CLOSED,STANDBY,0,,,queue-times.com
2026-08-09T06:31:06Z,2026-08-09,8,31,Disney Adventure World,Entry to World of Frozen,16247,CLOSED,STANDBY,0,,,queue-times.com
2026-08-09T06:31:06Z,2026-08-09,8,31,Disney Adventure World,Frozen Ever After,15413,CLOSED,STANDBY,0,,,queue-times.com
2026-08-09T06:31:06Z,2026-08-09,8,31,Disney Adventure World,Raiponce Tangled Spin,15415,CLOSED,STANDBY,0,,,queue-times.com
2026-08-09T06:45:45Z,2026-08-09,8,45,Disneyland Park,Adventure Isle,2702,CLOSED,STANDBY,0,,,queue-times.com
2026-08-09T06:45:45Z,2026-08-09,8,45,Disneyland Park,Indiana Jones and the Temple of Peril Single Rider,7306,CLOSED,STANDBY,0,,,queue-times.com
2026-08-09T06:45:45Z,2026-08-09,8,45,Disneyland Park,Indiana Jones™ and the Temple of Peril,2,CLOSED,STANDBY,0,,,queue-times.com
2026-08-09T06:45:45Z,2026-08-09,8,45,Disneyland Park,La Cabane des Robinson,1,CLOSED,STANDBY,0,,,queue-times.com
2026-08-09T06:45:45Z,2026-08-09,8,45,Disneyland Park,Le Passage Enchanté d'Aladdin,2703,CLOSED,STANDBY,0,,,queue-times.com
2026-08-09T06:45:45Z,2026-08-09,8,45,Disneyland Park,Pirate Galleon,2705,CLOSED,STANDBY,0,,,queue-times.com
2026-08-09T06:45:45Z,2026-08-09,8,45,Disneyland Park,Pirates of the Caribbean,3,CLOSED,STANDBY,0,,,queue-times.com
2026-08-09T06:45:45Z,2026-08-09,8,45,Disneyland Park,Pirates' Beach,2704,CLOSED,STANDBY,0,,,queue-times.com
2026-08-09T06:45:45Z,2026-08-09,8,45,Disneyland Park,"Autopia, presented by Avis",4,CLOSED,STANDBY,0,,,queue-times.com
2026-08-09T06:45:45Z,2026-08-09,8,45,Disneyland Park,Buzz Lightyear Laser Blast,5,OPERATING,STANDBY,5,,,queue-times.com
2026-08-09T06:45:45Z,2026-08-09,8,45,Disneyland Park,Disneyland Railroad Discoveryland Station,2706,CLOSED,STANDBY,0,,,queue-times.com
2026-08-09T06:45:45Z,2026-08-09,8,45,Disneyland Park,Les Mystères du Nautilus,6,CLOSED,STANDBY,0,,,queue-times.com
2026-08-09T06:45:45Z,2026-08-09,8,45,Disneyland Park,Mickey’s PhilharMagic,2707,CLOSED,STANDBY,0,,,queue-times.com
2026-08-09T06:45:45Z,2026-08-09,8,45,Disneyland Park,Orbitron®,7,CLOSED,STANDBY,0,,,queue-times.com
2026-08-09T06:45:45Z,2026-08-09,8,45,Disneyland Park,Star Tours: The Adventures Continue*,9,CLOSED,STANDBY,0,,,queue-times.com
2026-08-09T06:45:45Z,2026-08-09,8,45,Disneyland Park,Star Wars Hyperspace Mountain,8,OPERATING,STANDBY,5,,,queue-times.com
2026-08-09T06:45:45Z,2026-08-09,8,45,Disneyland Park,Star Wars Hyperspace Mountain Single Rider,7278,OPERATING,STANDBY,0,,,queue-times.com
2026-08-09T06:45:45Z,2026-08-09,8,45,Disneyland Park,Welcome to Starport: A Star Wars Encounter,4573,CLOSED,STANDBY,0,,,queue-times.com
2026-08-09T06:45:45Z,2026-08-09,8,45,Disneyland Park,"""it's a small world""",19,CLOSED,STANDBY,0,,,queue-times.com
2026-08-09T06:45:45Z,2026-08-09,8,45,Disneyland Park,Alice's Curious Labyrinth,14,CLOSED,STANDBY,0,,,queue-times.com
2026-08-09T06:45:45Z,2026-08-09,8,45,Disneyland Park,Blanche-Neige et les Sept Nains®,15,CLOSED,STANDBY,0,,,queue-times.com
2026-08-09T06:45:45Z,2026-08-09,8,45,Disneyland Park,Casey Jr. – le Petit Train du Cirque,17,CLOSED,STANDBY,0,,,queue-times.com
2026-08-09T06:45:45Z,2026-08-09,8,45,Disneyland Park,Disneyland Railroad Fantasyland Station,2711,CLOSED,STANDBY,0,,,queue-times.com
2026-08-09T06:45:45Z,2026-08-09,8,45,Disneyland Park,Disneyland Railroad Main Street Station,11,CLOSED,STANDBY,0,,,queue-times.com
2026-08-09T06:45:45Z,2026-08-09,8,45,Disneyland Park,Dumbo the Flying Elephant,18,OPERATING,STANDBY,10,,,queue-times.com
2026-08-09T06:45:45Z,2026-08-09,8,45,Disneyland Park,La Tanière du Dragon,2710,OPERATING,STANDBY,0,,,queue-times.com
2026-08-09T06:45:45Z,2026-08-09,8,45,Disneyland Park,Le Carrousel de Lancelot,16,CLOSED,STANDBY,0,,,queue-times.com
2026-08-09T06:45:45Z,2026-08-09,8,45,Disneyland Park,"Le Pays des Contes de Fées, presented by Vittel",21,CLOSED,STANDBY,0,,,queue-times.com
2026-08-09T06:45:45Z,2026-08-09,8,45,Disneyland Park,Les Voyages de Pinocchio,23,CLOSED,STANDBY,0,,,queue-times.com
2026-08-09T06:45:45Z,2026-08-09,8,45,Disneyland Park,Mad Hatter's Tea Cups,20,CLOSED,STANDBY,0,,,queue-times.com
2026-08-09T06:45:45Z,2026-08-09,8,45,Disneyland Park,Meet Mickey Mouse,13,CLOSED,STANDBY,0,,,queue-times.com
2026-08-09T06:45:45Z,2026-08-09,8,45,Disneyland Park,Peter Pan's Flight,22,OPERATING,STANDBY,25,,,queue-times.com
2026-08-09T06:45:45Z,2026-08-09,8,45,Disneyland Park,Princess Pavilion,24,CLOSED,STANDBY,0,,,queue-times.com
2026-08-09T06:45:45Z,2026-08-09,8,45,Disneyland Park,Big Thunder Mountain,25,OPERATING,STANDBY,20,,,queue-times.com
2026-08-09T06:45:45Z,2026-08-09,8,45,Disneyland Park,Disneyland Railroad Frontierland Depot,2714,CLOSED,STANDBY,0,,,queue-times.com
2026-08-09T06:45:45Z,2026-08-09,8,45,Disneyland Park,Frontierland Playground,2713,CLOSED,STANDBY,0,,,queue-times.com
2026-08-09T06:45:45Z,2026-08-09,8,45,Disneyland Park,Phantom Manor,26,CLOSED,STANDBY,0,,,queue-times.com
2026-08-09T06:45:45Z,2026-08-09,8,45,Disneyland Park,River Rogue Keelboats,27,CLOSED,STANDBY,0,,,queue-times.com
2026-08-09T06:45:45Z,2026-08-09,8,45,Disneyland Park,Rustler Roundup Shootin' Gallery,2712,OPERATING,STANDBY,0,,,queue-times.com
2026-08-09T06:45:45Z,2026-08-09,8,45,Disneyland Park,Thunder Mesa Riverboat Landing,28,CLOSED,STANDBY,0,,,queue-times.com
2026-08-09T06:45:45Z,2026-08-09,8,45,Disneyland Park,Disneyland Railroad Main Street Station,2708,CLOSED,STANDBY,0,,,queue-times.com
2026-08-09T06:45:45Z,2026-08-09,8,45,Disneyland Park,Main Street Vehicles,12,OPERATING,STANDBY,5,,,queue-times.com
2026-08-09T06:45:45Z,2026-08-09,8,45,Disney Adventure World,Avengers Assemble: Flight Force,10848,OPERATING,STANDBY,5,,,queue-times.com
2026-08-09T06:45:45Z,2026-08-09,8,45,Disney Adventure World,Avengers Assemble: Flight Force Single Rider,10849,OPERATING,STANDBY,5,,,queue-times.com
2026-08-09T06:45:45Z,2026-08-09,8,45,Disney Adventure World,Spider-Man W.E.B. Adventure,10845,OPERATING,STANDBY,5,,,queue-times.com
2026-08-09T06:45:45Z,2026-08-09,8,45,Disney Adventure World,Spider-Man W.E.B. Adventure Single Rider,10846,OPERATING,STANDBY,5,,,queue-times.com
2026-08-09T06:45:45Z,2026-08-09,8,45,Disney Adventure World,The Twilight Zone Tower of Terror,40,OPERATING,STANDBY,5,,,queue-times.com
2026-08-09T06:45:45Z,2026-08-09,8,45,Disney Adventure World,Cars Quatre Roues Rallye,31,CLOSED,STANDBY,0,,,queue-times.com
2026-08-09T06:45:45Z,2026-08-09,8,45,Disney Adventure World,Cars ROAD TRIP,29,CLOSED,STANDBY,0,,,queue-times.com
2026-08-09T06:45:45Z,2026-08-09,8,45,Disney Adventure World,Crush's Coaster,32,OPERATING,STANDBY,80,,,queue-times.com
2026-08-09T06:45:45Z,2026-08-09,8,45,Disney Adventure World,Crush's Coaster Single Rider,7277,OPERATING,STANDBY,55,,,queue-times.com
2026-08-09T06:45:45Z,2026-08-09,8,45,Disney Adventure World,Les Tapis Volants - Flying Carpets Over Agrabah®,33,CLOSED,STANDBY,0,,,queue-times.com
2026-08-09T06:45:45Z,2026-08-09,8,45,Disney Adventure World,Ratatouille : L’Aventure Totalement Toquée de Rémy​,37,OPERATING,STANDBY,20,,,queue-times.com
2026-08-09T06:45:45Z,2026-08-09,8,45,Disney Adventure World,Ratatouille: The Adventure Single Rider,7279,OPERATING,STANDBY,5,,,queue-times.com
2026-08-09T06:45:45Z,2026-08-09,8,45,Disney Adventure World,RC Racer,34,CLOSED,STANDBY,0,,,queue-times.com
2026-08-09T06:45:45Z,2026-08-09,8,45,Disney Adventure World,RC Racer Single Rider,7280,CLOSED,STANDBY,0,,,queue-times.com
2026-08-09T06:45:45Z,2026-08-09,8,45,Disney Adventure World,Slinky® Dog Zigzag Spin,36,OPERATING,STANDBY,5,,,queue-times.com
2026-08-09T06:45:45Z,2026-08-09,8,45,Disney Adventure World,Toy Soldiers Parachute Drop,35,CLOSED,STANDBY,0,,,queue-times.com
2026-08-09T06:45:45Z,2026-08-09,8,45,Disney Adventure World,Toy Soldiers Parachute Drop Single Rider,7281,CLOSED,STANDBY,0,,,queue-times.com
2026-08-09T06:45:45Z,2026-08-09,8,45,Disney Adventure World,Entry to World of Frozen,16247,OPERATING,STANDBY,0,,,queue-times.com
2026-08-09T06:45:45Z,2026-08-09,8,45,Disney Adventure World,Frozen Ever After,15413,OPERATING,STANDBY,25,,,queue-times.com
2026-08-09T06:45:45Z,2026-08-09,8,45,Disney Adventure World,Raiponce Tangled Spin,15415,OPERATING,STANDBY,5,,,queue-times.com
2026-08-09T07:01:14Z,2026-08-09,9,1,Disneyland Park,Adventure Isle,2702,CLOSED,STANDBY,0,,,queue-times.com
2026-08-09T07:01:14Z,2026-08-09,9,1,Disneyland Park,Indiana Jones and the Temple of Peril Single Rider,7306,CLOSED,STANDBY,0,,,queue-times.com
2026-08-09T07:01:14Z,2026-08-09,9,1,Disneyland Park,Indiana Jones™ and the Temple of Peril,2,CLOSED,STANDBY,0,,,queue-times.com
2026-08-09T07:01:14Z,2026-08-09,9,1,Disneyland Park,La Cabane des Robinson,1,CLOSED,STANDBY,0,,,queue-times.com
2026-08-09T07:01:14Z,2026-08-09,9,1,Disneyland Park,Le Passage Enchanté d'Aladdin,2703,CLOSED,STANDBY,0,,,queue-times.com
2026-08-09T07:01:14Z,2026-08-09,9,1,Disneyland Park,Pirate Galleon,2705,CLOSED,STANDBY,0,,,queue-times.com
2026-08-09T07:01:14Z,2026-08-09,9,1,Disneyland Park,Pirates of the Caribbean,3,CLOSED,STANDBY,0,,,queue-times.com
2026-08-09T07:01:14Z,2026-08-09,9,1,Disneyland Park,Pirates' Beach,2704,CLOSED,STANDBY,0,,,queue-times.com
2026-08-09T07:01:14Z,2026-08-09,9,1,Disneyland Park,"Autopia, presented by Avis",4,CLOSED,STANDBY,0,,,queue-times.com
2026-08-09T07:01:14Z,2026-08-09,9,1,Disneyland Park,Buzz Lightyear Laser Blast,5,OPERATING,STANDBY,10,,,queue-times.com
2026-08-09T07:01:14Z,2026-08-09,9,1,Disneyland Park,Disneyland Railroad Discoveryland Station,2706,CLOSED,STANDBY,0,,,queue-times.com
2026-08-09T07:01:14Z,2026-08-09,9,1,Disneyland Park,Les Mystères du Nautilus,6,CLOSED,STANDBY,0,,,queue-times.com
2026-08-09T07:01:14Z,2026-08-09,9,1,Disneyland Park,Mickey’s PhilharMagic,2707,CLOSED,STANDBY,0,,,queue-times.com
2026-08-09T07:01:14Z,2026-08-09,9,1,Disneyland Park,Orbitron®,7,CLOSED,STANDBY,0,,,queue-times.com
2026-08-09T07:01:14Z,2026-08-09,9,1,Disneyland Park,Star Tours: The Adventures Continue*,9,CLOSED,STANDBY,0,,,queue-times.com
2026-08-09T07:01:14Z,2026-08-09,9,1,Disneyland Park,Star Wars Hyperspace Mountain,8,OPERATING,STANDBY,5,,,queue-times.com
2026-08-09T07:01:14Z,2026-08-09,9,1,Disneyland Park,Star Wars Hyperspace Mountain Single Rider,7278,OPERATING,STANDBY,0,,,queue-times.com
2026-08-09T07:01:14Z,2026-08-09,9,1,Disneyland Park,Welcome to Starport: A Star Wars Encounter,4573,CLOSED,STANDBY,0,,,queue-times.com
2026-08-09T07:01:14Z,2026-08-09,9,1,Disneyland Park,"""it's a small world""",19,CLOSED,STANDBY,0,,,queue-times.com
2026-08-09T07:01:14Z,2026-08-09,9,1,Disneyland Park,Alice's Curious Labyrinth,14,CLOSED,STANDBY,0,,,queue-times.com
2026-08-09T07:01:14Z,2026-08-09,9,1,Disneyland Park,Blanche-Neige et les Sept Nains®,15,CLOSED,STANDBY,0,,,queue-times.com
2026-08-09T07:01:14Z,2026-08-09,9,1,Disneyland Park,Casey Jr. – le Petit Train du Cirque,17,CLOSED,STANDBY,0,,,queue-times.com
2026-08-09T07:01:14Z,2026-08-09,9,1,Disneyland Park,Disneyland Railroad Fantasyland Station,2711,CLOSED,STANDBY,0,,,queue-times.com
2026-08-09T07:01:14Z,2026-08-09,9,1,Disneyland Park,Disneyland Railroad Main Street Station,11,CLOSED,STANDBY,0,,,queue-times.com
2026-08-09T07:01:14Z,2026-08-09,9,1,Disneyland Park,Dumbo the Flying Elephant,18,OPERATING,STANDBY,10,,,queue-times.com
2026-08-09T07:01:14Z,2026-08-09,9,1,Disneyland Park,La Tanière du Dragon,2710,OPERATING,STANDBY,0,,,queue-times.com
2026-08-09T07:01:14Z,2026-08-09,9,1,Disneyland Park,Le Carrousel de Lancelot,16,CLOSED,STANDBY,0,,,queue-times.com
2026-08-09T07:01:14Z,2026-08-09,9,1,Disneyland Park,"Le Pays des Contes de Fées, presented by Vittel",21,CLOSED,STANDBY,0,,,queue-times.com
2026-08-09T07:01:14Z,2026-08-09,9,1,Disneyland Park,Les Voyages de Pinocchio,23,CLOSED,STANDBY,0,,,queue-times.com
2026-08-09T07:01:14Z,2026-08-09,9,1,Disneyland Park,Mad Hatter's Tea Cups,20,CLOSED,STANDBY,0,,,queue-times.com
2026-08-09T07:01:14Z,2026-08-09,9,1,Disneyland Park,Meet Mickey Mouse,13,CLOSED,STANDBY,0,,,queue-times.com
2026-08-09T07:01:14Z,2026-08-09,9,1,Disneyland Park,Peter Pan's Flight,22,OPERATING,STANDBY,30,,,queue-times.com
2026-08-09T07:01:14Z,2026-08-09,9,1,Disneyland Park,Princess Pavilion,24,CLOSED,STANDBY,0,,,queue-times.com
2026-08-09T07:01:14Z,2026-08-09,9,1,Disneyland Park,Big Thunder Mountain,25,OPERATING,STANDBY,60,,,queue-times.com
2026-08-09T07:01:14Z,2026-08-09,9,1,Disneyland Park,Disneyland Railroad Frontierland Depot,2714,CLOSED,STANDBY,0,,,queue-times.com
2026-08-09T07:01:14Z,2026-08-09,9,1,Disneyland Park,Frontierland Playground,2713,CLOSED,STANDBY,0,,,queue-times.com
2026-08-09T07:01:14Z,2026-08-09,9,1,Disneyland Park,Phantom Manor,26,CLOSED,STANDBY,0,,,queue-times.com
2026-08-09T07:01:14Z,2026-08-09,9,1,Disneyland Park,River Rogue Keelboats,27,CLOSED,STANDBY,0,,,queue-times.com
2026-08-09T07:01:14Z,2026-08-09,9,1,Disneyland Park,Rustler Roundup Shootin' Gallery,2712,OPERATING,STANDBY,0,,,queue-times.com
2026-08-09T07:01:14Z,2026-08-09,9,1,Disneyland Park,Thunder Mesa Riverboat Landing,28,CLOSED,STANDBY,0,,,queue-times.com
2026-08-09T07:01:14Z,2026-08-09,9,1,Disneyland Park,Disneyland Railroad Main Street Station,2708,CLOSED,STANDBY,0,,,queue-times.com
2026-08-09T07:01:14Z,2026-08-09,9,1,Disneyland Park,Main Street Vehicles,12,OPERATING,STANDBY,5,,,queue-times.com
2026-08-09T07:01:14Z,2026-08-09,9,1,Disney Adventure World,Avengers Assemble: Flight Force,10848,OPERATING,STANDBY,5,,,queue-times.com
2026-08-09T07:01:14Z,2026-08-09,9,1,Disney Adventure World,Avengers Assemble: Flight Force Single Rider,10849,OPERATING,STANDBY,5,,,queue-times.com
2026-08-09T07:01:14Z,2026-08-09,9,1,Disney Adventure World,Spider-Man W.E.B. Adventure,10845,OPERATING,STANDBY,5,,,queue-times.com
2026-08-09T07:01:14Z,2026-08-09,9,1,Disney Adventure World,Spider-Man W.E.B. Adventure Single Rider,10846,OPERATING,STANDBY,5,,,queue-times.com
2026-08-09T07:01:14Z,2026-08-09,9,1,Disney Adventure World,The Twilight Zone Tower of Terror,40,OPERATING,STANDBY,5,,,queue-times.com
2026-08-09T07:01:14Z,2026-08-09,9,1,Disney Adventure World,Cars Quatre Roues Rallye,31,CLOSED,STANDBY,0,,,queue-times.com
2026-08-09T07:01:14Z,2026-08-09,9,1,Disney Adventure World,Cars ROAD TRIP,29,CLOSED,STANDBY,0,,,queue-times.com
2026-08-09T07:01:14Z,2026-08-09,9,1,Disney Adventure World,Crush's Coaster,32,OPERATING,STANDBY,65,,,queue-times.com
2026-08-09T07:01:14Z,2026-08-09,9,1,Disney Adventure World,Crush's Coaster Single Rider,7277,OPERATING,STANDBY,40,,,queue-times.com
2026-08-09T07:01:14Z,2026-08-09,9,1,Disney Adventure World,Les Tapis Volants - Flying Carpets Over Agrabah®,33,CLOSED,STANDBY,0,,,queue-times.com
2026-08-09T07:01:14Z,2026-08-09,9,1,Disney Adventure World,Ratatouille : L’Aventure Totalement Toquée de Rémy​,37,OPERATING,STANDBY,30,,,queue-times.com
2026-08-09T07:01:14Z,2026-08-09,9,1,Disney Adventure World,Ratatouille: The Adventure Single Rider,7279,OPERATING,STANDBY,5,,,queue-times.com
2026-08-09T07:01:14Z,2026-08-09,9,1,Disney Adventure World,RC Racer,34,CLOSED,STANDBY,0,,,queue-times.com
2026-08-09T07:01:14Z,2026-08-09,9,1,Disney Adventure World,RC Racer Single Rider,7280,CLOSED,STANDBY,0,,,queue-times.com
2026-08-09T07:01:14Z,2026-08-09,9,1,Disney Adventure World,Slinky® Dog Zigzag Spin,36,OPERATING,STANDBY,5,,,queue-times.com
2026-08-09T07:01:14Z,2026-08-09,9,1,Disney Adventure World,Toy Soldiers Parachute Drop,35,CLOSED,STANDBY,0,,,queue-times.com
2026-08-09T07:01:14Z,2026-08-09,9,1,Disney Adventure World,Toy Soldiers Parachute Drop Single Rider,7281,CLOSED,STANDBY,0,,,queue-times.com
2026-08-09T07:01:14Z,2026-08-09,9,1,Disney Adventure World,Entry to World of Frozen,16247,OPERATING,STANDBY,0,,,queue-times.com
2026-08-09T07:01:14Z,2026-08-09,9,1,Disney Adventure World,Frozen Ever After,15413,OPERATING,STANDBY,50,,,queue-times.com
2026-08-09T07:01:14Z,2026-08-09,9,1,Disney Adventure World,Raiponce Tangled Spin,15415,OPERATING,STANDBY,5,,,queue-times.com
2026-08-09T07:10:22Z,2026-08-09,9,10,Disneyland Park,Adventure Isle,2702,CLOSED,STANDBY,0,,,queue-times.com
2026-08-09T07:10:22Z,2026-08-09,9,10,Disneyland Park,Indiana Jones and the Temple of Peril Single Rider,7306,CLOSED,STANDBY,0,,,queue-times.com
2026-08-09T07:10:22Z,2026-08-09,9,10,Disneyland Park,Indiana Jones™ and the Temple of Peril,2,CLOSED,STANDBY,0,,,queue-times.com
2026-08-09T07:10:22Z,2026-08-09,9,10,Disneyland Park,La Cabane des Robinson,1,CLOSED,STANDBY,0,,,queue-times.com
2026-08-09T07:10:22Z,2026-08-09,9,10,Disneyland Park,Le Passage Enchanté d'Aladdin,2703,CLOSED,STANDBY,0,,,queue-times.com
2026-08-09T07:10:22Z,2026-08-09,9,10,Disneyland Park,Pirate Galleon,2705,CLOSED,STANDBY,0,,,queue-times.com
2026-08-09T07:10:22Z,2026-08-09,9,10,Disneyland Park,Pirates of the Caribbean,3,CLOSED,STANDBY,0,,,queue-times.com
2026-08-09T07:10:22Z,2026-08-09,9,10,Disneyland Park,Pirates' Beach,2704,CLOSED,STANDBY,0,,,queue-times.com
2026-08-09T07:10:22Z,2026-08-09,9,10,Disneyland Park,"Autopia, presented by Avis",4,CLOSED,STANDBY,0,,,queue-times.com
2026-08-09T07:10:22Z,2026-08-09,9,10,Disneyland Park,Buzz Lightyear Laser Blast,5,OPERATING,STANDBY,10,,,queue-times.com
2026-08-09T07:10:22Z,2026-08-09,9,10,Disneyland Park,Disneyland Railroad Discoveryland Station,2706,CLOSED,STANDBY,0,,,queue-times.com
2026-08-09T07:10:22Z,2026-08-09,9,10,Disneyland Park,Les Mystères du Nautilus,6,CLOSED,STANDBY,0,,,queue-times.com
2026-08-09T07:10:22Z,2026-08-09,9,10,Disneyland Park,Mickey’s PhilharMagic,2707,CLOSED,STANDBY,0,,,queue-times.com
2026-08-09T07:10:22Z,2026-08-09,9,10,Disneyland Park,Orbitron®,7,CLOSED,STANDBY,0,,,queue-times.com
2026-08-09T07:10:22Z,2026-08-09,9,10,Disneyland Park,Star Tours: The Adventures Continue*,9,CLOSED,STANDBY,0,,,queue-times.com
2026-08-09T07:10:22Z,2026-08-09,9,10,Disneyland Park,Star Wars Hyperspace Mountain,8,OPERATING,STANDBY,5,,,queue-times.com
2026-08-09T07:10:22Z,2026-08-09,9,10,Disneyland Park,Star Wars Hyperspace Mountain Single Rider,7278,OPERATING,STANDBY,0,,,queue-times.com
2026-08-09T07:10:22Z,2026-08-09,9,10,Disneyland Park,Welcome to Starport: A Star Wars Encounter,4573,CLOSED,STANDBY,0,,,queue-times.com
2026-08-09T07:10:22Z,2026-08-09,9,10,Disneyland Park,"""it's a small world""",19,CLOSED,STANDBY,0,,,queue-times.com
2026-08-09T07:10:22Z,2026-08-09,9,10,Disneyland Park,Alice's Curious Labyrinth,14,CLOSED,STANDBY,0,,,queue-times.com
2026-08-09T07:10:22Z,2026-08-09,9,10,Disneyland Park,Blanche-Neige et les Sept Nains®,15,CLOSED,STANDBY,0,,,queue-times.com
2026-08-09T07:10:22Z,2026-08-09,9,10,Disneyland Park,Casey Jr. – le Petit Train du Cirque,17,CLOSED,STANDBY,0,,,queue-times.com
2026-08-09T07:10:22Z,2026-08-09,9,10,Disneyland Park,Disneyland Railroad Fantasyland Station,2711,CLOSED,STANDBY,0,,,queue-times.com
2026-08-09T07:10:22Z,2026-08-09,9,10,Disneyland Park,Disneyland Railroad Main Street Station,11,CLOSED,STANDBY,0,,,queue-times.com
2026-08-09T07:10:22Z,2026-08-09,9,10,Disneyland Park,Dumbo the Flying Elephant,18,OPERATING,STANDBY,10,,,queue-times.com
2026-08-09T07:10:22Z,2026-08-09,9,10,Disneyland Park,La Tanière du Dragon,2710,OPERATING,STANDBY,0,,,queue-times.com
2026-08-09T07:10:22Z,2026-08-09,9,10,Disneyland Park,Le Carrousel de Lancelot,16,CLOSED,STANDBY,0,,,queue-times.com
2026-08-09T07:10:22Z,2026-08-09,9,10,Disneyland Park,"Le Pays des Contes de Fées, presented by Vittel",21,CLOSED,STANDBY,0,,,queue-times.com
2026-08-09T07:10:22Z,2026-08-09,9,10,Disneyland Park,Les Voyages de Pinocchio,23,CLOSED,STANDBY,0,,,queue-times.com
2026-08-09T07:10:22Z,2026-08-09,9,10,Disneyland Park,Mad Hatter's Tea Cups,20,CLOSED,STANDBY,0,,,queue-times.com
2026-08-09T07:10:22Z,2026-08-09,9,10,Disneyland Park,Meet Mickey Mouse,13,CLOSED,STANDBY,0,,,queue-times.com
2026-08-09T07:10:22Z,2026-08-09,9,10,Disneyland Park,Peter Pan's Flight,22,OPERATING,STANDBY,45,,,queue-times.com
2026-08-09T07:10:22Z,2026-08-09,9,10,Disneyland Park,Princess Pavilion,24,CLOSED,STANDBY,0,,,queue-times.com
2026-08-09T07:10:22Z,2026-08-09,9,10,Disneyland Park,Big Thunder Mountain,25,OPERATING,STANDBY,60,,,queue-times.com
2026-08-09T07:10:22Z,2026-08-09,9,10,Disneyland Park,Disneyland Railroad Frontierland Depot,2714,CLOSED,STANDBY,0,,,queue-times.com
2026-08-09T07:10:22Z,2026-08-09,9,10,Disneyland Park,Frontierland Playground,2713,CLOSED,STANDBY,0,,,queue-times.com
2026-08-09T07:10:22Z,2026-08-09,9,10,Disneyland Park,Phantom Manor,26,CLOSED,STANDBY,0,,,queue-times.com
2026-08-09T07:10:22Z,2026-08-09,9,10,Disneyland Park,River Rogue Keelboats,27,CLOSED,STANDBY,0,,,queue-times.com
2026-08-09T07:10:22Z,2026-08-09,9,10,Disneyland Park,Rustler Roundup Shootin' Gallery,2712,OPERATING,STANDBY,0,,,queue-times.com
2026-08-09T07:10:22Z,2026-08-09,9,10,Disneyland Park,Thunder Mesa Riverboat Landing,28,CLOSED,STANDBY,0,,,queue-times.com
2026-08-09T07:10:22Z,2026-08-09,9,10,Disneyland Park,Disneyland Railroad Main Street Station,2708,CLOSED,STANDBY,0,,,queue-times.com
2026-08-09T07:10:22Z,2026-08-09,9,10,Disneyland Park,Main Street Vehicles,12,OPERATING,STANDBY,5,,,queue-times.com
2026-08-09T07:10:22Z,2026-08-09,9,10,Disney Adventure World,Avengers Assemble: Flight Force,10848,OPERATING,STANDBY,5,,,queue-times.com
2026-08-09T07:10:22Z,2026-08-09,9,10,Disney Adventure World,Avengers Assemble: Flight Force Single Rider,10849,OPERATING,STANDBY,5,,,queue-times.com
2026-08-09T07:10:22Z,2026-08-09,9,10,Disney Adventure World,Spider-Man W.E.B. Adventure,10845,OPERATING,STANDBY,5,,,queue-times.com
2026-08-09T07:10:22Z,2026-08-09,9,10,Disney Adventure World,Spider-Man W.E.B. Adventure Single Rider,10846,OPERATING,STANDBY,5,,,queue-times.com
2026-08-09T07:10:22Z,2026-08-09,9,10,Disney Adventure World,The Twilight Zone Tower of Terror,40,OPERATING,STANDBY,5,,,queue-times.com
2026-08-09T07:10:22Z,2026-08-09,9,10,Disney Adventure World,Cars Quatre Roues Rallye,31,CLOSED,STANDBY,0,,,queue-times.com
2026-08-09T07:10:22Z,2026-08-09,9,10,Disney Adventure World,Cars ROAD TRIP,29,CLOSED,STANDBY,0,,,queue-times.com
2026-08-09T07:10:22Z,2026-08-09,9,10,Disney Adventure World,Crush's Coaster,32,OPERATING,STANDBY,65,,,queue-times.com
2026-08-09T07:10:22Z,2026-08-09,9,10,Disney Adventure World,Crush's Coaster Single Rider,7277,OPERATING,STANDBY,40,,,queue-times.com
2026-08-09T07:10:22Z,2026-08-09,9,10,Disney Adventure World,Les Tapis Volants - Flying Carpets Over Agrabah®,33,CLOSED,STANDBY,0,,,queue-times.com
2026-08-09T07:10:22Z,2026-08-09,9,10,Disney Adventure World,Ratatouille : L’Aventure Totalement Toquée de Rémy​,37,OPERATING,STANDBY,30,,,queue-times.com
2026-08-09T07:10:22Z,2026-08-09,9,10,Disney Adventure World,Ratatouille: The Adventure Single Rider,7279,OPERATING,STANDBY,5,,,queue-times.com
2026-08-09T07:10:22Z,2026-08-09,9,10,Disney Adventure World,RC Racer,34,CLOSED,STANDBY,0,,,queue-times.com
2026-08-09T07:10:22Z,2026-08-09,9,10,Disney Adventure World,RC Racer Single Rider,7280,CLOSED,STANDBY,0,,,queue-times.com
2026-08-09T07:10:22Z,2026-08-09,9,10,Disney Adventure World,Slinky® Dog Zigzag Spin,36,OPERATING,STANDBY,5,,,queue-times.com
2026-08-09T07:10:22Z,2026-08-09,9,10,Disney Adventure World,Toy Soldiers Parachute Drop,35,OPERATING,STANDBY,5,,,queue-times.com
2026-08-09T07:10:22Z,2026-08-09,9,10,Disney Adventure World,Toy Soldiers Parachute Drop Single Rider,7281,OPERATING,STANDBY,5,,,queue-times.com
2026-08-09T07:10:22Z,2026-08-09,9,10,Disney Adventure World,Entry to World of Frozen,16247,OPERATING,STANDBY,0,,,queue-times.com
2026-08-09T07:10:22Z,2026-08-09,9,10,Disney Adventure World,Frozen Ever After,15413,OPERATING,STANDBY,55,,,queue-times.com
2026-08-09T07:10:22Z,2026-08-09,9,10,Disney Adventure World,Raiponce Tangled Spin,15415,OPERATING,STANDBY,5,,,queue-times.com
2026-08-09T07:15:45Z,2026-08-09,9,15,Disneyland Park,Adventure Isle,2702,CLOSED,STANDBY,0,,,queue-times.com
2026-08-09T07:15:45Z,2026-08-09,9,15,Disneyland Park,Indiana Jones and the Temple of Peril Single Rider,7306,CLOSED,STANDBY,0,,,queue-times.com
2026-08-09T07:15:45Z,2026-08-09,9,15,Disneyland Park,Indiana Jones™ and the Temple of Peril,2,CLOSED,STANDBY,0,,,queue-times.com
2026-08-09T07:15:45Z,2026-08-09,9,15,Disneyland Park,La Cabane des Robinson,1,CLOSED,STANDBY,0,,,queue-times.com
2026-08-09T07:15:45Z,2026-08-09,9,15,Disneyland Park,Le Passage Enchanté d'Aladdin,2703,CLOSED,STANDBY,0,,,queue-times.com
2026-08-09T07:15:45Z,2026-08-09,9,15,Disneyland Park,Pirate Galleon,2705,CLOSED,STANDBY,0,,,queue-times.com
2026-08-09T07:15:45Z,2026-08-09,9,15,Disneyland Park,Pirates of the Caribbean,3,CLOSED,STANDBY,0,,,queue-times.com
2026-08-09T07:15:45Z,2026-08-09,9,15,Disneyland Park,Pirates' Beach,2704,CLOSED,STANDBY,0,,,queue-times.com
2026-08-09T07:15:45Z,2026-08-09,9,15,Disneyland Park,"Autopia, presented by Avis",4,CLOSED,STANDBY,0,,,queue-times.com
2026-08-09T07:15:45Z,2026-08-09,9,15,Disneyland Park,Buzz Lightyear Laser Blast,5,OPERATING,STANDBY,25,,,queue-times.com
2026-08-09T07:15:45Z,2026-08-09,9,15,Disneyland Park,Disneyland Railroad Discoveryland Station,2706,CLOSED,STANDBY,0,,,queue-times.com
2026-08-09T07:15:45Z,2026-08-09,9,15,Disneyland Park,Les Mystères du Nautilus,6,CLOSED,STANDBY,0,,,queue-times.com
2026-08-09T07:15:45Z,2026-08-09,9,15,Disneyland Park,Mickey’s PhilharMagic,2707,CLOSED,STANDBY,0,,,queue-times.com
2026-08-09T07:15:45Z,2026-08-09,9,15,Disneyland Park,Orbitron®,7,CLOSED,STANDBY,0,,,queue-times.com
2026-08-09T07:15:45Z,2026-08-09,9,15,Disneyland Park,Star Tours: The Adventures Continue*,9,CLOSED,STANDBY,0,,,queue-times.com
2026-08-09T07:15:45Z,2026-08-09,9,15,Disneyland Park,Star Wars Hyperspace Mountain,8,OPERATING,STANDBY,5,,,queue-times.com
2026-08-09T07:15:45Z,2026-08-09,9,15,Disneyland Park,Star Wars Hyperspace Mountain Single Rider,7278,OPERATING,STANDBY,0,,,queue-times.com
2026-08-09T07:15:45Z,2026-08-09,9,15,Disneyland Park,Welcome to Starport: A Star Wars Encounter,4573,CLOSED,STANDBY,0,,,queue-times.com
2026-08-09T07:15:45Z,2026-08-09,9,15,Disneyland Park,"""it's a small world""",19,CLOSED,STANDBY,0,,,queue-times.com
2026-08-09T07:15:45Z,2026-08-09,9,15,Disneyland Park,Alice's Curious Labyrinth,14,CLOSED,STANDBY,0,,,queue-times.com
2026-08-09T07:15:45Z,2026-08-09,9,15,Disneyland Park,Blanche-Neige et les Sept Nains®,15,CLOSED,STANDBY,0,,,queue-times.com
2026-08-09T07:15:45Z,2026-08-09,9,15,Disneyland Park,Casey Jr. – le Petit Train du Cirque,17,OPERATING,STANDBY,5,,,queue-times.com
2026-08-09T07:15:45Z,2026-08-09,9,15,Disneyland Park,Disneyland Railroad Fantasyland Station,2711,CLOSED,STANDBY,0,,,queue-times.com
2026-08-09T07:15:45Z,2026-08-09,9,15,Disneyland Park,Disneyland Railroad Main Street Station,11,CLOSED,STANDBY,0,,,queue-times.com
2026-08-09T07:15:45Z,2026-08-09,9,15,Disneyland Park,Dumbo the Flying Elephant,18,OPERATING,STANDBY,10,,,queue-times.com
2026-08-09T07:15:45Z,2026-08-09,9,15,Disneyland Park,La Tanière du Dragon,2710,OPERATING,STANDBY,0,,,queue-times.com
2026-08-09T07:15:45Z,2026-08-09,9,15,Disneyland Park,Le Carrousel de Lancelot,16,CLOSED,STANDBY,0,,,queue-times.com
2026-08-09T07:15:45Z,2026-08-09,9,15,Disneyland Park,"Le Pays des Contes de Fées, presented by Vittel",21,OPERATING,STANDBY,5,,,queue-times.com
2026-08-09T07:15:45Z,2026-08-09,9,15,Disneyland Park,Les Voyages de Pinocchio,23,CLOSED,STANDBY,0,,,queue-times.com
2026-08-09T07:15:45Z,2026-08-09,9,15,Disneyland Park,Mad Hatter's Tea Cups,20,OPERATING,STANDBY,5,,,queue-times.com
2026-08-09T07:15:45Z,2026-08-09,9,15,Disneyland Park,Meet Mickey Mouse,13,CLOSED,STANDBY,0,,,queue-times.com
2026-08-09T07:15:45Z,2026-08-09,9,15,Disneyland Park,Peter Pan's Flight,22,OPERATING,STANDBY,45,,,queue-times.com
2026-08-09T07:15:45Z,2026-08-09,9,15,Disneyland Park,Princess Pavilion,24,CLOSED,STANDBY,0,,,queue-times.com
2026-08-09T07:15:45Z,2026-08-09,9,15,Disneyland Park,Big Thunder Mountain,25,OPERATING,STANDBY,60,,,queue-times.com
2026-08-09T07:15:45Z,2026-08-09,9,15,Disneyland Park,Disneyland Railroad Frontierland Depot,2714,CLOSED,STANDBY,0,,,queue-times.com
2026-08-09T07:15:45Z,2026-08-09,9,15,Disneyland Park,Frontierland Playground,2713,CLOSED,STANDBY,0,,,queue-times.com
2026-08-09T07:15:45Z,2026-08-09,9,15,Disneyland Park,Phantom Manor,26,CLOSED,STANDBY,0,,,queue-times.com
2026-08-09T07:15:45Z,2026-08-09,9,15,Disneyland Park,River Rogue Keelboats,27,CLOSED,STANDBY,0,,,queue-times.com
2026-08-09T07:15:45Z,2026-08-09,9,15,Disneyland Park,Rustler Roundup Shootin' Gallery,2712,OPERATING,STANDBY,0,,,queue-times.com
2026-08-09T07:15:45Z,2026-08-09,9,15,Disneyland Park,Thunder Mesa Riverboat Landing,28,CLOSED,STANDBY,0,,,queue-times.com
2026-08-09T07:15:45Z,2026-08-09,9,15,Disneyland Park,Disneyland Railroad Main Street Station,2708,CLOSED,STANDBY,0,,,queue-times.com
2026-08-09T07:15:45Z,2026-08-09,9,15,Disneyland Park,Main Street Vehicles,12,OPERATING,STANDBY,5,,,queue-times.com
2026-08-09T07:15:45Z,2026-08-09,9,15,Disney Adventure World,Avengers Assemble: Flight Force,10848,OPERATING,STANDBY,5,,,queue-times.com
2026-08-09T07:15:45Z,2026-08-09,9,15,Disney Adventure World,Avengers Assemble: Flight Force Single Rider,10849,OPERATING,STANDBY,5,,,queue-times.com
2026-08-09T07:15:45Z,2026-08-09,9,15,Disney Adventure World,Spider-Man W.E.B. Adventure,10845,OPERATING,STANDBY,5,,,queue-times.com
2026-08-09T07:15:45Z,2026-08-09,9,15,Disney Adventure World,Spider-Man W.E.B. Adventure Single Rider,10846,OPERATING,STANDBY,5,,,queue-times.com
2026-08-09T07:15:45Z,2026-08-09,9,15,Disney Adventure World,The Twilight Zone Tower of Terror,40,OPERATING,STANDBY,10,,,queue-times.com
2026-08-09T07:15:45Z,2026-08-09,9,15,Disney Adventure World,Cars Quatre Roues Rallye,31,CLOSED,STANDBY,0,,,queue-times.com
2026-08-09T07:15:45Z,2026-08-09,9,15,Disney Adventure World,Cars ROAD TRIP,29,CLOSED,STANDBY,0,,,queue-times.com
2026-08-09T07:15:45Z,2026-08-09,9,15,Disney Adventure World,Crush's Coaster,32,OPERATING,STANDBY,75,,,queue-times.com
2026-08-09T07:15:45Z,2026-08-09,9,15,Disney Adventure World,Crush's Coaster Single Rider,7277,OPERATING,STANDBY,35,,,queue-times.com
2026-08-09T07:15:45Z,2026-08-09,9,15,Disney Adventure World,Les Tapis Volants - Flying Carpets Over Agrabah®,33,CLOSED,STANDBY,0,,,queue-times.com
2026-08-09T07:15:45Z,2026-08-09,9,15,Disney Adventure World,Ratatouille : L’Aventure Totalement Toquée de Rémy​,37,OPERATING,STANDBY,30,,,queue-times.com
2026-08-09T07:15:45Z,2026-08-09,9,15,Disney Adventure World,Ratatouille: The Adventure Single Rider,7279,OPERATING,STANDBY,5,,,queue-times.com
2026-08-09T07:15:45Z,2026-08-09,9,15,Disney Adventure World,RC Racer,34,OPERATING,STANDBY,0,,,queue-times.com
2026-08-09T07:15:45Z,2026-08-09,9,15,Disney Adventure World,RC Racer Single Rider,7280,OPERATING,STANDBY,0,,,queue-times.com
2026-08-09T07:15:45Z,2026-08-09,9,15,Disney Adventure World,Slinky® Dog Zigzag Spin,36,OPERATING,STANDBY,5,,,queue-times.com
2026-08-09T07:15:45Z,2026-08-09,9,15,Disney Adventure World,Toy Soldiers Parachute Drop,35,OPERATING,STANDBY,5,,,queue-times.com
2026-08-09T07:15:45Z,2026-08-09,9,15,Disney Adventure World,Toy Soldiers Parachute Drop Single Rider,7281,OPERATING,STANDBY,5,,,queue-times.com
2026-08-09T07:15:45Z,2026-08-09,9,15,Disney Adventure World,Entry to World of Frozen,16247,OPERATING,STANDBY,0,,,queue-times.com
2026-08-09T07:15:45Z,2026-08-09,9,15,Disney Adventure World,Frozen Ever After,15413,OPERATING,STANDBY,55,,,queue-times.com
2026-08-09T07:15:45Z,2026-08-09,9,15,Disney Adventure World,Raiponce Tangled Spin,15415,OPERATING,STANDBY,5,,,queue-times.com
2026-08-09T07:31:05Z,2026-08-09,9,31,Disneyland Park,Adventure Isle,2702,CLOSED,STANDBY,0,,,queue-times.com
2026-08-09T07:31:05Z,2026-08-09,9,31,Disneyland Park,Indiana Jones and the Temple of Peril Single Rider,7306,OPERATING,STANDBY,0,,,queue-times.com
2026-08-09T07:31:05Z,2026-08-09,9,31,Disneyland Park,Indiana Jones™ and the Temple of Peril,2,OPERATING,STANDBY,5,,,queue-times.com
2026-08-09T07:31:05Z,2026-08-09,9,31,Disneyland Park,La Cabane des Robinson,1,OPERATING,STANDBY,5,,,queue-times.com
2026-08-09T07:31:05Z,2026-08-09,9,31,Disneyland Park,Le Passage Enchanté d'Aladdin,2703,CLOSED,STANDBY,0,,,queue-times.com
2026-08-09T07:31:05Z,2026-08-09,9,31,Disneyland Park,Pirate Galleon,2705,CLOSED,STANDBY,0,,,queue-times.com
2026-08-09T07:31:05Z,2026-08-09,9,31,Disneyland Park,Pirates of the Caribbean,3,OPERATING,STANDBY,5,,,queue-times.com
2026-08-09T07:31:05Z,2026-08-09,9,31,Disneyland Park,Pirates' Beach,2704,OPERATING,STANDBY,0,,,queue-times.com
2026-08-09T07:31:05Z,2026-08-09,9,31,Disneyland Park,"Autopia, presented by Avis",4,OPERATING,STANDBY,45,,,queue-times.com
2026-08-09T07:31:05Z,2026-08-09,9,31,Disneyland Park,Buzz Lightyear Laser Blast,5,OPERATING,STANDBY,25,,,queue-times.com
2026-08-09T07:31:05Z,2026-08-09,9,31,Disneyland Park,Disneyland Railroad Discoveryland Station,2706,CLOSED,STANDBY,0,,,queue-times.com
2026-08-09T07:31:05Z,2026-08-09,9,31,Disneyland Park,Les Mystères du Nautilus,6,OPERATING,STANDBY,5,,,queue-times.com
2026-08-09T07:31:05Z,2026-08-09,9,31,Disneyland Park,Mickey’s PhilharMagic,2707,CLOSED,STANDBY,0,,,queue-times.com
2026-08-09T07:31:05Z,2026-08-09,9,31,Disneyland Park,Orbitron®,7,OPERATING,STANDBY,5,,,queue-times.com
2026-08-09T07:31:05Z,2026-08-09,9,31,Disneyland Park,Star Tours: The Adventures Continue*,9,OPERATING,STANDBY,5,,,queue-times.com
2026-08-09T07:31:05Z,2026-08-09,9,31,Disneyland Park,Star Wars Hyperspace Mountain,8,OPERATING,STANDBY,20,,,queue-times.com
2026-08-09T07:31:05Z,2026-08-09,9,31,Disneyland Park,Star Wars Hyperspace Mountain Single Rider,7278,OPERATING,STANDBY,0,,,queue-times.com
2026-08-09T07:31:05Z,2026-08-09,9,31,Disneyland Park,Welcome to Starport: A Star Wars Encounter,4573,CLOSED,STANDBY,0,,,queue-times.com
2026-08-09T07:31:05Z,2026-08-09,9,31,Disneyland Park,"""it's a small world""",19,OPERATING,STANDBY,5,,,queue-times.com
2026-08-09T07:31:05Z,2026-08-09,9,31,Disneyland Park,Alice's Curious Labyrinth,14,OPERATING,STANDBY,5,,,queue-times.com
2026-08-09T07:31:05Z,2026-08-09,9,31,Disneyland Park,Blanche-Neige et les Sept Nains®,15,CLOSED,STANDBY,0,,,queue-times.com
2026-08-09T07:31:05Z,2026-08-09,9,31,Disneyland Park,Casey Jr. – le Petit Train du Cirque,17,OPERATING,STANDBY,5,,,queue-times.com
2026-08-09T07:31:05Z,2026-08-09,9,31,Disneyland Park,Disneyland Railroad Fantasyland Station,2711,CLOSED,STANDBY,0,,,queue-times.com
2026-08-09T07:31:05Z,2026-08-09,9,31,Disneyland Park,Disneyland Railroad Main Street Station,11,CLOSED,STANDBY,0,,,queue-times.com
2026-08-09T07:31:05Z,2026-08-09,9,31,Disneyland Park,Dumbo the Flying Elephant,18,OPERATING,STANDBY,20,,,queue-times.com
2026-08-09T07:31:05Z,2026-08-09,9,31,Disneyland Park,La Tanière du Dragon,2710,OPERATING,STANDBY,0,,,queue-times.com
2026-08-09T07:31:05Z,2026-08-09,9,31,Disneyland Park,Le Carrousel de Lancelot,16,CLOSED,STANDBY,0,,,queue-times.com
2026-08-09T07:31:05Z,2026-08-09,9,31,Disneyland Park,"Le Pays des Contes de Fées, presented by Vittel",21,OPERATING,STANDBY,5,,,queue-times.com
2026-08-09T07:31:05Z,2026-08-09,9,31,Disneyland Park,Les Voyages de Pinocchio,23,OPERATING,STANDBY,5,,,queue-times.com
2026-08-09T07:31:05Z,2026-08-09,9,31,Disneyland Park,Mad Hatter's Tea Cups,20,OPERATING,STANDBY,5,,,queue-times.com
2026-08-09T07:31:05Z,2026-08-09,9,31,Disneyland Park,Meet Mickey Mouse,13,CLOSED,STANDBY,0,,,queue-times.com
2026-08-09T07:31:05Z,2026-08-09,9,31,Disneyland Park,Peter Pan's Flight,22,OPERATING,STANDBY,50,,,queue-times.com
2026-08-09T07:31:05Z,2026-08-09,9,31,Disneyland Park,Princess Pavilion,24,CLOSED,STANDBY,0,,,queue-times.com
2026-08-09T07:31:05Z,2026-08-09,9,31,Disneyland Park,Big Thunder Mountain,25,OPERATING,STANDBY,45,,,queue-times.com
2026-08-09T07:31:05Z,2026-08-09,9,31,Disneyland Park,Disneyland Railroad Frontierland Depot,2714,CLOSED,STANDBY,0,,,queue-times.com
2026-08-09T07:31:05Z,2026-08-09,9,31,Disneyland Park,Frontierland Playground,2713,CLOSED,STANDBY,0,,,queue-times.com
2026-08-09T07:31:05Z,2026-08-09,9,31,Disneyland Park,Phantom Manor,26,OPERATING,STANDBY,5,,,queue-times.com
2026-08-09T07:31:05Z,2026-08-09,9,31,Disneyland Park,River Rogue Keelboats,27,CLOSED,STANDBY,0,,,queue-times.com
2026-08-09T07:31:05Z,2026-08-09,9,31,Disneyland Park,Rustler Roundup Shootin' Gallery,2712,OPERATING,STANDBY,0,,,queue-times.com
2026-08-09T07:31:05Z,2026-08-09,9,31,Disneyland Park,Thunder Mesa Riverboat Landing,28,CLOSED,STANDBY,0,,,queue-times.com
2026-08-09T07:31:05Z,2026-08-09,9,31,Disneyland Park,Disneyland Railroad Main Street Station,2708,CLOSED,STANDBY,0,,,queue-times.com
2026-08-09T07:31:05Z,2026-08-09,9,31,Disneyland Park,Main Street Vehicles,12,OPERATING,STANDBY,5,,,queue-times.com
2026-08-09T07:31:05Z,2026-08-09,9,31,Disney Adventure World,Avengers Assemble: Flight Force,10848,OPERATING,STANDBY,5,,,queue-times.com
2026-08-09T07:31:05Z,2026-08-09,9,31,Disney Adventure World,Avengers Assemble: Flight Force Single Rider,10849,OPERATING,STANDBY,5,,,queue-times.com
2026-08-09T07:31:05Z,2026-08-09,9,31,Disney Adventure World,Spider-Man W.E.B. Adventure,10845,OPERATING,STANDBY,20,,,queue-times.com
2026-08-09T07:31:05Z,2026-08-09,9,31,Disney Adventure World,Spider-Man W.E.B. Adventure Single Rider,10846,OPERATING,STANDBY,5,,,queue-times.com
2026-08-09T07:31:05Z,2026-08-09,9,31,Disney Adventure World,The Twilight Zone Tower of Terror,40,OPERATING,STANDBY,35,,,queue-times.com
2026-08-09T07:31:05Z,2026-08-09,9,31,Disney Adventure World,Cars Quatre Roues Rallye,31,OPERATING,STANDBY,5,,,queue-times.com
2026-08-09T07:31:05Z,2026-08-09,9,31,Disney Adventure World,Cars ROAD TRIP,29,OPERATING,STANDBY,5,,,queue-times.com
2026-08-09T07:31:05Z,2026-08-09,9,31,Disney Adventure World,Crush's Coaster,32,OPERATING,STANDBY,70,,,queue-times.com
2026-08-09T07:31:05Z,2026-08-09,9,31,Disney Adventure World,Crush's Coaster Single Rider,7277,OPERATING,STANDBY,50,,,queue-times.com
2026-08-09T07:31:05Z,2026-08-09,9,31,Disney Adventure World,Les Tapis Volants - Flying Carpets Over Agrabah®,33,OPERATING,STANDBY,5,,,queue-times.com
2026-08-09T07:31:05Z,2026-08-09,9,31,Disney Adventure World,Ratatouille : L’Aventure Totalement Toquée de Rémy​,37,OPERATING,STANDBY,20,,,queue-times.com
2026-08-09T07:31:05Z,2026-08-09,9,31,Disney Adventure World,Ratatouille: The Adventure Single Rider,7279,OPERATING,STANDBY,5,,,queue-times.com
2026-08-09T07:31:05Z,2026-08-09,9,31,Disney Adventure World,RC Racer,34,CLOSED,STANDBY,0,,,queue-times.com
2026-08-09T07:31:05Z,2026-08-09,9,31,Disney Adventure World,RC Racer Single Rider,7280,CLOSED,STANDBY,0,,,queue-times.com
2026-08-09T07:31:05Z,2026-08-09,9,31,Disney Adventure World,Slinky® Dog Zigzag Spin,36,OPERATING,STANDBY,5,,,queue-times.com
2026-08-09T07:31:05Z,2026-08-09,9,31,Disney Adventure World,Toy Soldiers Parachute Drop,35,OPERATING,STANDBY,30,,,queue-times.com
2026-08-09T07:31:05Z,2026-08-09,9,31,Disney Adventure World,Toy Soldiers Parachute Drop Single Rider,7281,OPERATING,STANDBY,5,,,queue-times.com
2026-08-09T07:31:05Z,2026-08-09,9,31,Disney Adventure World,Entry to World of Frozen,16247,OPERATING,STANDBY,0,,,queue-times.com
2026-08-09T07:31:05Z,2026-08-09,9,31,Disney Adventure World,Frozen Ever After,15413,OPERATING,STANDBY,45,,,queue-times.com
2026-08-09T07:31:05Z,2026-08-09,9,31,Disney Adventure World,Raiponce Tangled Spin,15415,OPERATING,STANDBY,5,,,queue-times.com
2026-08-09T07:45:46Z,2026-08-09,9,45,Disneyland Park,Adventure Isle,2702,OPERATING,STANDBY,0,,,queue-times.com
2026-08-09T07:45:46Z,2026-08-09,9,45,Disneyland Park,Indiana Jones and the Temple of Peril Single Rider,7306,OPERATING,STANDBY,5,,,queue-times.com
2026-08-09T07:45:46Z,2026-08-09,9,45,Disneyland Park,Indiana Jones™ and the Temple of Peril,2,OPERATING,STANDBY,5,,,queue-times.com
2026-08-09T07:45:46Z,2026-08-09,9,45,Disneyland Park,La Cabane des Robinson,1,OPERATING,STANDBY,5,,,queue-times.com
2026-08-09T07:45:46Z,2026-08-09,9,45,Disneyland Park,Le Passage Enchanté d'Aladdin,2703,OPERATING,STANDBY,0,,,queue-times.com
2026-08-09T07:45:46Z,2026-08-09,9,45,Disneyland Park,Pirate Galleon,2705,CLOSED,STANDBY,0,,,queue-times.com
2026-08-09T07:45:46Z,2026-08-09,9,45,Disneyland Park,Pirates of the Caribbean,3,OPERATING,STANDBY,5,,,queue-times.com
2026-08-09T07:45:46Z,2026-08-09,9,45,Disneyland Park,Pirates' Beach,2704,OPERATING,STANDBY,0,,,queue-times.com
2026-08-09T07:45:46Z,2026-08-09,9,45,Disneyland Park,"Autopia, presented by Avis",4,OPERATING,STANDBY,45,,,queue-times.com
2026-08-09T07:45:46Z,2026-08-09,9,45,Disneyland Park,Buzz Lightyear Laser Blast,5,OPERATING,STANDBY,45,,,queue-times.com
2026-08-09T07:45:46Z,2026-08-09,9,45,Disneyland Park,Disneyland Railroad Discoveryland Station,2706,CLOSED,STANDBY,0,,,queue-times.com
2026-08-09T07:45:46Z,2026-08-09,9,45,Disneyland Park,Les Mystères du Nautilus,6,OPERATING,STANDBY,5,,,queue-times.com
2026-08-09T07:45:46Z,2026-08-09,9,45,Disneyland Park,Mickey’s PhilharMagic,2707,CLOSED,STANDBY,0,,,queue-times.com
2026-08-09T07:45:46Z,2026-08-09,9,45,Disneyland Park,Orbitron®,7,OPERATING,STANDBY,45,,,queue-times.com
2026-08-09T07:45:46Z,2026-08-09,9,45,Disneyland Park,Star Tours: The Adventures Continue*,9,OPERATING,STANDBY,5,,,queue-times.com
2026-08-09T07:45:46Z,2026-08-09,9,45,Disneyland Park,Star Wars Hyperspace Mountain,8,OPERATING,STANDBY,15,,,queue-times.com
2026-08-09T07:45:46Z,2026-08-09,9,45,Disneyland Park,Star Wars Hyperspace Mountain Single Rider,7278,OPERATING,STANDBY,0,,,queue-times.com
2026-08-09T07:45:46Z,2026-08-09,9,45,Disneyland Park,Welcome to Starport: A Star Wars Encounter,4573,CLOSED,STANDBY,0,,,queue-times.com
2026-08-09T07:45:46Z,2026-08-09,9,45,Disneyland Park,"""it's a small world""",19,OPERATING,STANDBY,5,,,queue-times.com
2026-08-09T07:45:46Z,2026-08-09,9,45,Disneyland Park,Alice's Curious Labyrinth,14,OPERATING,STANDBY,5,,,queue-times.com
2026-08-09T07:45:46Z,2026-08-09,9,45,Disneyland Park,Blanche-Neige et les Sept Nains®,15,OPERATING,STANDBY,5,,,queue-times.com
2026-08-09T07:45:46Z,2026-08-09,9,45,Disneyland Park,Casey Jr. – le Petit Train du Cirque,17,OPERATING,STANDBY,5,,,queue-times.com
2026-08-09T07:45:46Z,2026-08-09,9,45,Disneyland Park,Disneyland Railroad Fantasyland Station,2711,CLOSED,STANDBY,0,,,queue-times.com
2026-08-09T07:45:46Z,2026-08-09,9,45,Disneyland Park,Disneyland Railroad Main Street Station,11,CLOSED,STANDBY,0,,,queue-times.com
2026-08-09T07:45:46Z,2026-08-09,9,45,Disneyland Park,Dumbo the Flying Elephant,18,OPERATING,STANDBY,20,,,queue-times.com
2026-08-09T07:45:46Z,2026-08-09,9,45,Disneyland Park,La Tanière du Dragon,2710,OPERATING,STANDBY,0,,,queue-times.com
2026-08-09T07:45:46Z,2026-08-09,9,45,Disneyland Park,Le Carrousel de Lancelot,16,OPERATING,STANDBY,5,,,queue-times.com
2026-08-09T07:45:46Z,2026-08-09,9,45,Disneyland Park,"Le Pays des Contes de Fées, presented by Vittel",21,OPERATING,STANDBY,5,,,queue-times.com
2026-08-09T07:45:46Z,2026-08-09,9,45,Disneyland Park,Les Voyages de Pinocchio,23,OPERATING,STANDBY,5,,,queue-times.com
2026-08-09T07:45:46Z,2026-08-09,9,45,Disneyland Park,Mad Hatter's Tea Cups,20,OPERATING,STANDBY,5,,,queue-times.com
2026-08-09T07:45:46Z,2026-08-09,9,45,Disneyland Park,Meet Mickey Mouse,13,CLOSED,STANDBY,0,,,queue-times.com
2026-08-09T07:45:46Z,2026-08-09,9,45,Disneyland Park,Peter Pan's Flight,22,OPERATING,STANDBY,45,,,queue-times.com
2026-08-09T07:45:46Z,2026-08-09,9,45,Disneyland Park,Princess Pavilion,24,CLOSED,STANDBY,0,,,queue-times.com
2026-08-09T07:45:46Z,2026-08-09,9,45,Disneyland Park,Big Thunder Mountain,25,OPERATING,STANDBY,50,,,queue-times.com
2026-08-09T07:45:46Z,2026-08-09,9,45,Disneyland Park,Disneyland Railroad Frontierland Depot,2714,CLOSED,STANDBY,0,,,queue-times.com
2026-08-09T07:45:46Z,2026-08-09,9,45,Disneyland Park,Frontierland Playground,2713,OPERATING,STANDBY,0,,,queue-times.com
2026-08-09T07:45:46Z,2026-08-09,9,45,Disneyland Park,Phantom Manor,26,OPERATING,STANDBY,5,,,queue-times.com
2026-08-09T07:45:46Z,2026-08-09,9,45,Disneyland Park,River Rogue Keelboats,27,CLOSED,STANDBY,0,,,queue-times.com
2026-08-09T07:45:46Z,2026-08-09,9,45,Disneyland Park,Rustler Roundup Shootin' Gallery,2712,OPERATING,STANDBY,0,,,queue-times.com
2026-08-09T07:45:46Z,2026-08-09,9,45,Disneyland Park,Thunder Mesa Riverboat Landing,28,CLOSED,STANDBY,0,,,queue-times.com
2026-08-09T07:45:46Z,2026-08-09,9,45,Disneyland Park,Disneyland Railroad Main Street Station,2708,CLOSED,STANDBY,0,,,queue-times.com
2026-08-09T07:45:46Z,2026-08-09,9,45,Disneyland Park,Main Street Vehicles,12,OPERATING,STANDBY,5,,,queue-times.com
2026-08-09T07:45:46Z,2026-08-09,9,45,Disney Adventure World,Avengers Assemble: Flight Force,10848,OPERATING,STANDBY,5,,,queue-times.com
2026-08-09T07:45:46Z,2026-08-09,9,45,Disney Adventure World,Avengers Assemble: Flight Force Single Rider,10849,OPERATING,STANDBY,5,,,queue-times.com
2026-08-09T07:45:46Z,2026-08-09,9,45,Disney Adventure World,Spider-Man W.E.B. Adventure,10845,OPERATING,STANDBY,40,,,queue-times.com
2026-08-09T07:45:46Z,2026-08-09,9,45,Disney Adventure World,Spider-Man W.E.B. Adventure Single Rider,10846,OPERATING,STANDBY,5,,,queue-times.com
2026-08-09T07:45:46Z,2026-08-09,9,45,Disney Adventure World,The Twilight Zone Tower of Terror,40,OPERATING,STANDBY,40,,,queue-times.com
2026-08-09T07:45:46Z,2026-08-09,9,45,Disney Adventure World,Cars Quatre Roues Rallye,31,OPERATING,STANDBY,5,,,queue-times.com
2026-08-09T07:45:46Z,2026-08-09,9,45,Disney Adventure World,Cars ROAD TRIP,29,OPERATING,STANDBY,5,,,queue-times.com
2026-08-09T07:45:46Z,2026-08-09,9,45,Disney Adventure World,Crush's Coaster,32,OPERATING,STANDBY,80,,,queue-times.com
2026-08-09T07:45:46Z,2026-08-09,9,45,Disney Adventure World,Crush's Coaster Single Rider,7277,OPERATING,STANDBY,55,,,queue-times.com
2026-08-09T07:45:46Z,2026-08-09,9,45,Disney Adventure World,Les Tapis Volants - Flying Carpets Over Agrabah®,33,OPERATING,STANDBY,5,,,queue-times.com
2026-08-09T07:45:46Z,2026-08-09,9,45,Disney Adventure World,Ratatouille : L’Aventure Totalement Toquée de Rémy​,37,OPERATING,STANDBY,45,,,queue-times.com
2026-08-09T07:45:46Z,2026-08-09,9,45,Disney Adventure World,Ratatouille: The Adventure Single Rider,7279,OPERATING,STANDBY,5,,,queue-times.com
2026-08-09T07:45:46Z,2026-08-09,9,45,Disney Adventure World,RC Racer,34,OPERATING,STANDBY,15,,,queue-times.com
2026-08-09T07:45:46Z,2026-08-09,9,45,Disney Adventure World,RC Racer Single Rider,7280,OPERATING,STANDBY,10,,,queue-times.com
2026-08-09T07:45:46Z,2026-08-09,9,45,Disney Adventure World,Slinky® Dog Zigzag Spin,36,OPERATING,STANDBY,5,,,queue-times.com
2026-08-09T07:45:46Z,2026-08-09,9,45,Disney Adventure World,Toy Soldiers Parachute Drop,35,OPERATING,STANDBY,35,,,queue-times.com
2026-08-09T07:45:46Z,2026-08-09,9,45,Disney Adventure World,Toy Soldiers Parachute Drop Single Rider,7281,OPERATING,STANDBY,5,,,queue-times.com
2026-08-09T07:45:46Z,2026-08-09,9,45,Disney Adventure World,Entry to World of Frozen,16247,OPERATING,STANDBY,0,,,queue-times.com
2026-08-09T07:45:46Z,2026-08-09,9,45,Disney Adventure World,Frozen Ever After,15413,OPERATING,STANDBY,50,,,queue-times.com
2026-08-09T07:45:46Z,2026-08-09,9,45,Disney Adventure World,Raiponce Tangled Spin,15415,OPERATING,STANDBY,5,,,queue-times.com
2026-08-09T08:01:17Z,2026-08-09,10,1,Disneyland Park,Adventure Isle,2702,OPERATING,STANDBY,0,,,queue-times.com
2026-08-09T08:01:17Z,2026-08-09,10,1,Disneyland Park,Indiana Jones and the Temple of Peril Single Rider,7306,OPERATING,STANDBY,5,,,queue-times.com
2026-08-09T08:01:17Z,2026-08-09,10,1,Disneyland Park,Indiana Jones™ and the Temple of Peril,2,OPERATING,STANDBY,10,,,queue-times.com
2026-08-09T08:01:17Z,2026-08-09,10,1,Disneyland Park,La Cabane des Robinson,1,OPERATING,STANDBY,5,,,queue-times.com
2026-08-09T08:01:17Z,2026-08-09,10,1,Disneyland Park,Le Passage Enchanté d'Aladdin,2703,OPERATING,STANDBY,0,,,queue-times.com
2026-08-09T08:01:17Z,2026-08-09,10,1,Disneyland Park,Pirate Galleon,2705,CLOSED,STANDBY,0,,,queue-times.com
2026-08-09T08:01:17Z,2026-08-09,10,1,Disneyland Park,Pirates of the Caribbean,3,OPERATING,STANDBY,10,,,queue-times.com
2026-08-09T08:01:17Z,2026-08-09,10,1,Disneyland Park,Pirates' Beach,2704,OPERATING,STANDBY,0,,,queue-times.com
2026-08-09T08:01:17Z,2026-08-09,10,1,Disneyland Park,"Autopia, presented by Avis",4,OPERATING,STANDBY,25,,,queue-times.com
2026-08-09T08:01:17Z,2026-08-09,10,1,Disneyland Park,Buzz Lightyear Laser Blast,5,OPERATING,STANDBY,35,,,queue-times.com
2026-08-09T08:01:17Z,2026-08-09,10,1,Disneyland Park,Disneyland Railroad Discoveryland Station,2706,CLOSED,STANDBY,0,,,queue-times.com
2026-08-09T08:01:17Z,2026-08-09,10,1,Disneyland Park,Les Mystères du Nautilus,6,OPERATING,STANDBY,5,,,queue-times.com
2026-08-09T08:01:17Z,2026-08-09,10,1,Disneyland Park,Mickey’s PhilharMagic,2707,CLOSED,STANDBY,0,,,queue-times.com
2026-08-09T08:01:17Z,2026-08-09,10,1,Disneyland Park,Orbitron®,7,OPERATING,STANDBY,45,,,queue-times.com
2026-08-09T08:01:17Z,2026-08-09,10,1,Disneyland Park,Star Tours: The Adventures Continue*,9,OPERATING,STANDBY,5,,,queue-times.com
2026-08-09T08:01:17Z,2026-08-09,10,1,Disneyland Park,Star Wars Hyperspace Mountain,8,OPERATING,STANDBY,30,,,queue-times.com
2026-08-09T08:01:17Z,2026-08-09,10,1,Disneyland Park,Star Wars Hyperspace Mountain Single Rider,7278,OPERATING,STANDBY,0,,,queue-times.com
2026-08-09T08:01:17Z,2026-08-09,10,1,Disneyland Park,Welcome to Starport: A Star Wars Encounter,4573,OPERATING,STANDBY,0,,,queue-times.com
2026-08-09T08:01:17Z,2026-08-09,10,1,Disneyland Park,"""it's a small world""",19,OPERATING,STANDBY,5,,,queue-times.com
2026-08-09T08:01:17Z,2026-08-09,10,1,Disneyland Park,Alice's Curious Labyrinth,14,OPERATING,STANDBY,5,,,queue-times.com
2026-08-09T08:01:17Z,2026-08-09,10,1,Disneyland Park,Blanche-Neige et les Sept Nains®,15,OPERATING,STANDBY,5,,,queue-times.com
2026-08-09T08:01:17Z,2026-08-09,10,1,Disneyland Park,Casey Jr. – le Petit Train du Cirque,17,OPERATING,STANDBY,5,,,queue-times.com
2026-08-09T08:01:17Z,2026-08-09,10,1,Disneyland Park,Disneyland Railroad Fantasyland Station,2711,CLOSED,STANDBY,0,,,queue-times.com
2026-08-09T08:01:17Z,2026-08-09,10,1,Disneyland Park,Disneyland Railroad Main Street Station,11,CLOSED,STANDBY,0,,,queue-times.com
2026-08-09T08:01:17Z,2026-08-09,10,1,Disneyland Park,Dumbo the Flying Elephant,18,OPERATING,STANDBY,20,,,queue-times.com
2026-08-09T08:01:17Z,2026-08-09,10,1,Disneyland Park,La Tanière du Dragon,2710,OPERATING,STANDBY,0,,,queue-times.com
2026-08-09T08:01:17Z,2026-08-09,10,1,Disneyland Park,Le Carrousel de Lancelot,16,OPERATING,STANDBY,5,,,queue-times.com
2026-08-09T08:01:17Z,2026-08-09,10,1,Disneyland Park,"Le Pays des Contes de Fées, presented by Vittel",21,OPERATING,STANDBY,5,,,queue-times.com
2026-08-09T08:01:17Z,2026-08-09,10,1,Disneyland Park,Les Voyages de Pinocchio,23,OPERATING,STANDBY,10,,,queue-times.com
2026-08-09T08:01:17Z,2026-08-09,10,1,Disneyland Park,Mad Hatter's Tea Cups,20,OPERATING,STANDBY,5,,,queue-times.com
2026-08-09T08:01:17Z,2026-08-09,10,1,Disneyland Park,Meet Mickey Mouse,13,OPERATING,STANDBY,0,,,queue-times.com
2026-08-09T08:01:17Z,2026-08-09,10,1,Disneyland Park,Peter Pan's Flight,22,OPERATING,STANDBY,50,,,queue-times.com
2026-08-09T08:01:17Z,2026-08-09,10,1,Disneyland Park,Princess Pavilion,24,OPERATING,STANDBY,0,,,queue-times.com
2026-08-09T08:01:17Z,2026-08-09,10,1,Disneyland Park,Big Thunder Mountain,25,CLOSED,STANDBY,0,,,queue-times.com
2026-08-09T08:01:17Z,2026-08-09,10,1,Disneyland Park,Disneyland Railroad Frontierland Depot,2714,CLOSED,STANDBY,0,,,queue-times.com
2026-08-09T08:01:17Z,2026-08-09,10,1,Disneyland Park,Frontierland Playground,2713,OPERATING,STANDBY,0,,,queue-times.com
2026-08-09T08:01:17Z,2026-08-09,10,1,Disneyland Park,Phantom Manor,26,OPERATING,STANDBY,5,,,queue-times.com
2026-08-09T08:01:17Z,2026-08-09,10,1,Disneyland Park,River Rogue Keelboats,27,CLOSED,STANDBY,0,,,queue-times.com
2026-08-09T08:01:17Z,2026-08-09,10,1,Disneyland Park,Rustler Roundup Shootin' Gallery,2712,OPERATING,STANDBY,0,,,queue-times.com
2026-08-09T08:01:17Z,2026-08-09,10,1,Disneyland Park,Thunder Mesa Riverboat Landing,28,CLOSED,STANDBY,0,,,queue-times.com
2026-08-09T08:01:17Z,2026-08-09,10,1,Disneyland Park,Disneyland Railroad Main Street Station,2708,CLOSED,STANDBY,0,,,queue-times.com
2026-08-09T08:01:17Z,2026-08-09,10,1,Disneyland Park,Main Street Vehicles,12,OPERATING,STANDBY,5,,,queue-times.com
2026-08-09T08:01:17Z,2026-08-09,10,1,Disney Adventure World,Avengers Assemble: Flight Force,10848,OPERATING,STANDBY,10,,,queue-times.com
2026-08-09T08:01:17Z,2026-08-09,10,1,Disney Adventure World,Avengers Assemble: Flight Force Single Rider,10849,OPERATING,STANDBY,5,,,queue-times.com
2026-08-09T08:01:17Z,2026-08-09,10,1,Disney Adventure World,Spider-Man W.E.B. Adventure,10845,OPERATING,STANDBY,25,,,queue-times.com
2026-08-09T08:01:17Z,2026-08-09,10,1,Disney Adventure World,Spider-Man W.E.B. Adventure Single Rider,10846,OPERATING,STANDBY,10,,,queue-times.com
2026-08-09T08:01:17Z,2026-08-09,10,1,Disney Adventure World,The Twilight Zone Tower of Terror,40,OPERATING,STANDBY,80,,,queue-times.com
2026-08-09T08:01:17Z,2026-08-09,10,1,Disney Adventure World,Cars Quatre Roues Rallye,31,OPERATING,STANDBY,5,,,queue-times.com
2026-08-09T08:01:17Z,2026-08-09,10,1,Disney Adventure World,Cars ROAD TRIP,29,OPERATING,STANDBY,5,,,queue-times.com
2026-08-09T08:01:17Z,2026-08-09,10,1,Disney Adventure World,Crush's Coaster,32,OPERATING,STANDBY,85,,,queue-times.com
2026-08-09T08:01:17Z,2026-08-09,10,1,Disney Adventure World,Crush's Coaster Single Rider,7277,OPERATING,STANDBY,50,,,queue-times.com
2026-08-09T08:01:17Z,2026-08-09,10,1,Disney Adventure World,Les Tapis Volants - Flying Carpets Over Agrabah®,33,OPERATING,STANDBY,5,,,queue-times.com
2026-08-09T08:01:17Z,2026-08-09,10,1,Disney Adventure World,Ratatouille : L’Aventure Totalement Toquée de Rémy​,37,OPERATING,STANDBY,50,,,queue-times.com
2026-08-09T08:01:17Z,2026-08-09,10,1,Disney Adventure World,Ratatouille: The Adventure Single Rider,7279,OPERATING,STANDBY,5,,,queue-times.com
2026-08-09T08:01:17Z,2026-08-09,10,1,Disney Adventure World,RC Racer,34,OPERATING,STANDBY,30,,,queue-times.com
2026-08-09T08:01:17Z,2026-08-09,10,1,Disney Adventure World,RC Racer Single Rider,7280,OPERATING,STANDBY,25,,,queue-times.com
2026-08-09T08:01:17Z,2026-08-09,10,1,Disney Adventure World,Slinky® Dog Zigzag Spin,36,OPERATING,STANDBY,10,,,queue-times.com
2026-08-09T08:01:17Z,2026-08-09,10,1,Disney Adventure World,Toy Soldiers Parachute Drop,35,OPERATING,STANDBY,45,,,queue-times.com
2026-08-09T08:01:17Z,2026-08-09,10,1,Disney Adventure World,Toy Soldiers Parachute Drop Single Rider,7281,OPERATING,STANDBY,10,,,queue-times.com
2026-08-09T08:01:17Z,2026-08-09,10,1,Disney Adventure World,Entry to World of Frozen,16247,OPERATING,STANDBY,0,,,queue-times.com
2026-08-09T08:01:17Z,2026-08-09,10,1,Disney Adventure World,Frozen Ever After,15413,OPERATING,STANDBY,65,,,queue-times.com
2026-08-09T08:01:17Z,2026-08-09,10,1,Disney Adventure World,Raiponce Tangled Spin,15415,OPERATING,STANDBY,5,,,queue-times.com
2026-08-09T08:04:56Z,2026-08-09,10,4,Disneyland Park,Adventure Isle,2702,OPERATING,STANDBY,0,,,queue-times.com
2026-08-09T08:04:56Z,2026-08-09,10,4,Disneyland Park,Indiana Jones and the Temple of Peril Single Rider,7306,OPERATING,STANDBY,5,,,queue-times.com
2026-08-09T08:04:56Z,2026-08-09,10,4,Disneyland Park,Indiana Jones™ and the Temple of Peril,2,OPERATING,STANDBY,10,,,queue-times.com
2026-08-09T08:04:56Z,2026-08-09,10,4,Disneyland Park,La Cabane des Robinson,1,OPERATING,STANDBY,5,,,queue-times.com
2026-08-09T08:04:56Z,2026-08-09,10,4,Disneyland Park,Le Passage Enchanté d'Aladdin,2703,OPERATING,STANDBY,0,,,queue-times.com
2026-08-09T08:04:56Z,2026-08-09,10,4,Disneyland Park,Pirate Galleon,2705,CLOSED,STANDBY,0,,,queue-times.com
2026-08-09T08:04:56Z,2026-08-09,10,4,Disneyland Park,Pirates of the Caribbean,3,OPERATING,STANDBY,10,,,queue-times.com
2026-08-09T08:04:56Z,2026-08-09,10,4,Disneyland Park,Pirates' Beach,2704,OPERATING,STANDBY,0,,,queue-times.com
2026-08-09T08:04:56Z,2026-08-09,10,4,Disneyland Park,"Autopia, presented by Avis",4,OPERATING,STANDBY,25,,,queue-times.com
2026-08-09T08:04:56Z,2026-08-09,10,4,Disneyland Park,Buzz Lightyear Laser Blast,5,OPERATING,STANDBY,35,,,queue-times.com
2026-08-09T08:04:56Z,2026-08-09,10,4,Disneyland Park,Disneyland Railroad Discoveryland Station,2706,CLOSED,STANDBY,0,,,queue-times.com
2026-08-09T08:04:56Z,2026-08-09,10,4,Disneyland Park,Les Mystères du Nautilus,6,OPERATING,STANDBY,5,,,queue-times.com
2026-08-09T08:04:56Z,2026-08-09,10,4,Disneyland Park,Mickey’s PhilharMagic,2707,CLOSED,STANDBY,0,,,queue-times.com
2026-08-09T08:04:56Z,2026-08-09,10,4,Disneyland Park,Orbitron®,7,OPERATING,STANDBY,45,,,queue-times.com
2026-08-09T08:04:56Z,2026-08-09,10,4,Disneyland Park,Star Tours: The Adventures Continue*,9,OPERATING,STANDBY,5,,,queue-times.com
2026-08-09T08:04:56Z,2026-08-09,10,4,Disneyland Park,Star Wars Hyperspace Mountain,8,OPERATING,STANDBY,30,,,queue-times.com
2026-08-09T08:04:56Z,2026-08-09,10,4,Disneyland Park,Star Wars Hyperspace Mountain Single Rider,7278,OPERATING,STANDBY,0,,,queue-times.com
2026-08-09T08:04:56Z,2026-08-09,10,4,Disneyland Park,Welcome to Starport: A Star Wars Encounter,4573,OPERATING,STANDBY,0,,,queue-times.com
2026-08-09T08:04:56Z,2026-08-09,10,4,Disneyland Park,"""it's a small world""",19,OPERATING,STANDBY,5,,,queue-times.com
2026-08-09T08:04:56Z,2026-08-09,10,4,Disneyland Park,Alice's Curious Labyrinth,14,OPERATING,STANDBY,5,,,queue-times.com
2026-08-09T08:04:56Z,2026-08-09,10,4,Disneyland Park,Blanche-Neige et les Sept Nains®,15,OPERATING,STANDBY,5,,,queue-times.com
2026-08-09T08:04:56Z,2026-08-09,10,4,Disneyland Park,Casey Jr. – le Petit Train du Cirque,17,OPERATING,STANDBY,5,,,queue-times.com
2026-08-09T08:04:56Z,2026-08-09,10,4,Disneyland Park,Disneyland Railroad Fantasyland Station,2711,CLOSED,STANDBY,0,,,queue-times.com
2026-08-09T08:04:56Z,2026-08-09,10,4,Disneyland Park,Disneyland Railroad Main Street Station,11,CLOSED,STANDBY,0,,,queue-times.com
2026-08-09T08:04:56Z,2026-08-09,10,4,Disneyland Park,Dumbo the Flying Elephant,18,OPERATING,STANDBY,20,,,queue-times.com
2026-08-09T08:04:56Z,2026-08-09,10,4,Disneyland Park,La Tanière du Dragon,2710,OPERATING,STANDBY,0,,,queue-times.com
2026-08-09T08:04:56Z,2026-08-09,10,4,Disneyland Park,Le Carrousel de Lancelot,16,OPERATING,STANDBY,5,,,queue-times.com
2026-08-09T08:04:56Z,2026-08-09,10,4,Disneyland Park,"Le Pays des Contes de Fées, presented by Vittel",21,OPERATING,STANDBY,5,,,queue-times.com
2026-08-09T08:04:56Z,2026-08-09,10,4,Disneyland Park,Les Voyages de Pinocchio,23,OPERATING,STANDBY,10,,,queue-times.com
2026-08-09T08:04:56Z,2026-08-09,10,4,Disneyland Park,Mad Hatter's Tea Cups,20,OPERATING,STANDBY,5,,,queue-times.com
2026-08-09T08:04:56Z,2026-08-09,10,4,Disneyland Park,Meet Mickey Mouse,13,OPERATING,STANDBY,0,,,queue-times.com
2026-08-09T08:04:56Z,2026-08-09,10,4,Disneyland Park,Peter Pan's Flight,22,OPERATING,STANDBY,50,,,queue-times.com
2026-08-09T08:04:56Z,2026-08-09,10,4,Disneyland Park,Princess Pavilion,24,OPERATING,STANDBY,0,,,queue-times.com
2026-08-09T08:04:56Z,2026-08-09,10,4,Disneyland Park,Big Thunder Mountain,25,CLOSED,STANDBY,0,,,queue-times.com
2026-08-09T08:04:56Z,2026-08-09,10,4,Disneyland Park,Disneyland Railroad Frontierland Depot,2714,CLOSED,STANDBY,0,,,queue-times.com
2026-08-09T08:04:56Z,2026-08-09,10,4,Disneyland Park,Frontierland Playground,2713,OPERATING,STANDBY,0,,,queue-times.com
2026-08-09T08:04:56Z,2026-08-09,10,4,Disneyland Park,Phantom Manor,26,OPERATING,STANDBY,5,,,queue-times.com
2026-08-09T08:04:56Z,2026-08-09,10,4,Disneyland Park,River Rogue Keelboats,27,CLOSED,STANDBY,0,,,queue-times.com
2026-08-09T08:04:56Z,2026-08-09,10,4,Disneyland Park,Rustler Roundup Shootin' Gallery,2712,OPERATING,STANDBY,0,,,queue-times.com
2026-08-09T08:04:56Z,2026-08-09,10,4,Disneyland Park,Thunder Mesa Riverboat Landing,28,CLOSED,STANDBY,0,,,queue-times.com
2026-08-09T08:04:56Z,2026-08-09,10,4,Disneyland Park,Disneyland Railroad Main Street Station,2708,CLOSED,STANDBY,0,,,queue-times.com
2026-08-09T08:04:56Z,2026-08-09,10,4,Disneyland Park,Main Street Vehicles,12,OPERATING,STANDBY,5,,,queue-times.com
2026-08-09T08:04:56Z,2026-08-09,10,4,Disney Adventure World,Avengers Assemble: Flight Force,10848,OPERATING,STANDBY,10,,,queue-times.com
2026-08-09T08:04:56Z,2026-08-09,10,4,Disney Adventure World,Avengers Assemble: Flight Force Single Rider,10849,OPERATING,STANDBY,5,,,queue-times.com
2026-08-09T08:04:56Z,2026-08-09,10,4,Disney Adventure World,Spider-Man W.E.B. Adventure,10845,OPERATING,STANDBY,25,,,queue-times.com
2026-08-09T08:04:56Z,2026-08-09,10,4,Disney Adventure World,Spider-Man W.E.B. Adventure Single Rider,10846,OPERATING,STANDBY,10,,,queue-times.com
2026-08-09T08:04:56Z,2026-08-09,10,4,Disney Adventure World,The Twilight Zone Tower of Terror,40,OPERATING,STANDBY,80,,,queue-times.com
2026-08-09T08:04:56Z,2026-08-09,10,4,Disney Adventure World,Cars Quatre Roues Rallye,31,OPERATING,STANDBY,5,,,queue-times.com
2026-08-09T08:04:56Z,2026-08-09,10,4,Disney Adventure World,Cars ROAD TRIP,29,OPERATING,STANDBY,5,,,queue-times.com
2026-08-09T08:04:56Z,2026-08-09,10,4,Disney Adventure World,Crush's Coaster,32,OPERATING,STANDBY,85,,,queue-times.com
2026-08-09T08:04:56Z,2026-08-09,10,4,Disney Adventure World,Crush's Coaster Single Rider,7277,OPERATING,STANDBY,50,,,queue-times.com
2026-08-09T08:04:56Z,2026-08-09,10,4,Disney Adventure World,Les Tapis Volants - Flying Carpets Over Agrabah®,33,OPERATING,STANDBY,5,,,queue-times.com
2026-08-09T08:04:56Z,2026-08-09,10,4,Disney Adventure World,Ratatouille : L’Aventure Totalement Toquée de Rémy​,37,OPERATING,STANDBY,50,,,queue-times.com
2026-08-09T08:04:56Z,2026-08-09,10,4,Disney Adventure World,Ratatouille: The Adventure Single Rider,7279,OPERATING,STANDBY,5,,,queue-times.com
2026-08-09T08:04:56Z,2026-08-09,10,4,Disney Adventure World,RC Racer,34,OPERATING,STANDBY,30,,,queue-times.com
2026-08-09T08:04:56Z,2026-08-09,10,4,Disney Adventure World,RC Racer Single Rider,7280,OPERATING,STANDBY,25,,,queue-times.com
2026-08-09T08:04:56Z,2026-08-09,10,4,Disney Adventure World,Slinky® Dog Zigzag Spin,36,OPERATING,STANDBY,10,,,queue-times.com
2026-08-09T08:04:56Z,2026-08-09,10,4,Disney Adventure World,Toy Soldiers Parachute Drop,35,OPERATING,STANDBY,45,,,queue-times.com
2026-08-09T08:04:56Z,2026-08-09,10,4,Disney Adventure World,Toy Soldiers Parachute Drop Single Rider,7281,OPERATING,STANDBY,10,,,queue-times.com
2026-08-09T08:04:56Z,2026-08-09,10,4,Disney Adventure World,Entry to World of Frozen,16247,OPERATING,STANDBY,0,,,queue-times.com
2026-08-09T08:04:56Z,2026-08-09,10,4,Disney Adventure World,Frozen Ever After,15413,OPERATING,STANDBY,65,,,queue-times.com
2026-08-09T08:04:56Z,2026-08-09,10,4,Disney Adventure World,Raiponce Tangled Spin,15415,OPERATING,STANDBY,5,,,queue-times.com
2026-08-09T08:15:44Z,2026-08-09,10,15,Disneyland Park,Adventure Isle,2702,OPERATING,STANDBY,0,,,queue-times.com
2026-08-09T08:15:44Z,2026-08-09,10,15,Disneyland Park,Indiana Jones and the Temple of Peril Single Rider,7306,OPERATING,STANDBY,5,,,queue-times.com
2026-08-09T08:15:44Z,2026-08-09,10,15,Disneyland Park,Indiana Jones™ and the Temple of Peril,2,OPERATING,STANDBY,20,,,queue-times.com
2026-08-09T08:15:44Z,2026-08-09,10,15,Disneyland Park,La Cabane des Robinson,1,OPERATING,STANDBY,5,,,queue-times.com
2026-08-09T08:15:44Z,2026-08-09,10,15,Disneyland Park,Le Passage Enchanté d'Aladdin,2703,OPERATING,STANDBY,0,,,queue-times.com
2026-08-09T08:15:44Z,2026-08-09,10,15,Disneyland Park,Pirate Galleon,2705,CLOSED,STANDBY,0,,,queue-times.com
2026-08-09T08:15:44Z,2026-08-09,10,15,Disneyland Park,Pirates of the Caribbean,3,OPERATING,STANDBY,10,,,queue-times.com
2026-08-09T08:15:44Z,2026-08-09,10,15,Disneyland Park,Pirates' Beach,2704,OPERATING,STANDBY,0,,,queue-times.com
2026-08-09T08:15:44Z,2026-08-09,10,15,Disneyland Park,"Autopia, presented by Avis",4,OPERATING,STANDBY,30,,,queue-times.com
2026-08-09T08:15:44Z,2026-08-09,10,15,Disneyland Park,Buzz Lightyear Laser Blast,5,OPERATING,STANDBY,45,,,queue-times.com
2026-08-09T08:15:44Z,2026-08-09,10,15,Disneyland Park,Disneyland Railroad Discoveryland Station,2706,CLOSED,STANDBY,0,,,queue-times.com
2026-08-09T08:15:44Z,2026-08-09,10,15,Disneyland Park,Les Mystères du Nautilus,6,OPERATING,STANDBY,5,,,queue-times.com
2026-08-09T08:15:44Z,2026-08-09,10,15,Disneyland Park,Mickey’s PhilharMagic,2707,CLOSED,STANDBY,0,,,queue-times.com
2026-08-09T08:15:44Z,2026-08-09,10,15,Disneyland Park,Orbitron®,7,OPERATING,STANDBY,50,,,queue-times.com
2026-08-09T08:15:44Z,2026-08-09,10,15,Disneyland Park,Star Tours: The Adventures Continue*,9,OPERATING,STANDBY,5,,,queue-times.com
2026-08-09T08:15:44Z,2026-08-09,10,15,Disneyland Park,Star Wars Hyperspace Mountain,8,OPERATING,STANDBY,30,,,queue-times.com
2026-08-09T08:15:44Z,2026-08-09,10,15,Disneyland Park,Star Wars Hyperspace Mountain Single Rider,7278,OPERATING,STANDBY,0,,,queue-times.com
2026-08-09T08:15:44Z,2026-08-09,10,15,Disneyland Park,Welcome to Starport: A Star Wars Encounter,4573,OPERATING,STANDBY,45,,,queue-times.com
2026-08-09T08:15:44Z,2026-08-09,10,15,Disneyland Park,"""it's a small world""",19,OPERATING,STANDBY,5,,,queue-times.com
2026-08-09T08:15:44Z,2026-08-09,10,15,Disneyland Park,Alice's Curious Labyrinth,14,OPERATING,STANDBY,5,,,queue-times.com
2026-08-09T08:15:44Z,2026-08-09,10,15,Disneyland Park,Blanche-Neige et les Sept Nains®,15,OPERATING,STANDBY,10,,,queue-times.com
2026-08-09T08:15:44Z,2026-08-09,10,15,Disneyland Park,Casey Jr. – le Petit Train du Cirque,17,OPERATING,STANDBY,5,,,queue-times.com
2026-08-09T08:15:44Z,2026-08-09,10,15,Disneyland Park,Disneyland Railroad Fantasyland Station,2711,CLOSED,STANDBY,0,,,queue-times.com
2026-08-09T08:15:44Z,2026-08-09,10,15,Disneyland Park,Disneyland Railroad Main Street Station,11,CLOSED,STANDBY,0,,,queue-times.com
2026-08-09T08:15:44Z,2026-08-09,10,15,Disneyland Park,Dumbo the Flying Elephant,18,OPERATING,STANDBY,20,,,queue-times.com
2026-08-09T08:15:44Z,2026-08-09,10,15,Disneyland Park,La Tanière du Dragon,2710,OPERATING,STANDBY,0,,,queue-times.com
2026-08-09T08:15:44Z,2026-08-09,10,15,Disneyland Park,Le Carrousel de Lancelot,16,OPERATING,STANDBY,5,,,queue-times.com
2026-08-09T08:15:44Z,2026-08-09,10,15,Disneyland Park,"Le Pays des Contes de Fées, presented by Vittel",21,OPERATING,STANDBY,5,,,queue-times.com
2026-08-09T08:15:44Z,2026-08-09,10,15,Disneyland Park,Les Voyages de Pinocchio,23,OPERATING,STANDBY,10,,,queue-times.com
2026-08-09T08:15:44Z,2026-08-09,10,15,Disneyland Park,Mad Hatter's Tea Cups,20,OPERATING,STANDBY,5,,,queue-times.com
2026-08-09T08:15:44Z,2026-08-09,10,15,Disneyland Park,Meet Mickey Mouse,13,OPERATING,STANDBY,0,,,queue-times.com
2026-08-09T08:15:44Z,2026-08-09,10,15,Disneyland Park,Peter Pan's Flight,22,CLOSED,STANDBY,0,,,queue-times.com
2026-08-09T08:15:44Z,2026-08-09,10,15,Disneyland Park,Princess Pavilion,24,OPERATING,STANDBY,0,,,queue-times.com
2026-08-09T08:15:44Z,2026-08-09,10,15,Disneyland Park,Big Thunder Mountain,25,CLOSED,STANDBY,0,,,queue-times.com
2026-08-09T08:15:44Z,2026-08-09,10,15,Disneyland Park,Disneyland Railroad Frontierland Depot,2714,CLOSED,STANDBY,0,,,queue-times.com
2026-08-09T08:15:44Z,2026-08-09,10,15,Disneyland Park,Frontierland Playground,2713,OPERATING,STANDBY,0,,,queue-times.com
2026-08-09T08:15:44Z,2026-08-09,10,15,Disneyland Park,Phantom Manor,26,OPERATING,STANDBY,20,,,queue-times.com
2026-08-09T08:15:44Z,2026-08-09,10,15,Disneyland Park,River Rogue Keelboats,27,CLOSED,STANDBY,0,,,queue-times.com
2026-08-09T08:15:44Z,2026-08-09,10,15,Disneyland Park,Rustler Roundup Shootin' Gallery,2712,OPERATING,STANDBY,0,,,queue-times.com
2026-08-09T08:15:44Z,2026-08-09,10,15,Disneyland Park,Thunder Mesa Riverboat Landing,28,OPERATING,STANDBY,20,,,queue-times.com
2026-08-09T08:15:44Z,2026-08-09,10,15,Disneyland Park,Disneyland Railroad Main Street Station,2708,CLOSED,STANDBY,0,,,queue-times.com
2026-08-09T08:15:44Z,2026-08-09,10,15,Disneyland Park,Main Street Vehicles,12,OPERATING,STANDBY,5,,,queue-times.com
2026-08-09T08:15:44Z,2026-08-09,10,15,Disney Adventure World,Avengers Assemble: Flight Force,10848,CLOSED,STANDBY,0,,,queue-times.com
2026-08-09T08:15:44Z,2026-08-09,10,15,Disney Adventure World,Avengers Assemble: Flight Force Single Rider,10849,CLOSED,STANDBY,0,,,queue-times.com
2026-08-09T08:15:44Z,2026-08-09,10,15,Disney Adventure World,Spider-Man W.E.B. Adventure,10845,OPERATING,STANDBY,50,,,queue-times.com
2026-08-09T08:15:44Z,2026-08-09,10,15,Disney Adventure World,Spider-Man W.E.B. Adventure Single Rider,10846,OPERATING,STANDBY,5,,,queue-times.com
2026-08-09T08:15:44Z,2026-08-09,10,15,Disney Adventure World,The Twilight Zone Tower of Terror,40,OPERATING,STANDBY,80,,,queue-times.com
2026-08-09T08:15:44Z,2026-08-09,10,15,Disney Adventure World,Cars Quatre Roues Rallye,31,OPERATING,STANDBY,10,,,queue-times.com
2026-08-09T08:15:44Z,2026-08-09,10,15,Disney Adventure World,Cars ROAD TRIP,29,OPERATING,STANDBY,5,,,queue-times.com
2026-08-09T08:15:44Z,2026-08-09,10,15,Disney Adventure World,Crush's Coaster,32,OPERATING,STANDBY,75,,,queue-times.com
2026-08-09T08:15:44Z,2026-08-09,10,15,Disney Adventure World,Crush's Coaster Single Rider,7277,OPERATING,STANDBY,40,,,queue-times.com
2026-08-09T08:15:44Z,2026-08-09,10,15,Disney Adventure World,Les Tapis Volants - Flying Carpets Over Agrabah®,33,OPERATING,STANDBY,10,,,queue-times.com
2026-08-09T08:15:44Z,2026-08-09,10,15,Disney Adventure World,Ratatouille : L’Aventure Totalement Toquée de Rémy​,37,OPERATING,STANDBY,40,,,queue-times.com
2026-08-09T08:15:44Z,2026-08-09,10,15,Disney Adventure World,Ratatouille: The Adventure Single Rider,7279,OPERATING,STANDBY,10,,,queue-times.com
2026-08-09T08:15:44Z,2026-08-09,10,15,Disney Adventure World,RC Racer,34,OPERATING,STANDBY,35,,,queue-times.com
2026-08-09T08:15:44Z,2026-08-09,10,15,Disney Adventure World,RC Racer Single Rider,7280,OPERATING,STANDBY,30,,,queue-times.com
2026-08-09T08:15:44Z,2026-08-09,10,15,Disney Adventure World,Slinky® Dog Zigzag Spin,36,OPERATING,STANDBY,15,,,queue-times.com
2026-08-09T08:15:44Z,2026-08-09,10,15,Disney Adventure World,Toy Soldiers Parachute Drop,35,OPERATING,STANDBY,50,,,queue-times.com
2026-08-09T08:15:44Z,2026-08-09,10,15,Disney Adventure World,Toy Soldiers Parachute Drop Single Rider,7281,OPERATING,STANDBY,10,,,queue-times.com
2026-08-09T08:15:44Z,2026-08-09,10,15,Disney Adventure World,Entry to World of Frozen,16247,OPERATING,STANDBY,0,,,queue-times.com
2026-08-09T08:15:44Z,2026-08-09,10,15,Disney Adventure World,Frozen Ever After,15413,OPERATING,STANDBY,65,,,queue-times.com
2026-08-09T08:15:44Z,2026-08-09,10,15,Disney Adventure World,Raiponce Tangled Spin,15415,OPERATING,STANDBY,5,,,queue-times.com
2026-08-09T08:31:06Z,2026-08-09,10,31,Disneyland Park,Adventure Isle,2702,OPERATING,STANDBY,0,,,queue-times.com
2026-08-09T08:31:06Z,2026-08-09,10,31,Disneyland Park,Indiana Jones and the Temple of Peril Single Rider,7306,OPERATING,STANDBY,5,,,queue-times.com
2026-08-09T08:31:06Z,2026-08-09,10,31,Disneyland Park,Indiana Jones™ and the Temple of Peril,2,OPERATING,STANDBY,25,,,queue-times.com
2026-08-09T08:31:06Z,2026-08-09,10,31,Disneyland Park,La Cabane des Robinson,1,OPERATING,STANDBY,5,,,queue-times.com
2026-08-09T08:31:06Z,2026-08-09,10,31,Disneyland Park,Le Passage Enchanté d'Aladdin,2703,OPERATING,STANDBY,0,,,queue-times.com
2026-08-09T08:31:06Z,2026-08-09,10,31,Disneyland Park,Pirate Galleon,2705,CLOSED,STANDBY,0,,,queue-times.com
2026-08-09T08:31:06Z,2026-08-09,10,31,Disneyland Park,Pirates of the Caribbean,3,OPERATING,STANDBY,10,,,queue-times.com
2026-08-09T08:31:06Z,2026-08-09,10,31,Disneyland Park,Pirates' Beach,2704,OPERATING,STANDBY,0,,,queue-times.com
2026-08-09T08:31:06Z,2026-08-09,10,31,Disneyland Park,"Autopia, presented by Avis",4,OPERATING,STANDBY,30,,,queue-times.com
2026-08-09T08:31:06Z,2026-08-09,10,31,Disneyland Park,Buzz Lightyear Laser Blast,5,OPERATING,STANDBY,35,,,queue-times.com
2026-08-09T08:31:06Z,2026-08-09,10,31,Disneyland Park,Disneyland Railroad Discoveryland Station,2706,CLOSED,STANDBY,0,,,queue-times.com
2026-08-09T08:31:06Z,2026-08-09,10,31,Disneyland Park,Les Mystères du Nautilus,6,OPERATING,STANDBY,5,,,queue-times.com
2026-08-09T08:31:06Z,2026-08-09,10,31,Disneyland Park,Mickey’s PhilharMagic,2707,CLOSED,STANDBY,0,,,queue-times.com
2026-08-09T08:31:06Z,2026-08-09,10,31,Disneyland Park,Orbitron®,7,OPERATING,STANDBY,50,,,queue-times.com
2026-08-09T08:31:06Z,2026-08-09,10,31,Disneyland Park,Star Tours: The Adventures Continue*,9,OPERATING,STANDBY,5,,,queue-times.com
2026-08-09T08:31:06Z,2026-08-09,10,31,Disneyland Park,Star Wars Hyperspace Mountain,8,OPERATING,STANDBY,20,,,queue-times.com
2026-08-09T08:31:06Z,2026-08-09,10,31,Disneyland Park,Star Wars Hyperspace Mountain Single Rider,7278,OPERATING,STANDBY,0,,,queue-times.com
2026-08-09T08:31:06Z,2026-08-09,10,31,Disneyland Park,Welcome to Starport: A Star Wars Encounter,4573,OPERATING,STANDBY,45,,,queue-times.com
2026-08-09T08:31:06Z,2026-08-09,10,31,Disneyland Park,"""it's a small world""",19,OPERATING,STANDBY,5,,,queue-times.com
2026-08-09T08:31:06Z,2026-08-09,10,31,Disneyland Park,Alice's Curious Labyrinth,14,OPERATING,STANDBY,5,,,queue-times.com
2026-08-09T08:31:06Z,2026-08-09,10,31,Disneyland Park,Blanche-Neige et les Sept Nains®,15,OPERATING,STANDBY,10,,,queue-times.com
2026-08-09T08:31:06Z,2026-08-09,10,31,Disneyland Park,Casey Jr. – le Petit Train du Cirque,17,OPERATING,STANDBY,5,,,queue-times.com
2026-08-09T08:31:06Z,2026-08-09,10,31,Disneyland Park,Disneyland Railroad Fantasyland Station,2711,CLOSED,STANDBY,0,,,queue-times.com
2026-08-09T08:31:06Z,2026-08-09,10,31,Disneyland Park,Disneyland Railroad Main Street Station,11,CLOSED,STANDBY,0,,,queue-times.com
2026-08-09T08:31:06Z,2026-08-09,10,31,Disneyland Park,Dumbo the Flying Elephant,18,OPERATING,STANDBY,20,,,queue-times.com
2026-08-09T08:31:06Z,2026-08-09,10,31,Disneyland Park,La Tanière du Dragon,2710,OPERATING,STANDBY,0,,,queue-times.com
2026-08-09T08:31:06Z,2026-08-09,10,31,Disneyland Park,Le Carrousel de Lancelot,16,OPERATING,STANDBY,5,,,queue-times.com
2026-08-09T08:31:06Z,2026-08-09,10,31,Disneyland Park,"Le Pays des Contes de Fées, presented by Vittel",21,OPERATING,STANDBY,5,,,queue-times.com
2026-08-09T08:31:06Z,2026-08-09,10,31,Disneyland Park,Les Voyages de Pinocchio,23,OPERATING,STANDBY,15,,,queue-times.com
2026-08-09T08:31:06Z,2026-08-09,10,31,Disneyland Park,Mad Hatter's Tea Cups,20,OPERATING,STANDBY,5,,,queue-times.com
2026-08-09T08:31:06Z,2026-08-09,10,31,Disneyland Park,Meet Mickey Mouse,13,OPERATING,STANDBY,0,,,queue-times.com
2026-08-09T08:31:06Z,2026-08-09,10,31,Disneyland Park,Peter Pan's Flight,22,OPERATING,STANDBY,50,,,queue-times.com
2026-08-09T08:31:06Z,2026-08-09,10,31,Disneyland Park,Princess Pavilion,24,OPERATING,STANDBY,0,,,queue-times.com
2026-08-09T08:31:06Z,2026-08-09,10,31,Disneyland Park,Big Thunder Mountain,25,CLOSED,STANDBY,0,,,queue-times.com
2026-08-09T08:31:06Z,2026-08-09,10,31,Disneyland Park,Disneyland Railroad Frontierland Depot,2714,CLOSED,STANDBY,0,,,queue-times.com
2026-08-09T08:31:06Z,2026-08-09,10,31,Disneyland Park,Frontierland Playground,2713,OPERATING,STANDBY,0,,,queue-times.com
2026-08-09T08:31:06Z,2026-08-09,10,31,Disneyland Park,Phantom Manor,26,OPERATING,STANDBY,20,,,queue-times.com
2026-08-09T08:31:06Z,2026-08-09,10,31,Disneyland Park,River Rogue Keelboats,27,CLOSED,STANDBY,0,,,queue-times.com
2026-08-09T08:31:06Z,2026-08-09,10,31,Disneyland Park,Rustler Roundup Shootin' Gallery,2712,OPERATING,STANDBY,0,,,queue-times.com
2026-08-09T08:31:06Z,2026-08-09,10,31,Disneyland Park,Thunder Mesa Riverboat Landing,28,OPERATING,STANDBY,20,,,queue-times.com
2026-08-09T08:31:06Z,2026-08-09,10,31,Disneyland Park,Disneyland Railroad Main Street Station,2708,CLOSED,STANDBY,0,,,queue-times.com
2026-08-09T08:31:06Z,2026-08-09,10,31,Disneyland Park,Main Street Vehicles,12,OPERATING,STANDBY,5,,,queue-times.com
2026-08-09T08:31:06Z,2026-08-09,10,31,Disney Adventure World,Avengers Assemble: Flight Force,10848,OPERATING,STANDBY,10,,,queue-times.com
2026-08-09T08:31:06Z,2026-08-09,10,31,Disney Adventure World,Avengers Assemble: Flight Force Single Rider,10849,OPERATING,STANDBY,5,,,queue-times.com
2026-08-09T08:31:06Z,2026-08-09,10,31,Disney Adventure World,Spider-Man W.E.B. Adventure,10845,OPERATING,STANDBY,40,,,queue-times.com
2026-08-09T08:31:06Z,2026-08-09,10,31,Disney Adventure World,Spider-Man W.E.B. Adventure Single Rider,10846,OPERATING,STANDBY,30,,,queue-times.com
2026-08-09T08:31:06Z,2026-08-09,10,31,Disney Adventure World,The Twilight Zone Tower of Terror,40,OPERATING,STANDBY,70,,,queue-times.com
2026-08-09T08:31:06Z,2026-08-09,10,31,Disney Adventure World,Cars Quatre Roues Rallye,31,OPERATING,STANDBY,20,,,queue-times.com
2026-08-09T08:31:06Z,2026-08-09,10,31,Disney Adventure World,Cars ROAD TRIP,29,OPERATING,STANDBY,10,,,queue-times.com
2026-08-09T08:31:06Z,2026-08-09,10,31,Disney Adventure World,Crush's Coaster,32,OPERATING,STANDBY,85,,,queue-times.com
2026-08-09T08:31:06Z,2026-08-09,10,31,Disney Adventure World,Crush's Coaster Single Rider,7277,OPERATING,STANDBY,60,,,queue-times.com
2026-08-09T08:31:06Z,2026-08-09,10,31,Disney Adventure World,Les Tapis Volants - Flying Carpets Over Agrabah®,33,OPERATING,STANDBY,10,,,queue-times.com
2026-08-09T08:31:06Z,2026-08-09,10,31,Disney Adventure World,Ratatouille : L’Aventure Totalement Toquée de Rémy​,37,OPERATING,STANDBY,50,,,queue-times.com
2026-08-09T08:31:06Z,2026-08-09,10,31,Disney Adventure World,Ratatouille: The Adventure Single Rider,7279,OPERATING,STANDBY,10,,,queue-times.com
2026-08-09T08:31:06Z,2026-08-09,10,31,Disney Adventure World,RC Racer,34,OPERATING,STANDBY,60,,,queue-times.com
2026-08-09T08:31:06Z,2026-08-09,10,31,Disney Adventure World,RC Racer Single Rider,7280,OPERATING,STANDBY,35,,,queue-times.com
2026-08-09T08:31:06Z,2026-08-09,10,31,Disney Adventure World,Slinky® Dog Zigzag Spin,36,OPERATING,STANDBY,20,,,queue-times.com
2026-08-09T08:31:06Z,2026-08-09,10,31,Disney Adventure World,Toy Soldiers Parachute Drop,35,OPERATING,STANDBY,50,,,queue-times.com
2026-08-09T08:31:06Z,2026-08-09,10,31,Disney Adventure World,Toy Soldiers Parachute Drop Single Rider,7281,OPERATING,STANDBY,20,,,queue-times.com
2026-08-09T08:31:06Z,2026-08-09,10,31,Disney Adventure World,Entry to World of Frozen,16247,OPERATING,STANDBY,0,,,queue-times.com
2026-08-09T08:31:06Z,2026-08-09,10,31,Disney Adventure World,Frozen Ever After,15413,OPERATING,STANDBY,60,,,queue-times.com
2026-08-09T08:31:06Z,2026-08-09,10,31,Disney Adventure World,Raiponce Tangled Spin,15415,OPERATING,STANDBY,20,,,queue-times.com
2026-08-09T08:45:46Z,2026-08-09,10,45,Disneyland Park,Adventure Isle,2702,OPERATING,STANDBY,0,,,queue-times.com
2026-08-09T08:45:46Z,2026-08-09,10,45,Disneyland Park,Indiana Jones and the Temple of Peril Single Rider,7306,OPERATING,STANDBY,15,,,queue-times.com
2026-08-09T08:45:46Z,2026-08-09,10,45,Disneyland Park,Indiana Jones™ and the Temple of Peril,2,OPERATING,STANDBY,30,,,queue-times.com
2026-08-09T08:45:46Z,2026-08-09,10,45,Disneyland Park,La Cabane des Robinson,1,OPERATING,STANDBY,5,,,queue-times.com
2026-08-09T08:45:46Z,2026-08-09,10,45,Disneyland Park,Le Passage Enchanté d'Aladdin,2703,OPERATING,STANDBY,0,,,queue-times.com
2026-08-09T08:45:46Z,2026-08-09,10,45,Disneyland Park,Pirate Galleon,2705,CLOSED,STANDBY,0,,,queue-times.com
2026-08-09T08:45:46Z,2026-08-09,10,45,Disneyland Park,Pirates of the Caribbean,3,OPERATING,STANDBY,10,,,queue-times.com
2026-08-09T08:45:46Z,2026-08-09,10,45,Disneyland Park,Pirates' Beach,2704,OPERATING,STANDBY,0,,,queue-times.com
2026-08-09T08:45:46Z,2026-08-09,10,45,Disneyland Park,"Autopia, presented by Avis",4,OPERATING,STANDBY,30,,,queue-times.com
2026-08-09T08:45:46Z,2026-08-09,10,45,Disneyland Park,Buzz Lightyear Laser Blast,5,OPERATING,STANDBY,50,,,queue-times.com
2026-08-09T08:45:46Z,2026-08-09,10,45,Disneyland Park,Disneyland Railroad Discoveryland Station,2706,CLOSED,STANDBY,0,,,queue-times.com
2026-08-09T08:45:46Z,2026-08-09,10,45,Disneyland Park,Les Mystères du Nautilus,6,OPERATING,STANDBY,5,,,queue-times.com
2026-08-09T08:45:46Z,2026-08-09,10,45,Disneyland Park,Mickey’s PhilharMagic,2707,CLOSED,STANDBY,0,,,queue-times.com
2026-08-09T08:45:46Z,2026-08-09,10,45,Disneyland Park,Orbitron®,7,OPERATING,STANDBY,55,,,queue-times.com
2026-08-09T08:45:46Z,2026-08-09,10,45,Disneyland Park,Star Tours: The Adventures Continue*,9,OPERATING,STANDBY,10,,,queue-times.com
2026-08-09T08:45:46Z,2026-08-09,10,45,Disneyland Park,Star Wars Hyperspace Mountain,8,OPERATING,STANDBY,30,,,queue-times.com
2026-08-09T08:45:46Z,2026-08-09,10,45,Disneyland Park,Star Wars Hyperspace Mountain Single Rider,7278,OPERATING,STANDBY,0,,,queue-times.com
2026-08-09T08:45:46Z,2026-08-09,10,45,Disneyland Park,Welcome to Starport: A Star Wars Encounter,4573,OPERATING,STANDBY,45,,,queue-times.com
2026-08-09T08:45:46Z,2026-08-09,10,45,Disneyland Park,"""it's a small world""",19,OPERATING,STANDBY,5,,,queue-times.com
2026-08-09T08:45:46Z,2026-08-09,10,45,Disneyland Park,Alice's Curious Labyrinth,14,OPERATING,STANDBY,5,,,queue-times.com
2026-08-09T08:45:46Z,2026-08-09,10,45,Disneyland Park,Blanche-Neige et les Sept Nains®,15,OPERATING,STANDBY,10,,,queue-times.com
2026-08-09T08:45:46Z,2026-08-09,10,45,Disneyland Park,Casey Jr. – le Petit Train du Cirque,17,OPERATING,STANDBY,5,,,queue-times.com
2026-08-09T08:45:46Z,2026-08-09,10,45,Disneyland Park,Disneyland Railroad Fantasyland Station,2711,CLOSED,STANDBY,0,,,queue-times.com
2026-08-09T08:45:46Z,2026-08-09,10,45,Disneyland Park,Disneyland Railroad Main Street Station,11,CLOSED,STANDBY,0,,,queue-times.com
2026-08-09T08:45:46Z,2026-08-09,10,45,Disneyland Park,Dumbo the Flying Elephant,18,OPERATING,STANDBY,20,,,queue-times.com
2026-08-09T08:45:46Z,2026-08-09,10,45,Disneyland Park,La Tanière du Dragon,2710,OPERATING,STANDBY,0,,,queue-times.com
2026-08-09T08:45:46Z,2026-08-09,10,45,Disneyland Park,Le Carrousel de Lancelot,16,OPERATING,STANDBY,5,,,queue-times.com
2026-08-09T08:45:46Z,2026-08-09,10,45,Disneyland Park,"Le Pays des Contes de Fées, presented by Vittel",21,OPERATING,STANDBY,5,,,queue-times.com
2026-08-09T08:45:46Z,2026-08-09,10,45,Disneyland Park,Les Voyages de Pinocchio,23,OPERATING,STANDBY,15,,,queue-times.com
2026-08-09T08:45:46Z,2026-08-09,10,45,Disneyland Park,Mad Hatter's Tea Cups,20,OPERATING,STANDBY,5,,,queue-times.com
2026-08-09T08:45:46Z,2026-08-09,10,45,Disneyland Park,Meet Mickey Mouse,13,OPERATING,STANDBY,0,,,queue-times.com
2026-08-09T08:45:46Z,2026-08-09,10,45,Disneyland Park,Peter Pan's Flight,22,OPERATING,STANDBY,55,,,queue-times.com
2026-08-09T08:45:46Z,2026-08-09,10,45,Disneyland Park,Princess Pavilion,24,OPERATING,STANDBY,0,,,queue-times.com
2026-08-09T08:45:46Z,2026-08-09,10,45,Disneyland Park,Big Thunder Mountain,25,CLOSED,STANDBY,0,,,queue-times.com
2026-08-09T08:45:46Z,2026-08-09,10,45,Disneyland Park,Disneyland Railroad Frontierland Depot,2714,CLOSED,STANDBY,0,,,queue-times.com
2026-08-09T08:45:46Z,2026-08-09,10,45,Disneyland Park,Frontierland Playground,2713,OPERATING,STANDBY,0,,,queue-times.com
2026-08-09T08:45:46Z,2026-08-09,10,45,Disneyland Park,Phantom Manor,26,OPERATING,STANDBY,20,,,queue-times.com
2026-08-09T08:45:46Z,2026-08-09,10,45,Disneyland Park,River Rogue Keelboats,27,CLOSED,STANDBY,0,,,queue-times.com
2026-08-09T08:45:46Z,2026-08-09,10,45,Disneyland Park,Rustler Roundup Shootin' Gallery,2712,OPERATING,STANDBY,0,,,queue-times.com
2026-08-09T08:45:46Z,2026-08-09,10,45,Disneyland Park,Thunder Mesa Riverboat Landing,28,OPERATING,STANDBY,20,,,queue-times.com
2026-08-09T08:45:46Z,2026-08-09,10,45,Disneyland Park,Disneyland Railroad Main Street Station,2708,CLOSED,STANDBY,0,,,queue-times.com
2026-08-09T08:45:46Z,2026-08-09,10,45,Disneyland Park,Main Street Vehicles,12,CLOSED,STANDBY,0,,,queue-times.com
2026-08-09T08:45:46Z,2026-08-09,10,45,Disney Adventure World,Avengers Assemble: Flight Force,10848,OPERATING,STANDBY,10,,,queue-times.com
2026-08-09T08:45:46Z,2026-08-09,10,45,Disney Adventure World,Avengers Assemble: Flight Force Single Rider,10849,OPERATING,STANDBY,5,,,queue-times.com
2026-08-09T08:45:46Z,2026-08-09,10,45,Disney Adventure World,Spider-Man W.E.B. Adventure,10845,OPERATING,STANDBY,40,,,queue-times.com
2026-08-09T08:45:46Z,2026-08-09,10,45,Disney Adventure World,Spider-Man W.E.B. Adventure Single Rider,10846,OPERATING,STANDBY,15,,,queue-times.com
2026-08-09T08:45:46Z,2026-08-09,10,45,Disney Adventure World,The Twilight Zone Tower of Terror,40,OPERATING,STANDBY,35,,,queue-times.com
2026-08-09T08:45:46Z,2026-08-09,10,45,Disney Adventure World,Cars Quatre Roues Rallye,31,OPERATING,STANDBY,20,,,queue-times.com
2026-08-09T08:45:46Z,2026-08-09,10,45,Disney Adventure World,Cars ROAD TRIP,29,OPERATING,STANDBY,25,,,queue-times.com
2026-08-09T08:45:46Z,2026-08-09,10,45,Disney Adventure World,Crush's Coaster,32,OPERATING,STANDBY,80,,,queue-times.com
2026-08-09T08:45:46Z,2026-08-09,10,45,Disney Adventure World,Crush's Coaster Single Rider,7277,OPERATING,STANDBY,50,,,queue-times.com
2026-08-09T08:45:46Z,2026-08-09,10,45,Disney Adventure World,Les Tapis Volants - Flying Carpets Over Agrabah®,33,OPERATING,STANDBY,30,,,queue-times.com
2026-08-09T08:45:46Z,2026-08-09,10,45,Disney Adventure World,Ratatouille : L’Aventure Totalement Toquée de Rémy​,37,OPERATING,STANDBY,50,,,queue-times.com
2026-08-09T08:45:46Z,2026-08-09,10,45,Disney Adventure World,Ratatouille: The Adventure Single Rider,7279,OPERATING,STANDBY,15,,,queue-times.com
2026-08-09T08:45:46Z,2026-08-09,10,45,Disney Adventure World,RC Racer,34,OPERATING,STANDBY,55,,,queue-times.com
2026-08-09T08:45:46Z,2026-08-09,10,45,Disney Adventure World,RC Racer Single Rider,7280,OPERATING,STANDBY,45,,,queue-times.com
2026-08-09T08:45:46Z,2026-08-09,10,45,Disney Adventure World,Slinky® Dog Zigzag Spin,36,OPERATING,STANDBY,20,,,queue-times.com
2026-08-09T08:45:46Z,2026-08-09,10,45,Disney Adventure World,Toy Soldiers Parachute Drop,35,OPERATING,STANDBY,50,,,queue-times.com
2026-08-09T08:45:46Z,2026-08-09,10,45,Disney Adventure World,Toy Soldiers Parachute Drop Single Rider,7281,OPERATING,STANDBY,20,,,queue-times.com
2026-08-09T08:45:46Z,2026-08-09,10,45,Disney Adventure World,Entry to World of Frozen,16247,OPERATING,STANDBY,0,,,queue-times.com
2026-08-09T08:45:46Z,2026-08-09,10,45,Disney Adventure World,Frozen Ever After,15413,OPERATING,STANDBY,60,,,queue-times.com
2026-08-09T08:45:46Z,2026-08-09,10,45,Disney Adventure World,Raiponce Tangled Spin,15415,OPERATING,STANDBY,30,,,queue-times.com
2026-08-09T08:57:57Z,2026-08-09,10,57,Disneyland Park,Adventure Isle,2702,OPERATING,STANDBY,0,,,queue-times.com
2026-08-09T08:57:57Z,2026-08-09,10,57,Disneyland Park,Indiana Jones and the Temple of Peril Single Rider,7306,OPERATING,STANDBY,10,,,queue-times.com
2026-08-09T08:57:57Z,2026-08-09,10,57,Disneyland Park,Indiana Jones™ and the Temple of Peril,2,OPERATING,STANDBY,25,,,queue-times.com
2026-08-09T08:57:57Z,2026-08-09,10,57,Disneyland Park,La Cabane des Robinson,1,OPERATING,STANDBY,5,,,queue-times.com
2026-08-09T08:57:57Z,2026-08-09,10,57,Disneyland Park,Le Passage Enchanté d'Aladdin,2703,OPERATING,STANDBY,0,,,queue-times.com
2026-08-09T08:57:57Z,2026-08-09,10,57,Disneyland Park,Pirate Galleon,2705,CLOSED,STANDBY,0,,,queue-times.com
2026-08-09T08:57:57Z,2026-08-09,10,57,Disneyland Park,Pirates of the Caribbean,3,OPERATING,STANDBY,10,,,queue-times.com
2026-08-09T08:57:57Z,2026-08-09,10,57,Disneyland Park,Pirates' Beach,2704,OPERATING,STANDBY,0,,,queue-times.com
2026-08-09T08:57:57Z,2026-08-09,10,57,Disneyland Park,"Autopia, presented by Avis",4,OPERATING,STANDBY,30,,,queue-times.com
2026-08-09T08:57:57Z,2026-08-09,10,57,Disneyland Park,Buzz Lightyear Laser Blast,5,OPERATING,STANDBY,45,,,queue-times.com
2026-08-09T08:57:57Z,2026-08-09,10,57,Disneyland Park,Disneyland Railroad Discoveryland Station,2706,CLOSED,STANDBY,0,,,queue-times.com
2026-08-09T08:57:57Z,2026-08-09,10,57,Disneyland Park,Les Mystères du Nautilus,6,OPERATING,STANDBY,5,,,queue-times.com
2026-08-09T08:57:57Z,2026-08-09,10,57,Disneyland Park,Mickey’s PhilharMagic,2707,CLOSED,STANDBY,0,,,queue-times.com
2026-08-09T08:57:57Z,2026-08-09,10,57,Disneyland Park,Orbitron®,7,OPERATING,STANDBY,55,,,queue-times.com
2026-08-09T08:57:57Z,2026-08-09,10,57,Disneyland Park,Star Tours: The Adventures Continue*,9,OPERATING,STANDBY,15,,,queue-times.com
2026-08-09T08:57:57Z,2026-08-09,10,57,Disneyland Park,Star Wars Hyperspace Mountain,8,OPERATING,STANDBY,35,,,queue-times.com
2026-08-09T08:57:57Z,2026-08-09,10,57,Disneyland Park,Star Wars Hyperspace Mountain Single Rider,7278,OPERATING,STANDBY,0,,,queue-times.com
2026-08-09T08:57:57Z,2026-08-09,10,57,Disneyland Park,Welcome to Starport: A Star Wars Encounter,4573,OPERATING,STANDBY,25,,,queue-times.com
2026-08-09T08:57:57Z,2026-08-09,10,57,Disneyland Park,"""it's a small world""",19,OPERATING,STANDBY,10,,,queue-times.com
2026-08-09T08:57:57Z,2026-08-09,10,57,Disneyland Park,Alice's Curious Labyrinth,14,OPERATING,STANDBY,5,,,queue-times.com
2026-08-09T08:57:57Z,2026-08-09,10,57,Disneyland Park,Blanche-Neige et les Sept Nains®,15,OPERATING,STANDBY,20,,,queue-times.com
2026-08-09T08:57:57Z,2026-08-09,10,57,Disneyland Park,Casey Jr. – le Petit Train du Cirque,17,OPERATING,STANDBY,15,,,queue-times.com
2026-08-09T08:57:57Z,2026-08-09,10,57,Disneyland Park,Disneyland Railroad Fantasyland Station,2711,CLOSED,STANDBY,0,,,queue-times.com
2026-08-09T08:57:57Z,2026-08-09,10,57,Disneyland Park,Disneyland Railroad Main Street Station,11,CLOSED,STANDBY,0,,,queue-times.com
2026-08-09T08:57:57Z,2026-08-09,10,57,Disneyland Park,Dumbo the Flying Elephant,18,OPERATING,STANDBY,35,,,queue-times.com
2026-08-09T08:57:57Z,2026-08-09,10,57,Disneyland Park,La Tanière du Dragon,2710,OPERATING,STANDBY,0,,,queue-times.com
2026-08-09T08:57:57Z,2026-08-09,10,57,Disneyland Park,Le Carrousel de Lancelot,16,OPERATING,STANDBY,5,,,queue-times.com
2026-08-09T08:57:57Z,2026-08-09,10,57,Disneyland Park,"Le Pays des Contes de Fées, presented by Vittel",21,OPERATING,STANDBY,5,,,queue-times.com
2026-08-09T08:57:57Z,2026-08-09,10,57,Disneyland Park,Les Voyages de Pinocchio,23,OPERATING,STANDBY,15,,,queue-times.com
2026-08-09T08:57:57Z,2026-08-09,10,57,Disneyland Park,Mad Hatter's Tea Cups,20,OPERATING,STANDBY,5,,,queue-times.com
2026-08-09T08:57:57Z,2026-08-09,10,57,Disneyland Park,Meet Mickey Mouse,13,OPERATING,STANDBY,0,,,queue-times.com
2026-08-09T08:57:57Z,2026-08-09,10,57,Disneyland Park,Peter Pan's Flight,22,OPERATING,STANDBY,55,,,queue-times.com
2026-08-09T08:57:57Z,2026-08-09,10,57,Disneyland Park,Princess Pavilion,24,OPERATING,STANDBY,0,,,queue-times.com
2026-08-09T08:57:57Z,2026-08-09,10,57,Disneyland Park,Big Thunder Mountain,25,OPERATING,STANDBY,50,,,queue-times.com
2026-08-09T08:57:57Z,2026-08-09,10,57,Disneyland Park,Disneyland Railroad Frontierland Depot,2714,CLOSED,STANDBY,0,,,queue-times.com
2026-08-09T08:57:57Z,2026-08-09,10,57,Disneyland Park,Frontierland Playground,2713,OPERATING,STANDBY,0,,,queue-times.com
2026-08-09T08:57:57Z,2026-08-09,10,57,Disneyland Park,Phantom Manor,26,OPERATING,STANDBY,15,,,queue-times.com
2026-08-09T08:57:57Z,2026-08-09,10,57,Disneyland Park,River Rogue Keelboats,27,CLOSED,STANDBY,0,,,queue-times.com
2026-08-09T08:57:57Z,2026-08-09,10,57,Disneyland Park,Rustler Roundup Shootin' Gallery,2712,OPERATING,STANDBY,0,,,queue-times.com
2026-08-09T08:57:57Z,2026-08-09,10,57,Disneyland Park,Thunder Mesa Riverboat Landing,28,OPERATING,STANDBY,20,,,queue-times.com
2026-08-09T08:57:57Z,2026-08-09,10,57,Disneyland Park,Disneyland Railroad Main Street Station,2708,CLOSED,STANDBY,0,,,queue-times.com
2026-08-09T08:57:57Z,2026-08-09,10,57,Disneyland Park,Main Street Vehicles,12,CLOSED,STANDBY,0,,,queue-times.com
2026-08-09T08:57:57Z,2026-08-09,10,57,Disney Adventure World,Avengers Assemble: Flight Force,10848,OPERATING,STANDBY,20,,,queue-times.com
2026-08-09T08:57:57Z,2026-08-09,10,57,Disney Adventure World,Avengers Assemble: Flight Force Single Rider,10849,OPERATING,STANDBY,15,,,queue-times.com
2026-08-09T08:57:57Z,2026-08-09,10,57,Disney Adventure World,Spider-Man W.E.B. Adventure,10845,OPERATING,STANDBY,45,,,queue-times.com
2026-08-09T08:57:57Z,2026-08-09,10,57,Disney Adventure World,Spider-Man W.E.B. Adventure Single Rider,10846,OPERATING,STANDBY,15,,,queue-times.com
2026-08-09T08:57:57Z,2026-08-09,10,57,Disney Adventure World,The Twilight Zone Tower of Terror,40,OPERATING,STANDBY,35,,,queue-times.com
2026-08-09T08:57:57Z,2026-08-09,10,57,Disney Adventure World,Cars Quatre Roues Rallye,31,OPERATING,STANDBY,20,,,queue-times.com
2026-08-09T08:57:57Z,2026-08-09,10,57,Disney Adventure World,Cars ROAD TRIP,29,OPERATING,STANDBY,40,,,queue-times.com
2026-08-09T08:57:57Z,2026-08-09,10,57,Disney Adventure World,Crush's Coaster,32,OPERATING,STANDBY,80,,,queue-times.com
2026-08-09T08:57:57Z,2026-08-09,10,57,Disney Adventure World,Crush's Coaster Single Rider,7277,OPERATING,STANDBY,35,,,queue-times.com
2026-08-09T08:57:57Z,2026-08-09,10,57,Disney Adventure World,Les Tapis Volants - Flying Carpets Over Agrabah®,33,OPERATING,STANDBY,15,,,queue-times.com
2026-08-09T08:57:57Z,2026-08-09,10,57,Disney Adventure World,Ratatouille : L’Aventure Totalement Toquée de Rémy​,37,OPERATING,STANDBY,40,,,queue-times.com
2026-08-09T08:57:57Z,2026-08-09,10,57,Disney Adventure World,Ratatouille: The Adventure Single Rider,7279,OPERATING,STANDBY,10,,,queue-times.com
2026-08-09T08:57:57Z,2026-08-09,10,57,Disney Adventure World,RC Racer,34,OPERATING,STANDBY,55,,,queue-times.com
2026-08-09T08:57:57Z,2026-08-09,10,57,Disney Adventure World,RC Racer Single Rider,7280,OPERATING,STANDBY,45,,,queue-times.com
2026-08-09T08:57:57Z,2026-08-09,10,57,Disney Adventure World,Slinky® Dog Zigzag Spin,36,OPERATING,STANDBY,20,,,queue-times.com
2026-08-09T08:57:57Z,2026-08-09,10,57,Disney Adventure World,Toy Soldiers Parachute Drop,35,OPERATING,STANDBY,30,,,queue-times.com
2026-08-09T08:57:57Z,2026-08-09,10,57,Disney Adventure World,Toy Soldiers Parachute Drop Single Rider,7281,OPERATING,STANDBY,5,,,queue-times.com
2026-08-09T08:57:57Z,2026-08-09,10,57,Disney Adventure World,Entry to World of Frozen,16247,OPERATING,STANDBY,0,,,queue-times.com
2026-08-09T08:57:57Z,2026-08-09,10,57,Disney Adventure World,Frozen Ever After,15413,OPERATING,STANDBY,75,,,queue-times.com
2026-08-09T08:57:57Z,2026-08-09,10,57,Disney Adventure World,Raiponce Tangled Spin,15415,OPERATING,STANDBY,20,,,queue-times.com
2026-08-09T09:01:17Z,2026-08-09,11,1,Disneyland Park,Adventure Isle,2702,OPERATING,STANDBY,0,,,queue-times.com
2026-08-09T09:01:17Z,2026-08-09,11,1,Disneyland Park,Indiana Jones and the Temple of Peril Single Rider,7306,OPERATING,STANDBY,10,,,queue-times.com
2026-08-09T09:01:17Z,2026-08-09,11,1,Disneyland Park,Indiana Jones™ and the Temple of Peril,2,OPERATING,STANDBY,25,,,queue-times.com
2026-08-09T09:01:17Z,2026-08-09,11,1,Disneyland Park,La Cabane des Robinson,1,OPERATING,STANDBY,5,,,queue-times.com
2026-08-09T09:01:17Z,2026-08-09,11,1,Disneyland Park,Le Passage Enchanté d'Aladdin,2703,OPERATING,STANDBY,0,,,queue-times.com
2026-08-09T09:01:17Z,2026-08-09,11,1,Disneyland Park,Pirate Galleon,2705,CLOSED,STANDBY,0,,,queue-times.com
2026-08-09T09:01:17Z,2026-08-09,11,1,Disneyland Park,Pirates of the Caribbean,3,OPERATING,STANDBY,15,,,queue-times.com
2026-08-09T09:01:17Z,2026-08-09,11,1,Disneyland Park,Pirates' Beach,2704,OPERATING,STANDBY,0,,,queue-times.com
2026-08-09T09:01:17Z,2026-08-09,11,1,Disneyland Park,"Autopia, presented by Avis",4,OPERATING,STANDBY,30,,,queue-times.com
2026-08-09T09:01:17Z,2026-08-09,11,1,Disneyland Park,Buzz Lightyear Laser Blast,5,OPERATING,STANDBY,45,,,queue-times.com
2026-08-09T09:01:17Z,2026-08-09,11,1,Disneyland Park,Disneyland Railroad Discoveryland Station,2706,CLOSED,STANDBY,0,,,queue-times.com
2026-08-09T09:01:17Z,2026-08-09,11,1,Disneyland Park,Les Mystères du Nautilus,6,OPERATING,STANDBY,5,,,queue-times.com
2026-08-09T09:01:17Z,2026-08-09,11,1,Disneyland Park,Mickey’s PhilharMagic,2707,CLOSED,STANDBY,0,,,queue-times.com
2026-08-09T09:01:17Z,2026-08-09,11,1,Disneyland Park,Orbitron®,7,OPERATING,STANDBY,55,,,queue-times.com
2026-08-09T09:01:17Z,2026-08-09,11,1,Disneyland Park,Star Tours: The Adventures Continue*,9,OPERATING,STANDBY,15,,,queue-times.com
2026-08-09T09:01:17Z,2026-08-09,11,1,Disneyland Park,Star Wars Hyperspace Mountain,8,OPERATING,STANDBY,35,,,queue-times.com
2026-08-09T09:01:17Z,2026-08-09,11,1,Disneyland Park,Star Wars Hyperspace Mountain Single Rider,7278,OPERATING,STANDBY,0,,,queue-times.com
2026-08-09T09:01:17Z,2026-08-09,11,1,Disneyland Park,Welcome to Starport: A Star Wars Encounter,4573,OPERATING,STANDBY,25,,,queue-times.com
2026-08-09T09:01:17Z,2026-08-09,11,1,Disneyland Park,"""it's a small world""",19,OPERATING,STANDBY,10,,,queue-times.com
2026-08-09T09:01:17Z,2026-08-09,11,1,Disneyland Park,Alice's Curious Labyrinth,14,OPERATING,STANDBY,5,,,queue-times.com
2026-08-09T09:01:17Z,2026-08-09,11,1,Disneyland Park,Blanche-Neige et les Sept Nains®,15,OPERATING,STANDBY,20,,,queue-times.com
2026-08-09T09:01:17Z,2026-08-09,11,1,Disneyland Park,Casey Jr. – le Petit Train du Cirque,17,OPERATING,STANDBY,15,,,queue-times.com
2026-08-09T09:01:17Z,2026-08-09,11,1,Disneyland Park,Disneyland Railroad Fantasyland Station,2711,CLOSED,STANDBY,0,,,queue-times.com
2026-08-09T09:01:17Z,2026-08-09,11,1,Disneyland Park,Disneyland Railroad Main Street Station,11,CLOSED,STANDBY,0,,,queue-times.com
2026-08-09T09:01:17Z,2026-08-09,11,1,Disneyland Park,Dumbo the Flying Elephant,18,OPERATING,STANDBY,35,,,queue-times.com
2026-08-09T09:01:17Z,2026-08-09,11,1,Disneyland Park,La Tanière du Dragon,2710,OPERATING,STANDBY,0,,,queue-times.com
2026-08-09T09:01:17Z,2026-08-09,11,1,Disneyland Park,Le Carrousel de Lancelot,16,OPERATING,STANDBY,10,,,queue-times.com
2026-08-09T09:01:17Z,2026-08-09,11,1,Disneyland Park,"Le Pays des Contes de Fées, presented by Vittel",21,OPERATING,STANDBY,5,,,queue-times.com
2026-08-09T09:01:17Z,2026-08-09,11,1,Disneyland Park,Les Voyages de Pinocchio,23,OPERATING,STANDBY,15,,,queue-times.com
2026-08-09T09:01:17Z,2026-08-09,11,1,Disneyland Park,Mad Hatter's Tea Cups,20,OPERATING,STANDBY,5,,,queue-times.com
2026-08-09T09:01:17Z,2026-08-09,11,1,Disneyland Park,Meet Mickey Mouse,13,OPERATING,STANDBY,0,,,queue-times.com
2026-08-09T09:01:17Z,2026-08-09,11,1,Disneyland Park,Peter Pan's Flight,22,OPERATING,STANDBY,60,,,queue-times.com
2026-08-09T09:01:17Z,2026-08-09,11,1,Disneyland Park,Princess Pavilion,24,OPERATING,STANDBY,0,,,queue-times.com
2026-08-09T09:01:17Z,2026-08-09,11,1,Disneyland Park,Big Thunder Mountain,25,OPERATING,STANDBY,50,,,queue-times.com
2026-08-09T09:01:17Z,2026-08-09,11,1,Disneyland Park,Disneyland Railroad Frontierland Depot,2714,CLOSED,STANDBY,0,,,queue-times.com
2026-08-09T09:01:17Z,2026-08-09,11,1,Disneyland Park,Frontierland Playground,2713,OPERATING,STANDBY,0,,,queue-times.com
2026-08-09T09:01:17Z,2026-08-09,11,1,Disneyland Park,Phantom Manor,26,OPERATING,STANDBY,15,,,queue-times.com
2026-08-09T09:01:17Z,2026-08-09,11,1,Disneyland Park,River Rogue Keelboats,27,CLOSED,STANDBY,0,,,queue-times.com
2026-08-09T09:01:17Z,2026-08-09,11,1,Disneyland Park,Rustler Roundup Shootin' Gallery,2712,OPERATING,STANDBY,0,,,queue-times.com
2026-08-09T09:01:17Z,2026-08-09,11,1,Disneyland Park,Thunder Mesa Riverboat Landing,28,OPERATING,STANDBY,20,,,queue-times.com
2026-08-09T09:01:17Z,2026-08-09,11,1,Disneyland Park,Disneyland Railroad Main Street Station,2708,CLOSED,STANDBY,0,,,queue-times.com
2026-08-09T09:01:17Z,2026-08-09,11,1,Disneyland Park,Main Street Vehicles,12,CLOSED,STANDBY,0,,,queue-times.com
2026-08-09T09:01:17Z,2026-08-09,11,1,Disney Adventure World,Avengers Assemble: Flight Force,10848,OPERATING,STANDBY,20,,,queue-times.com
2026-08-09T09:01:17Z,2026-08-09,11,1,Disney Adventure World,Avengers Assemble: Flight Force Single Rider,10849,OPERATING,STANDBY,15,,,queue-times.com
2026-08-09T09:01:17Z,2026-08-09,11,1,Disney Adventure World,Spider-Man W.E.B. Adventure,10845,OPERATING,STANDBY,45,,,queue-times.com
2026-08-09T09:01:17Z,2026-08-09,11,1,Disney Adventure World,Spider-Man W.E.B. Adventure Single Rider,10846,OPERATING,STANDBY,15,,,queue-times.com
2026-08-09T09:01:17Z,2026-08-09,11,1,Disney Adventure World,The Twilight Zone Tower of Terror,40,OPERATING,STANDBY,50,,,queue-times.com
2026-08-09T09:01:17Z,2026-08-09,11,1,Disney Adventure World,Cars Quatre Roues Rallye,31,OPERATING,STANDBY,20,,,queue-times.com
2026-08-09T09:01:17Z,2026-08-09,11,1,Disney Adventure World,Cars ROAD TRIP,29,OPERATING,STANDBY,40,,,queue-times.com
2026-08-09T09:01:17Z,2026-08-09,11,1,Disney Adventure World,Crush's Coaster,32,OPERATING,STANDBY,70,,,queue-times.com
2026-08-09T09:01:17Z,2026-08-09,11,1,Disney Adventure World,Crush's Coaster Single Rider,7277,OPERATING,STANDBY,45,,,queue-times.com
2026-08-09T09:01:17Z,2026-08-09,11,1,Disney Adventure World,Les Tapis Volants - Flying Carpets Over Agrabah®,33,OPERATING,STANDBY,15,,,queue-times.com
2026-08-09T09:01:17Z,2026-08-09,11,1,Disney Adventure World,Ratatouille : L’Aventure Totalement Toquée de Rémy​,37,OPERATING,STANDBY,40,,,queue-times.com
2026-08-09T09:01:17Z,2026-08-09,11,1,Disney Adventure World,Ratatouille: The Adventure Single Rider,7279,OPERATING,STANDBY,10,,,queue-times.com
2026-08-09T09:01:17Z,2026-08-09,11,1,Disney Adventure World,RC Racer,34,OPERATING,STANDBY,55,,,queue-times.com
2026-08-09T09:01:17Z,2026-08-09,11,1,Disney Adventure World,RC Racer Single Rider,7280,OPERATING,STANDBY,45,,,queue-times.com
2026-08-09T09:01:17Z,2026-08-09,11,1,Disney Adventure World,Slinky® Dog Zigzag Spin,36,OPERATING,STANDBY,20,,,queue-times.com
2026-08-09T09:01:17Z,2026-08-09,11,1,Disney Adventure World,Toy Soldiers Parachute Drop,35,OPERATING,STANDBY,30,,,queue-times.com
2026-08-09T09:01:17Z,2026-08-09,11,1,Disney Adventure World,Toy Soldiers Parachute Drop Single Rider,7281,OPERATING,STANDBY,5,,,queue-times.com
2026-08-09T09:01:17Z,2026-08-09,11,1,Disney Adventure World,Entry to World of Frozen,16247,OPERATING,STANDBY,0,,,queue-times.com
2026-08-09T09:01:17Z,2026-08-09,11,1,Disney Adventure World,Frozen Ever After,15413,OPERATING,STANDBY,80,,,queue-times.com
2026-08-09T09:01:17Z,2026-08-09,11,1,Disney Adventure World,Raiponce Tangled Spin,15415,OPERATING,STANDBY,20,,,queue-times.com
2026-08-09T09:15:46Z,2026-08-09,11,15,Disneyland Park,Adventure Isle,2702,OPERATING,STANDBY,0,,,queue-times.com
2026-08-09T09:15:46Z,2026-08-09,11,15,Disneyland Park,Indiana Jones and the Temple of Peril Single Rider,7306,OPERATING,STANDBY,5,,,queue-times.com
2026-08-09T09:15:46Z,2026-08-09,11,15,Disneyland Park,Indiana Jones™ and the Temple of Peril,2,OPERATING,STANDBY,20,,,queue-times.com
2026-08-09T09:15:46Z,2026-08-09,11,15,Disneyland Park,La Cabane des Robinson,1,OPERATING,STANDBY,5,,,queue-times.com
2026-08-09T09:15:46Z,2026-08-09,11,15,Disneyland Park,Le Passage Enchanté d'Aladdin,2703,OPERATING,STANDBY,0,,,queue-times.com
2026-08-09T09:15:46Z,2026-08-09,11,15,Disneyland Park,Pirate Galleon,2705,CLOSED,STANDBY,0,,,queue-times.com
2026-08-09T09:15:46Z,2026-08-09,11,15,Disneyland Park,Pirates of the Caribbean,3,OPERATING,STANDBY,10,,,queue-times.com
2026-08-09T09:15:46Z,2026-08-09,11,15,Disneyland Park,Pirates' Beach,2704,OPERATING,STANDBY,0,,,queue-times.com
2026-08-09T09:15:46Z,2026-08-09,11,15,Disneyland Park,"Autopia, presented by Avis",4,OPERATING,STANDBY,45,,,queue-times.com
2026-08-09T09:15:46Z,2026-08-09,11,15,Disneyland Park,Buzz Lightyear Laser Blast,5,CLOSED,STANDBY,0,,,queue-times.com
2026-08-09T09:15:46Z,2026-08-09,11,15,Disneyland Park,Disneyland Railroad Discoveryland Station,2706,CLOSED,STANDBY,0,,,queue-times.com
2026-08-09T09:15:46Z,2026-08-09,11,15,Disneyland Park,Les Mystères du Nautilus,6,OPERATING,STANDBY,5,,,queue-times.com
2026-08-09T09:15:46Z,2026-08-09,11,15,Disneyland Park,Mickey’s PhilharMagic,2707,CLOSED,STANDBY,0,,,queue-times.com
2026-08-09T09:15:46Z,2026-08-09,11,15,Disneyland Park,Orbitron®,7,OPERATING,STANDBY,55,,,queue-times.com
2026-08-09T09:15:46Z,2026-08-09,11,15,Disneyland Park,Star Tours: The Adventures Continue*,9,OPERATING,STANDBY,15,,,queue-times.com
2026-08-09T09:15:46Z,2026-08-09,11,15,Disneyland Park,Star Wars Hyperspace Mountain,8,OPERATING,STANDBY,35,,,queue-times.com
2026-08-09T09:15:46Z,2026-08-09,11,15,Disneyland Park,Star Wars Hyperspace Mountain Single Rider,7278,OPERATING,STANDBY,5,,,queue-times.com
2026-08-09T09:15:46Z,2026-08-09,11,15,Disneyland Park,Welcome to Starport: A Star Wars Encounter,4573,OPERATING,STANDBY,25,,,queue-times.com
2026-08-09T09:15:46Z,2026-08-09,11,15,Disneyland Park,"""it's a small world""",19,OPERATING,STANDBY,10,,,queue-times.com
2026-08-09T09:15:46Z,2026-08-09,11,15,Disneyland Park,Alice's Curious Labyrinth,14,OPERATING,STANDBY,5,,,queue-times.com
2026-08-09T09:15:46Z,2026-08-09,11,15,Disneyland Park,Blanche-Neige et les Sept Nains®,15,OPERATING,STANDBY,25,,,queue-times.com
2026-08-09T09:15:46Z,2026-08-09,11,15,Disneyland Park,Casey Jr. – le Petit Train du Cirque,17,OPERATING,STANDBY,15,,,queue-times.com
2026-08-09T09:15:46Z,2026-08-09,11,15,Disneyland Park,Disneyland Railroad Fantasyland Station,2711,CLOSED,STANDBY,0,,,queue-times.com
2026-08-09T09:15:46Z,2026-08-09,11,15,Disneyland Park,Disneyland Railroad Main Street Station,11,CLOSED,STANDBY,0,,,queue-times.com
2026-08-09T09:15:46Z,2026-08-09,11,15,Disneyland Park,Dumbo the Flying Elephant,18,OPERATING,STANDBY,35,,,queue-times.com
2026-08-09T09:15:46Z,2026-08-09,11,15,Disneyland Park,La Tanière du Dragon,2710,OPERATING,STANDBY,0,,,queue-times.com
2026-08-09T09:15:46Z,2026-08-09,11,15,Disneyland Park,Le Carrousel de Lancelot,16,OPERATING,STANDBY,10,,,queue-times.com
2026-08-09T09:15:46Z,2026-08-09,11,15,Disneyland Park,"Le Pays des Contes de Fées, presented by Vittel",21,OPERATING,STANDBY,5,,,queue-times.com
2026-08-09T09:15:46Z,2026-08-09,11,15,Disneyland Park,Les Voyages de Pinocchio,23,OPERATING,STANDBY,15,,,queue-times.com
2026-08-09T09:15:46Z,2026-08-09,11,15,Disneyland Park,Mad Hatter's Tea Cups,20,OPERATING,STANDBY,10,,,queue-times.com
2026-08-09T09:15:46Z,2026-08-09,11,15,Disneyland Park,Meet Mickey Mouse,13,OPERATING,STANDBY,0,,,queue-times.com
2026-08-09T09:15:46Z,2026-08-09,11,15,Disneyland Park,Peter Pan's Flight,22,OPERATING,STANDBY,60,,,queue-times.com
2026-08-09T09:15:46Z,2026-08-09,11,15,Disneyland Park,Princess Pavilion,24,OPERATING,STANDBY,0,,,queue-times.com
2026-08-09T09:15:46Z,2026-08-09,11,15,Disneyland Park,Big Thunder Mountain,25,OPERATING,STANDBY,40,,,queue-times.com
2026-08-09T09:15:46Z,2026-08-09,11,15,Disneyland Park,Disneyland Railroad Frontierland Depot,2714,CLOSED,STANDBY,0,,,queue-times.com
2026-08-09T09:15:46Z,2026-08-09,11,15,Disneyland Park,Frontierland Playground,2713,OPERATING,STANDBY,0,,,queue-times.com
2026-08-09T09:15:46Z,2026-08-09,11,15,Disneyland Park,Phantom Manor,26,OPERATING,STANDBY,15,,,queue-times.com
2026-08-09T09:15:46Z,2026-08-09,11,15,Disneyland Park,River Rogue Keelboats,27,CLOSED,STANDBY,0,,,queue-times.com
2026-08-09T09:15:46Z,2026-08-09,11,15,Disneyland Park,Rustler Roundup Shootin' Gallery,2712,OPERATING,STANDBY,0,,,queue-times.com
2026-08-09T09:15:46Z,2026-08-09,11,15,Disneyland Park,Thunder Mesa Riverboat Landing,28,OPERATING,STANDBY,20,,,queue-times.com
2026-08-09T09:15:46Z,2026-08-09,11,15,Disneyland Park,Disneyland Railroad Main Street Station,2708,CLOSED,STANDBY,0,,,queue-times.com
2026-08-09T09:15:46Z,2026-08-09,11,15,Disneyland Park,Main Street Vehicles,12,CLOSED,STANDBY,0,,,queue-times.com
2026-08-09T09:15:46Z,2026-08-09,11,15,Disney Adventure World,Avengers Assemble: Flight Force,10848,OPERATING,STANDBY,25,,,queue-times.com
2026-08-09T09:15:46Z,2026-08-09,11,15,Disney Adventure World,Avengers Assemble: Flight Force Single Rider,10849,OPERATING,STANDBY,20,,,queue-times.com
2026-08-09T09:15:46Z,2026-08-09,11,15,Disney Adventure World,Spider-Man W.E.B. Adventure,10845,OPERATING,STANDBY,45,,,queue-times.com
2026-08-09T09:15:46Z,2026-08-09,11,15,Disney Adventure World,Spider-Man W.E.B. Adventure Single Rider,10846,OPERATING,STANDBY,15,,,queue-times.com
2026-08-09T09:15:46Z,2026-08-09,11,15,Disney Adventure World,The Twilight Zone Tower of Terror,40,OPERATING,STANDBY,50,,,queue-times.com
2026-08-09T09:15:46Z,2026-08-09,11,15,Disney Adventure World,Cars Quatre Roues Rallye,31,OPERATING,STANDBY,15,,,queue-times.com
2026-08-09T09:15:46Z,2026-08-09,11,15,Disney Adventure World,Cars ROAD TRIP,29,OPERATING,STANDBY,20,,,queue-times.com
2026-08-09T09:15:46Z,2026-08-09,11,15,Disney Adventure World,Crush's Coaster,32,OPERATING,STANDBY,70,,,queue-times.com
2026-08-09T09:15:46Z,2026-08-09,11,15,Disney Adventure World,Crush's Coaster Single Rider,7277,OPERATING,STANDBY,35,,,queue-times.com
2026-08-09T09:15:46Z,2026-08-09,11,15,Disney Adventure World,Les Tapis Volants - Flying Carpets Over Agrabah®,33,OPERATING,STANDBY,15,,,queue-times.com
2026-08-09T09:15:46Z,2026-08-09,11,15,Disney Adventure World,Ratatouille : L’Aventure Totalement Toquée de Rémy​,37,OPERATING,STANDBY,60,,,queue-times.com
2026-08-09T09:15:46Z,2026-08-09,11,15,Disney Adventure World,Ratatouille: The Adventure Single Rider,7279,OPERATING,STANDBY,15,,,queue-times.com
2026-08-09T09:15:46Z,2026-08-09,11,15,Disney Adventure World,RC Racer,34,OPERATING,STANDBY,45,,,queue-times.com
2026-08-09T09:15:46Z,2026-08-09,11,15,Disney Adventure World,RC Racer Single Rider,7280,OPERATING,STANDBY,40,,,queue-times.com
2026-08-09T09:15:46Z,2026-08-09,11,15,Disney Adventure World,Slinky® Dog Zigzag Spin,36,OPERATING,STANDBY,25,,,queue-times.com
2026-08-09T09:15:46Z,2026-08-09,11,15,Disney Adventure World,Toy Soldiers Parachute Drop,35,OPERATING,STANDBY,45,,,queue-times.com
2026-08-09T09:15:46Z,2026-08-09,11,15,Disney Adventure World,Toy Soldiers Parachute Drop Single Rider,7281,OPERATING,STANDBY,10,,,queue-times.com
2026-08-09T09:15:46Z,2026-08-09,11,15,Disney Adventure World,Entry to World of Frozen,16247,OPERATING,STANDBY,0,,,queue-times.com
2026-08-09T09:15:46Z,2026-08-09,11,15,Disney Adventure World,Frozen Ever After,15413,OPERATING,STANDBY,80,,,queue-times.com
2026-08-09T09:15:46Z,2026-08-09,11,15,Disney Adventure World,Raiponce Tangled Spin,15415,OPERATING,STANDBY,20,,,queue-times.com
2026-08-09T09:31:05Z,2026-08-09,11,31,Disneyland Park,Adventure Isle,2702,OPERATING,STANDBY,0,,,queue-times.com
2026-08-09T09:31:05Z,2026-08-09,11,31,Disneyland Park,Indiana Jones and the Temple of Peril Single Rider,7306,OPERATING,STANDBY,5,,,queue-times.com
2026-08-09T09:31:05Z,2026-08-09,11,31,Disneyland Park,Indiana Jones™ and the Temple of Peril,2,OPERATING,STANDBY,15,,,queue-times.com
2026-08-09T09:31:05Z,2026-08-09,11,31,Disneyland Park,La Cabane des Robinson,1,OPERATING,STANDBY,5,,,queue-times.com
2026-08-09T09:31:05Z,2026-08-09,11,31,Disneyland Park,Le Passage Enchanté d'Aladdin,2703,OPERATING,STANDBY,0,,,queue-times.com
2026-08-09T09:31:05Z,2026-08-09,11,31,Disneyland Park,Pirate Galleon,2705,CLOSED,STANDBY,0,,,queue-times.com
2026-08-09T09:31:05Z,2026-08-09,11,31,Disneyland Park,Pirates of the Caribbean,3,OPERATING,STANDBY,15,,,queue-times.com
2026-08-09T09:31:05Z,2026-08-09,11,31,Disneyland Park,Pirates' Beach,2704,OPERATING,STANDBY,0,,,queue-times.com
2026-08-09T09:31:05Z,2026-08-09,11,31,Disneyland Park,"Autopia, presented by Avis",4,OPERATING,STANDBY,50,,,queue-times.com
2026-08-09T09:31:05Z,2026-08-09,11,31,Disneyland Park,Buzz Lightyear Laser Blast,5,OPERATING,STANDBY,25,,,queue-times.com
2026-08-09T09:31:05Z,2026-08-09,11,31,Disneyland Park,Disneyland Railroad Discoveryland Station,2706,CLOSED,STANDBY,0,,,queue-times.com
2026-08-09T09:31:05Z,2026-08-09,11,31,Disneyland Park,Les Mystères du Nautilus,6,OPERATING,STANDBY,5,,,queue-times.com
2026-08-09T09:31:05Z,2026-08-09,11,31,Disneyland Park,Mickey’s PhilharMagic,2707,CLOSED,STANDBY,0,,,queue-times.com
2026-08-09T09:31:05Z,2026-08-09,11,31,Disneyland Park,Orbitron®,7,OPERATING,STANDBY,60,,,queue-times.com
2026-08-09T09:31:05Z,2026-08-09,11,31,Disneyland Park,Star Tours: The Adventures Continue*,9,OPERATING,STANDBY,15,,,queue-times.com
2026-08-09T09:31:05Z,2026-08-09,11,31,Disneyland Park,Star Wars Hyperspace Mountain,8,OPERATING,STANDBY,30,,,queue-times.com
2026-08-09T09:31:05Z,2026-08-09,11,31,Disneyland Park,Star Wars Hyperspace Mountain Single Rider,7278,OPERATING,STANDBY,25,,,queue-times.com
2026-08-09T09:31:05Z,2026-08-09,11,31,Disneyland Park,Welcome to Starport: A Star Wars Encounter,4573,OPERATING,STANDBY,25,,,queue-times.com
2026-08-09T09:31:05Z,2026-08-09,11,31,Disneyland Park,"""it's a small world""",19,OPERATING,STANDBY,10,,,queue-times.com
2026-08-09T09:31:05Z,2026-08-09,11,31,Disneyland Park,Alice's Curious Labyrinth,14,OPERATING,STANDBY,5,,,queue-times.com
2026-08-09T09:31:05Z,2026-08-09,11,31,Disneyland Park,Blanche-Neige et les Sept Nains®,15,OPERATING,STANDBY,25,,,queue-times.com
2026-08-09T09:31:05Z,2026-08-09,11,31,Disneyland Park,Casey Jr. – le Petit Train du Cirque,17,OPERATING,STANDBY,20,,,queue-times.com
2026-08-09T09:31:05Z,2026-08-09,11,31,Disneyland Park,Disneyland Railroad Fantasyland Station,2711,CLOSED,STANDBY,0,,,queue-times.com
2026-08-09T09:31:05Z,2026-08-09,11,31,Disneyland Park,Disneyland Railroad Main Street Station,11,CLOSED,STANDBY,0,,,queue-times.com
2026-08-09T09:31:05Z,2026-08-09,11,31,Disneyland Park,Dumbo the Flying Elephant,18,OPERATING,STANDBY,20,,,queue-times.com
2026-08-09T09:31:05Z,2026-08-09,11,31,Disneyland Park,La Tanière du Dragon,2710,OPERATING,STANDBY,0,,,queue-times.com
2026-08-09T09:31:05Z,2026-08-09,11,31,Disneyland Park,Le Carrousel de Lancelot,16,OPERATING,STANDBY,10,,,queue-times.com
2026-08-09T09:31:05Z,2026-08-09,11,31,Disneyland Park,"Le Pays des Contes de Fées, presented by Vittel",21,OPERATING,STANDBY,5,,,queue-times.com
2026-08-09T09:31:05Z,2026-08-09,11,31,Disneyland Park,Les Voyages de Pinocchio,23,OPERATING,STANDBY,15,,,queue-times.com
2026-08-09T09:31:05Z,2026-08-09,11,31,Disneyland Park,Mad Hatter's Tea Cups,20,OPERATING,STANDBY,5,,,queue-times.com
2026-08-09T09:31:05Z,2026-08-09,11,31,Disneyland Park,Meet Mickey Mouse,13,OPERATING,STANDBY,0,,,queue-times.com
2026-08-09T09:31:05Z,2026-08-09,11,31,Disneyland Park,Peter Pan's Flight,22,OPERATING,STANDBY,60,,,queue-times.com
2026-08-09T09:31:05Z,2026-08-09,11,31,Disneyland Park,Princess Pavilion,24,OPERATING,STANDBY,0,,,queue-times.com
2026-08-09T09:31:05Z,2026-08-09,11,31,Disneyland Park,Big Thunder Mountain,25,OPERATING,STANDBY,60,,,queue-times.com
2026-08-09T09:31:05Z,2026-08-09,11,31,Disneyland Park,Disneyland Railroad Frontierland Depot,2714,CLOSED,STANDBY,0,,,queue-times.com
2026-08-09T09:31:05Z,2026-08-09,11,31,Disneyland Park,Frontierland Playground,2713,OPERATING,STANDBY,0,,,queue-times.com
2026-08-09T09:31:05Z,2026-08-09,11,31,Disneyland Park,Phantom Manor,26,OPERATING,STANDBY,15,,,queue-times.com
2026-08-09T09:31:05Z,2026-08-09,11,31,Disneyland Park,River Rogue Keelboats,27,CLOSED,STANDBY,0,,,queue-times.com
2026-08-09T09:31:05Z,2026-08-09,11,31,Disneyland Park,Rustler Roundup Shootin' Gallery,2712,OPERATING,STANDBY,0,,,queue-times.com
2026-08-09T09:31:05Z,2026-08-09,11,31,Disneyland Park,Thunder Mesa Riverboat Landing,28,OPERATING,STANDBY,20,,,queue-times.com
2026-08-09T09:31:05Z,2026-08-09,11,31,Disneyland Park,Disneyland Railroad Main Street Station,2708,CLOSED,STANDBY,0,,,queue-times.com
2026-08-09T09:31:05Z,2026-08-09,11,31,Disneyland Park,Main Street Vehicles,12,CLOSED,STANDBY,0,,,queue-times.com
2026-08-09T09:31:05Z,2026-08-09,11,31,Disney Adventure World,Avengers Assemble: Flight Force,10848,OPERATING,STANDBY,30,,,queue-times.com
2026-08-09T09:31:05Z,2026-08-09,11,31,Disney Adventure World,Avengers Assemble: Flight Force Single Rider,10849,OPERATING,STANDBY,25,,,queue-times.com
2026-08-09T09:31:05Z,2026-08-09,11,31,Disney Adventure World,Spider-Man W.E.B. Adventure,10845,OPERATING,STANDBY,50,,,queue-times.com
2026-08-09T09:31:05Z,2026-08-09,11,31,Disney Adventure World,Spider-Man W.E.B. Adventure Single Rider,10846,OPERATING,STANDBY,35,,,queue-times.com
2026-08-09T09:31:05Z,2026-08-09,11,31,Disney Adventure World,The Twilight Zone Tower of Terror,40,OPERATING,STANDBY,110,,,queue-times.com
2026-08-09T09:31:05Z,2026-08-09,11,31,Disney Adventure World,Cars Quatre Roues Rallye,31,CLOSED,STANDBY,0,,,queue-times.com
2026-08-09T09:31:05Z,2026-08-09,11,31,Disney Adventure World,Cars ROAD TRIP,29,OPERATING,STANDBY,20,,,queue-times.com
2026-08-09T09:31:05Z,2026-08-09,11,31,Disney Adventure World,Crush's Coaster,32,OPERATING,STANDBY,70,,,queue-times.com
2026-08-09T09:31:05Z,2026-08-09,11,31,Disney Adventure World,Crush's Coaster Single Rider,7277,OPERATING,STANDBY,50,,,queue-times.com
2026-08-09T09:31:05Z,2026-08-09,11,31,Disney Adventure World,Les Tapis Volants - Flying Carpets Over Agrabah®,33,OPERATING,STANDBY,20,,,queue-times.com
2026-08-09T09:31:05Z,2026-08-09,11,31,Disney Adventure World,Ratatouille : L’Aventure Totalement Toquée de Rémy​,37,OPERATING,STANDBY,70,,,queue-times.com
2026-08-09T09:31:05Z,2026-08-09,11,31,Disney Adventure World,Ratatouille: The Adventure Single Rider,7279,OPERATING,STANDBY,15,,,queue-times.com
2026-08-09T09:31:05Z,2026-08-09,11,31,Disney Adventure World,RC Racer,34,OPERATING,STANDBY,40,,,queue-times.com
2026-08-09T09:31:05Z,2026-08-09,11,31,Disney Adventure World,RC Racer Single Rider,7280,OPERATING,STANDBY,35,,,queue-times.com
2026-08-09T09:31:05Z,2026-08-09,11,31,Disney Adventure World,Slinky® Dog Zigzag Spin,36,OPERATING,STANDBY,30,,,queue-times.com
2026-08-09T09:31:05Z,2026-08-09,11,31,Disney Adventure World,Toy Soldiers Parachute Drop,35,OPERATING,STANDBY,55,,,queue-times.com
2026-08-09T09:31:05Z,2026-08-09,11,31,Disney Adventure World,Toy Soldiers Parachute Drop Single Rider,7281,OPERATING,STANDBY,25,,,queue-times.com
2026-08-09T09:31:05Z,2026-08-09,11,31,Disney Adventure World,Entry to World of Frozen,16247,OPERATING,STANDBY,0,,,queue-times.com
2026-08-09T09:31:05Z,2026-08-09,11,31,Disney Adventure World,Frozen Ever After,15413,OPERATING,STANDBY,75,,,queue-times.com
2026-08-09T09:31:05Z,2026-08-09,11,31,Disney Adventure World,Raiponce Tangled Spin,15415,OPERATING,STANDBY,10,,,queue-times.com
2026-08-09T09:45:46Z,2026-08-09,11,45,Disneyland Park,Adventure Isle,2702,OPERATING,STANDBY,0,,,queue-times.com
2026-08-09T09:45:46Z,2026-08-09,11,45,Disneyland Park,Indiana Jones and the Temple of Peril Single Rider,7306,OPERATING,STANDBY,5,,,queue-times.com
2026-08-09T09:45:46Z,2026-08-09,11,45,Disneyland Park,Indiana Jones™ and the Temple of Peril,2,OPERATING,STANDBY,20,,,queue-times.com
2026-08-09T09:45:46Z,2026-08-09,11,45,Disneyland Park,La Cabane des Robinson,1,OPERATING,STANDBY,5,,,queue-times.com
2026-08-09T09:45:46Z,2026-08-09,11,45,Disneyland Park,Le Passage Enchanté d'Aladdin,2703,OPERATING,STANDBY,0,,,queue-times.com
2026-08-09T09:45:46Z,2026-08-09,11,45,Disneyland Park,Pirate Galleon,2705,CLOSED,STANDBY,0,,,queue-times.com
2026-08-09T09:45:46Z,2026-08-09,11,45,Disneyland Park,Pirates of the Caribbean,3,OPERATING,STANDBY,15,,,queue-times.com
2026-08-09T09:45:46Z,2026-08-09,11,45,Disneyland Park,Pirates' Beach,2704,OPERATING,STANDBY,0,,,queue-times.com
2026-08-09T09:45:46Z,2026-08-09,11,45,Disneyland Park,"Autopia, presented by Avis",4,OPERATING,STANDBY,35,,,queue-times.com
2026-08-09T09:45:46Z,2026-08-09,11,45,Disneyland Park,Buzz Lightyear Laser Blast,5,OPERATING,STANDBY,25,,,queue-times.com
2026-08-09T09:45:46Z,2026-08-09,11,45,Disneyland Park,Disneyland Railroad Discoveryland Station,2706,CLOSED,STANDBY,0,,,queue-times.com
2026-08-09T09:45:46Z,2026-08-09,11,45,Disneyland Park,Les Mystères du Nautilus,6,OPERATING,STANDBY,5,,,queue-times.com
2026-08-09T09:45:46Z,2026-08-09,11,45,Disneyland Park,Mickey’s PhilharMagic,2707,CLOSED,STANDBY,0,,,queue-times.com
2026-08-09T09:45:46Z,2026-08-09,11,45,Disneyland Park,Orbitron®,7,OPERATING,STANDBY,60,,,queue-times.com
2026-08-09T09:45:46Z,2026-08-09,11,45,Disneyland Park,Star Tours: The Adventures Continue*,9,OPERATING,STANDBY,15,,,queue-times.com
2026-08-09T09:45:46Z,2026-08-09,11,45,Disneyland Park,Star Wars Hyperspace Mountain,8,OPERATING,STANDBY,25,,,queue-times.com
2026-08-09T09:45:46Z,2026-08-09,11,45,Disneyland Park,Star Wars Hyperspace Mountain Single Rider,7278,OPERATING,STANDBY,15,,,queue-times.com
2026-08-09T09:45:46Z,2026-08-09,11,45,Disneyland Park,Welcome to Starport: A Star Wars Encounter,4573,OPERATING,STANDBY,25,,,queue-times.com
2026-08-09T09:45:46Z,2026-08-09,11,45,Disneyland Park,"""it's a small world""",19,OPERATING,STANDBY,5,,,queue-times.com
2026-08-09T09:45:46Z,2026-08-09,11,45,Disneyland Park,Alice's Curious Labyrinth,14,OPERATING,STANDBY,5,,,queue-times.com
2026-08-09T09:45:46Z,2026-08-09,11,45,Disneyland Park,Blanche-Neige et les Sept Nains®,15,OPERATING,STANDBY,20,,,queue-times.com
2026-08-09T09:45:46Z,2026-08-09,11,45,Disneyland Park,Casey Jr. – le Petit Train du Cirque,17,OPERATING,STANDBY,20,,,queue-times.com
2026-08-09T09:45:46Z,2026-08-09,11,45,Disneyland Park,Disneyland Railroad Fantasyland Station,2711,CLOSED,STANDBY,0,,,queue-times.com
2026-08-09T09:45:46Z,2026-08-09,11,45,Disneyland Park,Disneyland Railroad Main Street Station,11,CLOSED,STANDBY,0,,,queue-times.com
2026-08-09T09:45:46Z,2026-08-09,11,45,Disneyland Park,Dumbo the Flying Elephant,18,OPERATING,STANDBY,20,,,queue-times.com
2026-08-09T09:45:46Z,2026-08-09,11,45,Disneyland Park,La Tanière du Dragon,2710,OPERATING,STANDBY,0,,,queue-times.com
2026-08-09T09:45:46Z,2026-08-09,11,45,Disneyland Park,Le Carrousel de Lancelot,16,OPERATING,STANDBY,10,,,queue-times.com
2026-08-09T09:45:46Z,2026-08-09,11,45,Disneyland Park,"Le Pays des Contes de Fées, presented by Vittel",21,OPERATING,STANDBY,5,,,queue-times.com
2026-08-09T09:45:46Z,2026-08-09,11,45,Disneyland Park,Les Voyages de Pinocchio,23,OPERATING,STANDBY,15,,,queue-times.com
2026-08-09T09:45:46Z,2026-08-09,11,45,Disneyland Park,Mad Hatter's Tea Cups,20,OPERATING,STANDBY,5,,,queue-times.com
2026-08-09T09:45:46Z,2026-08-09,11,45,Disneyland Park,Meet Mickey Mouse,13,OPERATING,STANDBY,0,,,queue-times.com
2026-08-09T09:45:46Z,2026-08-09,11,45,Disneyland Park,Peter Pan's Flight,22,OPERATING,STANDBY,50,,,queue-times.com
2026-08-09T09:45:46Z,2026-08-09,11,45,Disneyland Park,Princess Pavilion,24,OPERATING,STANDBY,0,,,queue-times.com
2026-08-09T09:45:46Z,2026-08-09,11,45,Disneyland Park,Big Thunder Mountain,25,OPERATING,STANDBY,60,,,queue-times.com
2026-08-09T09:45:46Z,2026-08-09,11,45,Disneyland Park,Disneyland Railroad Frontierland Depot,2714,CLOSED,STANDBY,0,,,queue-times.com
2026-08-09T09:45:46Z,2026-08-09,11,45,Disneyland Park,Frontierland Playground,2713,OPERATING,STANDBY,0,,,queue-times.com
2026-08-09T09:45:46Z,2026-08-09,11,45,Disneyland Park,Phantom Manor,26,OPERATING,STANDBY,10,,,queue-times.com
2026-08-09T09:45:46Z,2026-08-09,11,45,Disneyland Park,River Rogue Keelboats,27,CLOSED,STANDBY,0,,,queue-times.com
2026-08-09T09:45:46Z,2026-08-09,11,45,Disneyland Park,Rustler Roundup Shootin' Gallery,2712,OPERATING,STANDBY,0,,,queue-times.com
2026-08-09T09:45:46Z,2026-08-09,11,45,Disneyland Park,Thunder Mesa Riverboat Landing,28,OPERATING,STANDBY,20,,,queue-times.com
2026-08-09T09:45:46Z,2026-08-09,11,45,Disneyland Park,Disneyland Railroad Main Street Station,2708,CLOSED,STANDBY,0,,,queue-times.com
2026-08-09T09:45:46Z,2026-08-09,11,45,Disneyland Park,Main Street Vehicles,12,CLOSED,STANDBY,0,,,queue-times.com
2026-08-09T09:45:46Z,2026-08-09,11,45,Disney Adventure World,Avengers Assemble: Flight Force,10848,OPERATING,STANDBY,35,,,queue-times.com
2026-08-09T09:45:46Z,2026-08-09,11,45,Disney Adventure World,Avengers Assemble: Flight Force Single Rider,10849,OPERATING,STANDBY,25,,,queue-times.com
2026-08-09T09:45:46Z,2026-08-09,11,45,Disney Adventure World,Spider-Man W.E.B. Adventure,10845,OPERATING,STANDBY,50,,,queue-times.com
2026-08-09T09:45:46Z,2026-08-09,11,45,Disney Adventure World,Spider-Man W.E.B. Adventure Single Rider,10846,OPERATING,STANDBY,30,,,queue-times.com
2026-08-09T09:45:46Z,2026-08-09,11,45,Disney Adventure World,The Twilight Zone Tower of Terror,40,OPERATING,STANDBY,65,,,queue-times.com
2026-08-09T09:45:46Z,2026-08-09,11,45,Disney Adventure World,Cars Quatre Roues Rallye,31,OPERATING,STANDBY,5,,,queue-times.com
2026-08-09T09:45:46Z,2026-08-09,11,45,Disney Adventure World,Cars ROAD TRIP,29,OPERATING,STANDBY,10,,,queue-times.com
2026-08-09T09:45:46Z,2026-08-09,11,45,Disney Adventure World,Crush's Coaster,32,OPERATING,STANDBY,80,,,queue-times.com
2026-08-09T09:45:46Z,2026-08-09,11,45,Disney Adventure World,Crush's Coaster Single Rider,7277,OPERATING,STANDBY,75,,,queue-times.com
2026-08-09T09:45:46Z,2026-08-09,11,45,Disney Adventure World,Les Tapis Volants - Flying Carpets Over Agrabah®,33,OPERATING,STANDBY,20,,,queue-times.com
2026-08-09T09:45:46Z,2026-08-09,11,45,Disney Adventure World,Ratatouille : L’Aventure Totalement Toquée de Rémy​,37,OPERATING,STANDBY,55,,,queue-times.com
2026-08-09T09:45:46Z,2026-08-09,11,45,Disney Adventure World,Ratatouille: The Adventure Single Rider,7279,OPERATING,STANDBY,15,,,queue-times.com
2026-08-09T09:45:46Z,2026-08-09,11,45,Disney Adventure World,RC Racer,34,OPERATING,STANDBY,50,,,queue-times.com
2026-08-09T09:45:46Z,2026-08-09,11,45,Disney Adventure World,RC Racer Single Rider,7280,OPERATING,STANDBY,30,,,queue-times.com
2026-08-09T09:45:46Z,2026-08-09,11,45,Disney Adventure World,Slinky® Dog Zigzag Spin,36,OPERATING,STANDBY,30,,,queue-times.com
2026-08-09T09:45:46Z,2026-08-09,11,45,Disney Adventure World,Toy Soldiers Parachute Drop,35,OPERATING,STANDBY,45,,,queue-times.com
2026-08-09T09:45:46Z,2026-08-09,11,45,Disney Adventure World,Toy Soldiers Parachute Drop Single Rider,7281,OPERATING,STANDBY,15,,,queue-times.com
2026-08-09T09:45:46Z,2026-08-09,11,45,Disney Adventure World,Entry to World of Frozen,16247,OPERATING,STANDBY,0,,,queue-times.com
2026-08-09T09:45:46Z,2026-08-09,11,45,Disney Adventure World,Frozen Ever After,15413,OPERATING,STANDBY,70,,,queue-times.com
2026-08-09T09:45:46Z,2026-08-09,11,45,Disney Adventure World,Raiponce Tangled Spin,15415,OPERATING,STANDBY,15,,,queue-times.com
2026-08-09T09:51:51Z,2026-08-09,11,51,Disneyland Park,Adventure Isle,2702,OPERATING,STANDBY,0,,,queue-times.com
2026-08-09T09:51:51Z,2026-08-09,11,51,Disneyland Park,Indiana Jones and the Temple of Peril Single Rider,7306,OPERATING,STANDBY,5,,,queue-times.com
2026-08-09T09:51:51Z,2026-08-09,11,51,Disneyland Park,Indiana Jones™ and the Temple of Peril,2,OPERATING,STANDBY,15,,,queue-times.com
2026-08-09T09:51:51Z,2026-08-09,11,51,Disneyland Park,La Cabane des Robinson,1,OPERATING,STANDBY,5,,,queue-times.com
2026-08-09T09:51:51Z,2026-08-09,11,51,Disneyland Park,Le Passage Enchanté d'Aladdin,2703,OPERATING,STANDBY,0,,,queue-times.com
2026-08-09T09:51:51Z,2026-08-09,11,51,Disneyland Park,Pirate Galleon,2705,CLOSED,STANDBY,0,,,queue-times.com
2026-08-09T09:51:51Z,2026-08-09,11,51,Disneyland Park,Pirates of the Caribbean,3,OPERATING,STANDBY,15,,,queue-times.com
2026-08-09T09:51:51Z,2026-08-09,11,51,Disneyland Park,Pirates' Beach,2704,OPERATING,STANDBY,0,,,queue-times.com
2026-08-09T09:51:51Z,2026-08-09,11,51,Disneyland Park,"Autopia, presented by Avis",4,OPERATING,STANDBY,10,,,queue-times.com
2026-08-09T09:51:51Z,2026-08-09,11,51,Disneyland Park,Buzz Lightyear Laser Blast,5,OPERATING,STANDBY,25,,,queue-times.com
2026-08-09T09:51:51Z,2026-08-09,11,51,Disneyland Park,Disneyland Railroad Discoveryland Station,2706,CLOSED,STANDBY,0,,,queue-times.com
2026-08-09T09:51:51Z,2026-08-09,11,51,Disneyland Park,Les Mystères du Nautilus,6,OPERATING,STANDBY,5,,,queue-times.com
2026-08-09T09:51:51Z,2026-08-09,11,51,Disneyland Park,Mickey’s PhilharMagic,2707,CLOSED,STANDBY,0,,,queue-times.com
2026-08-09T09:51:51Z,2026-08-09,11,51,Disneyland Park,Orbitron®,7,OPERATING,STANDBY,45,,,queue-times.com
2026-08-09T09:51:51Z,2026-08-09,11,51,Disneyland Park,Star Tours: The Adventures Continue*,9,OPERATING,STANDBY,15,,,queue-times.com
2026-08-09T09:51:51Z,2026-08-09,11,51,Disneyland Park,Star Wars Hyperspace Mountain,8,OPERATING,STANDBY,20,,,queue-times.com
2026-08-09T09:51:51Z,2026-08-09,11,51,Disneyland Park,Star Wars Hyperspace Mountain Single Rider,7278,OPERATING,STANDBY,10,,,queue-times.com
2026-08-09T09:51:51Z,2026-08-09,11,51,Disneyland Park,Welcome to Starport: A Star Wars Encounter,4573,OPERATING,STANDBY,25,,,queue-times.com
2026-08-09T09:51:51Z,2026-08-09,11,51,Disneyland Park,"""it's a small world""",19,OPERATING,STANDBY,5,,,queue-times.com
2026-08-09T09:51:51Z,2026-08-09,11,51,Disneyland Park,Alice's Curious Labyrinth,14,OPERATING,STANDBY,5,,,queue-times.com
2026-08-09T09:51:51Z,2026-08-09,11,51,Disneyland Park,Blanche-Neige et les Sept Nains®,15,OPERATING,STANDBY,20,,,queue-times.com
2026-08-09T09:51:51Z,2026-08-09,11,51,Disneyland Park,Casey Jr. – le Petit Train du Cirque,17,OPERATING,STANDBY,5,,,queue-times.com
2026-08-09T09:51:51Z,2026-08-09,11,51,Disneyland Park,Disneyland Railroad Fantasyland Station,2711,CLOSED,STANDBY,0,,,queue-times.com
2026-08-09T09:51:51Z,2026-08-09,11,51,Disneyland Park,Disneyland Railroad Main Street Station,11,CLOSED,STANDBY,0,,,queue-times.com
2026-08-09T09:51:51Z,2026-08-09,11,51,Disneyland Park,Dumbo the Flying Elephant,18,OPERATING,STANDBY,20,,,queue-times.com
2026-08-09T09:51:51Z,2026-08-09,11,51,Disneyland Park,La Tanière du Dragon,2710,OPERATING,STANDBY,0,,,queue-times.com
2026-08-09T09:51:51Z,2026-08-09,11,51,Disneyland Park,Le Carrousel de Lancelot,16,OPERATING,STANDBY,5,,,queue-times.com
2026-08-09T09:51:51Z,2026-08-09,11,51,Disneyland Park,"Le Pays des Contes de Fées, presented by Vittel",21,OPERATING,STANDBY,5,,,queue-times.com
2026-08-09T09:51:51Z,2026-08-09,11,51,Disneyland Park,Les Voyages de Pinocchio,23,OPERATING,STANDBY,20,,,queue-times.com
2026-08-09T09:51:51Z,2026-08-09,11,51,Disneyland Park,Mad Hatter's Tea Cups,20,OPERATING,STANDBY,5,,,queue-times.com
2026-08-09T09:51:51Z,2026-08-09,11,51,Disneyland Park,Meet Mickey Mouse,13,OPERATING,STANDBY,0,,,queue-times.com
2026-08-09T09:51:51Z,2026-08-09,11,51,Disneyland Park,Peter Pan's Flight,22,OPERATING,STANDBY,45,,,queue-times.com
2026-08-09T09:51:51Z,2026-08-09,11,51,Disneyland Park,Princess Pavilion,24,OPERATING,STANDBY,0,,,queue-times.com
2026-08-09T09:51:51Z,2026-08-09,11,51,Disneyland Park,Big Thunder Mountain,25,OPERATING,STANDBY,80,,,queue-times.com
2026-08-09T09:51:51Z,2026-08-09,11,51,Disneyland Park,Disneyland Railroad Frontierland Depot,2714,CLOSED,STANDBY,0,,,queue-times.com
2026-08-09T09:51:51Z,2026-08-09,11,51,Disneyland Park,Frontierland Playground,2713,OPERATING,STANDBY,0,,,queue-times.com
2026-08-09T09:51:51Z,2026-08-09,11,51,Disneyland Park,Phantom Manor,26,OPERATING,STANDBY,10,,,queue-times.com
2026-08-09T09:51:51Z,2026-08-09,11,51,Disneyland Park,River Rogue Keelboats,27,CLOSED,STANDBY,0,,,queue-times.com
2026-08-09T09:51:51Z,2026-08-09,11,51,Disneyland Park,Rustler Roundup Shootin' Gallery,2712,OPERATING,STANDBY,0,,,queue-times.com
2026-08-09T09:51:51Z,2026-08-09,11,51,Disneyland Park,Thunder Mesa Riverboat Landing,28,OPERATING,STANDBY,20,,,queue-times.com
2026-08-09T09:51:51Z,2026-08-09,11,51,Disneyland Park,Disneyland Railroad Main Street Station,2708,CLOSED,STANDBY,0,,,queue-times.com
2026-08-09T09:51:51Z,2026-08-09,11,51,Disneyland Park,Main Street Vehicles,12,CLOSED,STANDBY,0,,,queue-times.com
2026-08-09T09:51:51Z,2026-08-09,11,51,Disney Adventure World,Avengers Assemble: Flight Force,10848,OPERATING,STANDBY,35,,,queue-times.com
2026-08-09T09:51:51Z,2026-08-09,11,51,Disney Adventure World,Avengers Assemble: Flight Force Single Rider,10849,OPERATING,STANDBY,25,,,queue-times.com
2026-08-09T09:51:51Z,2026-08-09,11,51,Disney Adventure World,Spider-Man W.E.B. Adventure,10845,OPERATING,STANDBY,55,,,queue-times.com
2026-08-09T09:51:51Z,2026-08-09,11,51,Disney Adventure World,Spider-Man W.E.B. Adventure Single Rider,10846,OPERATING,STANDBY,25,,,queue-times.com
2026-08-09T09:51:51Z,2026-08-09,11,51,Disney Adventure World,The Twilight Zone Tower of Terror,40,OPERATING,STANDBY,90,,,queue-times.com
2026-08-09T09:51:51Z,2026-08-09,11,51,Disney Adventure World,Cars Quatre Roues Rallye,31,OPERATING,STANDBY,25,,,queue-times.com
2026-08-09T09:51:51Z,2026-08-09,11,51,Disney Adventure World,Cars ROAD TRIP,29,OPERATING,STANDBY,15,,,queue-times.com
2026-08-09T09:51:51Z,2026-08-09,11,51,Disney Adventure World,Crush's Coaster,32,OPERATING,STANDBY,80,,,queue-times.com
2026-08-09T09:51:51Z,2026-08-09,11,51,Disney Adventure World,Crush's Coaster Single Rider,7277,OPERATING,STANDBY,70,,,queue-times.com
2026-08-09T09:51:51Z,2026-08-09,11,51,Disney Adventure World,Les Tapis Volants - Flying Carpets Over Agrabah®,33,OPERATING,STANDBY,15,,,queue-times.com
2026-08-09T09:51:51Z,2026-08-09,11,51,Disney Adventure World,Ratatouille : L’Aventure Totalement Toquée de Rémy​,37,OPERATING,STANDBY,55,,,queue-times.com
2026-08-09T09:51:51Z,2026-08-09,11,51,Disney Adventure World,Ratatouille: The Adventure Single Rider,7279,OPERATING,STANDBY,15,,,queue-times.com
2026-08-09T09:51:51Z,2026-08-09,11,51,Disney Adventure World,RC Racer,34,OPERATING,STANDBY,50,,,queue-times.com
2026-08-09T09:51:51Z,2026-08-09,11,51,Disney Adventure World,RC Racer Single Rider,7280,OPERATING,STANDBY,25,,,queue-times.com
2026-08-09T09:51:51Z,2026-08-09,11,51,Disney Adventure World,Slinky® Dog Zigzag Spin,36,OPERATING,STANDBY,25,,,queue-times.com
2026-08-09T09:51:51Z,2026-08-09,11,51,Disney Adventure World,Toy Soldiers Parachute Drop,35,OPERATING,STANDBY,45,,,queue-times.com
2026-08-09T09:51:51Z,2026-08-09,11,51,Disney Adventure World,Toy Soldiers Parachute Drop Single Rider,7281,OPERATING,STANDBY,15,,,queue-times.com
2026-08-09T09:51:51Z,2026-08-09,11,51,Disney Adventure World,Entry to World of Frozen,16247,OPERATING,STANDBY,0,,,queue-times.com
2026-08-09T09:51:51Z,2026-08-09,11,51,Disney Adventure World,Frozen Ever After,15413,OPERATING,STANDBY,70,,,queue-times.com
2026-08-09T09:51:51Z,2026-08-09,11,51,Disney Adventure World,Raiponce Tangled Spin,15415,OPERATING,STANDBY,30,,,queue-times.com
2026-08-09T10:01:19Z,2026-08-09,12,1,Disneyland Park,Adventure Isle,2702,OPERATING,STANDBY,0,,,queue-times.com
2026-08-09T10:01:19Z,2026-08-09,12,1,Disneyland Park,Indiana Jones and the Temple of Peril Single Rider,7306,OPERATING,STANDBY,5,,,queue-times.com
2026-08-09T10:01:19Z,2026-08-09,12,1,Disneyland Park,Indiana Jones™ and the Temple of Peril,2,OPERATING,STANDBY,5,,,queue-times.com
2026-08-09T10:01:19Z,2026-08-09,12,1,Disneyland Park,La Cabane des Robinson,1,OPERATING,STANDBY,5,,,queue-times.com
2026-08-09T10:01:19Z,2026-08-09,12,1,Disneyland Park,Le Passage Enchanté d'Aladdin,2703,OPERATING,STANDBY,0,,,queue-times.com
2026-08-09T10:01:19Z,2026-08-09,12,1,Disneyland Park,Pirate Galleon,2705,CLOSED,STANDBY,0,,,queue-times.com
2026-08-09T10:01:19Z,2026-08-09,12,1,Disneyland Park,Pirates of the Caribbean,3,OPERATING,STANDBY,10,,,queue-times.com
2026-08-09T10:01:19Z,2026-08-09,12,1,Disneyland Park,Pirates' Beach,2704,OPERATING,STANDBY,0,,,queue-times.com
2026-08-09T10:01:19Z,2026-08-09,12,1,Disneyland Park,"Autopia, presented by Avis",4,OPERATING,STANDBY,35,,,queue-times.com
2026-08-09T10:01:19Z,2026-08-09,12,1,Disneyland Park,Buzz Lightyear Laser Blast,5,OPERATING,STANDBY,35,,,queue-times.com
2026-08-09T10:01:19Z,2026-08-09,12,1,Disneyland Park,Disneyland Railroad Discoveryland Station,2706,CLOSED,STANDBY,0,,,queue-times.com
2026-08-09T10:01:19Z,2026-08-09,12,1,Disneyland Park,Les Mystères du Nautilus,6,OPERATING,STANDBY,5,,,queue-times.com
2026-08-09T10:01:19Z,2026-08-09,12,1,Disneyland Park,Mickey’s PhilharMagic,2707,CLOSED,STANDBY,0,,,queue-times.com
2026-08-09T10:01:19Z,2026-08-09,12,1,Disneyland Park,Orbitron®,7,OPERATING,STANDBY,50,,,queue-times.com
2026-08-09T10:01:19Z,2026-08-09,12,1,Disneyland Park,Star Tours: The Adventures Continue*,9,OPERATING,STANDBY,5,,,queue-times.com
2026-08-09T10:01:19Z,2026-08-09,12,1,Disneyland Park,Star Wars Hyperspace Mountain,8,OPERATING,STANDBY,30,,,queue-times.com
2026-08-09T10:01:19Z,2026-08-09,12,1,Disneyland Park,Star Wars Hyperspace Mountain Single Rider,7278,OPERATING,STANDBY,15,,,queue-times.com
2026-08-09T10:01:19Z,2026-08-09,12,1,Disneyland Park,Welcome to Starport: A Star Wars Encounter,4573,OPERATING,STANDBY,25,,,queue-times.com
2026-08-09T10:01:19Z,2026-08-09,12,1,Disneyland Park,"""it's a small world""",19,OPERATING,STANDBY,15,,,queue-times.com
2026-08-09T10:01:19Z,2026-08-09,12,1,Disneyland Park,Alice's Curious Labyrinth,14,CLOSED,STANDBY,0,,,queue-times.com
2026-08-09T10:01:19Z,2026-08-09,12,1,Disneyland Park,Blanche-Neige et les Sept Nains®,15,OPERATING,STANDBY,20,,,queue-times.com
2026-08-09T10:01:19Z,2026-08-09,12,1,Disneyland Park,Casey Jr. – le Petit Train du Cirque,17,OPERATING,STANDBY,5,,,queue-times.com
2026-08-09T10:01:19Z,2026-08-09,12,1,Disneyland Park,Disneyland Railroad Fantasyland Station,2711,CLOSED,STANDBY,0,,,queue-times.com
2026-08-09T10:01:19Z,2026-08-09,12,1,Disneyland Park,Disneyland Railroad Main Street Station,11,CLOSED,STANDBY,0,,,queue-times.com
2026-08-09T10:01:19Z,2026-08-09,12,1,Disneyland Park,Dumbo the Flying Elephant,18,OPERATING,STANDBY,20,,,queue-times.com
2026-08-09T10:01:19Z,2026-08-09,12,1,Disneyland Park,La Tanière du Dragon,2710,OPERATING,STANDBY,0,,,queue-times.com
2026-08-09T10:01:19Z,2026-08-09,12,1,Disneyland Park,Le Carrousel de Lancelot,16,OPERATING,STANDBY,5,,,queue-times.com
2026-08-09T10:01:19Z,2026-08-09,12,1,Disneyland Park,"Le Pays des Contes de Fées, presented by Vittel",21,OPERATING,STANDBY,5,,,queue-times.com
2026-08-09T10:01:19Z,2026-08-09,12,1,Disneyland Park,Les Voyages de Pinocchio,23,OPERATING,STANDBY,20,,,queue-times.com
2026-08-09T10:01:19Z,2026-08-09,12,1,Disneyland Park,Mad Hatter's Tea Cups,20,OPERATING,STANDBY,10,,,queue-times.com
2026-08-09T10:01:19Z,2026-08-09,12,1,Disneyland Park,Meet Mickey Mouse,13,OPERATING,STANDBY,0,,,queue-times.com
2026-08-09T10:01:19Z,2026-08-09,12,1,Disneyland Park,Peter Pan's Flight,22,OPERATING,STANDBY,60,,,queue-times.com
2026-08-09T10:01:19Z,2026-08-09,12,1,Disneyland Park,Princess Pavilion,24,OPERATING,STANDBY,0,,,queue-times.com
2026-08-09T10:01:19Z,2026-08-09,12,1,Disneyland Park,Big Thunder Mountain,25,OPERATING,STANDBY,65,,,queue-times.com
2026-08-09T10:01:19Z,2026-08-09,12,1,Disneyland Park,Disneyland Railroad Frontierland Depot,2714,CLOSED,STANDBY,0,,,queue-times.com
2026-08-09T10:01:19Z,2026-08-09,12,1,Disneyland Park,Frontierland Playground,2713,OPERATING,STANDBY,0,,,queue-times.com
2026-08-09T10:01:19Z,2026-08-09,12,1,Disneyland Park,Phantom Manor,26,OPERATING,STANDBY,5,,,queue-times.com
2026-08-09T10:01:19Z,2026-08-09,12,1,Disneyland Park,River Rogue Keelboats,27,CLOSED,STANDBY,0,,,queue-times.com
2026-08-09T10:01:19Z,2026-08-09,12,1,Disneyland Park,Rustler Roundup Shootin' Gallery,2712,OPERATING,STANDBY,0,,,queue-times.com
2026-08-09T10:01:19Z,2026-08-09,12,1,Disneyland Park,Thunder Mesa Riverboat Landing,28,OPERATING,STANDBY,20,,,queue-times.com
2026-08-09T10:01:19Z,2026-08-09,12,1,Disneyland Park,Disneyland Railroad Main Street Station,2708,CLOSED,STANDBY,0,,,queue-times.com
2026-08-09T10:01:19Z,2026-08-09,12,1,Disneyland Park,Main Street Vehicles,12,CLOSED,STANDBY,0,,,queue-times.com
2026-08-09T10:01:19Z,2026-08-09,12,1,Disney Adventure World,Avengers Assemble: Flight Force,10848,OPERATING,STANDBY,35,,,queue-times.com
2026-08-09T10:01:19Z,2026-08-09,12,1,Disney Adventure World,Avengers Assemble: Flight Force Single Rider,10849,OPERATING,STANDBY,25,,,queue-times.com
2026-08-09T10:01:19Z,2026-08-09,12,1,Disney Adventure World,Spider-Man W.E.B. Adventure,10845,OPERATING,STANDBY,55,,,queue-times.com
2026-08-09T10:01:19Z,2026-08-09,12,1,Disney Adventure World,Spider-Man W.E.B. Adventure Single Rider,10846,OPERATING,STANDBY,25,,,queue-times.com
2026-08-09T10:01:19Z,2026-08-09,12,1,Disney Adventure World,The Twilight Zone Tower of Terror,40,OPERATING,STANDBY,110,,,queue-times.com
2026-08-09T10:01:19Z,2026-08-09,12,1,Disney Adventure World,Cars Quatre Roues Rallye,31,OPERATING,STANDBY,25,,,queue-times.com
2026-08-09T10:01:19Z,2026-08-09,12,1,Disney Adventure World,Cars ROAD TRIP,29,OPERATING,STANDBY,15,,,queue-times.com
2026-08-09T10:01:19Z,2026-08-09,12,1,Disney Adventure World,Crush's Coaster,32,OPERATING,STANDBY,95,,,queue-times.com
2026-08-09T10:01:19Z,2026-08-09,12,1,Disney Adventure World,Crush's Coaster Single Rider,7277,OPERATING,STANDBY,45,,,queue-times.com
2026-08-09T10:01:19Z,2026-08-09,12,1,Disney Adventure World,Les Tapis Volants - Flying Carpets Over Agrabah®,33,OPERATING,STANDBY,15,,,queue-times.com
2026-08-09T10:01:19Z,2026-08-09,12,1,Disney Adventure World,Ratatouille : L’Aventure Totalement Toquée de Rémy​,37,OPERATING,STANDBY,50,,,queue-times.com
2026-08-09T10:01:19Z,2026-08-09,12,1,Disney Adventure World,Ratatouille: The Adventure Single Rider,7279,OPERATING,STANDBY,15,,,queue-times.com
2026-08-09T10:01:19Z,2026-08-09,12,1,Disney Adventure World,RC Racer,34,OPERATING,STANDBY,50,,,queue-times.com
2026-08-09T10:01:19Z,2026-08-09,12,1,Disney Adventure World,RC Racer Single Rider,7280,OPERATING,STANDBY,35,,,queue-times.com
2026-08-09T10:01:19Z,2026-08-09,12,1,Disney Adventure World,Slinky® Dog Zigzag Spin,36,OPERATING,STANDBY,30,,,queue-times.com
2026-08-09T10:01:19Z,2026-08-09,12,1,Disney Adventure World,Toy Soldiers Parachute Drop,35,OPERATING,STANDBY,55,,,queue-times.com
2026-08-09T10:01:19Z,2026-08-09,12,1,Disney Adventure World,Toy Soldiers Parachute Drop Single Rider,7281,OPERATING,STANDBY,20,,,queue-times.com
2026-08-09T10:01:19Z,2026-08-09,12,1,Disney Adventure World,Entry to World of Frozen,16247,OPERATING,STANDBY,0,,,queue-times.com
2026-08-09T10:01:19Z,2026-08-09,12,1,Disney Adventure World,Frozen Ever After,15413,OPERATING,STANDBY,70,,,queue-times.com
2026-08-09T10:01:19Z,2026-08-09,12,1,Disney Adventure World,Raiponce Tangled Spin,15415,OPERATING,STANDBY,20,,,queue-times.com
2026-08-09T10:15:47Z,2026-08-09,12,15,Disneyland Park,Adventure Isle,2702,OPERATING,STANDBY,0,,,queue-times.com
2026-08-09T10:15:47Z,2026-08-09,12,15,Disneyland Park,Indiana Jones and the Temple of Peril Single Rider,7306,OPERATING,STANDBY,5,,,queue-times.com
2026-08-09T10:15:47Z,2026-08-09,12,15,Disneyland Park,Indiana Jones™ and the Temple of Peril,2,OPERATING,STANDBY,25,,,queue-times.com
2026-08-09T10:15:47Z,2026-08-09,12,15,Disneyland Park,La Cabane des Robinson,1,OPERATING,STANDBY,5,,,queue-times.com
2026-08-09T10:15:47Z,2026-08-09,12,15,Disneyland Park,Le Passage Enchanté d'Aladdin,2703,OPERATING,STANDBY,0,,,queue-times.com
2026-08-09T10:15:47Z,2026-08-09,12,15,Disneyland Park,Pirate Galleon,2705,CLOSED,STANDBY,0,,,queue-times.com
2026-08-09T10:15:47Z,2026-08-09,12,15,Disneyland Park,Pirates of the Caribbean,3,OPERATING,STANDBY,20,,,queue-times.com
2026-08-09T10:15:47Z,2026-08-09,12,15,Disneyland Park,Pirates' Beach,2704,OPERATING,STANDBY,0,,,queue-times.com
2026-08-09T10:15:47Z,2026-08-09,12,15,Disneyland Park,"Autopia, presented by Avis",4,OPERATING,STANDBY,35,,,queue-times.com
2026-08-09T10:15:47Z,2026-08-09,12,15,Disneyland Park,Buzz Lightyear Laser Blast,5,OPERATING,STANDBY,60,,,queue-times.com
2026-08-09T10:15:47Z,2026-08-09,12,15,Disneyland Park,Disneyland Railroad Discoveryland Station,2706,CLOSED,STANDBY,0,,,queue-times.com
2026-08-09T10:15:47Z,2026-08-09,12,15,Disneyland Park,Les Mystères du Nautilus,6,OPERATING,STANDBY,5,,,queue-times.com
2026-08-09T10:15:47Z,2026-08-09,12,15,Disneyland Park,Mickey’s PhilharMagic,2707,CLOSED,STANDBY,0,,,queue-times.com
2026-08-09T10:15:47Z,2026-08-09,12,15,Disneyland Park,Orbitron®,7,OPERATING,STANDBY,60,,,queue-times.com
2026-08-09T10:15:47Z,2026-08-09,12,15,Disneyland Park,Star Tours: The Adventures Continue*,9,OPERATING,STANDBY,5,,,queue-times.com
2026-08-09T10:15:47Z,2026-08-09,12,15,Disneyland Park,Star Wars Hyperspace Mountain,8,OPERATING,STANDBY,45,,,queue-times.com
2026-08-09T10:15:47Z,2026-08-09,12,15,Disneyland Park,Star Wars Hyperspace Mountain Single Rider,7278,OPERATING,STANDBY,30,,,queue-times.com
2026-08-09T10:15:47Z,2026-08-09,12,15,Disneyland Park,Welcome to Starport: A Star Wars Encounter,4573,OPERATING,STANDBY,25,,,queue-times.com
2026-08-09T10:15:47Z,2026-08-09,12,15,Disneyland Park,"""it's a small world""",19,OPERATING,STANDBY,15,,,queue-times.com
2026-08-09T10:15:47Z,2026-08-09,12,15,Disneyland Park,Alice's Curious Labyrinth,14,OPERATING,STANDBY,5,,,queue-times.com
2026-08-09T10:15:47Z,2026-08-09,12,15,Disneyland Park,Blanche-Neige et les Sept Nains®,15,OPERATING,STANDBY,20,,,queue-times.com
2026-08-09T10:15:47Z,2026-08-09,12,15,Disneyland Park,Casey Jr. – le Petit Train du Cirque,17,OPERATING,STANDBY,5,,,queue-times.com
2026-08-09T10:15:47Z,2026-08-09,12,15,Disneyland Park,Disneyland Railroad Fantasyland Station,2711,CLOSED,STANDBY,0,,,queue-times.com
2026-08-09T10:15:47Z,2026-08-09,12,15,Disneyland Park,Disneyland Railroad Main Street Station,11,CLOSED,STANDBY,0,,,queue-times.com
2026-08-09T10:15:47Z,2026-08-09,12,15,Disneyland Park,Dumbo the Flying Elephant,18,OPERATING,STANDBY,40,,,queue-times.com
2026-08-09T10:15:47Z,2026-08-09,12,15,Disneyland Park,La Tanière du Dragon,2710,OPERATING,STANDBY,0,,,queue-times.com
2026-08-09T10:15:47Z,2026-08-09,12,15,Disneyland Park,Le Carrousel de Lancelot,16,OPERATING,STANDBY,10,,,queue-times.com
2026-08-09T10:15:47Z,2026-08-09,12,15,Disneyland Park,"Le Pays des Contes de Fées, presented by Vittel",21,OPERATING,STANDBY,5,,,queue-times.com
2026-08-09T10:15:47Z,2026-08-09,12,15,Disneyland Park,Les Voyages de Pinocchio,23,OPERATING,STANDBY,25,,,queue-times.com
2026-08-09T10:15:47Z,2026-08-09,12,15,Disneyland Park,Mad Hatter's Tea Cups,20,OPERATING,STANDBY,10,,,queue-times.com
2026-08-09T10:15:47Z,2026-08-09,12,15,Disneyland Park,Meet Mickey Mouse,13,OPERATING,STANDBY,0,,,queue-times.com
2026-08-09T10:15:47Z,2026-08-09,12,15,Disneyland Park,Peter Pan's Flight,22,OPERATING,STANDBY,65,,,queue-times.com
2026-08-09T10:15:47Z,2026-08-09,12,15,Disneyland Park,Princess Pavilion,24,OPERATING,STANDBY,0,,,queue-times.com
2026-08-09T10:15:47Z,2026-08-09,12,15,Disneyland Park,Big Thunder Mountain,25,OPERATING,STANDBY,85,,,queue-times.com
2026-08-09T10:15:47Z,2026-08-09,12,15,Disneyland Park,Disneyland Railroad Frontierland Depot,2714,CLOSED,STANDBY,0,,,queue-times.com
2026-08-09T10:15:47Z,2026-08-09,12,15,Disneyland Park,Frontierland Playground,2713,OPERATING,STANDBY,0,,,queue-times.com
2026-08-09T10:15:47Z,2026-08-09,12,15,Disneyland Park,Phantom Manor,26,OPERATING,STANDBY,10,,,queue-times.com
2026-08-09T10:15:47Z,2026-08-09,12,15,Disneyland Park,River Rogue Keelboats,27,CLOSED,STANDBY,0,,,queue-times.com
2026-08-09T10:15:47Z,2026-08-09,12,15,Disneyland Park,Rustler Roundup Shootin' Gallery,2712,OPERATING,STANDBY,0,,,queue-times.com
2026-08-09T10:15:47Z,2026-08-09,12,15,Disneyland Park,Thunder Mesa Riverboat Landing,28,OPERATING,STANDBY,20,,,queue-times.com
2026-08-09T10:15:47Z,2026-08-09,12,15,Disneyland Park,Disneyland Railroad Main Street Station,2708,CLOSED,STANDBY,0,,,queue-times.com
2026-08-09T10:15:47Z,2026-08-09,12,15,Disneyland Park,Main Street Vehicles,12,CLOSED,STANDBY,0,,,queue-times.com
2026-08-09T10:15:47Z,2026-08-09,12,15,Disney Adventure World,Avengers Assemble: Flight Force,10848,OPERATING,STANDBY,40,,,queue-times.com
2026-08-09T10:15:47Z,2026-08-09,12,15,Disney Adventure World,Avengers Assemble: Flight Force Single Rider,10849,OPERATING,STANDBY,20,,,queue-times.com
2026-08-09T10:15:47Z,2026-08-09,12,15,Disney Adventure World,Spider-Man W.E.B. Adventure,10845,OPERATING,STANDBY,55,,,queue-times.com
2026-08-09T10:15:47Z,2026-08-09,12,15,Disney Adventure World,Spider-Man W.E.B. Adventure Single Rider,10846,OPERATING,STANDBY,25,,,queue-times.com
2026-08-09T10:15:47Z,2026-08-09,12,15,Disney Adventure World,The Twilight Zone Tower of Terror,40,OPERATING,STANDBY,100,,,queue-times.com
2026-08-09T10:15:47Z,2026-08-09,12,15,Disney Adventure World,Cars Quatre Roues Rallye,31,OPERATING,STANDBY,25,,,queue-times.com
2026-08-09T10:15:47Z,2026-08-09,12,15,Disney Adventure World,Cars ROAD TRIP,29,OPERATING,STANDBY,20,,,queue-times.com
2026-08-09T10:15:47Z,2026-08-09,12,15,Disney Adventure World,Crush's Coaster,32,OPERATING,STANDBY,95,,,queue-times.com
2026-08-09T10:15:47Z,2026-08-09,12,15,Disney Adventure World,Crush's Coaster Single Rider,7277,OPERATING,STANDBY,55,,,queue-times.com
2026-08-09T10:15:47Z,2026-08-09,12,15,Disney Adventure World,Les Tapis Volants - Flying Carpets Over Agrabah®,33,OPERATING,STANDBY,15,,,queue-times.com
2026-08-09T10:15:47Z,2026-08-09,12,15,Disney Adventure World,Ratatouille : L’Aventure Totalement Toquée de Rémy​,37,OPERATING,STANDBY,45,,,queue-times.com
2026-08-09T10:15:47Z,2026-08-09,12,15,Disney Adventure World,Ratatouille: The Adventure Single Rider,7279,OPERATING,STANDBY,15,,,queue-times.com
2026-08-09T10:15:47Z,2026-08-09,12,15,Disney Adventure World,RC Racer,34,OPERATING,STANDBY,45,,,queue-times.com
2026-08-09T10:15:47Z,2026-08-09,12,15,Disney Adventure World,RC Racer Single Rider,7280,OPERATING,STANDBY,35,,,queue-times.com
2026-08-09T10:15:47Z,2026-08-09,12,15,Disney Adventure World,Slinky® Dog Zigzag Spin,36,OPERATING,STANDBY,30,,,queue-times.com
2026-08-09T10:15:47Z,2026-08-09,12,15,Disney Adventure World,Toy Soldiers Parachute Drop,35,OPERATING,STANDBY,55,,,queue-times.com
2026-08-09T10:15:47Z,2026-08-09,12,15,Disney Adventure World,Toy Soldiers Parachute Drop Single Rider,7281,OPERATING,STANDBY,20,,,queue-times.com
2026-08-09T10:15:47Z,2026-08-09,12,15,Disney Adventure World,Entry to World of Frozen,16247,OPERATING,STANDBY,0,,,queue-times.com
2026-08-09T10:15:47Z,2026-08-09,12,15,Disney Adventure World,Frozen Ever After,15413,OPERATING,STANDBY,60,,,queue-times.com
2026-08-09T10:15:47Z,2026-08-09,12,15,Disney Adventure World,Raiponce Tangled Spin,15415,OPERATING,STANDBY,20,,,queue-times.com
2026-08-09T10:22:37Z,2026-08-09,12,22,Disneyland Park,Adventure Isle,2702,OPERATING,STANDBY,0,,,queue-times.com
2026-08-09T10:22:37Z,2026-08-09,12,22,Disneyland Park,Indiana Jones and the Temple of Peril Single Rider,7306,OPERATING,STANDBY,10,,,queue-times.com
2026-08-09T10:22:37Z,2026-08-09,12,22,Disneyland Park,Indiana Jones™ and the Temple of Peril,2,OPERATING,STANDBY,25,,,queue-times.com
2026-08-09T10:22:37Z,2026-08-09,12,22,Disneyland Park,La Cabane des Robinson,1,OPERATING,STANDBY,5,,,queue-times.com
2026-08-09T10:22:37Z,2026-08-09,12,22,Disneyland Park,Le Passage Enchanté d'Aladdin,2703,OPERATING,STANDBY,0,,,queue-times.com
2026-08-09T10:22:37Z,2026-08-09,12,22,Disneyland Park,Pirate Galleon,2705,CLOSED,STANDBY,0,,,queue-times.com
2026-08-09T10:22:37Z,2026-08-09,12,22,Disneyland Park,Pirates of the Caribbean,3,OPERATING,STANDBY,25,,,queue-times.com
2026-08-09T10:22:37Z,2026-08-09,12,22,Disneyland Park,Pirates' Beach,2704,OPERATING,STANDBY,0,,,queue-times.com
2026-08-09T10:22:37Z,2026-08-09,12,22,Disneyland Park,"Autopia, presented by Avis",4,OPERATING,STANDBY,35,,,queue-times.com
2026-08-09T10:22:37Z,2026-08-09,12,22,Disneyland Park,Buzz Lightyear Laser Blast,5,OPERATING,STANDBY,60,,,queue-times.com
2026-08-09T10:22:37Z,2026-08-09,12,22,Disneyland Park,Disneyland Railroad Discoveryland Station,2706,CLOSED,STANDBY,0,,,queue-times.com
2026-08-09T10:22:37Z,2026-08-09,12,22,Disneyland Park,Les Mystères du Nautilus,6,OPERATING,STANDBY,5,,,queue-times.com
2026-08-09T10:22:37Z,2026-08-09,12,22,Disneyland Park,Mickey’s PhilharMagic,2707,CLOSED,STANDBY,0,,,queue-times.com
2026-08-09T10:22:37Z,2026-08-09,12,22,Disneyland Park,Orbitron®,7,OPERATING,STANDBY,70,,,queue-times.com
2026-08-09T10:22:37Z,2026-08-09,12,22,Disneyland Park,Star Tours: The Adventures Continue*,9,OPERATING,STANDBY,5,,,queue-times.com
2026-08-09T10:22:37Z,2026-08-09,12,22,Disneyland Park,Star Wars Hyperspace Mountain,8,OPERATING,STANDBY,45,,,queue-times.com
2026-08-09T10:22:37Z,2026-08-09,12,22,Disneyland Park,Star Wars Hyperspace Mountain Single Rider,7278,OPERATING,STANDBY,40,,,queue-times.com
2026-08-09T10:22:37Z,2026-08-09,12,22,Disneyland Park,Welcome to Starport: A Star Wars Encounter,4573,OPERATING,STANDBY,25,,,queue-times.com
2026-08-09T10:22:37Z,2026-08-09,12,22,Disneyland Park,"""it's a small world""",19,OPERATING,STANDBY,20,,,queue-times.com
2026-08-09T10:22:37Z,2026-08-09,12,22,Disneyland Park,Alice's Curious Labyrinth,14,OPERATING,STANDBY,5,,,queue-times.com
2026-08-09T10:22:37Z,2026-08-09,12,22,Disneyland Park,Blanche-Neige et les Sept Nains®,15,OPERATING,STANDBY,20,,,queue-times.com
2026-08-09T10:22:37Z,2026-08-09,12,22,Disneyland Park,Casey Jr. – le Petit Train du Cirque,17,OPERATING,STANDBY,5,,,queue-times.com
2026-08-09T10:22:37Z,2026-08-09,12,22,Disneyland Park,Disneyland Railroad Fantasyland Station,2711,CLOSED,STANDBY,0,,,queue-times.com
2026-08-09T10:22:37Z,2026-08-09,12,22,Disneyland Park,Disneyland Railroad Main Street Station,11,OPERATING,STANDBY,20,,,queue-times.com
2026-08-09T10:22:37Z,2026-08-09,12,22,Disneyland Park,Dumbo the Flying Elephant,18,OPERATING,STANDBY,40,,,queue-times.com
2026-08-09T10:22:37Z,2026-08-09,12,22,Disneyland Park,La Tanière du Dragon,2710,OPERATING,STANDBY,0,,,queue-times.com
2026-08-09T10:22:37Z,2026-08-09,12,22,Disneyland Park,Le Carrousel de Lancelot,16,OPERATING,STANDBY,10,,,queue-times.com
2026-08-09T10:22:37Z,2026-08-09,12,22,Disneyland Park,"Le Pays des Contes de Fées, presented by Vittel",21,OPERATING,STANDBY,5,,,queue-times.com
2026-08-09T10:22:37Z,2026-08-09,12,22,Disneyland Park,Les Voyages de Pinocchio,23,OPERATING,STANDBY,25,,,queue-times.com
2026-08-09T10:22:37Z,2026-08-09,12,22,Disneyland Park,Mad Hatter's Tea Cups,20,OPERATING,STANDBY,10,,,queue-times.com
2026-08-09T10:22:37Z,2026-08-09,12,22,Disneyland Park,Meet Mickey Mouse,13,OPERATING,STANDBY,0,,,queue-times.com
2026-08-09T10:22:37Z,2026-08-09,12,22,Disneyland Park,Peter Pan's Flight,22,OPERATING,STANDBY,60,,,queue-times.com
2026-08-09T10:22:37Z,2026-08-09,12,22,Disneyland Park,Princess Pavilion,24,OPERATING,STANDBY,0,,,queue-times.com
2026-08-09T10:22:37Z,2026-08-09,12,22,Disneyland Park,Big Thunder Mountain,25,OPERATING,STANDBY,85,,,queue-times.com
2026-08-09T10:22:37Z,2026-08-09,12,22,Disneyland Park,Disneyland Railroad Frontierland Depot,2714,OPERATING,STANDBY,20,,,queue-times.com
2026-08-09T10:22:37Z,2026-08-09,12,22,Disneyland Park,Frontierland Playground,2713,OPERATING,STANDBY,0,,,queue-times.com
2026-08-09T10:22:37Z,2026-08-09,12,22,Disneyland Park,Phantom Manor,26,OPERATING,STANDBY,10,,,queue-times.com
2026-08-09T10:22:37Z,2026-08-09,12,22,Disneyland Park,River Rogue Keelboats,27,CLOSED,STANDBY,0,,,queue-times.com
2026-08-09T10:22:37Z,2026-08-09,12,22,Disneyland Park,Rustler Roundup Shootin' Gallery,2712,OPERATING,STANDBY,0,,,queue-times.com
2026-08-09T10:22:37Z,2026-08-09,12,22,Disneyland Park,Thunder Mesa Riverboat Landing,28,OPERATING,STANDBY,20,,,queue-times.com
2026-08-09T10:22:37Z,2026-08-09,12,22,Disneyland Park,Disneyland Railroad Main Street Station,2708,OPERATING,STANDBY,0,,,queue-times.com
2026-08-09T10:22:37Z,2026-08-09,12,22,Disneyland Park,Main Street Vehicles,12,CLOSED,STANDBY,0,,,queue-times.com
2026-08-09T10:22:37Z,2026-08-09,12,22,Disney Adventure World,Avengers Assemble: Flight Force,10848,CLOSED,STANDBY,0,,,queue-times.com
2026-08-09T10:22:37Z,2026-08-09,12,22,Disney Adventure World,Avengers Assemble: Flight Force Single Rider,10849,CLOSED,STANDBY,0,,,queue-times.com
2026-08-09T10:22:37Z,2026-08-09,12,22,Disney Adventure World,Spider-Man W.E.B. Adventure,10845,OPERATING,STANDBY,50,,,queue-times.com
2026-08-09T10:22:37Z,2026-08-09,12,22,Disney Adventure World,Spider-Man W.E.B. Adventure Single Rider,10846,OPERATING,STANDBY,15,,,queue-times.com
2026-08-09T10:22:37Z,2026-08-09,12,22,Disney Adventure World,The Twilight Zone Tower of Terror,40,OPERATING,STANDBY,90,,,queue-times.com
2026-08-09T10:22:37Z,2026-08-09,12,22,Disney Adventure World,Cars Quatre Roues Rallye,31,OPERATING,STANDBY,25,,,queue-times.com
2026-08-09T10:22:37Z,2026-08-09,12,22,Disney Adventure World,Cars ROAD TRIP,29,OPERATING,STANDBY,20,,,queue-times.com
2026-08-09T10:22:37Z,2026-08-09,12,22,Disney Adventure World,Crush's Coaster,32,OPERATING,STANDBY,85,,,queue-times.com
2026-08-09T10:22:37Z,2026-08-09,12,22,Disney Adventure World,Crush's Coaster Single Rider,7277,OPERATING,STANDBY,30,,,queue-times.com
2026-08-09T10:22:37Z,2026-08-09,12,22,Disney Adventure World,Les Tapis Volants - Flying Carpets Over Agrabah®,33,OPERATING,STANDBY,15,,,queue-times.com
2026-08-09T10:22:37Z,2026-08-09,12,22,Disney Adventure World,Ratatouille : L’Aventure Totalement Toquée de Rémy​,37,OPERATING,STANDBY,40,,,queue-times.com
2026-08-09T10:22:37Z,2026-08-09,12,22,Disney Adventure World,Ratatouille: The Adventure Single Rider,7279,OPERATING,STANDBY,15,,,queue-times.com
2026-08-09T10:22:37Z,2026-08-09,12,22,Disney Adventure World,RC Racer,34,OPERATING,STANDBY,35,,,queue-times.com
2026-08-09T10:22:37Z,2026-08-09,12,22,Disney Adventure World,RC Racer Single Rider,7280,OPERATING,STANDBY,30,,,queue-times.com
2026-08-09T10:22:37Z,2026-08-09,12,22,Disney Adventure World,Slinky® Dog Zigzag Spin,36,OPERATING,STANDBY,30,,,queue-times.com
2026-08-09T10:22:37Z,2026-08-09,12,22,Disney Adventure World,Toy Soldiers Parachute Drop,35,OPERATING,STANDBY,50,,,queue-times.com
2026-08-09T10:22:37Z,2026-08-09,12,22,Disney Adventure World,Toy Soldiers Parachute Drop Single Rider,7281,OPERATING,STANDBY,25,,,queue-times.com
2026-08-09T10:22:37Z,2026-08-09,12,22,Disney Adventure World,Entry to World of Frozen,16247,OPERATING,STANDBY,0,,,queue-times.com
2026-08-09T10:22:37Z,2026-08-09,12,22,Disney Adventure World,Frozen Ever After,15413,OPERATING,STANDBY,60,,,queue-times.com
2026-08-09T10:22:37Z,2026-08-09,12,22,Disney Adventure World,Raiponce Tangled Spin,15415,OPERATING,STANDBY,20,,,queue-times.com
2026-08-09T10:31:06Z,2026-08-09,12,31,Disneyland Park,Adventure Isle,2702,OPERATING,STANDBY,0,,,queue-times.com
2026-08-09T10:31:06Z,2026-08-09,12,31,Disneyland Park,Indiana Jones and the Temple of Peril Single Rider,7306,OPERATING,STANDBY,10,,,queue-times.com
2026-08-09T10:31:06Z,2026-08-09,12,31,Disneyland Park,Indiana Jones™ and the Temple of Peril,2,OPERATING,STANDBY,25,,,queue-times.com
2026-08-09T10:31:06Z,2026-08-09,12,31,Disneyland Park,La Cabane des Robinson,1,OPERATING,STANDBY,5,,,queue-times.com
2026-08-09T10:31:06Z,2026-08-09,12,31,Disneyland Park,Le Passage Enchanté d'Aladdin,2703,OPERATING,STANDBY,0,,,queue-times.com
2026-08-09T10:31:06Z,2026-08-09,12,31,Disneyland Park,Pirate Galleon,2705,CLOSED,STANDBY,0,,,queue-times.com
2026-08-09T10:31:06Z,2026-08-09,12,31,Disneyland Park,Pirates of the Caribbean,3,OPERATING,STANDBY,20,,,queue-times.com
2026-08-09T10:31:06Z,2026-08-09,12,31,Disneyland Park,Pirates' Beach,2704,OPERATING,STANDBY,0,,,queue-times.com
2026-08-09T10:31:06Z,2026-08-09,12,31,Disneyland Park,"Autopia, presented by Avis",4,OPERATING,STANDBY,35,,,queue-times.com
2026-08-09T10:31:06Z,2026-08-09,12,31,Disneyland Park,Buzz Lightyear Laser Blast,5,OPERATING,STANDBY,70,,,queue-times.com
2026-08-09T10:31:06Z,2026-08-09,12,31,Disneyland Park,Disneyland Railroad Discoveryland Station,2706,CLOSED,STANDBY,0,,,queue-times.com
2026-08-09T10:31:06Z,2026-08-09,12,31,Disneyland Park,Les Mystères du Nautilus,6,OPERATING,STANDBY,5,,,queue-times.com
2026-08-09T10:31:06Z,2026-08-09,12,31,Disneyland Park,Mickey’s PhilharMagic,2707,CLOSED,STANDBY,0,,,queue-times.com
2026-08-09T10:31:06Z,2026-08-09,12,31,Disneyland Park,Orbitron®,7,OPERATING,STANDBY,70,,,queue-times.com
2026-08-09T10:31:06Z,2026-08-09,12,31,Disneyland Park,Star Tours: The Adventures Continue*,9,OPERATING,STANDBY,10,,,queue-times.com
2026-08-09T10:31:06Z,2026-08-09,12,31,Disneyland Park,Star Wars Hyperspace Mountain,8,OPERATING,STANDBY,40,,,queue-times.com
2026-08-09T10:31:06Z,2026-08-09,12,31,Disneyland Park,Star Wars Hyperspace Mountain Single Rider,7278,OPERATING,STANDBY,10,,,queue-times.com
2026-08-09T10:31:06Z,2026-08-09,12,31,Disneyland Park,Welcome to Starport: A Star Wars Encounter,4573,OPERATING,STANDBY,25,,,queue-times.com
2026-08-09T10:31:06Z,2026-08-09,12,31,Disneyland Park,"""it's a small world""",19,OPERATING,STANDBY,25,,,queue-times.com
2026-08-09T10:31:06Z,2026-08-09,12,31,Disneyland Park,Alice's Curious Labyrinth,14,OPERATING,STANDBY,5,,,queue-times.com
2026-08-09T10:31:06Z,2026-08-09,12,31,Disneyland Park,Blanche-Neige et les Sept Nains®,15,OPERATING,STANDBY,20,,,queue-times.com
2026-08-09T10:31:06Z,2026-08-09,12,31,Disneyland Park,Casey Jr. – le Petit Train du Cirque,17,OPERATING,STANDBY,10,,,queue-times.com
2026-08-09T10:31:06Z,2026-08-09,12,31,Disneyland Park,Disneyland Railroad Fantasyland Station,2711,CLOSED,STANDBY,0,,,queue-times.com
2026-08-09T10:31:06Z,2026-08-09,12,31,Disneyland Park,Disneyland Railroad Main Street Station,11,OPERATING,STANDBY,20,,,queue-times.com
2026-08-09T10:31:06Z,2026-08-09,12,31,Disneyland Park,Dumbo the Flying Elephant,18,OPERATING,STANDBY,40,,,queue-times.com
2026-08-09T10:31:06Z,2026-08-09,12,31,Disneyland Park,La Tanière du Dragon,2710,OPERATING,STANDBY,0,,,queue-times.com
2026-08-09T10:31:06Z,2026-08-09,12,31,Disneyland Park,Le Carrousel de Lancelot,16,OPERATING,STANDBY,10,,,queue-times.com
2026-08-09T10:31:06Z,2026-08-09,12,31,Disneyland Park,"Le Pays des Contes de Fées, presented by Vittel",21,OPERATING,STANDBY,5,,,queue-times.com
2026-08-09T10:31:06Z,2026-08-09,12,31,Disneyland Park,Les Voyages de Pinocchio,23,OPERATING,STANDBY,25,,,queue-times.com
2026-08-09T10:31:06Z,2026-08-09,12,31,Disneyland Park,Mad Hatter's Tea Cups,20,OPERATING,STANDBY,10,,,queue-times.com
2026-08-09T10:31:06Z,2026-08-09,12,31,Disneyland Park,Meet Mickey Mouse,13,OPERATING,STANDBY,0,,,queue-times.com
2026-08-09T10:31:06Z,2026-08-09,12,31,Disneyland Park,Peter Pan's Flight,22,OPERATING,STANDBY,55,,,queue-times.com
2026-08-09T10:31:06Z,2026-08-09,12,31,Disneyland Park,Princess Pavilion,24,OPERATING,STANDBY,0,,,queue-times.com
2026-08-09T10:31:06Z,2026-08-09,12,31,Disneyland Park,Big Thunder Mountain,25,OPERATING,STANDBY,85,,,queue-times.com
2026-08-09T10:31:06Z,2026-08-09,12,31,Disneyland Park,Disneyland Railroad Frontierland Depot,2714,OPERATING,STANDBY,20,,,queue-times.com
2026-08-09T10:31:06Z,2026-08-09,12,31,Disneyland Park,Frontierland Playground,2713,OPERATING,STANDBY,0,,,queue-times.com
2026-08-09T10:31:06Z,2026-08-09,12,31,Disneyland Park,Phantom Manor,26,OPERATING,STANDBY,20,,,queue-times.com
2026-08-09T10:31:06Z,2026-08-09,12,31,Disneyland Park,River Rogue Keelboats,27,CLOSED,STANDBY,0,,,queue-times.com
2026-08-09T10:31:06Z,2026-08-09,12,31,Disneyland Park,Rustler Roundup Shootin' Gallery,2712,OPERATING,STANDBY,0,,,queue-times.com
2026-08-09T10:31:06Z,2026-08-09,12,31,Disneyland Park,Thunder Mesa Riverboat Landing,28,OPERATING,STANDBY,20,,,queue-times.com
2026-08-09T10:31:06Z,2026-08-09,12,31,Disneyland Park,Disneyland Railroad Main Street Station,2708,OPERATING,STANDBY,0,,,queue-times.com
2026-08-09T10:31:06Z,2026-08-09,12,31,Disneyland Park,Main Street Vehicles,12,OPERATING,STANDBY,5,,,queue-times.com
2026-08-09T10:31:06Z,2026-08-09,12,31,Disney Adventure World,Avengers Assemble: Flight Force,10848,CLOSED,STANDBY,0,,,queue-times.com
2026-08-09T10:31:06Z,2026-08-09,12,31,Disney Adventure World,Avengers Assemble: Flight Force Single Rider,10849,CLOSED,STANDBY,0,,,queue-times.com
2026-08-09T10:31:06Z,2026-08-09,12,31,Disney Adventure World,Spider-Man W.E.B. Adventure,10845,OPERATING,STANDBY,50,,,queue-times.com
2026-08-09T10:31:06Z,2026-08-09,12,31,Disney Adventure World,Spider-Man W.E.B. Adventure Single Rider,10846,OPERATING,STANDBY,15,,,queue-times.com
2026-08-09T10:31:06Z,2026-08-09,12,31,Disney Adventure World,The Twilight Zone Tower of Terror,40,OPERATING,STANDBY,85,,,queue-times.com
2026-08-09T10:31:06Z,2026-08-09,12,31,Disney Adventure World,Cars Quatre Roues Rallye,31,OPERATING,STANDBY,20,,,queue-times.com
2026-08-09T10:31:06Z,2026-08-09,12,31,Disney Adventure World,Cars ROAD TRIP,29,OPERATING,STANDBY,20,,,queue-times.com
2026-08-09T10:31:06Z,2026-08-09,12,31,Disney Adventure World,Crush's Coaster,32,OPERATING,STANDBY,85,,,queue-times.com
2026-08-09T10:31:06Z,2026-08-09,12,31,Disney Adventure World,Crush's Coaster Single Rider,7277,OPERATING,STANDBY,30,,,queue-times.com
2026-08-09T10:31:06Z,2026-08-09,12,31,Disney Adventure World,Les Tapis Volants - Flying Carpets Over Agrabah®,33,OPERATING,STANDBY,15,,,queue-times.com
2026-08-09T10:31:06Z,2026-08-09,12,31,Disney Adventure World,Ratatouille : L’Aventure Totalement Toquée de Rémy​,37,OPERATING,STANDBY,55,,,queue-times.com
2026-08-09T10:31:06Z,2026-08-09,12,31,Disney Adventure World,Ratatouille: The Adventure Single Rider,7279,OPERATING,STANDBY,15,,,queue-times.com
2026-08-09T10:31:06Z,2026-08-09,12,31,Disney Adventure World,RC Racer,34,OPERATING,STANDBY,35,,,queue-times.com
2026-08-09T10:31:06Z,2026-08-09,12,31,Disney Adventure World,RC Racer Single Rider,7280,OPERATING,STANDBY,30,,,queue-times.com
2026-08-09T10:31:06Z,2026-08-09,12,31,Disney Adventure World,Slinky® Dog Zigzag Spin,36,OPERATING,STANDBY,30,,,queue-times.com
2026-08-09T10:31:06Z,2026-08-09,12,31,Disney Adventure World,Toy Soldiers Parachute Drop,35,OPERATING,STANDBY,50,,,queue-times.com
2026-08-09T10:31:06Z,2026-08-09,12,31,Disney Adventure World,Toy Soldiers Parachute Drop Single Rider,7281,OPERATING,STANDBY,25,,,queue-times.com
2026-08-09T10:31:06Z,2026-08-09,12,31,Disney Adventure World,Entry to World of Frozen,16247,OPERATING,STANDBY,0,,,queue-times.com
2026-08-09T10:31:06Z,2026-08-09,12,31,Disney Adventure World,Frozen Ever After,15413,OPERATING,STANDBY,60,,,queue-times.com
2026-08-09T10:31:06Z,2026-08-09,12,31,Disney Adventure World,Raiponce Tangled Spin,15415,OPERATING,STANDBY,20,,,queue-times.com
2026-08-09T10:45:59Z,2026-08-09,12,45,Disneyland Park,Adventure Isle,2702,OPERATING,STANDBY,0,,,queue-times.com
2026-08-09T10:45:59Z,2026-08-09,12,45,Disneyland Park,Indiana Jones and the Temple of Peril Single Rider,7306,OPERATING,STANDBY,10,,,queue-times.com
2026-08-09T10:45:59Z,2026-08-09,12,45,Disneyland Park,Indiana Jones™ and the Temple of Peril,2,OPERATING,STANDBY,25,,,queue-times.com
2026-08-09T10:45:59Z,2026-08-09,12,45,Disneyland Park,La Cabane des Robinson,1,OPERATING,STANDBY,5,,,queue-times.com
2026-08-09T10:45:59Z,2026-08-09,12,45,Disneyland Park,Le Passage Enchanté d'Aladdin,2703,OPERATING,STANDBY,0,,,queue-times.com
2026-08-09T10:45:59Z,2026-08-09,12,45,Disneyland Park,Pirate Galleon,2705,CLOSED,STANDBY,0,,,queue-times.com
2026-08-09T10:45:59Z,2026-08-09,12,45,Disneyland Park,Pirates of the Caribbean,3,OPERATING,STANDBY,25,,,queue-times.com
2026-08-09T10:45:59Z,2026-08-09,12,45,Disneyland Park,Pirates' Beach,2704,OPERATING,STANDBY,0,,,queue-times.com
2026-08-09T10:45:59Z,2026-08-09,12,45,Disneyland Park,"Autopia, presented by Avis",4,OPERATING,STANDBY,35,,,queue-times.com
2026-08-09T10:45:59Z,2026-08-09,12,45,Disneyland Park,Buzz Lightyear Laser Blast,5,OPERATING,STANDBY,60,,,queue-times.com
2026-08-09T10:45:59Z,2026-08-09,12,45,Disneyland Park,Disneyland Railroad Discoveryland Station,2706,CLOSED,STANDBY,0,,,queue-times.com
2026-08-09T10:45:59Z,2026-08-09,12,45,Disneyland Park,Les Mystères du Nautilus,6,OPERATING,STANDBY,5,,,queue-times.com
2026-08-09T10:45:59Z,2026-08-09,12,45,Disneyland Park,Mickey’s PhilharMagic,2707,OPERATING,STANDBY,0,,,queue-times.com
2026-08-09T10:45:59Z,2026-08-09,12,45,Disneyland Park,Orbitron®,7,OPERATING,STANDBY,60,,,queue-times.com
2026-08-09T10:45:59Z,2026-08-09,12,45,Disneyland Park,Star Tours: The Adventures Continue*,9,OPERATING,STANDBY,10,,,queue-times.com
2026-08-09T10:45:59Z,2026-08-09,12,45,Disneyland Park,Star Wars Hyperspace Mountain,8,OPERATING,STANDBY,40,,,queue-times.com
2026-08-09T10:45:59Z,2026-08-09,12,45,Disneyland Park,Star Wars Hyperspace Mountain Single Rider,7278,OPERATING,STANDBY,20,,,queue-times.com
2026-08-09T10:45:59Z,2026-08-09,12,45,Disneyland Park,Welcome to Starport: A Star Wars Encounter,4573,OPERATING,STANDBY,5,,,queue-times.com
2026-08-09T10:45:59Z,2026-08-09,12,45,Disneyland Park,"""it's a small world""",19,OPERATING,STANDBY,25,,,queue-times.com
2026-08-09T10:45:59Z,2026-08-09,12,45,Disneyland Park,Alice's Curious Labyrinth,14,OPERATING,STANDBY,5,,,queue-times.com
2026-08-09T10:45:59Z,2026-08-09,12,45,Disneyland Park,Blanche-Neige et les Sept Nains®,15,OPERATING,STANDBY,30,,,queue-times.com
2026-08-09T10:45:59Z,2026-08-09,12,45,Disneyland Park,Casey Jr. – le Petit Train du Cirque,17,OPERATING,STANDBY,15,,,queue-times.com
2026-08-09T10:45:59Z,2026-08-09,12,45,Disneyland Park,Disneyland Railroad Fantasyland Station,2711,CLOSED,STANDBY,0,,,queue-times.com
2026-08-09T10:45:59Z,2026-08-09,12,45,Disneyland Park,Disneyland Railroad Main Street Station,11,OPERATING,STANDBY,20,,,queue-times.com
2026-08-09T10:45:59Z,2026-08-09,12,45,Disneyland Park,Dumbo the Flying Elephant,18,CLOSED,STANDBY,0,,,queue-times.com
2026-08-09T10:45:59Z,2026-08-09,12,45,Disneyland Park,La Tanière du Dragon,2710,OPERATING,STANDBY,0,,,queue-times.com
2026-08-09T10:45:59Z,2026-08-09,12,45,Disneyland Park,Le Carrousel de Lancelot,16,OPERATING,STANDBY,10,,,queue-times.com
2026-08-09T10:45:59Z,2026-08-09,12,45,Disneyland Park,"Le Pays des Contes de Fées, presented by Vittel",21,OPERATING,STANDBY,5,,,queue-times.com
2026-08-09T10:45:59Z,2026-08-09,12,45,Disneyland Park,Les Voyages de Pinocchio,23,OPERATING,STANDBY,25,,,queue-times.com
2026-08-09T10:45:59Z,2026-08-09,12,45,Disneyland Park,Mad Hatter's Tea Cups,20,OPERATING,STANDBY,10,,,queue-times.com
2026-08-09T10:45:59Z,2026-08-09,12,45,Disneyland Park,Meet Mickey Mouse,13,OPERATING,STANDBY,0,,,queue-times.com
2026-08-09T10:45:59Z,2026-08-09,12,45,Disneyland Park,Peter Pan's Flight,22,OPERATING,STANDBY,60,,,queue-times.com
2026-08-09T10:45:59Z,2026-08-09,12,45,Disneyland Park,Princess Pavilion,24,OPERATING,STANDBY,0,,,queue-times.com
2026-08-09T10:45:59Z,2026-08-09,12,45,Disneyland Park,Big Thunder Mountain,25,OPERATING,STANDBY,85,,,queue-times.com
2026-08-09T10:45:59Z,2026-08-09,12,45,Disneyland Park,Disneyland Railroad Frontierland Depot,2714,OPERATING,STANDBY,20,,,queue-times.com
2026-08-09T10:45:59Z,2026-08-09,12,45,Disneyland Park,Frontierland Playground,2713,OPERATING,STANDBY,0,,,queue-times.com
2026-08-09T10:45:59Z,2026-08-09,12,45,Disneyland Park,Phantom Manor,26,OPERATING,STANDBY,20,,,queue-times.com
2026-08-09T10:45:59Z,2026-08-09,12,45,Disneyland Park,River Rogue Keelboats,27,CLOSED,STANDBY,0,,,queue-times.com
2026-08-09T10:45:59Z,2026-08-09,12,45,Disneyland Park,Rustler Roundup Shootin' Gallery,2712,OPERATING,STANDBY,0,,,queue-times.com
2026-08-09T10:45:59Z,2026-08-09,12,45,Disneyland Park,Thunder Mesa Riverboat Landing,28,OPERATING,STANDBY,20,,,queue-times.com
2026-08-09T10:45:59Z,2026-08-09,12,45,Disneyland Park,Disneyland Railroad Main Street Station,2708,OPERATING,STANDBY,0,,,queue-times.com
2026-08-09T10:45:59Z,2026-08-09,12,45,Disneyland Park,Main Street Vehicles,12,OPERATING,STANDBY,5,,,queue-times.com
2026-08-09T10:45:59Z,2026-08-09,12,45,Disney Adventure World,Avengers Assemble: Flight Force,10848,OPERATING,STANDBY,30,,,queue-times.com
2026-08-09T10:45:59Z,2026-08-09,12,45,Disney Adventure World,Avengers Assemble: Flight Force Single Rider,10849,OPERATING,STANDBY,20,,,queue-times.com
2026-08-09T10:45:59Z,2026-08-09,12,45,Disney Adventure World,Spider-Man W.E.B. Adventure,10845,OPERATING,STANDBY,40,,,queue-times.com
2026-08-09T10:45:59Z,2026-08-09,12,45,Disney Adventure World,Spider-Man W.E.B. Adventure Single Rider,10846,OPERATING,STANDBY,20,,,queue-times.com
2026-08-09T10:45:59Z,2026-08-09,12,45,Disney Adventure World,The Twilight Zone Tower of Terror,40,OPERATING,STANDBY,60,,,queue-times.com
2026-08-09T10:45:59Z,2026-08-09,12,45,Disney Adventure World,Cars Quatre Roues Rallye,31,OPERATING,STANDBY,15,,,queue-times.com
2026-08-09T10:45:59Z,2026-08-09,12,45,Disney Adventure World,Cars ROAD TRIP,29,OPERATING,STANDBY,10,,,queue-times.com
2026-08-09T10:45:59Z,2026-08-09,12,45,Disney Adventure World,Crush's Coaster,32,OPERATING,STANDBY,75,,,queue-times.com
2026-08-09T10:45:59Z,2026-08-09,12,45,Disney Adventure World,Crush's Coaster Single Rider,7277,OPERATING,STANDBY,60,,,queue-times.com
2026-08-09T10:45:59Z,2026-08-09,12,45,Disney Adventure World,Les Tapis Volants - Flying Carpets Over Agrabah®,33,OPERATING,STANDBY,20,,,queue-times.com
2026-08-09T10:45:59Z,2026-08-09,12,45,Disney Adventure World,Ratatouille : L’Aventure Totalement Toquée de Rémy​,37,OPERATING,STANDBY,55,,,queue-times.com
2026-08-09T10:45:59Z,2026-08-09,12,45,Disney Adventure World,Ratatouille: The Adventure Single Rider,7279,OPERATING,STANDBY,10,,,queue-times.com
2026-08-09T10:45:59Z,2026-08-09,12,45,Disney Adventure World,RC Racer,34,OPERATING,STANDBY,60,,,queue-times.com
2026-08-09T10:45:59Z,2026-08-09,12,45,Disney Adventure World,RC Racer Single Rider,7280,OPERATING,STANDBY,40,,,queue-times.com
2026-08-09T10:45:59Z,2026-08-09,12,45,Disney Adventure World,Slinky® Dog Zigzag Spin,36,OPERATING,STANDBY,20,,,queue-times.com
2026-08-09T10:45:59Z,2026-08-09,12,45,Disney Adventure World,Toy Soldiers Parachute Drop,35,OPERATING,STANDBY,45,,,queue-times.com
2026-08-09T10:45:59Z,2026-08-09,12,45,Disney Adventure World,Toy Soldiers Parachute Drop Single Rider,7281,OPERATING,STANDBY,20,,,queue-times.com
2026-08-09T10:45:59Z,2026-08-09,12,45,Disney Adventure World,Entry to World of Frozen,16247,OPERATING,STANDBY,0,,,queue-times.com
2026-08-09T10:45:59Z,2026-08-09,12,45,Disney Adventure World,Frozen Ever After,15413,OPERATING,STANDBY,60,,,queue-times.com
2026-08-09T10:45:59Z,2026-08-09,12,45,Disney Adventure World,Raiponce Tangled Spin,15415,OPERATING,STANDBY,20,,,queue-times.com
2026-08-09T11:01:15Z,2026-08-09,13,1,Disneyland Park,Adventure Isle,2702,OPERATING,STANDBY,0,,,queue-times.com
2026-08-09T11:01:15Z,2026-08-09,13,1,Disneyland Park,Indiana Jones and the Temple of Peril Single Rider,7306,OPERATING,STANDBY,5,,,queue-times.com
2026-08-09T11:01:15Z,2026-08-09,13,1,Disneyland Park,Indiana Jones™ and the Temple of Peril,2,OPERATING,STANDBY,35,,,queue-times.com
2026-08-09T11:01:15Z,2026-08-09,13,1,Disneyland Park,La Cabane des Robinson,1,OPERATING,STANDBY,5,,,queue-times.com
2026-08-09T11:01:15Z,2026-08-09,13,1,Disneyland Park,Le Passage Enchanté d'Aladdin,2703,OPERATING,STANDBY,0,,,queue-times.com
2026-08-09T11:01:15Z,2026-08-09,13,1,Disneyland Park,Pirate Galleon,2705,CLOSED,STANDBY,0,,,queue-times.com
2026-08-09T11:01:15Z,2026-08-09,13,1,Disneyland Park,Pirates of the Caribbean,3,OPERATING,STANDBY,25,,,queue-times.com
2026-08-09T11:01:15Z,2026-08-09,13,1,Disneyland Park,Pirates' Beach,2704,OPERATING,STANDBY,0,,,queue-times.com
2026-08-09T11:01:15Z,2026-08-09,13,1,Disneyland Park,"Autopia, presented by Avis",4,OPERATING,STANDBY,40,,,queue-times.com
2026-08-09T11:01:15Z,2026-08-09,13,1,Disneyland Park,Buzz Lightyear Laser Blast,5,CLOSED,STANDBY,0,,,queue-times.com
2026-08-09T11:01:15Z,2026-08-09,13,1,Disneyland Park,Disneyland Railroad Discoveryland Station,2706,CLOSED,STANDBY,0,,,queue-times.com
2026-08-09T11:01:15Z,2026-08-09,13,1,Disneyland Park,Les Mystères du Nautilus,6,OPERATING,STANDBY,5,,,queue-times.com
2026-08-09T11:01:15Z,2026-08-09,13,1,Disneyland Park,Mickey’s PhilharMagic,2707,OPERATING,STANDBY,0,,,queue-times.com
2026-08-09T11:01:15Z,2026-08-09,13,1,Disneyland Park,Orbitron®,7,OPERATING,STANDBY,60,,,queue-times.com
2026-08-09T11:01:15Z,2026-08-09,13,1,Disneyland Park,Star Tours: The Adventures Continue*,9,OPERATING,STANDBY,15,,,queue-times.com
2026-08-09T11:01:15Z,2026-08-09,13,1,Disneyland Park,Star Wars Hyperspace Mountain,8,OPERATING,STANDBY,30,,,queue-times.com
2026-08-09T11:01:15Z,2026-08-09,13,1,Disneyland Park,Star Wars Hyperspace Mountain Single Rider,7278,OPERATING,STANDBY,25,,,queue-times.com
2026-08-09T11:01:15Z,2026-08-09,13,1,Disneyland Park,Welcome to Starport: A Star Wars Encounter,4573,OPERATING,STANDBY,40,,,queue-times.com
2026-08-09T11:01:15Z,2026-08-09,13,1,Disneyland Park,"""it's a small world""",19,OPERATING,STANDBY,20,,,queue-times.com
2026-08-09T11:01:15Z,2026-08-09,13,1,Disneyland Park,Alice's Curious Labyrinth,14,OPERATING,STANDBY,5,,,queue-times.com
2026-08-09T11:01:15Z,2026-08-09,13,1,Disneyland Park,Blanche-Neige et les Sept Nains®,15,OPERATING,STANDBY,30,,,queue-times.com
2026-08-09T11:01:15Z,2026-08-09,13,1,Disneyland Park,Casey Jr. – le Petit Train du Cirque,17,OPERATING,STANDBY,20,,,queue-times.com
2026-08-09T11:01:15Z,2026-08-09,13,1,Disneyland Park,Disneyland Railroad Fantasyland Station,2711,CLOSED,STANDBY,0,,,queue-times.com
2026-08-09T11:01:15Z,2026-08-09,13,1,Disneyland Park,Disneyland Railroad Main Street Station,11,OPERATING,STANDBY,20,,,queue-times.com
2026-08-09T11:01:15Z,2026-08-09,13,1,Disneyland Park,Dumbo the Flying Elephant,18,CLOSED,STANDBY,0,,,queue-times.com
2026-08-09T11:01:15Z,2026-08-09,13,1,Disneyland Park,La Tanière du Dragon,2710,OPERATING,STANDBY,0,,,queue-times.com
2026-08-09T11:01:15Z,2026-08-09,13,1,Disneyland Park,Le Carrousel de Lancelot,16,OPERATING,STANDBY,10,,,queue-times.com
2026-08-09T11:01:15Z,2026-08-09,13,1,Disneyland Park,"Le Pays des Contes de Fées, presented by Vittel",21,OPERATING,STANDBY,5,,,queue-times.com
2026-08-09T11:01:15Z,2026-08-09,13,1,Disneyland Park,Les Voyages de Pinocchio,23,OPERATING,STANDBY,25,,,queue-times.com
2026-08-09T11:01:15Z,2026-08-09,13,1,Disneyland Park,Mad Hatter's Tea Cups,20,OPERATING,STANDBY,15,,,queue-times.com
2026-08-09T11:01:15Z,2026-08-09,13,1,Disneyland Park,Meet Mickey Mouse,13,OPERATING,STANDBY,0,,,queue-times.com
2026-08-09T11:01:15Z,2026-08-09,13,1,Disneyland Park,Peter Pan's Flight,22,OPERATING,STANDBY,55,,,queue-times.com
2026-08-09T11:01:15Z,2026-08-09,13,1,Disneyland Park,Princess Pavilion,24,OPERATING,STANDBY,0,,,queue-times.com
2026-08-09T11:01:15Z,2026-08-09,13,1,Disneyland Park,Big Thunder Mountain,25,OPERATING,STANDBY,75,,,queue-times.com
2026-08-09T11:01:15Z,2026-08-09,13,1,Disneyland Park,Disneyland Railroad Frontierland Depot,2714,OPERATING,STANDBY,20,,,queue-times.com
2026-08-09T11:01:15Z,2026-08-09,13,1,Disneyland Park,Frontierland Playground,2713,OPERATING,STANDBY,0,,,queue-times.com
2026-08-09T11:01:15Z,2026-08-09,13,1,Disneyland Park,Phantom Manor,26,OPERATING,STANDBY,20,,,queue-times.com
2026-08-09T11:01:15Z,2026-08-09,13,1,Disneyland Park,River Rogue Keelboats,27,CLOSED,STANDBY,0,,,queue-times.com
2026-08-09T11:01:15Z,2026-08-09,13,1,Disneyland Park,Rustler Roundup Shootin' Gallery,2712,OPERATING,STANDBY,0,,,queue-times.com
2026-08-09T11:01:15Z,2026-08-09,13,1,Disneyland Park,Thunder Mesa Riverboat Landing,28,OPERATING,STANDBY,20,,,queue-times.com
2026-08-09T11:01:15Z,2026-08-09,13,1,Disneyland Park,Disneyland Railroad Main Street Station,2708,OPERATING,STANDBY,0,,,queue-times.com
2026-08-09T11:01:15Z,2026-08-09,13,1,Disneyland Park,Main Street Vehicles,12,OPERATING,STANDBY,5,,,queue-times.com
2026-08-09T11:01:15Z,2026-08-09,13,1,Disney Adventure World,Avengers Assemble: Flight Force,10848,OPERATING,STANDBY,30,,,queue-times.com
2026-08-09T11:01:15Z,2026-08-09,13,1,Disney Adventure World,Avengers Assemble: Flight Force Single Rider,10849,OPERATING,STANDBY,25,,,queue-times.com
2026-08-09T11:01:15Z,2026-08-09,13,1,Disney Adventure World,Spider-Man W.E.B. Adventure,10845,OPERATING,STANDBY,40,,,queue-times.com
2026-08-09T11:01:15Z,2026-08-09,13,1,Disney Adventure World,Spider-Man W.E.B. Adventure Single Rider,10846,OPERATING,STANDBY,20,,,queue-times.com
2026-08-09T11:01:15Z,2026-08-09,13,1,Disney Adventure World,The Twilight Zone Tower of Terror,40,OPERATING,STANDBY,60,,,queue-times.com
2026-08-09T11:01:15Z,2026-08-09,13,1,Disney Adventure World,Cars Quatre Roues Rallye,31,OPERATING,STANDBY,15,,,queue-times.com
2026-08-09T11:01:15Z,2026-08-09,13,1,Disney Adventure World,Cars ROAD TRIP,29,OPERATING,STANDBY,10,,,queue-times.com
2026-08-09T11:01:15Z,2026-08-09,13,1,Disney Adventure World,Crush's Coaster,32,OPERATING,STANDBY,80,,,queue-times.com
2026-08-09T11:01:15Z,2026-08-09,13,1,Disney Adventure World,Crush's Coaster Single Rider,7277,OPERATING,STANDBY,50,,,queue-times.com
2026-08-09T11:01:15Z,2026-08-09,13,1,Disney Adventure World,Les Tapis Volants - Flying Carpets Over Agrabah®,33,OPERATING,STANDBY,5,,,queue-times.com
2026-08-09T11:01:15Z,2026-08-09,13,1,Disney Adventure World,Ratatouille : L’Aventure Totalement Toquée de Rémy​,37,OPERATING,STANDBY,45,,,queue-times.com
2026-08-09T11:01:15Z,2026-08-09,13,1,Disney Adventure World,Ratatouille: The Adventure Single Rider,7279,OPERATING,STANDBY,10,,,queue-times.com
2026-08-09T11:01:15Z,2026-08-09,13,1,Disney Adventure World,RC Racer,34,OPERATING,STANDBY,70,,,queue-times.com
2026-08-09T11:01:15Z,2026-08-09,13,1,Disney Adventure World,RC Racer Single Rider,7280,OPERATING,STANDBY,40,,,queue-times.com
2026-08-09T11:01:15Z,2026-08-09,13,1,Disney Adventure World,Slinky® Dog Zigzag Spin,36,OPERATING,STANDBY,30,,,queue-times.com
2026-08-09T11:01:15Z,2026-08-09,13,1,Disney Adventure World,Toy Soldiers Parachute Drop,35,OPERATING,STANDBY,50,,,queue-times.com
2026-08-09T11:01:15Z,2026-08-09,13,1,Disney Adventure World,Toy Soldiers Parachute Drop Single Rider,7281,OPERATING,STANDBY,20,,,queue-times.com
2026-08-09T11:01:15Z,2026-08-09,13,1,Disney Adventure World,Entry to World of Frozen,16247,OPERATING,STANDBY,0,,,queue-times.com
2026-08-09T11:01:15Z,2026-08-09,13,1,Disney Adventure World,Frozen Ever After,15413,OPERATING,STANDBY,75,,,queue-times.com
2026-08-09T11:01:15Z,2026-08-09,13,1,Disney Adventure World,Raiponce Tangled Spin,15415,OPERATING,STANDBY,10,,,queue-times.com
2026-08-09T11:04:48Z,2026-08-09,13,4,Disneyland Park,Adventure Isle,2702,OPERATING,STANDBY,0,,,queue-times.com
2026-08-09T11:04:48Z,2026-08-09,13,4,Disneyland Park,Indiana Jones and the Temple of Peril Single Rider,7306,OPERATING,STANDBY,5,,,queue-times.com
2026-08-09T11:04:48Z,2026-08-09,13,4,Disneyland Park,Indiana Jones™ and the Temple of Peril,2,OPERATING,STANDBY,35,,,queue-times.com
2026-08-09T11:04:48Z,2026-08-09,13,4,Disneyland Park,La Cabane des Robinson,1,OPERATING,STANDBY,5,,,queue-times.com
2026-08-09T11:04:48Z,2026-08-09,13,4,Disneyland Park,Le Passage Enchanté d'Aladdin,2703,OPERATING,STANDBY,0,,,queue-times.com
2026-08-09T11:04:48Z,2026-08-09,13,4,Disneyland Park,Pirate Galleon,2705,CLOSED,STANDBY,0,,,queue-times.com
2026-08-09T11:04:48Z,2026-08-09,13,4,Disneyland Park,Pirates of the Caribbean,3,OPERATING,STANDBY,25,,,queue-times.com
2026-08-09T11:04:48Z,2026-08-09,13,4,Disneyland Park,Pirates' Beach,2704,OPERATING,STANDBY,0,,,queue-times.com
2026-08-09T11:04:48Z,2026-08-09,13,4,Disneyland Park,"Autopia, presented by Avis",4,OPERATING,STANDBY,40,,,queue-times.com
2026-08-09T11:04:48Z,2026-08-09,13,4,Disneyland Park,Buzz Lightyear Laser Blast,5,CLOSED,STANDBY,0,,,queue-times.com
2026-08-09T11:04:48Z,2026-08-09,13,4,Disneyland Park,Disneyland Railroad Discoveryland Station,2706,CLOSED,STANDBY,0,,,queue-times.com
2026-08-09T11:04:48Z,2026-08-09,13,4,Disneyland Park,Les Mystères du Nautilus,6,OPERATING,STANDBY,5,,,queue-times.com
2026-08-09T11:04:48Z,2026-08-09,13,4,Disneyland Park,Mickey’s PhilharMagic,2707,OPERATING,STANDBY,0,,,queue-times.com
2026-08-09T11:04:48Z,2026-08-09,13,4,Disneyland Park,Orbitron®,7,OPERATING,STANDBY,60,,,queue-times.com
2026-08-09T11:04:48Z,2026-08-09,13,4,Disneyland Park,Star Tours: The Adventures Continue*,9,OPERATING,STANDBY,15,,,queue-times.com
2026-08-09T11:04:48Z,2026-08-09,13,4,Disneyland Park,Star Wars Hyperspace Mountain,8,OPERATING,STANDBY,30,,,queue-times.com
2026-08-09T11:04:48Z,2026-08-09,13,4,Disneyland Park,Star Wars Hyperspace Mountain Single Rider,7278,OPERATING,STANDBY,25,,,queue-times.com
2026-08-09T11:04:48Z,2026-08-09,13,4,Disneyland Park,Welcome to Starport: A Star Wars Encounter,4573,OPERATING,STANDBY,40,,,queue-times.com
2026-08-09T11:04:48Z,2026-08-09,13,4,Disneyland Park,"""it's a small world""",19,OPERATING,STANDBY,20,,,queue-times.com
2026-08-09T11:04:48Z,2026-08-09,13,4,Disneyland Park,Alice's Curious Labyrinth,14,OPERATING,STANDBY,5,,,queue-times.com
2026-08-09T11:04:48Z,2026-08-09,13,4,Disneyland Park,Blanche-Neige et les Sept Nains®,15,OPERATING,STANDBY,30,,,queue-times.com
2026-08-09T11:04:48Z,2026-08-09,13,4,Disneyland Park,Casey Jr. – le Petit Train du Cirque,17,OPERATING,STANDBY,20,,,queue-times.com
2026-08-09T11:04:48Z,2026-08-09,13,4,Disneyland Park,Disneyland Railroad Fantasyland Station,2711,CLOSED,STANDBY,0,,,queue-times.com
2026-08-09T11:04:48Z,2026-08-09,13,4,Disneyland Park,Disneyland Railroad Main Street Station,11,OPERATING,STANDBY,20,,,queue-times.com
2026-08-09T11:04:48Z,2026-08-09,13,4,Disneyland Park,Dumbo the Flying Elephant,18,CLOSED,STANDBY,0,,,queue-times.com
2026-08-09T11:04:48Z,2026-08-09,13,4,Disneyland Park,La Tanière du Dragon,2710,OPERATING,STANDBY,0,,,queue-times.com
2026-08-09T11:04:48Z,2026-08-09,13,4,Disneyland Park,Le Carrousel de Lancelot,16,OPERATING,STANDBY,10,,,queue-times.com
2026-08-09T11:04:48Z,2026-08-09,13,4,Disneyland Park,"Le Pays des Contes de Fées, presented by Vittel",21,OPERATING,STANDBY,5,,,queue-times.com
2026-08-09T11:04:48Z,2026-08-09,13,4,Disneyland Park,Les Voyages de Pinocchio,23,OPERATING,STANDBY,25,,,queue-times.com
2026-08-09T11:04:48Z,2026-08-09,13,4,Disneyland Park,Mad Hatter's Tea Cups,20,OPERATING,STANDBY,15,,,queue-times.com
2026-08-09T11:04:48Z,2026-08-09,13,4,Disneyland Park,Meet Mickey Mouse,13,OPERATING,STANDBY,0,,,queue-times.com
2026-08-09T11:04:48Z,2026-08-09,13,4,Disneyland Park,Peter Pan's Flight,22,OPERATING,STANDBY,55,,,queue-times.com
2026-08-09T11:04:48Z,2026-08-09,13,4,Disneyland Park,Princess Pavilion,24,OPERATING,STANDBY,0,,,queue-times.com
2026-08-09T11:04:48Z,2026-08-09,13,4,Disneyland Park,Big Thunder Mountain,25,OPERATING,STANDBY,75,,,queue-times.com
2026-08-09T11:04:48Z,2026-08-09,13,4,Disneyland Park,Disneyland Railroad Frontierland Depot,2714,OPERATING,STANDBY,20,,,queue-times.com
2026-08-09T11:04:48Z,2026-08-09,13,4,Disneyland Park,Frontierland Playground,2713,OPERATING,STANDBY,0,,,queue-times.com
2026-08-09T11:04:48Z,2026-08-09,13,4,Disneyland Park,Phantom Manor,26,OPERATING,STANDBY,20,,,queue-times.com
2026-08-09T11:04:48Z,2026-08-09,13,4,Disneyland Park,River Rogue Keelboats,27,CLOSED,STANDBY,0,,,queue-times.com
2026-08-09T11:04:48Z,2026-08-09,13,4,Disneyland Park,Rustler Roundup Shootin' Gallery,2712,OPERATING,STANDBY,0,,,queue-times.com
2026-08-09T11:04:48Z,2026-08-09,13,4,Disneyland Park,Thunder Mesa Riverboat Landing,28,OPERATING,STANDBY,20,,,queue-times.com
2026-08-09T11:04:48Z,2026-08-09,13,4,Disneyland Park,Disneyland Railroad Main Street Station,2708,OPERATING,STANDBY,0,,,queue-times.com
2026-08-09T11:04:48Z,2026-08-09,13,4,Disneyland Park,Main Street Vehicles,12,OPERATING,STANDBY,5,,,queue-times.com
2026-08-09T11:04:48Z,2026-08-09,13,4,Disney Adventure World,Avengers Assemble: Flight Force,10848,OPERATING,STANDBY,30,,,queue-times.com
2026-08-09T11:04:48Z,2026-08-09,13,4,Disney Adventure World,Avengers Assemble: Flight Force Single Rider,10849,OPERATING,STANDBY,25,,,queue-times.com
2026-08-09T11:04:48Z,2026-08-09,13,4,Disney Adventure World,Spider-Man W.E.B. Adventure,10845,OPERATING,STANDBY,40,,,queue-times.com
2026-08-09T11:04:48Z,2026-08-09,13,4,Disney Adventure World,Spider-Man W.E.B. Adventure Single Rider,10846,OPERATING,STANDBY,20,,,queue-times.com
2026-08-09T11:04:48Z,2026-08-09,13,4,Disney Adventure World,The Twilight Zone Tower of Terror,40,OPERATING,STANDBY,60,,,queue-times.com
2026-08-09T11:04:48Z,2026-08-09,13,4,Disney Adventure World,Cars Quatre Roues Rallye,31,OPERATING,STANDBY,15,,,queue-times.com
2026-08-09T11:04:48Z,2026-08-09,13,4,Disney Adventure World,Cars ROAD TRIP,29,OPERATING,STANDBY,10,,,queue-times.com
2026-08-09T11:04:48Z,2026-08-09,13,4,Disney Adventure World,Crush's Coaster,32,OPERATING,STANDBY,80,,,queue-times.com
2026-08-09T11:04:48Z,2026-08-09,13,4,Disney Adventure World,Crush's Coaster Single Rider,7277,OPERATING,STANDBY,50,,,queue-times.com
2026-08-09T11:04:48Z,2026-08-09,13,4,Disney Adventure World,Les Tapis Volants - Flying Carpets Over Agrabah®,33,OPERATING,STANDBY,5,,,queue-times.com
2026-08-09T11:04:48Z,2026-08-09,13,4,Disney Adventure World,Ratatouille : L’Aventure Totalement Toquée de Rémy​,37,OPERATING,STANDBY,45,,,queue-times.com
2026-08-09T11:04:48Z,2026-08-09,13,4,Disney Adventure World,Ratatouille: The Adventure Single Rider,7279,OPERATING,STANDBY,10,,,queue-times.com
2026-08-09T11:04:48Z,2026-08-09,13,4,Disney Adventure World,RC Racer,34,OPERATING,STANDBY,70,,,queue-times.com
2026-08-09T11:04:48Z,2026-08-09,13,4,Disney Adventure World,RC Racer Single Rider,7280,OPERATING,STANDBY,40,,,queue-times.com
2026-08-09T11:04:48Z,2026-08-09,13,4,Disney Adventure World,Slinky® Dog Zigzag Spin,36,OPERATING,STANDBY,30,,,queue-times.com
2026-08-09T11:04:48Z,2026-08-09,13,4,Disney Adventure World,Toy Soldiers Parachute Drop,35,OPERATING,STANDBY,50,,,queue-times.com
2026-08-09T11:04:48Z,2026-08-09,13,4,Disney Adventure World,Toy Soldiers Parachute Drop Single Rider,7281,OPERATING,STANDBY,15,,,queue-times.com
2026-08-09T11:04:48Z,2026-08-09,13,4,Disney Adventure World,Entry to World of Frozen,16247,OPERATING,STANDBY,0,,,queue-times.com
2026-08-09T11:04:48Z,2026-08-09,13,4,Disney Adventure World,Frozen Ever After,15413,OPERATING,STANDBY,75,,,queue-times.com
2026-08-09T11:04:48Z,2026-08-09,13,4,Disney Adventure World,Raiponce Tangled Spin,15415,OPERATING,STANDBY,20,,,queue-times.com
2026-08-09T11:15:52Z,2026-08-09,13,15,Disneyland Park,Adventure Isle,2702,OPERATING,STANDBY,0,,,queue-times.com
2026-08-09T11:15:52Z,2026-08-09,13,15,Disneyland Park,Indiana Jones and the Temple of Peril Single Rider,7306,OPERATING,STANDBY,10,,,queue-times.com
2026-08-09T11:15:52Z,2026-08-09,13,15,Disneyland Park,Indiana Jones™ and the Temple of Peril,2,OPERATING,STANDBY,35,,,queue-times.com
2026-08-09T11:15:52Z,2026-08-09,13,15,Disneyland Park,La Cabane des Robinson,1,OPERATING,STANDBY,5,,,queue-times.com
2026-08-09T11:15:52Z,2026-08-09,13,15,Disneyland Park,Le Passage Enchanté d'Aladdin,2703,OPERATING,STANDBY,0,,,queue-times.com
2026-08-09T11:15:52Z,2026-08-09,13,15,Disneyland Park,Pirate Galleon,2705,CLOSED,STANDBY,0,,,queue-times.com
2026-08-09T11:15:52Z,2026-08-09,13,15,Disneyland Park,Pirates of the Caribbean,3,OPERATING,STANDBY,30,,,queue-times.com
2026-08-09T11:15:52Z,2026-08-09,13,15,Disneyland Park,Pirates' Beach,2704,OPERATING,STANDBY,0,,,queue-times.com
2026-08-09T11:15:52Z,2026-08-09,13,15,Disneyland Park,"Autopia, presented by Avis",4,OPERATING,STANDBY,50,,,queue-times.com
2026-08-09T11:15:52Z,2026-08-09,13,15,Disneyland Park,Buzz Lightyear Laser Blast,5,OPERATING,STANDBY,70,,,queue-times.com
2026-08-09T11:15:52Z,2026-08-09,13,15,Disneyland Park,Disneyland Railroad Discoveryland Station,2706,CLOSED,STANDBY,0,,,queue-times.com
2026-08-09T11:15:52Z,2026-08-09,13,15,Disneyland Park,Les Mystères du Nautilus,6,OPERATING,STANDBY,5,,,queue-times.com
2026-08-09T11:15:52Z,2026-08-09,13,15,Disneyland Park,Mickey’s PhilharMagic,2707,OPERATING,STANDBY,0,,,queue-times.com
2026-08-09T11:15:52Z,2026-08-09,13,15,Disneyland Park,Orbitron®,7,OPERATING,STANDBY,65,,,queue-times.com
2026-08-09T11:15:52Z,2026-08-09,13,15,Disneyland Park,Star Tours: The Adventures Continue*,9,OPERATING,STANDBY,15,,,queue-times.com
2026-08-09T11:15:52Z,2026-08-09,13,15,Disneyland Park,Star Wars Hyperspace Mountain,8,OPERATING,STANDBY,30,,,queue-times.com
2026-08-09T11:15:52Z,2026-08-09,13,15,Disneyland Park,Star Wars Hyperspace Mountain Single Rider,7278,OPERATING,STANDBY,20,,,queue-times.com
2026-08-09T11:15:52Z,2026-08-09,13,15,Disneyland Park,Welcome to Starport: A Star Wars Encounter,4573,OPERATING,STANDBY,40,,,queue-times.com
2026-08-09T11:15:52Z,2026-08-09,13,15,Disneyland Park,"""it's a small world""",19,OPERATING,STANDBY,15,,,queue-times.com
2026-08-09T11:15:52Z,2026-08-09,13,15,Disneyland Park,Alice's Curious Labyrinth,14,OPERATING,STANDBY,5,,,queue-times.com
2026-08-09T11:15:52Z,2026-08-09,13,15,Disneyland Park,Blanche-Neige et les Sept Nains®,15,OPERATING,STANDBY,25,,,queue-times.com
2026-08-09T11:15:52Z,2026-08-09,13,15,Disneyland Park,Casey Jr. – le Petit Train du Cirque,17,OPERATING,STANDBY,20,,,queue-times.com
2026-08-09T11:15:52Z,2026-08-09,13,15,Disneyland Park,Disneyland Railroad Fantasyland Station,2711,CLOSED,STANDBY,0,,,queue-times.com
2026-08-09T11:15:52Z,2026-08-09,13,15,Disneyland Park,Disneyland Railroad Main Street Station,11,OPERATING,STANDBY,20,,,queue-times.com
2026-08-09T11:15:52Z,2026-08-09,13,15,Disneyland Park,Dumbo the Flying Elephant,18,OPERATING,STANDBY,10,,,queue-times.com
2026-08-09T11:15:52Z,2026-08-09,13,15,Disneyland Park,La Tanière du Dragon,2710,OPERATING,STANDBY,0,,,queue-times.com
2026-08-09T11:15:52Z,2026-08-09,13,15,Disneyland Park,Le Carrousel de Lancelot,16,OPERATING,STANDBY,10,,,queue-times.com
2026-08-09T11:15:52Z,2026-08-09,13,15,Disneyland Park,"Le Pays des Contes de Fées, presented by Vittel",21,OPERATING,STANDBY,5,,,queue-times.com
2026-08-09T11:15:52Z,2026-08-09,13,15,Disneyland Park,Les Voyages de Pinocchio,23,OPERATING,STANDBY,25,,,queue-times.com
2026-08-09T11:15:52Z,2026-08-09,13,15,Disneyland Park,Mad Hatter's Tea Cups,20,OPERATING,STANDBY,15,,,queue-times.com
2026-08-09T11:15:52Z,2026-08-09,13,15,Disneyland Park,Meet Mickey Mouse,13,OPERATING,STANDBY,0,,,queue-times.com
2026-08-09T11:15:52Z,2026-08-09,13,15,Disneyland Park,Peter Pan's Flight,22,OPERATING,STANDBY,55,,,queue-times.com
2026-08-09T11:15:52Z,2026-08-09,13,15,Disneyland Park,Princess Pavilion,24,OPERATING,STANDBY,0,,,queue-times.com
2026-08-09T11:15:52Z,2026-08-09,13,15,Disneyland Park,Big Thunder Mountain,25,OPERATING,STANDBY,65,,,queue-times.com
2026-08-09T11:15:52Z,2026-08-09,13,15,Disneyland Park,Disneyland Railroad Frontierland Depot,2714,OPERATING,STANDBY,30,,,queue-times.com
2026-08-09T11:15:52Z,2026-08-09,13,15,Disneyland Park,Frontierland Playground,2713,OPERATING,STANDBY,0,,,queue-times.com
2026-08-09T11:15:52Z,2026-08-09,13,15,Disneyland Park,Phantom Manor,26,OPERATING,STANDBY,20,,,queue-times.com
2026-08-09T11:15:52Z,2026-08-09,13,15,Disneyland Park,River Rogue Keelboats,27,CLOSED,STANDBY,0,,,queue-times.com
2026-08-09T11:15:52Z,2026-08-09,13,15,Disneyland Park,Rustler Roundup Shootin' Gallery,2712,OPERATING,STANDBY,0,,,queue-times.com
2026-08-09T11:15:52Z,2026-08-09,13,15,Disneyland Park,Thunder Mesa Riverboat Landing,28,OPERATING,STANDBY,20,,,queue-times.com
2026-08-09T11:15:52Z,2026-08-09,13,15,Disneyland Park,Disneyland Railroad Main Street Station,2708,OPERATING,STANDBY,0,,,queue-times.com
2026-08-09T11:15:52Z,2026-08-09,13,15,Disneyland Park,Main Street Vehicles,12,OPERATING,STANDBY,5,,,queue-times.com
2026-08-09T11:15:52Z,2026-08-09,13,15,Disney Adventure World,Avengers Assemble: Flight Force,10848,OPERATING,STANDBY,25,,,queue-times.com
2026-08-09T11:15:52Z,2026-08-09,13,15,Disney Adventure World,Avengers Assemble: Flight Force Single Rider,10849,OPERATING,STANDBY,20,,,queue-times.com
2026-08-09T11:15:52Z,2026-08-09,13,15,Disney Adventure World,Spider-Man W.E.B. Adventure,10845,OPERATING,STANDBY,50,,,queue-times.com
2026-08-09T11:15:52Z,2026-08-09,13,15,Disney Adventure World,Spider-Man W.E.B. Adventure Single Rider,10846,OPERATING,STANDBY,30,,,queue-times.com
2026-08-09T11:15:52Z,2026-08-09,13,15,Disney Adventure World,The Twilight Zone Tower of Terror,40,OPERATING,STANDBY,60,,,queue-times.com
2026-08-09T11:15:52Z,2026-08-09,13,15,Disney Adventure World,Cars Quatre Roues Rallye,31,OPERATING,STANDBY,15,,,queue-times.com
2026-08-09T11:15:52Z,2026-08-09,13,15,Disney Adventure World,Cars ROAD TRIP,29,OPERATING,STANDBY,15,,,queue-times.com
2026-08-09T11:15:52Z,2026-08-09,13,15,Disney Adventure World,Crush's Coaster,32,OPERATING,STANDBY,80,,,queue-times.com
2026-08-09T11:15:52Z,2026-08-09,13,15,Disney Adventure World,Crush's Coaster Single Rider,7277,OPERATING,STANDBY,55,,,queue-times.com
2026-08-09T11:15:52Z,2026-08-09,13,15,Disney Adventure World,Les Tapis Volants - Flying Carpets Over Agrabah®,33,OPERATING,STANDBY,5,,,queue-times.com
2026-08-09T11:15:52Z,2026-08-09,13,15,Disney Adventure World,Ratatouille : L’Aventure Totalement Toquée de Rémy​,37,OPERATING,STANDBY,45,,,queue-times.com
2026-08-09T11:15:52Z,2026-08-09,13,15,Disney Adventure World,Ratatouille: The Adventure Single Rider,7279,OPERATING,STANDBY,15,,,queue-times.com
2026-08-09T11:15:52Z,2026-08-09,13,15,Disney Adventure World,RC Racer,34,OPERATING,STANDBY,50,,,queue-times.com
2026-08-09T11:15:52Z,2026-08-09,13,15,Disney Adventure World,RC Racer Single Rider,7280,OPERATING,STANDBY,45,,,queue-times.com
2026-08-09T11:15:52Z,2026-08-09,13,15,Disney Adventure World,Slinky® Dog Zigzag Spin,36,OPERATING,STANDBY,15,,,queue-times.com
2026-08-09T11:15:52Z,2026-08-09,13,15,Disney Adventure World,Toy Soldiers Parachute Drop,35,OPERATING,STANDBY,55,,,queue-times.com
2026-08-09T11:15:52Z,2026-08-09,13,15,Disney Adventure World,Toy Soldiers Parachute Drop Single Rider,7281,OPERATING,STANDBY,10,,,queue-times.com
2026-08-09T11:15:52Z,2026-08-09,13,15,Disney Adventure World,Entry to World of Frozen,16247,OPERATING,STANDBY,0,,,queue-times.com
2026-08-09T11:15:52Z,2026-08-09,13,15,Disney Adventure World,Frozen Ever After,15413,OPERATING,STANDBY,65,,,queue-times.com
2026-08-09T11:15:52Z,2026-08-09,13,15,Disney Adventure World,Raiponce Tangled Spin,15415,OPERATING,STANDBY,20,,,queue-times.com
2026-08-09T11:31:08Z,2026-08-09,13,31,Disneyland Park,Adventure Isle,2702,OPERATING,STANDBY,0,,,queue-times.com
2026-08-09T11:31:08Z,2026-08-09,13,31,Disneyland Park,Indiana Jones and the Temple of Peril Single Rider,7306,OPERATING,STANDBY,20,,,queue-times.com
2026-08-09T11:31:08Z,2026-08-09,13,31,Disneyland Park,Indiana Jones™ and the Temple of Peril,2,OPERATING,STANDBY,35,,,queue-times.com
2026-08-09T11:31:08Z,2026-08-09,13,31,Disneyland Park,La Cabane des Robinson,1,OPERATING,STANDBY,5,,,queue-times.com
2026-08-09T11:31:08Z,2026-08-09,13,31,Disneyland Park,Le Passage Enchanté d'Aladdin,2703,OPERATING,STANDBY,0,,,queue-times.com
2026-08-09T11:31:08Z,2026-08-09,13,31,Disneyland Park,Pirate Galleon,2705,CLOSED,STANDBY,0,,,queue-times.com
2026-08-09T11:31:08Z,2026-08-09,13,31,Disneyland Park,Pirates of the Caribbean,3,OPERATING,STANDBY,20,,,queue-times.com
2026-08-09T11:31:08Z,2026-08-09,13,31,Disneyland Park,Pirates' Beach,2704,OPERATING,STANDBY,0,,,queue-times.com
2026-08-09T11:31:08Z,2026-08-09,13,31,Disneyland Park,"Autopia, presented by Avis",4,OPERATING,STANDBY,50,,,queue-times.com
2026-08-09T11:31:08Z,2026-08-09,13,31,Disneyland Park,Buzz Lightyear Laser Blast,5,OPERATING,STANDBY,70,,,queue-times.com
2026-08-09T11:31:08Z,2026-08-09,13,31,Disneyland Park,Disneyland Railroad Discoveryland Station,2706,CLOSED,STANDBY,0,,,queue-times.com
2026-08-09T11:31:08Z,2026-08-09,13,31,Disneyland Park,Les Mystères du Nautilus,6,OPERATING,STANDBY,5,,,queue-times.com
2026-08-09T11:31:08Z,2026-08-09,13,31,Disneyland Park,Mickey’s PhilharMagic,2707,OPERATING,STANDBY,0,,,queue-times.com
2026-08-09T11:31:08Z,2026-08-09,13,31,Disneyland Park,Orbitron®,7,OPERATING,STANDBY,70,,,queue-times.com
2026-08-09T11:31:08Z,2026-08-09,13,31,Disneyland Park,Star Tours: The Adventures Continue*,9,OPERATING,STANDBY,5,,,queue-times.com
2026-08-09T11:31:08Z,2026-08-09,13,31,Disneyland Park,Star Wars Hyperspace Mountain,8,OPERATING,STANDBY,35,,,queue-times.com
2026-08-09T11:31:08Z,2026-08-09,13,31,Disneyland Park,Star Wars Hyperspace Mountain Single Rider,7278,OPERATING,STANDBY,25,,,queue-times.com
2026-08-09T11:31:08Z,2026-08-09,13,31,Disneyland Park,Welcome to Starport: A Star Wars Encounter,4573,OPERATING,STANDBY,30,,,queue-times.com
2026-08-09T11:31:08Z,2026-08-09,13,31,Disneyland Park,"""it's a small world""",19,OPERATING,STANDBY,15,,,queue-times.com
2026-08-09T11:31:08Z,2026-08-09,13,31,Disneyland Park,Alice's Curious Labyrinth,14,OPERATING,STANDBY,5,,,queue-times.com
2026-08-09T11:31:08Z,2026-08-09,13,31,Disneyland Park,Blanche-Neige et les Sept Nains®,15,OPERATING,STANDBY,25,,,queue-times.com
2026-08-09T11:31:08Z,2026-08-09,13,31,Disneyland Park,Casey Jr. – le Petit Train du Cirque,17,OPERATING,STANDBY,15,,,queue-times.com
2026-08-09T11:31:08Z,2026-08-09,13,31,Disneyland Park,Disneyland Railroad Fantasyland Station,2711,CLOSED,STANDBY,0,,,queue-times.com
2026-08-09T11:31:08Z,2026-08-09,13,31,Disneyland Park,Disneyland Railroad Main Street Station,11,OPERATING,STANDBY,20,,,queue-times.com
2026-08-09T11:31:08Z,2026-08-09,13,31,Disneyland Park,Dumbo the Flying Elephant,18,OPERATING,STANDBY,45,,,queue-times.com
2026-08-09T11:31:08Z,2026-08-09,13,31,Disneyland Park,La Tanière du Dragon,2710,OPERATING,STANDBY,0,,,queue-times.com
2026-08-09T11:31:08Z,2026-08-09,13,31,Disneyland Park,Le Carrousel de Lancelot,16,OPERATING,STANDBY,10,,,queue-times.com
2026-08-09T11:31:08Z,2026-08-09,13,31,Disneyland Park,"Le Pays des Contes de Fées, presented by Vittel",21,OPERATING,STANDBY,5,,,queue-times.com
2026-08-09T11:31:08Z,2026-08-09,13,31,Disneyland Park,Les Voyages de Pinocchio,23,OPERATING,STANDBY,25,,,queue-times.com
2026-08-09T11:31:08Z,2026-08-09,13,31,Disneyland Park,Mad Hatter's Tea Cups,20,OPERATING,STANDBY,15,,,queue-times.com
2026-08-09T11:31:08Z,2026-08-09,13,31,Disneyland Park,Meet Mickey Mouse,13,OPERATING,STANDBY,0,,,queue-times.com
2026-08-09T11:31:08Z,2026-08-09,13,31,Disneyland Park,Peter Pan's Flight,22,OPERATING,STANDBY,55,,,queue-times.com
2026-08-09T11:31:08Z,2026-08-09,13,31,Disneyland Park,Princess Pavilion,24,OPERATING,STANDBY,0,,,queue-times.com
2026-08-09T11:31:08Z,2026-08-09,13,31,Disneyland Park,Big Thunder Mountain,25,OPERATING,STANDBY,65,,,queue-times.com
2026-08-09T11:31:08Z,2026-08-09,13,31,Disneyland Park,Disneyland Railroad Frontierland Depot,2714,OPERATING,STANDBY,30,,,queue-times.com
2026-08-09T11:31:08Z,2026-08-09,13,31,Disneyland Park,Frontierland Playground,2713,OPERATING,STANDBY,0,,,queue-times.com
2026-08-09T11:31:08Z,2026-08-09,13,31,Disneyland Park,Phantom Manor,26,OPERATING,STANDBY,20,,,queue-times.com
2026-08-09T11:31:08Z,2026-08-09,13,31,Disneyland Park,River Rogue Keelboats,27,CLOSED,STANDBY,0,,,queue-times.com
2026-08-09T11:31:08Z,2026-08-09,13,31,Disneyland Park,Rustler Roundup Shootin' Gallery,2712,OPERATING,STANDBY,0,,,queue-times.com
2026-08-09T11:31:08Z,2026-08-09,13,31,Disneyland Park,Thunder Mesa Riverboat Landing,28,OPERATING,STANDBY,20,,,queue-times.com
2026-08-09T11:31:08Z,2026-08-09,13,31,Disneyland Park,Disneyland Railroad Main Street Station,2708,OPERATING,STANDBY,0,,,queue-times.com
2026-08-09T11:31:08Z,2026-08-09,13,31,Disneyland Park,Main Street Vehicles,12,OPERATING,STANDBY,5,,,queue-times.com
2026-08-09T11:31:08Z,2026-08-09,13,31,Disney Adventure World,Avengers Assemble: Flight Force,10848,OPERATING,STANDBY,25,,,queue-times.com
2026-08-09T11:31:08Z,2026-08-09,13,31,Disney Adventure World,Avengers Assemble: Flight Force Single Rider,10849,OPERATING,STANDBY,5,,,queue-times.com
2026-08-09T11:31:08Z,2026-08-09,13,31,Disney Adventure World,Spider-Man W.E.B. Adventure,10845,OPERATING,STANDBY,45,,,queue-times.com
2026-08-09T11:31:08Z,2026-08-09,13,31,Disney Adventure World,Spider-Man W.E.B. Adventure Single Rider,10846,OPERATING,STANDBY,30,,,queue-times.com
2026-08-09T11:31:08Z,2026-08-09,13,31,Disney Adventure World,The Twilight Zone Tower of Terror,40,OPERATING,STANDBY,40,,,queue-times.com
2026-08-09T11:31:08Z,2026-08-09,13,31,Disney Adventure World,Cars Quatre Roues Rallye,31,OPERATING,STANDBY,10,,,queue-times.com
2026-08-09T11:31:08Z,2026-08-09,13,31,Disney Adventure World,Cars ROAD TRIP,29,OPERATING,STANDBY,15,,,queue-times.com
2026-08-09T11:31:08Z,2026-08-09,13,31,Disney Adventure World,Crush's Coaster,32,OPERATING,STANDBY,80,,,queue-times.com
2026-08-09T11:31:08Z,2026-08-09,13,31,Disney Adventure World,Crush's Coaster Single Rider,7277,OPERATING,STANDBY,55,,,queue-times.com
2026-08-09T11:31:08Z,2026-08-09,13,31,Disney Adventure World,Les Tapis Volants - Flying Carpets Over Agrabah®,33,OPERATING,STANDBY,15,,,queue-times.com
2026-08-09T11:31:08Z,2026-08-09,13,31,Disney Adventure World,Ratatouille : L’Aventure Totalement Toquée de Rémy​,37,OPERATING,STANDBY,50,,,queue-times.com
2026-08-09T11:31:08Z,2026-08-09,13,31,Disney Adventure World,Ratatouille: The Adventure Single Rider,7279,OPERATING,STANDBY,15,,,queue-times.com
2026-08-09T11:31:08Z,2026-08-09,13,31,Disney Adventure World,RC Racer,34,OPERATING,STANDBY,40,,,queue-times.com
2026-08-09T11:31:08Z,2026-08-09,13,31,Disney Adventure World,RC Racer Single Rider,7280,OPERATING,STANDBY,35,,,queue-times.com
2026-08-09T11:31:08Z,2026-08-09,13,31,Disney Adventure World,Slinky® Dog Zigzag Spin,36,OPERATING,STANDBY,30,,,queue-times.com
2026-08-09T11:31:08Z,2026-08-09,13,31,Disney Adventure World,Toy Soldiers Parachute Drop,35,OPERATING,STANDBY,50,,,queue-times.com
2026-08-09T11:31:08Z,2026-08-09,13,31,Disney Adventure World,Toy Soldiers Parachute Drop Single Rider,7281,OPERATING,STANDBY,20,,,queue-times.com
2026-08-09T11:31:08Z,2026-08-09,13,31,Disney Adventure World,Entry to World of Frozen,16247,OPERATING,STANDBY,0,,,queue-times.com
2026-08-09T11:31:08Z,2026-08-09,13,31,Disney Adventure World,Frozen Ever After,15413,OPERATING,STANDBY,65,,,queue-times.com
2026-08-09T11:31:08Z,2026-08-09,13,31,Disney Adventure World,Raiponce Tangled Spin,15415,OPERATING,STANDBY,5,,,queue-times.com
2026-08-09T11:39:57Z,2026-08-09,13,39,Disneyland Park,Adventure Isle,2702,OPERATING,STANDBY,0,,,queue-times.com
2026-08-09T11:39:57Z,2026-08-09,13,39,Disneyland Park,Indiana Jones and the Temple of Peril Single Rider,7306,OPERATING,STANDBY,25,,,queue-times.com
2026-08-09T11:39:57Z,2026-08-09,13,39,Disneyland Park,Indiana Jones™ and the Temple of Peril,2,OPERATING,STANDBY,35,,,queue-times.com
2026-08-09T11:39:57Z,2026-08-09,13,39,Disneyland Park,La Cabane des Robinson,1,OPERATING,STANDBY,5,,,queue-times.com
2026-08-09T11:39:57Z,2026-08-09,13,39,Disneyland Park,Le Passage Enchanté d'Aladdin,2703,OPERATING,STANDBY,0,,,queue-times.com
2026-08-09T11:39:57Z,2026-08-09,13,39,Disneyland Park,Pirate Galleon,2705,CLOSED,STANDBY,0,,,queue-times.com
2026-08-09T11:39:57Z,2026-08-09,13,39,Disneyland Park,Pirates of the Caribbean,3,OPERATING,STANDBY,20,,,queue-times.com
2026-08-09T11:39:57Z,2026-08-09,13,39,Disneyland Park,Pirates' Beach,2704,OPERATING,STANDBY,0,,,queue-times.com
2026-08-09T11:39:57Z,2026-08-09,13,39,Disneyland Park,"Autopia, presented by Avis",4,OPERATING,STANDBY,35,,,queue-times.com
2026-08-09T11:39:57Z,2026-08-09,13,39,Disneyland Park,Buzz Lightyear Laser Blast,5,OPERATING,STANDBY,70,,,queue-times.com
2026-08-09T11:39:57Z,2026-08-09,13,39,Disneyland Park,Disneyland Railroad Discoveryland Station,2706,CLOSED,STANDBY,0,,,queue-times.com
2026-08-09T11:39:57Z,2026-08-09,13,39,Disneyland Park,Les Mystères du Nautilus,6,OPERATING,STANDBY,5,,,queue-times.com
2026-08-09T11:39:57Z,2026-08-09,13,39,Disneyland Park,Mickey’s PhilharMagic,2707,OPERATING,STANDBY,0,,,queue-times.com
2026-08-09T11:39:57Z,2026-08-09,13,39,Disneyland Park,Orbitron®,7,OPERATING,STANDBY,70,,,queue-times.com
2026-08-09T11:39:57Z,2026-08-09,13,39,Disneyland Park,Star Tours: The Adventures Continue*,9,OPERATING,STANDBY,10,,,queue-times.com
2026-08-09T11:39:57Z,2026-08-09,13,39,Disneyland Park,Star Wars Hyperspace Mountain,8,OPERATING,STANDBY,40,,,queue-times.com
2026-08-09T11:39:57Z,2026-08-09,13,39,Disneyland Park,Star Wars Hyperspace Mountain Single Rider,7278,OPERATING,STANDBY,15,,,queue-times.com
2026-08-09T11:39:57Z,2026-08-09,13,39,Disneyland Park,Welcome to Starport: A Star Wars Encounter,4573,OPERATING,STANDBY,30,,,queue-times.com
2026-08-09T11:39:57Z,2026-08-09,13,39,Disneyland Park,"""it's a small world""",19,OPERATING,STANDBY,10,,,queue-times.com
2026-08-09T11:39:57Z,2026-08-09,13,39,Disneyland Park,Alice's Curious Labyrinth,14,OPERATING,STANDBY,5,,,queue-times.com
2026-08-09T11:39:57Z,2026-08-09,13,39,Disneyland Park,Blanche-Neige et les Sept Nains®,15,OPERATING,STANDBY,20,,,queue-times.com
2026-08-09T11:39:57Z,2026-08-09,13,39,Disneyland Park,Casey Jr. – le Petit Train du Cirque,17,OPERATING,STANDBY,15,,,queue-times.com
2026-08-09T11:39:57Z,2026-08-09,13,39,Disneyland Park,Disneyland Railroad Fantasyland Station,2711,CLOSED,STANDBY,0,,,queue-times.com
2026-08-09T11:39:57Z,2026-08-09,13,39,Disneyland Park,Disneyland Railroad Main Street Station,11,OPERATING,STANDBY,20,,,queue-times.com
2026-08-09T11:39:57Z,2026-08-09,13,39,Disneyland Park,Dumbo the Flying Elephant,18,OPERATING,STANDBY,45,,,queue-times.com
2026-08-09T11:39:57Z,2026-08-09,13,39,Disneyland Park,La Tanière du Dragon,2710,OPERATING,STANDBY,0,,,queue-times.com
2026-08-09T11:39:57Z,2026-08-09,13,39,Disneyland Park,Le Carrousel de Lancelot,16,OPERATING,STANDBY,10,,,queue-times.com
2026-08-09T11:39:57Z,2026-08-09,13,39,Disneyland Park,"Le Pays des Contes de Fées, presented by Vittel",21,OPERATING,STANDBY,5,,,queue-times.com
2026-08-09T11:39:57Z,2026-08-09,13,39,Disneyland Park,Les Voyages de Pinocchio,23,OPERATING,STANDBY,25,,,queue-times.com
2026-08-09T11:39:57Z,2026-08-09,13,39,Disneyland Park,Mad Hatter's Tea Cups,20,OPERATING,STANDBY,5,,,queue-times.com
2026-08-09T11:39:57Z,2026-08-09,13,39,Disneyland Park,Meet Mickey Mouse,13,OPERATING,STANDBY,0,,,queue-times.com
2026-08-09T11:39:57Z,2026-08-09,13,39,Disneyland Park,Peter Pan's Flight,22,OPERATING,STANDBY,55,,,queue-times.com
2026-08-09T11:39:57Z,2026-08-09,13,39,Disneyland Park,Princess Pavilion,24,OPERATING,STANDBY,0,,,queue-times.com
2026-08-09T11:39:57Z,2026-08-09,13,39,Disneyland Park,Big Thunder Mountain,25,OPERATING,STANDBY,65,,,queue-times.com
2026-08-09T11:39:57Z,2026-08-09,13,39,Disneyland Park,Disneyland Railroad Frontierland Depot,2714,OPERATING,STANDBY,30,,,queue-times.com
2026-08-09T11:39:57Z,2026-08-09,13,39,Disneyland Park,Frontierland Playground,2713,OPERATING,STANDBY,0,,,queue-times.com
2026-08-09T11:39:57Z,2026-08-09,13,39,Disneyland Park,Phantom Manor,26,OPERATING,STANDBY,20,,,queue-times.com
2026-08-09T11:39:57Z,2026-08-09,13,39,Disneyland Park,River Rogue Keelboats,27,CLOSED,STANDBY,0,,,queue-times.com
2026-08-09T11:39:57Z,2026-08-09,13,39,Disneyland Park,Rustler Roundup Shootin' Gallery,2712,OPERATING,STANDBY,0,,,queue-times.com
2026-08-09T11:39:57Z,2026-08-09,13,39,Disneyland Park,Thunder Mesa Riverboat Landing,28,OPERATING,STANDBY,20,,,queue-times.com
2026-08-09T11:39:57Z,2026-08-09,13,39,Disneyland Park,Disneyland Railroad Main Street Station,2708,OPERATING,STANDBY,0,,,queue-times.com
2026-08-09T11:39:57Z,2026-08-09,13,39,Disneyland Park,Main Street Vehicles,12,OPERATING,STANDBY,5,,,queue-times.com
2026-08-09T11:39:57Z,2026-08-09,13,39,Disney Adventure World,Avengers Assemble: Flight Force,10848,OPERATING,STANDBY,25,,,queue-times.com
2026-08-09T11:39:57Z,2026-08-09,13,39,Disney Adventure World,Avengers Assemble: Flight Force Single Rider,10849,OPERATING,STANDBY,15,,,queue-times.com
2026-08-09T11:39:57Z,2026-08-09,13,39,Disney Adventure World,Spider-Man W.E.B. Adventure,10845,OPERATING,STANDBY,45,,,queue-times.com
2026-08-09T11:39:57Z,2026-08-09,13,39,Disney Adventure World,Spider-Man W.E.B. Adventure Single Rider,10846,OPERATING,STANDBY,30,,,queue-times.com
2026-08-09T11:39:57Z,2026-08-09,13,39,Disney Adventure World,The Twilight Zone Tower of Terror,40,OPERATING,STANDBY,40,,,queue-times.com
2026-08-09T11:39:57Z,2026-08-09,13,39,Disney Adventure World,Cars Quatre Roues Rallye,31,OPERATING,STANDBY,10,,,queue-times.com
2026-08-09T11:39:57Z,2026-08-09,13,39,Disney Adventure World,Cars ROAD TRIP,29,OPERATING,STANDBY,10,,,queue-times.com
2026-08-09T11:39:57Z,2026-08-09,13,39,Disney Adventure World,Crush's Coaster,32,OPERATING,STANDBY,90,,,queue-times.com
2026-08-09T11:39:57Z,2026-08-09,13,39,Disney Adventure World,Crush's Coaster Single Rider,7277,OPERATING,STANDBY,55,,,queue-times.com
2026-08-09T11:39:57Z,2026-08-09,13,39,Disney Adventure World,Les Tapis Volants - Flying Carpets Over Agrabah®,33,OPERATING,STANDBY,15,,,queue-times.com
2026-08-09T11:39:57Z,2026-08-09,13,39,Disney Adventure World,Ratatouille : L’Aventure Totalement Toquée de Rémy​,37,OPERATING,STANDBY,45,,,queue-times.com
2026-08-09T11:39:57Z,2026-08-09,13,39,Disney Adventure World,Ratatouille: The Adventure Single Rider,7279,OPERATING,STANDBY,15,,,queue-times.com
2026-08-09T11:39:57Z,2026-08-09,13,39,Disney Adventure World,RC Racer,34,OPERATING,STANDBY,40,,,queue-times.com
2026-08-09T11:39:57Z,2026-08-09,13,39,Disney Adventure World,RC Racer Single Rider,7280,OPERATING,STANDBY,35,,,queue-times.com
2026-08-09T11:39:57Z,2026-08-09,13,39,Disney Adventure World,Slinky® Dog Zigzag Spin,36,OPERATING,STANDBY,30,,,queue-times.com
2026-08-09T11:39:57Z,2026-08-09,13,39,Disney Adventure World,Toy Soldiers Parachute Drop,35,OPERATING,STANDBY,45,,,queue-times.com
2026-08-09T11:39:57Z,2026-08-09,13,39,Disney Adventure World,Toy Soldiers Parachute Drop Single Rider,7281,OPERATING,STANDBY,15,,,queue-times.com
2026-08-09T11:39:57Z,2026-08-09,13,39,Disney Adventure World,Entry to World of Frozen,16247,OPERATING,STANDBY,0,,,queue-times.com
2026-08-09T11:39:57Z,2026-08-09,13,39,Disney Adventure World,Frozen Ever After,15413,OPERATING,STANDBY,65,,,queue-times.com
2026-08-09T11:39:57Z,2026-08-09,13,39,Disney Adventure World,Raiponce Tangled Spin,15415,OPERATING,STANDBY,5,,,queue-times.com
2026-08-09T11:45:49Z,2026-08-09,13,45,Disneyland Park,Adventure Isle,2702,OPERATING,STANDBY,0,,,queue-times.com
2026-08-09T11:45:49Z,2026-08-09,13,45,Disneyland Park,Indiana Jones and the Temple of Peril Single Rider,7306,OPERATING,STANDBY,15,,,queue-times.com
2026-08-09T11:45:49Z,2026-08-09,13,45,Disneyland Park,Indiana Jones™ and the Temple of Peril,2,OPERATING,STANDBY,35,,,queue-times.com
2026-08-09T11:45:49Z,2026-08-09,13,45,Disneyland Park,La Cabane des Robinson,1,CLOSED,STANDBY,0,,,queue-times.com
2026-08-09T11:45:49Z,2026-08-09,13,45,Disneyland Park,Le Passage Enchanté d'Aladdin,2703,OPERATING,STANDBY,0,,,queue-times.com
2026-08-09T11:45:49Z,2026-08-09,13,45,Disneyland Park,Pirate Galleon,2705,CLOSED,STANDBY,0,,,queue-times.com
2026-08-09T11:45:49Z,2026-08-09,13,45,Disneyland Park,Pirates of the Caribbean,3,OPERATING,STANDBY,30,,,queue-times.com
2026-08-09T11:45:49Z,2026-08-09,13,45,Disneyland Park,Pirates' Beach,2704,OPERATING,STANDBY,0,,,queue-times.com
2026-08-09T11:45:49Z,2026-08-09,13,45,Disneyland Park,"Autopia, presented by Avis",4,OPERATING,STANDBY,25,,,queue-times.com
2026-08-09T11:45:49Z,2026-08-09,13,45,Disneyland Park,Buzz Lightyear Laser Blast,5,OPERATING,STANDBY,30,,,queue-times.com
2026-08-09T11:45:49Z,2026-08-09,13,45,Disneyland Park,Disneyland Railroad Discoveryland Station,2706,CLOSED,STANDBY,0,,,queue-times.com
2026-08-09T11:45:49Z,2026-08-09,13,45,Disneyland Park,Les Mystères du Nautilus,6,OPERATING,STANDBY,5,,,queue-times.com
2026-08-09T11:45:49Z,2026-08-09,13,45,Disneyland Park,Mickey’s PhilharMagic,2707,OPERATING,STANDBY,0,,,queue-times.com
2026-08-09T11:45:49Z,2026-08-09,13,45,Disneyland Park,Orbitron®,7,OPERATING,STANDBY,70,,,queue-times.com
2026-08-09T11:45:49Z,2026-08-09,13,45,Disneyland Park,Star Tours: The Adventures Continue*,9,OPERATING,STANDBY,20,,,queue-times.com
2026-08-09T11:45:49Z,2026-08-09,13,45,Disneyland Park,Star Wars Hyperspace Mountain,8,OPERATING,STANDBY,40,,,queue-times.com
2026-08-09T11:45:49Z,2026-08-09,13,45,Disneyland Park,Star Wars Hyperspace Mountain Single Rider,7278,OPERATING,STANDBY,20,,,queue-times.com
2026-08-09T11:45:49Z,2026-08-09,13,45,Disneyland Park,Welcome to Starport: A Star Wars Encounter,4573,OPERATING,STANDBY,30,,,queue-times.com
2026-08-09T11:45:49Z,2026-08-09,13,45,Disneyland Park,"""it's a small world""",19,OPERATING,STANDBY,10,,,queue-times.com
2026-08-09T11:45:49Z,2026-08-09,13,45,Disneyland Park,Alice's Curious Labyrinth,14,OPERATING,STANDBY,5,,,queue-times.com
2026-08-09T11:45:49Z,2026-08-09,13,45,Disneyland Park,Blanche-Neige et les Sept Nains®,15,OPERATING,STANDBY,20,,,queue-times.com
2026-08-09T11:45:49Z,2026-08-09,13,45,Disneyland Park,Casey Jr. – le Petit Train du Cirque,17,OPERATING,STANDBY,15,,,queue-times.com
2026-08-09T11:45:49Z,2026-08-09,13,45,Disneyland Park,Disneyland Railroad Fantasyland Station,2711,CLOSED,STANDBY,0,,,queue-times.com
2026-08-09T11:45:49Z,2026-08-09,13,45,Disneyland Park,Disneyland Railroad Main Street Station,11,OPERATING,STANDBY,20,,,queue-times.com
2026-08-09T11:45:49Z,2026-08-09,13,45,Disneyland Park,Dumbo the Flying Elephant,18,OPERATING,STANDBY,55,,,queue-times.com
2026-08-09T11:45:49Z,2026-08-09,13,45,Disneyland Park,La Tanière du Dragon,2710,OPERATING,STANDBY,0,,,queue-times.com
2026-08-09T11:45:49Z,2026-08-09,13,45,Disneyland Park,Le Carrousel de Lancelot,16,OPERATING,STANDBY,10,,,queue-times.com
2026-08-09T11:45:49Z,2026-08-09,13,45,Disneyland Park,"Le Pays des Contes de Fées, presented by Vittel",21,OPERATING,STANDBY,5,,,queue-times.com
2026-08-09T11:45:49Z,2026-08-09,13,45,Disneyland Park,Les Voyages de Pinocchio,23,OPERATING,STANDBY,25,,,queue-times.com
2026-08-09T11:45:49Z,2026-08-09,13,45,Disneyland Park,Mad Hatter's Tea Cups,20,OPERATING,STANDBY,5,,,queue-times.com
2026-08-09T11:45:49Z,2026-08-09,13,45,Disneyland Park,Meet Mickey Mouse,13,OPERATING,STANDBY,0,,,queue-times.com
2026-08-09T11:45:49Z,2026-08-09,13,45,Disneyland Park,Peter Pan's Flight,22,OPERATING,STANDBY,45,,,queue-times.com
2026-08-09T11:45:49Z,2026-08-09,13,45,Disneyland Park,Princess Pavilion,24,OPERATING,STANDBY,0,,,queue-times.com
2026-08-09T11:45:49Z,2026-08-09,13,45,Disneyland Park,Big Thunder Mountain,25,OPERATING,STANDBY,60,,,queue-times.com
2026-08-09T11:45:49Z,2026-08-09,13,45,Disneyland Park,Disneyland Railroad Frontierland Depot,2714,OPERATING,STANDBY,30,,,queue-times.com
2026-08-09T11:45:49Z,2026-08-09,13,45,Disneyland Park,Frontierland Playground,2713,OPERATING,STANDBY,0,,,queue-times.com
2026-08-09T11:45:49Z,2026-08-09,13,45,Disneyland Park,Phantom Manor,26,OPERATING,STANDBY,20,,,queue-times.com
2026-08-09T11:45:49Z,2026-08-09,13,45,Disneyland Park,River Rogue Keelboats,27,CLOSED,STANDBY,0,,,queue-times.com
2026-08-09T11:45:49Z,2026-08-09,13,45,Disneyland Park,Rustler Roundup Shootin' Gallery,2712,OPERATING,STANDBY,0,,,queue-times.com
2026-08-09T11:45:49Z,2026-08-09,13,45,Disneyland Park,Thunder Mesa Riverboat Landing,28,OPERATING,STANDBY,20,,,queue-times.com
2026-08-09T11:45:49Z,2026-08-09,13,45,Disneyland Park,Disneyland Railroad Main Street Station,2708,OPERATING,STANDBY,0,,,queue-times.com
2026-08-09T11:45:49Z,2026-08-09,13,45,Disneyland Park,Main Street Vehicles,12,OPERATING,STANDBY,5,,,queue-times.com
2026-08-09T11:45:49Z,2026-08-09,13,45,Disney Adventure World,Avengers Assemble: Flight Force,10848,OPERATING,STANDBY,25,,,queue-times.com
2026-08-09T11:45:49Z,2026-08-09,13,45,Disney Adventure World,Avengers Assemble: Flight Force Single Rider,10849,OPERATING,STANDBY,20,,,queue-times.com
2026-08-09T11:45:49Z,2026-08-09,13,45,Disney Adventure World,Spider-Man W.E.B. Adventure,10845,OPERATING,STANDBY,45,,,queue-times.com
2026-08-09T11:45:49Z,2026-08-09,13,45,Disney Adventure World,Spider-Man W.E.B. Adventure Single Rider,10846,OPERATING,STANDBY,30,,,queue-times.com
2026-08-09T11:45:49Z,2026-08-09,13,45,Disney Adventure World,The Twilight Zone Tower of Terror,40,OPERATING,STANDBY,45,,,queue-times.com
2026-08-09T11:45:49Z,2026-08-09,13,45,Disney Adventure World,Cars Quatre Roues Rallye,31,OPERATING,STANDBY,10,,,queue-times.com
2026-08-09T11:45:49Z,2026-08-09,13,45,Disney Adventure World,Cars ROAD TRIP,29,OPERATING,STANDBY,10,,,queue-times.com
2026-08-09T11:45:49Z,2026-08-09,13,45,Disney Adventure World,Crush's Coaster,32,OPERATING,STANDBY,90,,,queue-times.com
2026-08-09T11:45:49Z,2026-08-09,13,45,Disney Adventure World,Crush's Coaster Single Rider,7277,OPERATING,STANDBY,55,,,queue-times.com
2026-08-09T11:45:49Z,2026-08-09,13,45,Disney Adventure World,Les Tapis Volants - Flying Carpets Over Agrabah®,33,OPERATING,STANDBY,25,,,queue-times.com
2026-08-09T11:45:49Z,2026-08-09,13,45,Disney Adventure World,Ratatouille : L’Aventure Totalement Toquée de Rémy​,37,OPERATING,STANDBY,45,,,queue-times.com
2026-08-09T11:45:49Z,2026-08-09,13,45,Disney Adventure World,Ratatouille: The Adventure Single Rider,7279,OPERATING,STANDBY,5,,,queue-times.com
2026-08-09T11:45:49Z,2026-08-09,13,45,Disney Adventure World,RC Racer,34,OPERATING,STANDBY,35,,,queue-times.com
2026-08-09T11:45:49Z,2026-08-09,13,45,Disney Adventure World,RC Racer Single Rider,7280,OPERATING,STANDBY,30,,,queue-times.com
2026-08-09T11:45:49Z,2026-08-09,13,45,Disney Adventure World,Slinky® Dog Zigzag Spin,36,OPERATING,STANDBY,15,,,queue-times.com
2026-08-09T11:45:49Z,2026-08-09,13,45,Disney Adventure World,Toy Soldiers Parachute Drop,35,OPERATING,STANDBY,45,,,queue-times.com
2026-08-09T11:45:49Z,2026-08-09,13,45,Disney Adventure World,Toy Soldiers Parachute Drop Single Rider,7281,OPERATING,STANDBY,10,,,queue-times.com
2026-08-09T11:45:49Z,2026-08-09,13,45,Disney Adventure World,Entry to World of Frozen,16247,OPERATING,STANDBY,0,,,queue-times.com
2026-08-09T11:45:49Z,2026-08-09,13,45,Disney Adventure World,Frozen Ever After,15413,OPERATING,STANDBY,60,,,queue-times.com
2026-08-09T11:45:49Z,2026-08-09,13,45,Disney Adventure World,Raiponce Tangled Spin,15415,OPERATING,STANDBY,5,,,queue-times.com
2026-08-09T12:01:18Z,2026-08-09,14,1,Disneyland Park,Adventure Isle,2702,OPERATING,STANDBY,0,,,queue-times.com
2026-08-09T12:01:18Z,2026-08-09,14,1,Disneyland Park,Indiana Jones and the Temple of Peril Single Rider,7306,OPERATING,STANDBY,10,,,queue-times.com
2026-08-09T12:01:18Z,2026-08-09,14,1,Disneyland Park,Indiana Jones™ and the Temple of Peril,2,OPERATING,STANDBY,35,,,queue-times.com
2026-08-09T12:01:18Z,2026-08-09,14,1,Disneyland Park,La Cabane des Robinson,1,OPERATING,STANDBY,5,,,queue-times.com
2026-08-09T12:01:18Z,2026-08-09,14,1,Disneyland Park,Le Passage Enchanté d'Aladdin,2703,OPERATING,STANDBY,0,,,queue-times.com
2026-08-09T12:01:18Z,2026-08-09,14,1,Disneyland Park,Pirate Galleon,2705,CLOSED,STANDBY,0,,,queue-times.com
2026-08-09T12:01:18Z,2026-08-09,14,1,Disneyland Park,Pirates of the Caribbean,3,OPERATING,STANDBY,25,,,queue-times.com
2026-08-09T12:01:18Z,2026-08-09,14,1,Disneyland Park,Pirates' Beach,2704,OPERATING,STANDBY,0,,,queue-times.com
2026-08-09T12:01:18Z,2026-08-09,14,1,Disneyland Park,"Autopia, presented by Avis",4,OPERATING,STANDBY,30,,,queue-times.com
2026-08-09T12:01:18Z,2026-08-09,14,1,Disneyland Park,Buzz Lightyear Laser Blast,5,OPERATING,STANDBY,50,,,queue-times.com
2026-08-09T12:01:18Z,2026-08-09,14,1,Disneyland Park,Disneyland Railroad Discoveryland Station,2706,CLOSED,STANDBY,0,,,queue-times.com
2026-08-09T12:01:18Z,2026-08-09,14,1,Disneyland Park,Les Mystères du Nautilus,6,OPERATING,STANDBY,5,,,queue-times.com
2026-08-09T12:01:18Z,2026-08-09,14,1,Disneyland Park,Mickey’s PhilharMagic,2707,OPERATING,STANDBY,0,,,queue-times.com
2026-08-09T12:01:18Z,2026-08-09,14,1,Disneyland Park,Orbitron®,7,OPERATING,STANDBY,70,,,queue-times.com
2026-08-09T12:01:18Z,2026-08-09,14,1,Disneyland Park,Star Tours: The Adventures Continue*,9,OPERATING,STANDBY,15,,,queue-times.com
2026-08-09T12:01:18Z,2026-08-09,14,1,Disneyland Park,Star Wars Hyperspace Mountain,8,OPERATING,STANDBY,40,,,queue-times.com
2026-08-09T12:01:18Z,2026-08-09,14,1,Disneyland Park,Star Wars Hyperspace Mountain Single Rider,7278,OPERATING,STANDBY,20,,,queue-times.com
2026-08-09T12:01:18Z,2026-08-09,14,1,Disneyland Park,Welcome to Starport: A Star Wars Encounter,4573,OPERATING,STANDBY,30,,,queue-times.com
2026-08-09T12:01:18Z,2026-08-09,14,1,Disneyland Park,"""it's a small world""",19,OPERATING,STANDBY,10,,,queue-times.com
2026-08-09T12:01:18Z,2026-08-09,14,1,Disneyland Park,Alice's Curious Labyrinth,14,OPERATING,STANDBY,5,,,queue-times.com
2026-08-09T12:01:18Z,2026-08-09,14,1,Disneyland Park,Blanche-Neige et les Sept Nains®,15,OPERATING,STANDBY,20,,,queue-times.com
2026-08-09T12:01:18Z,2026-08-09,14,1,Disneyland Park,Casey Jr. – le Petit Train du Cirque,17,OPERATING,STANDBY,15,,,queue-times.com
2026-08-09T12:01:18Z,2026-08-09,14,1,Disneyland Park,Disneyland Railroad Fantasyland Station,2711,CLOSED,STANDBY,0,,,queue-times.com
2026-08-09T12:01:18Z,2026-08-09,14,1,Disneyland Park,Disneyland Railroad Main Street Station,11,OPERATING,STANDBY,20,,,queue-times.com
2026-08-09T12:01:18Z,2026-08-09,14,1,Disneyland Park,Dumbo the Flying Elephant,18,OPERATING,STANDBY,40,,,queue-times.com
2026-08-09T12:01:18Z,2026-08-09,14,1,Disneyland Park,La Tanière du Dragon,2710,OPERATING,STANDBY,0,,,queue-times.com
2026-08-09T12:01:18Z,2026-08-09,14,1,Disneyland Park,Le Carrousel de Lancelot,16,OPERATING,STANDBY,10,,,queue-times.com
2026-08-09T12:01:18Z,2026-08-09,14,1,Disneyland Park,"Le Pays des Contes de Fées, presented by Vittel",21,OPERATING,STANDBY,5,,,queue-times.com
2026-08-09T12:01:18Z,2026-08-09,14,1,Disneyland Park,Les Voyages de Pinocchio,23,OPERATING,STANDBY,25,,,queue-times.com
2026-08-09T12:01:18Z,2026-08-09,14,1,Disneyland Park,Mad Hatter's Tea Cups,20,OPERATING,STANDBY,10,,,queue-times.com
2026-08-09T12:01:18Z,2026-08-09,14,1,Disneyland Park,Meet Mickey Mouse,13,OPERATING,STANDBY,0,,,queue-times.com
2026-08-09T12:01:18Z,2026-08-09,14,1,Disneyland Park,Peter Pan's Flight,22,OPERATING,STANDBY,60,,,queue-times.com
2026-08-09T12:01:18Z,2026-08-09,14,1,Disneyland Park,Princess Pavilion,24,OPERATING,STANDBY,0,,,queue-times.com
2026-08-09T12:01:18Z,2026-08-09,14,1,Disneyland Park,Big Thunder Mountain,25,OPERATING,STANDBY,60,,,queue-times.com
2026-08-09T12:01:18Z,2026-08-09,14,1,Disneyland Park,Disneyland Railroad Frontierland Depot,2714,OPERATING,STANDBY,30,,,queue-times.com
2026-08-09T12:01:18Z,2026-08-09,14,1,Disneyland Park,Frontierland Playground,2713,OPERATING,STANDBY,0,,,queue-times.com
2026-08-09T12:01:18Z,2026-08-09,14,1,Disneyland Park,Phantom Manor,26,OPERATING,STANDBY,15,,,queue-times.com
2026-08-09T12:01:18Z,2026-08-09,14,1,Disneyland Park,River Rogue Keelboats,27,CLOSED,STANDBY,0,,,queue-times.com
2026-08-09T12:01:18Z,2026-08-09,14,1,Disneyland Park,Rustler Roundup Shootin' Gallery,2712,OPERATING,STANDBY,0,,,queue-times.com
2026-08-09T12:01:18Z,2026-08-09,14,1,Disneyland Park,Thunder Mesa Riverboat Landing,28,OPERATING,STANDBY,20,,,queue-times.com
2026-08-09T12:01:18Z,2026-08-09,14,1,Disneyland Park,Disneyland Railroad Main Street Station,2708,OPERATING,STANDBY,0,,,queue-times.com
2026-08-09T12:01:18Z,2026-08-09,14,1,Disneyland Park,Main Street Vehicles,12,CLOSED,STANDBY,0,,,queue-times.com
2026-08-09T12:01:18Z,2026-08-09,14,1,Disney Adventure World,Avengers Assemble: Flight Force,10848,OPERATING,STANDBY,30,,,queue-times.com
2026-08-09T12:01:18Z,2026-08-09,14,1,Disney Adventure World,Avengers Assemble: Flight Force Single Rider,10849,OPERATING,STANDBY,20,,,queue-times.com
2026-08-09T12:01:18Z,2026-08-09,14,1,Disney Adventure World,Spider-Man W.E.B. Adventure,10845,OPERATING,STANDBY,50,,,queue-times.com
2026-08-09T12:01:18Z,2026-08-09,14,1,Disney Adventure World,Spider-Man W.E.B. Adventure Single Rider,10846,OPERATING,STANDBY,15,,,queue-times.com
2026-08-09T12:01:18Z,2026-08-09,14,1,Disney Adventure World,The Twilight Zone Tower of Terror,40,OPERATING,STANDBY,55,,,queue-times.com
2026-08-09T12:01:18Z,2026-08-09,14,1,Disney Adventure World,Cars Quatre Roues Rallye,31,OPERATING,STANDBY,5,,,queue-times.com
2026-08-09T12:01:18Z,2026-08-09,14,1,Disney Adventure World,Cars ROAD TRIP,29,OPERATING,STANDBY,10,,,queue-times.com
2026-08-09T12:01:18Z,2026-08-09,14,1,Disney Adventure World,Crush's Coaster,32,OPERATING,STANDBY,70,,,queue-times.com
2026-08-09T12:01:18Z,2026-08-09,14,1,Disney Adventure World,Crush's Coaster Single Rider,7277,OPERATING,STANDBY,45,,,queue-times.com
2026-08-09T12:01:18Z,2026-08-09,14,1,Disney Adventure World,Les Tapis Volants - Flying Carpets Over Agrabah®,33,OPERATING,STANDBY,30,,,queue-times.com
2026-08-09T12:01:18Z,2026-08-09,14,1,Disney Adventure World,Ratatouille : L’Aventure Totalement Toquée de Rémy​,37,OPERATING,STANDBY,45,,,queue-times.com
2026-08-09T12:01:18Z,2026-08-09,14,1,Disney Adventure World,Ratatouille: The Adventure Single Rider,7279,OPERATING,STANDBY,10,,,queue-times.com
2026-08-09T12:01:18Z,2026-08-09,14,1,Disney Adventure World,RC Racer,34,OPERATING,STANDBY,40,,,queue-times.com
2026-08-09T12:01:18Z,2026-08-09,14,1,Disney Adventure World,RC Racer Single Rider,7280,OPERATING,STANDBY,25,,,queue-times.com
2026-08-09T12:01:18Z,2026-08-09,14,1,Disney Adventure World,Slinky® Dog Zigzag Spin,36,OPERATING,STANDBY,10,,,queue-times.com
2026-08-09T12:01:18Z,2026-08-09,14,1,Disney Adventure World,Toy Soldiers Parachute Drop,35,OPERATING,STANDBY,40,,,queue-times.com
2026-08-09T12:01:18Z,2026-08-09,14,1,Disney Adventure World,Toy Soldiers Parachute Drop Single Rider,7281,OPERATING,STANDBY,5,,,queue-times.com
2026-08-09T12:01:18Z,2026-08-09,14,1,Disney Adventure World,Entry to World of Frozen,16247,OPERATING,STANDBY,0,,,queue-times.com
2026-08-09T12:01:18Z,2026-08-09,14,1,Disney Adventure World,Frozen Ever After,15413,OPERATING,STANDBY,60,,,queue-times.com
2026-08-09T12:01:18Z,2026-08-09,14,1,Disney Adventure World,Raiponce Tangled Spin,15415,OPERATING,STANDBY,5,,,queue-times.com
2026-08-09T12:15:47Z,2026-08-09,14,15,Disneyland Park,Adventure Isle,2702,OPERATING,STANDBY,0,,,queue-times.com
2026-08-09T12:15:47Z,2026-08-09,14,15,Disneyland Park,Indiana Jones and the Temple of Peril Single Rider,7306,OPERATING,STANDBY,15,,,queue-times.com
2026-08-09T12:15:47Z,2026-08-09,14,15,Disneyland Park,Indiana Jones™ and the Temple of Peril,2,OPERATING,STANDBY,30,,,queue-times.com
2026-08-09T12:15:47Z,2026-08-09,14,15,Disneyland Park,La Cabane des Robinson,1,OPERATING,STANDBY,5,,,queue-times.com
2026-08-09T12:15:47Z,2026-08-09,14,15,Disneyland Park,Le Passage Enchanté d'Aladdin,2703,OPERATING,STANDBY,0,,,queue-times.com
2026-08-09T12:15:47Z,2026-08-09,14,15,Disneyland Park,Pirate Galleon,2705,CLOSED,STANDBY,0,,,queue-times.com
2026-08-09T12:15:47Z,2026-08-09,14,15,Disneyland Park,Pirates of the Caribbean,3,OPERATING,STANDBY,30,,,queue-times.com
2026-08-09T12:15:47Z,2026-08-09,14,15,Disneyland Park,Pirates' Beach,2704,OPERATING,STANDBY,0,,,queue-times.com
2026-08-09T12:15:47Z,2026-08-09,14,15,Disneyland Park,"Autopia, presented by Avis",4,OPERATING,STANDBY,30,,,queue-times.com
2026-08-09T12:15:47Z,2026-08-09,14,15,Disneyland Park,Buzz Lightyear Laser Blast,5,OPERATING,STANDBY,50,,,queue-times.com
2026-08-09T12:15:47Z,2026-08-09,14,15,Disneyland Park,Disneyland Railroad Discoveryland Station,2706,CLOSED,STANDBY,0,,,queue-times.com
2026-08-09T12:15:47Z,2026-08-09,14,15,Disneyland Park,Les Mystères du Nautilus,6,OPERATING,STANDBY,5,,,queue-times.com
2026-08-09T12:15:47Z,2026-08-09,14,15,Disneyland Park,Mickey’s PhilharMagic,2707,OPERATING,STANDBY,0,,,queue-times.com
2026-08-09T12:15:47Z,2026-08-09,14,15,Disneyland Park,Orbitron®,7,OPERATING,STANDBY,70,,,queue-times.com
2026-08-09T12:15:47Z,2026-08-09,14,15,Disneyland Park,Star Tours: The Adventures Continue*,9,OPERATING,STANDBY,15,,,queue-times.com
2026-08-09T12:15:47Z,2026-08-09,14,15,Disneyland Park,Star Wars Hyperspace Mountain,8,OPERATING,STANDBY,35,,,queue-times.com
2026-08-09T12:15:47Z,2026-08-09,14,15,Disneyland Park,Star Wars Hyperspace Mountain Single Rider,7278,OPERATING,STANDBY,20,,,queue-times.com
2026-08-09T12:15:47Z,2026-08-09,14,15,Disneyland Park,Welcome to Starport: A Star Wars Encounter,4573,OPERATING,STANDBY,30,,,queue-times.com
2026-08-09T12:15:47Z,2026-08-09,14,15,Disneyland Park,"""it's a small world""",19,OPERATING,STANDBY,10,,,queue-times.com
2026-08-09T12:15:47Z,2026-08-09,14,15,Disneyland Park,Alice's Curious Labyrinth,14,OPERATING,STANDBY,5,,,queue-times.com
2026-08-09T12:15:47Z,2026-08-09,14,15,Disneyland Park,Blanche-Neige et les Sept Nains®,15,OPERATING,STANDBY,20,,,queue-times.com
2026-08-09T12:15:47Z,2026-08-09,14,15,Disneyland Park,Casey Jr. – le Petit Train du Cirque,17,OPERATING,STANDBY,15,,,queue-times.com
2026-08-09T12:15:47Z,2026-08-09,14,15,Disneyland Park,Disneyland Railroad Fantasyland Station,2711,CLOSED,STANDBY,0,,,queue-times.com
2026-08-09T12:15:47Z,2026-08-09,14,15,Disneyland Park,Disneyland Railroad Main Street Station,11,OPERATING,STANDBY,20,,,queue-times.com
2026-08-09T12:15:47Z,2026-08-09,14,15,Disneyland Park,Dumbo the Flying Elephant,18,OPERATING,STANDBY,40,,,queue-times.com
2026-08-09T12:15:47Z,2026-08-09,14,15,Disneyland Park,La Tanière du Dragon,2710,OPERATING,STANDBY,0,,,queue-times.com
2026-08-09T12:15:47Z,2026-08-09,14,15,Disneyland Park,Le Carrousel de Lancelot,16,OPERATING,STANDBY,10,,,queue-times.com
2026-08-09T12:15:47Z,2026-08-09,14,15,Disneyland Park,"Le Pays des Contes de Fées, presented by Vittel",21,OPERATING,STANDBY,5,,,queue-times.com
2026-08-09T12:15:47Z,2026-08-09,14,15,Disneyland Park,Les Voyages de Pinocchio,23,OPERATING,STANDBY,25,,,queue-times.com
2026-08-09T12:15:47Z,2026-08-09,14,15,Disneyland Park,Mad Hatter's Tea Cups,20,OPERATING,STANDBY,10,,,queue-times.com
2026-08-09T12:15:47Z,2026-08-09,14,15,Disneyland Park,Meet Mickey Mouse,13,OPERATING,STANDBY,0,,,queue-times.com
2026-08-09T12:15:47Z,2026-08-09,14,15,Disneyland Park,Peter Pan's Flight,22,OPERATING,STANDBY,60,,,queue-times.com
2026-08-09T12:15:47Z,2026-08-09,14,15,Disneyland Park,Princess Pavilion,24,OPERATING,STANDBY,0,,,queue-times.com
2026-08-09T12:15:47Z,2026-08-09,14,15,Disneyland Park,Big Thunder Mountain,25,OPERATING,STANDBY,60,,,queue-times.com
2026-08-09T12:15:47Z,2026-08-09,14,15,Disneyland Park,Disneyland Railroad Frontierland Depot,2714,OPERATING,STANDBY,30,,,queue-times.com
2026-08-09T12:15:47Z,2026-08-09,14,15,Disneyland Park,Frontierland Playground,2713,OPERATING,STANDBY,0,,,queue-times.com
2026-08-09T12:15:47Z,2026-08-09,14,15,Disneyland Park,Phantom Manor,26,OPERATING,STANDBY,15,,,queue-times.com
2026-08-09T12:15:47Z,2026-08-09,14,15,Disneyland Park,River Rogue Keelboats,27,CLOSED,STANDBY,0,,,queue-times.com
2026-08-09T12:15:47Z,2026-08-09,14,15,Disneyland Park,Rustler Roundup Shootin' Gallery,2712,OPERATING,STANDBY,0,,,queue-times.com
2026-08-09T12:15:47Z,2026-08-09,14,15,Disneyland Park,Thunder Mesa Riverboat Landing,28,OPERATING,STANDBY,20,,,queue-times.com
2026-08-09T12:15:47Z,2026-08-09,14,15,Disneyland Park,Disneyland Railroad Main Street Station,2708,OPERATING,STANDBY,0,,,queue-times.com
2026-08-09T12:15:47Z,2026-08-09,14,15,Disneyland Park,Main Street Vehicles,12,CLOSED,STANDBY,0,,,queue-times.com
2026-08-09T12:15:47Z,2026-08-09,14,15,Disney Adventure World,Avengers Assemble: Flight Force,10848,OPERATING,STANDBY,30,,,queue-times.com
2026-08-09T12:15:47Z,2026-08-09,14,15,Disney Adventure World,Avengers Assemble: Flight Force Single Rider,10849,OPERATING,STANDBY,20,,,queue-times.com
2026-08-09T12:15:47Z,2026-08-09,14,15,Disney Adventure World,Spider-Man W.E.B. Adventure,10845,OPERATING,STANDBY,45,,,queue-times.com
2026-08-09T12:15:47Z,2026-08-09,14,15,Disney Adventure World,Spider-Man W.E.B. Adventure Single Rider,10846,OPERATING,STANDBY,15,,,queue-times.com
2026-08-09T12:15:47Z,2026-08-09,14,15,Disney Adventure World,The Twilight Zone Tower of Terror,40,OPERATING,STANDBY,55,,,queue-times.com
2026-08-09T12:15:47Z,2026-08-09,14,15,Disney Adventure World,Cars Quatre Roues Rallye,31,OPERATING,STANDBY,5,,,queue-times.com
2026-08-09T12:15:47Z,2026-08-09,14,15,Disney Adventure World,Cars ROAD TRIP,29,OPERATING,STANDBY,10,,,queue-times.com
2026-08-09T12:15:47Z,2026-08-09,14,15,Disney Adventure World,Crush's Coaster,32,OPERATING,STANDBY,75,,,queue-times.com
2026-08-09T12:15:47Z,2026-08-09,14,15,Disney Adventure World,Crush's Coaster Single Rider,7277,OPERATING,STANDBY,60,,,queue-times.com
2026-08-09T12:15:47Z,2026-08-09,14,15,Disney Adventure World,Les Tapis Volants - Flying Carpets Over Agrabah®,33,OPERATING,STANDBY,15,,,queue-times.com
2026-08-09T12:15:47Z,2026-08-09,14,15,Disney Adventure World,Ratatouille : L’Aventure Totalement Toquée de Rémy​,37,OPERATING,STANDBY,45,,,queue-times.com
2026-08-09T12:15:47Z,2026-08-09,14,15,Disney Adventure World,Ratatouille: The Adventure Single Rider,7279,OPERATING,STANDBY,10,,,queue-times.com
2026-08-09T12:15:47Z,2026-08-09,14,15,Disney Adventure World,RC Racer,34,OPERATING,STANDBY,45,,,queue-times.com
2026-08-09T12:15:47Z,2026-08-09,14,15,Disney Adventure World,RC Racer Single Rider,7280,OPERATING,STANDBY,40,,,queue-times.com
2026-08-09T12:15:47Z,2026-08-09,14,15,Disney Adventure World,Slinky® Dog Zigzag Spin,36,OPERATING,STANDBY,15,,,queue-times.com
2026-08-09T12:15:47Z,2026-08-09,14,15,Disney Adventure World,Toy Soldiers Parachute Drop,35,OPERATING,STANDBY,45,,,queue-times.com
2026-08-09T12:15:47Z,2026-08-09,14,15,Disney Adventure World,Toy Soldiers Parachute Drop Single Rider,7281,OPERATING,STANDBY,5,,,queue-times.com
2026-08-09T12:15:47Z,2026-08-09,14,15,Disney Adventure World,Entry to World of Frozen,16247,OPERATING,STANDBY,0,,,queue-times.com
2026-08-09T12:15:47Z,2026-08-09,14,15,Disney Adventure World,Frozen Ever After,15413,OPERATING,STANDBY,60,,,queue-times.com
2026-08-09T12:15:47Z,2026-08-09,14,15,Disney Adventure World,Raiponce Tangled Spin,15415,OPERATING,STANDBY,15,,,queue-times.com
2026-08-09T12:18:45Z,2026-08-09,14,18,Disneyland Park,Adventure Isle,2702,OPERATING,STANDBY,0,,,queue-times.com
2026-08-09T12:18:45Z,2026-08-09,14,18,Disneyland Park,Indiana Jones and the Temple of Peril Single Rider,7306,OPERATING,STANDBY,20,,,queue-times.com
2026-08-09T12:18:45Z,2026-08-09,14,18,Disneyland Park,Indiana Jones™ and the Temple of Peril,2,OPERATING,STANDBY,30,,,queue-times.com
2026-08-09T12:18:45Z,2026-08-09,14,18,Disneyland Park,La Cabane des Robinson,1,OPERATING,STANDBY,5,,,queue-times.com
2026-08-09T12:18:45Z,2026-08-09,14,18,Disneyland Park,Le Passage Enchanté d'Aladdin,2703,OPERATING,STANDBY,0,,,queue-times.com
2026-08-09T12:18:45Z,2026-08-09,14,18,Disneyland Park,Pirate Galleon,2705,CLOSED,STANDBY,0,,,queue-times.com
2026-08-09T12:18:45Z,2026-08-09,14,18,Disneyland Park,Pirates of the Caribbean,3,OPERATING,STANDBY,25,,,queue-times.com
2026-08-09T12:18:45Z,2026-08-09,14,18,Disneyland Park,Pirates' Beach,2704,OPERATING,STANDBY,0,,,queue-times.com
2026-08-09T12:18:45Z,2026-08-09,14,18,Disneyland Park,"Autopia, presented by Avis",4,OPERATING,STANDBY,30,,,queue-times.com
2026-08-09T12:18:45Z,2026-08-09,14,18,Disneyland Park,Buzz Lightyear Laser Blast,5,OPERATING,STANDBY,50,,,queue-times.com
2026-08-09T12:18:45Z,2026-08-09,14,18,Disneyland Park,Disneyland Railroad Discoveryland Station,2706,CLOSED,STANDBY,0,,,queue-times.com
2026-08-09T12:18:45Z,2026-08-09,14,18,Disneyland Park,Les Mystères du Nautilus,6,OPERATING,STANDBY,5,,,queue-times.com
2026-08-09T12:18:45Z,2026-08-09,14,18,Disneyland Park,Mickey’s PhilharMagic,2707,OPERATING,STANDBY,0,,,queue-times.com
2026-08-09T12:18:45Z,2026-08-09,14,18,Disneyland Park,Orbitron®,7,OPERATING,STANDBY,70,,,queue-times.com
2026-08-09T12:18:45Z,2026-08-09,14,18,Disneyland Park,Star Tours: The Adventures Continue*,9,OPERATING,STANDBY,15,,,queue-times.com
2026-08-09T12:18:45Z,2026-08-09,14,18,Disneyland Park,Star Wars Hyperspace Mountain,8,OPERATING,STANDBY,35,,,queue-times.com
2026-08-09T12:18:45Z,2026-08-09,14,18,Disneyland Park,Star Wars Hyperspace Mountain Single Rider,7278,OPERATING,STANDBY,20,,,queue-times.com
2026-08-09T12:18:45Z,2026-08-09,14,18,Disneyland Park,Welcome to Starport: A Star Wars Encounter,4573,OPERATING,STANDBY,30,,,queue-times.com
2026-08-09T12:18:45Z,2026-08-09,14,18,Disneyland Park,"""it's a small world""",19,OPERATING,STANDBY,10,,,queue-times.com
2026-08-09T12:18:45Z,2026-08-09,14,18,Disneyland Park,Alice's Curious Labyrinth,14,OPERATING,STANDBY,5,,,queue-times.com
2026-08-09T12:18:45Z,2026-08-09,14,18,Disneyland Park,Blanche-Neige et les Sept Nains®,15,OPERATING,STANDBY,20,,,queue-times.com
2026-08-09T12:18:45Z,2026-08-09,14,18,Disneyland Park,Casey Jr. – le Petit Train du Cirque,17,OPERATING,STANDBY,10,,,queue-times.com
2026-08-09T12:18:45Z,2026-08-09,14,18,Disneyland Park,Disneyland Railroad Fantasyland Station,2711,CLOSED,STANDBY,0,,,queue-times.com
2026-08-09T12:18:45Z,2026-08-09,14,18,Disneyland Park,Disneyland Railroad Main Street Station,11,OPERATING,STANDBY,20,,,queue-times.com
2026-08-09T12:18:45Z,2026-08-09,14,18,Disneyland Park,Dumbo the Flying Elephant,18,OPERATING,STANDBY,40,,,queue-times.com
2026-08-09T12:18:45Z,2026-08-09,14,18,Disneyland Park,La Tanière du Dragon,2710,OPERATING,STANDBY,0,,,queue-times.com
2026-08-09T12:18:45Z,2026-08-09,14,18,Disneyland Park,Le Carrousel de Lancelot,16,OPERATING,STANDBY,10,,,queue-times.com
2026-08-09T12:18:45Z,2026-08-09,14,18,Disneyland Park,"Le Pays des Contes de Fées, presented by Vittel",21,OPERATING,STANDBY,5,,,queue-times.com
2026-08-09T12:18:45Z,2026-08-09,14,18,Disneyland Park,Les Voyages de Pinocchio,23,OPERATING,STANDBY,25,,,queue-times.com
2026-08-09T12:18:45Z,2026-08-09,14,18,Disneyland Park,Mad Hatter's Tea Cups,20,OPERATING,STANDBY,5,,,queue-times.com
2026-08-09T12:18:45Z,2026-08-09,14,18,Disneyland Park,Meet Mickey Mouse,13,OPERATING,STANDBY,0,,,queue-times.com
2026-08-09T12:18:45Z,2026-08-09,14,18,Disneyland Park,Peter Pan's Flight,22,OPERATING,STANDBY,50,,,queue-times.com
2026-08-09T12:18:45Z,2026-08-09,14,18,Disneyland Park,Princess Pavilion,24,OPERATING,STANDBY,0,,,queue-times.com
2026-08-09T12:18:45Z,2026-08-09,14,18,Disneyland Park,Big Thunder Mountain,25,CLOSED,STANDBY,0,,,queue-times.com
2026-08-09T12:18:45Z,2026-08-09,14,18,Disneyland Park,Disneyland Railroad Frontierland Depot,2714,OPERATING,STANDBY,30,,,queue-times.com
2026-08-09T12:18:45Z,2026-08-09,14,18,Disneyland Park,Frontierland Playground,2713,OPERATING,STANDBY,0,,,queue-times.com
2026-08-09T12:18:45Z,2026-08-09,14,18,Disneyland Park,Phantom Manor,26,OPERATING,STANDBY,15,,,queue-times.com
2026-08-09T12:18:45Z,2026-08-09,14,18,Disneyland Park,River Rogue Keelboats,27,CLOSED,STANDBY,0,,,queue-times.com
2026-08-09T12:18:45Z,2026-08-09,14,18,Disneyland Park,Rustler Roundup Shootin' Gallery,2712,OPERATING,STANDBY,0,,,queue-times.com
2026-08-09T12:18:45Z,2026-08-09,14,18,Disneyland Park,Thunder Mesa Riverboat Landing,28,OPERATING,STANDBY,20,,,queue-times.com
2026-08-09T12:18:45Z,2026-08-09,14,18,Disneyland Park,Disneyland Railroad Main Street Station,2708,OPERATING,STANDBY,0,,,queue-times.com
2026-08-09T12:18:45Z,2026-08-09,14,18,Disneyland Park,Main Street Vehicles,12,CLOSED,STANDBY,0,,,queue-times.com
2026-08-09T12:18:45Z,2026-08-09,14,18,Disney Adventure World,Avengers Assemble: Flight Force,10848,OPERATING,STANDBY,30,,,queue-times.com
2026-08-09T12:18:45Z,2026-08-09,14,18,Disney Adventure World,Avengers Assemble: Flight Force Single Rider,10849,OPERATING,STANDBY,15,,,queue-times.com
2026-08-09T12:18:45Z,2026-08-09,14,18,Disney Adventure World,Spider-Man W.E.B. Adventure,10845,OPERATING,STANDBY,35,,,queue-times.com
2026-08-09T12:18:45Z,2026-08-09,14,18,Disney Adventure World,Spider-Man W.E.B. Adventure Single Rider,10846,OPERATING,STANDBY,15,,,queue-times.com
2026-08-09T12:18:45Z,2026-08-09,14,18,Disney Adventure World,The Twilight Zone Tower of Terror,40,OPERATING,STANDBY,55,,,queue-times.com
2026-08-09T12:18:45Z,2026-08-09,14,18,Disney Adventure World,Cars Quatre Roues Rallye,31,OPERATING,STANDBY,10,,,queue-times.com
2026-08-09T12:18:45Z,2026-08-09,14,18,Disney Adventure World,Cars ROAD TRIP,29,OPERATING,STANDBY,10,,,queue-times.com
2026-08-09T12:18:45Z,2026-08-09,14,18,Disney Adventure World,Crush's Coaster,32,OPERATING,STANDBY,65,,,queue-times.com
2026-08-09T12:18:45Z,2026-08-09,14,18,Disney Adventure World,Crush's Coaster Single Rider,7277,OPERATING,STANDBY,50,,,queue-times.com
2026-08-09T12:18:45Z,2026-08-09,14,18,Disney Adventure World,Les Tapis Volants - Flying Carpets Over Agrabah®,33,OPERATING,STANDBY,15,,,queue-times.com
2026-08-09T12:18:45Z,2026-08-09,14,18,Disney Adventure World,Ratatouille : L’Aventure Totalement Toquée de Rémy​,37,OPERATING,STANDBY,50,,,queue-times.com
2026-08-09T12:18:45Z,2026-08-09,14,18,Disney Adventure World,Ratatouille: The Adventure Single Rider,7279,OPERATING,STANDBY,25,,,queue-times.com
2026-08-09T12:18:45Z,2026-08-09,14,18,Disney Adventure World,RC Racer,34,OPERATING,STANDBY,45,,,queue-times.com
2026-08-09T12:18:45Z,2026-08-09,14,18,Disney Adventure World,RC Racer Single Rider,7280,OPERATING,STANDBY,40,,,queue-times.com
2026-08-09T12:18:45Z,2026-08-09,14,18,Disney Adventure World,Slinky® Dog Zigzag Spin,36,OPERATING,STANDBY,15,,,queue-times.com
2026-08-09T12:18:45Z,2026-08-09,14,18,Disney Adventure World,Toy Soldiers Parachute Drop,35,OPERATING,STANDBY,45,,,queue-times.com
2026-08-09T12:18:45Z,2026-08-09,14,18,Disney Adventure World,Toy Soldiers Parachute Drop Single Rider,7281,OPERATING,STANDBY,10,,,queue-times.com
2026-08-09T12:18:45Z,2026-08-09,14,18,Disney Adventure World,Entry to World of Frozen,16247,OPERATING,STANDBY,0,,,queue-times.com
2026-08-09T12:18:45Z,2026-08-09,14,18,Disney Adventure World,Frozen Ever After,15413,OPERATING,STANDBY,50,,,queue-times.com
2026-08-09T12:18:45Z,2026-08-09,14,18,Disney Adventure World,Raiponce Tangled Spin,15415,OPERATING,STANDBY,15,,,queue-times.com
2026-08-09T12:31:07Z,2026-08-09,14,31,Disneyland Park,Adventure Isle,2702,OPERATING,STANDBY,0,,,queue-times.com
2026-08-09T12:31:07Z,2026-08-09,14,31,Disneyland Park,Indiana Jones and the Temple of Peril Single Rider,7306,OPERATING,STANDBY,20,,,queue-times.com
2026-08-09T12:31:07Z,2026-08-09,14,31,Disneyland Park,Indiana Jones™ and the Temple of Peril,2,OPERATING,STANDBY,35,,,queue-times.com
2026-08-09T12:31:07Z,2026-08-09,14,31,Disneyland Park,La Cabane des Robinson,1,OPERATING,STANDBY,5,,,queue-times.com
2026-08-09T12:31:07Z,2026-08-09,14,31,Disneyland Park,Le Passage Enchanté d'Aladdin,2703,OPERATING,STANDBY,0,,,queue-times.com
2026-08-09T12:31:07Z,2026-08-09,14,31,Disneyland Park,Pirate Galleon,2705,CLOSED,STANDBY,0,,,queue-times.com
2026-08-09T12:31:07Z,2026-08-09,14,31,Disneyland Park,Pirates of the Caribbean,3,OPERATING,STANDBY,25,,,queue-times.com
2026-08-09T12:31:07Z,2026-08-09,14,31,Disneyland Park,Pirates' Beach,2704,OPERATING,STANDBY,0,,,queue-times.com
2026-08-09T12:31:07Z,2026-08-09,14,31,Disneyland Park,"Autopia, presented by Avis",4,OPERATING,STANDBY,40,,,queue-times.com
2026-08-09T12:31:07Z,2026-08-09,14,31,Disneyland Park,Buzz Lightyear Laser Blast,5,OPERATING,STANDBY,25,,,queue-times.com
2026-08-09T12:31:07Z,2026-08-09,14,31,Disneyland Park,Disneyland Railroad Discoveryland Station,2706,CLOSED,STANDBY,0,,,queue-times.com
2026-08-09T12:31:07Z,2026-08-09,14,31,Disneyland Park,Les Mystères du Nautilus,6,OPERATING,STANDBY,5,,,queue-times.com
2026-08-09T12:31:07Z,2026-08-09,14,31,Disneyland Park,Mickey’s PhilharMagic,2707,OPERATING,STANDBY,0,,,queue-times.com
2026-08-09T12:31:07Z,2026-08-09,14,31,Disneyland Park,Orbitron®,7,OPERATING,STANDBY,55,,,queue-times.com
2026-08-09T12:31:07Z,2026-08-09,14,31,Disneyland Park,Star Tours: The Adventures Continue*,9,OPERATING,STANDBY,5,,,queue-times.com
2026-08-09T12:31:07Z,2026-08-09,14,31,Disneyland Park,Star Wars Hyperspace Mountain,8,OPERATING,STANDBY,35,,,queue-times.com
2026-08-09T12:31:07Z,2026-08-09,14,31,Disneyland Park,Star Wars Hyperspace Mountain Single Rider,7278,OPERATING,STANDBY,20,,,queue-times.com
2026-08-09T12:31:07Z,2026-08-09,14,31,Disneyland Park,Welcome to Starport: A Star Wars Encounter,4573,OPERATING,STANDBY,40,,,queue-times.com
2026-08-09T12:31:07Z,2026-08-09,14,31,Disneyland Park,"""it's a small world""",19,OPERATING,STANDBY,10,,,queue-times.com
2026-08-09T12:31:07Z,2026-08-09,14,31,Disneyland Park,Alice's Curious Labyrinth,14,OPERATING,STANDBY,5,,,queue-times.com
2026-08-09T12:31:07Z,2026-08-09,14,31,Disneyland Park,Blanche-Neige et les Sept Nains®,15,OPERATING,STANDBY,25,,,queue-times.com
2026-08-09T12:31:07Z,2026-08-09,14,31,Disneyland Park,Casey Jr. – le Petit Train du Cirque,17,OPERATING,STANDBY,15,,,queue-times.com
2026-08-09T12:31:07Z,2026-08-09,14,31,Disneyland Park,Disneyland Railroad Fantasyland Station,2711,CLOSED,STANDBY,0,,,queue-times.com
2026-08-09T12:31:07Z,2026-08-09,14,31,Disneyland Park,Disneyland Railroad Main Street Station,11,OPERATING,STANDBY,20,,,queue-times.com
2026-08-09T12:31:07Z,2026-08-09,14,31,Disneyland Park,Dumbo the Flying Elephant,18,OPERATING,STANDBY,40,,,queue-times.com
2026-08-09T12:31:07Z,2026-08-09,14,31,Disneyland Park,La Tanière du Dragon,2710,OPERATING,STANDBY,0,,,queue-times.com
2026-08-09T12:31:07Z,2026-08-09,14,31,Disneyland Park,Le Carrousel de Lancelot,16,OPERATING,STANDBY,10,,,queue-times.com
2026-08-09T12:31:07Z,2026-08-09,14,31,Disneyland Park,"Le Pays des Contes de Fées, presented by Vittel",21,OPERATING,STANDBY,5,,,queue-times.com
2026-08-09T12:31:07Z,2026-08-09,14,31,Disneyland Park,Les Voyages de Pinocchio,23,OPERATING,STANDBY,25,,,queue-times.com
2026-08-09T12:31:07Z,2026-08-09,14,31,Disneyland Park,Mad Hatter's Tea Cups,20,OPERATING,STANDBY,5,,,queue-times.com
2026-08-09T12:31:07Z,2026-08-09,14,31,Disneyland Park,Meet Mickey Mouse,13,OPERATING,STANDBY,0,,,queue-times.com
2026-08-09T12:31:07Z,2026-08-09,14,31,Disneyland Park,Peter Pan's Flight,22,OPERATING,STANDBY,65,,,queue-times.com
2026-08-09T12:31:07Z,2026-08-09,14,31,Disneyland Park,Princess Pavilion,24,OPERATING,STANDBY,0,,,queue-times.com
2026-08-09T12:31:07Z,2026-08-09,14,31,Disneyland Park,Big Thunder Mountain,25,CLOSED,STANDBY,0,,,queue-times.com
2026-08-09T12:31:07Z,2026-08-09,14,31,Disneyland Park,Disneyland Railroad Frontierland Depot,2714,OPERATING,STANDBY,30,,,queue-times.com
2026-08-09T12:31:07Z,2026-08-09,14,31,Disneyland Park,Frontierland Playground,2713,OPERATING,STANDBY,0,,,queue-times.com
2026-08-09T12:31:07Z,2026-08-09,14,31,Disneyland Park,Phantom Manor,26,OPERATING,STANDBY,15,,,queue-times.com
2026-08-09T12:31:07Z,2026-08-09,14,31,Disneyland Park,River Rogue Keelboats,27,CLOSED,STANDBY,0,,,queue-times.com
2026-08-09T12:31:07Z,2026-08-09,14,31,Disneyland Park,Rustler Roundup Shootin' Gallery,2712,OPERATING,STANDBY,0,,,queue-times.com
2026-08-09T12:31:07Z,2026-08-09,14,31,Disneyland Park,Thunder Mesa Riverboat Landing,28,OPERATING,STANDBY,20,,,queue-times.com
2026-08-09T12:31:07Z,2026-08-09,14,31,Disneyland Park,Disneyland Railroad Main Street Station,2708,OPERATING,STANDBY,0,,,queue-times.com
2026-08-09T12:31:07Z,2026-08-09,14,31,Disneyland Park,Main Street Vehicles,12,CLOSED,STANDBY,0,,,queue-times.com
2026-08-09T12:31:07Z,2026-08-09,14,31,Disney Adventure World,Avengers Assemble: Flight Force,10848,CLOSED,STANDBY,0,,,queue-times.com
2026-08-09T12:31:07Z,2026-08-09,14,31,Disney Adventure World,Avengers Assemble: Flight Force Single Rider,10849,CLOSED,STANDBY,0,,,queue-times.com
2026-08-09T12:31:07Z,2026-08-09,14,31,Disney Adventure World,Spider-Man W.E.B. Adventure,10845,OPERATING,STANDBY,45,,,queue-times.com
2026-08-09T12:31:07Z,2026-08-09,14,31,Disney Adventure World,Spider-Man W.E.B. Adventure Single Rider,10846,OPERATING,STANDBY,20,,,queue-times.com
2026-08-09T12:31:07Z,2026-08-09,14,31,Disney Adventure World,The Twilight Zone Tower of Terror,40,OPERATING,STANDBY,40,,,queue-times.com
2026-08-09T12:31:07Z,2026-08-09,14,31,Disney Adventure World,Cars Quatre Roues Rallye,31,OPERATING,STANDBY,10,,,queue-times.com
2026-08-09T12:31:07Z,2026-08-09,14,31,Disney Adventure World,Cars ROAD TRIP,29,OPERATING,STANDBY,10,,,queue-times.com
2026-08-09T12:31:07Z,2026-08-09,14,31,Disney Adventure World,Crush's Coaster,32,OPERATING,STANDBY,65,,,queue-times.com
2026-08-09T12:31:07Z,2026-08-09,14,31,Disney Adventure World,Crush's Coaster Single Rider,7277,OPERATING,STANDBY,60,,,queue-times.com
2026-08-09T12:31:07Z,2026-08-09,14,31,Disney Adventure World,Les Tapis Volants - Flying Carpets Over Agrabah®,33,OPERATING,STANDBY,5,,,queue-times.com
2026-08-09T12:31:07Z,2026-08-09,14,31,Disney Adventure World,Ratatouille : L’Aventure Totalement Toquée de Rémy​,37,CLOSED,STANDBY,0,,,queue-times.com
2026-08-09T12:31:07Z,2026-08-09,14,31,Disney Adventure World,Ratatouille: The Adventure Single Rider,7279,CLOSED,STANDBY,0,,,queue-times.com
2026-08-09T12:31:07Z,2026-08-09,14,31,Disney Adventure World,RC Racer,34,OPERATING,STANDBY,35,,,queue-times.com
2026-08-09T12:31:07Z,2026-08-09,14,31,Disney Adventure World,RC Racer Single Rider,7280,OPERATING,STANDBY,30,,,queue-times.com
2026-08-09T12:31:07Z,2026-08-09,14,31,Disney Adventure World,Slinky® Dog Zigzag Spin,36,OPERATING,STANDBY,20,,,queue-times.com
2026-08-09T12:31:07Z,2026-08-09,14,31,Disney Adventure World,Toy Soldiers Parachute Drop,35,OPERATING,STANDBY,50,,,queue-times.com
2026-08-09T12:31:07Z,2026-08-09,14,31,Disney Adventure World,Toy Soldiers Parachute Drop Single Rider,7281,OPERATING,STANDBY,10,,,queue-times.com
2026-08-09T12:31:07Z,2026-08-09,14,31,Disney Adventure World,Entry to World of Frozen,16247,OPERATING,STANDBY,0,,,queue-times.com
2026-08-09T12:31:07Z,2026-08-09,14,31,Disney Adventure World,Frozen Ever After,15413,OPERATING,STANDBY,65,,,queue-times.com
2026-08-09T12:31:07Z,2026-08-09,14,31,Disney Adventure World,Raiponce Tangled Spin,15415,OPERATING,STANDBY,15,,,queue-times.com
2026-08-09T12:45:47Z,2026-08-09,14,45,Disneyland Park,Adventure Isle,2702,OPERATING,STANDBY,0,,,queue-times.com
2026-08-09T12:45:47Z,2026-08-09,14,45,Disneyland Park,Indiana Jones and the Temple of Peril Single Rider,7306,OPERATING,STANDBY,25,,,queue-times.com
2026-08-09T12:45:47Z,2026-08-09,14,45,Disneyland Park,Indiana Jones™ and the Temple of Peril,2,OPERATING,STANDBY,30,,,queue-times.com
2026-08-09T12:45:47Z,2026-08-09,14,45,Disneyland Park,La Cabane des Robinson,1,OPERATING,STANDBY,5,,,queue-times.com
2026-08-09T12:45:47Z,2026-08-09,14,45,Disneyland Park,Le Passage Enchanté d'Aladdin,2703,OPERATING,STANDBY,0,,,queue-times.com
2026-08-09T12:45:47Z,2026-08-09,14,45,Disneyland Park,Pirate Galleon,2705,CLOSED,STANDBY,0,,,queue-times.com
2026-08-09T12:45:47Z,2026-08-09,14,45,Disneyland Park,Pirates of the Caribbean,3,OPERATING,STANDBY,30,,,queue-times.com
2026-08-09T12:45:47Z,2026-08-09,14,45,Disneyland Park,Pirates' Beach,2704,OPERATING,STANDBY,0,,,queue-times.com
2026-08-09T12:45:47Z,2026-08-09,14,45,Disneyland Park,"Autopia, presented by Avis",4,OPERATING,STANDBY,35,,,queue-times.com
2026-08-09T12:45:47Z,2026-08-09,14,45,Disneyland Park,Buzz Lightyear Laser Blast,5,OPERATING,STANDBY,30,,,queue-times.com
2026-08-09T12:45:47Z,2026-08-09,14,45,Disneyland Park,Disneyland Railroad Discoveryland Station,2706,CLOSED,STANDBY,0,,,queue-times.com
2026-08-09T12:45:47Z,2026-08-09,14,45,Disneyland Park,Les Mystères du Nautilus,6,OPERATING,STANDBY,5,,,queue-times.com
2026-08-09T12:45:47Z,2026-08-09,14,45,Disneyland Park,Mickey’s PhilharMagic,2707,OPERATING,STANDBY,0,,,queue-times.com
2026-08-09T12:45:47Z,2026-08-09,14,45,Disneyland Park,Orbitron®,7,OPERATING,STANDBY,55,,,queue-times.com
2026-08-09T12:45:47Z,2026-08-09,14,45,Disneyland Park,Star Tours: The Adventures Continue*,9,OPERATING,STANDBY,5,,,queue-times.com
2026-08-09T12:45:47Z,2026-08-09,14,45,Disneyland Park,Star Wars Hyperspace Mountain,8,OPERATING,STANDBY,30,,,queue-times.com
2026-08-09T12:45:47Z,2026-08-09,14,45,Disneyland Park,Star Wars Hyperspace Mountain Single Rider,7278,OPERATING,STANDBY,20,,,queue-times.com
2026-08-09T12:45:47Z,2026-08-09,14,45,Disneyland Park,Welcome to Starport: A Star Wars Encounter,4573,OPERATING,STANDBY,20,,,queue-times.com
2026-08-09T12:45:47Z,2026-08-09,14,45,Disneyland Park,"""it's a small world""",19,OPERATING,STANDBY,10,,,queue-times.com
2026-08-09T12:45:47Z,2026-08-09,14,45,Disneyland Park,Alice's Curious Labyrinth,14,OPERATING,STANDBY,5,,,queue-times.com
2026-08-09T12:45:47Z,2026-08-09,14,45,Disneyland Park,Blanche-Neige et les Sept Nains®,15,OPERATING,STANDBY,25,,,queue-times.com
2026-08-09T12:45:47Z,2026-08-09,14,45,Disneyland Park,Casey Jr. – le Petit Train du Cirque,17,OPERATING,STANDBY,15,,,queue-times.com
2026-08-09T12:45:47Z,2026-08-09,14,45,Disneyland Park,Disneyland Railroad Fantasyland Station,2711,CLOSED,STANDBY,0,,,queue-times.com
2026-08-09T12:45:47Z,2026-08-09,14,45,Disneyland Park,Disneyland Railroad Main Street Station,11,OPERATING,STANDBY,20,,,queue-times.com
2026-08-09T12:45:47Z,2026-08-09,14,45,Disneyland Park,Dumbo the Flying Elephant,18,OPERATING,STANDBY,40,,,queue-times.com
2026-08-09T12:45:47Z,2026-08-09,14,45,Disneyland Park,La Tanière du Dragon,2710,OPERATING,STANDBY,0,,,queue-times.com
2026-08-09T12:45:47Z,2026-08-09,14,45,Disneyland Park,Le Carrousel de Lancelot,16,OPERATING,STANDBY,10,,,queue-times.com
2026-08-09T12:45:47Z,2026-08-09,14,45,Disneyland Park,"Le Pays des Contes de Fées, presented by Vittel",21,OPERATING,STANDBY,5,,,queue-times.com
2026-08-09T12:45:47Z,2026-08-09,14,45,Disneyland Park,Les Voyages de Pinocchio,23,OPERATING,STANDBY,25,,,queue-times.com
2026-08-09T12:45:47Z,2026-08-09,14,45,Disneyland Park,Mad Hatter's Tea Cups,20,OPERATING,STANDBY,5,,,queue-times.com
2026-08-09T12:45:47Z,2026-08-09,14,45,Disneyland Park,Meet Mickey Mouse,13,OPERATING,STANDBY,0,,,queue-times.com
2026-08-09T12:45:47Z,2026-08-09,14,45,Disneyland Park,Peter Pan's Flight,22,OPERATING,STANDBY,60,,,queue-times.com
2026-08-09T12:45:47Z,2026-08-09,14,45,Disneyland Park,Princess Pavilion,24,OPERATING,STANDBY,0,,,queue-times.com
2026-08-09T12:45:47Z,2026-08-09,14,45,Disneyland Park,Big Thunder Mountain,25,CLOSED,STANDBY,0,,,queue-times.com
2026-08-09T12:45:47Z,2026-08-09,14,45,Disneyland Park,Disneyland Railroad Frontierland Depot,2714,OPERATING,STANDBY,30,,,queue-times.com
2026-08-09T12:45:47Z,2026-08-09,14,45,Disneyland Park,Frontierland Playground,2713,OPERATING,STANDBY,0,,,queue-times.com
2026-08-09T12:45:47Z,2026-08-09,14,45,Disneyland Park,Phantom Manor,26,OPERATING,STANDBY,25,,,queue-times.com
2026-08-09T12:45:47Z,2026-08-09,14,45,Disneyland Park,River Rogue Keelboats,27,CLOSED,STANDBY,0,,,queue-times.com
2026-08-09T12:45:47Z,2026-08-09,14,45,Disneyland Park,Rustler Roundup Shootin' Gallery,2712,OPERATING,STANDBY,0,,,queue-times.com
2026-08-09T12:45:47Z,2026-08-09,14,45,Disneyland Park,Thunder Mesa Riverboat Landing,28,OPERATING,STANDBY,20,,,queue-times.com
2026-08-09T12:45:47Z,2026-08-09,14,45,Disneyland Park,Disneyland Railroad Main Street Station,2708,OPERATING,STANDBY,0,,,queue-times.com
2026-08-09T12:45:47Z,2026-08-09,14,45,Disneyland Park,Main Street Vehicles,12,CLOSED,STANDBY,0,,,queue-times.com
2026-08-09T12:45:47Z,2026-08-09,14,45,Disney Adventure World,Avengers Assemble: Flight Force,10848,CLOSED,STANDBY,0,,,queue-times.com
2026-08-09T12:45:47Z,2026-08-09,14,45,Disney Adventure World,Avengers Assemble: Flight Force Single Rider,10849,CLOSED,STANDBY,0,,,queue-times.com
2026-08-09T12:45:47Z,2026-08-09,14,45,Disney Adventure World,Spider-Man W.E.B. Adventure,10845,OPERATING,STANDBY,50,,,queue-times.com
2026-08-09T12:45:47Z,2026-08-09,14,45,Disney Adventure World,Spider-Man W.E.B. Adventure Single Rider,10846,OPERATING,STANDBY,15,,,queue-times.com
2026-08-09T12:45:47Z,2026-08-09,14,45,Disney Adventure World,The Twilight Zone Tower of Terror,40,OPERATING,STANDBY,35,,,queue-times.com
2026-08-09T12:45:47Z,2026-08-09,14,45,Disney Adventure World,Cars Quatre Roues Rallye,31,OPERATING,STANDBY,15,,,queue-times.com
2026-08-09T12:45:47Z,2026-08-09,14,45,Disney Adventure World,Cars ROAD TRIP,29,OPERATING,STANDBY,10,,,queue-times.com
2026-08-09T12:45:47Z,2026-08-09,14,45,Disney Adventure World,Crush's Coaster,32,OPERATING,STANDBY,75,,,queue-times.com
2026-08-09T12:45:47Z,2026-08-09,14,45,Disney Adventure World,Crush's Coaster Single Rider,7277,OPERATING,STANDBY,60,,,queue-times.com
2026-08-09T12:45:47Z,2026-08-09,14,45,Disney Adventure World,Les Tapis Volants - Flying Carpets Over Agrabah®,33,OPERATING,STANDBY,5,,,queue-times.com
2026-08-09T12:45:47Z,2026-08-09,14,45,Disney Adventure World,Ratatouille : L’Aventure Totalement Toquée de Rémy​,37,CLOSED,STANDBY,0,,,queue-times.com
2026-08-09T12:45:47Z,2026-08-09,14,45,Disney Adventure World,Ratatouille: The Adventure Single Rider,7279,CLOSED,STANDBY,0,,,queue-times.com
2026-08-09T12:45:47Z,2026-08-09,14,45,Disney Adventure World,RC Racer,34,OPERATING,STANDBY,35,,,queue-times.com
2026-08-09T12:45:47Z,2026-08-09,14,45,Disney Adventure World,RC Racer Single Rider,7280,OPERATING,STANDBY,30,,,queue-times.com
2026-08-09T12:45:47Z,2026-08-09,14,45,Disney Adventure World,Slinky® Dog Zigzag Spin,36,OPERATING,STANDBY,20,,,queue-times.com
2026-08-09T12:45:47Z,2026-08-09,14,45,Disney Adventure World,Toy Soldiers Parachute Drop,35,OPERATING,STANDBY,50,,,queue-times.com
2026-08-09T12:45:47Z,2026-08-09,14,45,Disney Adventure World,Toy Soldiers Parachute Drop Single Rider,7281,OPERATING,STANDBY,15,,,queue-times.com
2026-08-09T12:45:47Z,2026-08-09,14,45,Disney Adventure World,Entry to World of Frozen,16247,OPERATING,STANDBY,0,,,queue-times.com
2026-08-09T12:45:47Z,2026-08-09,14,45,Disney Adventure World,Frozen Ever After,15413,OPERATING,STANDBY,70,,,queue-times.com
2026-08-09T12:45:47Z,2026-08-09,14,45,Disney Adventure World,Raiponce Tangled Spin,15415,OPERATING,STANDBY,10,,,queue-times.com
2026-08-09T13:01:17Z,2026-08-09,15,1,Disneyland Park,Adventure Isle,2702,OPERATING,STANDBY,0,,,queue-times.com
2026-08-09T13:01:17Z,2026-08-09,15,1,Disneyland Park,Indiana Jones and the Temple of Peril Single Rider,7306,OPERATING,STANDBY,5,,,queue-times.com
2026-08-09T13:01:17Z,2026-08-09,15,1,Disneyland Park,Indiana Jones™ and the Temple of Peril,2,OPERATING,STANDBY,45,,,queue-times.com
2026-08-09T13:01:17Z,2026-08-09,15,1,Disneyland Park,La Cabane des Robinson,1,OPERATING,STANDBY,5,,,queue-times.com
2026-08-09T13:01:17Z,2026-08-09,15,1,Disneyland Park,Le Passage Enchanté d'Aladdin,2703,OPERATING,STANDBY,0,,,queue-times.com
2026-08-09T13:01:17Z,2026-08-09,15,1,Disneyland Park,Pirate Galleon,2705,CLOSED,STANDBY,0,,,queue-times.com
2026-08-09T13:01:17Z,2026-08-09,15,1,Disneyland Park,Pirates of the Caribbean,3,OPERATING,STANDBY,25,,,queue-times.com
2026-08-09T13:01:17Z,2026-08-09,15,1,Disneyland Park,Pirates' Beach,2704,OPERATING,STANDBY,0,,,queue-times.com
2026-08-09T13:01:17Z,2026-08-09,15,1,Disneyland Park,"Autopia, presented by Avis",4,OPERATING,STANDBY,45,,,queue-times.com
2026-08-09T13:01:17Z,2026-08-09,15,1,Disneyland Park,Buzz Lightyear Laser Blast,5,OPERATING,STANDBY,50,,,queue-times.com
2026-08-09T13:01:17Z,2026-08-09,15,1,Disneyland Park,Disneyland Railroad Discoveryland Station,2706,CLOSED,STANDBY,0,,,queue-times.com
2026-08-09T13:01:17Z,2026-08-09,15,1,Disneyland Park,Les Mystères du Nautilus,6,OPERATING,STANDBY,5,,,queue-times.com
2026-08-09T13:01:17Z,2026-08-09,15,1,Disneyland Park,Mickey’s PhilharMagic,2707,OPERATING,STANDBY,0,,,queue-times.com
2026-08-09T13:01:17Z,2026-08-09,15,1,Disneyland Park,Orbitron®,7,OPERATING,STANDBY,45,,,queue-times.com
2026-08-09T13:01:17Z,2026-08-09,15,1,Disneyland Park,Star Tours: The Adventures Continue*,9,OPERATING,STANDBY,10,,,queue-times.com
2026-08-09T13:01:17Z,2026-08-09,15,1,Disneyland Park,Star Wars Hyperspace Mountain,8,OPERATING,STANDBY,35,,,queue-times.com
2026-08-09T13:01:17Z,2026-08-09,15,1,Disneyland Park,Star Wars Hyperspace Mountain Single Rider,7278,OPERATING,STANDBY,25,,,queue-times.com
2026-08-09T13:01:17Z,2026-08-09,15,1,Disneyland Park,Welcome to Starport: A Star Wars Encounter,4573,OPERATING,STANDBY,20,,,queue-times.com
2026-08-09T13:01:17Z,2026-08-09,15,1,Disneyland Park,"""it's a small world""",19,OPERATING,STANDBY,15,,,queue-times.com
2026-08-09T13:01:17Z,2026-08-09,15,1,Disneyland Park,Alice's Curious Labyrinth,14,OPERATING,STANDBY,5,,,queue-times.com
2026-08-09T13:01:17Z,2026-08-09,15,1,Disneyland Park,Blanche-Neige et les Sept Nains®,15,OPERATING,STANDBY,25,,,queue-times.com
2026-08-09T13:01:17Z,2026-08-09,15,1,Disneyland Park,Casey Jr. – le Petit Train du Cirque,17,OPERATING,STANDBY,15,,,queue-times.com
2026-08-09T13:01:17Z,2026-08-09,15,1,Disneyland Park,Disneyland Railroad Fantasyland Station,2711,CLOSED,STANDBY,0,,,queue-times.com
2026-08-09T13:01:17Z,2026-08-09,15,1,Disneyland Park,Disneyland Railroad Main Street Station,11,OPERATING,STANDBY,20,,,queue-times.com
2026-08-09T13:01:17Z,2026-08-09,15,1,Disneyland Park,Dumbo the Flying Elephant,18,OPERATING,STANDBY,40,,,queue-times.com
2026-08-09T13:01:17Z,2026-08-09,15,1,Disneyland Park,La Tanière du Dragon,2710,OPERATING,STANDBY,0,,,queue-times.com
2026-08-09T13:01:17Z,2026-08-09,15,1,Disneyland Park,Le Carrousel de Lancelot,16,OPERATING,STANDBY,5,,,queue-times.com
2026-08-09T13:01:17Z,2026-08-09,15,1,Disneyland Park,"Le Pays des Contes de Fées, presented by Vittel",21,OPERATING,STANDBY,5,,,queue-times.com
2026-08-09T13:01:17Z,2026-08-09,15,1,Disneyland Park,Les Voyages de Pinocchio,23,OPERATING,STANDBY,20,,,queue-times.com
2026-08-09T13:01:17Z,2026-08-09,15,1,Disneyland Park,Mad Hatter's Tea Cups,20,OPERATING,STANDBY,5,,,queue-times.com
2026-08-09T13:01:17Z,2026-08-09,15,1,Disneyland Park,Meet Mickey Mouse,13,OPERATING,STANDBY,0,,,queue-times.com
2026-08-09T13:01:17Z,2026-08-09,15,1,Disneyland Park,Peter Pan's Flight,22,OPERATING,STANDBY,60,,,queue-times.com
2026-08-09T13:01:17Z,2026-08-09,15,1,Disneyland Park,Princess Pavilion,24,OPERATING,STANDBY,0,,,queue-times.com
2026-08-09T13:01:17Z,2026-08-09,15,1,Disneyland Park,Big Thunder Mountain,25,CLOSED,STANDBY,0,,,queue-times.com
2026-08-09T13:01:17Z,2026-08-09,15,1,Disneyland Park,Disneyland Railroad Frontierland Depot,2714,OPERATING,STANDBY,20,,,queue-times.com
2026-08-09T13:01:17Z,2026-08-09,15,1,Disneyland Park,Frontierland Playground,2713,OPERATING,STANDBY,0,,,queue-times.com
2026-08-09T13:01:17Z,2026-08-09,15,1,Disneyland Park,Phantom Manor,26,OPERATING,STANDBY,25,,,queue-times.com
2026-08-09T13:01:17Z,2026-08-09,15,1,Disneyland Park,River Rogue Keelboats,27,CLOSED,STANDBY,0,,,queue-times.com
2026-08-09T13:01:17Z,2026-08-09,15,1,Disneyland Park,Rustler Roundup Shootin' Gallery,2712,OPERATING,STANDBY,0,,,queue-times.com
2026-08-09T13:01:17Z,2026-08-09,15,1,Disneyland Park,Thunder Mesa Riverboat Landing,28,OPERATING,STANDBY,20,,,queue-times.com
2026-08-09T13:01:17Z,2026-08-09,15,1,Disneyland Park,Disneyland Railroad Main Street Station,2708,OPERATING,STANDBY,0,,,queue-times.com
2026-08-09T13:01:17Z,2026-08-09,15,1,Disneyland Park,Main Street Vehicles,12,CLOSED,STANDBY,0,,,queue-times.com
2026-08-09T13:01:17Z,2026-08-09,15,1,Disney Adventure World,Avengers Assemble: Flight Force,10848,CLOSED,STANDBY,0,,,queue-times.com
2026-08-09T13:01:17Z,2026-08-09,15,1,Disney Adventure World,Avengers Assemble: Flight Force Single Rider,10849,CLOSED,STANDBY,0,,,queue-times.com
2026-08-09T13:01:17Z,2026-08-09,15,1,Disney Adventure World,Spider-Man W.E.B. Adventure,10845,OPERATING,STANDBY,55,,,queue-times.com
2026-08-09T13:01:17Z,2026-08-09,15,1,Disney Adventure World,Spider-Man W.E.B. Adventure Single Rider,10846,OPERATING,STANDBY,35,,,queue-times.com
2026-08-09T13:01:17Z,2026-08-09,15,1,Disney Adventure World,The Twilight Zone Tower of Terror,40,OPERATING,STANDBY,60,,,queue-times.com
2026-08-09T13:01:17Z,2026-08-09,15,1,Disney Adventure World,Cars Quatre Roues Rallye,31,OPERATING,STANDBY,15,,,queue-times.com
2026-08-09T13:01:17Z,2026-08-09,15,1,Disney Adventure World,Cars ROAD TRIP,29,OPERATING,STANDBY,10,,,queue-times.com
2026-08-09T13:01:17Z,2026-08-09,15,1,Disney Adventure World,Crush's Coaster,32,OPERATING,STANDBY,80,,,queue-times.com
2026-08-09T13:01:17Z,2026-08-09,15,1,Disney Adventure World,Crush's Coaster Single Rider,7277,OPERATING,STANDBY,65,,,queue-times.com
2026-08-09T13:01:17Z,2026-08-09,15,1,Disney Adventure World,Les Tapis Volants - Flying Carpets Over Agrabah®,33,OPERATING,STANDBY,15,,,queue-times.com
2026-08-09T13:01:17Z,2026-08-09,15,1,Disney Adventure World,Ratatouille : L’Aventure Totalement Toquée de Rémy​,37,CLOSED,STANDBY,0,,,queue-times.com
2026-08-09T13:01:17Z,2026-08-09,15,1,Disney Adventure World,Ratatouille: The Adventure Single Rider,7279,CLOSED,STANDBY,0,,,queue-times.com
2026-08-09T13:01:17Z,2026-08-09,15,1,Disney Adventure World,RC Racer,34,OPERATING,STANDBY,50,,,queue-times.com
2026-08-09T13:01:17Z,2026-08-09,15,1,Disney Adventure World,RC Racer Single Rider,7280,OPERATING,STANDBY,30,,,queue-times.com
2026-08-09T13:01:17Z,2026-08-09,15,1,Disney Adventure World,Slinky® Dog Zigzag Spin,36,OPERATING,STANDBY,15,,,queue-times.com
2026-08-09T13:01:17Z,2026-08-09,15,1,Disney Adventure World,Toy Soldiers Parachute Drop,35,OPERATING,STANDBY,40,,,queue-times.com
2026-08-09T13:01:17Z,2026-08-09,15,1,Disney Adventure World,Toy Soldiers Parachute Drop Single Rider,7281,OPERATING,STANDBY,20,,,queue-times.com
2026-08-09T13:01:17Z,2026-08-09,15,1,Disney Adventure World,Entry to World of Frozen,16247,OPERATING,STANDBY,0,,,queue-times.com
2026-08-09T13:01:17Z,2026-08-09,15,1,Disney Adventure World,Frozen Ever After,15413,OPERATING,STANDBY,70,,,queue-times.com
2026-08-09T13:01:17Z,2026-08-09,15,1,Disney Adventure World,Raiponce Tangled Spin,15415,OPERATING,STANDBY,15,,,queue-times.com
2026-08-09T13:15:46Z,2026-08-09,15,15,Disneyland Park,Adventure Isle,2702,OPERATING,STANDBY,0,,,queue-times.com
2026-08-09T13:15:46Z,2026-08-09,15,15,Disneyland Park,Indiana Jones and the Temple of Peril Single Rider,7306,OPERATING,STANDBY,10,,,queue-times.com
2026-08-09T13:15:46Z,2026-08-09,15,15,Disneyland Park,Indiana Jones™ and the Temple of Peril,2,OPERATING,STANDBY,45,,,queue-times.com
2026-08-09T13:15:46Z,2026-08-09,15,15,Disneyland Park,La Cabane des Robinson,1,OPERATING,STANDBY,5,,,queue-times.com
2026-08-09T13:15:46Z,2026-08-09,15,15,Disneyland Park,Le Passage Enchanté d'Aladdin,2703,OPERATING,STANDBY,0,,,queue-times.com
2026-08-09T13:15:46Z,2026-08-09,15,15,Disneyland Park,Pirate Galleon,2705,CLOSED,STANDBY,0,,,queue-times.com
2026-08-09T13:15:46Z,2026-08-09,15,15,Disneyland Park,Pirates of the Caribbean,3,OPERATING,STANDBY,25,,,queue-times.com
2026-08-09T13:15:46Z,2026-08-09,15,15,Disneyland Park,Pirates' Beach,2704,OPERATING,STANDBY,0,,,queue-times.com
2026-08-09T13:15:46Z,2026-08-09,15,15,Disneyland Park,"Autopia, presented by Avis",4,OPERATING,STANDBY,45,,,queue-times.com
2026-08-09T13:15:46Z,2026-08-09,15,15,Disneyland Park,Buzz Lightyear Laser Blast,5,OPERATING,STANDBY,40,,,queue-times.com
2026-08-09T13:15:46Z,2026-08-09,15,15,Disneyland Park,Disneyland Railroad Discoveryland Station,2706,CLOSED,STANDBY,0,,,queue-times.com
2026-08-09T13:15:46Z,2026-08-09,15,15,Disneyland Park,Les Mystères du Nautilus,6,OPERATING,STANDBY,5,,,queue-times.com
2026-08-09T13:15:46Z,2026-08-09,15,15,Disneyland Park,Mickey’s PhilharMagic,2707,OPERATING,STANDBY,0,,,queue-times.com
2026-08-09T13:15:46Z,2026-08-09,15,15,Disneyland Park,Orbitron®,7,OPERATING,STANDBY,45,,,queue-times.com
2026-08-09T13:15:46Z,2026-08-09,15,15,Disneyland Park,Star Tours: The Adventures Continue*,9,OPERATING,STANDBY,10,,,queue-times.com
2026-08-09T13:15:46Z,2026-08-09,15,15,Disneyland Park,Star Wars Hyperspace Mountain,8,OPERATING,STANDBY,35,,,queue-times.com
2026-08-09T13:15:46Z,2026-08-09,15,15,Disneyland Park,Star Wars Hyperspace Mountain Single Rider,7278,OPERATING,STANDBY,20,,,queue-times.com
2026-08-09T13:15:46Z,2026-08-09,15,15,Disneyland Park,Welcome to Starport: A Star Wars Encounter,4573,OPERATING,STANDBY,20,,,queue-times.com
2026-08-09T13:15:46Z,2026-08-09,15,15,Disneyland Park,"""it's a small world""",19,OPERATING,STANDBY,15,,,queue-times.com
2026-08-09T13:15:46Z,2026-08-09,15,15,Disneyland Park,Alice's Curious Labyrinth,14,OPERATING,STANDBY,5,,,queue-times.com
2026-08-09T13:15:46Z,2026-08-09,15,15,Disneyland Park,Blanche-Neige et les Sept Nains®,15,OPERATING,STANDBY,25,,,queue-times.com
2026-08-09T13:15:46Z,2026-08-09,15,15,Disneyland Park,Casey Jr. – le Petit Train du Cirque,17,OPERATING,STANDBY,20,,,queue-times.com
2026-08-09T13:15:46Z,2026-08-09,15,15,Disneyland Park,Disneyland Railroad Fantasyland Station,2711,CLOSED,STANDBY,0,,,queue-times.com
2026-08-09T13:15:46Z,2026-08-09,15,15,Disneyland Park,Disneyland Railroad Main Street Station,11,OPERATING,STANDBY,20,,,queue-times.com
2026-08-09T13:15:46Z,2026-08-09,15,15,Disneyland Park,Dumbo the Flying Elephant,18,OPERATING,STANDBY,40,,,queue-times.com
2026-08-09T13:15:46Z,2026-08-09,15,15,Disneyland Park,La Tanière du Dragon,2710,OPERATING,STANDBY,0,,,queue-times.com
2026-08-09T13:15:46Z,2026-08-09,15,15,Disneyland Park,Le Carrousel de Lancelot,16,OPERATING,STANDBY,5,,,queue-times.com
2026-08-09T13:15:46Z,2026-08-09,15,15,Disneyland Park,"Le Pays des Contes de Fées, presented by Vittel",21,OPERATING,STANDBY,5,,,queue-times.com
2026-08-09T13:15:46Z,2026-08-09,15,15,Disneyland Park,Les Voyages de Pinocchio,23,OPERATING,STANDBY,20,,,queue-times.com
2026-08-09T13:15:46Z,2026-08-09,15,15,Disneyland Park,Mad Hatter's Tea Cups,20,OPERATING,STANDBY,5,,,queue-times.com
2026-08-09T13:15:46Z,2026-08-09,15,15,Disneyland Park,Meet Mickey Mouse,13,OPERATING,STANDBY,0,,,queue-times.com
2026-08-09T13:15:46Z,2026-08-09,15,15,Disneyland Park,Peter Pan's Flight,22,OPERATING,STANDBY,60,,,queue-times.com
2026-08-09T13:15:46Z,2026-08-09,15,15,Disneyland Park,Princess Pavilion,24,OPERATING,STANDBY,0,,,queue-times.com
2026-08-09T13:15:46Z,2026-08-09,15,15,Disneyland Park,Big Thunder Mountain,25,CLOSED,STANDBY,0,,,queue-times.com
2026-08-09T13:15:46Z,2026-08-09,15,15,Disneyland Park,Disneyland Railroad Frontierland Depot,2714,OPERATING,STANDBY,20,,,queue-times.com
2026-08-09T13:15:46Z,2026-08-09,15,15,Disneyland Park,Frontierland Playground,2713,OPERATING,STANDBY,0,,,queue-times.com
2026-08-09T13:15:46Z,2026-08-09,15,15,Disneyland Park,Phantom Manor,26,OPERATING,STANDBY,25,,,queue-times.com
2026-08-09T13:15:46Z,2026-08-09,15,15,Disneyland Park,River Rogue Keelboats,27,CLOSED,STANDBY,0,,,queue-times.com
2026-08-09T13:15:46Z,2026-08-09,15,15,Disneyland Park,Rustler Roundup Shootin' Gallery,2712,OPERATING,STANDBY,0,,,queue-times.com
2026-08-09T13:15:46Z,2026-08-09,15,15,Disneyland Park,Thunder Mesa Riverboat Landing,28,OPERATING,STANDBY,20,,,queue-times.com
2026-08-09T13:15:46Z,2026-08-09,15,15,Disneyland Park,Disneyland Railroad Main Street Station,2708,OPERATING,STANDBY,0,,,queue-times.com
2026-08-09T13:15:46Z,2026-08-09,15,15,Disneyland Park,Main Street Vehicles,12,CLOSED,STANDBY,0,,,queue-times.com
2026-08-09T13:15:46Z,2026-08-09,15,15,Disney Adventure World,Avengers Assemble: Flight Force,10848,CLOSED,STANDBY,0,,,queue-times.com
2026-08-09T13:15:46Z,2026-08-09,15,15,Disney Adventure World,Avengers Assemble: Flight Force Single Rider,10849,CLOSED,STANDBY,0,,,queue-times.com
2026-08-09T13:15:46Z,2026-08-09,15,15,Disney Adventure World,Spider-Man W.E.B. Adventure,10845,OPERATING,STANDBY,55,,,queue-times.com
2026-08-09T13:15:46Z,2026-08-09,15,15,Disney Adventure World,Spider-Man W.E.B. Adventure Single Rider,10846,OPERATING,STANDBY,35,,,queue-times.com
2026-08-09T13:15:46Z,2026-08-09,15,15,Disney Adventure World,The Twilight Zone Tower of Terror,40,OPERATING,STANDBY,50,,,queue-times.com
2026-08-09T13:15:46Z,2026-08-09,15,15,Disney Adventure World,Cars Quatre Roues Rallye,31,OPERATING,STANDBY,15,,,queue-times.com
2026-08-09T13:15:46Z,2026-08-09,15,15,Disney Adventure World,Cars ROAD TRIP,29,OPERATING,STANDBY,15,,,queue-times.com
2026-08-09T13:15:46Z,2026-08-09,15,15,Disney Adventure World,Crush's Coaster,32,OPERATING,STANDBY,85,,,queue-times.com
2026-08-09T13:15:46Z,2026-08-09,15,15,Disney Adventure World,Crush's Coaster Single Rider,7277,OPERATING,STANDBY,65,,,queue-times.com
2026-08-09T13:15:46Z,2026-08-09,15,15,Disney Adventure World,Les Tapis Volants - Flying Carpets Over Agrabah®,33,OPERATING,STANDBY,25,,,queue-times.com
2026-08-09T13:15:46Z,2026-08-09,15,15,Disney Adventure World,Ratatouille : L’Aventure Totalement Toquée de Rémy​,37,CLOSED,STANDBY,0,,,queue-times.com
2026-08-09T13:15:46Z,2026-08-09,15,15,Disney Adventure World,Ratatouille: The Adventure Single Rider,7279,CLOSED,STANDBY,0,,,queue-times.com
2026-08-09T13:15:46Z,2026-08-09,15,15,Disney Adventure World,RC Racer,34,OPERATING,STANDBY,55,,,queue-times.com
2026-08-09T13:15:46Z,2026-08-09,15,15,Disney Adventure World,RC Racer Single Rider,7280,OPERATING,STANDBY,30,,,queue-times.com
2026-08-09T13:15:46Z,2026-08-09,15,15,Disney Adventure World,Slinky® Dog Zigzag Spin,36,OPERATING,STANDBY,20,,,queue-times.com
2026-08-09T13:15:46Z,2026-08-09,15,15,Disney Adventure World,Toy Soldiers Parachute Drop,35,OPERATING,STANDBY,60,,,queue-times.com
2026-08-09T13:15:46Z,2026-08-09,15,15,Disney Adventure World,Toy Soldiers Parachute Drop Single Rider,7281,OPERATING,STANDBY,15,,,queue-times.com
2026-08-09T13:15:46Z,2026-08-09,15,15,Disney Adventure World,Entry to World of Frozen,16247,OPERATING,STANDBY,0,,,queue-times.com
2026-08-09T13:15:46Z,2026-08-09,15,15,Disney Adventure World,Frozen Ever After,15413,OPERATING,STANDBY,70,,,queue-times.com
2026-08-09T13:15:46Z,2026-08-09,15,15,Disney Adventure World,Raiponce Tangled Spin,15415,OPERATING,STANDBY,15,,,queue-times.com
2026-08-09T13:26:12Z,2026-08-09,15,26,Disneyland Park,Adventure Isle,2702,OPERATING,STANDBY,0,,,queue-times.com
2026-08-09T13:26:12Z,2026-08-09,15,26,Disneyland Park,Indiana Jones and the Temple of Peril Single Rider,7306,OPERATING,STANDBY,15,,,queue-times.com
2026-08-09T13:26:12Z,2026-08-09,15,26,Disneyland Park,Indiana Jones™ and the Temple of Peril,2,OPERATING,STANDBY,40,,,queue-times.com
2026-08-09T13:26:12Z,2026-08-09,15,26,Disneyland Park,La Cabane des Robinson,1,OPERATING,STANDBY,5,,,queue-times.com
2026-08-09T13:26:12Z,2026-08-09,15,26,Disneyland Park,Le Passage Enchanté d'Aladdin,2703,OPERATING,STANDBY,0,,,queue-times.com
2026-08-09T13:26:12Z,2026-08-09,15,26,Disneyland Park,Pirate Galleon,2705,CLOSED,STANDBY,0,,,queue-times.com
2026-08-09T13:26:12Z,2026-08-09,15,26,Disneyland Park,Pirates of the Caribbean,3,OPERATING,STANDBY,30,,,queue-times.com
2026-08-09T13:26:12Z,2026-08-09,15,26,Disneyland Park,Pirates' Beach,2704,OPERATING,STANDBY,0,,,queue-times.com
2026-08-09T13:26:12Z,2026-08-09,15,26,Disneyland Park,"Autopia, presented by Avis",4,OPERATING,STANDBY,30,,,queue-times.com
2026-08-09T13:26:12Z,2026-08-09,15,26,Disneyland Park,Buzz Lightyear Laser Blast,5,OPERATING,STANDBY,55,,,queue-times.com
2026-08-09T13:26:12Z,2026-08-09,15,26,Disneyland Park,Disneyland Railroad Discoveryland Station,2706,CLOSED,STANDBY,0,,,queue-times.com
2026-08-09T13:26:12Z,2026-08-09,15,26,Disneyland Park,Les Mystères du Nautilus,6,OPERATING,STANDBY,5,,,queue-times.com
2026-08-09T13:26:12Z,2026-08-09,15,26,Disneyland Park,Mickey’s PhilharMagic,2707,OPERATING,STANDBY,0,,,queue-times.com
2026-08-09T13:26:12Z,2026-08-09,15,26,Disneyland Park,Orbitron®,7,OPERATING,STANDBY,45,,,queue-times.com
2026-08-09T13:26:12Z,2026-08-09,15,26,Disneyland Park,Star Tours: The Adventures Continue*,9,OPERATING,STANDBY,15,,,queue-times.com
2026-08-09T13:26:12Z,2026-08-09,15,26,Disneyland Park,Star Wars Hyperspace Mountain,8,OPERATING,STANDBY,35,,,queue-times.com
2026-08-09T13:26:12Z,2026-08-09,15,26,Disneyland Park,Star Wars Hyperspace Mountain Single Rider,7278,OPERATING,STANDBY,20,,,queue-times.com
2026-08-09T13:26:12Z,2026-08-09,15,26,Disneyland Park,Welcome to Starport: A Star Wars Encounter,4573,OPERATING,STANDBY,30,,,queue-times.com
2026-08-09T13:26:12Z,2026-08-09,15,26,Disneyland Park,"""it's a small world""",19,OPERATING,STANDBY,15,,,queue-times.com
2026-08-09T13:26:12Z,2026-08-09,15,26,Disneyland Park,Alice's Curious Labyrinth,14,OPERATING,STANDBY,5,,,queue-times.com
2026-08-09T13:26:12Z,2026-08-09,15,26,Disneyland Park,Blanche-Neige et les Sept Nains®,15,OPERATING,STANDBY,15,,,queue-times.com
2026-08-09T13:26:12Z,2026-08-09,15,26,Disneyland Park,Casey Jr. – le Petit Train du Cirque,17,OPERATING,STANDBY,20,,,queue-times.com
2026-08-09T13:26:12Z,2026-08-09,15,26,Disneyland Park,Disneyland Railroad Fantasyland Station,2711,CLOSED,STANDBY,0,,,queue-times.com
2026-08-09T13:26:12Z,2026-08-09,15,26,Disneyland Park,Disneyland Railroad Main Street Station,11,OPERATING,STANDBY,20,,,queue-times.com
2026-08-09T13:26:12Z,2026-08-09,15,26,Disneyland Park,Dumbo the Flying Elephant,18,OPERATING,STANDBY,40,,,queue-times.com
2026-08-09T13:26:12Z,2026-08-09,15,26,Disneyland Park,La Tanière du Dragon,2710,OPERATING,STANDBY,0,,,queue-times.com
2026-08-09T13:26:12Z,2026-08-09,15,26,Disneyland Park,Le Carrousel de Lancelot,16,OPERATING,STANDBY,10,,,queue-times.com
2026-08-09T13:26:12Z,2026-08-09,15,26,Disneyland Park,"Le Pays des Contes de Fées, presented by Vittel",21,OPERATING,STANDBY,10,,,queue-times.com
2026-08-09T13:26:12Z,2026-08-09,15,26,Disneyland Park,Les Voyages de Pinocchio,23,OPERATING,STANDBY,20,,,queue-times.com
2026-08-09T13:26:12Z,2026-08-09,15,26,Disneyland Park,Mad Hatter's Tea Cups,20,OPERATING,STANDBY,5,,,queue-times.com
2026-08-09T13:26:12Z,2026-08-09,15,26,Disneyland Park,Meet Mickey Mouse,13,OPERATING,STANDBY,0,,,queue-times.com
2026-08-09T13:26:12Z,2026-08-09,15,26,Disneyland Park,Peter Pan's Flight,22,OPERATING,STANDBY,60,,,queue-times.com
2026-08-09T13:26:12Z,2026-08-09,15,26,Disneyland Park,Princess Pavilion,24,OPERATING,STANDBY,0,,,queue-times.com
2026-08-09T13:26:12Z,2026-08-09,15,26,Disneyland Park,Big Thunder Mountain,25,OPERATING,STANDBY,45,,,queue-times.com
2026-08-09T13:26:12Z,2026-08-09,15,26,Disneyland Park,Disneyland Railroad Frontierland Depot,2714,OPERATING,STANDBY,20,,,queue-times.com
2026-08-09T13:26:12Z,2026-08-09,15,26,Disneyland Park,Frontierland Playground,2713,OPERATING,STANDBY,0,,,queue-times.com
2026-08-09T13:26:12Z,2026-08-09,15,26,Disneyland Park,Phantom Manor,26,OPERATING,STANDBY,25,,,queue-times.com
2026-08-09T13:26:12Z,2026-08-09,15,26,Disneyland Park,River Rogue Keelboats,27,CLOSED,STANDBY,0,,,queue-times.com
2026-08-09T13:26:12Z,2026-08-09,15,26,Disneyland Park,Rustler Roundup Shootin' Gallery,2712,OPERATING,STANDBY,0,,,queue-times.com
2026-08-09T13:26:12Z,2026-08-09,15,26,Disneyland Park,Thunder Mesa Riverboat Landing,28,OPERATING,STANDBY,20,,,queue-times.com
2026-08-09T13:26:12Z,2026-08-09,15,26,Disneyland Park,Disneyland Railroad Main Street Station,2708,OPERATING,STANDBY,0,,,queue-times.com
2026-08-09T13:26:12Z,2026-08-09,15,26,Disneyland Park,Main Street Vehicles,12,CLOSED,STANDBY,0,,,queue-times.com
2026-08-09T13:26:12Z,2026-08-09,15,26,Disney Adventure World,Avengers Assemble: Flight Force,10848,OPERATING,STANDBY,30,,,queue-times.com
2026-08-09T13:26:12Z,2026-08-09,15,26,Disney Adventure World,Avengers Assemble: Flight Force Single Rider,10849,OPERATING,STANDBY,15,,,queue-times.com
2026-08-09T13:26:12Z,2026-08-09,15,26,Disney Adventure World,Spider-Man W.E.B. Adventure,10845,OPERATING,STANDBY,50,,,queue-times.com
2026-08-09T13:26:12Z,2026-08-09,15,26,Disney Adventure World,Spider-Man W.E.B. Adventure Single Rider,10846,OPERATING,STANDBY,15,,,queue-times.com
2026-08-09T13:26:12Z,2026-08-09,15,26,Disney Adventure World,The Twilight Zone Tower of Terror,40,OPERATING,STANDBY,35,,,queue-times.com
2026-08-09T13:26:12Z,2026-08-09,15,26,Disney Adventure World,Cars Quatre Roues Rallye,31,OPERATING,STANDBY,15,,,queue-times.com
2026-08-09T13:26:12Z,2026-08-09,15,26,Disney Adventure World,Cars ROAD TRIP,29,OPERATING,STANDBY,15,,,queue-times.com
2026-08-09T13:26:12Z,2026-08-09,15,26,Disney Adventure World,Crush's Coaster,32,OPERATING,STANDBY,90,,,queue-times.com
2026-08-09T13:26:12Z,2026-08-09,15,26,Disney Adventure World,Crush's Coaster Single Rider,7277,OPERATING,STANDBY,45,,,queue-times.com
2026-08-09T13:26:12Z,2026-08-09,15,26,Disney Adventure World,Les Tapis Volants - Flying Carpets Over Agrabah®,33,OPERATING,STANDBY,25,,,queue-times.com
2026-08-09T13:26:12Z,2026-08-09,15,26,Disney Adventure World,Ratatouille : L’Aventure Totalement Toquée de Rémy​,37,CLOSED,STANDBY,0,,,queue-times.com
2026-08-09T13:26:12Z,2026-08-09,15,26,Disney Adventure World,Ratatouille: The Adventure Single Rider,7279,CLOSED,STANDBY,0,,,queue-times.com
2026-08-09T13:26:12Z,2026-08-09,15,26,Disney Adventure World,RC Racer,34,OPERATING,STANDBY,55,,,queue-times.com
2026-08-09T13:26:12Z,2026-08-09,15,26,Disney Adventure World,RC Racer Single Rider,7280,OPERATING,STANDBY,30,,,queue-times.com
2026-08-09T13:26:12Z,2026-08-09,15,26,Disney Adventure World,Slinky® Dog Zigzag Spin,36,OPERATING,STANDBY,15,,,queue-times.com
2026-08-09T13:26:12Z,2026-08-09,15,26,Disney Adventure World,Toy Soldiers Parachute Drop,35,OPERATING,STANDBY,45,,,queue-times.com
2026-08-09T13:26:12Z,2026-08-09,15,26,Disney Adventure World,Toy Soldiers Parachute Drop Single Rider,7281,OPERATING,STANDBY,15,,,queue-times.com
2026-08-09T13:26:12Z,2026-08-09,15,26,Disney Adventure World,Entry to World of Frozen,16247,OPERATING,STANDBY,0,,,queue-times.com
2026-08-09T13:26:12Z,2026-08-09,15,26,Disney Adventure World,Frozen Ever After,15413,OPERATING,STANDBY,55,,,queue-times.com
2026-08-09T13:26:12Z,2026-08-09,15,26,Disney Adventure World,Raiponce Tangled Spin,15415,OPERATING,STANDBY,10,,,queue-times.com
2026-08-09T13:31:11Z,2026-08-09,15,31,Disneyland Park,Adventure Isle,2702,OPERATING,STANDBY,0,,,queue-times.com
2026-08-09T13:31:11Z,2026-08-09,15,31,Disneyland Park,Indiana Jones and the Temple of Peril Single Rider,7306,OPERATING,STANDBY,15,,,queue-times.com
2026-08-09T13:31:11Z,2026-08-09,15,31,Disneyland Park,Indiana Jones™ and the Temple of Peril,2,OPERATING,STANDBY,40,,,queue-times.com
2026-08-09T13:31:11Z,2026-08-09,15,31,Disneyland Park,La Cabane des Robinson,1,OPERATING,STANDBY,5,,,queue-times.com
2026-08-09T13:31:11Z,2026-08-09,15,31,Disneyland Park,Le Passage Enchanté d'Aladdin,2703,OPERATING,STANDBY,0,,,queue-times.com
2026-08-09T13:31:11Z,2026-08-09,15,31,Disneyland Park,Pirate Galleon,2705,CLOSED,STANDBY,0,,,queue-times.com
2026-08-09T13:31:11Z,2026-08-09,15,31,Disneyland Park,Pirates of the Caribbean,3,OPERATING,STANDBY,25,,,queue-times.com
2026-08-09T13:31:11Z,2026-08-09,15,31,Disneyland Park,Pirates' Beach,2704,OPERATING,STANDBY,0,,,queue-times.com
2026-08-09T13:31:11Z,2026-08-09,15,31,Disneyland Park,"Autopia, presented by Avis",4,OPERATING,STANDBY,30,,,queue-times.com
2026-08-09T13:31:11Z,2026-08-09,15,31,Disneyland Park,Buzz Lightyear Laser Blast,5,OPERATING,STANDBY,55,,,queue-times.com
2026-08-09T13:31:11Z,2026-08-09,15,31,Disneyland Park,Disneyland Railroad Discoveryland Station,2706,CLOSED,STANDBY,0,,,queue-times.com
2026-08-09T13:31:11Z,2026-08-09,15,31,Disneyland Park,Les Mystères du Nautilus,6,OPERATING,STANDBY,5,,,queue-times.com
2026-08-09T13:31:11Z,2026-08-09,15,31,Disneyland Park,Mickey’s PhilharMagic,2707,OPERATING,STANDBY,0,,,queue-times.com
2026-08-09T13:31:11Z,2026-08-09,15,31,Disneyland Park,Orbitron®,7,OPERATING,STANDBY,45,,,queue-times.com
2026-08-09T13:31:11Z,2026-08-09,15,31,Disneyland Park,Star Tours: The Adventures Continue*,9,OPERATING,STANDBY,15,,,queue-times.com
2026-08-09T13:31:11Z,2026-08-09,15,31,Disneyland Park,Star Wars Hyperspace Mountain,8,OPERATING,STANDBY,35,,,queue-times.com
2026-08-09T13:31:11Z,2026-08-09,15,31,Disneyland Park,Star Wars Hyperspace Mountain Single Rider,7278,OPERATING,STANDBY,20,,,queue-times.com
2026-08-09T13:31:11Z,2026-08-09,15,31,Disneyland Park,Welcome to Starport: A Star Wars Encounter,4573,OPERATING,STANDBY,15,,,queue-times.com
2026-08-09T13:31:11Z,2026-08-09,15,31,Disneyland Park,"""it's a small world""",19,OPERATING,STANDBY,15,,,queue-times.com
2026-08-09T13:31:11Z,2026-08-09,15,31,Disneyland Park,Alice's Curious Labyrinth,14,OPERATING,STANDBY,5,,,queue-times.com
2026-08-09T13:31:11Z,2026-08-09,15,31,Disneyland Park,Blanche-Neige et les Sept Nains®,15,OPERATING,STANDBY,15,,,queue-times.com
2026-08-09T13:31:11Z,2026-08-09,15,31,Disneyland Park,Casey Jr. – le Petit Train du Cirque,17,OPERATING,STANDBY,20,,,queue-times.com
2026-08-09T13:31:11Z,2026-08-09,15,31,Disneyland Park,Disneyland Railroad Fantasyland Station,2711,CLOSED,STANDBY,0,,,queue-times.com
2026-08-09T13:31:11Z,2026-08-09,15,31,Disneyland Park,Disneyland Railroad Main Street Station,11,OPERATING,STANDBY,20,,,queue-times.com
2026-08-09T13:31:11Z,2026-08-09,15,31,Disneyland Park,Dumbo the Flying Elephant,18,OPERATING,STANDBY,25,,,queue-times.com
2026-08-09T13:31:11Z,2026-08-09,15,31,Disneyland Park,La Tanière du Dragon,2710,OPERATING,STANDBY,0,,,queue-times.com
2026-08-09T13:31:11Z,2026-08-09,15,31,Disneyland Park,Le Carrousel de Lancelot,16,OPERATING,STANDBY,5,,,queue-times.com
2026-08-09T13:31:11Z,2026-08-09,15,31,Disneyland Park,"Le Pays des Contes de Fées, presented by Vittel",21,OPERATING,STANDBY,10,,,queue-times.com
2026-08-09T13:31:11Z,2026-08-09,15,31,Disneyland Park,Les Voyages de Pinocchio,23,OPERATING,STANDBY,20,,,queue-times.com
2026-08-09T13:31:11Z,2026-08-09,15,31,Disneyland Park,Mad Hatter's Tea Cups,20,OPERATING,STANDBY,5,,,queue-times.com
2026-08-09T13:31:11Z,2026-08-09,15,31,Disneyland Park,Meet Mickey Mouse,13,OPERATING,STANDBY,0,,,queue-times.com
2026-08-09T13:31:11Z,2026-08-09,15,31,Disneyland Park,Peter Pan's Flight,22,OPERATING,STANDBY,60,,,queue-times.com
2026-08-09T13:31:11Z,2026-08-09,15,31,Disneyland Park,Princess Pavilion,24,OPERATING,STANDBY,0,,,queue-times.com
2026-08-09T13:31:11Z,2026-08-09,15,31,Disneyland Park,Big Thunder Mountain,25,OPERATING,STANDBY,45,,,queue-times.com
2026-08-09T13:31:11Z,2026-08-09,15,31,Disneyland Park,Disneyland Railroad Frontierland Depot,2714,OPERATING,STANDBY,20,,,queue-times.com
2026-08-09T13:31:11Z,2026-08-09,15,31,Disneyland Park,Frontierland Playground,2713,OPERATING,STANDBY,0,,,queue-times.com
2026-08-09T13:31:11Z,2026-08-09,15,31,Disneyland Park,Phantom Manor,26,OPERATING,STANDBY,25,,,queue-times.com
2026-08-09T13:31:11Z,2026-08-09,15,31,Disneyland Park,River Rogue Keelboats,27,CLOSED,STANDBY,0,,,queue-times.com
2026-08-09T13:31:11Z,2026-08-09,15,31,Disneyland Park,Rustler Roundup Shootin' Gallery,2712,OPERATING,STANDBY,0,,,queue-times.com
2026-08-09T13:31:11Z,2026-08-09,15,31,Disneyland Park,Thunder Mesa Riverboat Landing,28,OPERATING,STANDBY,20,,,queue-times.com
2026-08-09T13:31:11Z,2026-08-09,15,31,Disneyland Park,Disneyland Railroad Main Street Station,2708,OPERATING,STANDBY,0,,,queue-times.com
2026-08-09T13:31:11Z,2026-08-09,15,31,Disneyland Park,Main Street Vehicles,12,CLOSED,STANDBY,0,,,queue-times.com
2026-08-09T13:31:11Z,2026-08-09,15,31,Disney Adventure World,Avengers Assemble: Flight Force,10848,OPERATING,STANDBY,30,,,queue-times.com
2026-08-09T13:31:11Z,2026-08-09,15,31,Disney Adventure World,Avengers Assemble: Flight Force Single Rider,10849,OPERATING,STANDBY,15,,,queue-times.com
2026-08-09T13:31:11Z,2026-08-09,15,31,Disney Adventure World,Spider-Man W.E.B. Adventure,10845,OPERATING,STANDBY,45,,,queue-times.com
2026-08-09T13:31:11Z,2026-08-09,15,31,Disney Adventure World,Spider-Man W.E.B. Adventure Single Rider,10846,OPERATING,STANDBY,15,,,queue-times.com
2026-08-09T13:31:11Z,2026-08-09,15,31,Disney Adventure World,The Twilight Zone Tower of Terror,40,OPERATING,STANDBY,45,,,queue-times.com
2026-08-09T13:31:11Z,2026-08-09,15,31,Disney Adventure World,Cars Quatre Roues Rallye,31,OPERATING,STANDBY,15,,,queue-times.com
2026-08-09T13:31:11Z,2026-08-09,15,31,Disney Adventure World,Cars ROAD TRIP,29,OPERATING,STANDBY,15,,,queue-times.com
2026-08-09T13:31:11Z,2026-08-09,15,31,Disney Adventure World,Crush's Coaster,32,OPERATING,STANDBY,90,,,queue-times.com
2026-08-09T13:31:11Z,2026-08-09,15,31,Disney Adventure World,Crush's Coaster Single Rider,7277,OPERATING,STANDBY,45,,,queue-times.com
2026-08-09T13:31:11Z,2026-08-09,15,31,Disney Adventure World,Les Tapis Volants - Flying Carpets Over Agrabah®,33,OPERATING,STANDBY,10,,,queue-times.com
2026-08-09T13:31:11Z,2026-08-09,15,31,Disney Adventure World,Ratatouille : L’Aventure Totalement Toquée de Rémy​,37,CLOSED,STANDBY,0,,,queue-times.com
2026-08-09T13:31:11Z,2026-08-09,15,31,Disney Adventure World,Ratatouille: The Adventure Single Rider,7279,CLOSED,STANDBY,0,,,queue-times.com
2026-08-09T13:31:11Z,2026-08-09,15,31,Disney Adventure World,RC Racer,34,OPERATING,STANDBY,55,,,queue-times.com
2026-08-09T13:31:11Z,2026-08-09,15,31,Disney Adventure World,RC Racer Single Rider,7280,OPERATING,STANDBY,30,,,queue-times.com
2026-08-09T13:31:11Z,2026-08-09,15,31,Disney Adventure World,Slinky® Dog Zigzag Spin,36,OPERATING,STANDBY,15,,,queue-times.com
2026-08-09T13:31:11Z,2026-08-09,15,31,Disney Adventure World,Toy Soldiers Parachute Drop,35,OPERATING,STANDBY,45,,,queue-times.com
2026-08-09T13:31:11Z,2026-08-09,15,31,Disney Adventure World,Toy Soldiers Parachute Drop Single Rider,7281,OPERATING,STANDBY,25,,,queue-times.com
2026-08-09T13:31:11Z,2026-08-09,15,31,Disney Adventure World,Entry to World of Frozen,16247,OPERATING,STANDBY,0,,,queue-times.com
2026-08-09T13:31:11Z,2026-08-09,15,31,Disney Adventure World,Frozen Ever After,15413,OPERATING,STANDBY,55,,,queue-times.com
2026-08-09T13:31:11Z,2026-08-09,15,31,Disney Adventure World,Raiponce Tangled Spin,15415,OPERATING,STANDBY,15,,,queue-times.com
2026-08-09T13:45:45Z,2026-08-09,15,45,Disneyland Park,Adventure Isle,2702,OPERATING,STANDBY,0,,,queue-times.com
2026-08-09T13:45:45Z,2026-08-09,15,45,Disneyland Park,Indiana Jones and the Temple of Peril Single Rider,7306,OPERATING,STANDBY,15,,,queue-times.com
2026-08-09T13:45:45Z,2026-08-09,15,45,Disneyland Park,Indiana Jones™ and the Temple of Peril,2,OPERATING,STANDBY,40,,,queue-times.com
2026-08-09T13:45:45Z,2026-08-09,15,45,Disneyland Park,La Cabane des Robinson,1,OPERATING,STANDBY,5,,,queue-times.com
2026-08-09T13:45:45Z,2026-08-09,15,45,Disneyland Park,Le Passage Enchanté d'Aladdin,2703,OPERATING,STANDBY,0,,,queue-times.com
2026-08-09T13:45:45Z,2026-08-09,15,45,Disneyland Park,Pirate Galleon,2705,CLOSED,STANDBY,0,,,queue-times.com
2026-08-09T13:45:45Z,2026-08-09,15,45,Disneyland Park,Pirates of the Caribbean,3,OPERATING,STANDBY,25,,,queue-times.com
2026-08-09T13:45:45Z,2026-08-09,15,45,Disneyland Park,Pirates' Beach,2704,OPERATING,STANDBY,0,,,queue-times.com
2026-08-09T13:45:45Z,2026-08-09,15,45,Disneyland Park,"Autopia, presented by Avis",4,OPERATING,STANDBY,25,,,queue-times.com
2026-08-09T13:45:45Z,2026-08-09,15,45,Disneyland Park,Buzz Lightyear Laser Blast,5,OPERATING,STANDBY,30,,,queue-times.com
2026-08-09T13:45:45Z,2026-08-09,15,45,Disneyland Park,Disneyland Railroad Discoveryland Station,2706,CLOSED,STANDBY,0,,,queue-times.com
2026-08-09T13:45:45Z,2026-08-09,15,45,Disneyland Park,Les Mystères du Nautilus,6,OPERATING,STANDBY,5,,,queue-times.com
2026-08-09T13:45:45Z,2026-08-09,15,45,Disneyland Park,Mickey’s PhilharMagic,2707,OPERATING,STANDBY,0,,,queue-times.com
2026-08-09T13:45:45Z,2026-08-09,15,45,Disneyland Park,Orbitron®,7,OPERATING,STANDBY,30,,,queue-times.com
2026-08-09T13:45:45Z,2026-08-09,15,45,Disneyland Park,Star Tours: The Adventures Continue*,9,OPERATING,STANDBY,10,,,queue-times.com
2026-08-09T13:45:45Z,2026-08-09,15,45,Disneyland Park,Star Wars Hyperspace Mountain,8,OPERATING,STANDBY,30,,,queue-times.com
2026-08-09T13:45:45Z,2026-08-09,15,45,Disneyland Park,Star Wars Hyperspace Mountain Single Rider,7278,OPERATING,STANDBY,25,,,queue-times.com
2026-08-09T13:45:45Z,2026-08-09,15,45,Disneyland Park,Welcome to Starport: A Star Wars Encounter,4573,OPERATING,STANDBY,15,,,queue-times.com
2026-08-09T13:45:45Z,2026-08-09,15,45,Disneyland Park,"""it's a small world""",19,OPERATING,STANDBY,15,,,queue-times.com
2026-08-09T13:45:45Z,2026-08-09,15,45,Disneyland Park,Alice's Curious Labyrinth,14,OPERATING,STANDBY,5,,,queue-times.com
2026-08-09T13:45:45Z,2026-08-09,15,45,Disneyland Park,Blanche-Neige et les Sept Nains®,15,OPERATING,STANDBY,15,,,queue-times.com
2026-08-09T13:45:45Z,2026-08-09,15,45,Disneyland Park,Casey Jr. – le Petit Train du Cirque,17,OPERATING,STANDBY,20,,,queue-times.com
2026-08-09T13:45:45Z,2026-08-09,15,45,Disneyland Park,Disneyland Railroad Fantasyland Station,2711,CLOSED,STANDBY,0,,,queue-times.com
2026-08-09T13:45:45Z,2026-08-09,15,45,Disneyland Park,Disneyland Railroad Main Street Station,11,OPERATING,STANDBY,20,,,queue-times.com
2026-08-09T13:45:45Z,2026-08-09,15,45,Disneyland Park,Dumbo the Flying Elephant,18,OPERATING,STANDBY,25,,,queue-times.com
2026-08-09T13:45:45Z,2026-08-09,15,45,Disneyland Park,La Tanière du Dragon,2710,OPERATING,STANDBY,0,,,queue-times.com
2026-08-09T13:45:45Z,2026-08-09,15,45,Disneyland Park,Le Carrousel de Lancelot,16,OPERATING,STANDBY,5,,,queue-times.com
2026-08-09T13:45:45Z,2026-08-09,15,45,Disneyland Park,"Le Pays des Contes de Fées, presented by Vittel",21,OPERATING,STANDBY,5,,,queue-times.com
2026-08-09T13:45:45Z,2026-08-09,15,45,Disneyland Park,Les Voyages de Pinocchio,23,OPERATING,STANDBY,25,,,queue-times.com
2026-08-09T13:45:45Z,2026-08-09,15,45,Disneyland Park,Mad Hatter's Tea Cups,20,OPERATING,STANDBY,5,,,queue-times.com
2026-08-09T13:45:45Z,2026-08-09,15,45,Disneyland Park,Meet Mickey Mouse,13,OPERATING,STANDBY,0,,,queue-times.com
2026-08-09T13:45:45Z,2026-08-09,15,45,Disneyland Park,Peter Pan's Flight,22,OPERATING,STANDBY,60,,,queue-times.com
2026-08-09T13:45:45Z,2026-08-09,15,45,Disneyland Park,Princess Pavilion,24,OPERATING,STANDBY,0,,,queue-times.com
2026-08-09T13:45:45Z,2026-08-09,15,45,Disneyland Park,Big Thunder Mountain,25,OPERATING,STANDBY,45,,,queue-times.com
2026-08-09T13:45:45Z,2026-08-09,15,45,Disneyland Park,Disneyland Railroad Frontierland Depot,2714,OPERATING,STANDBY,20,,,queue-times.com
2026-08-09T13:45:45Z,2026-08-09,15,45,Disneyland Park,Frontierland Playground,2713,OPERATING,STANDBY,0,,,queue-times.com
2026-08-09T13:45:45Z,2026-08-09,15,45,Disneyland Park,Phantom Manor,26,OPERATING,STANDBY,20,,,queue-times.com
2026-08-09T13:45:45Z,2026-08-09,15,45,Disneyland Park,River Rogue Keelboats,27,CLOSED,STANDBY,0,,,queue-times.com
2026-08-09T13:45:45Z,2026-08-09,15,45,Disneyland Park,Rustler Roundup Shootin' Gallery,2712,OPERATING,STANDBY,0,,,queue-times.com
2026-08-09T13:45:45Z,2026-08-09,15,45,Disneyland Park,Thunder Mesa Riverboat Landing,28,OPERATING,STANDBY,20,,,queue-times.com
2026-08-09T13:45:45Z,2026-08-09,15,45,Disneyland Park,Disneyland Railroad Main Street Station,2708,OPERATING,STANDBY,0,,,queue-times.com
2026-08-09T13:45:45Z,2026-08-09,15,45,Disneyland Park,Main Street Vehicles,12,CLOSED,STANDBY,0,,,queue-times.com
2026-08-09T13:45:45Z,2026-08-09,15,45,Disney Adventure World,Avengers Assemble: Flight Force,10848,OPERATING,STANDBY,10,,,queue-times.com
2026-08-09T13:45:45Z,2026-08-09,15,45,Disney Adventure World,Avengers Assemble: Flight Force Single Rider,10849,OPERATING,STANDBY,5,,,queue-times.com
2026-08-09T13:45:45Z,2026-08-09,15,45,Disney Adventure World,Spider-Man W.E.B. Adventure,10845,OPERATING,STANDBY,50,,,queue-times.com
2026-08-09T13:45:45Z,2026-08-09,15,45,Disney Adventure World,Spider-Man W.E.B. Adventure Single Rider,10846,OPERATING,STANDBY,30,,,queue-times.com
2026-08-09T13:45:45Z,2026-08-09,15,45,Disney Adventure World,The Twilight Zone Tower of Terror,40,OPERATING,STANDBY,45,,,queue-times.com
2026-08-09T13:45:45Z,2026-08-09,15,45,Disney Adventure World,Cars Quatre Roues Rallye,31,OPERATING,STANDBY,10,,,queue-times.com
2026-08-09T13:45:45Z,2026-08-09,15,45,Disney Adventure World,Cars ROAD TRIP,29,OPERATING,STANDBY,10,,,queue-times.com
2026-08-09T13:45:45Z,2026-08-09,15,45,Disney Adventure World,Crush's Coaster,32,OPERATING,STANDBY,80,,,queue-times.com
2026-08-09T13:45:45Z,2026-08-09,15,45,Disney Adventure World,Crush's Coaster Single Rider,7277,OPERATING,STANDBY,50,,,queue-times.com
2026-08-09T13:45:45Z,2026-08-09,15,45,Disney Adventure World,Les Tapis Volants - Flying Carpets Over Agrabah®,33,OPERATING,STANDBY,15,,,queue-times.com
2026-08-09T13:45:45Z,2026-08-09,15,45,Disney Adventure World,Ratatouille : L’Aventure Totalement Toquée de Rémy​,37,CLOSED,STANDBY,0,,,queue-times.com
2026-08-09T13:45:45Z,2026-08-09,15,45,Disney Adventure World,Ratatouille: The Adventure Single Rider,7279,CLOSED,STANDBY,0,,,queue-times.com
2026-08-09T13:45:45Z,2026-08-09,15,45,Disney Adventure World,RC Racer,34,OPERATING,STANDBY,50,,,queue-times.com
2026-08-09T13:45:45Z,2026-08-09,15,45,Disney Adventure World,RC Racer Single Rider,7280,OPERATING,STANDBY,45,,,queue-times.com
2026-08-09T13:45:45Z,2026-08-09,15,45,Disney Adventure World,Slinky® Dog Zigzag Spin,36,OPERATING,STANDBY,15,,,queue-times.com
2026-08-09T13:45:45Z,2026-08-09,15,45,Disney Adventure World,Toy Soldiers Parachute Drop,35,OPERATING,STANDBY,45,,,queue-times.com
2026-08-09T13:45:45Z,2026-08-09,15,45,Disney Adventure World,Toy Soldiers Parachute Drop Single Rider,7281,OPERATING,STANDBY,20,,,queue-times.com
2026-08-09T13:45:45Z,2026-08-09,15,45,Disney Adventure World,Entry to World of Frozen,16247,OPERATING,STANDBY,0,,,queue-times.com
2026-08-09T13:45:45Z,2026-08-09,15,45,Disney Adventure World,Frozen Ever After,15413,OPERATING,STANDBY,55,,,queue-times.com
2026-08-09T13:45:45Z,2026-08-09,15,45,Disney Adventure World,Raiponce Tangled Spin,15415,OPERATING,STANDBY,20,,,queue-times.com
2026-08-09T14:01:16Z,2026-08-09,16,1,Disneyland Park,Adventure Isle,2702,OPERATING,STANDBY,0,,,queue-times.com
2026-08-09T14:01:16Z,2026-08-09,16,1,Disneyland Park,Indiana Jones and the Temple of Peril Single Rider,7306,OPERATING,STANDBY,5,,,queue-times.com
2026-08-09T14:01:16Z,2026-08-09,16,1,Disneyland Park,Indiana Jones™ and the Temple of Peril,2,OPERATING,STANDBY,10,,,queue-times.com
2026-08-09T14:01:16Z,2026-08-09,16,1,Disneyland Park,La Cabane des Robinson,1,OPERATING,STANDBY,5,,,queue-times.com
2026-08-09T14:01:16Z,2026-08-09,16,1,Disneyland Park,Le Passage Enchanté d'Aladdin,2703,OPERATING,STANDBY,0,,,queue-times.com
2026-08-09T14:01:16Z,2026-08-09,16,1,Disneyland Park,Pirate Galleon,2705,CLOSED,STANDBY,0,,,queue-times.com
2026-08-09T14:01:16Z,2026-08-09,16,1,Disneyland Park,Pirates of the Caribbean,3,OPERATING,STANDBY,25,,,queue-times.com
2026-08-09T14:01:16Z,2026-08-09,16,1,Disneyland Park,Pirates' Beach,2704,OPERATING,STANDBY,0,,,queue-times.com
2026-08-09T14:01:16Z,2026-08-09,16,1,Disneyland Park,"Autopia, presented by Avis",4,OPERATING,STANDBY,35,,,queue-times.com
2026-08-09T14:01:16Z,2026-08-09,16,1,Disneyland Park,Buzz Lightyear Laser Blast,5,OPERATING,STANDBY,50,,,queue-times.com
2026-08-09T14:01:16Z,2026-08-09,16,1,Disneyland Park,Disneyland Railroad Discoveryland Station,2706,CLOSED,STANDBY,0,,,queue-times.com
2026-08-09T14:01:16Z,2026-08-09,16,1,Disneyland Park,Les Mystères du Nautilus,6,OPERATING,STANDBY,5,,,queue-times.com
2026-08-09T14:01:16Z,2026-08-09,16,1,Disneyland Park,Mickey’s PhilharMagic,2707,OPERATING,STANDBY,0,,,queue-times.com
2026-08-09T14:01:16Z,2026-08-09,16,1,Disneyland Park,Orbitron®,7,OPERATING,STANDBY,30,,,queue-times.com
2026-08-09T14:01:16Z,2026-08-09,16,1,Disneyland Park,Star Tours: The Adventures Continue*,9,OPERATING,STANDBY,5,,,queue-times.com
2026-08-09T14:01:16Z,2026-08-09,16,1,Disneyland Park,Star Wars Hyperspace Mountain,8,OPERATING,STANDBY,30,,,queue-times.com
2026-08-09T14:01:16Z,2026-08-09,16,1,Disneyland Park,Star Wars Hyperspace Mountain Single Rider,7278,OPERATING,STANDBY,25,,,queue-times.com
2026-08-09T14:01:16Z,2026-08-09,16,1,Disneyland Park,Welcome to Starport: A Star Wars Encounter,4573,OPERATING,STANDBY,5,,,queue-times.com
2026-08-09T14:01:16Z,2026-08-09,16,1,Disneyland Park,"""it's a small world""",19,OPERATING,STANDBY,10,,,queue-times.com
2026-08-09T14:01:16Z,2026-08-09,16,1,Disneyland Park,Alice's Curious Labyrinth,14,OPERATING,STANDBY,5,,,queue-times.com
2026-08-09T14:01:16Z,2026-08-09,16,1,Disneyland Park,Blanche-Neige et les Sept Nains®,15,OPERATING,STANDBY,25,,,queue-times.com
2026-08-09T14:01:16Z,2026-08-09,16,1,Disneyland Park,Casey Jr. – le Petit Train du Cirque,17,OPERATING,STANDBY,20,,,queue-times.com
2026-08-09T14:01:16Z,2026-08-09,16,1,Disneyland Park,Disneyland Railroad Fantasyland Station,2711,CLOSED,STANDBY,0,,,queue-times.com
2026-08-09T14:01:16Z,2026-08-09,16,1,Disneyland Park,Disneyland Railroad Main Street Station,11,OPERATING,STANDBY,10,,,queue-times.com
2026-08-09T14:01:16Z,2026-08-09,16,1,Disneyland Park,Dumbo the Flying Elephant,18,OPERATING,STANDBY,25,,,queue-times.com
2026-08-09T14:01:16Z,2026-08-09,16,1,Disneyland Park,La Tanière du Dragon,2710,OPERATING,STANDBY,0,,,queue-times.com
2026-08-09T14:01:16Z,2026-08-09,16,1,Disneyland Park,Le Carrousel de Lancelot,16,OPERATING,STANDBY,5,,,queue-times.com
2026-08-09T14:01:16Z,2026-08-09,16,1,Disneyland Park,"Le Pays des Contes de Fées, presented by Vittel",21,OPERATING,STANDBY,5,,,queue-times.com
2026-08-09T14:01:16Z,2026-08-09,16,1,Disneyland Park,Les Voyages de Pinocchio,23,CLOSED,STANDBY,0,,,queue-times.com
2026-08-09T14:01:16Z,2026-08-09,16,1,Disneyland Park,Mad Hatter's Tea Cups,20,OPERATING,STANDBY,5,,,queue-times.com
2026-08-09T14:01:16Z,2026-08-09,16,1,Disneyland Park,Meet Mickey Mouse,13,OPERATING,STANDBY,0,,,queue-times.com
2026-08-09T14:01:16Z,2026-08-09,16,1,Disneyland Park,Peter Pan's Flight,22,OPERATING,STANDBY,50,,,queue-times.com
2026-08-09T14:01:16Z,2026-08-09,16,1,Disneyland Park,Princess Pavilion,24,OPERATING,STANDBY,0,,,queue-times.com
2026-08-09T14:01:16Z,2026-08-09,16,1,Disneyland Park,Big Thunder Mountain,25,OPERATING,STANDBY,55,,,queue-times.com
2026-08-09T14:01:16Z,2026-08-09,16,1,Disneyland Park,Disneyland Railroad Frontierland Depot,2714,OPERATING,STANDBY,20,,,queue-times.com
2026-08-09T14:01:16Z,2026-08-09,16,1,Disneyland Park,Frontierland Playground,2713,OPERATING,STANDBY,0,,,queue-times.com
2026-08-09T14:01:16Z,2026-08-09,16,1,Disneyland Park,Phantom Manor,26,OPERATING,STANDBY,15,,,queue-times.com
2026-08-09T14:01:16Z,2026-08-09,16,1,Disneyland Park,River Rogue Keelboats,27,CLOSED,STANDBY,0,,,queue-times.com
2026-08-09T14:01:16Z,2026-08-09,16,1,Disneyland Park,Rustler Roundup Shootin' Gallery,2712,OPERATING,STANDBY,0,,,queue-times.com
2026-08-09T14:01:16Z,2026-08-09,16,1,Disneyland Park,Thunder Mesa Riverboat Landing,28,OPERATING,STANDBY,20,,,queue-times.com
2026-08-09T14:01:16Z,2026-08-09,16,1,Disneyland Park,Disneyland Railroad Main Street Station,2708,OPERATING,STANDBY,0,,,queue-times.com
2026-08-09T14:01:16Z,2026-08-09,16,1,Disneyland Park,Main Street Vehicles,12,CLOSED,STANDBY,0,,,queue-times.com
2026-08-09T14:01:16Z,2026-08-09,16,1,Disney Adventure World,Avengers Assemble: Flight Force,10848,OPERATING,STANDBY,25,,,queue-times.com
2026-08-09T14:01:16Z,2026-08-09,16,1,Disney Adventure World,Avengers Assemble: Flight Force Single Rider,10849,OPERATING,STANDBY,20,,,queue-times.com
2026-08-09T14:01:16Z,2026-08-09,16,1,Disney Adventure World,Spider-Man W.E.B. Adventure,10845,OPERATING,STANDBY,40,,,queue-times.com
2026-08-09T14:01:16Z,2026-08-09,16,1,Disney Adventure World,Spider-Man W.E.B. Adventure Single Rider,10846,OPERATING,STANDBY,25,,,queue-times.com
2026-08-09T14:01:16Z,2026-08-09,16,1,Disney Adventure World,The Twilight Zone Tower of Terror,40,OPERATING,STANDBY,50,,,queue-times.com
2026-08-09T14:01:16Z,2026-08-09,16,1,Disney Adventure World,Cars Quatre Roues Rallye,31,OPERATING,STANDBY,15,,,queue-times.com
2026-08-09T14:01:16Z,2026-08-09,16,1,Disney Adventure World,Cars ROAD TRIP,29,OPERATING,STANDBY,5,,,queue-times.com
2026-08-09T14:01:16Z,2026-08-09,16,1,Disney Adventure World,Crush's Coaster,32,OPERATING,STANDBY,80,,,queue-times.com
2026-08-09T14:01:16Z,2026-08-09,16,1,Disney Adventure World,Crush's Coaster Single Rider,7277,OPERATING,STANDBY,45,,,queue-times.com
2026-08-09T14:01:16Z,2026-08-09,16,1,Disney Adventure World,Les Tapis Volants - Flying Carpets Over Agrabah®,33,OPERATING,STANDBY,15,,,queue-times.com
2026-08-09T14:01:16Z,2026-08-09,16,1,Disney Adventure World,Ratatouille : L’Aventure Totalement Toquée de Rémy​,37,OPERATING,STANDBY,30,,,queue-times.com
2026-08-09T14:01:16Z,2026-08-09,16,1,Disney Adventure World,Ratatouille: The Adventure Single Rider,7279,OPERATING,STANDBY,25,,,queue-times.com
2026-08-09T14:01:16Z,2026-08-09,16,1,Disney Adventure World,RC Racer,34,OPERATING,STANDBY,40,,,queue-times.com
2026-08-09T14:01:16Z,2026-08-09,16,1,Disney Adventure World,RC Racer Single Rider,7280,OPERATING,STANDBY,35,,,queue-times.com
2026-08-09T14:01:16Z,2026-08-09,16,1,Disney Adventure World,Slinky® Dog Zigzag Spin,36,OPERATING,STANDBY,15,,,queue-times.com
2026-08-09T14:01:16Z,2026-08-09,16,1,Disney Adventure World,Toy Soldiers Parachute Drop,35,OPERATING,STANDBY,40,,,queue-times.com
2026-08-09T14:01:16Z,2026-08-09,16,1,Disney Adventure World,Toy Soldiers Parachute Drop Single Rider,7281,OPERATING,STANDBY,15,,,queue-times.com
2026-08-09T14:01:16Z,2026-08-09,16,1,Disney Adventure World,Entry to World of Frozen,16247,OPERATING,STANDBY,0,,,queue-times.com
2026-08-09T14:01:16Z,2026-08-09,16,1,Disney Adventure World,Frozen Ever After,15413,OPERATING,STANDBY,60,,,queue-times.com
2026-08-09T14:01:16Z,2026-08-09,16,1,Disney Adventure World,Raiponce Tangled Spin,15415,OPERATING,STANDBY,10,,,queue-times.com
2026-08-09T14:15:47Z,2026-08-09,16,15,Disneyland Park,Adventure Isle,2702,OPERATING,STANDBY,0,,,queue-times.com
2026-08-09T14:15:47Z,2026-08-09,16,15,Disneyland Park,Indiana Jones and the Temple of Peril Single Rider,7306,OPERATING,STANDBY,5,,,queue-times.com
2026-08-09T14:15:47Z,2026-08-09,16,15,Disneyland Park,Indiana Jones™ and the Temple of Peril,2,OPERATING,STANDBY,5,,,queue-times.com
2026-08-09T14:15:47Z,2026-08-09,16,15,Disneyland Park,La Cabane des Robinson,1,OPERATING,STANDBY,5,,,queue-times.com
2026-08-09T14:15:47Z,2026-08-09,16,15,Disneyland Park,Le Passage Enchanté d'Aladdin,2703,OPERATING,STANDBY,0,,,queue-times.com
2026-08-09T14:15:47Z,2026-08-09,16,15,Disneyland Park,Pirate Galleon,2705,CLOSED,STANDBY,0,,,queue-times.com
2026-08-09T14:15:47Z,2026-08-09,16,15,Disneyland Park,Pirates of the Caribbean,3,OPERATING,STANDBY,20,,,queue-times.com
2026-08-09T14:15:47Z,2026-08-09,16,15,Disneyland Park,Pirates' Beach,2704,OPERATING,STANDBY,0,,,queue-times.com
2026-08-09T14:15:47Z,2026-08-09,16,15,Disneyland Park,"Autopia, presented by Avis",4,OPERATING,STANDBY,35,,,queue-times.com
2026-08-09T14:15:47Z,2026-08-09,16,15,Disneyland Park,Buzz Lightyear Laser Blast,5,OPERATING,STANDBY,50,,,queue-times.com
2026-08-09T14:15:47Z,2026-08-09,16,15,Disneyland Park,Disneyland Railroad Discoveryland Station,2706,CLOSED,STANDBY,0,,,queue-times.com
2026-08-09T14:15:47Z,2026-08-09,16,15,Disneyland Park,Les Mystères du Nautilus,6,OPERATING,STANDBY,5,,,queue-times.com
2026-08-09T14:15:47Z,2026-08-09,16,15,Disneyland Park,Mickey’s PhilharMagic,2707,OPERATING,STANDBY,0,,,queue-times.com
2026-08-09T14:15:47Z,2026-08-09,16,15,Disneyland Park,Orbitron®,7,OPERATING,STANDBY,30,,,queue-times.com
2026-08-09T14:15:47Z,2026-08-09,16,15,Disneyland Park,Star Tours: The Adventures Continue*,9,OPERATING,STANDBY,5,,,queue-times.com
2026-08-09T14:15:47Z,2026-08-09,16,15,Disneyland Park,Star Wars Hyperspace Mountain,8,OPERATING,STANDBY,30,,,queue-times.com
2026-08-09T14:15:47Z,2026-08-09,16,15,Disneyland Park,Star Wars Hyperspace Mountain Single Rider,7278,OPERATING,STANDBY,20,,,queue-times.com
2026-08-09T14:15:47Z,2026-08-09,16,15,Disneyland Park,Welcome to Starport: A Star Wars Encounter,4573,OPERATING,STANDBY,5,,,queue-times.com
2026-08-09T14:15:47Z,2026-08-09,16,15,Disneyland Park,"""it's a small world""",19,OPERATING,STANDBY,5,,,queue-times.com
2026-08-09T14:15:47Z,2026-08-09,16,15,Disneyland Park,Alice's Curious Labyrinth,14,OPERATING,STANDBY,5,,,queue-times.com
2026-08-09T14:15:47Z,2026-08-09,16,15,Disneyland Park,Blanche-Neige et les Sept Nains®,15,OPERATING,STANDBY,25,,,queue-times.com
2026-08-09T14:15:47Z,2026-08-09,16,15,Disneyland Park,Casey Jr. – le Petit Train du Cirque,17,OPERATING,STANDBY,20,,,queue-times.com
2026-08-09T14:15:47Z,2026-08-09,16,15,Disneyland Park,Disneyland Railroad Fantasyland Station,2711,CLOSED,STANDBY,0,,,queue-times.com
2026-08-09T14:15:47Z,2026-08-09,16,15,Disneyland Park,Disneyland Railroad Main Street Station,11,OPERATING,STANDBY,10,,,queue-times.com
2026-08-09T14:15:47Z,2026-08-09,16,15,Disneyland Park,Dumbo the Flying Elephant,18,OPERATING,STANDBY,30,,,queue-times.com
2026-08-09T14:15:47Z,2026-08-09,16,15,Disneyland Park,La Tanière du Dragon,2710,OPERATING,STANDBY,0,,,queue-times.com
2026-08-09T14:15:47Z,2026-08-09,16,15,Disneyland Park,Le Carrousel de Lancelot,16,OPERATING,STANDBY,5,,,queue-times.com
2026-08-09T14:15:47Z,2026-08-09,16,15,Disneyland Park,"Le Pays des Contes de Fées, presented by Vittel",21,OPERATING,STANDBY,5,,,queue-times.com
2026-08-09T14:15:47Z,2026-08-09,16,15,Disneyland Park,Les Voyages de Pinocchio,23,CLOSED,STANDBY,0,,,queue-times.com
2026-08-09T14:15:47Z,2026-08-09,16,15,Disneyland Park,Mad Hatter's Tea Cups,20,OPERATING,STANDBY,5,,,queue-times.com
2026-08-09T14:15:47Z,2026-08-09,16,15,Disneyland Park,Meet Mickey Mouse,13,OPERATING,STANDBY,0,,,queue-times.com
2026-08-09T14:15:47Z,2026-08-09,16,15,Disneyland Park,Peter Pan's Flight,22,OPERATING,STANDBY,55,,,queue-times.com
2026-08-09T14:15:47Z,2026-08-09,16,15,Disneyland Park,Princess Pavilion,24,OPERATING,STANDBY,0,,,queue-times.com
2026-08-09T14:15:47Z,2026-08-09,16,15,Disneyland Park,Big Thunder Mountain,25,OPERATING,STANDBY,100,,,queue-times.com
2026-08-09T14:15:47Z,2026-08-09,16,15,Disneyland Park,Disneyland Railroad Frontierland Depot,2714,OPERATING,STANDBY,20,,,queue-times.com
2026-08-09T14:15:47Z,2026-08-09,16,15,Disneyland Park,Frontierland Playground,2713,OPERATING,STANDBY,0,,,queue-times.com
2026-08-09T14:15:47Z,2026-08-09,16,15,Disneyland Park,Phantom Manor,26,OPERATING,STANDBY,15,,,queue-times.com
2026-08-09T14:15:47Z,2026-08-09,16,15,Disneyland Park,River Rogue Keelboats,27,CLOSED,STANDBY,0,,,queue-times.com
2026-08-09T14:15:47Z,2026-08-09,16,15,Disneyland Park,Rustler Roundup Shootin' Gallery,2712,OPERATING,STANDBY,0,,,queue-times.com
2026-08-09T14:15:47Z,2026-08-09,16,15,Disneyland Park,Thunder Mesa Riverboat Landing,28,OPERATING,STANDBY,20,,,queue-times.com
2026-08-09T14:15:47Z,2026-08-09,16,15,Disneyland Park,Disneyland Railroad Main Street Station,2708,OPERATING,STANDBY,0,,,queue-times.com
2026-08-09T14:15:47Z,2026-08-09,16,15,Disneyland Park,Main Street Vehicles,12,CLOSED,STANDBY,0,,,queue-times.com
2026-08-09T14:15:47Z,2026-08-09,16,15,Disney Adventure World,Avengers Assemble: Flight Force,10848,OPERATING,STANDBY,35,,,queue-times.com
2026-08-09T14:15:47Z,2026-08-09,16,15,Disney Adventure World,Avengers Assemble: Flight Force Single Rider,10849,OPERATING,STANDBY,25,,,queue-times.com
2026-08-09T14:15:47Z,2026-08-09,16,15,Disney Adventure World,Spider-Man W.E.B. Adventure,10845,OPERATING,STANDBY,40,,,queue-times.com
2026-08-09T14:15:47Z,2026-08-09,16,15,Disney Adventure World,Spider-Man W.E.B. Adventure Single Rider,10846,OPERATING,STANDBY,25,,,queue-times.com
2026-08-09T14:15:47Z,2026-08-09,16,15,Disney Adventure World,The Twilight Zone Tower of Terror,40,OPERATING,STANDBY,25,,,queue-times.com
2026-08-09T14:15:47Z,2026-08-09,16,15,Disney Adventure World,Cars Quatre Roues Rallye,31,OPERATING,STANDBY,15,,,queue-times.com
2026-08-09T14:15:47Z,2026-08-09,16,15,Disney Adventure World,Cars ROAD TRIP,29,OPERATING,STANDBY,5,,,queue-times.com
2026-08-09T14:15:47Z,2026-08-09,16,15,Disney Adventure World,Crush's Coaster,32,OPERATING,STANDBY,80,,,queue-times.com
2026-08-09T14:15:47Z,2026-08-09,16,15,Disney Adventure World,Crush's Coaster Single Rider,7277,OPERATING,STANDBY,45,,,queue-times.com
2026-08-09T14:15:47Z,2026-08-09,16,15,Disney Adventure World,Les Tapis Volants - Flying Carpets Over Agrabah®,33,OPERATING,STANDBY,15,,,queue-times.com
2026-08-09T14:15:47Z,2026-08-09,16,15,Disney Adventure World,Ratatouille : L’Aventure Totalement Toquée de Rémy​,37,OPERATING,STANDBY,45,,,queue-times.com
2026-08-09T14:15:47Z,2026-08-09,16,15,Disney Adventure World,Ratatouille: The Adventure Single Rider,7279,OPERATING,STANDBY,10,,,queue-times.com
2026-08-09T14:15:47Z,2026-08-09,16,15,Disney Adventure World,RC Racer,34,OPERATING,STANDBY,35,,,queue-times.com
2026-08-09T14:15:47Z,2026-08-09,16,15,Disney Adventure World,RC Racer Single Rider,7280,OPERATING,STANDBY,30,,,queue-times.com
2026-08-09T14:15:47Z,2026-08-09,16,15,Disney Adventure World,Slinky® Dog Zigzag Spin,36,OPERATING,STANDBY,10,,,queue-times.com
2026-08-09T14:15:47Z,2026-08-09,16,15,Disney Adventure World,Toy Soldiers Parachute Drop,35,OPERATING,STANDBY,40,,,queue-times.com
2026-08-09T14:15:47Z,2026-08-09,16,15,Disney Adventure World,Toy Soldiers Parachute Drop Single Rider,7281,OPERATING,STANDBY,10,,,queue-times.com
2026-08-09T14:15:47Z,2026-08-09,16,15,Disney Adventure World,Entry to World of Frozen,16247,OPERATING,STANDBY,0,,,queue-times.com
2026-08-09T14:15:47Z,2026-08-09,16,15,Disney Adventure World,Frozen Ever After,15413,OPERATING,STANDBY,55,,,queue-times.com
2026-08-09T14:15:47Z,2026-08-09,16,15,Disney Adventure World,Raiponce Tangled Spin,15415,OPERATING,STANDBY,5,,,queue-times.com
2026-08-09T14:16:31Z,2026-08-09,16,16,Disneyland Park,Adventure Isle,2702,OPERATING,STANDBY,0,,,queue-times.com
2026-08-09T14:16:31Z,2026-08-09,16,16,Disneyland Park,Indiana Jones and the Temple of Peril Single Rider,7306,OPERATING,STANDBY,5,,,queue-times.com
2026-08-09T14:16:31Z,2026-08-09,16,16,Disneyland Park,Indiana Jones™ and the Temple of Peril,2,OPERATING,STANDBY,5,,,queue-times.com
2026-08-09T14:16:31Z,2026-08-09,16,16,Disneyland Park,La Cabane des Robinson,1,OPERATING,STANDBY,5,,,queue-times.com
2026-08-09T14:16:31Z,2026-08-09,16,16,Disneyland Park,Le Passage Enchanté d'Aladdin,2703,OPERATING,STANDBY,0,,,queue-times.com
2026-08-09T14:16:31Z,2026-08-09,16,16,Disneyland Park,Pirate Galleon,2705,CLOSED,STANDBY,0,,,queue-times.com
2026-08-09T14:16:31Z,2026-08-09,16,16,Disneyland Park,Pirates of the Caribbean,3,OPERATING,STANDBY,20,,,queue-times.com
2026-08-09T14:16:31Z,2026-08-09,16,16,Disneyland Park,Pirates' Beach,2704,OPERATING,STANDBY,0,,,queue-times.com
2026-08-09T14:16:31Z,2026-08-09,16,16,Disneyland Park,"Autopia, presented by Avis",4,OPERATING,STANDBY,25,,,queue-times.com
2026-08-09T14:16:31Z,2026-08-09,16,16,Disneyland Park,Buzz Lightyear Laser Blast,5,OPERATING,STANDBY,60,,,queue-times.com
2026-08-09T14:16:31Z,2026-08-09,16,16,Disneyland Park,Disneyland Railroad Discoveryland Station,2706,CLOSED,STANDBY,0,,,queue-times.com
2026-08-09T14:16:31Z,2026-08-09,16,16,Disneyland Park,Les Mystères du Nautilus,6,OPERATING,STANDBY,5,,,queue-times.com
2026-08-09T14:16:31Z,2026-08-09,16,16,Disneyland Park,Mickey’s PhilharMagic,2707,OPERATING,STANDBY,0,,,queue-times.com
2026-08-09T14:16:31Z,2026-08-09,16,16,Disneyland Park,Orbitron®,7,OPERATING,STANDBY,30,,,queue-times.com
2026-08-09T14:16:31Z,2026-08-09,16,16,Disneyland Park,Star Tours: The Adventures Continue*,9,OPERATING,STANDBY,5,,,queue-times.com
2026-08-09T14:16:31Z,2026-08-09,16,16,Disneyland Park,Star Wars Hyperspace Mountain,8,OPERATING,STANDBY,30,,,queue-times.com
2026-08-09T14:16:31Z,2026-08-09,16,16,Disneyland Park,Star Wars Hyperspace Mountain Single Rider,7278,OPERATING,STANDBY,20,,,queue-times.com
2026-08-09T14:16:31Z,2026-08-09,16,16,Disneyland Park,Welcome to Starport: A Star Wars Encounter,4573,OPERATING,STANDBY,15,,,queue-times.com
2026-08-09T14:16:31Z,2026-08-09,16,16,Disneyland Park,"""it's a small world""",19,OPERATING,STANDBY,5,,,queue-times.com
2026-08-09T14:16:31Z,2026-08-09,16,16,Disneyland Park,Alice's Curious Labyrinth,14,OPERATING,STANDBY,5,,,queue-times.com
2026-08-09T14:16:31Z,2026-08-09,16,16,Disneyland Park,Blanche-Neige et les Sept Nains®,15,OPERATING,STANDBY,25,,,queue-times.com
2026-08-09T14:16:31Z,2026-08-09,16,16,Disneyland Park,Casey Jr. – le Petit Train du Cirque,17,OPERATING,STANDBY,20,,,queue-times.com
2026-08-09T14:16:31Z,2026-08-09,16,16,Disneyland Park,Disneyland Railroad Fantasyland Station,2711,CLOSED,STANDBY,0,,,queue-times.com
2026-08-09T14:16:31Z,2026-08-09,16,16,Disneyland Park,Disneyland Railroad Main Street Station,11,OPERATING,STANDBY,10,,,queue-times.com
2026-08-09T14:16:31Z,2026-08-09,16,16,Disneyland Park,Dumbo the Flying Elephant,18,OPERATING,STANDBY,30,,,queue-times.com
2026-08-09T14:16:31Z,2026-08-09,16,16,Disneyland Park,La Tanière du Dragon,2710,OPERATING,STANDBY,0,,,queue-times.com
2026-08-09T14:16:31Z,2026-08-09,16,16,Disneyland Park,Le Carrousel de Lancelot,16,OPERATING,STANDBY,5,,,queue-times.com
2026-08-09T14:16:31Z,2026-08-09,16,16,Disneyland Park,"Le Pays des Contes de Fées, presented by Vittel",21,OPERATING,STANDBY,5,,,queue-times.com
2026-08-09T14:16:31Z,2026-08-09,16,16,Disneyland Park,Les Voyages de Pinocchio,23,OPERATING,STANDBY,15,,,queue-times.com
2026-08-09T14:16:31Z,2026-08-09,16,16,Disneyland Park,Mad Hatter's Tea Cups,20,OPERATING,STANDBY,5,,,queue-times.com
2026-08-09T14:16:31Z,2026-08-09,16,16,Disneyland Park,Meet Mickey Mouse,13,OPERATING,STANDBY,0,,,queue-times.com
2026-08-09T14:16:31Z,2026-08-09,16,16,Disneyland Park,Peter Pan's Flight,22,OPERATING,STANDBY,60,,,queue-times.com
2026-08-09T14:16:31Z,2026-08-09,16,16,Disneyland Park,Princess Pavilion,24,OPERATING,STANDBY,0,,,queue-times.com
2026-08-09T14:16:31Z,2026-08-09,16,16,Disneyland Park,Big Thunder Mountain,25,OPERATING,STANDBY,100,,,queue-times.com
2026-08-09T14:16:31Z,2026-08-09,16,16,Disneyland Park,Disneyland Railroad Frontierland Depot,2714,OPERATING,STANDBY,20,,,queue-times.com
2026-08-09T14:16:31Z,2026-08-09,16,16,Disneyland Park,Frontierland Playground,2713,OPERATING,STANDBY,0,,,queue-times.com
2026-08-09T14:16:31Z,2026-08-09,16,16,Disneyland Park,Phantom Manor,26,OPERATING,STANDBY,15,,,queue-times.com
2026-08-09T14:16:31Z,2026-08-09,16,16,Disneyland Park,River Rogue Keelboats,27,CLOSED,STANDBY,0,,,queue-times.com
2026-08-09T14:16:31Z,2026-08-09,16,16,Disneyland Park,Rustler Roundup Shootin' Gallery,2712,OPERATING,STANDBY,0,,,queue-times.com
2026-08-09T14:16:31Z,2026-08-09,16,16,Disneyland Park,Thunder Mesa Riverboat Landing,28,OPERATING,STANDBY,20,,,queue-times.com
2026-08-09T14:16:31Z,2026-08-09,16,16,Disneyland Park,Disneyland Railroad Main Street Station,2708,OPERATING,STANDBY,0,,,queue-times.com
2026-08-09T14:16:31Z,2026-08-09,16,16,Disneyland Park,Main Street Vehicles,12,CLOSED,STANDBY,0,,,queue-times.com
2026-08-09T14:16:31Z,2026-08-09,16,16,Disney Adventure World,Avengers Assemble: Flight Force,10848,OPERATING,STANDBY,35,,,queue-times.com
2026-08-09T14:16:31Z,2026-08-09,16,16,Disney Adventure World,Avengers Assemble: Flight Force Single Rider,10849,OPERATING,STANDBY,25,,,queue-times.com
2026-08-09T14:16:31Z,2026-08-09,16,16,Disney Adventure World,Spider-Man W.E.B. Adventure,10845,OPERATING,STANDBY,40,,,queue-times.com
2026-08-09T14:16:31Z,2026-08-09,16,16,Disney Adventure World,Spider-Man W.E.B. Adventure Single Rider,10846,OPERATING,STANDBY,25,,,queue-times.com
2026-08-09T14:16:31Z,2026-08-09,16,16,Disney Adventure World,The Twilight Zone Tower of Terror,40,OPERATING,STANDBY,25,,,queue-times.com
2026-08-09T14:16:31Z,2026-08-09,16,16,Disney Adventure World,Cars Quatre Roues Rallye,31,OPERATING,STANDBY,15,,,queue-times.com
2026-08-09T14:16:31Z,2026-08-09,16,16,Disney Adventure World,Cars ROAD TRIP,29,OPERATING,STANDBY,5,,,queue-times.com
2026-08-09T14:16:31Z,2026-08-09,16,16,Disney Adventure World,Crush's Coaster,32,OPERATING,STANDBY,95,,,queue-times.com
2026-08-09T14:16:31Z,2026-08-09,16,16,Disney Adventure World,Crush's Coaster Single Rider,7277,OPERATING,STANDBY,40,,,queue-times.com
2026-08-09T14:16:31Z,2026-08-09,16,16,Disney Adventure World,Les Tapis Volants - Flying Carpets Over Agrabah®,33,OPERATING,STANDBY,10,,,queue-times.com
2026-08-09T14:16:31Z,2026-08-09,16,16,Disney Adventure World,Ratatouille : L’Aventure Totalement Toquée de Rémy​,37,OPERATING,STANDBY,45,,,queue-times.com
2026-08-09T14:16:31Z,2026-08-09,16,16,Disney Adventure World,Ratatouille: The Adventure Single Rider,7279,OPERATING,STANDBY,10,,,queue-times.com
2026-08-09T14:16:31Z,2026-08-09,16,16,Disney Adventure World,RC Racer,34,OPERATING,STANDBY,35,,,queue-times.com
2026-08-09T14:16:31Z,2026-08-09,16,16,Disney Adventure World,RC Racer Single Rider,7280,OPERATING,STANDBY,30,,,queue-times.com
2026-08-09T14:16:31Z,2026-08-09,16,16,Disney Adventure World,Slinky® Dog Zigzag Spin,36,OPERATING,STANDBY,10,,,queue-times.com
2026-08-09T14:16:31Z,2026-08-09,16,16,Disney Adventure World,Toy Soldiers Parachute Drop,35,OPERATING,STANDBY,40,,,queue-times.com
2026-08-09T14:16:31Z,2026-08-09,16,16,Disney Adventure World,Toy Soldiers Parachute Drop Single Rider,7281,OPERATING,STANDBY,10,,,queue-times.com
2026-08-09T14:16:31Z,2026-08-09,16,16,Disney Adventure World,Entry to World of Frozen,16247,OPERATING,STANDBY,0,,,queue-times.com
2026-08-09T14:16:31Z,2026-08-09,16,16,Disney Adventure World,Frozen Ever After,15413,OPERATING,STANDBY,55,,,queue-times.com
2026-08-09T14:16:31Z,2026-08-09,16,16,Disney Adventure World,Raiponce Tangled Spin,15415,OPERATING,STANDBY,5,,,queue-times.com
2026-08-09T14:31:04Z,2026-08-09,16,31,Disneyland Park,Adventure Isle,2702,OPERATING,STANDBY,0,,,queue-times.com
2026-08-09T14:31:04Z,2026-08-09,16,31,Disneyland Park,Indiana Jones and the Temple of Peril Single Rider,7306,OPERATING,STANDBY,5,,,queue-times.com
2026-08-09T14:31:04Z,2026-08-09,16,31,Disneyland Park,Indiana Jones™ and the Temple of Peril,2,OPERATING,STANDBY,15,,,queue-times.com
2026-08-09T14:31:04Z,2026-08-09,16,31,Disneyland Park,La Cabane des Robinson,1,OPERATING,STANDBY,5,,,queue-times.com
2026-08-09T14:31:04Z,2026-08-09,16,31,Disneyland Park,Le Passage Enchanté d'Aladdin,2703,OPERATING,STANDBY,0,,,queue-times.com
2026-08-09T14:31:04Z,2026-08-09,16,31,Disneyland Park,Pirate Galleon,2705,CLOSED,STANDBY,0,,,queue-times.com
2026-08-09T14:31:04Z,2026-08-09,16,31,Disneyland Park,Pirates of the Caribbean,3,OPERATING,STANDBY,15,,,queue-times.com
2026-08-09T14:31:04Z,2026-08-09,16,31,Disneyland Park,Pirates' Beach,2704,OPERATING,STANDBY,0,,,queue-times.com
2026-08-09T14:31:04Z,2026-08-09,16,31,Disneyland Park,"Autopia, presented by Avis",4,OPERATING,STANDBY,25,,,queue-times.com
2026-08-09T14:31:04Z,2026-08-09,16,31,Disneyland Park,Buzz Lightyear Laser Blast,5,OPERATING,STANDBY,60,,,queue-times.com
2026-08-09T14:31:04Z,2026-08-09,16,31,Disneyland Park,Disneyland Railroad Discoveryland Station,2706,CLOSED,STANDBY,0,,,queue-times.com
2026-08-09T14:31:04Z,2026-08-09,16,31,Disneyland Park,Les Mystères du Nautilus,6,OPERATING,STANDBY,5,,,queue-times.com
2026-08-09T14:31:04Z,2026-08-09,16,31,Disneyland Park,Mickey’s PhilharMagic,2707,OPERATING,STANDBY,0,,,queue-times.com
2026-08-09T14:31:04Z,2026-08-09,16,31,Disneyland Park,Orbitron®,7,OPERATING,STANDBY,35,,,queue-times.com
2026-08-09T14:31:04Z,2026-08-09,16,31,Disneyland Park,Star Tours: The Adventures Continue*,9,OPERATING,STANDBY,5,,,queue-times.com
2026-08-09T14:31:04Z,2026-08-09,16,31,Disneyland Park,Star Wars Hyperspace Mountain,8,OPERATING,STANDBY,25,,,queue-times.com
2026-08-09T14:31:04Z,2026-08-09,16,31,Disneyland Park,Star Wars Hyperspace Mountain Single Rider,7278,OPERATING,STANDBY,15,,,queue-times.com
2026-08-09T14:31:04Z,2026-08-09,16,31,Disneyland Park,Welcome to Starport: A Star Wars Encounter,4573,OPERATING,STANDBY,15,,,queue-times.com
2026-08-09T14:31:04Z,2026-08-09,16,31,Disneyland Park,"""it's a small world""",19,OPERATING,STANDBY,5,,,queue-times.com
2026-08-09T14:31:04Z,2026-08-09,16,31,Disneyland Park,Alice's Curious Labyrinth,14,OPERATING,STANDBY,5,,,queue-times.com
2026-08-09T14:31:04Z,2026-08-09,16,31,Disneyland Park,Blanche-Neige et les Sept Nains®,15,OPERATING,STANDBY,15,,,queue-times.com
2026-08-09T14:31:04Z,2026-08-09,16,31,Disneyland Park,Casey Jr. – le Petit Train du Cirque,17,OPERATING,STANDBY,20,,,queue-times.com
2026-08-09T14:31:04Z,2026-08-09,16,31,Disneyland Park,Disneyland Railroad Fantasyland Station,2711,CLOSED,STANDBY,0,,,queue-times.com
2026-08-09T14:31:04Z,2026-08-09,16,31,Disneyland Park,Disneyland Railroad Main Street Station,11,OPERATING,STANDBY,10,,,queue-times.com
2026-08-09T14:31:04Z,2026-08-09,16,31,Disneyland Park,Dumbo the Flying Elephant,18,OPERATING,STANDBY,30,,,queue-times.com
2026-08-09T14:31:04Z,2026-08-09,16,31,Disneyland Park,La Tanière du Dragon,2710,OPERATING,STANDBY,0,,,queue-times.com
2026-08-09T14:31:04Z,2026-08-09,16,31,Disneyland Park,Le Carrousel de Lancelot,16,OPERATING,STANDBY,5,,,queue-times.com
2026-08-09T14:31:04Z,2026-08-09,16,31,Disneyland Park,"Le Pays des Contes de Fées, presented by Vittel",21,OPERATING,STANDBY,5,,,queue-times.com
2026-08-09T14:31:04Z,2026-08-09,16,31,Disneyland Park,Les Voyages de Pinocchio,23,OPERATING,STANDBY,15,,,queue-times.com
2026-08-09T14:31:04Z,2026-08-09,16,31,Disneyland Park,Mad Hatter's Tea Cups,20,OPERATING,STANDBY,5,,,queue-times.com
2026-08-09T14:31:04Z,2026-08-09,16,31,Disneyland Park,Meet Mickey Mouse,13,OPERATING,STANDBY,0,,,queue-times.com
2026-08-09T14:31:04Z,2026-08-09,16,31,Disneyland Park,Peter Pan's Flight,22,OPERATING,STANDBY,45,,,queue-times.com
2026-08-09T14:31:04Z,2026-08-09,16,31,Disneyland Park,Princess Pavilion,24,OPERATING,STANDBY,0,,,queue-times.com
2026-08-09T14:31:04Z,2026-08-09,16,31,Disneyland Park,Big Thunder Mountain,25,OPERATING,STANDBY,90,,,queue-times.com
2026-08-09T14:31:04Z,2026-08-09,16,31,Disneyland Park,Disneyland Railroad Frontierland Depot,2714,OPERATING,STANDBY,20,,,queue-times.com
2026-08-09T14:31:04Z,2026-08-09,16,31,Disneyland Park,Frontierland Playground,2713,OPERATING,STANDBY,0,,,queue-times.com
2026-08-09T14:31:04Z,2026-08-09,16,31,Disneyland Park,Phantom Manor,26,OPERATING,STANDBY,15,,,queue-times.com
2026-08-09T14:31:04Z,2026-08-09,16,31,Disneyland Park,River Rogue Keelboats,27,CLOSED,STANDBY,0,,,queue-times.com
2026-08-09T14:31:04Z,2026-08-09,16,31,Disneyland Park,Rustler Roundup Shootin' Gallery,2712,OPERATING,STANDBY,0,,,queue-times.com
2026-08-09T14:31:04Z,2026-08-09,16,31,Disneyland Park,Thunder Mesa Riverboat Landing,28,OPERATING,STANDBY,20,,,queue-times.com
2026-08-09T14:31:04Z,2026-08-09,16,31,Disneyland Park,Disneyland Railroad Main Street Station,2708,OPERATING,STANDBY,0,,,queue-times.com
2026-08-09T14:31:04Z,2026-08-09,16,31,Disneyland Park,Main Street Vehicles,12,CLOSED,STANDBY,0,,,queue-times.com
2026-08-09T14:31:04Z,2026-08-09,16,31,Disney Adventure World,Avengers Assemble: Flight Force,10848,OPERATING,STANDBY,35,,,queue-times.com
2026-08-09T14:31:04Z,2026-08-09,16,31,Disney Adventure World,Avengers Assemble: Flight Force Single Rider,10849,OPERATING,STANDBY,25,,,queue-times.com
2026-08-09T14:31:04Z,2026-08-09,16,31,Disney Adventure World,Spider-Man W.E.B. Adventure,10845,CLOSED,STANDBY,0,,,queue-times.com
2026-08-09T14:31:04Z,2026-08-09,16,31,Disney Adventure World,Spider-Man W.E.B. Adventure Single Rider,10846,CLOSED,STANDBY,0,,,queue-times.com
2026-08-09T14:31:04Z,2026-08-09,16,31,Disney Adventure World,The Twilight Zone Tower of Terror,40,OPERATING,STANDBY,30,,,queue-times.com
2026-08-09T14:31:04Z,2026-08-09,16,31,Disney Adventure World,Cars Quatre Roues Rallye,31,OPERATING,STANDBY,5,,,queue-times.com
2026-08-09T14:31:04Z,2026-08-09,16,31,Disney Adventure World,Cars ROAD TRIP,29,OPERATING,STANDBY,5,,,queue-times.com
2026-08-09T14:31:04Z,2026-08-09,16,31,Disney Adventure World,Crush's Coaster,32,OPERATING,STANDBY,80,,,queue-times.com
2026-08-09T14:31:04Z,2026-08-09,16,31,Disney Adventure World,Crush's Coaster Single Rider,7277,OPERATING,STANDBY,40,,,queue-times.com
2026-08-09T14:31:04Z,2026-08-09,16,31,Disney Adventure World,Les Tapis Volants - Flying Carpets Over Agrabah®,33,OPERATING,STANDBY,10,,,queue-times.com
2026-08-09T14:31:04Z,2026-08-09,16,31,Disney Adventure World,Ratatouille : L’Aventure Totalement Toquée de Rémy​,37,OPERATING,STANDBY,55,,,queue-times.com
2026-08-09T14:31:04Z,2026-08-09,16,31,Disney Adventure World,Ratatouille: The Adventure Single Rider,7279,OPERATING,STANDBY,20,,,queue-times.com
2026-08-09T14:31:04Z,2026-08-09,16,31,Disney Adventure World,RC Racer,34,OPERATING,STANDBY,40,,,queue-times.com
2026-08-09T14:31:04Z,2026-08-09,16,31,Disney Adventure World,RC Racer Single Rider,7280,OPERATING,STANDBY,30,,,queue-times.com
2026-08-09T14:31:04Z,2026-08-09,16,31,Disney Adventure World,Slinky® Dog Zigzag Spin,36,OPERATING,STANDBY,10,,,queue-times.com
2026-08-09T14:31:04Z,2026-08-09,16,31,Disney Adventure World,Toy Soldiers Parachute Drop,35,OPERATING,STANDBY,40,,,queue-times.com
2026-08-09T14:31:04Z,2026-08-09,16,31,Disney Adventure World,Toy Soldiers Parachute Drop Single Rider,7281,OPERATING,STANDBY,5,,,queue-times.com
2026-08-09T14:31:04Z,2026-08-09,16,31,Disney Adventure World,Entry to World of Frozen,16247,OPERATING,STANDBY,0,,,queue-times.com
2026-08-09T14:31:04Z,2026-08-09,16,31,Disney Adventure World,Frozen Ever After,15413,OPERATING,STANDBY,55,,,queue-times.com
2026-08-09T14:31:04Z,2026-08-09,16,31,Disney Adventure World,Raiponce Tangled Spin,15415,OPERATING,STANDBY,5,,,queue-times.com
2026-08-09T14:45:46Z,2026-08-09,16,45,Disneyland Park,Adventure Isle,2702,OPERATING,STANDBY,0,,,queue-times.com
2026-08-09T14:45:46Z,2026-08-09,16,45,Disneyland Park,Indiana Jones and the Temple of Peril Single Rider,7306,OPERATING,STANDBY,5,,,queue-times.com
2026-08-09T14:45:46Z,2026-08-09,16,45,Disneyland Park,Indiana Jones™ and the Temple of Peril,2,OPERATING,STANDBY,20,,,queue-times.com
2026-08-09T14:45:46Z,2026-08-09,16,45,Disneyland Park,La Cabane des Robinson,1,OPERATING,STANDBY,5,,,queue-times.com
2026-08-09T14:45:46Z,2026-08-09,16,45,Disneyland Park,Le Passage Enchanté d'Aladdin,2703,OPERATING,STANDBY,0,,,queue-times.com
2026-08-09T14:45:46Z,2026-08-09,16,45,Disneyland Park,Pirate Galleon,2705,CLOSED,STANDBY,0,,,queue-times.com
2026-08-09T14:45:46Z,2026-08-09,16,45,Disneyland Park,Pirates of the Caribbean,3,OPERATING,STANDBY,10,,,queue-times.com
2026-08-09T14:45:46Z,2026-08-09,16,45,Disneyland Park,Pirates' Beach,2704,OPERATING,STANDBY,0,,,queue-times.com
2026-08-09T14:45:46Z,2026-08-09,16,45,Disneyland Park,"Autopia, presented by Avis",4,OPERATING,STANDBY,30,,,queue-times.com
2026-08-09T14:45:46Z,2026-08-09,16,45,Disneyland Park,Buzz Lightyear Laser Blast,5,OPERATING,STANDBY,45,,,queue-times.com
2026-08-09T14:45:46Z,2026-08-09,16,45,Disneyland Park,Disneyland Railroad Discoveryland Station,2706,CLOSED,STANDBY,0,,,queue-times.com
2026-08-09T14:45:46Z,2026-08-09,16,45,Disneyland Park,Les Mystères du Nautilus,6,OPERATING,STANDBY,5,,,queue-times.com
2026-08-09T14:45:46Z,2026-08-09,16,45,Disneyland Park,Mickey’s PhilharMagic,2707,OPERATING,STANDBY,0,,,queue-times.com
2026-08-09T14:45:46Z,2026-08-09,16,45,Disneyland Park,Orbitron®,7,OPERATING,STANDBY,45,,,queue-times.com
2026-08-09T14:45:46Z,2026-08-09,16,45,Disneyland Park,Star Tours: The Adventures Continue*,9,OPERATING,STANDBY,5,,,queue-times.com
2026-08-09T14:45:46Z,2026-08-09,16,45,Disneyland Park,Star Wars Hyperspace Mountain,8,OPERATING,STANDBY,25,,,queue-times.com
2026-08-09T14:45:46Z,2026-08-09,16,45,Disneyland Park,Star Wars Hyperspace Mountain Single Rider,7278,OPERATING,STANDBY,15,,,queue-times.com
2026-08-09T14:45:46Z,2026-08-09,16,45,Disneyland Park,Welcome to Starport: A Star Wars Encounter,4573,OPERATING,STANDBY,15,,,queue-times.com
2026-08-09T14:45:46Z,2026-08-09,16,45,Disneyland Park,"""it's a small world""",19,OPERATING,STANDBY,5,,,queue-times.com
2026-08-09T14:45:46Z,2026-08-09,16,45,Disneyland Park,Alice's Curious Labyrinth,14,OPERATING,STANDBY,5,,,queue-times.com
2026-08-09T14:45:46Z,2026-08-09,16,45,Disneyland Park,Blanche-Neige et les Sept Nains®,15,OPERATING,STANDBY,15,,,queue-times.com
2026-08-09T14:45:46Z,2026-08-09,16,45,Disneyland Park,Casey Jr. – le Petit Train du Cirque,17,OPERATING,STANDBY,20,,,queue-times.com
2026-08-09T14:45:46Z,2026-08-09,16,45,Disneyland Park,Disneyland Railroad Fantasyland Station,2711,CLOSED,STANDBY,0,,,queue-times.com
2026-08-09T14:45:46Z,2026-08-09,16,45,Disneyland Park,Disneyland Railroad Main Street Station,11,OPERATING,STANDBY,10,,,queue-times.com
2026-08-09T14:45:46Z,2026-08-09,16,45,Disneyland Park,Dumbo the Flying Elephant,18,OPERATING,STANDBY,25,,,queue-times.com
2026-08-09T14:45:46Z,2026-08-09,16,45,Disneyland Park,La Tanière du Dragon,2710,OPERATING,STANDBY,0,,,queue-times.com
2026-08-09T14:45:46Z,2026-08-09,16,45,Disneyland Park,Le Carrousel de Lancelot,16,OPERATING,STANDBY,5,,,queue-times.com
2026-08-09T14:45:46Z,2026-08-09,16,45,Disneyland Park,"Le Pays des Contes de Fées, presented by Vittel",21,OPERATING,STANDBY,5,,,queue-times.com
2026-08-09T14:45:46Z,2026-08-09,16,45,Disneyland Park,Les Voyages de Pinocchio,23,OPERATING,STANDBY,15,,,queue-times.com
2026-08-09T14:45:46Z,2026-08-09,16,45,Disneyland Park,Mad Hatter's Tea Cups,20,OPERATING,STANDBY,10,,,queue-times.com
2026-08-09T14:45:46Z,2026-08-09,16,45,Disneyland Park,Meet Mickey Mouse,13,OPERATING,STANDBY,0,,,queue-times.com
2026-08-09T14:45:46Z,2026-08-09,16,45,Disneyland Park,Peter Pan's Flight,22,OPERATING,STANDBY,55,,,queue-times.com
2026-08-09T14:45:46Z,2026-08-09,16,45,Disneyland Park,Princess Pavilion,24,OPERATING,STANDBY,0,,,queue-times.com
2026-08-09T14:45:46Z,2026-08-09,16,45,Disneyland Park,Big Thunder Mountain,25,OPERATING,STANDBY,90,,,queue-times.com
2026-08-09T14:45:46Z,2026-08-09,16,45,Disneyland Park,Disneyland Railroad Frontierland Depot,2714,OPERATING,STANDBY,20,,,queue-times.com
2026-08-09T14:45:46Z,2026-08-09,16,45,Disneyland Park,Frontierland Playground,2713,OPERATING,STANDBY,0,,,queue-times.com
2026-08-09T14:45:46Z,2026-08-09,16,45,Disneyland Park,Phantom Manor,26,OPERATING,STANDBY,15,,,queue-times.com
2026-08-09T14:45:46Z,2026-08-09,16,45,Disneyland Park,River Rogue Keelboats,27,CLOSED,STANDBY,0,,,queue-times.com
2026-08-09T14:45:46Z,2026-08-09,16,45,Disneyland Park,Rustler Roundup Shootin' Gallery,2712,OPERATING,STANDBY,0,,,queue-times.com
2026-08-09T14:45:46Z,2026-08-09,16,45,Disneyland Park,Thunder Mesa Riverboat Landing,28,OPERATING,STANDBY,20,,,queue-times.com
2026-08-09T14:45:46Z,2026-08-09,16,45,Disneyland Park,Disneyland Railroad Main Street Station,2708,OPERATING,STANDBY,0,,,queue-times.com
2026-08-09T14:45:46Z,2026-08-09,16,45,Disneyland Park,Main Street Vehicles,12,CLOSED,STANDBY,0,,,queue-times.com
2026-08-09T14:45:46Z,2026-08-09,16,45,Disney Adventure World,Avengers Assemble: Flight Force,10848,OPERATING,STANDBY,35,,,queue-times.com
2026-08-09T14:45:46Z,2026-08-09,16,45,Disney Adventure World,Avengers Assemble: Flight Force Single Rider,10849,OPERATING,STANDBY,25,,,queue-times.com
2026-08-09T14:45:46Z,2026-08-09,16,45,Disney Adventure World,Spider-Man W.E.B. Adventure,10845,OPERATING,STANDBY,50,,,queue-times.com
2026-08-09T14:45:46Z,2026-08-09,16,45,Disney Adventure World,Spider-Man W.E.B. Adventure Single Rider,10846,OPERATING,STANDBY,15,,,queue-times.com
2026-08-09T14:45:46Z,2026-08-09,16,45,Disney Adventure World,The Twilight Zone Tower of Terror,40,OPERATING,STANDBY,50,,,queue-times.com
2026-08-09T14:45:46Z,2026-08-09,16,45,Disney Adventure World,Cars Quatre Roues Rallye,31,OPERATING,STANDBY,15,,,queue-times.com
2026-08-09T14:45:46Z,2026-08-09,16,45,Disney Adventure World,Cars ROAD TRIP,29,OPERATING,STANDBY,5,,,queue-times.com
2026-08-09T14:45:46Z,2026-08-09,16,45,Disney Adventure World,Crush's Coaster,32,OPERATING,STANDBY,60,,,queue-times.com
2026-08-09T14:45:46Z,2026-08-09,16,45,Disney Adventure World,Crush's Coaster Single Rider,7277,OPERATING,STANDBY,45,,,queue-times.com
2026-08-09T14:45:46Z,2026-08-09,16,45,Disney Adventure World,Les Tapis Volants - Flying Carpets Over Agrabah®,33,OPERATING,STANDBY,5,,,queue-times.com
2026-08-09T14:45:46Z,2026-08-09,16,45,Disney Adventure World,Ratatouille : L’Aventure Totalement Toquée de Rémy​,37,OPERATING,STANDBY,75,,,queue-times.com
2026-08-09T14:45:46Z,2026-08-09,16,45,Disney Adventure World,Ratatouille: The Adventure Single Rider,7279,OPERATING,STANDBY,30,,,queue-times.com
2026-08-09T14:45:46Z,2026-08-09,16,45,Disney Adventure World,RC Racer,34,OPERATING,STANDBY,45,,,queue-times.com
2026-08-09T14:45:46Z,2026-08-09,16,45,Disney Adventure World,RC Racer Single Rider,7280,OPERATING,STANDBY,40,,,queue-times.com
2026-08-09T14:45:46Z,2026-08-09,16,45,Disney Adventure World,Slinky® Dog Zigzag Spin,36,OPERATING,STANDBY,10,,,queue-times.com
2026-08-09T14:45:46Z,2026-08-09,16,45,Disney Adventure World,Toy Soldiers Parachute Drop,35,OPERATING,STANDBY,35,,,queue-times.com
2026-08-09T14:45:46Z,2026-08-09,16,45,Disney Adventure World,Toy Soldiers Parachute Drop Single Rider,7281,OPERATING,STANDBY,15,,,queue-times.com
2026-08-09T14:45:46Z,2026-08-09,16,45,Disney Adventure World,Entry to World of Frozen,16247,OPERATING,STANDBY,0,,,queue-times.com
2026-08-09T14:45:46Z,2026-08-09,16,45,Disney Adventure World,Frozen Ever After,15413,OPERATING,STANDBY,55,,,queue-times.com
2026-08-09T14:45:46Z,2026-08-09,16,45,Disney Adventure World,Raiponce Tangled Spin,15415,OPERATING,STANDBY,5,,,queue-times.com
2026-08-09T14:56:18Z,2026-08-09,16,56,Disneyland Park,Adventure Isle,2702,OPERATING,STANDBY,0,,,queue-times.com
2026-08-09T14:56:18Z,2026-08-09,16,56,Disneyland Park,Indiana Jones and the Temple of Peril Single Rider,7306,OPERATING,STANDBY,15,,,queue-times.com
2026-08-09T14:56:18Z,2026-08-09,16,56,Disneyland Park,Indiana Jones™ and the Temple of Peril,2,OPERATING,STANDBY,25,,,queue-times.com
2026-08-09T14:56:18Z,2026-08-09,16,56,Disneyland Park,La Cabane des Robinson,1,OPERATING,STANDBY,5,,,queue-times.com
2026-08-09T14:56:18Z,2026-08-09,16,56,Disneyland Park,Le Passage Enchanté d'Aladdin,2703,OPERATING,STANDBY,0,,,queue-times.com
2026-08-09T14:56:18Z,2026-08-09,16,56,Disneyland Park,Pirate Galleon,2705,CLOSED,STANDBY,0,,,queue-times.com
2026-08-09T14:56:18Z,2026-08-09,16,56,Disneyland Park,Pirates of the Caribbean,3,OPERATING,STANDBY,10,,,queue-times.com
2026-08-09T14:56:18Z,2026-08-09,16,56,Disneyland Park,Pirates' Beach,2704,OPERATING,STANDBY,0,,,queue-times.com
2026-08-09T14:56:18Z,2026-08-09,16,56,Disneyland Park,"Autopia, presented by Avis",4,OPERATING,STANDBY,35,,,queue-times.com
2026-08-09T14:56:18Z,2026-08-09,16,56,Disneyland Park,Buzz Lightyear Laser Blast,5,OPERATING,STANDBY,45,,,queue-times.com
2026-08-09T14:56:18Z,2026-08-09,16,56,Disneyland Park,Disneyland Railroad Discoveryland Station,2706,CLOSED,STANDBY,0,,,queue-times.com
2026-08-09T14:56:18Z,2026-08-09,16,56,Disneyland Park,Les Mystères du Nautilus,6,OPERATING,STANDBY,5,,,queue-times.com
2026-08-09T14:56:18Z,2026-08-09,16,56,Disneyland Park,Mickey’s PhilharMagic,2707,OPERATING,STANDBY,0,,,queue-times.com
2026-08-09T14:56:18Z,2026-08-09,16,56,Disneyland Park,Orbitron®,7,OPERATING,STANDBY,45,,,queue-times.com
2026-08-09T14:56:18Z,2026-08-09,16,56,Disneyland Park,Star Tours: The Adventures Continue*,9,OPERATING,STANDBY,10,,,queue-times.com
2026-08-09T14:56:18Z,2026-08-09,16,56,Disneyland Park,Star Wars Hyperspace Mountain,8,OPERATING,STANDBY,30,,,queue-times.com
2026-08-09T14:56:18Z,2026-08-09,16,56,Disneyland Park,Star Wars Hyperspace Mountain Single Rider,7278,OPERATING,STANDBY,20,,,queue-times.com
2026-08-09T14:56:18Z,2026-08-09,16,56,Disneyland Park,Welcome to Starport: A Star Wars Encounter,4573,OPERATING,STANDBY,25,,,queue-times.com
2026-08-09T14:56:18Z,2026-08-09,16,56,Disneyland Park,"""it's a small world""",19,OPERATING,STANDBY,5,,,queue-times.com
2026-08-09T14:56:18Z,2026-08-09,16,56,Disneyland Park,Alice's Curious Labyrinth,14,OPERATING,STANDBY,5,,,queue-times.com
2026-08-09T14:56:18Z,2026-08-09,16,56,Disneyland Park,Blanche-Neige et les Sept Nains®,15,OPERATING,STANDBY,15,,,queue-times.com
2026-08-09T14:56:18Z,2026-08-09,16,56,Disneyland Park,Casey Jr. – le Petit Train du Cirque,17,OPERATING,STANDBY,5,,,queue-times.com
2026-08-09T14:56:18Z,2026-08-09,16,56,Disneyland Park,Disneyland Railroad Fantasyland Station,2711,CLOSED,STANDBY,0,,,queue-times.com
2026-08-09T14:56:18Z,2026-08-09,16,56,Disneyland Park,Disneyland Railroad Main Street Station,11,OPERATING,STANDBY,10,,,queue-times.com
2026-08-09T14:56:18Z,2026-08-09,16,56,Disneyland Park,Dumbo the Flying Elephant,18,OPERATING,STANDBY,25,,,queue-times.com
2026-08-09T14:56:18Z,2026-08-09,16,56,Disneyland Park,La Tanière du Dragon,2710,OPERATING,STANDBY,0,,,queue-times.com
2026-08-09T14:56:18Z,2026-08-09,16,56,Disneyland Park,Le Carrousel de Lancelot,16,OPERATING,STANDBY,5,,,queue-times.com
2026-08-09T14:56:18Z,2026-08-09,16,56,Disneyland Park,"Le Pays des Contes de Fées, presented by Vittel",21,OPERATING,STANDBY,5,,,queue-times.com
2026-08-09T14:56:18Z,2026-08-09,16,56,Disneyland Park,Les Voyages de Pinocchio,23,OPERATING,STANDBY,30,,,queue-times.com
2026-08-09T14:56:18Z,2026-08-09,16,56,Disneyland Park,Mad Hatter's Tea Cups,20,OPERATING,STANDBY,10,,,queue-times.com
2026-08-09T14:56:18Z,2026-08-09,16,56,Disneyland Park,Meet Mickey Mouse,13,OPERATING,STANDBY,0,,,queue-times.com
2026-08-09T14:56:18Z,2026-08-09,16,56,Disneyland Park,Peter Pan's Flight,22,OPERATING,STANDBY,65,,,queue-times.com
2026-08-09T14:56:18Z,2026-08-09,16,56,Disneyland Park,Princess Pavilion,24,OPERATING,STANDBY,0,,,queue-times.com
2026-08-09T14:56:18Z,2026-08-09,16,56,Disneyland Park,Big Thunder Mountain,25,OPERATING,STANDBY,70,,,queue-times.com
2026-08-09T14:56:18Z,2026-08-09,16,56,Disneyland Park,Disneyland Railroad Frontierland Depot,2714,OPERATING,STANDBY,20,,,queue-times.com
2026-08-09T14:56:18Z,2026-08-09,16,56,Disneyland Park,Frontierland Playground,2713,OPERATING,STANDBY,0,,,queue-times.com
2026-08-09T14:56:18Z,2026-08-09,16,56,Disneyland Park,Phantom Manor,26,OPERATING,STANDBY,15,,,queue-times.com
2026-08-09T14:56:18Z,2026-08-09,16,56,Disneyland Park,River Rogue Keelboats,27,CLOSED,STANDBY,0,,,queue-times.com
2026-08-09T14:56:18Z,2026-08-09,16,56,Disneyland Park,Rustler Roundup Shootin' Gallery,2712,OPERATING,STANDBY,0,,,queue-times.com
2026-08-09T14:56:18Z,2026-08-09,16,56,Disneyland Park,Thunder Mesa Riverboat Landing,28,OPERATING,STANDBY,20,,,queue-times.com
2026-08-09T14:56:18Z,2026-08-09,16,56,Disneyland Park,Disneyland Railroad Main Street Station,2708,OPERATING,STANDBY,0,,,queue-times.com
2026-08-09T14:56:18Z,2026-08-09,16,56,Disneyland Park,Main Street Vehicles,12,CLOSED,STANDBY,0,,,queue-times.com
2026-08-09T14:56:18Z,2026-08-09,16,56,Disney Adventure World,Avengers Assemble: Flight Force,10848,OPERATING,STANDBY,40,,,queue-times.com
2026-08-09T14:56:18Z,2026-08-09,16,56,Disney Adventure World,Avengers Assemble: Flight Force Single Rider,10849,OPERATING,STANDBY,25,,,queue-times.com
2026-08-09T14:56:18Z,2026-08-09,16,56,Disney Adventure World,Spider-Man W.E.B. Adventure,10845,OPERATING,STANDBY,50,,,queue-times.com
2026-08-09T14:56:18Z,2026-08-09,16,56,Disney Adventure World,Spider-Man W.E.B. Adventure Single Rider,10846,OPERATING,STANDBY,25,,,queue-times.com
2026-08-09T14:56:18Z,2026-08-09,16,56,Disney Adventure World,The Twilight Zone Tower of Terror,40,OPERATING,STANDBY,35,,,queue-times.com
2026-08-09T14:56:18Z,2026-08-09,16,56,Disney Adventure World,Cars Quatre Roues Rallye,31,OPERATING,STANDBY,10,,,queue-times.com
2026-08-09T14:56:18Z,2026-08-09,16,56,Disney Adventure World,Cars ROAD TRIP,29,OPERATING,STANDBY,5,,,queue-times.com
2026-08-09T14:56:18Z,2026-08-09,16,56,Disney Adventure World,Crush's Coaster,32,OPERATING,STANDBY,60,,,queue-times.com
2026-08-09T14:56:18Z,2026-08-09,16,56,Disney Adventure World,Crush's Coaster Single Rider,7277,OPERATING,STANDBY,45,,,queue-times.com
2026-08-09T14:56:18Z,2026-08-09,16,56,Disney Adventure World,Les Tapis Volants - Flying Carpets Over Agrabah®,33,OPERATING,STANDBY,5,,,queue-times.com
2026-08-09T14:56:18Z,2026-08-09,16,56,Disney Adventure World,Ratatouille : L’Aventure Totalement Toquée de Rémy​,37,OPERATING,STANDBY,45,,,queue-times.com
2026-08-09T14:56:18Z,2026-08-09,16,56,Disney Adventure World,Ratatouille: The Adventure Single Rider,7279,OPERATING,STANDBY,10,,,queue-times.com
2026-08-09T14:56:18Z,2026-08-09,16,56,Disney Adventure World,RC Racer,34,OPERATING,STANDBY,45,,,queue-times.com
2026-08-09T14:56:18Z,2026-08-09,16,56,Disney Adventure World,RC Racer Single Rider,7280,OPERATING,STANDBY,40,,,queue-times.com
2026-08-09T14:56:18Z,2026-08-09,16,56,Disney Adventure World,Slinky® Dog Zigzag Spin,36,OPERATING,STANDBY,10,,,queue-times.com
2026-08-09T14:56:18Z,2026-08-09,16,56,Disney Adventure World,Toy Soldiers Parachute Drop,35,OPERATING,STANDBY,45,,,queue-times.com
2026-08-09T14:56:18Z,2026-08-09,16,56,Disney Adventure World,Toy Soldiers Parachute Drop Single Rider,7281,OPERATING,STANDBY,15,,,queue-times.com
2026-08-09T14:56:18Z,2026-08-09,16,56,Disney Adventure World,Entry to World of Frozen,16247,OPERATING,STANDBY,0,,,queue-times.com
2026-08-09T14:56:18Z,2026-08-09,16,56,Disney Adventure World,Frozen Ever After,15413,OPERATING,STANDBY,45,,,queue-times.com
2026-08-09T14:56:18Z,2026-08-09,16,56,Disney Adventure World,Raiponce Tangled Spin,15415,OPERATING,STANDBY,5,,,queue-times.com
2026-08-09T15:01:19Z,2026-08-09,17,1,Disneyland Park,Adventure Isle,2702,OPERATING,STANDBY,0,,,queue-times.com
2026-08-09T15:01:19Z,2026-08-09,17,1,Disneyland Park,Indiana Jones and the Temple of Peril Single Rider,7306,OPERATING,STANDBY,15,,,queue-times.com
2026-08-09T15:01:19Z,2026-08-09,17,1,Disneyland Park,Indiana Jones™ and the Temple of Peril,2,OPERATING,STANDBY,25,,,queue-times.com
2026-08-09T15:01:19Z,2026-08-09,17,1,Disneyland Park,La Cabane des Robinson,1,OPERATING,STANDBY,5,,,queue-times.com
2026-08-09T15:01:19Z,2026-08-09,17,1,Disneyland Park,Le Passage Enchanté d'Aladdin,2703,OPERATING,STANDBY,0,,,queue-times.com
2026-08-09T15:01:19Z,2026-08-09,17,1,Disneyland Park,Pirate Galleon,2705,CLOSED,STANDBY,0,,,queue-times.com
2026-08-09T15:01:19Z,2026-08-09,17,1,Disneyland Park,Pirates of the Caribbean,3,OPERATING,STANDBY,10,,,queue-times.com
2026-08-09T15:01:19Z,2026-08-09,17,1,Disneyland Park,Pirates' Beach,2704,OPERATING,STANDBY,0,,,queue-times.com
2026-08-09T15:01:19Z,2026-08-09,17,1,Disneyland Park,"Autopia, presented by Avis",4,OPERATING,STANDBY,35,,,queue-times.com
2026-08-09T15:01:19Z,2026-08-09,17,1,Disneyland Park,Buzz Lightyear Laser Blast,5,OPERATING,STANDBY,50,,,queue-times.com
2026-08-09T15:01:19Z,2026-08-09,17,1,Disneyland Park,Disneyland Railroad Discoveryland Station,2706,CLOSED,STANDBY,0,,,queue-times.com
2026-08-09T15:01:19Z,2026-08-09,17,1,Disneyland Park,Les Mystères du Nautilus,6,OPERATING,STANDBY,5,,,queue-times.com
2026-08-09T15:01:19Z,2026-08-09,17,1,Disneyland Park,Mickey’s PhilharMagic,2707,OPERATING,STANDBY,0,,,queue-times.com
2026-08-09T15:01:19Z,2026-08-09,17,1,Disneyland Park,Orbitron®,7,OPERATING,STANDBY,45,,,queue-times.com
2026-08-09T15:01:19Z,2026-08-09,17,1,Disneyland Park,Star Tours: The Adventures Continue*,9,OPERATING,STANDBY,5,,,queue-times.com
2026-08-09T15:01:19Z,2026-08-09,17,1,Disneyland Park,Star Wars Hyperspace Mountain,8,OPERATING,STANDBY,30,,,queue-times.com
2026-08-09T15:01:19Z,2026-08-09,17,1,Disneyland Park,Star Wars Hyperspace Mountain Single Rider,7278,OPERATING,STANDBY,20,,,queue-times.com
2026-08-09T15:01:19Z,2026-08-09,17,1,Disneyland Park,Welcome to Starport: A Star Wars Encounter,4573,OPERATING,STANDBY,25,,,queue-times.com
2026-08-09T15:01:19Z,2026-08-09,17,1,Disneyland Park,"""it's a small world""",19,OPERATING,STANDBY,5,,,queue-times.com
2026-08-09T15:01:19Z,2026-08-09,17,1,Disneyland Park,Alice's Curious Labyrinth,14,OPERATING,STANDBY,5,,,queue-times.com
2026-08-09T15:01:19Z,2026-08-09,17,1,Disneyland Park,Blanche-Neige et les Sept Nains®,15,OPERATING,STANDBY,15,,,queue-times.com
2026-08-09T15:01:19Z,2026-08-09,17,1,Disneyland Park,Casey Jr. – le Petit Train du Cirque,17,OPERATING,STANDBY,5,,,queue-times.com
2026-08-09T15:01:19Z,2026-08-09,17,1,Disneyland Park,Disneyland Railroad Fantasyland Station,2711,CLOSED,STANDBY,0,,,queue-times.com
2026-08-09T15:01:19Z,2026-08-09,17,1,Disneyland Park,Disneyland Railroad Main Street Station,11,CLOSED,STANDBY,0,,,queue-times.com
2026-08-09T15:01:19Z,2026-08-09,17,1,Disneyland Park,Dumbo the Flying Elephant,18,OPERATING,STANDBY,25,,,queue-times.com
2026-08-09T15:01:19Z,2026-08-09,17,1,Disneyland Park,La Tanière du Dragon,2710,OPERATING,STANDBY,0,,,queue-times.com
2026-08-09T15:01:19Z,2026-08-09,17,1,Disneyland Park,Le Carrousel de Lancelot,16,OPERATING,STANDBY,5,,,queue-times.com
2026-08-09T15:01:19Z,2026-08-09,17,1,Disneyland Park,"Le Pays des Contes de Fées, presented by Vittel",21,OPERATING,STANDBY,5,,,queue-times.com
2026-08-09T15:01:19Z,2026-08-09,17,1,Disneyland Park,Les Voyages de Pinocchio,23,OPERATING,STANDBY,30,,,queue-times.com
2026-08-09T15:01:19Z,2026-08-09,17,1,Disneyland Park,Mad Hatter's Tea Cups,20,OPERATING,STANDBY,5,,,queue-times.com
2026-08-09T15:01:19Z,2026-08-09,17,1,Disneyland Park,Meet Mickey Mouse,13,OPERATING,STANDBY,0,,,queue-times.com
2026-08-09T15:01:19Z,2026-08-09,17,1,Disneyland Park,Peter Pan's Flight,22,OPERATING,STANDBY,65,,,queue-times.com
2026-08-09T15:01:19Z,2026-08-09,17,1,Disneyland Park,Princess Pavilion,24,OPERATING,STANDBY,0,,,queue-times.com
2026-08-09T15:01:19Z,2026-08-09,17,1,Disneyland Park,Big Thunder Mountain,25,OPERATING,STANDBY,70,,,queue-times.com
2026-08-09T15:01:19Z,2026-08-09,17,1,Disneyland Park,Disneyland Railroad Frontierland Depot,2714,OPERATING,STANDBY,20,,,queue-times.com
2026-08-09T15:01:19Z,2026-08-09,17,1,Disneyland Park,Frontierland Playground,2713,OPERATING,STANDBY,0,,,queue-times.com
2026-08-09T15:01:19Z,2026-08-09,17,1,Disneyland Park,Phantom Manor,26,OPERATING,STANDBY,15,,,queue-times.com
2026-08-09T15:01:19Z,2026-08-09,17,1,Disneyland Park,River Rogue Keelboats,27,CLOSED,STANDBY,0,,,queue-times.com
2026-08-09T15:01:19Z,2026-08-09,17,1,Disneyland Park,Rustler Roundup Shootin' Gallery,2712,OPERATING,STANDBY,0,,,queue-times.com
2026-08-09T15:01:19Z,2026-08-09,17,1,Disneyland Park,Thunder Mesa Riverboat Landing,28,OPERATING,STANDBY,20,,,queue-times.com
2026-08-09T15:01:19Z,2026-08-09,17,1,Disneyland Park,Disneyland Railroad Main Street Station,2708,OPERATING,STANDBY,0,,,queue-times.com
2026-08-09T15:01:19Z,2026-08-09,17,1,Disneyland Park,Main Street Vehicles,12,CLOSED,STANDBY,0,,,queue-times.com
2026-08-09T15:01:19Z,2026-08-09,17,1,Disney Adventure World,Avengers Assemble: Flight Force,10848,OPERATING,STANDBY,40,,,queue-times.com
2026-08-09T15:01:19Z,2026-08-09,17,1,Disney Adventure World,Avengers Assemble: Flight Force Single Rider,10849,OPERATING,STANDBY,25,,,queue-times.com
2026-08-09T15:01:19Z,2026-08-09,17,1,Disney Adventure World,Spider-Man W.E.B. Adventure,10845,OPERATING,STANDBY,50,,,queue-times.com
2026-08-09T15:01:19Z,2026-08-09,17,1,Disney Adventure World,Spider-Man W.E.B. Adventure Single Rider,10846,OPERATING,STANDBY,25,,,queue-times.com
2026-08-09T15:01:19Z,2026-08-09,17,1,Disney Adventure World,The Twilight Zone Tower of Terror,40,OPERATING,STANDBY,30,,,queue-times.com
2026-08-09T15:01:19Z,2026-08-09,17,1,Disney Adventure World,Cars Quatre Roues Rallye,31,OPERATING,STANDBY,10,,,queue-times.com
2026-08-09T15:01:19Z,2026-08-09,17,1,Disney Adventure World,Cars ROAD TRIP,29,OPERATING,STANDBY,5,,,queue-times.com
2026-08-09T15:01:19Z,2026-08-09,17,1,Disney Adventure World,Crush's Coaster,32,OPERATING,STANDBY,65,,,queue-times.com
2026-08-09T15:01:19Z,2026-08-09,17,1,Disney Adventure World,Crush's Coaster Single Rider,7277,OPERATING,STANDBY,55,,,queue-times.com
2026-08-09T15:01:19Z,2026-08-09,17,1,Disney Adventure World,Les Tapis Volants - Flying Carpets Over Agrabah®,33,OPERATING,STANDBY,5,,,queue-times.com
2026-08-09T15:01:19Z,2026-08-09,17,1,Disney Adventure World,Ratatouille : L’Aventure Totalement Toquée de Rémy​,37,OPERATING,STANDBY,45,,,queue-times.com
2026-08-09T15:01:19Z,2026-08-09,17,1,Disney Adventure World,Ratatouille: The Adventure Single Rider,7279,OPERATING,STANDBY,10,,,queue-times.com
2026-08-09T15:01:19Z,2026-08-09,17,1,Disney Adventure World,RC Racer,34,OPERATING,STANDBY,45,,,queue-times.com
2026-08-09T15:01:19Z,2026-08-09,17,1,Disney Adventure World,RC Racer Single Rider,7280,OPERATING,STANDBY,40,,,queue-times.com
2026-08-09T15:01:19Z,2026-08-09,17,1,Disney Adventure World,Slinky® Dog Zigzag Spin,36,OPERATING,STANDBY,10,,,queue-times.com
2026-08-09T15:01:19Z,2026-08-09,17,1,Disney Adventure World,Toy Soldiers Parachute Drop,35,OPERATING,STANDBY,45,,,queue-times.com
2026-08-09T15:01:19Z,2026-08-09,17,1,Disney Adventure World,Toy Soldiers Parachute Drop Single Rider,7281,OPERATING,STANDBY,15,,,queue-times.com
2026-08-09T15:01:19Z,2026-08-09,17,1,Disney Adventure World,Entry to World of Frozen,16247,OPERATING,STANDBY,0,,,queue-times.com
2026-08-09T15:01:19Z,2026-08-09,17,1,Disney Adventure World,Frozen Ever After,15413,OPERATING,STANDBY,45,,,queue-times.com
2026-08-09T15:01:19Z,2026-08-09,17,1,Disney Adventure World,Raiponce Tangled Spin,15415,OPERATING,STANDBY,5,,,queue-times.com
2026-08-09T15:15:44Z,2026-08-09,17,15,Disneyland Park,Adventure Isle,2702,OPERATING,STANDBY,0,,,queue-times.com
2026-08-09T15:15:44Z,2026-08-09,17,15,Disneyland Park,Indiana Jones and the Temple of Peril Single Rider,7306,OPERATING,STANDBY,20,,,queue-times.com
2026-08-09T15:15:44Z,2026-08-09,17,15,Disneyland Park,Indiana Jones™ and the Temple of Peril,2,OPERATING,STANDBY,25,,,queue-times.com
2026-08-09T15:15:44Z,2026-08-09,17,15,Disneyland Park,La Cabane des Robinson,1,OPERATING,STANDBY,5,,,queue-times.com
2026-08-09T15:15:44Z,2026-08-09,17,15,Disneyland Park,Le Passage Enchanté d'Aladdin,2703,OPERATING,STANDBY,0,,,queue-times.com
2026-08-09T15:15:44Z,2026-08-09,17,15,Disneyland Park,Pirate Galleon,2705,CLOSED,STANDBY,0,,,queue-times.com
2026-08-09T15:15:44Z,2026-08-09,17,15,Disneyland Park,Pirates of the Caribbean,3,OPERATING,STANDBY,15,,,queue-times.com
2026-08-09T15:15:44Z,2026-08-09,17,15,Disneyland Park,Pirates' Beach,2704,OPERATING,STANDBY,0,,,queue-times.com
2026-08-09T15:15:44Z,2026-08-09,17,15,Disneyland Park,"Autopia, presented by Avis",4,OPERATING,STANDBY,35,,,queue-times.com
2026-08-09T15:15:44Z,2026-08-09,17,15,Disneyland Park,Buzz Lightyear Laser Blast,5,OPERATING,STANDBY,45,,,queue-times.com
2026-08-09T15:15:44Z,2026-08-09,17,15,Disneyland Park,Disneyland Railroad Discoveryland Station,2706,CLOSED,STANDBY,0,,,queue-times.com
2026-08-09T15:15:44Z,2026-08-09,17,15,Disneyland Park,Les Mystères du Nautilus,6,OPERATING,STANDBY,5,,,queue-times.com
2026-08-09T15:15:44Z,2026-08-09,17,15,Disneyland Park,Mickey’s PhilharMagic,2707,OPERATING,STANDBY,0,,,queue-times.com
2026-08-09T15:15:44Z,2026-08-09,17,15,Disneyland Park,Orbitron®,7,OPERATING,STANDBY,30,,,queue-times.com
2026-08-09T15:15:44Z,2026-08-09,17,15,Disneyland Park,Star Tours: The Adventures Continue*,9,OPERATING,STANDBY,5,,,queue-times.com
2026-08-09T15:15:44Z,2026-08-09,17,15,Disneyland Park,Star Wars Hyperspace Mountain,8,OPERATING,STANDBY,30,,,queue-times.com
2026-08-09T15:15:44Z,2026-08-09,17,15,Disneyland Park,Star Wars Hyperspace Mountain Single Rider,7278,OPERATING,STANDBY,20,,,queue-times.com
2026-08-09T15:15:44Z,2026-08-09,17,15,Disneyland Park,Welcome to Starport: A Star Wars Encounter,4573,OPERATING,STANDBY,25,,,queue-times.com
2026-08-09T15:15:44Z,2026-08-09,17,15,Disneyland Park,"""it's a small world""",19,OPERATING,STANDBY,5,,,queue-times.com
2026-08-09T15:15:44Z,2026-08-09,17,15,Disneyland Park,Alice's Curious Labyrinth,14,OPERATING,STANDBY,5,,,queue-times.com
2026-08-09T15:15:44Z,2026-08-09,17,15,Disneyland Park,Blanche-Neige et les Sept Nains®,15,OPERATING,STANDBY,25,,,queue-times.com
2026-08-09T15:15:44Z,2026-08-09,17,15,Disneyland Park,Casey Jr. – le Petit Train du Cirque,17,OPERATING,STANDBY,5,,,queue-times.com
2026-08-09T15:15:44Z,2026-08-09,17,15,Disneyland Park,Disneyland Railroad Fantasyland Station,2711,CLOSED,STANDBY,0,,,queue-times.com
2026-08-09T15:15:44Z,2026-08-09,17,15,Disneyland Park,Disneyland Railroad Main Street Station,11,CLOSED,STANDBY,0,,,queue-times.com
2026-08-09T15:15:44Z,2026-08-09,17,15,Disneyland Park,Dumbo the Flying Elephant,18,OPERATING,STANDBY,25,,,queue-times.com
2026-08-09T15:15:44Z,2026-08-09,17,15,Disneyland Park,La Tanière du Dragon,2710,OPERATING,STANDBY,0,,,queue-times.com
2026-08-09T15:15:44Z,2026-08-09,17,15,Disneyland Park,Le Carrousel de Lancelot,16,OPERATING,STANDBY,5,,,queue-times.com
2026-08-09T15:15:44Z,2026-08-09,17,15,Disneyland Park,"Le Pays des Contes de Fées, presented by Vittel",21,OPERATING,STANDBY,5,,,queue-times.com
2026-08-09T15:15:44Z,2026-08-09,17,15,Disneyland Park,Les Voyages de Pinocchio,23,OPERATING,STANDBY,30,,,queue-times.com
2026-08-09T15:15:44Z,2026-08-09,17,15,Disneyland Park,Mad Hatter's Tea Cups,20,OPERATING,STANDBY,5,,,queue-times.com
2026-08-09T15:15:44Z,2026-08-09,17,15,Disneyland Park,Meet Mickey Mouse,13,OPERATING,STANDBY,0,,,queue-times.com
2026-08-09T15:15:44Z,2026-08-09,17,15,Disneyland Park,Peter Pan's Flight,22,OPERATING,STANDBY,60,,,queue-times.com
2026-08-09T15:15:44Z,2026-08-09,17,15,Disneyland Park,Princess Pavilion,24,OPERATING,STANDBY,0,,,queue-times.com
2026-08-09T15:15:44Z,2026-08-09,17,15,Disneyland Park,Big Thunder Mountain,25,OPERATING,STANDBY,70,,,queue-times.com
2026-08-09T15:15:44Z,2026-08-09,17,15,Disneyland Park,Disneyland Railroad Frontierland Depot,2714,CLOSED,STANDBY,0,,,queue-times.com
2026-08-09T15:15:44Z,2026-08-09,17,15,Disneyland Park,Frontierland Playground,2713,OPERATING,STANDBY,0,,,queue-times.com
2026-08-09T15:15:44Z,2026-08-09,17,15,Disneyland Park,Phantom Manor,26,OPERATING,STANDBY,15,,,queue-times.com
2026-08-09T15:15:44Z,2026-08-09,17,15,Disneyland Park,River Rogue Keelboats,27,CLOSED,STANDBY,0,,,queue-times.com
2026-08-09T15:15:44Z,2026-08-09,17,15,Disneyland Park,Rustler Roundup Shootin' Gallery,2712,OPERATING,STANDBY,0,,,queue-times.com
2026-08-09T15:15:44Z,2026-08-09,17,15,Disneyland Park,Thunder Mesa Riverboat Landing,28,OPERATING,STANDBY,20,,,queue-times.com
2026-08-09T15:15:44Z,2026-08-09,17,15,Disneyland Park,Disneyland Railroad Main Street Station,2708,CLOSED,STANDBY,0,,,queue-times.com
2026-08-09T15:15:44Z,2026-08-09,17,15,Disneyland Park,Main Street Vehicles,12,CLOSED,STANDBY,0,,,queue-times.com
2026-08-09T15:15:44Z,2026-08-09,17,15,Disney Adventure World,Avengers Assemble: Flight Force,10848,OPERATING,STANDBY,30,,,queue-times.com
2026-08-09T15:15:44Z,2026-08-09,17,15,Disney Adventure World,Avengers Assemble: Flight Force Single Rider,10849,OPERATING,STANDBY,20,,,queue-times.com
2026-08-09T15:15:44Z,2026-08-09,17,15,Disney Adventure World,Spider-Man W.E.B. Adventure,10845,OPERATING,STANDBY,40,,,queue-times.com
2026-08-09T15:15:44Z,2026-08-09,17,15,Disney Adventure World,Spider-Man W.E.B. Adventure Single Rider,10846,OPERATING,STANDBY,20,,,queue-times.com
2026-08-09T15:15:44Z,2026-08-09,17,15,Disney Adventure World,The Twilight Zone Tower of Terror,40,OPERATING,STANDBY,30,,,queue-times.com
2026-08-09T15:15:44Z,2026-08-09,17,15,Disney Adventure World,Cars Quatre Roues Rallye,31,OPERATING,STANDBY,10,,,queue-times.com
2026-08-09T15:15:44Z,2026-08-09,17,15,Disney Adventure World,Cars ROAD TRIP,29,OPERATING,STANDBY,5,,,queue-times.com
2026-08-09T15:15:44Z,2026-08-09,17,15,Disney Adventure World,Crush's Coaster,32,OPERATING,STANDBY,65,,,queue-times.com
2026-08-09T15:15:44Z,2026-08-09,17,15,Disney Adventure World,Crush's Coaster Single Rider,7277,OPERATING,STANDBY,40,,,queue-times.com
2026-08-09T15:15:44Z,2026-08-09,17,15,Disney Adventure World,Les Tapis Volants - Flying Carpets Over Agrabah®,33,OPERATING,STANDBY,5,,,queue-times.com
2026-08-09T15:15:44Z,2026-08-09,17,15,Disney Adventure World,Ratatouille : L’Aventure Totalement Toquée de Rémy​,37,OPERATING,STANDBY,40,,,queue-times.com
2026-08-09T15:15:44Z,2026-08-09,17,15,Disney Adventure World,Ratatouille: The Adventure Single Rider,7279,OPERATING,STANDBY,10,,,queue-times.com
2026-08-09T15:15:44Z,2026-08-09,17,15,Disney Adventure World,RC Racer,34,OPERATING,STANDBY,45,,,queue-times.com
2026-08-09T15:15:44Z,2026-08-09,17,15,Disney Adventure World,RC Racer Single Rider,7280,OPERATING,STANDBY,40,,,queue-times.com
2026-08-09T15:15:44Z,2026-08-09,17,15,Disney Adventure World,Slinky® Dog Zigzag Spin,36,OPERATING,STANDBY,10,,,queue-times.com
2026-08-09T15:15:44Z,2026-08-09,17,15,Disney Adventure World,Toy Soldiers Parachute Drop,35,OPERATING,STANDBY,60,,,queue-times.com
2026-08-09T15:15:44Z,2026-08-09,17,15,Disney Adventure World,Toy Soldiers Parachute Drop Single Rider,7281,OPERATING,STANDBY,15,,,queue-times.com
2026-08-09T15:15:44Z,2026-08-09,17,15,Disney Adventure World,Entry to World of Frozen,16247,OPERATING,STANDBY,0,,,queue-times.com
2026-08-09T15:15:44Z,2026-08-09,17,15,Disney Adventure World,Frozen Ever After,15413,OPERATING,STANDBY,45,,,queue-times.com
2026-08-09T15:15:44Z,2026-08-09,17,15,Disney Adventure World,Raiponce Tangled Spin,15415,OPERATING,STANDBY,5,,,queue-times.com
2026-08-09T15:31:08Z,2026-08-09,17,31,Disneyland Park,Adventure Isle,2702,OPERATING,STANDBY,0,,,queue-times.com
2026-08-09T15:31:08Z,2026-08-09,17,31,Disneyland Park,Indiana Jones and the Temple of Peril Single Rider,7306,OPERATING,STANDBY,15,,,queue-times.com
2026-08-09T15:31:08Z,2026-08-09,17,31,Disneyland Park,Indiana Jones™ and the Temple of Peril,2,OPERATING,STANDBY,35,,,queue-times.com
2026-08-09T15:31:08Z,2026-08-09,17,31,Disneyland Park,La Cabane des Robinson,1,OPERATING,STANDBY,5,,,queue-times.com
2026-08-09T15:31:08Z,2026-08-09,17,31,Disneyland Park,Le Passage Enchanté d'Aladdin,2703,OPERATING,STANDBY,0,,,queue-times.com
2026-08-09T15:31:08Z,2026-08-09,17,31,Disneyland Park,Pirate Galleon,2705,CLOSED,STANDBY,0,,,queue-times.com
2026-08-09T15:31:08Z,2026-08-09,17,31,Disneyland Park,Pirates of the Caribbean,3,OPERATING,STANDBY,15,,,queue-times.com
2026-08-09T15:31:08Z,2026-08-09,17,31,Disneyland Park,Pirates' Beach,2704,OPERATING,STANDBY,0,,,queue-times.com
2026-08-09T15:31:08Z,2026-08-09,17,31,Disneyland Park,"Autopia, presented by Avis",4,OPERATING,STANDBY,35,,,queue-times.com
2026-08-09T15:31:08Z,2026-08-09,17,31,Disneyland Park,Buzz Lightyear Laser Blast,5,OPERATING,STANDBY,40,,,queue-times.com
2026-08-09T15:31:08Z,2026-08-09,17,31,Disneyland Park,Disneyland Railroad Discoveryland Station,2706,CLOSED,STANDBY,0,,,queue-times.com
2026-08-09T15:31:08Z,2026-08-09,17,31,Disneyland Park,Les Mystères du Nautilus,6,OPERATING,STANDBY,5,,,queue-times.com
2026-08-09T15:31:08Z,2026-08-09,17,31,Disneyland Park,Mickey’s PhilharMagic,2707,OPERATING,STANDBY,0,,,queue-times.com
2026-08-09T15:31:08Z,2026-08-09,17,31,Disneyland Park,Orbitron®,7,OPERATING,STANDBY,30,,,queue-times.com
2026-08-09T15:31:08Z,2026-08-09,17,31,Disneyland Park,Star Tours: The Adventures Continue*,9,OPERATING,STANDBY,10,,,queue-times.com
2026-08-09T15:31:08Z,2026-08-09,17,31,Disneyland Park,Star Wars Hyperspace Mountain,8,OPERATING,STANDBY,25,,,queue-times.com
2026-08-09T15:31:08Z,2026-08-09,17,31,Disneyland Park,Star Wars Hyperspace Mountain Single Rider,7278,OPERATING,STANDBY,15,,,queue-times.com
2026-08-09T15:31:08Z,2026-08-09,17,31,Disneyland Park,Welcome to Starport: A Star Wars Encounter,4573,CLOSED,STANDBY,0,,,queue-times.com
2026-08-09T15:31:08Z,2026-08-09,17,31,Disneyland Park,"""it's a small world""",19,OPERATING,STANDBY,5,,,queue-times.com
2026-08-09T15:31:08Z,2026-08-09,17,31,Disneyland Park,Alice's Curious Labyrinth,14,OPERATING,STANDBY,5,,,queue-times.com
2026-08-09T15:31:08Z,2026-08-09,17,31,Disneyland Park,Blanche-Neige et les Sept Nains®,15,OPERATING,STANDBY,25,,,queue-times.com
2026-08-09T15:31:08Z,2026-08-09,17,31,Disneyland Park,Casey Jr. – le Petit Train du Cirque,17,OPERATING,STANDBY,5,,,queue-times.com
2026-08-09T15:31:08Z,2026-08-09,17,31,Disneyland Park,Disneyland Railroad Fantasyland Station,2711,CLOSED,STANDBY,0,,,queue-times.com
2026-08-09T15:31:08Z,2026-08-09,17,31,Disneyland Park,Disneyland Railroad Main Street Station,11,CLOSED,STANDBY,0,,,queue-times.com
2026-08-09T15:31:08Z,2026-08-09,17,31,Disneyland Park,Dumbo the Flying Elephant,18,OPERATING,STANDBY,25,,,queue-times.com
2026-08-09T15:31:08Z,2026-08-09,17,31,Disneyland Park,La Tanière du Dragon,2710,OPERATING,STANDBY,0,,,queue-times.com
2026-08-09T15:31:08Z,2026-08-09,17,31,Disneyland Park,Le Carrousel de Lancelot,16,OPERATING,STANDBY,5,,,queue-times.com
2026-08-09T15:31:08Z,2026-08-09,17,31,Disneyland Park,"Le Pays des Contes de Fées, presented by Vittel",21,OPERATING,STANDBY,5,,,queue-times.com
2026-08-09T15:31:08Z,2026-08-09,17,31,Disneyland Park,Les Voyages de Pinocchio,23,OPERATING,STANDBY,20,,,queue-times.com
2026-08-09T15:31:08Z,2026-08-09,17,31,Disneyland Park,Mad Hatter's Tea Cups,20,OPERATING,STANDBY,5,,,queue-times.com
2026-08-09T15:31:08Z,2026-08-09,17,31,Disneyland Park,Meet Mickey Mouse,13,OPERATING,STANDBY,0,,,queue-times.com
2026-08-09T15:31:08Z,2026-08-09,17,31,Disneyland Park,Peter Pan's Flight,22,OPERATING,STANDBY,60,,,queue-times.com
2026-08-09T15:31:08Z,2026-08-09,17,31,Disneyland Park,Princess Pavilion,24,OPERATING,STANDBY,0,,,queue-times.com
2026-08-09T15:31:08Z,2026-08-09,17,31,Disneyland Park,Big Thunder Mountain,25,OPERATING,STANDBY,50,,,queue-times.com
2026-08-09T15:31:08Z,2026-08-09,17,31,Disneyland Park,Disneyland Railroad Frontierland Depot,2714,CLOSED,STANDBY,0,,,queue-times.com
2026-08-09T15:31:08Z,2026-08-09,17,31,Disneyland Park,Frontierland Playground,2713,OPERATING,STANDBY,0,,,queue-times.com
2026-08-09T15:31:08Z,2026-08-09,17,31,Disneyland Park,Phantom Manor,26,OPERATING,STANDBY,15,,,queue-times.com
2026-08-09T15:31:08Z,2026-08-09,17,31,Disneyland Park,River Rogue Keelboats,27,CLOSED,STANDBY,0,,,queue-times.com
2026-08-09T15:31:08Z,2026-08-09,17,31,Disneyland Park,Rustler Roundup Shootin' Gallery,2712,OPERATING,STANDBY,0,,,queue-times.com
2026-08-09T15:31:08Z,2026-08-09,17,31,Disneyland Park,Thunder Mesa Riverboat Landing,28,OPERATING,STANDBY,20,,,queue-times.com
2026-08-09T15:31:08Z,2026-08-09,17,31,Disneyland Park,Disneyland Railroad Main Street Station,2708,CLOSED,STANDBY,0,,,queue-times.com
2026-08-09T15:31:08Z,2026-08-09,17,31,Disneyland Park,Main Street Vehicles,12,CLOSED,STANDBY,0,,,queue-times.com
2026-08-09T15:31:08Z,2026-08-09,17,31,Disney Adventure World,Avengers Assemble: Flight Force,10848,OPERATING,STANDBY,25,,,queue-times.com
2026-08-09T15:31:08Z,2026-08-09,17,31,Disney Adventure World,Avengers Assemble: Flight Force Single Rider,10849,OPERATING,STANDBY,20,,,queue-times.com
2026-08-09T15:31:08Z,2026-08-09,17,31,Disney Adventure World,Spider-Man W.E.B. Adventure,10845,OPERATING,STANDBY,45,,,queue-times.com
2026-08-09T15:31:08Z,2026-08-09,17,31,Disney Adventure World,Spider-Man W.E.B. Adventure Single Rider,10846,OPERATING,STANDBY,20,,,queue-times.com
2026-08-09T15:31:08Z,2026-08-09,17,31,Disney Adventure World,The Twilight Zone Tower of Terror,40,OPERATING,STANDBY,20,,,queue-times.com
2026-08-09T15:31:08Z,2026-08-09,17,31,Disney Adventure World,Cars Quatre Roues Rallye,31,OPERATING,STANDBY,5,,,queue-times.com
2026-08-09T15:31:08Z,2026-08-09,17,31,Disney Adventure World,Cars ROAD TRIP,29,OPERATING,STANDBY,5,,,queue-times.com
2026-08-09T15:31:08Z,2026-08-09,17,31,Disney Adventure World,Crush's Coaster,32,OPERATING,STANDBY,75,,,queue-times.com
2026-08-09T15:31:08Z,2026-08-09,17,31,Disney Adventure World,Crush's Coaster Single Rider,7277,OPERATING,STANDBY,50,,,queue-times.com
2026-08-09T15:31:08Z,2026-08-09,17,31,Disney Adventure World,Les Tapis Volants - Flying Carpets Over Agrabah®,33,OPERATING,STANDBY,5,,,queue-times.com
2026-08-09T15:31:08Z,2026-08-09,17,31,Disney Adventure World,Ratatouille : L’Aventure Totalement Toquée de Rémy​,37,OPERATING,STANDBY,40,,,queue-times.com
2026-08-09T15:31:08Z,2026-08-09,17,31,Disney Adventure World,Ratatouille: The Adventure Single Rider,7279,OPERATING,STANDBY,10,,,queue-times.com
2026-08-09T15:31:08Z,2026-08-09,17,31,Disney Adventure World,RC Racer,34,OPERATING,STANDBY,25,,,queue-times.com
2026-08-09T15:31:08Z,2026-08-09,17,31,Disney Adventure World,RC Racer Single Rider,7280,OPERATING,STANDBY,15,,,queue-times.com
2026-08-09T15:31:08Z,2026-08-09,17,31,Disney Adventure World,Slinky® Dog Zigzag Spin,36,OPERATING,STANDBY,10,,,queue-times.com
2026-08-09T15:31:08Z,2026-08-09,17,31,Disney Adventure World,Toy Soldiers Parachute Drop,35,OPERATING,STANDBY,50,,,queue-times.com
2026-08-09T15:31:08Z,2026-08-09,17,31,Disney Adventure World,Toy Soldiers Parachute Drop Single Rider,7281,OPERATING,STANDBY,10,,,queue-times.com
2026-08-09T15:31:08Z,2026-08-09,17,31,Disney Adventure World,Entry to World of Frozen,16247,OPERATING,STANDBY,0,,,queue-times.com
2026-08-09T15:31:08Z,2026-08-09,17,31,Disney Adventure World,Frozen Ever After,15413,OPERATING,STANDBY,55,,,queue-times.com
2026-08-09T15:31:08Z,2026-08-09,17,31,Disney Adventure World,Raiponce Tangled Spin,15415,OPERATING,STANDBY,5,,,queue-times.com
2026-08-09T15:40:46Z,2026-08-09,17,40,Disneyland Park,Adventure Isle,2702,OPERATING,STANDBY,0,,,queue-times.com
2026-08-09T15:40:46Z,2026-08-09,17,40,Disneyland Park,Indiana Jones and the Temple of Peril Single Rider,7306,OPERATING,STANDBY,15,,,queue-times.com
2026-08-09T15:40:46Z,2026-08-09,17,40,Disneyland Park,Indiana Jones™ and the Temple of Peril,2,OPERATING,STANDBY,35,,,queue-times.com
2026-08-09T15:40:46Z,2026-08-09,17,40,Disneyland Park,La Cabane des Robinson,1,OPERATING,STANDBY,5,,,queue-times.com
2026-08-09T15:40:46Z,2026-08-09,17,40,Disneyland Park,Le Passage Enchanté d'Aladdin,2703,OPERATING,STANDBY,0,,,queue-times.com
2026-08-09T15:40:46Z,2026-08-09,17,40,Disneyland Park,Pirate Galleon,2705,CLOSED,STANDBY,0,,,queue-times.com
2026-08-09T15:40:46Z,2026-08-09,17,40,Disneyland Park,Pirates of the Caribbean,3,OPERATING,STANDBY,15,,,queue-times.com
2026-08-09T15:40:46Z,2026-08-09,17,40,Disneyland Park,Pirates' Beach,2704,OPERATING,STANDBY,0,,,queue-times.com
2026-08-09T15:40:46Z,2026-08-09,17,40,Disneyland Park,"Autopia, presented by Avis",4,OPERATING,STANDBY,55,,,queue-times.com
2026-08-09T15:40:46Z,2026-08-09,17,40,Disneyland Park,Buzz Lightyear Laser Blast,5,OPERATING,STANDBY,35,,,queue-times.com
2026-08-09T15:40:46Z,2026-08-09,17,40,Disneyland Park,Disneyland Railroad Discoveryland Station,2706,CLOSED,STANDBY,0,,,queue-times.com
2026-08-09T15:40:46Z,2026-08-09,17,40,Disneyland Park,Les Mystères du Nautilus,6,OPERATING,STANDBY,5,,,queue-times.com
2026-08-09T15:40:46Z,2026-08-09,17,40,Disneyland Park,Mickey’s PhilharMagic,2707,OPERATING,STANDBY,0,,,queue-times.com
2026-08-09T15:40:46Z,2026-08-09,17,40,Disneyland Park,Orbitron®,7,OPERATING,STANDBY,30,,,queue-times.com
2026-08-09T15:40:46Z,2026-08-09,17,40,Disneyland Park,Star Tours: The Adventures Continue*,9,OPERATING,STANDBY,10,,,queue-times.com
2026-08-09T15:40:46Z,2026-08-09,17,40,Disneyland Park,Star Wars Hyperspace Mountain,8,OPERATING,STANDBY,25,,,queue-times.com
2026-08-09T15:40:46Z,2026-08-09,17,40,Disneyland Park,Star Wars Hyperspace Mountain Single Rider,7278,OPERATING,STANDBY,15,,,queue-times.com
2026-08-09T15:40:46Z,2026-08-09,17,40,Disneyland Park,Welcome to Starport: A Star Wars Encounter,4573,CLOSED,STANDBY,0,,,queue-times.com
2026-08-09T15:40:46Z,2026-08-09,17,40,Disneyland Park,"""it's a small world""",19,OPERATING,STANDBY,5,,,queue-times.com
2026-08-09T15:40:46Z,2026-08-09,17,40,Disneyland Park,Alice's Curious Labyrinth,14,OPERATING,STANDBY,5,,,queue-times.com
2026-08-09T15:40:46Z,2026-08-09,17,40,Disneyland Park,Blanche-Neige et les Sept Nains®,15,OPERATING,STANDBY,25,,,queue-times.com
2026-08-09T15:40:46Z,2026-08-09,17,40,Disneyland Park,Casey Jr. – le Petit Train du Cirque,17,OPERATING,STANDBY,5,,,queue-times.com
2026-08-09T15:40:46Z,2026-08-09,17,40,Disneyland Park,Disneyland Railroad Fantasyland Station,2711,CLOSED,STANDBY,0,,,queue-times.com
2026-08-09T15:40:46Z,2026-08-09,17,40,Disneyland Park,Disneyland Railroad Main Street Station,11,CLOSED,STANDBY,0,,,queue-times.com
2026-08-09T15:40:46Z,2026-08-09,17,40,Disneyland Park,Dumbo the Flying Elephant,18,OPERATING,STANDBY,25,,,queue-times.com
2026-08-09T15:40:46Z,2026-08-09,17,40,Disneyland Park,La Tanière du Dragon,2710,OPERATING,STANDBY,0,,,queue-times.com
2026-08-09T15:40:46Z,2026-08-09,17,40,Disneyland Park,Le Carrousel de Lancelot,16,OPERATING,STANDBY,5,,,queue-times.com
2026-08-09T15:40:46Z,2026-08-09,17,40,Disneyland Park,"Le Pays des Contes de Fées, presented by Vittel",21,OPERATING,STANDBY,5,,,queue-times.com
2026-08-09T15:40:46Z,2026-08-09,17,40,Disneyland Park,Les Voyages de Pinocchio,23,OPERATING,STANDBY,20,,,queue-times.com
2026-08-09T15:40:46Z,2026-08-09,17,40,Disneyland Park,Mad Hatter's Tea Cups,20,OPERATING,STANDBY,5,,,queue-times.com
2026-08-09T15:40:46Z,2026-08-09,17,40,Disneyland Park,Meet Mickey Mouse,13,OPERATING,STANDBY,0,,,queue-times.com
2026-08-09T15:40:46Z,2026-08-09,17,40,Disneyland Park,Peter Pan's Flight,22,OPERATING,STANDBY,60,,,queue-times.com
2026-08-09T15:40:46Z,2026-08-09,17,40,Disneyland Park,Princess Pavilion,24,OPERATING,STANDBY,0,,,queue-times.com
2026-08-09T15:40:46Z,2026-08-09,17,40,Disneyland Park,Big Thunder Mountain,25,OPERATING,STANDBY,50,,,queue-times.com
2026-08-09T15:40:46Z,2026-08-09,17,40,Disneyland Park,Disneyland Railroad Frontierland Depot,2714,CLOSED,STANDBY,0,,,queue-times.com
2026-08-09T15:40:46Z,2026-08-09,17,40,Disneyland Park,Frontierland Playground,2713,OPERATING,STANDBY,0,,,queue-times.com
2026-08-09T15:40:46Z,2026-08-09,17,40,Disneyland Park,Phantom Manor,26,OPERATING,STANDBY,15,,,queue-times.com
2026-08-09T15:40:46Z,2026-08-09,17,40,Disneyland Park,River Rogue Keelboats,27,CLOSED,STANDBY,0,,,queue-times.com
2026-08-09T15:40:46Z,2026-08-09,17,40,Disneyland Park,Rustler Roundup Shootin' Gallery,2712,OPERATING,STANDBY,0,,,queue-times.com
2026-08-09T15:40:46Z,2026-08-09,17,40,Disneyland Park,Thunder Mesa Riverboat Landing,28,OPERATING,STANDBY,20,,,queue-times.com
2026-08-09T15:40:46Z,2026-08-09,17,40,Disneyland Park,Disneyland Railroad Main Street Station,2708,CLOSED,STANDBY,0,,,queue-times.com
2026-08-09T15:40:46Z,2026-08-09,17,40,Disneyland Park,Main Street Vehicles,12,CLOSED,STANDBY,0,,,queue-times.com
2026-08-09T15:40:46Z,2026-08-09,17,40,Disney Adventure World,Avengers Assemble: Flight Force,10848,OPERATING,STANDBY,25,,,queue-times.com
2026-08-09T15:40:46Z,2026-08-09,17,40,Disney Adventure World,Avengers Assemble: Flight Force Single Rider,10849,OPERATING,STANDBY,20,,,queue-times.com
2026-08-09T15:40:46Z,2026-08-09,17,40,Disney Adventure World,Spider-Man W.E.B. Adventure,10845,OPERATING,STANDBY,45,,,queue-times.com
2026-08-09T15:40:46Z,2026-08-09,17,40,Disney Adventure World,Spider-Man W.E.B. Adventure Single Rider,10846,OPERATING,STANDBY,20,,,queue-times.com
2026-08-09T15:40:46Z,2026-08-09,17,40,Disney Adventure World,The Twilight Zone Tower of Terror,40,OPERATING,STANDBY,30,,,queue-times.com
2026-08-09T15:40:46Z,2026-08-09,17,40,Disney Adventure World,Cars Quatre Roues Rallye,31,OPERATING,STANDBY,5,,,queue-times.com
2026-08-09T15:40:46Z,2026-08-09,17,40,Disney Adventure World,Cars ROAD TRIP,29,OPERATING,STANDBY,5,,,queue-times.com
2026-08-09T15:40:46Z,2026-08-09,17,40,Disney Adventure World,Crush's Coaster,32,OPERATING,STANDBY,75,,,queue-times.com
2026-08-09T15:40:46Z,2026-08-09,17,40,Disney Adventure World,Crush's Coaster Single Rider,7277,OPERATING,STANDBY,50,,,queue-times.com
2026-08-09T15:40:46Z,2026-08-09,17,40,Disney Adventure World,Les Tapis Volants - Flying Carpets Over Agrabah®,33,OPERATING,STANDBY,5,,,queue-times.com
2026-08-09T15:40:46Z,2026-08-09,17,40,Disney Adventure World,Ratatouille : L’Aventure Totalement Toquée de Rémy​,37,OPERATING,STANDBY,40,,,queue-times.com
2026-08-09T15:40:46Z,2026-08-09,17,40,Disney Adventure World,Ratatouille: The Adventure Single Rider,7279,OPERATING,STANDBY,10,,,queue-times.com
2026-08-09T15:40:46Z,2026-08-09,17,40,Disney Adventure World,RC Racer,34,OPERATING,STANDBY,25,,,queue-times.com
2026-08-09T15:40:46Z,2026-08-09,17,40,Disney Adventure World,RC Racer Single Rider,7280,OPERATING,STANDBY,15,,,queue-times.com
2026-08-09T15:40:46Z,2026-08-09,17,40,Disney Adventure World,Slinky® Dog Zigzag Spin,36,OPERATING,STANDBY,10,,,queue-times.com
2026-08-09T15:40:46Z,2026-08-09,17,40,Disney Adventure World,Toy Soldiers Parachute Drop,35,OPERATING,STANDBY,50,,,queue-times.com
2026-08-09T15:40:46Z,2026-08-09,17,40,Disney Adventure World,Toy Soldiers Parachute Drop Single Rider,7281,OPERATING,STANDBY,10,,,queue-times.com
2026-08-09T15:40:46Z,2026-08-09,17,40,Disney Adventure World,Entry to World of Frozen,16247,OPERATING,STANDBY,0,,,queue-times.com
2026-08-09T15:40:46Z,2026-08-09,17,40,Disney Adventure World,Frozen Ever After,15413,OPERATING,STANDBY,45,,,queue-times.com
2026-08-09T15:40:46Z,2026-08-09,17,40,Disney Adventure World,Raiponce Tangled Spin,15415,OPERATING,STANDBY,5,,,queue-times.com
2026-08-09T15:45:44Z,2026-08-09,17,45,Disneyland Park,Adventure Isle,2702,OPERATING,STANDBY,0,,,queue-times.com
2026-08-09T15:45:44Z,2026-08-09,17,45,Disneyland Park,Indiana Jones and the Temple of Peril Single Rider,7306,OPERATING,STANDBY,15,,,queue-times.com
2026-08-09T15:45:44Z,2026-08-09,17,45,Disneyland Park,Indiana Jones™ and the Temple of Peril,2,OPERATING,STANDBY,35,,,queue-times.com
2026-08-09T15:45:44Z,2026-08-09,17,45,Disneyland Park,La Cabane des Robinson,1,OPERATING,STANDBY,5,,,queue-times.com
2026-08-09T15:45:44Z,2026-08-09,17,45,Disneyland Park,Le Passage Enchanté d'Aladdin,2703,OPERATING,STANDBY,0,,,queue-times.com
2026-08-09T15:45:44Z,2026-08-09,17,45,Disneyland Park,Pirate Galleon,2705,CLOSED,STANDBY,0,,,queue-times.com
2026-08-09T15:45:44Z,2026-08-09,17,45,Disneyland Park,Pirates of the Caribbean,3,OPERATING,STANDBY,15,,,queue-times.com
2026-08-09T15:45:44Z,2026-08-09,17,45,Disneyland Park,Pirates' Beach,2704,OPERATING,STANDBY,0,,,queue-times.com
2026-08-09T15:45:44Z,2026-08-09,17,45,Disneyland Park,"Autopia, presented by Avis",4,OPERATING,STANDBY,40,,,queue-times.com
2026-08-09T15:45:44Z,2026-08-09,17,45,Disneyland Park,Buzz Lightyear Laser Blast,5,OPERATING,STANDBY,35,,,queue-times.com
2026-08-09T15:45:44Z,2026-08-09,17,45,Disneyland Park,Disneyland Railroad Discoveryland Station,2706,CLOSED,STANDBY,0,,,queue-times.com
2026-08-09T15:45:44Z,2026-08-09,17,45,Disneyland Park,Les Mystères du Nautilus,6,OPERATING,STANDBY,5,,,queue-times.com
2026-08-09T15:45:44Z,2026-08-09,17,45,Disneyland Park,Mickey’s PhilharMagic,2707,OPERATING,STANDBY,0,,,queue-times.com
2026-08-09T15:45:44Z,2026-08-09,17,45,Disneyland Park,Orbitron®,7,OPERATING,STANDBY,40,,,queue-times.com
2026-08-09T15:45:44Z,2026-08-09,17,45,Disneyland Park,Star Tours: The Adventures Continue*,9,OPERATING,STANDBY,10,,,queue-times.com
2026-08-09T15:45:44Z,2026-08-09,17,45,Disneyland Park,Star Wars Hyperspace Mountain,8,OPERATING,STANDBY,25,,,queue-times.com
2026-08-09T15:45:44Z,2026-08-09,17,45,Disneyland Park,Star Wars Hyperspace Mountain Single Rider,7278,OPERATING,STANDBY,20,,,queue-times.com
2026-08-09T15:45:44Z,2026-08-09,17,45,Disneyland Park,Welcome to Starport: A Star Wars Encounter,4573,CLOSED,STANDBY,0,,,queue-times.com
2026-08-09T15:45:44Z,2026-08-09,17,45,Disneyland Park,"""it's a small world""",19,OPERATING,STANDBY,5,,,queue-times.com
2026-08-09T15:45:44Z,2026-08-09,17,45,Disneyland Park,Alice's Curious Labyrinth,14,OPERATING,STANDBY,5,,,queue-times.com
2026-08-09T15:45:44Z,2026-08-09,17,45,Disneyland Park,Blanche-Neige et les Sept Nains®,15,OPERATING,STANDBY,25,,,queue-times.com
2026-08-09T15:45:44Z,2026-08-09,17,45,Disneyland Park,Casey Jr. – le Petit Train du Cirque,17,OPERATING,STANDBY,5,,,queue-times.com
2026-08-09T15:45:44Z,2026-08-09,17,45,Disneyland Park,Disneyland Railroad Fantasyland Station,2711,CLOSED,STANDBY,0,,,queue-times.com
2026-08-09T15:45:44Z,2026-08-09,17,45,Disneyland Park,Disneyland Railroad Main Street Station,11,CLOSED,STANDBY,0,,,queue-times.com
2026-08-09T15:45:44Z,2026-08-09,17,45,Disneyland Park,Dumbo the Flying Elephant,18,OPERATING,STANDBY,25,,,queue-times.com
2026-08-09T15:45:44Z,2026-08-09,17,45,Disneyland Park,La Tanière du Dragon,2710,OPERATING,STANDBY,0,,,queue-times.com
2026-08-09T15:45:44Z,2026-08-09,17,45,Disneyland Park,Le Carrousel de Lancelot,16,OPERATING,STANDBY,5,,,queue-times.com
2026-08-09T15:45:44Z,2026-08-09,17,45,Disneyland Park,"Le Pays des Contes de Fées, presented by Vittel",21,OPERATING,STANDBY,5,,,queue-times.com
2026-08-09T15:45:44Z,2026-08-09,17,45,Disneyland Park,Les Voyages de Pinocchio,23,OPERATING,STANDBY,20,,,queue-times.com
2026-08-09T15:45:44Z,2026-08-09,17,45,Disneyland Park,Mad Hatter's Tea Cups,20,OPERATING,STANDBY,5,,,queue-times.com
2026-08-09T15:45:44Z,2026-08-09,17,45,Disneyland Park,Meet Mickey Mouse,13,OPERATING,STANDBY,0,,,queue-times.com
2026-08-09T15:45:44Z,2026-08-09,17,45,Disneyland Park,Peter Pan's Flight,22,OPERATING,STANDBY,60,,,queue-times.com
2026-08-09T15:45:44Z,2026-08-09,17,45,Disneyland Park,Princess Pavilion,24,OPERATING,STANDBY,0,,,queue-times.com
2026-08-09T15:45:44Z,2026-08-09,17,45,Disneyland Park,Big Thunder Mountain,25,OPERATING,STANDBY,50,,,queue-times.com
2026-08-09T15:45:44Z,2026-08-09,17,45,Disneyland Park,Disneyland Railroad Frontierland Depot,2714,CLOSED,STANDBY,0,,,queue-times.com
2026-08-09T15:45:44Z,2026-08-09,17,45,Disneyland Park,Frontierland Playground,2713,OPERATING,STANDBY,0,,,queue-times.com
2026-08-09T15:45:44Z,2026-08-09,17,45,Disneyland Park,Phantom Manor,26,OPERATING,STANDBY,15,,,queue-times.com
2026-08-09T15:45:44Z,2026-08-09,17,45,Disneyland Park,River Rogue Keelboats,27,CLOSED,STANDBY,0,,,queue-times.com
2026-08-09T15:45:44Z,2026-08-09,17,45,Disneyland Park,Rustler Roundup Shootin' Gallery,2712,OPERATING,STANDBY,0,,,queue-times.com
2026-08-09T15:45:44Z,2026-08-09,17,45,Disneyland Park,Thunder Mesa Riverboat Landing,28,OPERATING,STANDBY,20,,,queue-times.com
2026-08-09T15:45:44Z,2026-08-09,17,45,Disneyland Park,Disneyland Railroad Main Street Station,2708,CLOSED,STANDBY,0,,,queue-times.com
2026-08-09T15:45:44Z,2026-08-09,17,45,Disneyland Park,Main Street Vehicles,12,CLOSED,STANDBY,0,,,queue-times.com
2026-08-09T15:45:44Z,2026-08-09,17,45,Disney Adventure World,Avengers Assemble: Flight Force,10848,OPERATING,STANDBY,25,,,queue-times.com
2026-08-09T15:45:44Z,2026-08-09,17,45,Disney Adventure World,Avengers Assemble: Flight Force Single Rider,10849,OPERATING,STANDBY,20,,,queue-times.com
2026-08-09T15:45:44Z,2026-08-09,17,45,Disney Adventure World,Spider-Man W.E.B. Adventure,10845,OPERATING,STANDBY,40,,,queue-times.com
2026-08-09T15:45:44Z,2026-08-09,17,45,Disney Adventure World,Spider-Man W.E.B. Adventure Single Rider,10846,OPERATING,STANDBY,20,,,queue-times.com
2026-08-09T15:45:44Z,2026-08-09,17,45,Disney Adventure World,The Twilight Zone Tower of Terror,40,OPERATING,STANDBY,30,,,queue-times.com
2026-08-09T15:45:44Z,2026-08-09,17,45,Disney Adventure World,Cars Quatre Roues Rallye,31,OPERATING,STANDBY,5,,,queue-times.com
2026-08-09T15:45:44Z,2026-08-09,17,45,Disney Adventure World,Cars ROAD TRIP,29,OPERATING,STANDBY,5,,,queue-times.com
2026-08-09T15:45:44Z,2026-08-09,17,45,Disney Adventure World,Crush's Coaster,32,OPERATING,STANDBY,70,,,queue-times.com
2026-08-09T15:45:44Z,2026-08-09,17,45,Disney Adventure World,Crush's Coaster Single Rider,7277,OPERATING,STANDBY,50,,,queue-times.com
2026-08-09T15:45:44Z,2026-08-09,17,45,Disney Adventure World,Les Tapis Volants - Flying Carpets Over Agrabah®,33,OPERATING,STANDBY,5,,,queue-times.com
2026-08-09T15:45:44Z,2026-08-09,17,45,Disney Adventure World,Ratatouille : L’Aventure Totalement Toquée de Rémy​,37,OPERATING,STANDBY,55,,,queue-times.com
2026-08-09T15:45:44Z,2026-08-09,17,45,Disney Adventure World,Ratatouille: The Adventure Single Rider,7279,OPERATING,STANDBY,10,,,queue-times.com
2026-08-09T15:45:44Z,2026-08-09,17,45,Disney Adventure World,RC Racer,34,OPERATING,STANDBY,40,,,queue-times.com
2026-08-09T15:45:44Z,2026-08-09,17,45,Disney Adventure World,RC Racer Single Rider,7280,OPERATING,STANDBY,25,,,queue-times.com
2026-08-09T15:45:44Z,2026-08-09,17,45,Disney Adventure World,Slinky® Dog Zigzag Spin,36,OPERATING,STANDBY,15,,,queue-times.com
2026-08-09T15:45:44Z,2026-08-09,17,45,Disney Adventure World,Toy Soldiers Parachute Drop,35,OPERATING,STANDBY,45,,,queue-times.com
2026-08-09T15:45:44Z,2026-08-09,17,45,Disney Adventure World,Toy Soldiers Parachute Drop Single Rider,7281,OPERATING,STANDBY,15,,,queue-times.com
2026-08-09T15:45:44Z,2026-08-09,17,45,Disney Adventure World,Entry to World of Frozen,16247,OPERATING,STANDBY,0,,,queue-times.com
2026-08-09T15:45:44Z,2026-08-09,17,45,Disney Adventure World,Frozen Ever After,15413,OPERATING,STANDBY,45,,,queue-times.com
2026-08-09T15:45:44Z,2026-08-09,17,45,Disney Adventure World,Raiponce Tangled Spin,15415,OPERATING,STANDBY,5,,,queue-times.com
2026-08-09T16:01:26Z,2026-08-09,18,1,Disneyland Park,Adventure Isle,2702,OPERATING,STANDBY,0,,,queue-times.com
2026-08-09T16:01:26Z,2026-08-09,18,1,Disneyland Park,Indiana Jones and the Temple of Peril Single Rider,7306,OPERATING,STANDBY,15,,,queue-times.com
2026-08-09T16:01:26Z,2026-08-09,18,1,Disneyland Park,Indiana Jones™ and the Temple of Peril,2,OPERATING,STANDBY,20,,,queue-times.com
2026-08-09T16:01:26Z,2026-08-09,18,1,Disneyland Park,La Cabane des Robinson,1,OPERATING,STANDBY,5,,,queue-times.com
2026-08-09T16:01:26Z,2026-08-09,18,1,Disneyland Park,Le Passage Enchanté d'Aladdin,2703,OPERATING,STANDBY,0,,,queue-times.com
2026-08-09T16:01:26Z,2026-08-09,18,1,Disneyland Park,Pirate Galleon,2705,CLOSED,STANDBY,0,,,queue-times.com
2026-08-09T16:01:26Z,2026-08-09,18,1,Disneyland Park,Pirates of the Caribbean,3,OPERATING,STANDBY,15,,,queue-times.com
2026-08-09T16:01:26Z,2026-08-09,18,1,Disneyland Park,Pirates' Beach,2704,OPERATING,STANDBY,0,,,queue-times.com
2026-08-09T16:01:26Z,2026-08-09,18,1,Disneyland Park,"Autopia, presented by Avis",4,OPERATING,STANDBY,40,,,queue-times.com
2026-08-09T16:01:26Z,2026-08-09,18,1,Disneyland Park,Buzz Lightyear Laser Blast,5,OPERATING,STANDBY,35,,,queue-times.com
2026-08-09T16:01:26Z,2026-08-09,18,1,Disneyland Park,Disneyland Railroad Discoveryland Station,2706,CLOSED,STANDBY,0,,,queue-times.com
2026-08-09T16:01:26Z,2026-08-09,18,1,Disneyland Park,Les Mystères du Nautilus,6,OPERATING,STANDBY,5,,,queue-times.com
2026-08-09T16:01:26Z,2026-08-09,18,1,Disneyland Park,Mickey’s PhilharMagic,2707,OPERATING,STANDBY,0,,,queue-times.com
2026-08-09T16:01:26Z,2026-08-09,18,1,Disneyland Park,Orbitron®,7,OPERATING,STANDBY,50,,,queue-times.com
2026-08-09T16:01:26Z,2026-08-09,18,1,Disneyland Park,Star Tours: The Adventures Continue*,9,OPERATING,STANDBY,5,,,queue-times.com
2026-08-09T16:01:26Z,2026-08-09,18,1,Disneyland Park,Star Wars Hyperspace Mountain,8,OPERATING,STANDBY,25,,,queue-times.com
2026-08-09T16:01:26Z,2026-08-09,18,1,Disneyland Park,Star Wars Hyperspace Mountain Single Rider,7278,OPERATING,STANDBY,20,,,queue-times.com
2026-08-09T16:01:26Z,2026-08-09,18,1,Disneyland Park,Welcome to Starport: A Star Wars Encounter,4573,CLOSED,STANDBY,0,,,queue-times.com
2026-08-09T16:01:26Z,2026-08-09,18,1,Disneyland Park,"""it's a small world""",19,OPERATING,STANDBY,5,,,queue-times.com
2026-08-09T16:01:26Z,2026-08-09,18,1,Disneyland Park,Alice's Curious Labyrinth,14,OPERATING,STANDBY,5,,,queue-times.com
2026-08-09T16:01:26Z,2026-08-09,18,1,Disneyland Park,Blanche-Neige et les Sept Nains®,15,OPERATING,STANDBY,15,,,queue-times.com
2026-08-09T16:01:26Z,2026-08-09,18,1,Disneyland Park,Casey Jr. – le Petit Train du Cirque,17,OPERATING,STANDBY,5,,,queue-times.com
2026-08-09T16:01:26Z,2026-08-09,18,1,Disneyland Park,Disneyland Railroad Fantasyland Station,2711,CLOSED,STANDBY,0,,,queue-times.com
2026-08-09T16:01:26Z,2026-08-09,18,1,Disneyland Park,Disneyland Railroad Main Street Station,11,CLOSED,STANDBY,0,,,queue-times.com
2026-08-09T16:01:26Z,2026-08-09,18,1,Disneyland Park,Dumbo the Flying Elephant,18,OPERATING,STANDBY,25,,,queue-times.com
2026-08-09T16:01:26Z,2026-08-09,18,1,Disneyland Park,La Tanière du Dragon,2710,OPERATING,STANDBY,0,,,queue-times.com
2026-08-09T16:01:26Z,2026-08-09,18,1,Disneyland Park,Le Carrousel de Lancelot,16,OPERATING,STANDBY,5,,,queue-times.com
2026-08-09T16:01:26Z,2026-08-09,18,1,Disneyland Park,"Le Pays des Contes de Fées, presented by Vittel",21,OPERATING,STANDBY,5,,,queue-times.com
2026-08-09T16:01:26Z,2026-08-09,18,1,Disneyland Park,Les Voyages de Pinocchio,23,OPERATING,STANDBY,20,,,queue-times.com
2026-08-09T16:01:26Z,2026-08-09,18,1,Disneyland Park,Mad Hatter's Tea Cups,20,OPERATING,STANDBY,5,,,queue-times.com
2026-08-09T16:01:26Z,2026-08-09,18,1,Disneyland Park,Meet Mickey Mouse,13,OPERATING,STANDBY,0,,,queue-times.com
2026-08-09T16:01:26Z,2026-08-09,18,1,Disneyland Park,Peter Pan's Flight,22,OPERATING,STANDBY,55,,,queue-times.com
2026-08-09T16:01:26Z,2026-08-09,18,1,Disneyland Park,Princess Pavilion,24,OPERATING,STANDBY,0,,,queue-times.com
2026-08-09T16:01:26Z,2026-08-09,18,1,Disneyland Park,Big Thunder Mountain,25,OPERATING,STANDBY,60,,,queue-times.com
2026-08-09T16:01:26Z,2026-08-09,18,1,Disneyland Park,Disneyland Railroad Frontierland Depot,2714,CLOSED,STANDBY,0,,,queue-times.com
2026-08-09T16:01:26Z,2026-08-09,18,1,Disneyland Park,Frontierland Playground,2713,OPERATING,STANDBY,0,,,queue-times.com
2026-08-09T16:01:26Z,2026-08-09,18,1,Disneyland Park,Phantom Manor,26,OPERATING,STANDBY,5,,,queue-times.com
2026-08-09T16:01:26Z,2026-08-09,18,1,Disneyland Park,River Rogue Keelboats,27,CLOSED,STANDBY,0,,,queue-times.com
2026-08-09T16:01:26Z,2026-08-09,18,1,Disneyland Park,Rustler Roundup Shootin' Gallery,2712,OPERATING,STANDBY,0,,,queue-times.com
2026-08-09T16:01:26Z,2026-08-09,18,1,Disneyland Park,Thunder Mesa Riverboat Landing,28,OPERATING,STANDBY,0,,,queue-times.com
2026-08-09T16:01:26Z,2026-08-09,18,1,Disneyland Park,Disneyland Railroad Main Street Station,2708,CLOSED,STANDBY,0,,,queue-times.com
2026-08-09T16:01:26Z,2026-08-09,18,1,Disneyland Park,Main Street Vehicles,12,CLOSED,STANDBY,0,,,queue-times.com
2026-08-09T16:01:26Z,2026-08-09,18,1,Disney Adventure World,Avengers Assemble: Flight Force,10848,OPERATING,STANDBY,15,,,queue-times.com
2026-08-09T16:01:26Z,2026-08-09,18,1,Disney Adventure World,Avengers Assemble: Flight Force Single Rider,10849,OPERATING,STANDBY,10,,,queue-times.com
2026-08-09T16:01:26Z,2026-08-09,18,1,Disney Adventure World,Spider-Man W.E.B. Adventure,10845,OPERATING,STANDBY,40,,,queue-times.com
2026-08-09T16:01:26Z,2026-08-09,18,1,Disney Adventure World,Spider-Man W.E.B. Adventure Single Rider,10846,OPERATING,STANDBY,15,,,queue-times.com
2026-08-09T16:01:26Z,2026-08-09,18,1,Disney Adventure World,The Twilight Zone Tower of Terror,40,OPERATING,STANDBY,20,,,queue-times.com
2026-08-09T16:01:26Z,2026-08-09,18,1,Disney Adventure World,Cars Quatre Roues Rallye,31,OPERATING,STANDBY,15,,,queue-times.com
2026-08-09T16:01:26Z,2026-08-09,18,1,Disney Adventure World,Cars ROAD TRIP,29,OPERATING,STANDBY,5,,,queue-times.com
2026-08-09T16:01:26Z,2026-08-09,18,1,Disney Adventure World,Crush's Coaster,32,OPERATING,STANDBY,60,,,queue-times.com
2026-08-09T16:01:26Z,2026-08-09,18,1,Disney Adventure World,Crush's Coaster Single Rider,7277,OPERATING,STANDBY,25,,,queue-times.com
2026-08-09T16:01:26Z,2026-08-09,18,1,Disney Adventure World,Les Tapis Volants - Flying Carpets Over Agrabah®,33,OPERATING,STANDBY,5,,,queue-times.com
2026-08-09T16:01:26Z,2026-08-09,18,1,Disney Adventure World,Ratatouille : L’Aventure Totalement Toquée de Rémy​,37,OPERATING,STANDBY,60,,,queue-times.com
2026-08-09T16:01:26Z,2026-08-09,18,1,Disney Adventure World,Ratatouille: The Adventure Single Rider,7279,OPERATING,STANDBY,10,,,queue-times.com
2026-08-09T16:01:26Z,2026-08-09,18,1,Disney Adventure World,RC Racer,34,OPERATING,STANDBY,30,,,queue-times.com
2026-08-09T16:01:26Z,2026-08-09,18,1,Disney Adventure World,RC Racer Single Rider,7280,OPERATING,STANDBY,20,,,queue-times.com
2026-08-09T16:01:26Z,2026-08-09,18,1,Disney Adventure World,Slinky® Dog Zigzag Spin,36,OPERATING,STANDBY,10,,,queue-times.com
2026-08-09T16:01:26Z,2026-08-09,18,1,Disney Adventure World,Toy Soldiers Parachute Drop,35,OPERATING,STANDBY,40,,,queue-times.com
2026-08-09T16:01:26Z,2026-08-09,18,1,Disney Adventure World,Toy Soldiers Parachute Drop Single Rider,7281,OPERATING,STANDBY,10,,,queue-times.com
2026-08-09T16:01:26Z,2026-08-09,18,1,Disney Adventure World,Entry to World of Frozen,16247,OPERATING,STANDBY,0,,,queue-times.com
2026-08-09T16:01:26Z,2026-08-09,18,1,Disney Adventure World,Frozen Ever After,15413,OPERATING,STANDBY,50,,,queue-times.com
2026-08-09T16:01:26Z,2026-08-09,18,1,Disney Adventure World,Raiponce Tangled Spin,15415,OPERATING,STANDBY,5,,,queue-times.com
2026-08-09T16:15:53Z,2026-08-09,18,15,Disneyland Park,Adventure Isle,2702,OPERATING,STANDBY,0,,,queue-times.com
2026-08-09T16:15:53Z,2026-08-09,18,15,Disneyland Park,Indiana Jones and the Temple of Peril Single Rider,7306,OPERATING,STANDBY,10,,,queue-times.com
2026-08-09T16:15:53Z,2026-08-09,18,15,Disneyland Park,Indiana Jones™ and the Temple of Peril,2,OPERATING,STANDBY,15,,,queue-times.com
2026-08-09T16:15:53Z,2026-08-09,18,15,Disneyland Park,La Cabane des Robinson,1,OPERATING,STANDBY,5,,,queue-times.com
2026-08-09T16:15:53Z,2026-08-09,18,15,Disneyland Park,Le Passage Enchanté d'Aladdin,2703,OPERATING,STANDBY,0,,,queue-times.com
2026-08-09T16:15:53Z,2026-08-09,18,15,Disneyland Park,Pirate Galleon,2705,CLOSED,STANDBY,0,,,queue-times.com
2026-08-09T16:15:53Z,2026-08-09,18,15,Disneyland Park,Pirates of the Caribbean,3,OPERATING,STANDBY,10,,,queue-times.com
2026-08-09T16:15:53Z,2026-08-09,18,15,Disneyland Park,Pirates' Beach,2704,OPERATING,STANDBY,0,,,queue-times.com
2026-08-09T16:15:53Z,2026-08-09,18,15,Disneyland Park,"Autopia, presented by Avis",4,OPERATING,STANDBY,35,,,queue-times.com
2026-08-09T16:15:53Z,2026-08-09,18,15,Disneyland Park,Buzz Lightyear Laser Blast,5,OPERATING,STANDBY,55,,,queue-times.com
2026-08-09T16:15:53Z,2026-08-09,18,15,Disneyland Park,Disneyland Railroad Discoveryland Station,2706,CLOSED,STANDBY,0,,,queue-times.com
2026-08-09T16:15:53Z,2026-08-09,18,15,Disneyland Park,Les Mystères du Nautilus,6,OPERATING,STANDBY,5,,,queue-times.com
2026-08-09T16:15:53Z,2026-08-09,18,15,Disneyland Park,Mickey’s PhilharMagic,2707,CLOSED,STANDBY,0,,,queue-times.com
2026-08-09T16:15:53Z,2026-08-09,18,15,Disneyland Park,Orbitron®,7,OPERATING,STANDBY,35,,,queue-times.com
2026-08-09T16:15:53Z,2026-08-09,18,15,Disneyland Park,Star Tours: The Adventures Continue*,9,OPERATING,STANDBY,5,,,queue-times.com
2026-08-09T16:15:53Z,2026-08-09,18,15,Disneyland Park,Star Wars Hyperspace Mountain,8,OPERATING,STANDBY,20,,,queue-times.com
2026-08-09T16:15:53Z,2026-08-09,18,15,Disneyland Park,Star Wars Hyperspace Mountain Single Rider,7278,OPERATING,STANDBY,5,,,queue-times.com
2026-08-09T16:15:53Z,2026-08-09,18,15,Disneyland Park,Welcome to Starport: A Star Wars Encounter,4573,CLOSED,STANDBY,0,,,queue-times.com
2026-08-09T16:15:53Z,2026-08-09,18,15,Disneyland Park,"""it's a small world""",19,OPERATING,STANDBY,5,,,queue-times.com
2026-08-09T16:15:53Z,2026-08-09,18,15,Disneyland Park,Alice's Curious Labyrinth,14,OPERATING,STANDBY,5,,,queue-times.com
2026-08-09T16:15:53Z,2026-08-09,18,15,Disneyland Park,Blanche-Neige et les Sept Nains®,15,OPERATING,STANDBY,15,,,queue-times.com
2026-08-09T16:15:53Z,2026-08-09,18,15,Disneyland Park,Casey Jr. – le Petit Train du Cirque,17,OPERATING,STANDBY,5,,,queue-times.com
2026-08-09T16:15:53Z,2026-08-09,18,15,Disneyland Park,Disneyland Railroad Fantasyland Station,2711,CLOSED,STANDBY,0,,,queue-times.com
2026-08-09T16:15:53Z,2026-08-09,18,15,Disneyland Park,Disneyland Railroad Main Street Station,11,CLOSED,STANDBY,0,,,queue-times.com
2026-08-09T16:15:53Z,2026-08-09,18,15,Disneyland Park,Dumbo the Flying Elephant,18,OPERATING,STANDBY,25,,,queue-times.com
2026-08-09T16:15:53Z,2026-08-09,18,15,Disneyland Park,La Tanière du Dragon,2710,OPERATING,STANDBY,0,,,queue-times.com
2026-08-09T16:15:53Z,2026-08-09,18,15,Disneyland Park,Le Carrousel de Lancelot,16,OPERATING,STANDBY,5,,,queue-times.com
2026-08-09T16:15:53Z,2026-08-09,18,15,Disneyland Park,"Le Pays des Contes de Fées, presented by Vittel",21,OPERATING,STANDBY,5,,,queue-times.com
2026-08-09T16:15:53Z,2026-08-09,18,15,Disneyland Park,Les Voyages de Pinocchio,23,OPERATING,STANDBY,20,,,queue-times.com
2026-08-09T16:15:53Z,2026-08-09,18,15,Disneyland Park,Mad Hatter's Tea Cups,20,OPERATING,STANDBY,5,,,queue-times.com
2026-08-09T16:15:53Z,2026-08-09,18,15,Disneyland Park,Meet Mickey Mouse,13,OPERATING,STANDBY,0,,,queue-times.com
2026-08-09T16:15:53Z,2026-08-09,18,15,Disneyland Park,Peter Pan's Flight,22,OPERATING,STANDBY,50,,,queue-times.com
2026-08-09T16:15:53Z,2026-08-09,18,15,Disneyland Park,Princess Pavilion,24,CLOSED,STANDBY,0,,,queue-times.com
2026-08-09T16:15:53Z,2026-08-09,18,15,Disneyland Park,Big Thunder Mountain,25,OPERATING,STANDBY,60,,,queue-times.com
2026-08-09T16:15:53Z,2026-08-09,18,15,Disneyland Park,Disneyland Railroad Frontierland Depot,2714,CLOSED,STANDBY,0,,,queue-times.com
2026-08-09T16:15:53Z,2026-08-09,18,15,Disneyland Park,Frontierland Playground,2713,OPERATING,STANDBY,0,,,queue-times.com
2026-08-09T16:15:53Z,2026-08-09,18,15,Disneyland Park,Phantom Manor,26,OPERATING,STANDBY,5,,,queue-times.com
2026-08-09T16:15:53Z,2026-08-09,18,15,Disneyland Park,River Rogue Keelboats,27,CLOSED,STANDBY,0,,,queue-times.com
2026-08-09T16:15:53Z,2026-08-09,18,15,Disneyland Park,Rustler Roundup Shootin' Gallery,2712,OPERATING,STANDBY,0,,,queue-times.com
2026-08-09T16:15:53Z,2026-08-09,18,15,Disneyland Park,Thunder Mesa Riverboat Landing,28,CLOSED,STANDBY,0,,,queue-times.com
2026-08-09T16:15:53Z,2026-08-09,18,15,Disneyland Park,Disneyland Railroad Main Street Station,2708,CLOSED,STANDBY,0,,,queue-times.com
2026-08-09T16:15:53Z,2026-08-09,18,15,Disneyland Park,Main Street Vehicles,12,CLOSED,STANDBY,0,,,queue-times.com
2026-08-09T16:15:53Z,2026-08-09,18,15,Disney Adventure World,Avengers Assemble: Flight Force,10848,OPERATING,STANDBY,10,,,queue-times.com
2026-08-09T16:15:53Z,2026-08-09,18,15,Disney Adventure World,Avengers Assemble: Flight Force Single Rider,10849,OPERATING,STANDBY,5,,,queue-times.com
2026-08-09T16:15:53Z,2026-08-09,18,15,Disney Adventure World,Spider-Man W.E.B. Adventure,10845,OPERATING,STANDBY,40,,,queue-times.com
2026-08-09T16:15:53Z,2026-08-09,18,15,Disney Adventure World,Spider-Man W.E.B. Adventure Single Rider,10846,OPERATING,STANDBY,15,,,queue-times.com
2026-08-09T16:15:53Z,2026-08-09,18,15,Disney Adventure World,The Twilight Zone Tower of Terror,40,OPERATING,STANDBY,25,,,queue-times.com
2026-08-09T16:15:53Z,2026-08-09,18,15,Disney Adventure World,Cars Quatre Roues Rallye,31,OPERATING,STANDBY,15,,,queue-times.com
2026-08-09T16:15:53Z,2026-08-09,18,15,Disney Adventure World,Cars ROAD TRIP,29,OPERATING,STANDBY,5,,,queue-times.com
2026-08-09T16:15:53Z,2026-08-09,18,15,Disney Adventure World,Crush's Coaster,32,OPERATING,STANDBY,60,,,queue-times.com
2026-08-09T16:15:53Z,2026-08-09,18,15,Disney Adventure World,Crush's Coaster Single Rider,7277,OPERATING,STANDBY,55,,,queue-times.com
2026-08-09T16:15:53Z,2026-08-09,18,15,Disney Adventure World,Les Tapis Volants - Flying Carpets Over Agrabah®,33,OPERATING,STANDBY,15,,,queue-times.com
2026-08-09T16:15:53Z,2026-08-09,18,15,Disney Adventure World,Ratatouille : L’Aventure Totalement Toquée de Rémy​,37,OPERATING,STANDBY,55,,,queue-times.com
2026-08-09T16:15:53Z,2026-08-09,18,15,Disney Adventure World,Ratatouille: The Adventure Single Rider,7279,OPERATING,STANDBY,10,,,queue-times.com
2026-08-09T16:15:53Z,2026-08-09,18,15,Disney Adventure World,RC Racer,34,OPERATING,STANDBY,25,,,queue-times.com
2026-08-09T16:15:53Z,2026-08-09,18,15,Disney Adventure World,RC Racer Single Rider,7280,OPERATING,STANDBY,20,,,queue-times.com
2026-08-09T16:15:53Z,2026-08-09,18,15,Disney Adventure World,Slinky® Dog Zigzag Spin,36,OPERATING,STANDBY,5,,,queue-times.com
2026-08-09T16:15:53Z,2026-08-09,18,15,Disney Adventure World,Toy Soldiers Parachute Drop,35,OPERATING,STANDBY,40,,,queue-times.com
2026-08-09T16:15:53Z,2026-08-09,18,15,Disney Adventure World,Toy Soldiers Parachute Drop Single Rider,7281,OPERATING,STANDBY,15,,,queue-times.com
2026-08-09T16:15:53Z,2026-08-09,18,15,Disney Adventure World,Entry to World of Frozen,16247,OPERATING,STANDBY,0,,,queue-times.com
2026-08-09T16:15:53Z,2026-08-09,18,15,Disney Adventure World,Frozen Ever After,15413,OPERATING,STANDBY,55,,,queue-times.com
2026-08-09T16:15:53Z,2026-08-09,18,15,Disney Adventure World,Raiponce Tangled Spin,15415,OPERATING,STANDBY,5,,,queue-times.com
2026-08-09T16:31:10Z,2026-08-09,18,31,Disneyland Park,Adventure Isle,2702,OPERATING,STANDBY,0,,,queue-times.com
2026-08-09T16:31:10Z,2026-08-09,18,31,Disneyland Park,Indiana Jones and the Temple of Peril Single Rider,7306,OPERATING,STANDBY,5,,,queue-times.com
2026-08-09T16:31:10Z,2026-08-09,18,31,Disneyland Park,Indiana Jones™ and the Temple of Peril,2,OPERATING,STANDBY,20,,,queue-times.com
2026-08-09T16:31:10Z,2026-08-09,18,31,Disneyland Park,La Cabane des Robinson,1,OPERATING,STANDBY,5,,,queue-times.com
2026-08-09T16:31:10Z,2026-08-09,18,31,Disneyland Park,Le Passage Enchanté d'Aladdin,2703,OPERATING,STANDBY,0,,,queue-times.com
2026-08-09T16:31:10Z,2026-08-09,18,31,Disneyland Park,Pirate Galleon,2705,CLOSED,STANDBY,0,,,queue-times.com
2026-08-09T16:31:10Z,2026-08-09,18,31,Disneyland Park,Pirates of the Caribbean,3,OPERATING,STANDBY,10,,,queue-times.com
2026-08-09T16:31:10Z,2026-08-09,18,31,Disneyland Park,Pirates' Beach,2704,OPERATING,STANDBY,0,,,queue-times.com
2026-08-09T16:31:10Z,2026-08-09,18,31,Disneyland Park,"Autopia, presented by Avis",4,OPERATING,STANDBY,45,,,queue-times.com
2026-08-09T16:31:10Z,2026-08-09,18,31,Disneyland Park,Buzz Lightyear Laser Blast,5,OPERATING,STANDBY,45,,,queue-times.com
2026-08-09T16:31:10Z,2026-08-09,18,31,Disneyland Park,Disneyland Railroad Discoveryland Station,2706,CLOSED,STANDBY,0,,,queue-times.com
2026-08-09T16:31:10Z,2026-08-09,18,31,Disneyland Park,Les Mystères du Nautilus,6,OPERATING,STANDBY,5,,,queue-times.com
2026-08-09T16:31:10Z,2026-08-09,18,31,Disneyland Park,Mickey’s PhilharMagic,2707,CLOSED,STANDBY,0,,,queue-times.com
2026-08-09T16:31:10Z,2026-08-09,18,31,Disneyland Park,Orbitron®,7,OPERATING,STANDBY,35,,,queue-times.com
2026-08-09T16:31:10Z,2026-08-09,18,31,Disneyland Park,Star Tours: The Adventures Continue*,9,OPERATING,STANDBY,5,,,queue-times.com
2026-08-09T16:31:10Z,2026-08-09,18,31,Disneyland Park,Star Wars Hyperspace Mountain,8,OPERATING,STANDBY,20,,,queue-times.com
2026-08-09T16:31:10Z,2026-08-09,18,31,Disneyland Park,Star Wars Hyperspace Mountain Single Rider,7278,OPERATING,STANDBY,15,,,queue-times.com
2026-08-09T16:31:10Z,2026-08-09,18,31,Disneyland Park,Welcome to Starport: A Star Wars Encounter,4573,CLOSED,STANDBY,0,,,queue-times.com
2026-08-09T16:31:10Z,2026-08-09,18,31,Disneyland Park,"""it's a small world""",19,OPERATING,STANDBY,5,,,queue-times.com
2026-08-09T16:31:10Z,2026-08-09,18,31,Disneyland Park,Alice's Curious Labyrinth,14,OPERATING,STANDBY,5,,,queue-times.com
2026-08-09T16:31:10Z,2026-08-09,18,31,Disneyland Park,Blanche-Neige et les Sept Nains®,15,OPERATING,STANDBY,15,,,queue-times.com
2026-08-09T16:31:10Z,2026-08-09,18,31,Disneyland Park,Casey Jr. – le Petit Train du Cirque,17,OPERATING,STANDBY,5,,,queue-times.com
2026-08-09T16:31:10Z,2026-08-09,18,31,Disneyland Park,Disneyland Railroad Fantasyland Station,2711,CLOSED,STANDBY,0,,,queue-times.com
2026-08-09T16:31:10Z,2026-08-09,18,31,Disneyland Park,Disneyland Railroad Main Street Station,11,CLOSED,STANDBY,0,,,queue-times.com
2026-08-09T16:31:10Z,2026-08-09,18,31,Disneyland Park,Dumbo the Flying Elephant,18,OPERATING,STANDBY,25,,,queue-times.com
2026-08-09T16:31:10Z,2026-08-09,18,31,Disneyland Park,La Tanière du Dragon,2710,OPERATING,STANDBY,0,,,queue-times.com
2026-08-09T16:31:10Z,2026-08-09,18,31,Disneyland Park,Le Carrousel de Lancelot,16,OPERATING,STANDBY,5,,,queue-times.com
2026-08-09T16:31:10Z,2026-08-09,18,31,Disneyland Park,"Le Pays des Contes de Fées, presented by Vittel",21,OPERATING,STANDBY,5,,,queue-times.com
2026-08-09T16:31:10Z,2026-08-09,18,31,Disneyland Park,Les Voyages de Pinocchio,23,OPERATING,STANDBY,35,,,queue-times.com
2026-08-09T16:31:10Z,2026-08-09,18,31,Disneyland Park,Mad Hatter's Tea Cups,20,OPERATING,STANDBY,5,,,queue-times.com
2026-08-09T16:31:10Z,2026-08-09,18,31,Disneyland Park,Meet Mickey Mouse,13,CLOSED,STANDBY,0,,,queue-times.com
2026-08-09T16:31:10Z,2026-08-09,18,31,Disneyland Park,Peter Pan's Flight,22,OPERATING,STANDBY,60,,,queue-times.com
2026-08-09T16:31:10Z,2026-08-09,18,31,Disneyland Park,Princess Pavilion,24,CLOSED,STANDBY,0,,,queue-times.com
2026-08-09T16:31:10Z,2026-08-09,18,31,Disneyland Park,Big Thunder Mountain,25,OPERATING,STANDBY,65,,,queue-times.com
2026-08-09T16:31:10Z,2026-08-09,18,31,Disneyland Park,Disneyland Railroad Frontierland Depot,2714,CLOSED,STANDBY,0,,,queue-times.com
2026-08-09T16:31:10Z,2026-08-09,18,31,Disneyland Park,Frontierland Playground,2713,OPERATING,STANDBY,0,,,queue-times.com
2026-08-09T16:31:10Z,2026-08-09,18,31,Disneyland Park,Phantom Manor,26,OPERATING,STANDBY,5,,,queue-times.com
2026-08-09T16:31:10Z,2026-08-09,18,31,Disneyland Park,River Rogue Keelboats,27,CLOSED,STANDBY,0,,,queue-times.com
2026-08-09T16:31:10Z,2026-08-09,18,31,Disneyland Park,Rustler Roundup Shootin' Gallery,2712,OPERATING,STANDBY,0,,,queue-times.com
2026-08-09T16:31:10Z,2026-08-09,18,31,Disneyland Park,Thunder Mesa Riverboat Landing,28,CLOSED,STANDBY,0,,,queue-times.com
2026-08-09T16:31:10Z,2026-08-09,18,31,Disneyland Park,Disneyland Railroad Main Street Station,2708,CLOSED,STANDBY,0,,,queue-times.com
2026-08-09T16:31:10Z,2026-08-09,18,31,Disneyland Park,Main Street Vehicles,12,CLOSED,STANDBY,0,,,queue-times.com
2026-08-09T16:31:10Z,2026-08-09,18,31,Disney Adventure World,Avengers Assemble: Flight Force,10848,OPERATING,STANDBY,20,,,queue-times.com
2026-08-09T16:31:10Z,2026-08-09,18,31,Disney Adventure World,Avengers Assemble: Flight Force Single Rider,10849,OPERATING,STANDBY,10,,,queue-times.com
2026-08-09T16:31:10Z,2026-08-09,18,31,Disney Adventure World,Spider-Man W.E.B. Adventure,10845,OPERATING,STANDBY,50,,,queue-times.com
2026-08-09T16:31:10Z,2026-08-09,18,31,Disney Adventure World,Spider-Man W.E.B. Adventure Single Rider,10846,OPERATING,STANDBY,5,,,queue-times.com
2026-08-09T16:31:10Z,2026-08-09,18,31,Disney Adventure World,The Twilight Zone Tower of Terror,40,OPERATING,STANDBY,30,,,queue-times.com
2026-08-09T16:31:10Z,2026-08-09,18,31,Disney Adventure World,Cars Quatre Roues Rallye,31,OPERATING,STANDBY,15,,,queue-times.com
2026-08-09T16:31:10Z,2026-08-09,18,31,Disney Adventure World,Cars ROAD TRIP,29,OPERATING,STANDBY,10,,,queue-times.com
2026-08-09T16:31:10Z,2026-08-09,18,31,Disney Adventure World,Crush's Coaster,32,OPERATING,STANDBY,75,,,queue-times.com
2026-08-09T16:31:10Z,2026-08-09,18,31,Disney Adventure World,Crush's Coaster Single Rider,7277,OPERATING,STANDBY,45,,,queue-times.com
2026-08-09T16:31:10Z,2026-08-09,18,31,Disney Adventure World,Les Tapis Volants - Flying Carpets Over Agrabah®,33,OPERATING,STANDBY,5,,,queue-times.com
2026-08-09T16:31:10Z,2026-08-09,18,31,Disney Adventure World,Ratatouille : L’Aventure Totalement Toquée de Rémy​,37,OPERATING,STANDBY,40,,,queue-times.com
2026-08-09T16:31:10Z,2026-08-09,18,31,Disney Adventure World,Ratatouille: The Adventure Single Rider,7279,OPERATING,STANDBY,10,,,queue-times.com
2026-08-09T16:31:10Z,2026-08-09,18,31,Disney Adventure World,RC Racer,34,OPERATING,STANDBY,30,,,queue-times.com
2026-08-09T16:31:10Z,2026-08-09,18,31,Disney Adventure World,RC Racer Single Rider,7280,OPERATING,STANDBY,25,,,queue-times.com
2026-08-09T16:31:10Z,2026-08-09,18,31,Disney Adventure World,Slinky® Dog Zigzag Spin,36,OPERATING,STANDBY,5,,,queue-times.com
2026-08-09T16:31:10Z,2026-08-09,18,31,Disney Adventure World,Toy Soldiers Parachute Drop,35,OPERATING,STANDBY,40,,,queue-times.com
2026-08-09T16:31:10Z,2026-08-09,18,31,Disney Adventure World,Toy Soldiers Parachute Drop Single Rider,7281,OPERATING,STANDBY,25,,,queue-times.com
2026-08-09T16:31:10Z,2026-08-09,18,31,Disney Adventure World,Entry to World of Frozen,16247,OPERATING,STANDBY,0,,,queue-times.com
2026-08-09T16:31:10Z,2026-08-09,18,31,Disney Adventure World,Frozen Ever After,15413,OPERATING,STANDBY,45,,,queue-times.com
2026-08-09T16:31:10Z,2026-08-09,18,31,Disney Adventure World,Raiponce Tangled Spin,15415,OPERATING,STANDBY,5,,,queue-times.com
2026-08-09T16:45:54Z,2026-08-09,18,45,Disneyland Park,Adventure Isle,2702,OPERATING,STANDBY,0,,,queue-times.com
2026-08-09T16:45:54Z,2026-08-09,18,45,Disneyland Park,Indiana Jones and the Temple of Peril Single Rider,7306,OPERATING,STANDBY,10,,,queue-times.com
2026-08-09T16:45:54Z,2026-08-09,18,45,Disneyland Park,Indiana Jones™ and the Temple of Peril,2,OPERATING,STANDBY,20,,,queue-times.com
2026-08-09T16:45:54Z,2026-08-09,18,45,Disneyland Park,La Cabane des Robinson,1,OPERATING,STANDBY,5,,,queue-times.com
2026-08-09T16:45:54Z,2026-08-09,18,45,Disneyland Park,Le Passage Enchanté d'Aladdin,2703,OPERATING,STANDBY,0,,,queue-times.com
2026-08-09T16:45:54Z,2026-08-09,18,45,Disneyland Park,Pirate Galleon,2705,CLOSED,STANDBY,0,,,queue-times.com
2026-08-09T16:45:54Z,2026-08-09,18,45,Disneyland Park,Pirates of the Caribbean,3,OPERATING,STANDBY,10,,,queue-times.com
2026-08-09T16:45:54Z,2026-08-09,18,45,Disneyland Park,Pirates' Beach,2704,OPERATING,STANDBY,0,,,queue-times.com
2026-08-09T16:45:54Z,2026-08-09,18,45,Disneyland Park,"Autopia, presented by Avis",4,OPERATING,STANDBY,50,,,queue-times.com
2026-08-09T16:45:54Z,2026-08-09,18,45,Disneyland Park,Buzz Lightyear Laser Blast,5,OPERATING,STANDBY,20,,,queue-times.com
2026-08-09T16:45:54Z,2026-08-09,18,45,Disneyland Park,Disneyland Railroad Discoveryland Station,2706,CLOSED,STANDBY,0,,,queue-times.com
2026-08-09T16:45:54Z,2026-08-09,18,45,Disneyland Park,Les Mystères du Nautilus,6,OPERATING,STANDBY,5,,,queue-times.com
2026-08-09T16:45:54Z,2026-08-09,18,45,Disneyland Park,Mickey’s PhilharMagic,2707,CLOSED,STANDBY,0,,,queue-times.com
2026-08-09T16:45:54Z,2026-08-09,18,45,Disneyland Park,Orbitron®,7,OPERATING,STANDBY,35,,,queue-times.com
2026-08-09T16:45:54Z,2026-08-09,18,45,Disneyland Park,Star Tours: The Adventures Continue*,9,OPERATING,STANDBY,5,,,queue-times.com
2026-08-09T16:45:54Z,2026-08-09,18,45,Disneyland Park,Star Wars Hyperspace Mountain,8,OPERATING,STANDBY,20,,,queue-times.com
2026-08-09T16:45:54Z,2026-08-09,18,45,Disneyland Park,Star Wars Hyperspace Mountain Single Rider,7278,OPERATING,STANDBY,15,,,queue-times.com
2026-08-09T16:45:54Z,2026-08-09,18,45,Disneyland Park,Welcome to Starport: A Star Wars Encounter,4573,CLOSED,STANDBY,0,,,queue-times.com
2026-08-09T16:45:54Z,2026-08-09,18,45,Disneyland Park,"""it's a small world""",19,OPERATING,STANDBY,5,,,queue-times.com
2026-08-09T16:45:54Z,2026-08-09,18,45,Disneyland Park,Alice's Curious Labyrinth,14,OPERATING,STANDBY,5,,,queue-times.com
2026-08-09T16:45:54Z,2026-08-09,18,45,Disneyland Park,Blanche-Neige et les Sept Nains®,15,OPERATING,STANDBY,15,,,queue-times.com
2026-08-09T16:45:54Z,2026-08-09,18,45,Disneyland Park,Casey Jr. – le Petit Train du Cirque,17,OPERATING,STANDBY,5,,,queue-times.com
2026-08-09T16:45:54Z,2026-08-09,18,45,Disneyland Park,Disneyland Railroad Fantasyland Station,2711,CLOSED,STANDBY,0,,,queue-times.com
2026-08-09T16:45:54Z,2026-08-09,18,45,Disneyland Park,Disneyland Railroad Main Street Station,11,CLOSED,STANDBY,0,,,queue-times.com
2026-08-09T16:45:54Z,2026-08-09,18,45,Disneyland Park,Dumbo the Flying Elephant,18,OPERATING,STANDBY,25,,,queue-times.com
2026-08-09T16:45:54Z,2026-08-09,18,45,Disneyland Park,La Tanière du Dragon,2710,OPERATING,STANDBY,0,,,queue-times.com
2026-08-09T16:45:54Z,2026-08-09,18,45,Disneyland Park,Le Carrousel de Lancelot,16,OPERATING,STANDBY,5,,,queue-times.com
2026-08-09T16:45:54Z,2026-08-09,18,45,Disneyland Park,"Le Pays des Contes de Fées, presented by Vittel",21,OPERATING,STANDBY,5,,,queue-times.com
2026-08-09T16:45:54Z,2026-08-09,18,45,Disneyland Park,Les Voyages de Pinocchio,23,OPERATING,STANDBY,35,,,queue-times.com
2026-08-09T16:45:54Z,2026-08-09,18,45,Disneyland Park,Mad Hatter's Tea Cups,20,OPERATING,STANDBY,5,,,queue-times.com
2026-08-09T16:45:54Z,2026-08-09,18,45,Disneyland Park,Meet Mickey Mouse,13,CLOSED,STANDBY,0,,,queue-times.com
2026-08-09T16:45:54Z,2026-08-09,18,45,Disneyland Park,Peter Pan's Flight,22,OPERATING,STANDBY,50,,,queue-times.com
2026-08-09T16:45:54Z,2026-08-09,18,45,Disneyland Park,Princess Pavilion,24,CLOSED,STANDBY,0,,,queue-times.com
2026-08-09T16:45:54Z,2026-08-09,18,45,Disneyland Park,Big Thunder Mountain,25,OPERATING,STANDBY,65,,,queue-times.com
2026-08-09T16:45:54Z,2026-08-09,18,45,Disneyland Park,Disneyland Railroad Frontierland Depot,2714,CLOSED,STANDBY,0,,,queue-times.com
2026-08-09T16:45:54Z,2026-08-09,18,45,Disneyland Park,Frontierland Playground,2713,OPERATING,STANDBY,0,,,queue-times.com
2026-08-09T16:45:54Z,2026-08-09,18,45,Disneyland Park,Phantom Manor,26,OPERATING,STANDBY,5,,,queue-times.com
2026-08-09T16:45:54Z,2026-08-09,18,45,Disneyland Park,River Rogue Keelboats,27,CLOSED,STANDBY,0,,,queue-times.com
2026-08-09T16:45:54Z,2026-08-09,18,45,Disneyland Park,Rustler Roundup Shootin' Gallery,2712,OPERATING,STANDBY,0,,,queue-times.com
2026-08-09T16:45:54Z,2026-08-09,18,45,Disneyland Park,Thunder Mesa Riverboat Landing,28,CLOSED,STANDBY,0,,,queue-times.com
2026-08-09T16:45:54Z,2026-08-09,18,45,Disneyland Park,Disneyland Railroad Main Street Station,2708,CLOSED,STANDBY,0,,,queue-times.com
2026-08-09T16:45:54Z,2026-08-09,18,45,Disneyland Park,Main Street Vehicles,12,CLOSED,STANDBY,0,,,queue-times.com
2026-08-09T16:45:54Z,2026-08-09,18,45,Disney Adventure World,Avengers Assemble: Flight Force,10848,OPERATING,STANDBY,15,,,queue-times.com
2026-08-09T16:45:54Z,2026-08-09,18,45,Disney Adventure World,Avengers Assemble: Flight Force Single Rider,10849,OPERATING,STANDBY,10,,,queue-times.com
2026-08-09T16:45:54Z,2026-08-09,18,45,Disney Adventure World,Spider-Man W.E.B. Adventure,10845,OPERATING,STANDBY,40,,,queue-times.com
2026-08-09T16:45:54Z,2026-08-09,18,45,Disney Adventure World,Spider-Man W.E.B. Adventure Single Rider,10846,OPERATING,STANDBY,20,,,queue-times.com
2026-08-09T16:45:54Z,2026-08-09,18,45,Disney Adventure World,The Twilight Zone Tower of Terror,40,OPERATING,STANDBY,25,,,queue-times.com
2026-08-09T16:45:54Z,2026-08-09,18,45,Disney Adventure World,Cars Quatre Roues Rallye,31,OPERATING,STANDBY,5,,,queue-times.com
2026-08-09T16:45:54Z,2026-08-09,18,45,Disney Adventure World,Cars ROAD TRIP,29,OPERATING,STANDBY,5,,,queue-times.com
2026-08-09T16:45:54Z,2026-08-09,18,45,Disney Adventure World,Crush's Coaster,32,OPERATING,STANDBY,75,,,queue-times.com
2026-08-09T16:45:54Z,2026-08-09,18,45,Disney Adventure World,Crush's Coaster Single Rider,7277,OPERATING,STANDBY,45,,,queue-times.com
2026-08-09T16:45:54Z,2026-08-09,18,45,Disney Adventure World,Les Tapis Volants - Flying Carpets Over Agrabah®,33,OPERATING,STANDBY,5,,,queue-times.com
2026-08-09T16:45:54Z,2026-08-09,18,45,Disney Adventure World,Ratatouille : L’Aventure Totalement Toquée de Rémy​,37,OPERATING,STANDBY,40,,,queue-times.com
2026-08-09T16:45:54Z,2026-08-09,18,45,Disney Adventure World,Ratatouille: The Adventure Single Rider,7279,OPERATING,STANDBY,10,,,queue-times.com
2026-08-09T16:45:54Z,2026-08-09,18,45,Disney Adventure World,RC Racer,34,OPERATING,STANDBY,45,,,queue-times.com
2026-08-09T16:45:54Z,2026-08-09,18,45,Disney Adventure World,RC Racer Single Rider,7280,OPERATING,STANDBY,40,,,queue-times.com
2026-08-09T16:45:54Z,2026-08-09,18,45,Disney Adventure World,Slinky® Dog Zigzag Spin,36,OPERATING,STANDBY,5,,,queue-times.com
2026-08-09T16:45:54Z,2026-08-09,18,45,Disney Adventure World,Toy Soldiers Parachute Drop,35,OPERATING,STANDBY,35,,,queue-times.com
2026-08-09T16:45:54Z,2026-08-09,18,45,Disney Adventure World,Toy Soldiers Parachute Drop Single Rider,7281,OPERATING,STANDBY,15,,,queue-times.com
2026-08-09T16:45:54Z,2026-08-09,18,45,Disney Adventure World,Entry to World of Frozen,16247,OPERATING,STANDBY,0,,,queue-times.com
2026-08-09T16:45:54Z,2026-08-09,18,45,Disney Adventure World,Frozen Ever After,15413,OPERATING,STANDBY,40,,,queue-times.com
2026-08-09T16:45:54Z,2026-08-09,18,45,Disney Adventure World,Raiponce Tangled Spin,15415,OPERATING,STANDBY,5,,,queue-times.com
2026-08-09T16:59:48Z,2026-08-09,18,59,Disneyland Park,Adventure Isle,2702,OPERATING,STANDBY,0,,,queue-times.com
2026-08-09T16:59:48Z,2026-08-09,18,59,Disneyland Park,Indiana Jones and the Temple of Peril Single Rider,7306,OPERATING,STANDBY,5,,,queue-times.com
2026-08-09T16:59:48Z,2026-08-09,18,59,Disneyland Park,Indiana Jones™ and the Temple of Peril,2,OPERATING,STANDBY,10,,,queue-times.com
2026-08-09T16:59:48Z,2026-08-09,18,59,Disneyland Park,La Cabane des Robinson,1,OPERATING,STANDBY,5,,,queue-times.com
2026-08-09T16:59:48Z,2026-08-09,18,59,Disneyland Park,Le Passage Enchanté d'Aladdin,2703,OPERATING,STANDBY,0,,,queue-times.com
2026-08-09T16:59:48Z,2026-08-09,18,59,Disneyland Park,Pirate Galleon,2705,CLOSED,STANDBY,0,,,queue-times.com
2026-08-09T16:59:48Z,2026-08-09,18,59,Disneyland Park,Pirates of the Caribbean,3,OPERATING,STANDBY,5,,,queue-times.com
2026-08-09T16:59:48Z,2026-08-09,18,59,Disneyland Park,Pirates' Beach,2704,OPERATING,STANDBY,0,,,queue-times.com
2026-08-09T16:59:48Z,2026-08-09,18,59,Disneyland Park,"Autopia, presented by Avis",4,OPERATING,STANDBY,30,,,queue-times.com
2026-08-09T16:59:48Z,2026-08-09,18,59,Disneyland Park,Buzz Lightyear Laser Blast,5,OPERATING,STANDBY,50,,,queue-times.com
2026-08-09T16:59:48Z,2026-08-09,18,59,Disneyland Park,Disneyland Railroad Discoveryland Station,2706,CLOSED,STANDBY,0,,,queue-times.com
2026-08-09T16:59:48Z,2026-08-09,18,59,Disneyland Park,Les Mystères du Nautilus,6,OPERATING,STANDBY,5,,,queue-times.com
2026-08-09T16:59:48Z,2026-08-09,18,59,Disneyland Park,Mickey’s PhilharMagic,2707,CLOSED,STANDBY,0,,,queue-times.com
2026-08-09T16:59:48Z,2026-08-09,18,59,Disneyland Park,Orbitron®,7,OPERATING,STANDBY,45,,,queue-times.com
2026-08-09T16:59:48Z,2026-08-09,18,59,Disneyland Park,Star Tours: The Adventures Continue*,9,OPERATING,STANDBY,5,,,queue-times.com
2026-08-09T16:59:48Z,2026-08-09,18,59,Disneyland Park,Star Wars Hyperspace Mountain,8,OPERATING,STANDBY,20,,,queue-times.com
2026-08-09T16:59:48Z,2026-08-09,18,59,Disneyland Park,Star Wars Hyperspace Mountain Single Rider,7278,OPERATING,STANDBY,5,,,queue-times.com
2026-08-09T16:59:48Z,2026-08-09,18,59,Disneyland Park,Welcome to Starport: A Star Wars Encounter,4573,CLOSED,STANDBY,0,,,queue-times.com
2026-08-09T16:59:48Z,2026-08-09,18,59,Disneyland Park,"""it's a small world""",19,OPERATING,STANDBY,5,,,queue-times.com
2026-08-09T16:59:48Z,2026-08-09,18,59,Disneyland Park,Alice's Curious Labyrinth,14,OPERATING,STANDBY,5,,,queue-times.com
2026-08-09T16:59:48Z,2026-08-09,18,59,Disneyland Park,Blanche-Neige et les Sept Nains®,15,OPERATING,STANDBY,25,,,queue-times.com
2026-08-09T16:59:48Z,2026-08-09,18,59,Disneyland Park,Casey Jr. – le Petit Train du Cirque,17,OPERATING,STANDBY,5,,,queue-times.com
2026-08-09T16:59:48Z,2026-08-09,18,59,Disneyland Park,Disneyland Railroad Fantasyland Station,2711,CLOSED,STANDBY,0,,,queue-times.com
2026-08-09T16:59:48Z,2026-08-09,18,59,Disneyland Park,Disneyland Railroad Main Street Station,11,CLOSED,STANDBY,0,,,queue-times.com
2026-08-09T16:59:48Z,2026-08-09,18,59,Disneyland Park,Dumbo the Flying Elephant,18,OPERATING,STANDBY,25,,,queue-times.com
2026-08-09T16:59:48Z,2026-08-09,18,59,Disneyland Park,La Tanière du Dragon,2710,OPERATING,STANDBY,0,,,queue-times.com
2026-08-09T16:59:48Z,2026-08-09,18,59,Disneyland Park,Le Carrousel de Lancelot,16,OPERATING,STANDBY,5,,,queue-times.com
2026-08-09T16:59:48Z,2026-08-09,18,59,Disneyland Park,"Le Pays des Contes de Fées, presented by Vittel",21,OPERATING,STANDBY,5,,,queue-times.com
2026-08-09T16:59:48Z,2026-08-09,18,59,Disneyland Park,Les Voyages de Pinocchio,23,OPERATING,STANDBY,35,,,queue-times.com
2026-08-09T16:59:48Z,2026-08-09,18,59,Disneyland Park,Mad Hatter's Tea Cups,20,OPERATING,STANDBY,5,,,queue-times.com
2026-08-09T16:59:48Z,2026-08-09,18,59,Disneyland Park,Meet Mickey Mouse,13,CLOSED,STANDBY,0,,,queue-times.com
2026-08-09T16:59:48Z,2026-08-09,18,59,Disneyland Park,Peter Pan's Flight,22,OPERATING,STANDBY,45,,,queue-times.com
2026-08-09T16:59:48Z,2026-08-09,18,59,Disneyland Park,Princess Pavilion,24,CLOSED,STANDBY,0,,,queue-times.com
2026-08-09T16:59:48Z,2026-08-09,18,59,Disneyland Park,Big Thunder Mountain,25,OPERATING,STANDBY,65,,,queue-times.com
2026-08-09T16:59:48Z,2026-08-09,18,59,Disneyland Park,Disneyland Railroad Frontierland Depot,2714,CLOSED,STANDBY,0,,,queue-times.com
2026-08-09T16:59:48Z,2026-08-09,18,59,Disneyland Park,Frontierland Playground,2713,OPERATING,STANDBY,0,,,queue-times.com
2026-08-09T16:59:48Z,2026-08-09,18,59,Disneyland Park,Phantom Manor,26,OPERATING,STANDBY,5,,,queue-times.com
2026-08-09T16:59:48Z,2026-08-09,18,59,Disneyland Park,River Rogue Keelboats,27,CLOSED,STANDBY,0,,,queue-times.com
2026-08-09T16:59:48Z,2026-08-09,18,59,Disneyland Park,Rustler Roundup Shootin' Gallery,2712,OPERATING,STANDBY,0,,,queue-times.com
2026-08-09T16:59:48Z,2026-08-09,18,59,Disneyland Park,Thunder Mesa Riverboat Landing,28,CLOSED,STANDBY,0,,,queue-times.com
2026-08-09T16:59:48Z,2026-08-09,18,59,Disneyland Park,Disneyland Railroad Main Street Station,2708,CLOSED,STANDBY,0,,,queue-times.com
2026-08-09T16:59:48Z,2026-08-09,18,59,Disneyland Park,Main Street Vehicles,12,CLOSED,STANDBY,0,,,queue-times.com
2026-08-09T16:59:48Z,2026-08-09,18,59,Disney Adventure World,Avengers Assemble: Flight Force,10848,OPERATING,STANDBY,20,,,queue-times.com
2026-08-09T16:59:48Z,2026-08-09,18,59,Disney Adventure World,Avengers Assemble: Flight Force Single Rider,10849,OPERATING,STANDBY,15,,,queue-times.com
2026-08-09T16:59:48Z,2026-08-09,18,59,Disney Adventure World,Spider-Man W.E.B. Adventure,10845,OPERATING,STANDBY,40,,,queue-times.com
2026-08-09T16:59:48Z,2026-08-09,18,59,Disney Adventure World,Spider-Man W.E.B. Adventure Single Rider,10846,OPERATING,STANDBY,5,,,queue-times.com
2026-08-09T16:59:48Z,2026-08-09,18,59,Disney Adventure World,The Twilight Zone Tower of Terror,40,OPERATING,STANDBY,20,,,queue-times.com
2026-08-09T16:59:48Z,2026-08-09,18,59,Disney Adventure World,Cars Quatre Roues Rallye,31,OPERATING,STANDBY,5,,,queue-times.com
2026-08-09T16:59:48Z,2026-08-09,18,59,Disney Adventure World,Cars ROAD TRIP,29,OPERATING,STANDBY,5,,,queue-times.com
2026-08-09T16:59:48Z,2026-08-09,18,59,Disney Adventure World,Crush's Coaster,32,OPERATING,STANDBY,60,,,queue-times.com
2026-08-09T16:59:48Z,2026-08-09,18,59,Disney Adventure World,Crush's Coaster Single Rider,7277,OPERATING,STANDBY,40,,,queue-times.com
2026-08-09T16:59:48Z,2026-08-09,18,59,Disney Adventure World,Les Tapis Volants - Flying Carpets Over Agrabah®,33,OPERATING,STANDBY,5,,,queue-times.com
2026-08-09T16:59:48Z,2026-08-09,18,59,Disney Adventure World,Ratatouille : L’Aventure Totalement Toquée de Rémy​,37,OPERATING,STANDBY,45,,,queue-times.com
2026-08-09T16:59:48Z,2026-08-09,18,59,Disney Adventure World,Ratatouille: The Adventure Single Rider,7279,OPERATING,STANDBY,10,,,queue-times.com
2026-08-09T16:59:48Z,2026-08-09,18,59,Disney Adventure World,RC Racer,34,OPERATING,STANDBY,45,,,queue-times.com
2026-08-09T16:59:48Z,2026-08-09,18,59,Disney Adventure World,RC Racer Single Rider,7280,OPERATING,STANDBY,40,,,queue-times.com
2026-08-09T16:59:48Z,2026-08-09,18,59,Disney Adventure World,Slinky® Dog Zigzag Spin,36,OPERATING,STANDBY,5,,,queue-times.com
2026-08-09T16:59:48Z,2026-08-09,18,59,Disney Adventure World,Toy Soldiers Parachute Drop,35,OPERATING,STANDBY,35,,,queue-times.com
2026-08-09T16:59:48Z,2026-08-09,18,59,Disney Adventure World,Toy Soldiers Parachute Drop Single Rider,7281,OPERATING,STANDBY,15,,,queue-times.com
2026-08-09T16:59:48Z,2026-08-09,18,59,Disney Adventure World,Entry to World of Frozen,16247,OPERATING,STANDBY,0,,,queue-times.com
2026-08-09T16:59:48Z,2026-08-09,18,59,Disney Adventure World,Frozen Ever After,15413,OPERATING,STANDBY,40,,,queue-times.com
2026-08-09T16:59:48Z,2026-08-09,18,59,Disney Adventure World,Raiponce Tangled Spin,15415,OPERATING,STANDBY,5,,,queue-times.com
2026-08-09T17:01:15Z,2026-08-09,19,1,Disneyland Park,Adventure Isle,2702,OPERATING,STANDBY,0,,,queue-times.com
2026-08-09T17:01:15Z,2026-08-09,19,1,Disneyland Park,Indiana Jones and the Temple of Peril Single Rider,7306,OPERATING,STANDBY,5,,,queue-times.com
2026-08-09T17:01:15Z,2026-08-09,19,1,Disneyland Park,Indiana Jones™ and the Temple of Peril,2,OPERATING,STANDBY,10,,,queue-times.com
2026-08-09T17:01:15Z,2026-08-09,19,1,Disneyland Park,La Cabane des Robinson,1,OPERATING,STANDBY,5,,,queue-times.com
2026-08-09T17:01:15Z,2026-08-09,19,1,Disneyland Park,Le Passage Enchanté d'Aladdin,2703,OPERATING,STANDBY,0,,,queue-times.com
2026-08-09T17:01:15Z,2026-08-09,19,1,Disneyland Park,Pirate Galleon,2705,CLOSED,STANDBY,0,,,queue-times.com
2026-08-09T17:01:15Z,2026-08-09,19,1,Disneyland Park,Pirates of the Caribbean,3,OPERATING,STANDBY,5,,,queue-times.com
2026-08-09T17:01:15Z,2026-08-09,19,1,Disneyland Park,Pirates' Beach,2704,OPERATING,STANDBY,0,,,queue-times.com
2026-08-09T17:01:15Z,2026-08-09,19,1,Disneyland Park,"Autopia, presented by Avis",4,OPERATING,STANDBY,35,,,queue-times.com
2026-08-09T17:01:15Z,2026-08-09,19,1,Disneyland Park,Buzz Lightyear Laser Blast,5,OPERATING,STANDBY,40,,,queue-times.com
2026-08-09T17:01:15Z,2026-08-09,19,1,Disneyland Park,Disneyland Railroad Discoveryland Station,2706,CLOSED,STANDBY,0,,,queue-times.com
2026-08-09T17:01:15Z,2026-08-09,19,1,Disneyland Park,Les Mystères du Nautilus,6,OPERATING,STANDBY,5,,,queue-times.com
2026-08-09T17:01:15Z,2026-08-09,19,1,Disneyland Park,Mickey’s PhilharMagic,2707,CLOSED,STANDBY,0,,,queue-times.com
2026-08-09T17:01:15Z,2026-08-09,19,1,Disneyland Park,Orbitron®,7,OPERATING,STANDBY,45,,,queue-times.com
2026-08-09T17:01:15Z,2026-08-09,19,1,Disneyland Park,Star Tours: The Adventures Continue*,9,OPERATING,STANDBY,5,,,queue-times.com
2026-08-09T17:01:15Z,2026-08-09,19,1,Disneyland Park,Star Wars Hyperspace Mountain,8,OPERATING,STANDBY,20,,,queue-times.com
2026-08-09T17:01:15Z,2026-08-09,19,1,Disneyland Park,Star Wars Hyperspace Mountain Single Rider,7278,OPERATING,STANDBY,10,,,queue-times.com
2026-08-09T17:01:15Z,2026-08-09,19,1,Disneyland Park,Welcome to Starport: A Star Wars Encounter,4573,CLOSED,STANDBY,0,,,queue-times.com
2026-08-09T17:01:15Z,2026-08-09,19,1,Disneyland Park,"""it's a small world""",19,OPERATING,STANDBY,5,,,queue-times.com
2026-08-09T17:01:15Z,2026-08-09,19,1,Disneyland Park,Alice's Curious Labyrinth,14,OPERATING,STANDBY,5,,,queue-times.com
2026-08-09T17:01:15Z,2026-08-09,19,1,Disneyland Park,Blanche-Neige et les Sept Nains®,15,OPERATING,STANDBY,25,,,queue-times.com
2026-08-09T17:01:15Z,2026-08-09,19,1,Disneyland Park,Casey Jr. – le Petit Train du Cirque,17,OPERATING,STANDBY,5,,,queue-times.com
2026-08-09T17:01:15Z,2026-08-09,19,1,Disneyland Park,Disneyland Railroad Fantasyland Station,2711,CLOSED,STANDBY,0,,,queue-times.com
2026-08-09T17:01:15Z,2026-08-09,19,1,Disneyland Park,Disneyland Railroad Main Street Station,11,CLOSED,STANDBY,0,,,queue-times.com
2026-08-09T17:01:15Z,2026-08-09,19,1,Disneyland Park,Dumbo the Flying Elephant,18,OPERATING,STANDBY,20,,,queue-times.com
2026-08-09T17:01:15Z,2026-08-09,19,1,Disneyland Park,La Tanière du Dragon,2710,OPERATING,STANDBY,0,,,queue-times.com
2026-08-09T17:01:15Z,2026-08-09,19,1,Disneyland Park,Le Carrousel de Lancelot,16,OPERATING,STANDBY,5,,,queue-times.com
2026-08-09T17:01:15Z,2026-08-09,19,1,Disneyland Park,"Le Pays des Contes de Fées, presented by Vittel",21,OPERATING,STANDBY,5,,,queue-times.com
2026-08-09T17:01:15Z,2026-08-09,19,1,Disneyland Park,Les Voyages de Pinocchio,23,OPERATING,STANDBY,35,,,queue-times.com
2026-08-09T17:01:15Z,2026-08-09,19,1,Disneyland Park,Mad Hatter's Tea Cups,20,OPERATING,STANDBY,5,,,queue-times.com
2026-08-09T17:01:15Z,2026-08-09,19,1,Disneyland Park,Meet Mickey Mouse,13,CLOSED,STANDBY,0,,,queue-times.com
2026-08-09T17:01:15Z,2026-08-09,19,1,Disneyland Park,Peter Pan's Flight,22,OPERATING,STANDBY,45,,,queue-times.com
2026-08-09T17:01:15Z,2026-08-09,19,1,Disneyland Park,Princess Pavilion,24,CLOSED,STANDBY,0,,,queue-times.com
2026-08-09T17:01:15Z,2026-08-09,19,1,Disneyland Park,Big Thunder Mountain,25,OPERATING,STANDBY,45,,,queue-times.com
2026-08-09T17:01:15Z,2026-08-09,19,1,Disneyland Park,Disneyland Railroad Frontierland Depot,2714,CLOSED,STANDBY,0,,,queue-times.com
2026-08-09T17:01:15Z,2026-08-09,19,1,Disneyland Park,Frontierland Playground,2713,OPERATING,STANDBY,0,,,queue-times.com
2026-08-09T17:01:15Z,2026-08-09,19,1,Disneyland Park,Phantom Manor,26,OPERATING,STANDBY,5,,,queue-times.com
2026-08-09T17:01:15Z,2026-08-09,19,1,Disneyland Park,River Rogue Keelboats,27,CLOSED,STANDBY,0,,,queue-times.com
2026-08-09T17:01:15Z,2026-08-09,19,1,Disneyland Park,Rustler Roundup Shootin' Gallery,2712,OPERATING,STANDBY,0,,,queue-times.com
2026-08-09T17:01:15Z,2026-08-09,19,1,Disneyland Park,Thunder Mesa Riverboat Landing,28,CLOSED,STANDBY,0,,,queue-times.com
2026-08-09T17:01:15Z,2026-08-09,19,1,Disneyland Park,Disneyland Railroad Main Street Station,2708,CLOSED,STANDBY,0,,,queue-times.com
2026-08-09T17:01:15Z,2026-08-09,19,1,Disneyland Park,Main Street Vehicles,12,CLOSED,STANDBY,0,,,queue-times.com
2026-08-09T17:01:15Z,2026-08-09,19,1,Disney Adventure World,Avengers Assemble: Flight Force,10848,OPERATING,STANDBY,20,,,queue-times.com
2026-08-09T17:01:15Z,2026-08-09,19,1,Disney Adventure World,Avengers Assemble: Flight Force Single Rider,10849,OPERATING,STANDBY,15,,,queue-times.com
2026-08-09T17:01:15Z,2026-08-09,19,1,Disney Adventure World,Spider-Man W.E.B. Adventure,10845,OPERATING,STANDBY,40,,,queue-times.com
2026-08-09T17:01:15Z,2026-08-09,19,1,Disney Adventure World,Spider-Man W.E.B. Adventure Single Rider,10846,OPERATING,STANDBY,5,,,queue-times.com
2026-08-09T17:01:15Z,2026-08-09,19,1,Disney Adventure World,The Twilight Zone Tower of Terror,40,OPERATING,STANDBY,20,,,queue-times.com
2026-08-09T17:01:15Z,2026-08-09,19,1,Disney Adventure World,Cars Quatre Roues Rallye,31,OPERATING,STANDBY,5,,,queue-times.com
2026-08-09T17:01:15Z,2026-08-09,19,1,Disney Adventure World,Cars ROAD TRIP,29,OPERATING,STANDBY,5,,,queue-times.com
2026-08-09T17:01:15Z,2026-08-09,19,1,Disney Adventure World,Crush's Coaster,32,OPERATING,STANDBY,60,,,queue-times.com
2026-08-09T17:01:15Z,2026-08-09,19,1,Disney Adventure World,Crush's Coaster Single Rider,7277,OPERATING,STANDBY,40,,,queue-times.com
2026-08-09T17:01:15Z,2026-08-09,19,1,Disney Adventure World,Les Tapis Volants - Flying Carpets Over Agrabah®,33,OPERATING,STANDBY,5,,,queue-times.com
2026-08-09T17:01:15Z,2026-08-09,19,1,Disney Adventure World,Ratatouille : L’Aventure Totalement Toquée de Rémy​,37,OPERATING,STANDBY,40,,,queue-times.com
2026-08-09T17:01:15Z,2026-08-09,19,1,Disney Adventure World,Ratatouille: The Adventure Single Rider,7279,OPERATING,STANDBY,10,,,queue-times.com
2026-08-09T17:01:15Z,2026-08-09,19,1,Disney Adventure World,RC Racer,34,OPERATING,STANDBY,45,,,queue-times.com
2026-08-09T17:01:15Z,2026-08-09,19,1,Disney Adventure World,RC Racer Single Rider,7280,OPERATING,STANDBY,40,,,queue-times.com
2026-08-09T17:01:15Z,2026-08-09,19,1,Disney Adventure World,Slinky® Dog Zigzag Spin,36,OPERATING,STANDBY,10,,,queue-times.com
2026-08-09T17:01:15Z,2026-08-09,19,1,Disney Adventure World,Toy Soldiers Parachute Drop,35,OPERATING,STANDBY,30,,,queue-times.com
2026-08-09T17:01:15Z,2026-08-09,19,1,Disney Adventure World,Toy Soldiers Parachute Drop Single Rider,7281,OPERATING,STANDBY,15,,,queue-times.com
2026-08-09T17:01:15Z,2026-08-09,19,1,Disney Adventure World,Entry to World of Frozen,16247,OPERATING,STANDBY,0,,,queue-times.com
2026-08-09T17:01:15Z,2026-08-09,19,1,Disney Adventure World,Frozen Ever After,15413,OPERATING,STANDBY,40,,,queue-times.com
2026-08-09T17:01:15Z,2026-08-09,19,1,Disney Adventure World,Raiponce Tangled Spin,15415,OPERATING,STANDBY,5,,,queue-times.com
2026-08-09T17:15:48Z,2026-08-09,19,15,Disneyland Park,Adventure Isle,2702,OPERATING,STANDBY,0,,,queue-times.com
2026-08-09T17:15:48Z,2026-08-09,19,15,Disneyland Park,Indiana Jones and the Temple of Peril Single Rider,7306,OPERATING,STANDBY,5,,,queue-times.com
2026-08-09T17:15:48Z,2026-08-09,19,15,Disneyland Park,Indiana Jones™ and the Temple of Peril,2,OPERATING,STANDBY,10,,,queue-times.com
2026-08-09T17:15:48Z,2026-08-09,19,15,Disneyland Park,La Cabane des Robinson,1,OPERATING,STANDBY,5,,,queue-times.com
2026-08-09T17:15:48Z,2026-08-09,19,15,Disneyland Park,Le Passage Enchanté d'Aladdin,2703,OPERATING,STANDBY,0,,,queue-times.com
2026-08-09T17:15:48Z,2026-08-09,19,15,Disneyland Park,Pirate Galleon,2705,CLOSED,STANDBY,0,,,queue-times.com
2026-08-09T17:15:48Z,2026-08-09,19,15,Disneyland Park,Pirates of the Caribbean,3,OPERATING,STANDBY,5,,,queue-times.com
2026-08-09T17:15:48Z,2026-08-09,19,15,Disneyland Park,Pirates' Beach,2704,OPERATING,STANDBY,0,,,queue-times.com
2026-08-09T17:15:48Z,2026-08-09,19,15,Disneyland Park,"Autopia, presented by Avis",4,OPERATING,STANDBY,35,,,queue-times.com
2026-08-09T17:15:48Z,2026-08-09,19,15,Disneyland Park,Buzz Lightyear Laser Blast,5,OPERATING,STANDBY,40,,,queue-times.com
2026-08-09T17:15:48Z,2026-08-09,19,15,Disneyland Park,Disneyland Railroad Discoveryland Station,2706,CLOSED,STANDBY,0,,,queue-times.com
2026-08-09T17:15:48Z,2026-08-09,19,15,Disneyland Park,Les Mystères du Nautilus,6,OPERATING,STANDBY,5,,,queue-times.com
2026-08-09T17:15:48Z,2026-08-09,19,15,Disneyland Park,Mickey’s PhilharMagic,2707,CLOSED,STANDBY,0,,,queue-times.com
2026-08-09T17:15:48Z,2026-08-09,19,15,Disneyland Park,Orbitron®,7,OPERATING,STANDBY,30,,,queue-times.com
2026-08-09T17:15:48Z,2026-08-09,19,15,Disneyland Park,Star Tours: The Adventures Continue*,9,OPERATING,STANDBY,5,,,queue-times.com
2026-08-09T17:15:48Z,2026-08-09,19,15,Disneyland Park,Star Wars Hyperspace Mountain,8,OPERATING,STANDBY,20,,,queue-times.com
2026-08-09T17:15:48Z,2026-08-09,19,15,Disneyland Park,Star Wars Hyperspace Mountain Single Rider,7278,OPERATING,STANDBY,15,,,queue-times.com
2026-08-09T17:15:48Z,2026-08-09,19,15,Disneyland Park,Welcome to Starport: A Star Wars Encounter,4573,CLOSED,STANDBY,0,,,queue-times.com
2026-08-09T17:15:48Z,2026-08-09,19,15,Disneyland Park,"""it's a small world""",19,OPERATING,STANDBY,5,,,queue-times.com
2026-08-09T17:15:48Z,2026-08-09,19,15,Disneyland Park,Alice's Curious Labyrinth,14,OPERATING,STANDBY,5,,,queue-times.com
2026-08-09T17:15:48Z,2026-08-09,19,15,Disneyland Park,Blanche-Neige et les Sept Nains®,15,OPERATING,STANDBY,25,,,queue-times.com
2026-08-09T17:15:48Z,2026-08-09,19,15,Disneyland Park,Casey Jr. – le Petit Train du Cirque,17,OPERATING,STANDBY,5,,,queue-times.com
2026-08-09T17:15:48Z,2026-08-09,19,15,Disneyland Park,Disneyland Railroad Fantasyland Station,2711,CLOSED,STANDBY,0,,,queue-times.com
2026-08-09T17:15:48Z,2026-08-09,19,15,Disneyland Park,Disneyland Railroad Main Street Station,11,CLOSED,STANDBY,0,,,queue-times.com
2026-08-09T17:15:48Z,2026-08-09,19,15,Disneyland Park,Dumbo the Flying Elephant,18,OPERATING,STANDBY,20,,,queue-times.com
2026-08-09T17:15:48Z,2026-08-09,19,15,Disneyland Park,La Tanière du Dragon,2710,OPERATING,STANDBY,0,,,queue-times.com
2026-08-09T17:15:48Z,2026-08-09,19,15,Disneyland Park,Le Carrousel de Lancelot,16,OPERATING,STANDBY,5,,,queue-times.com
2026-08-09T17:15:48Z,2026-08-09,19,15,Disneyland Park,"Le Pays des Contes de Fées, presented by Vittel",21,OPERATING,STANDBY,5,,,queue-times.com
2026-08-09T17:15:48Z,2026-08-09,19,15,Disneyland Park,Les Voyages de Pinocchio,23,OPERATING,STANDBY,35,,,queue-times.com
2026-08-09T17:15:48Z,2026-08-09,19,15,Disneyland Park,Mad Hatter's Tea Cups,20,OPERATING,STANDBY,5,,,queue-times.com
2026-08-09T17:15:48Z,2026-08-09,19,15,Disneyland Park,Meet Mickey Mouse,13,CLOSED,STANDBY,0,,,queue-times.com
2026-08-09T17:15:48Z,2026-08-09,19,15,Disneyland Park,Peter Pan's Flight,22,OPERATING,STANDBY,45,,,queue-times.com
2026-08-09T17:15:48Z,2026-08-09,19,15,Disneyland Park,Princess Pavilion,24,CLOSED,STANDBY,0,,,queue-times.com
2026-08-09T17:15:48Z,2026-08-09,19,15,Disneyland Park,Big Thunder Mountain,25,OPERATING,STANDBY,35,,,queue-times.com
2026-08-09T17:15:48Z,2026-08-09,19,15,Disneyland Park,Disneyland Railroad Frontierland Depot,2714,CLOSED,STANDBY,0,,,queue-times.com
2026-08-09T17:15:48Z,2026-08-09,19,15,Disneyland Park,Frontierland Playground,2713,OPERATING,STANDBY,0,,,queue-times.com
2026-08-09T17:15:48Z,2026-08-09,19,15,Disneyland Park,Phantom Manor,26,OPERATING,STANDBY,5,,,queue-times.com
2026-08-09T17:15:48Z,2026-08-09,19,15,Disneyland Park,River Rogue Keelboats,27,CLOSED,STANDBY,0,,,queue-times.com
2026-08-09T17:15:48Z,2026-08-09,19,15,Disneyland Park,Rustler Roundup Shootin' Gallery,2712,OPERATING,STANDBY,0,,,queue-times.com
2026-08-09T17:15:48Z,2026-08-09,19,15,Disneyland Park,Thunder Mesa Riverboat Landing,28,CLOSED,STANDBY,0,,,queue-times.com
2026-08-09T17:15:48Z,2026-08-09,19,15,Disneyland Park,Disneyland Railroad Main Street Station,2708,CLOSED,STANDBY,0,,,queue-times.com
2026-08-09T17:15:48Z,2026-08-09,19,15,Disneyland Park,Main Street Vehicles,12,CLOSED,STANDBY,0,,,queue-times.com
2026-08-09T17:15:48Z,2026-08-09,19,15,Disney Adventure World,Avengers Assemble: Flight Force,10848,OPERATING,STANDBY,20,,,queue-times.com
2026-08-09T17:15:48Z,2026-08-09,19,15,Disney Adventure World,Avengers Assemble: Flight Force Single Rider,10849,OPERATING,STANDBY,15,,,queue-times.com
2026-08-09T17:15:48Z,2026-08-09,19,15,Disney Adventure World,Spider-Man W.E.B. Adventure,10845,OPERATING,STANDBY,45,,,queue-times.com
2026-08-09T17:15:48Z,2026-08-09,19,15,Disney Adventure World,Spider-Man W.E.B. Adventure Single Rider,10846,OPERATING,STANDBY,5,,,queue-times.com
2026-08-09T17:15:48Z,2026-08-09,19,15,Disney Adventure World,The Twilight Zone Tower of Terror,40,OPERATING,STANDBY,30,,,queue-times.com
2026-08-09T17:15:48Z,2026-08-09,19,15,Disney Adventure World,Cars Quatre Roues Rallye,31,OPERATING,STANDBY,10,,,queue-times.com
2026-08-09T17:15:48Z,2026-08-09,19,15,Disney Adventure World,Cars ROAD TRIP,29,OPERATING,STANDBY,5,,,queue-times.com
2026-08-09T17:15:48Z,2026-08-09,19,15,Disney Adventure World,Crush's Coaster,32,OPERATING,STANDBY,60,,,queue-times.com
2026-08-09T17:15:48Z,2026-08-09,19,15,Disney Adventure World,Crush's Coaster Single Rider,7277,OPERATING,STANDBY,55,,,queue-times.com
2026-08-09T17:15:48Z,2026-08-09,19,15,Disney Adventure World,Les Tapis Volants - Flying Carpets Over Agrabah®,33,OPERATING,STANDBY,5,,,queue-times.com
2026-08-09T17:15:48Z,2026-08-09,19,15,Disney Adventure World,Ratatouille : L’Aventure Totalement Toquée de Rémy​,37,OPERATING,STANDBY,50,,,queue-times.com
2026-08-09T17:15:48Z,2026-08-09,19,15,Disney Adventure World,Ratatouille: The Adventure Single Rider,7279,OPERATING,STANDBY,25,,,queue-times.com
2026-08-09T17:15:48Z,2026-08-09,19,15,Disney Adventure World,RC Racer,34,OPERATING,STANDBY,35,,,queue-times.com
2026-08-09T17:15:48Z,2026-08-09,19,15,Disney Adventure World,RC Racer Single Rider,7280,OPERATING,STANDBY,20,,,queue-times.com
2026-08-09T17:15:48Z,2026-08-09,19,15,Disney Adventure World,Slinky® Dog Zigzag Spin,36,OPERATING,STANDBY,5,,,queue-times.com
2026-08-09T17:15:48Z,2026-08-09,19,15,Disney Adventure World,Toy Soldiers Parachute Drop,35,OPERATING,STANDBY,45,,,queue-times.com
2026-08-09T17:15:48Z,2026-08-09,19,15,Disney Adventure World,Toy Soldiers Parachute Drop Single Rider,7281,OPERATING,STANDBY,20,,,queue-times.com
2026-08-09T17:15:48Z,2026-08-09,19,15,Disney Adventure World,Entry to World of Frozen,16247,OPERATING,STANDBY,0,,,queue-times.com
2026-08-09T17:15:48Z,2026-08-09,19,15,Disney Adventure World,Frozen Ever After,15413,OPERATING,STANDBY,40,,,queue-times.com
2026-08-09T17:15:48Z,2026-08-09,19,15,Disney Adventure World,Raiponce Tangled Spin,15415,OPERATING,STANDBY,5,,,queue-times.com
2026-08-09T17:31:06Z,2026-08-09,19,31,Disneyland Park,Adventure Isle,2702,OPERATING,STANDBY,0,,,queue-times.com
2026-08-09T17:31:06Z,2026-08-09,19,31,Disneyland Park,Indiana Jones and the Temple of Peril Single Rider,7306,OPERATING,STANDBY,5,,,queue-times.com
2026-08-09T17:31:06Z,2026-08-09,19,31,Disneyland Park,Indiana Jones™ and the Temple of Peril,2,OPERATING,STANDBY,5,,,queue-times.com
2026-08-09T17:31:06Z,2026-08-09,19,31,Disneyland Park,La Cabane des Robinson,1,OPERATING,STANDBY,5,,,queue-times.com
2026-08-09T17:31:06Z,2026-08-09,19,31,Disneyland Park,Le Passage Enchanté d'Aladdin,2703,OPERATING,STANDBY,0,,,queue-times.com
2026-08-09T17:31:06Z,2026-08-09,19,31,Disneyland Park,Pirate Galleon,2705,CLOSED,STANDBY,0,,,queue-times.com
2026-08-09T17:31:06Z,2026-08-09,19,31,Disneyland Park,Pirates of the Caribbean,3,OPERATING,STANDBY,5,,,queue-times.com
2026-08-09T17:31:06Z,2026-08-09,19,31,Disneyland Park,Pirates' Beach,2704,OPERATING,STANDBY,0,,,queue-times.com
2026-08-09T17:31:06Z,2026-08-09,19,31,Disneyland Park,"Autopia, presented by Avis",4,OPERATING,STANDBY,35,,,queue-times.com
2026-08-09T17:31:06Z,2026-08-09,19,31,Disneyland Park,Buzz Lightyear Laser Blast,5,OPERATING,STANDBY,40,,,queue-times.com
2026-08-09T17:31:06Z,2026-08-09,19,31,Disneyland Park,Disneyland Railroad Discoveryland Station,2706,CLOSED,STANDBY,0,,,queue-times.com
2026-08-09T17:31:06Z,2026-08-09,19,31,Disneyland Park,Les Mystères du Nautilus,6,OPERATING,STANDBY,5,,,queue-times.com
2026-08-09T17:31:06Z,2026-08-09,19,31,Disneyland Park,Mickey’s PhilharMagic,2707,CLOSED,STANDBY,0,,,queue-times.com
2026-08-09T17:31:06Z,2026-08-09,19,31,Disneyland Park,Orbitron®,7,OPERATING,STANDBY,40,,,queue-times.com
2026-08-09T17:31:06Z,2026-08-09,19,31,Disneyland Park,Star Tours: The Adventures Continue*,9,OPERATING,STANDBY,5,,,queue-times.com
2026-08-09T17:31:06Z,2026-08-09,19,31,Disneyland Park,Star Wars Hyperspace Mountain,8,OPERATING,STANDBY,20,,,queue-times.com
2026-08-09T17:31:06Z,2026-08-09,19,31,Disneyland Park,Star Wars Hyperspace Mountain Single Rider,7278,OPERATING,STANDBY,5,,,queue-times.com
2026-08-09T17:31:06Z,2026-08-09,19,31,Disneyland Park,Welcome to Starport: A Star Wars Encounter,4573,CLOSED,STANDBY,0,,,queue-times.com
2026-08-09T17:31:06Z,2026-08-09,19,31,Disneyland Park,"""it's a small world""",19,OPERATING,STANDBY,5,,,queue-times.com
2026-08-09T17:31:06Z,2026-08-09,19,31,Disneyland Park,Alice's Curious Labyrinth,14,OPERATING,STANDBY,5,,,queue-times.com
2026-08-09T17:31:06Z,2026-08-09,19,31,Disneyland Park,Blanche-Neige et les Sept Nains®,15,OPERATING,STANDBY,15,,,queue-times.com
2026-08-09T17:31:06Z,2026-08-09,19,31,Disneyland Park,Casey Jr. – le Petit Train du Cirque,17,OPERATING,STANDBY,5,,,queue-times.com
2026-08-09T17:31:06Z,2026-08-09,19,31,Disneyland Park,Disneyland Railroad Fantasyland Station,2711,CLOSED,STANDBY,0,,,queue-times.com
2026-08-09T17:31:06Z,2026-08-09,19,31,Disneyland Park,Disneyland Railroad Main Street Station,11,CLOSED,STANDBY,0,,,queue-times.com
2026-08-09T17:31:06Z,2026-08-09,19,31,Disneyland Park,Dumbo the Flying Elephant,18,OPERATING,STANDBY,20,,,queue-times.com
2026-08-09T17:31:06Z,2026-08-09,19,31,Disneyland Park,La Tanière du Dragon,2710,OPERATING,STANDBY,0,,,queue-times.com
2026-08-09T17:31:06Z,2026-08-09,19,31,Disneyland Park,Le Carrousel de Lancelot,16,OPERATING,STANDBY,5,,,queue-times.com
2026-08-09T17:31:06Z,2026-08-09,19,31,Disneyland Park,"Le Pays des Contes de Fées, presented by Vittel",21,OPERATING,STANDBY,5,,,queue-times.com
2026-08-09T17:31:06Z,2026-08-09,19,31,Disneyland Park,Les Voyages de Pinocchio,23,OPERATING,STANDBY,25,,,queue-times.com
2026-08-09T17:31:06Z,2026-08-09,19,31,Disneyland Park,Mad Hatter's Tea Cups,20,OPERATING,STANDBY,5,,,queue-times.com
2026-08-09T17:31:06Z,2026-08-09,19,31,Disneyland Park,Meet Mickey Mouse,13,CLOSED,STANDBY,0,,,queue-times.com
2026-08-09T17:31:06Z,2026-08-09,19,31,Disneyland Park,Peter Pan's Flight,22,OPERATING,STANDBY,45,,,queue-times.com
2026-08-09T17:31:06Z,2026-08-09,19,31,Disneyland Park,Princess Pavilion,24,CLOSED,STANDBY,0,,,queue-times.com
2026-08-09T17:31:06Z,2026-08-09,19,31,Disneyland Park,Big Thunder Mountain,25,OPERATING,STANDBY,60,,,queue-times.com
2026-08-09T17:31:06Z,2026-08-09,19,31,Disneyland Park,Disneyland Railroad Frontierland Depot,2714,CLOSED,STANDBY,0,,,queue-times.com
2026-08-09T17:31:06Z,2026-08-09,19,31,Disneyland Park,Frontierland Playground,2713,OPERATING,STANDBY,0,,,queue-times.com
2026-08-09T17:31:06Z,2026-08-09,19,31,Disneyland Park,Phantom Manor,26,OPERATING,STANDBY,5,,,queue-times.com
2026-08-09T17:31:06Z,2026-08-09,19,31,Disneyland Park,River Rogue Keelboats,27,CLOSED,STANDBY,0,,,queue-times.com
2026-08-09T17:31:06Z,2026-08-09,19,31,Disneyland Park,Rustler Roundup Shootin' Gallery,2712,OPERATING,STANDBY,0,,,queue-times.com
2026-08-09T17:31:06Z,2026-08-09,19,31,Disneyland Park,Thunder Mesa Riverboat Landing,28,CLOSED,STANDBY,0,,,queue-times.com
2026-08-09T17:31:06Z,2026-08-09,19,31,Disneyland Park,Disneyland Railroad Main Street Station,2708,CLOSED,STANDBY,0,,,queue-times.com
2026-08-09T17:31:06Z,2026-08-09,19,31,Disneyland Park,Main Street Vehicles,12,CLOSED,STANDBY,0,,,queue-times.com
2026-08-09T17:31:06Z,2026-08-09,19,31,Disney Adventure World,Avengers Assemble: Flight Force,10848,OPERATING,STANDBY,20,,,queue-times.com
2026-08-09T17:31:06Z,2026-08-09,19,31,Disney Adventure World,Avengers Assemble: Flight Force Single Rider,10849,OPERATING,STANDBY,5,,,queue-times.com
2026-08-09T17:31:06Z,2026-08-09,19,31,Disney Adventure World,Spider-Man W.E.B. Adventure,10845,OPERATING,STANDBY,55,,,queue-times.com
2026-08-09T17:31:06Z,2026-08-09,19,31,Disney Adventure World,Spider-Man W.E.B. Adventure Single Rider,10846,OPERATING,STANDBY,25,,,queue-times.com
2026-08-09T17:31:06Z,2026-08-09,19,31,Disney Adventure World,The Twilight Zone Tower of Terror,40,OPERATING,STANDBY,25,,,queue-times.com
2026-08-09T17:31:06Z,2026-08-09,19,31,Disney Adventure World,Cars Quatre Roues Rallye,31,OPERATING,STANDBY,15,,,queue-times.com
2026-08-09T17:31:06Z,2026-08-09,19,31,Disney Adventure World,Cars ROAD TRIP,29,OPERATING,STANDBY,5,,,queue-times.com
2026-08-09T17:31:06Z,2026-08-09,19,31,Disney Adventure World,Crush's Coaster,32,OPERATING,STANDBY,60,,,queue-times.com
2026-08-09T17:31:06Z,2026-08-09,19,31,Disney Adventure World,Crush's Coaster Single Rider,7277,OPERATING,STANDBY,50,,,queue-times.com
2026-08-09T17:31:06Z,2026-08-09,19,31,Disney Adventure World,Les Tapis Volants - Flying Carpets Over Agrabah®,33,OPERATING,STANDBY,20,,,queue-times.com
2026-08-09T17:31:06Z,2026-08-09,19,31,Disney Adventure World,Ratatouille : L’Aventure Totalement Toquée de Rémy​,37,OPERATING,STANDBY,45,,,queue-times.com
2026-08-09T17:31:06Z,2026-08-09,19,31,Disney Adventure World,Ratatouille: The Adventure Single Rider,7279,OPERATING,STANDBY,15,,,queue-times.com
2026-08-09T17:31:06Z,2026-08-09,19,31,Disney Adventure World,RC Racer,34,OPERATING,STANDBY,40,,,queue-times.com
2026-08-09T17:31:06Z,2026-08-09,19,31,Disney Adventure World,RC Racer Single Rider,7280,OPERATING,STANDBY,35,,,queue-times.com
2026-08-09T17:31:06Z,2026-08-09,19,31,Disney Adventure World,Slinky® Dog Zigzag Spin,36,OPERATING,STANDBY,5,,,queue-times.com
2026-08-09T17:31:06Z,2026-08-09,19,31,Disney Adventure World,Toy Soldiers Parachute Drop,35,OPERATING,STANDBY,45,,,queue-times.com
2026-08-09T17:31:06Z,2026-08-09,19,31,Disney Adventure World,Toy Soldiers Parachute Drop Single Rider,7281,OPERATING,STANDBY,20,,,queue-times.com
2026-08-09T17:31:06Z,2026-08-09,19,31,Disney Adventure World,Entry to World of Frozen,16247,OPERATING,STANDBY,0,,,queue-times.com
2026-08-09T17:31:06Z,2026-08-09,19,31,Disney Adventure World,Frozen Ever After,15413,OPERATING,STANDBY,40,,,queue-times.com
2026-08-09T17:31:06Z,2026-08-09,19,31,Disney Adventure World,Raiponce Tangled Spin,15415,OPERATING,STANDBY,5,,,queue-times.com
2026-08-09T17:41:19Z,2026-08-09,19,41,Disneyland Park,Adventure Isle,2702,OPERATING,STANDBY,0,,,queue-times.com
2026-08-09T17:41:19Z,2026-08-09,19,41,Disneyland Park,Indiana Jones and the Temple of Peril Single Rider,7306,OPERATING,STANDBY,5,,,queue-times.com
2026-08-09T17:41:19Z,2026-08-09,19,41,Disneyland Park,Indiana Jones™ and the Temple of Peril,2,OPERATING,STANDBY,5,,,queue-times.com
2026-08-09T17:41:19Z,2026-08-09,19,41,Disneyland Park,La Cabane des Robinson,1,OPERATING,STANDBY,5,,,queue-times.com
2026-08-09T17:41:19Z,2026-08-09,19,41,Disneyland Park,Le Passage Enchanté d'Aladdin,2703,OPERATING,STANDBY,0,,,queue-times.com
2026-08-09T17:41:19Z,2026-08-09,19,41,Disneyland Park,Pirate Galleon,2705,CLOSED,STANDBY,0,,,queue-times.com
2026-08-09T17:41:19Z,2026-08-09,19,41,Disneyland Park,Pirates of the Caribbean,3,OPERATING,STANDBY,10,,,queue-times.com
2026-08-09T17:41:19Z,2026-08-09,19,41,Disneyland Park,Pirates' Beach,2704,OPERATING,STANDBY,0,,,queue-times.com
2026-08-09T17:41:19Z,2026-08-09,19,41,Disneyland Park,"Autopia, presented by Avis",4,OPERATING,STANDBY,35,,,queue-times.com
2026-08-09T17:41:19Z,2026-08-09,19,41,Disneyland Park,Buzz Lightyear Laser Blast,5,OPERATING,STANDBY,40,,,queue-times.com
2026-08-09T17:41:19Z,2026-08-09,19,41,Disneyland Park,Disneyland Railroad Discoveryland Station,2706,CLOSED,STANDBY,0,,,queue-times.com
2026-08-09T17:41:19Z,2026-08-09,19,41,Disneyland Park,Les Mystères du Nautilus,6,OPERATING,STANDBY,5,,,queue-times.com
2026-08-09T17:41:19Z,2026-08-09,19,41,Disneyland Park,Mickey’s PhilharMagic,2707,CLOSED,STANDBY,0,,,queue-times.com
2026-08-09T17:41:19Z,2026-08-09,19,41,Disneyland Park,Orbitron®,7,OPERATING,STANDBY,40,,,queue-times.com
2026-08-09T17:41:19Z,2026-08-09,19,41,Disneyland Park,Star Tours: The Adventures Continue*,9,OPERATING,STANDBY,5,,,queue-times.com
2026-08-09T17:41:19Z,2026-08-09,19,41,Disneyland Park,Star Wars Hyperspace Mountain,8,OPERATING,STANDBY,20,,,queue-times.com
2026-08-09T17:41:19Z,2026-08-09,19,41,Disneyland Park,Star Wars Hyperspace Mountain Single Rider,7278,OPERATING,STANDBY,5,,,queue-times.com
2026-08-09T17:41:19Z,2026-08-09,19,41,Disneyland Park,Welcome to Starport: A Star Wars Encounter,4573,CLOSED,STANDBY,0,,,queue-times.com
2026-08-09T17:41:19Z,2026-08-09,19,41,Disneyland Park,"""it's a small world""",19,OPERATING,STANDBY,5,,,queue-times.com
2026-08-09T17:41:19Z,2026-08-09,19,41,Disneyland Park,Alice's Curious Labyrinth,14,OPERATING,STANDBY,5,,,queue-times.com
2026-08-09T17:41:19Z,2026-08-09,19,41,Disneyland Park,Blanche-Neige et les Sept Nains®,15,OPERATING,STANDBY,15,,,queue-times.com
2026-08-09T17:41:19Z,2026-08-09,19,41,Disneyland Park,Casey Jr. – le Petit Train du Cirque,17,OPERATING,STANDBY,5,,,queue-times.com
2026-08-09T17:41:19Z,2026-08-09,19,41,Disneyland Park,Disneyland Railroad Fantasyland Station,2711,CLOSED,STANDBY,0,,,queue-times.com
2026-08-09T17:41:19Z,2026-08-09,19,41,Disneyland Park,Disneyland Railroad Main Street Station,11,CLOSED,STANDBY,0,,,queue-times.com
2026-08-09T17:41:19Z,2026-08-09,19,41,Disneyland Park,Dumbo the Flying Elephant,18,OPERATING,STANDBY,20,,,queue-times.com
2026-08-09T17:41:19Z,2026-08-09,19,41,Disneyland Park,La Tanière du Dragon,2710,OPERATING,STANDBY,0,,,queue-times.com
2026-08-09T17:41:19Z,2026-08-09,19,41,Disneyland Park,Le Carrousel de Lancelot,16,OPERATING,STANDBY,5,,,queue-times.com
2026-08-09T17:41:19Z,2026-08-09,19,41,Disneyland Park,"Le Pays des Contes de Fées, presented by Vittel",21,OPERATING,STANDBY,5,,,queue-times.com
2026-08-09T17:41:19Z,2026-08-09,19,41,Disneyland Park,Les Voyages de Pinocchio,23,OPERATING,STANDBY,15,,,queue-times.com
2026-08-09T17:41:19Z,2026-08-09,19,41,Disneyland Park,Mad Hatter's Tea Cups,20,OPERATING,STANDBY,5,,,queue-times.com
2026-08-09T17:41:19Z,2026-08-09,19,41,Disneyland Park,Meet Mickey Mouse,13,CLOSED,STANDBY,0,,,queue-times.com
2026-08-09T17:41:19Z,2026-08-09,19,41,Disneyland Park,Peter Pan's Flight,22,OPERATING,STANDBY,45,,,queue-times.com
2026-08-09T17:41:19Z,2026-08-09,19,41,Disneyland Park,Princess Pavilion,24,CLOSED,STANDBY,0,,,queue-times.com
2026-08-09T17:41:19Z,2026-08-09,19,41,Disneyland Park,Big Thunder Mountain,25,OPERATING,STANDBY,60,,,queue-times.com
2026-08-09T17:41:19Z,2026-08-09,19,41,Disneyland Park,Disneyland Railroad Frontierland Depot,2714,CLOSED,STANDBY,0,,,queue-times.com
2026-08-09T17:41:19Z,2026-08-09,19,41,Disneyland Park,Frontierland Playground,2713,OPERATING,STANDBY,0,,,queue-times.com
2026-08-09T17:41:19Z,2026-08-09,19,41,Disneyland Park,Phantom Manor,26,OPERATING,STANDBY,5,,,queue-times.com
2026-08-09T17:41:19Z,2026-08-09,19,41,Disneyland Park,River Rogue Keelboats,27,CLOSED,STANDBY,0,,,queue-times.com
2026-08-09T17:41:19Z,2026-08-09,19,41,Disneyland Park,Rustler Roundup Shootin' Gallery,2712,OPERATING,STANDBY,0,,,queue-times.com
2026-08-09T17:41:19Z,2026-08-09,19,41,Disneyland Park,Thunder Mesa Riverboat Landing,28,CLOSED,STANDBY,0,,,queue-times.com
2026-08-09T17:41:19Z,2026-08-09,19,41,Disneyland Park,Disneyland Railroad Main Street Station,2708,CLOSED,STANDBY,0,,,queue-times.com
2026-08-09T17:41:19Z,2026-08-09,19,41,Disneyland Park,Main Street Vehicles,12,CLOSED,STANDBY,0,,,queue-times.com
2026-08-09T17:41:19Z,2026-08-09,19,41,Disney Adventure World,Avengers Assemble: Flight Force,10848,OPERATING,STANDBY,15,,,queue-times.com
2026-08-09T17:41:19Z,2026-08-09,19,41,Disney Adventure World,Avengers Assemble: Flight Force Single Rider,10849,OPERATING,STANDBY,10,,,queue-times.com
2026-08-09T17:41:19Z,2026-08-09,19,41,Disney Adventure World,Spider-Man W.E.B. Adventure,10845,OPERATING,STANDBY,55,,,queue-times.com
2026-08-09T17:41:19Z,2026-08-09,19,41,Disney Adventure World,Spider-Man W.E.B. Adventure Single Rider,10846,OPERATING,STANDBY,25,,,queue-times.com
2026-08-09T17:41:19Z,2026-08-09,19,41,Disney Adventure World,The Twilight Zone Tower of Terror,40,OPERATING,STANDBY,15,,,queue-times.com
2026-08-09T17:41:19Z,2026-08-09,19,41,Disney Adventure World,Cars Quatre Roues Rallye,31,OPERATING,STANDBY,15,,,queue-times.com
2026-08-09T17:41:19Z,2026-08-09,19,41,Disney Adventure World,Cars ROAD TRIP,29,OPERATING,STANDBY,5,,,queue-times.com
2026-08-09T17:41:19Z,2026-08-09,19,41,Disney Adventure World,Crush's Coaster,32,OPERATING,STANDBY,60,,,queue-times.com
2026-08-09T17:41:19Z,2026-08-09,19,41,Disney Adventure World,Crush's Coaster Single Rider,7277,OPERATING,STANDBY,45,,,queue-times.com
2026-08-09T17:41:19Z,2026-08-09,19,41,Disney Adventure World,Les Tapis Volants - Flying Carpets Over Agrabah®,33,OPERATING,STANDBY,10,,,queue-times.com
2026-08-09T17:41:19Z,2026-08-09,19,41,Disney Adventure World,Ratatouille : L’Aventure Totalement Toquée de Rémy​,37,OPERATING,STANDBY,45,,,queue-times.com
2026-08-09T17:41:19Z,2026-08-09,19,41,Disney Adventure World,Ratatouille: The Adventure Single Rider,7279,OPERATING,STANDBY,5,,,queue-times.com
2026-08-09T17:41:19Z,2026-08-09,19,41,Disney Adventure World,RC Racer,34,OPERATING,STANDBY,30,,,queue-times.com
2026-08-09T17:41:19Z,2026-08-09,19,41,Disney Adventure World,RC Racer Single Rider,7280,OPERATING,STANDBY,25,,,queue-times.com
2026-08-09T17:41:19Z,2026-08-09,19,41,Disney Adventure World,Slinky® Dog Zigzag Spin,36,OPERATING,STANDBY,5,,,queue-times.com
2026-08-09T17:41:19Z,2026-08-09,19,41,Disney Adventure World,Toy Soldiers Parachute Drop,35,OPERATING,STANDBY,30,,,queue-times.com
2026-08-09T17:41:19Z,2026-08-09,19,41,Disney Adventure World,Toy Soldiers Parachute Drop Single Rider,7281,OPERATING,STANDBY,15,,,queue-times.com
2026-08-09T17:41:19Z,2026-08-09,19,41,Disney Adventure World,Entry to World of Frozen,16247,OPERATING,STANDBY,0,,,queue-times.com
2026-08-09T17:41:19Z,2026-08-09,19,41,Disney Adventure World,Frozen Ever After,15413,OPERATING,STANDBY,40,,,queue-times.com
2026-08-09T17:41:19Z,2026-08-09,19,41,Disney Adventure World,Raiponce Tangled Spin,15415,OPERATING,STANDBY,5,,,queue-times.com
2026-08-09T17:45:47Z,2026-08-09,19,45,Disneyland Park,Adventure Isle,2702,OPERATING,STANDBY,0,,,queue-times.com
2026-08-09T17:45:47Z,2026-08-09,19,45,Disneyland Park,Indiana Jones and the Temple of Peril Single Rider,7306,OPERATING,STANDBY,5,,,queue-times.com
2026-08-09T17:45:47Z,2026-08-09,19,45,Disneyland Park,Indiana Jones™ and the Temple of Peril,2,OPERATING,STANDBY,5,,,queue-times.com
2026-08-09T17:45:47Z,2026-08-09,19,45,Disneyland Park,La Cabane des Robinson,1,OPERATING,STANDBY,5,,,queue-times.com
2026-08-09T17:45:47Z,2026-08-09,19,45,Disneyland Park,Le Passage Enchanté d'Aladdin,2703,OPERATING,STANDBY,0,,,queue-times.com
2026-08-09T17:45:47Z,2026-08-09,19,45,Disneyland Park,Pirate Galleon,2705,CLOSED,STANDBY,0,,,queue-times.com
2026-08-09T17:45:47Z,2026-08-09,19,45,Disneyland Park,Pirates of the Caribbean,3,OPERATING,STANDBY,10,,,queue-times.com
2026-08-09T17:45:47Z,2026-08-09,19,45,Disneyland Park,Pirates' Beach,2704,OPERATING,STANDBY,0,,,queue-times.com
2026-08-09T17:45:47Z,2026-08-09,19,45,Disneyland Park,"Autopia, presented by Avis",4,OPERATING,STANDBY,35,,,queue-times.com
2026-08-09T17:45:47Z,2026-08-09,19,45,Disneyland Park,Buzz Lightyear Laser Blast,5,OPERATING,STANDBY,40,,,queue-times.com
2026-08-09T17:45:47Z,2026-08-09,19,45,Disneyland Park,Disneyland Railroad Discoveryland Station,2706,CLOSED,STANDBY,0,,,queue-times.com
2026-08-09T17:45:47Z,2026-08-09,19,45,Disneyland Park,Les Mystères du Nautilus,6,OPERATING,STANDBY,5,,,queue-times.com
2026-08-09T17:45:47Z,2026-08-09,19,45,Disneyland Park,Mickey’s PhilharMagic,2707,CLOSED,STANDBY,0,,,queue-times.com
2026-08-09T17:45:47Z,2026-08-09,19,45,Disneyland Park,Orbitron®,7,OPERATING,STANDBY,40,,,queue-times.com
2026-08-09T17:45:47Z,2026-08-09,19,45,Disneyland Park,Star Tours: The Adventures Continue*,9,OPERATING,STANDBY,5,,,queue-times.com
2026-08-09T17:45:47Z,2026-08-09,19,45,Disneyland Park,Star Wars Hyperspace Mountain,8,OPERATING,STANDBY,20,,,queue-times.com
2026-08-09T17:45:47Z,2026-08-09,19,45,Disneyland Park,Star Wars Hyperspace Mountain Single Rider,7278,OPERATING,STANDBY,5,,,queue-times.com
2026-08-09T17:45:47Z,2026-08-09,19,45,Disneyland Park,Welcome to Starport: A Star Wars Encounter,4573,CLOSED,STANDBY,0,,,queue-times.com
2026-08-09T17:45:47Z,2026-08-09,19,45,Disneyland Park,"""it's a small world""",19,OPERATING,STANDBY,5,,,queue-times.com
2026-08-09T17:45:47Z,2026-08-09,19,45,Disneyland Park,Alice's Curious Labyrinth,14,OPERATING,STANDBY,5,,,queue-times.com
2026-08-09T17:45:47Z,2026-08-09,19,45,Disneyland Park,Blanche-Neige et les Sept Nains®,15,OPERATING,STANDBY,15,,,queue-times.com
2026-08-09T17:45:47Z,2026-08-09,19,45,Disneyland Park,Casey Jr. – le Petit Train du Cirque,17,OPERATING,STANDBY,5,,,queue-times.com
2026-08-09T17:45:47Z,2026-08-09,19,45,Disneyland Park,Disneyland Railroad Fantasyland Station,2711,CLOSED,STANDBY,0,,,queue-times.com
2026-08-09T17:45:47Z,2026-08-09,19,45,Disneyland Park,Disneyland Railroad Main Street Station,11,CLOSED,STANDBY,0,,,queue-times.com
2026-08-09T17:45:47Z,2026-08-09,19,45,Disneyland Park,Dumbo the Flying Elephant,18,OPERATING,STANDBY,20,,,queue-times.com
2026-08-09T17:45:47Z,2026-08-09,19,45,Disneyland Park,La Tanière du Dragon,2710,OPERATING,STANDBY,0,,,queue-times.com
2026-08-09T17:45:47Z,2026-08-09,19,45,Disneyland Park,Le Carrousel de Lancelot,16,OPERATING,STANDBY,5,,,queue-times.com
2026-08-09T17:45:47Z,2026-08-09,19,45,Disneyland Park,"Le Pays des Contes de Fées, presented by Vittel",21,OPERATING,STANDBY,5,,,queue-times.com
2026-08-09T17:45:47Z,2026-08-09,19,45,Disneyland Park,Les Voyages de Pinocchio,23,OPERATING,STANDBY,15,,,queue-times.com
2026-08-09T17:45:47Z,2026-08-09,19,45,Disneyland Park,Mad Hatter's Tea Cups,20,OPERATING,STANDBY,5,,,queue-times.com
2026-08-09T17:45:47Z,2026-08-09,19,45,Disneyland Park,Meet Mickey Mouse,13,CLOSED,STANDBY,0,,,queue-times.com
2026-08-09T17:45:47Z,2026-08-09,19,45,Disneyland Park,Peter Pan's Flight,22,OPERATING,STANDBY,45,,,queue-times.com
2026-08-09T17:45:47Z,2026-08-09,19,45,Disneyland Park,Princess Pavilion,24,CLOSED,STANDBY,0,,,queue-times.com
2026-08-09T17:45:47Z,2026-08-09,19,45,Disneyland Park,Big Thunder Mountain,25,OPERATING,STANDBY,60,,,queue-times.com
2026-08-09T17:45:47Z,2026-08-09,19,45,Disneyland Park,Disneyland Railroad Frontierland Depot,2714,CLOSED,STANDBY,0,,,queue-times.com
2026-08-09T17:45:47Z,2026-08-09,19,45,Disneyland Park,Frontierland Playground,2713,OPERATING,STANDBY,0,,,queue-times.com
2026-08-09T17:45:47Z,2026-08-09,19,45,Disneyland Park,Phantom Manor,26,OPERATING,STANDBY,5,,,queue-times.com
2026-08-09T17:45:47Z,2026-08-09,19,45,Disneyland Park,River Rogue Keelboats,27,CLOSED,STANDBY,0,,,queue-times.com
2026-08-09T17:45:47Z,2026-08-09,19,45,Disneyland Park,Rustler Roundup Shootin' Gallery,2712,OPERATING,STANDBY,0,,,queue-times.com
2026-08-09T17:45:47Z,2026-08-09,19,45,Disneyland Park,Thunder Mesa Riverboat Landing,28,CLOSED,STANDBY,0,,,queue-times.com
2026-08-09T17:45:47Z,2026-08-09,19,45,Disneyland Park,Disneyland Railroad Main Street Station,2708,CLOSED,STANDBY,0,,,queue-times.com
2026-08-09T17:45:47Z,2026-08-09,19,45,Disneyland Park,Main Street Vehicles,12,CLOSED,STANDBY,0,,,queue-times.com
2026-08-09T17:45:47Z,2026-08-09,19,45,Disney Adventure World,Avengers Assemble: Flight Force,10848,OPERATING,STANDBY,15,,,queue-times.com
2026-08-09T17:45:47Z,2026-08-09,19,45,Disney Adventure World,Avengers Assemble: Flight Force Single Rider,10849,OPERATING,STANDBY,10,,,queue-times.com
2026-08-09T17:45:47Z,2026-08-09,19,45,Disney Adventure World,Spider-Man W.E.B. Adventure,10845,OPERATING,STANDBY,55,,,queue-times.com
2026-08-09T17:45:47Z,2026-08-09,19,45,Disney Adventure World,Spider-Man W.E.B. Adventure Single Rider,10846,OPERATING,STANDBY,25,,,queue-times.com
2026-08-09T17:45:47Z,2026-08-09,19,45,Disney Adventure World,The Twilight Zone Tower of Terror,40,OPERATING,STANDBY,15,,,queue-times.com
2026-08-09T17:45:47Z,2026-08-09,19,45,Disney Adventure World,Cars Quatre Roues Rallye,31,OPERATING,STANDBY,15,,,queue-times.com
2026-08-09T17:45:47Z,2026-08-09,19,45,Disney Adventure World,Cars ROAD TRIP,29,OPERATING,STANDBY,5,,,queue-times.com
2026-08-09T17:45:47Z,2026-08-09,19,45,Disney Adventure World,Crush's Coaster,32,OPERATING,STANDBY,60,,,queue-times.com
2026-08-09T17:45:47Z,2026-08-09,19,45,Disney Adventure World,Crush's Coaster Single Rider,7277,OPERATING,STANDBY,45,,,queue-times.com
2026-08-09T17:45:47Z,2026-08-09,19,45,Disney Adventure World,Les Tapis Volants - Flying Carpets Over Agrabah®,33,OPERATING,STANDBY,10,,,queue-times.com
2026-08-09T17:45:47Z,2026-08-09,19,45,Disney Adventure World,Ratatouille : L’Aventure Totalement Toquée de Rémy​,37,OPERATING,STANDBY,45,,,queue-times.com
2026-08-09T17:45:47Z,2026-08-09,19,45,Disney Adventure World,Ratatouille: The Adventure Single Rider,7279,OPERATING,STANDBY,5,,,queue-times.com
2026-08-09T17:45:47Z,2026-08-09,19,45,Disney Adventure World,RC Racer,34,OPERATING,STANDBY,30,,,queue-times.com
2026-08-09T17:45:47Z,2026-08-09,19,45,Disney Adventure World,RC Racer Single Rider,7280,OPERATING,STANDBY,25,,,queue-times.com
2026-08-09T17:45:47Z,2026-08-09,19,45,Disney Adventure World,Slinky® Dog Zigzag Spin,36,OPERATING,STANDBY,5,,,queue-times.com
2026-08-09T17:45:47Z,2026-08-09,19,45,Disney Adventure World,Toy Soldiers Parachute Drop,35,OPERATING,STANDBY,30,,,queue-times.com
2026-08-09T17:45:47Z,2026-08-09,19,45,Disney Adventure World,Toy Soldiers Parachute Drop Single Rider,7281,OPERATING,STANDBY,15,,,queue-times.com
2026-08-09T17:45:47Z,2026-08-09,19,45,Disney Adventure World,Entry to World of Frozen,16247,OPERATING,STANDBY,0,,,queue-times.com
2026-08-09T17:45:47Z,2026-08-09,19,45,Disney Adventure World,Frozen Ever After,15413,OPERATING,STANDBY,40,,,queue-times.com
2026-08-09T17:45:47Z,2026-08-09,19,45,Disney Adventure World,Raiponce Tangled Spin,15415,OPERATING,STANDBY,5,,,queue-times.com
2026-08-09T18:01:20Z,2026-08-09,20,1,Disneyland Park,Adventure Isle,2702,OPERATING,STANDBY,0,,,queue-times.com
2026-08-09T18:01:20Z,2026-08-09,20,1,Disneyland Park,Indiana Jones and the Temple of Peril Single Rider,7306,OPERATING,STANDBY,5,,,queue-times.com
2026-08-09T18:01:20Z,2026-08-09,20,1,Disneyland Park,Indiana Jones™ and the Temple of Peril,2,OPERATING,STANDBY,10,,,queue-times.com
2026-08-09T18:01:20Z,2026-08-09,20,1,Disneyland Park,La Cabane des Robinson,1,OPERATING,STANDBY,5,,,queue-times.com
2026-08-09T18:01:20Z,2026-08-09,20,1,Disneyland Park,Le Passage Enchanté d'Aladdin,2703,OPERATING,STANDBY,0,,,queue-times.com
2026-08-09T18:01:20Z,2026-08-09,20,1,Disneyland Park,Pirate Galleon,2705,CLOSED,STANDBY,0,,,queue-times.com
2026-08-09T18:01:20Z,2026-08-09,20,1,Disneyland Park,Pirates of the Caribbean,3,OPERATING,STANDBY,10,,,queue-times.com
2026-08-09T18:01:20Z,2026-08-09,20,1,Disneyland Park,Pirates' Beach,2704,OPERATING,STANDBY,0,,,queue-times.com
2026-08-09T18:01:20Z,2026-08-09,20,1,Disneyland Park,"Autopia, presented by Avis",4,OPERATING,STANDBY,35,,,queue-times.com
2026-08-09T18:01:20Z,2026-08-09,20,1,Disneyland Park,Buzz Lightyear Laser Blast,5,OPERATING,STANDBY,30,,,queue-times.com
2026-08-09T18:01:20Z,2026-08-09,20,1,Disneyland Park,Disneyland Railroad Discoveryland Station,2706,CLOSED,STANDBY,0,,,queue-times.com
2026-08-09T18:01:20Z,2026-08-09,20,1,Disneyland Park,Les Mystères du Nautilus,6,OPERATING,STANDBY,5,,,queue-times.com
2026-08-09T18:01:20Z,2026-08-09,20,1,Disneyland Park,Mickey’s PhilharMagic,2707,CLOSED,STANDBY,0,,,queue-times.com
2026-08-09T18:01:20Z,2026-08-09,20,1,Disneyland Park,Orbitron®,7,OPERATING,STANDBY,40,,,queue-times.com
2026-08-09T18:01:20Z,2026-08-09,20,1,Disneyland Park,Star Tours: The Adventures Continue*,9,OPERATING,STANDBY,5,,,queue-times.com
2026-08-09T18:01:20Z,2026-08-09,20,1,Disneyland Park,Star Wars Hyperspace Mountain,8,OPERATING,STANDBY,15,,,queue-times.com
2026-08-09T18:01:20Z,2026-08-09,20,1,Disneyland Park,Star Wars Hyperspace Mountain Single Rider,7278,OPERATING,STANDBY,5,,,queue-times.com
2026-08-09T18:01:20Z,2026-08-09,20,1,Disneyland Park,Welcome to Starport: A Star Wars Encounter,4573,CLOSED,STANDBY,0,,,queue-times.com
2026-08-09T18:01:20Z,2026-08-09,20,1,Disneyland Park,"""it's a small world""",19,OPERATING,STANDBY,5,,,queue-times.com
2026-08-09T18:01:20Z,2026-08-09,20,1,Disneyland Park,Alice's Curious Labyrinth,14,OPERATING,STANDBY,5,,,queue-times.com
2026-08-09T18:01:20Z,2026-08-09,20,1,Disneyland Park,Blanche-Neige et les Sept Nains®,15,OPERATING,STANDBY,25,,,queue-times.com
2026-08-09T18:01:20Z,2026-08-09,20,1,Disneyland Park,Casey Jr. – le Petit Train du Cirque,17,OPERATING,STANDBY,5,,,queue-times.com
2026-08-09T18:01:20Z,2026-08-09,20,1,Disneyland Park,Disneyland Railroad Fantasyland Station,2711,CLOSED,STANDBY,0,,,queue-times.com
2026-08-09T18:01:20Z,2026-08-09,20,1,Disneyland Park,Disneyland Railroad Main Street Station,11,CLOSED,STANDBY,0,,,queue-times.com
2026-08-09T18:01:20Z,2026-08-09,20,1,Disneyland Park,Dumbo the Flying Elephant,18,OPERATING,STANDBY,15,,,queue-times.com
2026-08-09T18:01:20Z,2026-08-09,20,1,Disneyland Park,La Tanière du Dragon,2710,OPERATING,STANDBY,0,,,queue-times.com
2026-08-09T18:01:20Z,2026-08-09,20,1,Disneyland Park,Le Carrousel de Lancelot,16,OPERATING,STANDBY,5,,,queue-times.com
2026-08-09T18:01:20Z,2026-08-09,20,1,Disneyland Park,"Le Pays des Contes de Fées, presented by Vittel",21,OPERATING,STANDBY,5,,,queue-times.com
2026-08-09T18:01:20Z,2026-08-09,20,1,Disneyland Park,Les Voyages de Pinocchio,23,OPERATING,STANDBY,25,,,queue-times.com
2026-08-09T18:01:20Z,2026-08-09,20,1,Disneyland Park,Mad Hatter's Tea Cups,20,OPERATING,STANDBY,5,,,queue-times.com
2026-08-09T18:01:20Z,2026-08-09,20,1,Disneyland Park,Meet Mickey Mouse,13,CLOSED,STANDBY,0,,,queue-times.com
2026-08-09T18:01:20Z,2026-08-09,20,1,Disneyland Park,Peter Pan's Flight,22,OPERATING,STANDBY,45,,,queue-times.com
2026-08-09T18:01:20Z,2026-08-09,20,1,Disneyland Park,Princess Pavilion,24,CLOSED,STANDBY,0,,,queue-times.com
2026-08-09T18:01:20Z,2026-08-09,20,1,Disneyland Park,Big Thunder Mountain,25,OPERATING,STANDBY,30,,,queue-times.com
2026-08-09T18:01:20Z,2026-08-09,20,1,Disneyland Park,Disneyland Railroad Frontierland Depot,2714,CLOSED,STANDBY,0,,,queue-times.com
2026-08-09T18:01:20Z,2026-08-09,20,1,Disneyland Park,Frontierland Playground,2713,OPERATING,STANDBY,0,,,queue-times.com
2026-08-09T18:01:20Z,2026-08-09,20,1,Disneyland Park,Phantom Manor,26,OPERATING,STANDBY,5,,,queue-times.com
2026-08-09T18:01:20Z,2026-08-09,20,1,Disneyland Park,River Rogue Keelboats,27,CLOSED,STANDBY,0,,,queue-times.com
2026-08-09T18:01:20Z,2026-08-09,20,1,Disneyland Park,Rustler Roundup Shootin' Gallery,2712,OPERATING,STANDBY,0,,,queue-times.com
2026-08-09T18:01:20Z,2026-08-09,20,1,Disneyland Park,Thunder Mesa Riverboat Landing,28,CLOSED,STANDBY,0,,,queue-times.com
2026-08-09T18:01:20Z,2026-08-09,20,1,Disneyland Park,Disneyland Railroad Main Street Station,2708,CLOSED,STANDBY,0,,,queue-times.com
2026-08-09T18:01:20Z,2026-08-09,20,1,Disneyland Park,Main Street Vehicles,12,CLOSED,STANDBY,0,,,queue-times.com
2026-08-09T18:01:20Z,2026-08-09,20,1,Disney Adventure World,Avengers Assemble: Flight Force,10848,OPERATING,STANDBY,10,,,queue-times.com
2026-08-09T18:01:20Z,2026-08-09,20,1,Disney Adventure World,Avengers Assemble: Flight Force Single Rider,10849,OPERATING,STANDBY,5,,,queue-times.com
2026-08-09T18:01:20Z,2026-08-09,20,1,Disney Adventure World,Spider-Man W.E.B. Adventure,10845,OPERATING,STANDBY,50,,,queue-times.com
2026-08-09T18:01:20Z,2026-08-09,20,1,Disney Adventure World,Spider-Man W.E.B. Adventure Single Rider,10846,OPERATING,STANDBY,15,,,queue-times.com
2026-08-09T18:01:20Z,2026-08-09,20,1,Disney Adventure World,The Twilight Zone Tower of Terror,40,OPERATING,STANDBY,20,,,queue-times.com
2026-08-09T18:01:20Z,2026-08-09,20,1,Disney Adventure World,Cars Quatre Roues Rallye,31,OPERATING,STANDBY,5,,,queue-times.com
2026-08-09T18:01:20Z,2026-08-09,20,1,Disney Adventure World,Cars ROAD TRIP,29,OPERATING,STANDBY,5,,,queue-times.com
2026-08-09T18:01:20Z,2026-08-09,20,1,Disney Adventure World,Crush's Coaster,32,OPERATING,STANDBY,85,,,queue-times.com
2026-08-09T18:01:20Z,2026-08-09,20,1,Disney Adventure World,Crush's Coaster Single Rider,7277,OPERATING,STANDBY,60,,,queue-times.com
2026-08-09T18:01:20Z,2026-08-09,20,1,Disney Adventure World,Les Tapis Volants - Flying Carpets Over Agrabah®,33,OPERATING,STANDBY,10,,,queue-times.com
2026-08-09T18:01:20Z,2026-08-09,20,1,Disney Adventure World,Ratatouille : L’Aventure Totalement Toquée de Rémy​,37,OPERATING,STANDBY,40,,,queue-times.com
2026-08-09T18:01:20Z,2026-08-09,20,1,Disney Adventure World,Ratatouille: The Adventure Single Rider,7279,OPERATING,STANDBY,10,,,queue-times.com
2026-08-09T18:01:20Z,2026-08-09,20,1,Disney Adventure World,RC Racer,34,OPERATING,STANDBY,30,,,queue-times.com
2026-08-09T18:01:20Z,2026-08-09,20,1,Disney Adventure World,RC Racer Single Rider,7280,OPERATING,STANDBY,25,,,queue-times.com
2026-08-09T18:01:20Z,2026-08-09,20,1,Disney Adventure World,Slinky® Dog Zigzag Spin,36,OPERATING,STANDBY,5,,,queue-times.com
2026-08-09T18:01:20Z,2026-08-09,20,1,Disney Adventure World,Toy Soldiers Parachute Drop,35,OPERATING,STANDBY,30,,,queue-times.com
2026-08-09T18:01:20Z,2026-08-09,20,1,Disney Adventure World,Toy Soldiers Parachute Drop Single Rider,7281,OPERATING,STANDBY,15,,,queue-times.com
2026-08-09T18:01:20Z,2026-08-09,20,1,Disney Adventure World,Entry to World of Frozen,16247,OPERATING,STANDBY,0,,,queue-times.com
2026-08-09T18:01:20Z,2026-08-09,20,1,Disney Adventure World,Frozen Ever After,15413,OPERATING,STANDBY,45,,,queue-times.com
2026-08-09T18:01:20Z,2026-08-09,20,1,Disney Adventure World,Raiponce Tangled Spin,15415,OPERATING,STANDBY,5,,,queue-times.com
2026-08-09T18:15:46Z,2026-08-09,20,15,Disneyland Park,Adventure Isle,2702,OPERATING,STANDBY,0,,,queue-times.com
2026-08-09T18:15:46Z,2026-08-09,20,15,Disneyland Park,Indiana Jones and the Temple of Peril Single Rider,7306,OPERATING,STANDBY,5,,,queue-times.com
2026-08-09T18:15:46Z,2026-08-09,20,15,Disneyland Park,Indiana Jones™ and the Temple of Peril,2,OPERATING,STANDBY,10,,,queue-times.com
2026-08-09T18:15:46Z,2026-08-09,20,15,Disneyland Park,La Cabane des Robinson,1,OPERATING,STANDBY,5,,,queue-times.com
2026-08-09T18:15:46Z,2026-08-09,20,15,Disneyland Park,Le Passage Enchanté d'Aladdin,2703,OPERATING,STANDBY,0,,,queue-times.com
2026-08-09T18:15:46Z,2026-08-09,20,15,Disneyland Park,Pirate Galleon,2705,CLOSED,STANDBY,0,,,queue-times.com
2026-08-09T18:15:46Z,2026-08-09,20,15,Disneyland Park,Pirates of the Caribbean,3,OPERATING,STANDBY,5,,,queue-times.com
2026-08-09T18:15:46Z,2026-08-09,20,15,Disneyland Park,Pirates' Beach,2704,OPERATING,STANDBY,0,,,queue-times.com
2026-08-09T18:15:46Z,2026-08-09,20,15,Disneyland Park,"Autopia, presented by Avis",4,OPERATING,STANDBY,35,,,queue-times.com
2026-08-09T18:15:46Z,2026-08-09,20,15,Disneyland Park,Buzz Lightyear Laser Blast,5,OPERATING,STANDBY,25,,,queue-times.com
2026-08-09T18:15:46Z,2026-08-09,20,15,Disneyland Park,Disneyland Railroad Discoveryland Station,2706,CLOSED,STANDBY,0,,,queue-times.com
2026-08-09T18:15:46Z,2026-08-09,20,15,Disneyland Park,Les Mystères du Nautilus,6,OPERATING,STANDBY,5,,,queue-times.com
2026-08-09T18:15:46Z,2026-08-09,20,15,Disneyland Park,Mickey’s PhilharMagic,2707,CLOSED,STANDBY,0,,,queue-times.com
2026-08-09T18:15:46Z,2026-08-09,20,15,Disneyland Park,Orbitron®,7,OPERATING,STANDBY,35,,,queue-times.com
2026-08-09T18:15:46Z,2026-08-09,20,15,Disneyland Park,Star Tours: The Adventures Continue*,9,OPERATING,STANDBY,5,,,queue-times.com
2026-08-09T18:15:46Z,2026-08-09,20,15,Disneyland Park,Star Wars Hyperspace Mountain,8,OPERATING,STANDBY,15,,,queue-times.com
2026-08-09T18:15:46Z,2026-08-09,20,15,Disneyland Park,Star Wars Hyperspace Mountain Single Rider,7278,OPERATING,STANDBY,5,,,queue-times.com
2026-08-09T18:15:46Z,2026-08-09,20,15,Disneyland Park,Welcome to Starport: A Star Wars Encounter,4573,CLOSED,STANDBY,0,,,queue-times.com
2026-08-09T18:15:46Z,2026-08-09,20,15,Disneyland Park,"""it's a small world""",19,OPERATING,STANDBY,5,,,queue-times.com
2026-08-09T18:15:46Z,2026-08-09,20,15,Disneyland Park,Alice's Curious Labyrinth,14,OPERATING,STANDBY,5,,,queue-times.com
2026-08-09T18:15:46Z,2026-08-09,20,15,Disneyland Park,Blanche-Neige et les Sept Nains®,15,OPERATING,STANDBY,30,,,queue-times.com
2026-08-09T18:15:46Z,2026-08-09,20,15,Disneyland Park,Casey Jr. – le Petit Train du Cirque,17,OPERATING,STANDBY,5,,,queue-times.com
2026-08-09T18:15:46Z,2026-08-09,20,15,Disneyland Park,Disneyland Railroad Fantasyland Station,2711,CLOSED,STANDBY,0,,,queue-times.com
2026-08-09T18:15:46Z,2026-08-09,20,15,Disneyland Park,Disneyland Railroad Main Street Station,11,CLOSED,STANDBY,0,,,queue-times.com
2026-08-09T18:15:46Z,2026-08-09,20,15,Disneyland Park,Dumbo the Flying Elephant,18,OPERATING,STANDBY,15,,,queue-times.com
2026-08-09T18:15:46Z,2026-08-09,20,15,Disneyland Park,La Tanière du Dragon,2710,OPERATING,STANDBY,0,,,queue-times.com
2026-08-09T18:15:46Z,2026-08-09,20,15,Disneyland Park,Le Carrousel de Lancelot,16,OPERATING,STANDBY,5,,,queue-times.com
2026-08-09T18:15:46Z,2026-08-09,20,15,Disneyland Park,"Le Pays des Contes de Fées, presented by Vittel",21,OPERATING,STANDBY,5,,,queue-times.com
2026-08-09T18:15:46Z,2026-08-09,20,15,Disneyland Park,Les Voyages de Pinocchio,23,OPERATING,STANDBY,25,,,queue-times.com
2026-08-09T18:15:46Z,2026-08-09,20,15,Disneyland Park,Mad Hatter's Tea Cups,20,OPERATING,STANDBY,5,,,queue-times.com
2026-08-09T18:15:46Z,2026-08-09,20,15,Disneyland Park,Meet Mickey Mouse,13,CLOSED,STANDBY,0,,,queue-times.com
2026-08-09T18:15:46Z,2026-08-09,20,15,Disneyland Park,Peter Pan's Flight,22,OPERATING,STANDBY,40,,,queue-times.com
2026-08-09T18:15:46Z,2026-08-09,20,15,Disneyland Park,Princess Pavilion,24,CLOSED,STANDBY,0,,,queue-times.com
2026-08-09T18:15:46Z,2026-08-09,20,15,Disneyland Park,Big Thunder Mountain,25,OPERATING,STANDBY,40,,,queue-times.com
2026-08-09T18:15:46Z,2026-08-09,20,15,Disneyland Park,Disneyland Railroad Frontierland Depot,2714,CLOSED,STANDBY,0,,,queue-times.com
2026-08-09T18:15:46Z,2026-08-09,20,15,Disneyland Park,Frontierland Playground,2713,OPERATING,STANDBY,0,,,queue-times.com
2026-08-09T18:15:46Z,2026-08-09,20,15,Disneyland Park,Phantom Manor,26,OPERATING,STANDBY,5,,,queue-times.com
2026-08-09T18:15:46Z,2026-08-09,20,15,Disneyland Park,River Rogue Keelboats,27,CLOSED,STANDBY,0,,,queue-times.com
2026-08-09T18:15:46Z,2026-08-09,20,15,Disneyland Park,Rustler Roundup Shootin' Gallery,2712,OPERATING,STANDBY,0,,,queue-times.com
2026-08-09T18:15:46Z,2026-08-09,20,15,Disneyland Park,Thunder Mesa Riverboat Landing,28,CLOSED,STANDBY,0,,,queue-times.com
2026-08-09T18:15:46Z,2026-08-09,20,15,Disneyland Park,Disneyland Railroad Main Street Station,2708,CLOSED,STANDBY,0,,,queue-times.com
2026-08-09T18:15:46Z,2026-08-09,20,15,Disneyland Park,Main Street Vehicles,12,CLOSED,STANDBY,0,,,queue-times.com
2026-08-09T18:15:46Z,2026-08-09,20,15,Disney Adventure World,Avengers Assemble: Flight Force,10848,OPERATING,STANDBY,10,,,queue-times.com
2026-08-09T18:15:46Z,2026-08-09,20,15,Disney Adventure World,Avengers Assemble: Flight Force Single Rider,10849,OPERATING,STANDBY,5,,,queue-times.com
2026-08-09T18:15:46Z,2026-08-09,20,15,Disney Adventure World,Spider-Man W.E.B. Adventure,10845,OPERATING,STANDBY,30,,,queue-times.com
2026-08-09T18:15:46Z,2026-08-09,20,15,Disney Adventure World,Spider-Man W.E.B. Adventure Single Rider,10846,OPERATING,STANDBY,5,,,queue-times.com
2026-08-09T18:15:46Z,2026-08-09,20,15,Disney Adventure World,The Twilight Zone Tower of Terror,40,OPERATING,STANDBY,30,,,queue-times.com
2026-08-09T18:15:46Z,2026-08-09,20,15,Disney Adventure World,Cars Quatre Roues Rallye,31,OPERATING,STANDBY,10,,,queue-times.com
2026-08-09T18:15:46Z,2026-08-09,20,15,Disney Adventure World,Cars ROAD TRIP,29,OPERATING,STANDBY,5,,,queue-times.com
2026-08-09T18:15:46Z,2026-08-09,20,15,Disney Adventure World,Crush's Coaster,32,OPERATING,STANDBY,85,,,queue-times.com
2026-08-09T18:15:46Z,2026-08-09,20,15,Disney Adventure World,Crush's Coaster Single Rider,7277,OPERATING,STANDBY,35,,,queue-times.com
2026-08-09T18:15:46Z,2026-08-09,20,15,Disney Adventure World,Les Tapis Volants - Flying Carpets Over Agrabah®,33,OPERATING,STANDBY,10,,,queue-times.com
2026-08-09T18:15:46Z,2026-08-09,20,15,Disney Adventure World,Ratatouille : L’Aventure Totalement Toquée de Rémy​,37,OPERATING,STANDBY,40,,,queue-times.com
2026-08-09T18:15:46Z,2026-08-09,20,15,Disney Adventure World,Ratatouille: The Adventure Single Rider,7279,OPERATING,STANDBY,10,,,queue-times.com
2026-08-09T18:15:46Z,2026-08-09,20,15,Disney Adventure World,RC Racer,34,OPERATING,STANDBY,30,,,queue-times.com
2026-08-09T18:15:46Z,2026-08-09,20,15,Disney Adventure World,RC Racer Single Rider,7280,OPERATING,STANDBY,25,,,queue-times.com
2026-08-09T18:15:46Z,2026-08-09,20,15,Disney Adventure World,Slinky® Dog Zigzag Spin,36,OPERATING,STANDBY,5,,,queue-times.com
2026-08-09T18:15:46Z,2026-08-09,20,15,Disney Adventure World,Toy Soldiers Parachute Drop,35,OPERATING,STANDBY,40,,,queue-times.com
2026-08-09T18:15:46Z,2026-08-09,20,15,Disney Adventure World,Toy Soldiers Parachute Drop Single Rider,7281,OPERATING,STANDBY,15,,,queue-times.com
2026-08-09T18:15:46Z,2026-08-09,20,15,Disney Adventure World,Entry to World of Frozen,16247,OPERATING,STANDBY,0,,,queue-times.com
2026-08-09T18:15:46Z,2026-08-09,20,15,Disney Adventure World,Frozen Ever After,15413,OPERATING,STANDBY,45,,,queue-times.com
2026-08-09T18:15:46Z,2026-08-09,20,15,Disney Adventure World,Raiponce Tangled Spin,15415,OPERATING,STANDBY,5,,,queue-times.com
2026-08-09T18:17:27Z,2026-08-09,20,17,Disneyland Park,Adventure Isle,2702,OPERATING,STANDBY,0,,,queue-times.com
2026-08-09T18:17:27Z,2026-08-09,20,17,Disneyland Park,Indiana Jones and the Temple of Peril Single Rider,7306,OPERATING,STANDBY,5,,,queue-times.com
2026-08-09T18:17:27Z,2026-08-09,20,17,Disneyland Park,Indiana Jones™ and the Temple of Peril,2,OPERATING,STANDBY,10,,,queue-times.com
2026-08-09T18:17:27Z,2026-08-09,20,17,Disneyland Park,La Cabane des Robinson,1,OPERATING,STANDBY,5,,,queue-times.com
2026-08-09T18:17:27Z,2026-08-09,20,17,Disneyland Park,Le Passage Enchanté d'Aladdin,2703,OPERATING,STANDBY,0,,,queue-times.com
2026-08-09T18:17:27Z,2026-08-09,20,17,Disneyland Park,Pirate Galleon,2705,CLOSED,STANDBY,0,,,queue-times.com
2026-08-09T18:17:27Z,2026-08-09,20,17,Disneyland Park,Pirates of the Caribbean,3,OPERATING,STANDBY,5,,,queue-times.com
2026-08-09T18:17:27Z,2026-08-09,20,17,Disneyland Park,Pirates' Beach,2704,OPERATING,STANDBY,0,,,queue-times.com
2026-08-09T18:17:27Z,2026-08-09,20,17,Disneyland Park,"Autopia, presented by Avis",4,OPERATING,STANDBY,35,,,queue-times.com
2026-08-09T18:17:27Z,2026-08-09,20,17,Disneyland Park,Buzz Lightyear Laser Blast,5,OPERATING,STANDBY,25,,,queue-times.com
2026-08-09T18:17:27Z,2026-08-09,20,17,Disneyland Park,Disneyland Railroad Discoveryland Station,2706,CLOSED,STANDBY,0,,,queue-times.com
2026-08-09T18:17:27Z,2026-08-09,20,17,Disneyland Park,Les Mystères du Nautilus,6,OPERATING,STANDBY,5,,,queue-times.com
2026-08-09T18:17:27Z,2026-08-09,20,17,Disneyland Park,Mickey’s PhilharMagic,2707,CLOSED,STANDBY,0,,,queue-times.com
2026-08-09T18:17:27Z,2026-08-09,20,17,Disneyland Park,Orbitron®,7,OPERATING,STANDBY,35,,,queue-times.com
2026-08-09T18:17:27Z,2026-08-09,20,17,Disneyland Park,Star Tours: The Adventures Continue*,9,OPERATING,STANDBY,5,,,queue-times.com
2026-08-09T18:17:27Z,2026-08-09,20,17,Disneyland Park,Star Wars Hyperspace Mountain,8,OPERATING,STANDBY,15,,,queue-times.com
2026-08-09T18:17:27Z,2026-08-09,20,17,Disneyland Park,Star Wars Hyperspace Mountain Single Rider,7278,OPERATING,STANDBY,5,,,queue-times.com
2026-08-09T18:17:27Z,2026-08-09,20,17,Disneyland Park,Welcome to Starport: A Star Wars Encounter,4573,CLOSED,STANDBY,0,,,queue-times.com
2026-08-09T18:17:27Z,2026-08-09,20,17,Disneyland Park,"""it's a small world""",19,OPERATING,STANDBY,5,,,queue-times.com
2026-08-09T18:17:27Z,2026-08-09,20,17,Disneyland Park,Alice's Curious Labyrinth,14,OPERATING,STANDBY,5,,,queue-times.com
2026-08-09T18:17:27Z,2026-08-09,20,17,Disneyland Park,Blanche-Neige et les Sept Nains®,15,OPERATING,STANDBY,30,,,queue-times.com
2026-08-09T18:17:27Z,2026-08-09,20,17,Disneyland Park,Casey Jr. – le Petit Train du Cirque,17,OPERATING,STANDBY,5,,,queue-times.com
2026-08-09T18:17:27Z,2026-08-09,20,17,Disneyland Park,Disneyland Railroad Fantasyland Station,2711,CLOSED,STANDBY,0,,,queue-times.com
2026-08-09T18:17:27Z,2026-08-09,20,17,Disneyland Park,Disneyland Railroad Main Street Station,11,CLOSED,STANDBY,0,,,queue-times.com
2026-08-09T18:17:27Z,2026-08-09,20,17,Disneyland Park,Dumbo the Flying Elephant,18,OPERATING,STANDBY,15,,,queue-times.com
2026-08-09T18:17:27Z,2026-08-09,20,17,Disneyland Park,La Tanière du Dragon,2710,OPERATING,STANDBY,0,,,queue-times.com
2026-08-09T18:17:27Z,2026-08-09,20,17,Disneyland Park,Le Carrousel de Lancelot,16,OPERATING,STANDBY,5,,,queue-times.com
2026-08-09T18:17:27Z,2026-08-09,20,17,Disneyland Park,"Le Pays des Contes de Fées, presented by Vittel",21,OPERATING,STANDBY,5,,,queue-times.com
2026-08-09T18:17:27Z,2026-08-09,20,17,Disneyland Park,Les Voyages de Pinocchio,23,OPERATING,STANDBY,25,,,queue-times.com
2026-08-09T18:17:27Z,2026-08-09,20,17,Disneyland Park,Mad Hatter's Tea Cups,20,OPERATING,STANDBY,5,,,queue-times.com
2026-08-09T18:17:27Z,2026-08-09,20,17,Disneyland Park,Meet Mickey Mouse,13,CLOSED,STANDBY,0,,,queue-times.com
2026-08-09T18:17:27Z,2026-08-09,20,17,Disneyland Park,Peter Pan's Flight,22,OPERATING,STANDBY,40,,,queue-times.com
2026-08-09T18:17:27Z,2026-08-09,20,17,Disneyland Park,Princess Pavilion,24,CLOSED,STANDBY,0,,,queue-times.com
2026-08-09T18:17:27Z,2026-08-09,20,17,Disneyland Park,Big Thunder Mountain,25,OPERATING,STANDBY,55,,,queue-times.com
2026-08-09T18:17:27Z,2026-08-09,20,17,Disneyland Park,Disneyland Railroad Frontierland Depot,2714,CLOSED,STANDBY,0,,,queue-times.com
2026-08-09T18:17:27Z,2026-08-09,20,17,Disneyland Park,Frontierland Playground,2713,OPERATING,STANDBY,0,,,queue-times.com
2026-08-09T18:17:27Z,2026-08-09,20,17,Disneyland Park,Phantom Manor,26,OPERATING,STANDBY,5,,,queue-times.com
2026-08-09T18:17:27Z,2026-08-09,20,17,Disneyland Park,River Rogue Keelboats,27,CLOSED,STANDBY,0,,,queue-times.com
2026-08-09T18:17:27Z,2026-08-09,20,17,Disneyland Park,Rustler Roundup Shootin' Gallery,2712,OPERATING,STANDBY,0,,,queue-times.com
2026-08-09T18:17:27Z,2026-08-09,20,17,Disneyland Park,Thunder Mesa Riverboat Landing,28,CLOSED,STANDBY,0,,,queue-times.com
2026-08-09T18:17:27Z,2026-08-09,20,17,Disneyland Park,Disneyland Railroad Main Street Station,2708,CLOSED,STANDBY,0,,,queue-times.com
2026-08-09T18:17:27Z,2026-08-09,20,17,Disneyland Park,Main Street Vehicles,12,CLOSED,STANDBY,0,,,queue-times.com
2026-08-09T18:17:27Z,2026-08-09,20,17,Disney Adventure World,Avengers Assemble: Flight Force,10848,OPERATING,STANDBY,10,,,queue-times.com
2026-08-09T18:17:27Z,2026-08-09,20,17,Disney Adventure World,Avengers Assemble: Flight Force Single Rider,10849,OPERATING,STANDBY,5,,,queue-times.com
2026-08-09T18:17:27Z,2026-08-09,20,17,Disney Adventure World,Spider-Man W.E.B. Adventure,10845,OPERATING,STANDBY,30,,,queue-times.com
2026-08-09T18:17:27Z,2026-08-09,20,17,Disney Adventure World,Spider-Man W.E.B. Adventure Single Rider,10846,OPERATING,STANDBY,5,,,queue-times.com
2026-08-09T18:17:27Z,2026-08-09,20,17,Disney Adventure World,The Twilight Zone Tower of Terror,40,OPERATING,STANDBY,25,,,queue-times.com
2026-08-09T18:17:27Z,2026-08-09,20,17,Disney Adventure World,Cars Quatre Roues Rallye,31,OPERATING,STANDBY,10,,,queue-times.com
2026-08-09T18:17:27Z,2026-08-09,20,17,Disney Adventure World,Cars ROAD TRIP,29,OPERATING,STANDBY,5,,,queue-times.com
2026-08-09T18:17:27Z,2026-08-09,20,17,Disney Adventure World,Crush's Coaster,32,OPERATING,STANDBY,70,,,queue-times.com
2026-08-09T18:17:27Z,2026-08-09,20,17,Disney Adventure World,Crush's Coaster Single Rider,7277,OPERATING,STANDBY,35,,,queue-times.com
2026-08-09T18:17:27Z,2026-08-09,20,17,Disney Adventure World,Les Tapis Volants - Flying Carpets Over Agrabah®,33,OPERATING,STANDBY,10,,,queue-times.com
2026-08-09T18:17:27Z,2026-08-09,20,17,Disney Adventure World,Ratatouille : L’Aventure Totalement Toquée de Rémy​,37,OPERATING,STANDBY,40,,,queue-times.com
2026-08-09T18:17:27Z,2026-08-09,20,17,Disney Adventure World,Ratatouille: The Adventure Single Rider,7279,OPERATING,STANDBY,10,,,queue-times.com
2026-08-09T18:17:27Z,2026-08-09,20,17,Disney Adventure World,RC Racer,34,OPERATING,STANDBY,30,,,queue-times.com
2026-08-09T18:17:27Z,2026-08-09,20,17,Disney Adventure World,RC Racer Single Rider,7280,OPERATING,STANDBY,25,,,queue-times.com
2026-08-09T18:17:27Z,2026-08-09,20,17,Disney Adventure World,Slinky® Dog Zigzag Spin,36,OPERATING,STANDBY,5,,,queue-times.com
2026-08-09T18:17:27Z,2026-08-09,20,17,Disney Adventure World,Toy Soldiers Parachute Drop,35,OPERATING,STANDBY,40,,,queue-times.com
2026-08-09T18:17:27Z,2026-08-09,20,17,Disney Adventure World,Toy Soldiers Parachute Drop Single Rider,7281,OPERATING,STANDBY,15,,,queue-times.com
2026-08-09T18:17:27Z,2026-08-09,20,17,Disney Adventure World,Entry to World of Frozen,16247,OPERATING,STANDBY,0,,,queue-times.com
2026-08-09T18:17:27Z,2026-08-09,20,17,Disney Adventure World,Frozen Ever After,15413,OPERATING,STANDBY,45,,,queue-times.com
2026-08-09T18:17:27Z,2026-08-09,20,17,Disney Adventure World,Raiponce Tangled Spin,15415,OPERATING,STANDBY,5,,,queue-times.com
2026-08-09T18:31:07Z,2026-08-09,20,31,Disneyland Park,Adventure Isle,2702,OPERATING,STANDBY,0,,,queue-times.com
2026-08-09T18:31:07Z,2026-08-09,20,31,Disneyland Park,Indiana Jones and the Temple of Peril Single Rider,7306,OPERATING,STANDBY,5,,,queue-times.com
2026-08-09T18:31:07Z,2026-08-09,20,31,Disneyland Park,Indiana Jones™ and the Temple of Peril,2,OPERATING,STANDBY,15,,,queue-times.com
2026-08-09T18:31:07Z,2026-08-09,20,31,Disneyland Park,La Cabane des Robinson,1,OPERATING,STANDBY,5,,,queue-times.com
2026-08-09T18:31:07Z,2026-08-09,20,31,Disneyland Park,Le Passage Enchanté d'Aladdin,2703,OPERATING,STANDBY,0,,,queue-times.com
2026-08-09T18:31:07Z,2026-08-09,20,31,Disneyland Park,Pirate Galleon,2705,CLOSED,STANDBY,0,,,queue-times.com
2026-08-09T18:31:07Z,2026-08-09,20,31,Disneyland Park,Pirates of the Caribbean,3,OPERATING,STANDBY,5,,,queue-times.com
2026-08-09T18:31:07Z,2026-08-09,20,31,Disneyland Park,Pirates' Beach,2704,OPERATING,STANDBY,0,,,queue-times.com
2026-08-09T18:31:07Z,2026-08-09,20,31,Disneyland Park,"Autopia, presented by Avis",4,OPERATING,STANDBY,90,,,queue-times.com
2026-08-09T18:31:07Z,2026-08-09,20,31,Disneyland Park,Buzz Lightyear Laser Blast,5,OPERATING,STANDBY,30,,,queue-times.com
2026-08-09T18:31:07Z,2026-08-09,20,31,Disneyland Park,Disneyland Railroad Discoveryland Station,2706,CLOSED,STANDBY,0,,,queue-times.com
2026-08-09T18:31:07Z,2026-08-09,20,31,Disneyland Park,Les Mystères du Nautilus,6,OPERATING,STANDBY,5,,,queue-times.com
2026-08-09T18:31:07Z,2026-08-09,20,31,Disneyland Park,Mickey’s PhilharMagic,2707,CLOSED,STANDBY,0,,,queue-times.com
2026-08-09T18:31:07Z,2026-08-09,20,31,Disneyland Park,Orbitron®,7,OPERATING,STANDBY,35,,,queue-times.com
2026-08-09T18:31:07Z,2026-08-09,20,31,Disneyland Park,Star Tours: The Adventures Continue*,9,OPERATING,STANDBY,5,,,queue-times.com
2026-08-09T18:31:07Z,2026-08-09,20,31,Disneyland Park,Star Wars Hyperspace Mountain,8,OPERATING,STANDBY,15,,,queue-times.com
2026-08-09T18:31:07Z,2026-08-09,20,31,Disneyland Park,Star Wars Hyperspace Mountain Single Rider,7278,OPERATING,STANDBY,10,,,queue-times.com
2026-08-09T18:31:07Z,2026-08-09,20,31,Disneyland Park,Welcome to Starport: A Star Wars Encounter,4573,CLOSED,STANDBY,0,,,queue-times.com
2026-08-09T18:31:07Z,2026-08-09,20,31,Disneyland Park,"""it's a small world""",19,OPERATING,STANDBY,5,,,queue-times.com
2026-08-09T18:31:07Z,2026-08-09,20,31,Disneyland Park,Alice's Curious Labyrinth,14,CLOSED,STANDBY,0,,,queue-times.com
2026-08-09T18:31:07Z,2026-08-09,20,31,Disneyland Park,Blanche-Neige et les Sept Nains®,15,CLOSED,STANDBY,0,,,queue-times.com
2026-08-09T18:31:07Z,2026-08-09,20,31,Disneyland Park,Casey Jr. – le Petit Train du Cirque,17,OPERATING,STANDBY,5,,,queue-times.com
2026-08-09T18:31:07Z,2026-08-09,20,31,Disneyland Park,Disneyland Railroad Fantasyland Station,2711,CLOSED,STANDBY,0,,,queue-times.com
2026-08-09T18:31:07Z,2026-08-09,20,31,Disneyland Park,Disneyland Railroad Main Street Station,11,CLOSED,STANDBY,0,,,queue-times.com
2026-08-09T18:31:07Z,2026-08-09,20,31,Disneyland Park,Dumbo the Flying Elephant,18,OPERATING,STANDBY,20,,,queue-times.com
2026-08-09T18:31:07Z,2026-08-09,20,31,Disneyland Park,La Tanière du Dragon,2710,CLOSED,STANDBY,0,,,queue-times.com
2026-08-09T18:31:07Z,2026-08-09,20,31,Disneyland Park,Le Carrousel de Lancelot,16,OPERATING,STANDBY,5,,,queue-times.com
2026-08-09T18:31:07Z,2026-08-09,20,31,Disneyland Park,"Le Pays des Contes de Fées, presented by Vittel",21,OPERATING,STANDBY,5,,,queue-times.com
2026-08-09T18:31:07Z,2026-08-09,20,31,Disneyland Park,Les Voyages de Pinocchio,23,OPERATING,STANDBY,20,,,queue-times.com
2026-08-09T18:31:07Z,2026-08-09,20,31,Disneyland Park,Mad Hatter's Tea Cups,20,OPERATING,STANDBY,5,,,queue-times.com
2026-08-09T18:31:07Z,2026-08-09,20,31,Disneyland Park,Meet Mickey Mouse,13,CLOSED,STANDBY,0,,,queue-times.com
2026-08-09T18:31:07Z,2026-08-09,20,31,Disneyland Park,Peter Pan's Flight,22,OPERATING,STANDBY,55,,,queue-times.com
2026-08-09T18:31:07Z,2026-08-09,20,31,Disneyland Park,Princess Pavilion,24,CLOSED,STANDBY,0,,,queue-times.com
2026-08-09T18:31:07Z,2026-08-09,20,31,Disneyland Park,Big Thunder Mountain,25,OPERATING,STANDBY,120,,,queue-times.com
2026-08-09T18:31:07Z,2026-08-09,20,31,Disneyland Park,Disneyland Railroad Frontierland Depot,2714,CLOSED,STANDBY,0,,,queue-times.com
2026-08-09T18:31:07Z,2026-08-09,20,31,Disneyland Park,Frontierland Playground,2713,OPERATING,STANDBY,0,,,queue-times.com
2026-08-09T18:31:07Z,2026-08-09,20,31,Disneyland Park,Phantom Manor,26,OPERATING,STANDBY,5,,,queue-times.com
2026-08-09T18:31:07Z,2026-08-09,20,31,Disneyland Park,River Rogue Keelboats,27,CLOSED,STANDBY,0,,,queue-times.com
2026-08-09T18:31:07Z,2026-08-09,20,31,Disneyland Park,Rustler Roundup Shootin' Gallery,2712,OPERATING,STANDBY,0,,,queue-times.com
2026-08-09T18:31:07Z,2026-08-09,20,31,Disneyland Park,Thunder Mesa Riverboat Landing,28,CLOSED,STANDBY,0,,,queue-times.com
2026-08-09T18:31:07Z,2026-08-09,20,31,Disneyland Park,Disneyland Railroad Main Street Station,2708,CLOSED,STANDBY,0,,,queue-times.com
2026-08-09T18:31:07Z,2026-08-09,20,31,Disneyland Park,Main Street Vehicles,12,CLOSED,STANDBY,0,,,queue-times.com
2026-08-09T18:31:07Z,2026-08-09,20,31,Disney Adventure World,Avengers Assemble: Flight Force,10848,OPERATING,STANDBY,20,,,queue-times.com
2026-08-09T18:31:07Z,2026-08-09,20,31,Disney Adventure World,Avengers Assemble: Flight Force Single Rider,10849,OPERATING,STANDBY,15,,,queue-times.com
2026-08-09T18:31:07Z,2026-08-09,20,31,Disney Adventure World,Spider-Man W.E.B. Adventure,10845,OPERATING,STANDBY,15,,,queue-times.com
2026-08-09T18:31:07Z,2026-08-09,20,31,Disney Adventure World,Spider-Man W.E.B. Adventure Single Rider,10846,OPERATING,STANDBY,10,,,queue-times.com
2026-08-09T18:31:07Z,2026-08-09,20,31,Disney Adventure World,The Twilight Zone Tower of Terror,40,OPERATING,STANDBY,20,,,queue-times.com
2026-08-09T18:31:07Z,2026-08-09,20,31,Disney Adventure World,Cars Quatre Roues Rallye,31,OPERATING,STANDBY,10,,,queue-times.com
2026-08-09T18:31:07Z,2026-08-09,20,31,Disney Adventure World,Cars ROAD TRIP,29,OPERATING,STANDBY,5,,,queue-times.com
2026-08-09T18:31:07Z,2026-08-09,20,31,Disney Adventure World,Crush's Coaster,32,OPERATING,STANDBY,60,,,queue-times.com
2026-08-09T18:31:07Z,2026-08-09,20,31,Disney Adventure World,Crush's Coaster Single Rider,7277,OPERATING,STANDBY,45,,,queue-times.com
2026-08-09T18:31:07Z,2026-08-09,20,31,Disney Adventure World,Les Tapis Volants - Flying Carpets Over Agrabah®,33,OPERATING,STANDBY,10,,,queue-times.com
2026-08-09T18:31:07Z,2026-08-09,20,31,Disney Adventure World,Ratatouille : L’Aventure Totalement Toquée de Rémy​,37,OPERATING,STANDBY,30,,,queue-times.com
2026-08-09T18:31:07Z,2026-08-09,20,31,Disney Adventure World,Ratatouille: The Adventure Single Rider,7279,OPERATING,STANDBY,10,,,queue-times.com
2026-08-09T18:31:07Z,2026-08-09,20,31,Disney Adventure World,RC Racer,34,OPERATING,STANDBY,40,,,queue-times.com
2026-08-09T18:31:07Z,2026-08-09,20,31,Disney Adventure World,RC Racer Single Rider,7280,OPERATING,STANDBY,35,,,queue-times.com
2026-08-09T18:31:07Z,2026-08-09,20,31,Disney Adventure World,Slinky® Dog Zigzag Spin,36,OPERATING,STANDBY,10,,,queue-times.com
2026-08-09T18:31:07Z,2026-08-09,20,31,Disney Adventure World,Toy Soldiers Parachute Drop,35,OPERATING,STANDBY,35,,,queue-times.com
2026-08-09T18:31:07Z,2026-08-09,20,31,Disney Adventure World,Toy Soldiers Parachute Drop Single Rider,7281,OPERATING,STANDBY,15,,,queue-times.com
2026-08-09T18:31:07Z,2026-08-09,20,31,Disney Adventure World,Entry to World of Frozen,16247,OPERATING,STANDBY,0,,,queue-times.com
2026-08-09T18:31:07Z,2026-08-09,20,31,Disney Adventure World,Frozen Ever After,15413,OPERATING,STANDBY,45,,,queue-times.com
2026-08-09T18:31:07Z,2026-08-09,20,31,Disney Adventure World,Raiponce Tangled Spin,15415,OPERATING,STANDBY,5,,,queue-times.com
2026-08-09T18:45:47Z,2026-08-09,20,45,Disneyland Park,Adventure Isle,2702,OPERATING,STANDBY,0,,,queue-times.com
2026-08-09T18:45:47Z,2026-08-09,20,45,Disneyland Park,Indiana Jones and the Temple of Peril Single Rider,7306,OPERATING,STANDBY,5,,,queue-times.com
2026-08-09T18:45:47Z,2026-08-09,20,45,Disneyland Park,Indiana Jones™ and the Temple of Peril,2,OPERATING,STANDBY,20,,,queue-times.com
2026-08-09T18:45:47Z,2026-08-09,20,45,Disneyland Park,La Cabane des Robinson,1,OPERATING,STANDBY,5,,,queue-times.com
2026-08-09T18:45:47Z,2026-08-09,20,45,Disneyland Park,Le Passage Enchanté d'Aladdin,2703,OPERATING,STANDBY,0,,,queue-times.com
2026-08-09T18:45:47Z,2026-08-09,20,45,Disneyland Park,Pirate Galleon,2705,CLOSED,STANDBY,0,,,queue-times.com
2026-08-09T18:45:47Z,2026-08-09,20,45,Disneyland Park,Pirates of the Caribbean,3,OPERATING,STANDBY,5,,,queue-times.com
2026-08-09T18:45:47Z,2026-08-09,20,45,Disneyland Park,Pirates' Beach,2704,OPERATING,STANDBY,0,,,queue-times.com
2026-08-09T18:45:47Z,2026-08-09,20,45,Disneyland Park,"Autopia, presented by Avis",4,OPERATING,STANDBY,90,,,queue-times.com
2026-08-09T18:45:47Z,2026-08-09,20,45,Disneyland Park,Buzz Lightyear Laser Blast,5,OPERATING,STANDBY,25,,,queue-times.com
2026-08-09T18:45:47Z,2026-08-09,20,45,Disneyland Park,Disneyland Railroad Discoveryland Station,2706,CLOSED,STANDBY,0,,,queue-times.com
2026-08-09T18:45:47Z,2026-08-09,20,45,Disneyland Park,Les Mystères du Nautilus,6,OPERATING,STANDBY,5,,,queue-times.com
2026-08-09T18:45:47Z,2026-08-09,20,45,Disneyland Park,Mickey’s PhilharMagic,2707,CLOSED,STANDBY,0,,,queue-times.com
2026-08-09T18:45:47Z,2026-08-09,20,45,Disneyland Park,Orbitron®,7,OPERATING,STANDBY,40,,,queue-times.com
2026-08-09T18:45:47Z,2026-08-09,20,45,Disneyland Park,Star Tours: The Adventures Continue*,9,OPERATING,STANDBY,5,,,queue-times.com
2026-08-09T18:45:47Z,2026-08-09,20,45,Disneyland Park,Star Wars Hyperspace Mountain,8,OPERATING,STANDBY,20,,,queue-times.com
2026-08-09T18:45:47Z,2026-08-09,20,45,Disneyland Park,Star Wars Hyperspace Mountain Single Rider,7278,OPERATING,STANDBY,10,,,queue-times.com
2026-08-09T18:45:47Z,2026-08-09,20,45,Disneyland Park,Welcome to Starport: A Star Wars Encounter,4573,CLOSED,STANDBY,0,,,queue-times.com
2026-08-09T18:45:47Z,2026-08-09,20,45,Disneyland Park,"""it's a small world""",19,OPERATING,STANDBY,5,,,queue-times.com
2026-08-09T18:45:47Z,2026-08-09,20,45,Disneyland Park,Alice's Curious Labyrinth,14,OPERATING,STANDBY,5,,,queue-times.com
2026-08-09T18:45:47Z,2026-08-09,20,45,Disneyland Park,Blanche-Neige et les Sept Nains®,15,CLOSED,STANDBY,0,,,queue-times.com
2026-08-09T18:45:47Z,2026-08-09,20,45,Disneyland Park,Casey Jr. – le Petit Train du Cirque,17,OPERATING,STANDBY,5,,,queue-times.com
2026-08-09T18:45:47Z,2026-08-09,20,45,Disneyland Park,Disneyland Railroad Fantasyland Station,2711,CLOSED,STANDBY,0,,,queue-times.com
2026-08-09T18:45:47Z,2026-08-09,20,45,Disneyland Park,Disneyland Railroad Main Street Station,11,CLOSED,STANDBY,0,,,queue-times.com
2026-08-09T18:45:47Z,2026-08-09,20,45,Disneyland Park,Dumbo the Flying Elephant,18,OPERATING,STANDBY,20,,,queue-times.com
2026-08-09T18:45:47Z,2026-08-09,20,45,Disneyland Park,La Tanière du Dragon,2710,CLOSED,STANDBY,0,,,queue-times.com
2026-08-09T18:45:47Z,2026-08-09,20,45,Disneyland Park,Le Carrousel de Lancelot,16,OPERATING,STANDBY,5,,,queue-times.com
2026-08-09T18:45:47Z,2026-08-09,20,45,Disneyland Park,"Le Pays des Contes de Fées, presented by Vittel",21,OPERATING,STANDBY,5,,,queue-times.com
2026-08-09T18:45:47Z,2026-08-09,20,45,Disneyland Park,Les Voyages de Pinocchio,23,OPERATING,STANDBY,20,,,queue-times.com
2026-08-09T18:45:47Z,2026-08-09,20,45,Disneyland Park,Mad Hatter's Tea Cups,20,OPERATING,STANDBY,5,,,queue-times.com
2026-08-09T18:45:47Z,2026-08-09,20,45,Disneyland Park,Meet Mickey Mouse,13,CLOSED,STANDBY,0,,,queue-times.com
2026-08-09T18:45:47Z,2026-08-09,20,45,Disneyland Park,Peter Pan's Flight,22,OPERATING,STANDBY,45,,,queue-times.com
2026-08-09T18:45:47Z,2026-08-09,20,45,Disneyland Park,Princess Pavilion,24,CLOSED,STANDBY,0,,,queue-times.com
2026-08-09T18:45:47Z,2026-08-09,20,45,Disneyland Park,Big Thunder Mountain,25,CLOSED,STANDBY,0,,,queue-times.com
2026-08-09T18:45:47Z,2026-08-09,20,45,Disneyland Park,Disneyland Railroad Frontierland Depot,2714,CLOSED,STANDBY,0,,,queue-times.com
2026-08-09T18:45:47Z,2026-08-09,20,45,Disneyland Park,Frontierland Playground,2713,OPERATING,STANDBY,0,,,queue-times.com
2026-08-09T18:45:47Z,2026-08-09,20,45,Disneyland Park,Phantom Manor,26,OPERATING,STANDBY,5,,,queue-times.com
2026-08-09T18:45:47Z,2026-08-09,20,45,Disneyland Park,River Rogue Keelboats,27,CLOSED,STANDBY,0,,,queue-times.com
2026-08-09T18:45:47Z,2026-08-09,20,45,Disneyland Park,Rustler Roundup Shootin' Gallery,2712,OPERATING,STANDBY,0,,,queue-times.com
2026-08-09T18:45:47Z,2026-08-09,20,45,Disneyland Park,Thunder Mesa Riverboat Landing,28,CLOSED,STANDBY,0,,,queue-times.com
2026-08-09T18:45:47Z,2026-08-09,20,45,Disneyland Park,Disneyland Railroad Main Street Station,2708,CLOSED,STANDBY,0,,,queue-times.com
2026-08-09T18:45:47Z,2026-08-09,20,45,Disneyland Park,Main Street Vehicles,12,CLOSED,STANDBY,0,,,queue-times.com
2026-08-09T18:45:47Z,2026-08-09,20,45,Disney Adventure World,Avengers Assemble: Flight Force,10848,OPERATING,STANDBY,20,,,queue-times.com
2026-08-09T18:45:47Z,2026-08-09,20,45,Disney Adventure World,Avengers Assemble: Flight Force Single Rider,10849,OPERATING,STANDBY,15,,,queue-times.com
2026-08-09T18:45:47Z,2026-08-09,20,45,Disney Adventure World,Spider-Man W.E.B. Adventure,10845,OPERATING,STANDBY,35,,,queue-times.com
2026-08-09T18:45:47Z,2026-08-09,20,45,Disney Adventure World,Spider-Man W.E.B. Adventure Single Rider,10846,OPERATING,STANDBY,10,,,queue-times.com
2026-08-09T18:45:47Z,2026-08-09,20,45,Disney Adventure World,The Twilight Zone Tower of Terror,40,OPERATING,STANDBY,10,,,queue-times.com
2026-08-09T18:45:47Z,2026-08-09,20,45,Disney Adventure World,Cars Quatre Roues Rallye,31,OPERATING,STANDBY,10,,,queue-times.com
2026-08-09T18:45:47Z,2026-08-09,20,45,Disney Adventure World,Cars ROAD TRIP,29,CLOSED,STANDBY,0,,,queue-times.com
2026-08-09T18:45:47Z,2026-08-09,20,45,Disney Adventure World,Crush's Coaster,32,OPERATING,STANDBY,45,,,queue-times.com
2026-08-09T18:45:47Z,2026-08-09,20,45,Disney Adventure World,Crush's Coaster Single Rider,7277,OPERATING,STANDBY,35,,,queue-times.com
2026-08-09T18:45:47Z,2026-08-09,20,45,Disney Adventure World,Les Tapis Volants - Flying Carpets Over Agrabah®,33,OPERATING,STANDBY,10,,,queue-times.com
2026-08-09T18:45:47Z,2026-08-09,20,45,Disney Adventure World,Ratatouille : L’Aventure Totalement Toquée de Rémy​,37,OPERATING,STANDBY,25,,,queue-times.com
2026-08-09T18:45:47Z,2026-08-09,20,45,Disney Adventure World,Ratatouille: The Adventure Single Rider,7279,OPERATING,STANDBY,5,,,queue-times.com
2026-08-09T18:45:47Z,2026-08-09,20,45,Disney Adventure World,RC Racer,34,OPERATING,STANDBY,30,,,queue-times.com
2026-08-09T18:45:47Z,2026-08-09,20,45,Disney Adventure World,RC Racer Single Rider,7280,OPERATING,STANDBY,25,,,queue-times.com
2026-08-09T18:45:47Z,2026-08-09,20,45,Disney Adventure World,Slinky® Dog Zigzag Spin,36,OPERATING,STANDBY,10,,,queue-times.com
2026-08-09T18:45:47Z,2026-08-09,20,45,Disney Adventure World,Toy Soldiers Parachute Drop,35,OPERATING,STANDBY,30,,,queue-times.com
2026-08-09T18:45:47Z,2026-08-09,20,45,Disney Adventure World,Toy Soldiers Parachute Drop Single Rider,7281,OPERATING,STANDBY,15,,,queue-times.com
2026-08-09T18:45:47Z,2026-08-09,20,45,Disney Adventure World,Entry to World of Frozen,16247,OPERATING,STANDBY,0,,,queue-times.com
2026-08-09T18:45:47Z,2026-08-09,20,45,Disney Adventure World,Frozen Ever After,15413,OPERATING,STANDBY,40,,,queue-times.com
2026-08-09T18:45:47Z,2026-08-09,20,45,Disney Adventure World,Raiponce Tangled Spin,15415,OPERATING,STANDBY,5,,,queue-times.com
2026-08-09T19:01:15Z,2026-08-09,21,1,Disneyland Park,Adventure Isle,2702,OPERATING,STANDBY,0,,,queue-times.com
2026-08-09T19:01:15Z,2026-08-09,21,1,Disneyland Park,Indiana Jones and the Temple of Peril Single Rider,7306,OPERATING,STANDBY,5,,,queue-times.com
2026-08-09T19:01:15Z,2026-08-09,21,1,Disneyland Park,Indiana Jones™ and the Temple of Peril,2,OPERATING,STANDBY,5,,,queue-times.com
2026-08-09T19:01:15Z,2026-08-09,21,1,Disneyland Park,La Cabane des Robinson,1,OPERATING,STANDBY,5,,,queue-times.com
2026-08-09T19:01:15Z,2026-08-09,21,1,Disneyland Park,Le Passage Enchanté d'Aladdin,2703,OPERATING,STANDBY,0,,,queue-times.com
2026-08-09T19:01:15Z,2026-08-09,21,1,Disneyland Park,Pirate Galleon,2705,CLOSED,STANDBY,0,,,queue-times.com
2026-08-09T19:01:15Z,2026-08-09,21,1,Disneyland Park,Pirates of the Caribbean,3,OPERATING,STANDBY,5,,,queue-times.com
2026-08-09T19:01:15Z,2026-08-09,21,1,Disneyland Park,Pirates' Beach,2704,OPERATING,STANDBY,0,,,queue-times.com
2026-08-09T19:01:15Z,2026-08-09,21,1,Disneyland Park,"Autopia, presented by Avis",4,OPERATING,STANDBY,70,,,queue-times.com
2026-08-09T19:01:15Z,2026-08-09,21,1,Disneyland Park,Buzz Lightyear Laser Blast,5,OPERATING,STANDBY,35,,,queue-times.com
2026-08-09T19:01:15Z,2026-08-09,21,1,Disneyland Park,Disneyland Railroad Discoveryland Station,2706,CLOSED,STANDBY,0,,,queue-times.com
2026-08-09T19:01:15Z,2026-08-09,21,1,Disneyland Park,Les Mystères du Nautilus,6,OPERATING,STANDBY,5,,,queue-times.com
2026-08-09T19:01:15Z,2026-08-09,21,1,Disneyland Park,Mickey’s PhilharMagic,2707,CLOSED,STANDBY,0,,,queue-times.com
2026-08-09T19:01:15Z,2026-08-09,21,1,Disneyland Park,Orbitron®,7,OPERATING,STANDBY,40,,,queue-times.com
2026-08-09T19:01:15Z,2026-08-09,21,1,Disneyland Park,Star Tours: The Adventures Continue*,9,OPERATING,STANDBY,5,,,queue-times.com
2026-08-09T19:01:15Z,2026-08-09,21,1,Disneyland Park,Star Wars Hyperspace Mountain,8,OPERATING,STANDBY,20,,,queue-times.com
2026-08-09T19:01:15Z,2026-08-09,21,1,Disneyland Park,Star Wars Hyperspace Mountain Single Rider,7278,OPERATING,STANDBY,0,,,queue-times.com
2026-08-09T19:01:15Z,2026-08-09,21,1,Disneyland Park,Welcome to Starport: A Star Wars Encounter,4573,CLOSED,STANDBY,0,,,queue-times.com
2026-08-09T19:01:15Z,2026-08-09,21,1,Disneyland Park,"""it's a small world""",19,OPERATING,STANDBY,5,,,queue-times.com
2026-08-09T19:01:15Z,2026-08-09,21,1,Disneyland Park,Alice's Curious Labyrinth,14,OPERATING,STANDBY,0,,,queue-times.com
2026-08-09T19:01:15Z,2026-08-09,21,1,Disneyland Park,Blanche-Neige et les Sept Nains®,15,CLOSED,STANDBY,0,,,queue-times.com
2026-08-09T19:01:15Z,2026-08-09,21,1,Disneyland Park,Casey Jr. – le Petit Train du Cirque,17,OPERATING,STANDBY,0,,,queue-times.com
2026-08-09T19:01:15Z,2026-08-09,21,1,Disneyland Park,Disneyland Railroad Fantasyland Station,2711,CLOSED,STANDBY,0,,,queue-times.com
2026-08-09T19:01:15Z,2026-08-09,21,1,Disneyland Park,Disneyland Railroad Main Street Station,11,CLOSED,STANDBY,0,,,queue-times.com
2026-08-09T19:01:15Z,2026-08-09,21,1,Disneyland Park,Dumbo the Flying Elephant,18,OPERATING,STANDBY,0,,,queue-times.com
2026-08-09T19:01:15Z,2026-08-09,21,1,Disneyland Park,La Tanière du Dragon,2710,CLOSED,STANDBY,0,,,queue-times.com
2026-08-09T19:01:15Z,2026-08-09,21,1,Disneyland Park,Le Carrousel de Lancelot,16,OPERATING,STANDBY,0,,,queue-times.com
2026-08-09T19:01:15Z,2026-08-09,21,1,Disneyland Park,"Le Pays des Contes de Fées, presented by Vittel",21,OPERATING,STANDBY,0,,,queue-times.com
2026-08-09T19:01:15Z,2026-08-09,21,1,Disneyland Park,Les Voyages de Pinocchio,23,OPERATING,STANDBY,0,,,queue-times.com
2026-08-09T19:01:15Z,2026-08-09,21,1,Disneyland Park,Mad Hatter's Tea Cups,20,OPERATING,STANDBY,0,,,queue-times.com
2026-08-09T19:01:15Z,2026-08-09,21,1,Disneyland Park,Meet Mickey Mouse,13,CLOSED,STANDBY,0,,,queue-times.com
2026-08-09T19:01:15Z,2026-08-09,21,1,Disneyland Park,Peter Pan's Flight,22,OPERATING,STANDBY,45,,,queue-times.com
2026-08-09T19:01:15Z,2026-08-09,21,1,Disneyland Park,Princess Pavilion,24,CLOSED,STANDBY,0,,,queue-times.com
2026-08-09T19:01:15Z,2026-08-09,21,1,Disneyland Park,Big Thunder Mountain,25,CLOSED,STANDBY,0,,,queue-times.com
2026-08-09T19:01:15Z,2026-08-09,21,1,Disneyland Park,Disneyland Railroad Frontierland Depot,2714,CLOSED,STANDBY,0,,,queue-times.com
2026-08-09T19:01:15Z,2026-08-09,21,1,Disneyland Park,Frontierland Playground,2713,OPERATING,STANDBY,0,,,queue-times.com
2026-08-09T19:01:15Z,2026-08-09,21,1,Disneyland Park,Phantom Manor,26,OPERATING,STANDBY,5,,,queue-times.com
2026-08-09T19:01:15Z,2026-08-09,21,1,Disneyland Park,River Rogue Keelboats,27,CLOSED,STANDBY,0,,,queue-times.com
2026-08-09T19:01:15Z,2026-08-09,21,1,Disneyland Park,Rustler Roundup Shootin' Gallery,2712,OPERATING,STANDBY,0,,,queue-times.com
2026-08-09T19:01:15Z,2026-08-09,21,1,Disneyland Park,Thunder Mesa Riverboat Landing,28,CLOSED,STANDBY,0,,,queue-times.com
2026-08-09T19:01:15Z,2026-08-09,21,1,Disneyland Park,Disneyland Railroad Main Street Station,2708,CLOSED,STANDBY,0,,,queue-times.com
2026-08-09T19:01:15Z,2026-08-09,21,1,Disneyland Park,Main Street Vehicles,12,CLOSED,STANDBY,0,,,queue-times.com
2026-08-09T19:01:15Z,2026-08-09,21,1,Disney Adventure World,Avengers Assemble: Flight Force,10848,OPERATING,STANDBY,5,,,queue-times.com
2026-08-09T19:01:15Z,2026-08-09,21,1,Disney Adventure World,Avengers Assemble: Flight Force Single Rider,10849,OPERATING,STANDBY,5,,,queue-times.com
2026-08-09T19:01:15Z,2026-08-09,21,1,Disney Adventure World,Spider-Man W.E.B. Adventure,10845,OPERATING,STANDBY,25,,,queue-times.com
2026-08-09T19:01:15Z,2026-08-09,21,1,Disney Adventure World,Spider-Man W.E.B. Adventure Single Rider,10846,OPERATING,STANDBY,10,,,queue-times.com
2026-08-09T19:01:15Z,2026-08-09,21,1,Disney Adventure World,The Twilight Zone Tower of Terror,40,OPERATING,STANDBY,15,,,queue-times.com
2026-08-09T19:01:15Z,2026-08-09,21,1,Disney Adventure World,Cars Quatre Roues Rallye,31,OPERATING,STANDBY,5,,,queue-times.com
2026-08-09T19:01:15Z,2026-08-09,21,1,Disney Adventure World,Cars ROAD TRIP,29,CLOSED,STANDBY,0,,,queue-times.com
2026-08-09T19:01:15Z,2026-08-09,21,1,Disney Adventure World,Crush's Coaster,32,OPERATING,STANDBY,45,,,queue-times.com
2026-08-09T19:01:15Z,2026-08-09,21,1,Disney Adventure World,Crush's Coaster Single Rider,7277,OPERATING,STANDBY,35,,,queue-times.com
2026-08-09T19:01:15Z,2026-08-09,21,1,Disney Adventure World,Les Tapis Volants - Flying Carpets Over Agrabah®,33,OPERATING,STANDBY,10,,,queue-times.com
2026-08-09T19:01:15Z,2026-08-09,21,1,Disney Adventure World,Ratatouille : L’Aventure Totalement Toquée de Rémy​,37,OPERATING,STANDBY,35,,,queue-times.com
2026-08-09T19:01:15Z,2026-08-09,21,1,Disney Adventure World,Ratatouille: The Adventure Single Rider,7279,OPERATING,STANDBY,5,,,queue-times.com
2026-08-09T19:01:15Z,2026-08-09,21,1,Disney Adventure World,RC Racer,34,OPERATING,STANDBY,30,,,queue-times.com
2026-08-09T19:01:15Z,2026-08-09,21,1,Disney Adventure World,RC Racer Single Rider,7280,OPERATING,STANDBY,15,,,queue-times.com
2026-08-09T19:01:15Z,2026-08-09,21,1,Disney Adventure World,Slinky® Dog Zigzag Spin,36,OPERATING,STANDBY,5,,,queue-times.com
2026-08-09T19:01:15Z,2026-08-09,21,1,Disney Adventure World,Toy Soldiers Parachute Drop,35,OPERATING,STANDBY,30,,,queue-times.com
2026-08-09T19:01:15Z,2026-08-09,21,1,Disney Adventure World,Toy Soldiers Parachute Drop Single Rider,7281,OPERATING,STANDBY,15,,,queue-times.com
2026-08-09T19:01:15Z,2026-08-09,21,1,Disney Adventure World,Entry to World of Frozen,16247,OPERATING,STANDBY,0,,,queue-times.com
2026-08-09T19:01:15Z,2026-08-09,21,1,Disney Adventure World,Frozen Ever After,15413,OPERATING,STANDBY,15,,,queue-times.com
2026-08-09T19:01:15Z,2026-08-09,21,1,Disney Adventure World,Raiponce Tangled Spin,15415,OPERATING,STANDBY,5,,,queue-times.com
2026-08-09T19:06:56Z,2026-08-09,21,6,Disneyland Park,Adventure Isle,2702,OPERATING,STANDBY,0,,,queue-times.com
2026-08-09T19:06:56Z,2026-08-09,21,6,Disneyland Park,Indiana Jones and the Temple of Peril Single Rider,7306,OPERATING,STANDBY,5,,,queue-times.com
2026-08-09T19:06:56Z,2026-08-09,21,6,Disneyland Park,Indiana Jones™ and the Temple of Peril,2,OPERATING,STANDBY,5,,,queue-times.com
2026-08-09T19:06:56Z,2026-08-09,21,6,Disneyland Park,La Cabane des Robinson,1,OPERATING,STANDBY,5,,,queue-times.com
2026-08-09T19:06:56Z,2026-08-09,21,6,Disneyland Park,Le Passage Enchanté d'Aladdin,2703,OPERATING,STANDBY,0,,,queue-times.com
2026-08-09T19:06:56Z,2026-08-09,21,6,Disneyland Park,Pirate Galleon,2705,CLOSED,STANDBY,0,,,queue-times.com
2026-08-09T19:06:56Z,2026-08-09,21,6,Disneyland Park,Pirates of the Caribbean,3,OPERATING,STANDBY,5,,,queue-times.com
2026-08-09T19:06:56Z,2026-08-09,21,6,Disneyland Park,Pirates' Beach,2704,OPERATING,STANDBY,0,,,queue-times.com
2026-08-09T19:06:56Z,2026-08-09,21,6,Disneyland Park,"Autopia, presented by Avis",4,OPERATING,STANDBY,70,,,queue-times.com
2026-08-09T19:06:56Z,2026-08-09,21,6,Disneyland Park,Buzz Lightyear Laser Blast,5,OPERATING,STANDBY,35,,,queue-times.com
2026-08-09T19:06:56Z,2026-08-09,21,6,Disneyland Park,Disneyland Railroad Discoveryland Station,2706,CLOSED,STANDBY,0,,,queue-times.com
2026-08-09T19:06:56Z,2026-08-09,21,6,Disneyland Park,Les Mystères du Nautilus,6,OPERATING,STANDBY,5,,,queue-times.com
2026-08-09T19:06:56Z,2026-08-09,21,6,Disneyland Park,Mickey’s PhilharMagic,2707,CLOSED,STANDBY,0,,,queue-times.com
2026-08-09T19:06:56Z,2026-08-09,21,6,Disneyland Park,Orbitron®,7,OPERATING,STANDBY,40,,,queue-times.com
2026-08-09T19:06:56Z,2026-08-09,21,6,Disneyland Park,Star Tours: The Adventures Continue*,9,OPERATING,STANDBY,5,,,queue-times.com
2026-08-09T19:06:56Z,2026-08-09,21,6,Disneyland Park,Star Wars Hyperspace Mountain,8,OPERATING,STANDBY,25,,,queue-times.com
2026-08-09T19:06:56Z,2026-08-09,21,6,Disneyland Park,Star Wars Hyperspace Mountain Single Rider,7278,OPERATING,STANDBY,0,,,queue-times.com
2026-08-09T19:06:56Z,2026-08-09,21,6,Disneyland Park,Welcome to Starport: A Star Wars Encounter,4573,CLOSED,STANDBY,0,,,queue-times.com
2026-08-09T19:06:56Z,2026-08-09,21,6,Disneyland Park,"""it's a small world""",19,OPERATING,STANDBY,5,,,queue-times.com
2026-08-09T19:06:56Z,2026-08-09,21,6,Disneyland Park,Alice's Curious Labyrinth,14,CLOSED,STANDBY,0,,,queue-times.com
2026-08-09T19:06:56Z,2026-08-09,21,6,Disneyland Park,Blanche-Neige et les Sept Nains®,15,CLOSED,STANDBY,0,,,queue-times.com
2026-08-09T19:06:56Z,2026-08-09,21,6,Disneyland Park,Casey Jr. – le Petit Train du Cirque,17,CLOSED,STANDBY,0,,,queue-times.com
2026-08-09T19:06:56Z,2026-08-09,21,6,Disneyland Park,Disneyland Railroad Fantasyland Station,2711,CLOSED,STANDBY,0,,,queue-times.com
2026-08-09T19:06:56Z,2026-08-09,21,6,Disneyland Park,Disneyland Railroad Main Street Station,11,CLOSED,STANDBY,0,,,queue-times.com
2026-08-09T19:06:56Z,2026-08-09,21,6,Disneyland Park,Dumbo the Flying Elephant,18,CLOSED,STANDBY,0,,,queue-times.com
2026-08-09T19:06:56Z,2026-08-09,21,6,Disneyland Park,La Tanière du Dragon,2710,CLOSED,STANDBY,0,,,queue-times.com
2026-08-09T19:06:56Z,2026-08-09,21,6,Disneyland Park,Le Carrousel de Lancelot,16,CLOSED,STANDBY,0,,,queue-times.com
2026-08-09T19:06:56Z,2026-08-09,21,6,Disneyland Park,"Le Pays des Contes de Fées, presented by Vittel",21,CLOSED,STANDBY,0,,,queue-times.com
2026-08-09T19:06:56Z,2026-08-09,21,6,Disneyland Park,Les Voyages de Pinocchio,23,CLOSED,STANDBY,0,,,queue-times.com
2026-08-09T19:06:56Z,2026-08-09,21,6,Disneyland Park,Mad Hatter's Tea Cups,20,CLOSED,STANDBY,0,,,queue-times.com
2026-08-09T19:06:56Z,2026-08-09,21,6,Disneyland Park,Meet Mickey Mouse,13,CLOSED,STANDBY,0,,,queue-times.com
2026-08-09T19:06:56Z,2026-08-09,21,6,Disneyland Park,Peter Pan's Flight,22,OPERATING,STANDBY,45,,,queue-times.com
2026-08-09T19:06:56Z,2026-08-09,21,6,Disneyland Park,Princess Pavilion,24,CLOSED,STANDBY,0,,,queue-times.com
2026-08-09T19:06:56Z,2026-08-09,21,6,Disneyland Park,Big Thunder Mountain,25,CLOSED,STANDBY,0,,,queue-times.com
2026-08-09T19:06:56Z,2026-08-09,21,6,Disneyland Park,Disneyland Railroad Frontierland Depot,2714,CLOSED,STANDBY,0,,,queue-times.com
2026-08-09T19:06:56Z,2026-08-09,21,6,Disneyland Park,Frontierland Playground,2713,CLOSED,STANDBY,0,,,queue-times.com
2026-08-09T19:06:56Z,2026-08-09,21,6,Disneyland Park,Phantom Manor,26,OPERATING,STANDBY,5,,,queue-times.com
2026-08-09T19:06:56Z,2026-08-09,21,6,Disneyland Park,River Rogue Keelboats,27,CLOSED,STANDBY,0,,,queue-times.com
2026-08-09T19:06:56Z,2026-08-09,21,6,Disneyland Park,Rustler Roundup Shootin' Gallery,2712,CLOSED,STANDBY,0,,,queue-times.com
2026-08-09T19:06:56Z,2026-08-09,21,6,Disneyland Park,Thunder Mesa Riverboat Landing,28,CLOSED,STANDBY,0,,,queue-times.com
2026-08-09T19:06:56Z,2026-08-09,21,6,Disneyland Park,Disneyland Railroad Main Street Station,2708,CLOSED,STANDBY,0,,,queue-times.com
2026-08-09T19:06:56Z,2026-08-09,21,6,Disneyland Park,Main Street Vehicles,12,CLOSED,STANDBY,0,,,queue-times.com
2026-08-09T19:06:56Z,2026-08-09,21,6,Disney Adventure World,Avengers Assemble: Flight Force,10848,OPERATING,STANDBY,5,,,queue-times.com
2026-08-09T19:06:56Z,2026-08-09,21,6,Disney Adventure World,Avengers Assemble: Flight Force Single Rider,10849,OPERATING,STANDBY,5,,,queue-times.com
2026-08-09T19:06:56Z,2026-08-09,21,6,Disney Adventure World,Spider-Man W.E.B. Adventure,10845,OPERATING,STANDBY,35,,,queue-times.com
2026-08-09T19:06:56Z,2026-08-09,21,6,Disney Adventure World,Spider-Man W.E.B. Adventure Single Rider,10846,OPERATING,STANDBY,5,,,queue-times.com
2026-08-09T19:06:56Z,2026-08-09,21,6,Disney Adventure World,The Twilight Zone Tower of Terror,40,OPERATING,STANDBY,15,,,queue-times.com
2026-08-09T19:06:56Z,2026-08-09,21,6,Disney Adventure World,Cars Quatre Roues Rallye,31,OPERATING,STANDBY,5,,,queue-times.com
2026-08-09T19:06:56Z,2026-08-09,21,6,Disney Adventure World,Cars ROAD TRIP,29,CLOSED,STANDBY,0,,,queue-times.com
2026-08-09T19:06:56Z,2026-08-09,21,6,Disney Adventure World,Crush's Coaster,32,OPERATING,STANDBY,35,,,queue-times.com
2026-08-09T19:06:56Z,2026-08-09,21,6,Disney Adventure World,Crush's Coaster Single Rider,7277,OPERATING,STANDBY,30,,,queue-times.com
2026-08-09T19:06:56Z,2026-08-09,21,6,Disney Adventure World,Les Tapis Volants - Flying Carpets Over Agrabah®,33,OPERATING,STANDBY,10,,,queue-times.com
2026-08-09T19:06:56Z,2026-08-09,21,6,Disney Adventure World,Ratatouille : L’Aventure Totalement Toquée de Rémy​,37,OPERATING,STANDBY,35,,,queue-times.com
2026-08-09T19:06:56Z,2026-08-09,21,6,Disney Adventure World,Ratatouille: The Adventure Single Rider,7279,OPERATING,STANDBY,5,,,queue-times.com
2026-08-09T19:06:56Z,2026-08-09,21,6,Disney Adventure World,RC Racer,34,OPERATING,STANDBY,30,,,queue-times.com
2026-08-09T19:06:56Z,2026-08-09,21,6,Disney Adventure World,RC Racer Single Rider,7280,OPERATING,STANDBY,15,,,queue-times.com
2026-08-09T19:06:56Z,2026-08-09,21,6,Disney Adventure World,Slinky® Dog Zigzag Spin,36,OPERATING,STANDBY,5,,,queue-times.com
2026-08-09T19:06:56Z,2026-08-09,21,6,Disney Adventure World,Toy Soldiers Parachute Drop,35,OPERATING,STANDBY,30,,,queue-times.com
2026-08-09T19:06:56Z,2026-08-09,21,6,Disney Adventure World,Toy Soldiers Parachute Drop Single Rider,7281,OPERATING,STANDBY,15,,,queue-times.com
2026-08-09T19:06:56Z,2026-08-09,21,6,Disney Adventure World,Entry to World of Frozen,16247,OPERATING,STANDBY,0,,,queue-times.com
2026-08-09T19:06:56Z,2026-08-09,21,6,Disney Adventure World,Frozen Ever After,15413,OPERATING,STANDBY,35,,,queue-times.com
2026-08-09T19:06:56Z,2026-08-09,21,6,Disney Adventure World,Raiponce Tangled Spin,15415,OPERATING,STANDBY,5,,,queue-times.com
2026-08-09T19:15:48Z,2026-08-09,21,15,Disneyland Park,Adventure Isle,2702,OPERATING,STANDBY,0,,,queue-times.com
2026-08-09T19:15:48Z,2026-08-09,21,15,Disneyland Park,Indiana Jones and the Temple of Peril Single Rider,7306,OPERATING,STANDBY,5,,,queue-times.com
2026-08-09T19:15:48Z,2026-08-09,21,15,Disneyland Park,Indiana Jones™ and the Temple of Peril,2,OPERATING,STANDBY,5,,,queue-times.com
2026-08-09T19:15:48Z,2026-08-09,21,15,Disneyland Park,La Cabane des Robinson,1,OPERATING,STANDBY,5,,,queue-times.com
2026-08-09T19:15:48Z,2026-08-09,21,15,Disneyland Park,Le Passage Enchanté d'Aladdin,2703,OPERATING,STANDBY,0,,,queue-times.com
2026-08-09T19:15:48Z,2026-08-09,21,15,Disneyland Park,Pirate Galleon,2705,CLOSED,STANDBY,0,,,queue-times.com
2026-08-09T19:15:48Z,2026-08-09,21,15,Disneyland Park,Pirates of the Caribbean,3,OPERATING,STANDBY,5,,,queue-times.com
2026-08-09T19:15:48Z,2026-08-09,21,15,Disneyland Park,Pirates' Beach,2704,OPERATING,STANDBY,0,,,queue-times.com
2026-08-09T19:15:48Z,2026-08-09,21,15,Disneyland Park,"Autopia, presented by Avis",4,OPERATING,STANDBY,70,,,queue-times.com
2026-08-09T19:15:48Z,2026-08-09,21,15,Disneyland Park,Buzz Lightyear Laser Blast,5,OPERATING,STANDBY,35,,,queue-times.com
2026-08-09T19:15:48Z,2026-08-09,21,15,Disneyland Park,Disneyland Railroad Discoveryland Station,2706,CLOSED,STANDBY,0,,,queue-times.com
2026-08-09T19:15:48Z,2026-08-09,21,15,Disneyland Park,Les Mystères du Nautilus,6,OPERATING,STANDBY,5,,,queue-times.com
2026-08-09T19:15:48Z,2026-08-09,21,15,Disneyland Park,Mickey’s PhilharMagic,2707,CLOSED,STANDBY,0,,,queue-times.com
2026-08-09T19:15:48Z,2026-08-09,21,15,Disneyland Park,Orbitron®,7,OPERATING,STANDBY,35,,,queue-times.com
2026-08-09T19:15:48Z,2026-08-09,21,15,Disneyland Park,Star Tours: The Adventures Continue*,9,OPERATING,STANDBY,5,,,queue-times.com
2026-08-09T19:15:48Z,2026-08-09,21,15,Disneyland Park,Star Wars Hyperspace Mountain,8,OPERATING,STANDBY,25,,,queue-times.com
2026-08-09T19:15:48Z,2026-08-09,21,15,Disneyland Park,Star Wars Hyperspace Mountain Single Rider,7278,OPERATING,STANDBY,0,,,queue-times.com
2026-08-09T19:15:48Z,2026-08-09,21,15,Disneyland Park,Welcome to Starport: A Star Wars Encounter,4573,CLOSED,STANDBY,0,,,queue-times.com
2026-08-09T19:15:48Z,2026-08-09,21,15,Disneyland Park,"""it's a small world""",19,OPERATING,STANDBY,5,,,queue-times.com
2026-08-09T19:15:48Z,2026-08-09,21,15,Disneyland Park,Alice's Curious Labyrinth,14,CLOSED,STANDBY,0,,,queue-times.com
2026-08-09T19:15:48Z,2026-08-09,21,15,Disneyland Park,Blanche-Neige et les Sept Nains®,15,CLOSED,STANDBY,0,,,queue-times.com
2026-08-09T19:15:48Z,2026-08-09,21,15,Disneyland Park,Casey Jr. – le Petit Train du Cirque,17,CLOSED,STANDBY,0,,,queue-times.com
2026-08-09T19:15:48Z,2026-08-09,21,15,Disneyland Park,Disneyland Railroad Fantasyland Station,2711,CLOSED,STANDBY,0,,,queue-times.com
2026-08-09T19:15:48Z,2026-08-09,21,15,Disneyland Park,Disneyland Railroad Main Street Station,11,CLOSED,STANDBY,0,,,queue-times.com
2026-08-09T19:15:48Z,2026-08-09,21,15,Disneyland Park,Dumbo the Flying Elephant,18,CLOSED,STANDBY,0,,,queue-times.com
2026-08-09T19:15:48Z,2026-08-09,21,15,Disneyland Park,La Tanière du Dragon,2710,CLOSED,STANDBY,0,,,queue-times.com
2026-08-09T19:15:48Z,2026-08-09,21,15,Disneyland Park,Le Carrousel de Lancelot,16,CLOSED,STANDBY,0,,,queue-times.com
2026-08-09T19:15:48Z,2026-08-09,21,15,Disneyland Park,"Le Pays des Contes de Fées, presented by Vittel",21,CLOSED,STANDBY,0,,,queue-times.com
2026-08-09T19:15:48Z,2026-08-09,21,15,Disneyland Park,Les Voyages de Pinocchio,23,CLOSED,STANDBY,0,,,queue-times.com
2026-08-09T19:15:48Z,2026-08-09,21,15,Disneyland Park,Mad Hatter's Tea Cups,20,CLOSED,STANDBY,0,,,queue-times.com
2026-08-09T19:15:48Z,2026-08-09,21,15,Disneyland Park,Meet Mickey Mouse,13,CLOSED,STANDBY,0,,,queue-times.com
2026-08-09T19:15:48Z,2026-08-09,21,15,Disneyland Park,Peter Pan's Flight,22,OPERATING,STANDBY,35,,,queue-times.com
2026-08-09T19:15:48Z,2026-08-09,21,15,Disneyland Park,Princess Pavilion,24,CLOSED,STANDBY,0,,,queue-times.com
2026-08-09T19:15:48Z,2026-08-09,21,15,Disneyland Park,Big Thunder Mountain,25,CLOSED,STANDBY,0,,,queue-times.com
2026-08-09T19:15:48Z,2026-08-09,21,15,Disneyland Park,Disneyland Railroad Frontierland Depot,2714,CLOSED,STANDBY,0,,,queue-times.com
2026-08-09T19:15:48Z,2026-08-09,21,15,Disneyland Park,Frontierland Playground,2713,CLOSED,STANDBY,0,,,queue-times.com
2026-08-09T19:15:48Z,2026-08-09,21,15,Disneyland Park,Phantom Manor,26,OPERATING,STANDBY,5,,,queue-times.com
2026-08-09T19:15:48Z,2026-08-09,21,15,Disneyland Park,River Rogue Keelboats,27,CLOSED,STANDBY,0,,,queue-times.com
2026-08-09T19:15:48Z,2026-08-09,21,15,Disneyland Park,Rustler Roundup Shootin' Gallery,2712,CLOSED,STANDBY,0,,,queue-times.com
2026-08-09T19:15:48Z,2026-08-09,21,15,Disneyland Park,Thunder Mesa Riverboat Landing,28,CLOSED,STANDBY,0,,,queue-times.com
2026-08-09T19:15:48Z,2026-08-09,21,15,Disneyland Park,Disneyland Railroad Main Street Station,2708,CLOSED,STANDBY,0,,,queue-times.com
2026-08-09T19:15:48Z,2026-08-09,21,15,Disneyland Park,Main Street Vehicles,12,CLOSED,STANDBY,0,,,queue-times.com
2026-08-09T19:15:48Z,2026-08-09,21,15,Disney Adventure World,Avengers Assemble: Flight Force,10848,OPERATING,STANDBY,5,,,queue-times.com
2026-08-09T19:15:48Z,2026-08-09,21,15,Disney Adventure World,Avengers Assemble: Flight Force Single Rider,10849,OPERATING,STANDBY,5,,,queue-times.com
2026-08-09T19:15:48Z,2026-08-09,21,15,Disney Adventure World,Spider-Man W.E.B. Adventure,10845,OPERATING,STANDBY,35,,,queue-times.com
2026-08-09T19:15:48Z,2026-08-09,21,15,Disney Adventure World,Spider-Man W.E.B. Adventure Single Rider,10846,OPERATING,STANDBY,5,,,queue-times.com
2026-08-09T19:15:48Z,2026-08-09,21,15,Disney Adventure World,The Twilight Zone Tower of Terror,40,OPERATING,STANDBY,15,,,queue-times.com
2026-08-09T19:15:48Z,2026-08-09,21,15,Disney Adventure World,Cars Quatre Roues Rallye,31,OPERATING,STANDBY,5,,,queue-times.com
2026-08-09T19:15:48Z,2026-08-09,21,15,Disney Adventure World,Cars ROAD TRIP,29,CLOSED,STANDBY,0,,,queue-times.com
2026-08-09T19:15:48Z,2026-08-09,21,15,Disney Adventure World,Crush's Coaster,32,OPERATING,STANDBY,50,,,queue-times.com
2026-08-09T19:15:48Z,2026-08-09,21,15,Disney Adventure World,Crush's Coaster Single Rider,7277,OPERATING,STANDBY,25,,,queue-times.com
2026-08-09T19:15:48Z,2026-08-09,21,15,Disney Adventure World,Les Tapis Volants - Flying Carpets Over Agrabah®,33,OPERATING,STANDBY,5,,,queue-times.com
2026-08-09T19:15:48Z,2026-08-09,21,15,Disney Adventure World,Ratatouille : L’Aventure Totalement Toquée de Rémy​,37,OPERATING,STANDBY,25,,,queue-times.com
2026-08-09T19:15:48Z,2026-08-09,21,15,Disney Adventure World,Ratatouille: The Adventure Single Rider,7279,OPERATING,STANDBY,5,,,queue-times.com
2026-08-09T19:15:48Z,2026-08-09,21,15,Disney Adventure World,RC Racer,34,OPERATING,STANDBY,25,,,queue-times.com
2026-08-09T19:15:48Z,2026-08-09,21,15,Disney Adventure World,RC Racer Single Rider,7280,OPERATING,STANDBY,20,,,queue-times.com
2026-08-09T19:15:48Z,2026-08-09,21,15,Disney Adventure World,Slinky® Dog Zigzag Spin,36,OPERATING,STANDBY,5,,,queue-times.com
2026-08-09T19:15:48Z,2026-08-09,21,15,Disney Adventure World,Toy Soldiers Parachute Drop,35,OPERATING,STANDBY,30,,,queue-times.com
2026-08-09T19:15:48Z,2026-08-09,21,15,Disney Adventure World,Toy Soldiers Parachute Drop Single Rider,7281,OPERATING,STANDBY,15,,,queue-times.com
2026-08-09T19:15:48Z,2026-08-09,21,15,Disney Adventure World,Entry to World of Frozen,16247,OPERATING,STANDBY,0,,,queue-times.com
2026-08-09T19:15:48Z,2026-08-09,21,15,Disney Adventure World,Frozen Ever After,15413,OPERATING,STANDBY,35,,,queue-times.com
2026-08-09T19:15:48Z,2026-08-09,21,15,Disney Adventure World,Raiponce Tangled Spin,15415,OPERATING,STANDBY,5,,,queue-times.com
2026-08-09T19:31:11Z,2026-08-09,21,31,Disneyland Park,Adventure Isle,2702,OPERATING,STANDBY,0,,,queue-times.com
2026-08-09T19:31:11Z,2026-08-09,21,31,Disneyland Park,Indiana Jones and the Temple of Peril Single Rider,7306,OPERATING,STANDBY,5,,,queue-times.com
2026-08-09T19:31:11Z,2026-08-09,21,31,Disneyland Park,Indiana Jones™ and the Temple of Peril,2,OPERATING,STANDBY,5,,,queue-times.com
2026-08-09T19:31:11Z,2026-08-09,21,31,Disneyland Park,La Cabane des Robinson,1,OPERATING,STANDBY,5,,,queue-times.com
2026-08-09T19:31:11Z,2026-08-09,21,31,Disneyland Park,Le Passage Enchanté d'Aladdin,2703,OPERATING,STANDBY,0,,,queue-times.com
2026-08-09T19:31:11Z,2026-08-09,21,31,Disneyland Park,Pirate Galleon,2705,CLOSED,STANDBY,0,,,queue-times.com
2026-08-09T19:31:11Z,2026-08-09,21,31,Disneyland Park,Pirates of the Caribbean,3,OPERATING,STANDBY,15,,,queue-times.com
2026-08-09T19:31:11Z,2026-08-09,21,31,Disneyland Park,Pirates' Beach,2704,OPERATING,STANDBY,0,,,queue-times.com
2026-08-09T19:31:11Z,2026-08-09,21,31,Disneyland Park,"Autopia, presented by Avis",4,OPERATING,STANDBY,55,,,queue-times.com
2026-08-09T19:31:11Z,2026-08-09,21,31,Disneyland Park,Buzz Lightyear Laser Blast,5,OPERATING,STANDBY,15,,,queue-times.com
2026-08-09T19:31:11Z,2026-08-09,21,31,Disneyland Park,Disneyland Railroad Discoveryland Station,2706,CLOSED,STANDBY,0,,,queue-times.com
2026-08-09T19:31:11Z,2026-08-09,21,31,Disneyland Park,Les Mystères du Nautilus,6,OPERATING,STANDBY,5,,,queue-times.com
2026-08-09T19:31:11Z,2026-08-09,21,31,Disneyland Park,Mickey’s PhilharMagic,2707,CLOSED,STANDBY,0,,,queue-times.com
2026-08-09T19:31:11Z,2026-08-09,21,31,Disneyland Park,Orbitron®,7,OPERATING,STANDBY,40,,,queue-times.com
2026-08-09T19:31:11Z,2026-08-09,21,31,Disneyland Park,Star Tours: The Adventures Continue*,9,OPERATING,STANDBY,5,,,queue-times.com
2026-08-09T19:31:11Z,2026-08-09,21,31,Disneyland Park,Star Wars Hyperspace Mountain,8,OPERATING,STANDBY,15,,,queue-times.com
2026-08-09T19:31:11Z,2026-08-09,21,31,Disneyland Park,Star Wars Hyperspace Mountain Single Rider,7278,OPERATING,STANDBY,0,,,queue-times.com
2026-08-09T19:31:11Z,2026-08-09,21,31,Disneyland Park,Welcome to Starport: A Star Wars Encounter,4573,CLOSED,STANDBY,0,,,queue-times.com
2026-08-09T19:31:11Z,2026-08-09,21,31,Disneyland Park,"""it's a small world""",19,OPERATING,STANDBY,5,,,queue-times.com
2026-08-09T19:31:11Z,2026-08-09,21,31,Disneyland Park,Alice's Curious Labyrinth,14,CLOSED,STANDBY,0,,,queue-times.com
2026-08-09T19:31:11Z,2026-08-09,21,31,Disneyland Park,Blanche-Neige et les Sept Nains®,15,CLOSED,STANDBY,0,,,queue-times.com
2026-08-09T19:31:11Z,2026-08-09,21,31,Disneyland Park,Casey Jr. – le Petit Train du Cirque,17,CLOSED,STANDBY,0,,,queue-times.com
2026-08-09T19:31:11Z,2026-08-09,21,31,Disneyland Park,Disneyland Railroad Fantasyland Station,2711,CLOSED,STANDBY,0,,,queue-times.com
2026-08-09T19:31:11Z,2026-08-09,21,31,Disneyland Park,Disneyland Railroad Main Street Station,11,CLOSED,STANDBY,0,,,queue-times.com
2026-08-09T19:31:11Z,2026-08-09,21,31,Disneyland Park,Dumbo the Flying Elephant,18,CLOSED,STANDBY,0,,,queue-times.com
2026-08-09T19:31:11Z,2026-08-09,21,31,Disneyland Park,La Tanière du Dragon,2710,CLOSED,STANDBY,0,,,queue-times.com
2026-08-09T19:31:11Z,2026-08-09,21,31,Disneyland Park,Le Carrousel de Lancelot,16,CLOSED,STANDBY,0,,,queue-times.com
2026-08-09T19:31:11Z,2026-08-09,21,31,Disneyland Park,"Le Pays des Contes de Fées, presented by Vittel",21,CLOSED,STANDBY,0,,,queue-times.com
2026-08-09T19:31:11Z,2026-08-09,21,31,Disneyland Park,Les Voyages de Pinocchio,23,CLOSED,STANDBY,0,,,queue-times.com
2026-08-09T19:31:11Z,2026-08-09,21,31,Disneyland Park,Mad Hatter's Tea Cups,20,CLOSED,STANDBY,0,,,queue-times.com
2026-08-09T19:31:11Z,2026-08-09,21,31,Disneyland Park,Meet Mickey Mouse,13,CLOSED,STANDBY,0,,,queue-times.com
2026-08-09T19:31:11Z,2026-08-09,21,31,Disneyland Park,Peter Pan's Flight,22,OPERATING,STANDBY,20,,,queue-times.com
2026-08-09T19:31:11Z,2026-08-09,21,31,Disneyland Park,Princess Pavilion,24,CLOSED,STANDBY,0,,,queue-times.com
2026-08-09T19:31:11Z,2026-08-09,21,31,Disneyland Park,Big Thunder Mountain,25,OPERATING,STANDBY,5,,,queue-times.com
2026-08-09T19:31:11Z,2026-08-09,21,31,Disneyland Park,Disneyland Railroad Frontierland Depot,2714,CLOSED,STANDBY,0,,,queue-times.com
2026-08-09T19:31:11Z,2026-08-09,21,31,Disneyland Park,Frontierland Playground,2713,CLOSED,STANDBY,0,,,queue-times.com
2026-08-09T19:31:11Z,2026-08-09,21,31,Disneyland Park,Phantom Manor,26,OPERATING,STANDBY,5,,,queue-times.com
2026-08-09T19:31:11Z,2026-08-09,21,31,Disneyland Park,River Rogue Keelboats,27,CLOSED,STANDBY,0,,,queue-times.com
2026-08-09T19:31:11Z,2026-08-09,21,31,Disneyland Park,Rustler Roundup Shootin' Gallery,2712,CLOSED,STANDBY,0,,,queue-times.com
2026-08-09T19:31:11Z,2026-08-09,21,31,Disneyland Park,Thunder Mesa Riverboat Landing,28,CLOSED,STANDBY,0,,,queue-times.com
2026-08-09T19:31:11Z,2026-08-09,21,31,Disneyland Park,Disneyland Railroad Main Street Station,2708,CLOSED,STANDBY,0,,,queue-times.com
2026-08-09T19:31:11Z,2026-08-09,21,31,Disneyland Park,Main Street Vehicles,12,CLOSED,STANDBY,0,,,queue-times.com
2026-08-09T19:31:11Z,2026-08-09,21,31,Disney Adventure World,Avengers Assemble: Flight Force,10848,OPERATING,STANDBY,25,,,queue-times.com
2026-08-09T19:31:11Z,2026-08-09,21,31,Disney Adventure World,Avengers Assemble: Flight Force Single Rider,10849,OPERATING,STANDBY,20,,,queue-times.com
2026-08-09T19:31:11Z,2026-08-09,21,31,Disney Adventure World,Spider-Man W.E.B. Adventure,10845,OPERATING,STANDBY,20,,,queue-times.com
2026-08-09T19:31:11Z,2026-08-09,21,31,Disney Adventure World,Spider-Man W.E.B. Adventure Single Rider,10846,OPERATING,STANDBY,5,,,queue-times.com
2026-08-09T19:31:11Z,2026-08-09,21,31,Disney Adventure World,The Twilight Zone Tower of Terror,40,OPERATING,STANDBY,5,,,queue-times.com
2026-08-09T19:31:11Z,2026-08-09,21,31,Disney Adventure World,Cars Quatre Roues Rallye,31,OPERATING,STANDBY,5,,,queue-times.com
2026-08-09T19:31:11Z,2026-08-09,21,31,Disney Adventure World,Cars ROAD TRIP,29,CLOSED,STANDBY,0,,,queue-times.com
2026-08-09T19:31:11Z,2026-08-09,21,31,Disney Adventure World,Crush's Coaster,32,OPERATING,STANDBY,50,,,queue-times.com
2026-08-09T19:31:11Z,2026-08-09,21,31,Disney Adventure World,Crush's Coaster Single Rider,7277,OPERATING,STANDBY,35,,,queue-times.com
2026-08-09T19:31:11Z,2026-08-09,21,31,Disney Adventure World,Les Tapis Volants - Flying Carpets Over Agrabah®,33,OPERATING,STANDBY,5,,,queue-times.com
2026-08-09T19:31:11Z,2026-08-09,21,31,Disney Adventure World,Ratatouille : L’Aventure Totalement Toquée de Rémy​,37,OPERATING,STANDBY,15,,,queue-times.com
2026-08-09T19:31:11Z,2026-08-09,21,31,Disney Adventure World,Ratatouille: The Adventure Single Rider,7279,OPERATING,STANDBY,5,,,queue-times.com
2026-08-09T19:31:11Z,2026-08-09,21,31,Disney Adventure World,RC Racer,34,OPERATING,STANDBY,25,,,queue-times.com
2026-08-09T19:31:11Z,2026-08-09,21,31,Disney Adventure World,RC Racer Single Rider,7280,OPERATING,STANDBY,20,,,queue-times.com
2026-08-09T19:31:11Z,2026-08-09,21,31,Disney Adventure World,Slinky® Dog Zigzag Spin,36,OPERATING,STANDBY,5,,,queue-times.com
2026-08-09T19:31:11Z,2026-08-09,21,31,Disney Adventure World,Toy Soldiers Parachute Drop,35,OPERATING,STANDBY,20,,,queue-times.com
2026-08-09T19:31:11Z,2026-08-09,21,31,Disney Adventure World,Toy Soldiers Parachute Drop Single Rider,7281,OPERATING,STANDBY,10,,,queue-times.com
2026-08-09T19:31:11Z,2026-08-09,21,31,Disney Adventure World,Entry to World of Frozen,16247,OPERATING,STANDBY,0,,,queue-times.com
2026-08-09T19:31:11Z,2026-08-09,21,31,Disney Adventure World,Frozen Ever After,15413,OPERATING,STANDBY,30,,,queue-times.com
2026-08-09T19:31:11Z,2026-08-09,21,31,Disney Adventure World,Raiponce Tangled Spin,15415,OPERATING,STANDBY,5,,,queue-times.com
2026-08-09T19:45:51Z,2026-08-09,21,45,Disneyland Park,Adventure Isle,2702,OPERATING,STANDBY,0,,,queue-times.com
2026-08-09T19:45:51Z,2026-08-09,21,45,Disneyland Park,Indiana Jones and the Temple of Peril Single Rider,7306,OPERATING,STANDBY,0,,,queue-times.com
2026-08-09T19:45:51Z,2026-08-09,21,45,Disneyland Park,Indiana Jones™ and the Temple of Peril,2,OPERATING,STANDBY,5,,,queue-times.com
2026-08-09T19:45:51Z,2026-08-09,21,45,Disneyland Park,La Cabane des Robinson,1,OPERATING,STANDBY,5,,,queue-times.com
2026-08-09T19:45:51Z,2026-08-09,21,45,Disneyland Park,Le Passage Enchanté d'Aladdin,2703,OPERATING,STANDBY,0,,,queue-times.com
2026-08-09T19:45:51Z,2026-08-09,21,45,Disneyland Park,Pirate Galleon,2705,CLOSED,STANDBY,0,,,queue-times.com
2026-08-09T19:45:51Z,2026-08-09,21,45,Disneyland Park,Pirates of the Caribbean,3,OPERATING,STANDBY,5,,,queue-times.com
2026-08-09T19:45:51Z,2026-08-09,21,45,Disneyland Park,Pirates' Beach,2704,OPERATING,STANDBY,0,,,queue-times.com
2026-08-09T19:45:51Z,2026-08-09,21,45,Disneyland Park,"Autopia, presented by Avis",4,OPERATING,STANDBY,25,,,queue-times.com
2026-08-09T19:45:51Z,2026-08-09,21,45,Disneyland Park,Buzz Lightyear Laser Blast,5,OPERATING,STANDBY,15,,,queue-times.com
2026-08-09T19:45:51Z,2026-08-09,21,45,Disneyland Park,Disneyland Railroad Discoveryland Station,2706,CLOSED,STANDBY,0,,,queue-times.com
2026-08-09T19:45:51Z,2026-08-09,21,45,Disneyland Park,Les Mystères du Nautilus,6,OPERATING,STANDBY,5,,,queue-times.com
2026-08-09T19:45:51Z,2026-08-09,21,45,Disneyland Park,Mickey’s PhilharMagic,2707,CLOSED,STANDBY,0,,,queue-times.com
2026-08-09T19:45:51Z,2026-08-09,21,45,Disneyland Park,Orbitron®,7,OPERATING,STANDBY,30,,,queue-times.com
2026-08-09T19:45:51Z,2026-08-09,21,45,Disneyland Park,Star Tours: The Adventures Continue*,9,OPERATING,STANDBY,5,,,queue-times.com
2026-08-09T19:45:51Z,2026-08-09,21,45,Disneyland Park,Star Wars Hyperspace Mountain,8,OPERATING,STANDBY,5,,,queue-times.com
2026-08-09T19:45:51Z,2026-08-09,21,45,Disneyland Park,Star Wars Hyperspace Mountain Single Rider,7278,OPERATING,STANDBY,0,,,queue-times.com
2026-08-09T19:45:51Z,2026-08-09,21,45,Disneyland Park,Welcome to Starport: A Star Wars Encounter,4573,CLOSED,STANDBY,0,,,queue-times.com
2026-08-09T19:45:51Z,2026-08-09,21,45,Disneyland Park,"""it's a small world""",19,OPERATING,STANDBY,5,,,queue-times.com
2026-08-09T19:45:51Z,2026-08-09,21,45,Disneyland Park,Alice's Curious Labyrinth,14,CLOSED,STANDBY,0,,,queue-times.com
2026-08-09T19:45:51Z,2026-08-09,21,45,Disneyland Park,Blanche-Neige et les Sept Nains®,15,CLOSED,STANDBY,0,,,queue-times.com
2026-08-09T19:45:51Z,2026-08-09,21,45,Disneyland Park,Casey Jr. – le Petit Train du Cirque,17,CLOSED,STANDBY,0,,,queue-times.com
2026-08-09T19:45:51Z,2026-08-09,21,45,Disneyland Park,Disneyland Railroad Fantasyland Station,2711,CLOSED,STANDBY,0,,,queue-times.com
2026-08-09T19:45:51Z,2026-08-09,21,45,Disneyland Park,Disneyland Railroad Main Street Station,11,CLOSED,STANDBY,0,,,queue-times.com
2026-08-09T19:45:51Z,2026-08-09,21,45,Disneyland Park,Dumbo the Flying Elephant,18,CLOSED,STANDBY,0,,,queue-times.com
2026-08-09T19:45:51Z,2026-08-09,21,45,Disneyland Park,La Tanière du Dragon,2710,CLOSED,STANDBY,0,,,queue-times.com
2026-08-09T19:45:51Z,2026-08-09,21,45,Disneyland Park,Le Carrousel de Lancelot,16,CLOSED,STANDBY,0,,,queue-times.com
2026-08-09T19:45:51Z,2026-08-09,21,45,Disneyland Park,"Le Pays des Contes de Fées, presented by Vittel",21,CLOSED,STANDBY,0,,,queue-times.com
2026-08-09T19:45:51Z,2026-08-09,21,45,Disneyland Park,Les Voyages de Pinocchio,23,CLOSED,STANDBY,0,,,queue-times.com
2026-08-09T19:45:51Z,2026-08-09,21,45,Disneyland Park,Mad Hatter's Tea Cups,20,CLOSED,STANDBY,0,,,queue-times.com
2026-08-09T19:45:51Z,2026-08-09,21,45,Disneyland Park,Meet Mickey Mouse,13,CLOSED,STANDBY,0,,,queue-times.com
2026-08-09T19:45:51Z,2026-08-09,21,45,Disneyland Park,Peter Pan's Flight,22,OPERATING,STANDBY,10,,,queue-times.com
2026-08-09T19:45:51Z,2026-08-09,21,45,Disneyland Park,Princess Pavilion,24,CLOSED,STANDBY,0,,,queue-times.com
2026-08-09T19:45:51Z,2026-08-09,21,45,Disneyland Park,Big Thunder Mountain,25,OPERATING,STANDBY,40,,,queue-times.com
2026-08-09T19:45:51Z,2026-08-09,21,45,Disneyland Park,Disneyland Railroad Frontierland Depot,2714,CLOSED,STANDBY,0,,,queue-times.com
2026-08-09T19:45:51Z,2026-08-09,21,45,Disneyland Park,Frontierland Playground,2713,CLOSED,STANDBY,0,,,queue-times.com
2026-08-09T19:45:51Z,2026-08-09,21,45,Disneyland Park,Phantom Manor,26,OPERATING,STANDBY,5,,,queue-times.com
2026-08-09T19:45:51Z,2026-08-09,21,45,Disneyland Park,River Rogue Keelboats,27,CLOSED,STANDBY,0,,,queue-times.com
2026-08-09T19:45:51Z,2026-08-09,21,45,Disneyland Park,Rustler Roundup Shootin' Gallery,2712,CLOSED,STANDBY,0,,,queue-times.com
2026-08-09T19:45:51Z,2026-08-09,21,45,Disneyland Park,Thunder Mesa Riverboat Landing,28,CLOSED,STANDBY,0,,,queue-times.com
2026-08-09T19:45:51Z,2026-08-09,21,45,Disneyland Park,Disneyland Railroad Main Street Station,2708,CLOSED,STANDBY,0,,,queue-times.com
2026-08-09T19:45:51Z,2026-08-09,21,45,Disneyland Park,Main Street Vehicles,12,CLOSED,STANDBY,0,,,queue-times.com
2026-08-09T19:45:51Z,2026-08-09,21,45,Disney Adventure World,Avengers Assemble: Flight Force,10848,OPERATING,STANDBY,10,,,queue-times.com
2026-08-09T19:45:51Z,2026-08-09,21,45,Disney Adventure World,Avengers Assemble: Flight Force Single Rider,10849,OPERATING,STANDBY,5,,,queue-times.com
2026-08-09T19:45:51Z,2026-08-09,21,45,Disney Adventure World,Spider-Man W.E.B. Adventure,10845,OPERATING,STANDBY,5,,,queue-times.com
2026-08-09T19:45:51Z,2026-08-09,21,45,Disney Adventure World,Spider-Man W.E.B. Adventure Single Rider,10846,OPERATING,STANDBY,5,,,queue-times.com
2026-08-09T19:45:51Z,2026-08-09,21,45,Disney Adventure World,The Twilight Zone Tower of Terror,40,OPERATING,STANDBY,5,,,queue-times.com
2026-08-09T19:45:51Z,2026-08-09,21,45,Disney Adventure World,Cars Quatre Roues Rallye,31,OPERATING,STANDBY,5,,,queue-times.com
2026-08-09T19:45:51Z,2026-08-09,21,45,Disney Adventure World,Cars ROAD TRIP,29,CLOSED,STANDBY,0,,,queue-times.com
2026-08-09T19:45:51Z,2026-08-09,21,45,Disney Adventure World,Crush's Coaster,32,OPERATING,STANDBY,45,,,queue-times.com
2026-08-09T19:45:51Z,2026-08-09,21,45,Disney Adventure World,Crush's Coaster Single Rider,7277,OPERATING,STANDBY,35,,,queue-times.com
2026-08-09T19:45:51Z,2026-08-09,21,45,Disney Adventure World,Les Tapis Volants - Flying Carpets Over Agrabah®,33,OPERATING,STANDBY,5,,,queue-times.com
2026-08-09T19:45:51Z,2026-08-09,21,45,Disney Adventure World,Ratatouille : L’Aventure Totalement Toquée de Rémy​,37,OPERATING,STANDBY,5,,,queue-times.com
2026-08-09T19:45:51Z,2026-08-09,21,45,Disney Adventure World,Ratatouille: The Adventure Single Rider,7279,OPERATING,STANDBY,0,,,queue-times.com
2026-08-09T19:45:51Z,2026-08-09,21,45,Disney Adventure World,RC Racer,34,OPERATING,STANDBY,15,,,queue-times.com
2026-08-09T19:45:51Z,2026-08-09,21,45,Disney Adventure World,RC Racer Single Rider,7280,OPERATING,STANDBY,10,,,queue-times.com
2026-08-09T19:45:51Z,2026-08-09,21,45,Disney Adventure World,Slinky® Dog Zigzag Spin,36,OPERATING,STANDBY,5,,,queue-times.com
2026-08-09T19:45:51Z,2026-08-09,21,45,Disney Adventure World,Toy Soldiers Parachute Drop,35,OPERATING,STANDBY,15,,,queue-times.com
2026-08-09T19:45:51Z,2026-08-09,21,45,Disney Adventure World,Toy Soldiers Parachute Drop Single Rider,7281,OPERATING,STANDBY,5,,,queue-times.com
2026-08-09T19:45:51Z,2026-08-09,21,45,Disney Adventure World,Entry to World of Frozen,16247,OPERATING,STANDBY,0,,,queue-times.com
2026-08-09T19:45:51Z,2026-08-09,21,45,Disney Adventure World,Frozen Ever After,15413,OPERATING,STANDBY,10,,,queue-times.com
2026-08-09T19:45:51Z,2026-08-09,21,45,Disney Adventure World,Raiponce Tangled Spin,15415,OPERATING,STANDBY,5,,,queue-times.com
2026-08-09T19:46:10Z,2026-08-09,21,46,Disneyland Park,Adventure Isle,2702,OPERATING,STANDBY,0,,,queue-times.com
2026-08-09T19:46:10Z,2026-08-09,21,46,Disneyland Park,Indiana Jones and the Temple of Peril Single Rider,7306,OPERATING,STANDBY,0,,,queue-times.com
2026-08-09T19:46:10Z,2026-08-09,21,46,Disneyland Park,Indiana Jones™ and the Temple of Peril,2,OPERATING,STANDBY,5,,,queue-times.com
2026-08-09T19:46:10Z,2026-08-09,21,46,Disneyland Park,La Cabane des Robinson,1,OPERATING,STANDBY,5,,,queue-times.com
2026-08-09T19:46:10Z,2026-08-09,21,46,Disneyland Park,Le Passage Enchanté d'Aladdin,2703,CLOSED,STANDBY,0,,,queue-times.com
2026-08-09T19:46:10Z,2026-08-09,21,46,Disneyland Park,Pirate Galleon,2705,CLOSED,STANDBY,0,,,queue-times.com
2026-08-09T19:46:10Z,2026-08-09,21,46,Disneyland Park,Pirates of the Caribbean,3,OPERATING,STANDBY,5,,,queue-times.com
2026-08-09T19:46:10Z,2026-08-09,21,46,Disneyland Park,Pirates' Beach,2704,CLOSED,STANDBY,0,,,queue-times.com
2026-08-09T19:46:10Z,2026-08-09,21,46,Disneyland Park,"Autopia, presented by Avis",4,OPERATING,STANDBY,20,,,queue-times.com
2026-08-09T19:46:10Z,2026-08-09,21,46,Disneyland Park,Buzz Lightyear Laser Blast,5,OPERATING,STANDBY,15,,,queue-times.com
2026-08-09T19:46:10Z,2026-08-09,21,46,Disneyland Park,Disneyland Railroad Discoveryland Station,2706,CLOSED,STANDBY,0,,,queue-times.com
2026-08-09T19:46:10Z,2026-08-09,21,46,Disneyland Park,Les Mystères du Nautilus,6,OPERATING,STANDBY,5,,,queue-times.com
2026-08-09T19:46:10Z,2026-08-09,21,46,Disneyland Park,Mickey’s PhilharMagic,2707,CLOSED,STANDBY,0,,,queue-times.com
2026-08-09T19:46:10Z,2026-08-09,21,46,Disneyland Park,Orbitron®,7,OPERATING,STANDBY,20,,,queue-times.com
2026-08-09T19:46:10Z,2026-08-09,21,46,Disneyland Park,Star Tours: The Adventures Continue*,9,OPERATING,STANDBY,5,,,queue-times.com
2026-08-09T19:46:10Z,2026-08-09,21,46,Disneyland Park,Star Wars Hyperspace Mountain,8,OPERATING,STANDBY,5,,,queue-times.com
2026-08-09T19:46:10Z,2026-08-09,21,46,Disneyland Park,Star Wars Hyperspace Mountain Single Rider,7278,OPERATING,STANDBY,0,,,queue-times.com
2026-08-09T19:46:10Z,2026-08-09,21,46,Disneyland Park,Welcome to Starport: A Star Wars Encounter,4573,CLOSED,STANDBY,0,,,queue-times.com
2026-08-09T19:46:10Z,2026-08-09,21,46,Disneyland Park,"""it's a small world""",19,OPERATING,STANDBY,5,,,queue-times.com
2026-08-09T19:46:10Z,2026-08-09,21,46,Disneyland Park,Alice's Curious Labyrinth,14,CLOSED,STANDBY,0,,,queue-times.com
2026-08-09T19:46:10Z,2026-08-09,21,46,Disneyland Park,Blanche-Neige et les Sept Nains®,15,CLOSED,STANDBY,0,,,queue-times.com
2026-08-09T19:46:10Z,2026-08-09,21,46,Disneyland Park,Casey Jr. – le Petit Train du Cirque,17,CLOSED,STANDBY,0,,,queue-times.com
2026-08-09T19:46:10Z,2026-08-09,21,46,Disneyland Park,Disneyland Railroad Fantasyland Station,2711,CLOSED,STANDBY,0,,,queue-times.com
2026-08-09T19:46:10Z,2026-08-09,21,46,Disneyland Park,Disneyland Railroad Main Street Station,11,CLOSED,STANDBY,0,,,queue-times.com
2026-08-09T19:46:10Z,2026-08-09,21,46,Disneyland Park,Dumbo the Flying Elephant,18,CLOSED,STANDBY,0,,,queue-times.com
2026-08-09T19:46:10Z,2026-08-09,21,46,Disneyland Park,La Tanière du Dragon,2710,CLOSED,STANDBY,0,,,queue-times.com
2026-08-09T19:46:10Z,2026-08-09,21,46,Disneyland Park,Le Carrousel de Lancelot,16,CLOSED,STANDBY,0,,,queue-times.com
2026-08-09T19:46:10Z,2026-08-09,21,46,Disneyland Park,"Le Pays des Contes de Fées, presented by Vittel",21,CLOSED,STANDBY,0,,,queue-times.com
2026-08-09T19:46:10Z,2026-08-09,21,46,Disneyland Park,Les Voyages de Pinocchio,23,CLOSED,STANDBY,0,,,queue-times.com
2026-08-09T19:46:10Z,2026-08-09,21,46,Disneyland Park,Mad Hatter's Tea Cups,20,CLOSED,STANDBY,0,,,queue-times.com
2026-08-09T19:46:10Z,2026-08-09,21,46,Disneyland Park,Meet Mickey Mouse,13,CLOSED,STANDBY,0,,,queue-times.com
2026-08-09T19:46:10Z,2026-08-09,21,46,Disneyland Park,Peter Pan's Flight,22,OPERATING,STANDBY,10,,,queue-times.com
2026-08-09T19:46:10Z,2026-08-09,21,46,Disneyland Park,Princess Pavilion,24,CLOSED,STANDBY,0,,,queue-times.com
2026-08-09T19:46:10Z,2026-08-09,21,46,Disneyland Park,Big Thunder Mountain,25,OPERATING,STANDBY,30,,,queue-times.com
2026-08-09T19:46:10Z,2026-08-09,21,46,Disneyland Park,Disneyland Railroad Frontierland Depot,2714,CLOSED,STANDBY,0,,,queue-times.com
2026-08-09T19:46:10Z,2026-08-09,21,46,Disneyland Park,Frontierland Playground,2713,CLOSED,STANDBY,0,,,queue-times.com
2026-08-09T19:46:10Z,2026-08-09,21,46,Disneyland Park,Phantom Manor,26,OPERATING,STANDBY,5,,,queue-times.com
2026-08-09T19:46:10Z,2026-08-09,21,46,Disneyland Park,River Rogue Keelboats,27,CLOSED,STANDBY,0,,,queue-times.com
2026-08-09T19:46:10Z,2026-08-09,21,46,Disneyland Park,Rustler Roundup Shootin' Gallery,2712,CLOSED,STANDBY,0,,,queue-times.com
2026-08-09T19:46:10Z,2026-08-09,21,46,Disneyland Park,Thunder Mesa Riverboat Landing,28,CLOSED,STANDBY,0,,,queue-times.com
2026-08-09T19:46:10Z,2026-08-09,21,46,Disneyland Park,Disneyland Railroad Main Street Station,2708,CLOSED,STANDBY,0,,,queue-times.com
2026-08-09T19:46:10Z,2026-08-09,21,46,Disneyland Park,Main Street Vehicles,12,CLOSED,STANDBY,0,,,queue-times.com
2026-08-09T19:46:10Z,2026-08-09,21,46,Disney Adventure World,Avengers Assemble: Flight Force,10848,OPERATING,STANDBY,10,,,queue-times.com
2026-08-09T19:46:10Z,2026-08-09,21,46,Disney Adventure World,Avengers Assemble: Flight Force Single Rider,10849,OPERATING,STANDBY,5,,,queue-times.com
2026-08-09T19:46:10Z,2026-08-09,21,46,Disney Adventure World,Spider-Man W.E.B. Adventure,10845,OPERATING,STANDBY,5,,,queue-times.com
2026-08-09T19:46:10Z,2026-08-09,21,46,Disney Adventure World,Spider-Man W.E.B. Adventure Single Rider,10846,OPERATING,STANDBY,5,,,queue-times.com
2026-08-09T19:46:10Z,2026-08-09,21,46,Disney Adventure World,The Twilight Zone Tower of Terror,40,OPERATING,STANDBY,5,,,queue-times.com
2026-08-09T19:46:10Z,2026-08-09,21,46,Disney Adventure World,Cars Quatre Roues Rallye,31,OPERATING,STANDBY,5,,,queue-times.com
2026-08-09T19:46:10Z,2026-08-09,21,46,Disney Adventure World,Cars ROAD TRIP,29,CLOSED,STANDBY,0,,,queue-times.com
2026-08-09T19:46:10Z,2026-08-09,21,46,Disney Adventure World,Crush's Coaster,32,OPERATING,STANDBY,45,,,queue-times.com
2026-08-09T19:46:10Z,2026-08-09,21,46,Disney Adventure World,Crush's Coaster Single Rider,7277,OPERATING,STANDBY,35,,,queue-times.com
2026-08-09T19:46:10Z,2026-08-09,21,46,Disney Adventure World,Les Tapis Volants - Flying Carpets Over Agrabah®,33,OPERATING,STANDBY,5,,,queue-times.com
2026-08-09T19:46:10Z,2026-08-09,21,46,Disney Adventure World,Ratatouille : L’Aventure Totalement Toquée de Rémy​,37,OPERATING,STANDBY,5,,,queue-times.com
2026-08-09T19:46:10Z,2026-08-09,21,46,Disney Adventure World,Ratatouille: The Adventure Single Rider,7279,OPERATING,STANDBY,0,,,queue-times.com
2026-08-09T19:46:10Z,2026-08-09,21,46,Disney Adventure World,RC Racer,34,OPERATING,STANDBY,15,,,queue-times.com
2026-08-09T19:46:10Z,2026-08-09,21,46,Disney Adventure World,RC Racer Single Rider,7280,OPERATING,STANDBY,10,,,queue-times.com
2026-08-09T19:46:10Z,2026-08-09,21,46,Disney Adventure World,Slinky® Dog Zigzag Spin,36,OPERATING,STANDBY,5,,,queue-times.com
2026-08-09T19:46:10Z,2026-08-09,21,46,Disney Adventure World,Toy Soldiers Parachute Drop,35,OPERATING,STANDBY,15,,,queue-times.com
2026-08-09T19:46:10Z,2026-08-09,21,46,Disney Adventure World,Toy Soldiers Parachute Drop Single Rider,7281,OPERATING,STANDBY,5,,,queue-times.com
2026-08-09T19:46:10Z,2026-08-09,21,46,Disney Adventure World,Entry to World of Frozen,16247,OPERATING,STANDBY,0,,,queue-times.com
2026-08-09T19:46:10Z,2026-08-09,21,46,Disney Adventure World,Frozen Ever After,15413,OPERATING,STANDBY,10,,,queue-times.com
2026-08-09T19:46:10Z,2026-08-09,21,46,Disney Adventure World,Raiponce Tangled Spin,15415,OPERATING,STANDBY,5,,,queue-times.com
