timestamp_utc,fecha,hora,minuto,parque,atraccion,atraccion_id,estado,tipo_cola,espera_min,hora_retorno,precio,fuente
2026-08-04T22:01:23Z,2026-08-05,0,1,Disneyland Park,Adventure Isle,2702,CLOSED,STANDBY,0,,,queue-times.com
2026-08-04T22:01:23Z,2026-08-05,0,1,Disneyland Park,Indiana Jones and the Temple of Peril Single Rider,7306,CLOSED,STANDBY,0,,,queue-times.com
2026-08-04T22:01:23Z,2026-08-05,0,1,Disneyland Park,Indiana Jones™ and the Temple of Peril,2,CLOSED,STANDBY,0,,,queue-times.com
2026-08-04T22:01:23Z,2026-08-05,0,1,Disneyland Park,La Cabane des Robinson,1,CLOSED,STANDBY,0,,,queue-times.com
2026-08-04T22:01:23Z,2026-08-05,0,1,Disneyland Park,Le Passage Enchanté d'Aladdin,2703,CLOSED,STANDBY,0,,,queue-times.com
2026-08-04T22:01:23Z,2026-08-05,0,1,Disneyland Park,Pirate Galleon,2705,CLOSED,STANDBY,0,,,queue-times.com
2026-08-04T22:01:23Z,2026-08-05,0,1,Disneyland Park,Pirates of the Caribbean,3,CLOSED,STANDBY,0,,,queue-times.com
2026-08-04T22:01:23Z,2026-08-05,0,1,Disneyland Park,Pirates' Beach,2704,CLOSED,STANDBY,0,,,queue-times.com
2026-08-04T22:01:23Z,2026-08-05,0,1,Disneyland Park,"Autopia, presented by Avis",4,CLOSED,STANDBY,0,,,queue-times.com
2026-08-04T22:01:23Z,2026-08-05,0,1,Disneyland Park,Buzz Lightyear Laser Blast,5,CLOSED,STANDBY,0,,,queue-times.com
2026-08-04T22:01:23Z,2026-08-05,0,1,Disneyland Park,Disneyland Railroad Discoveryland Station,2706,CLOSED,STANDBY,0,,,queue-times.com
2026-08-04T22:01:23Z,2026-08-05,0,1,Disneyland Park,Les Mystères du Nautilus,6,CLOSED,STANDBY,0,,,queue-times.com
2026-08-04T22:01:23Z,2026-08-05,0,1,Disneyland Park,Mickey’s PhilharMagic,2707,CLOSED,STANDBY,0,,,queue-times.com
2026-08-04T22:01:23Z,2026-08-05,0,1,Disneyland Park,Orbitron®,7,CLOSED,STANDBY,0,,,queue-times.com
2026-08-04T22:01:23Z,2026-08-05,0,1,Disneyland Park,Star Tours: The Adventures Continue*,9,CLOSED,STANDBY,0,,,queue-times.com
2026-08-04T22:01:23Z,2026-08-05,0,1,Disneyland Park,Star Wars Hyperspace Mountain,8,CLOSED,STANDBY,0,,,queue-times.com
2026-08-04T22:01:23Z,2026-08-05,0,1,Disneyland Park,Star Wars Hyperspace Mountain Single Rider,7278,CLOSED,STANDBY,0,,,queue-times.com
2026-08-04T22:01:23Z,2026-08-05,0,1,Disneyland Park,Welcome to Starport: A Star Wars Encounter,4573,CLOSED,STANDBY,0,,,queue-times.com
2026-08-04T22:01:23Z,2026-08-05,0,1,Disneyland Park,"""it's a small world""",19,CLOSED,STANDBY,0,,,queue-times.com
2026-08-04T22:01:23Z,2026-08-05,0,1,Disneyland Park,Alice's Curious Labyrinth,14,CLOSED,STANDBY,0,,,queue-times.com
2026-08-04T22:01:23Z,2026-08-05,0,1,Disneyland Park,Blanche-Neige et les Sept Nains®,15,CLOSED,STANDBY,0,,,queue-times.com
2026-08-04T22:01:23Z,2026-08-05,0,1,Disneyland Park,Casey Jr. – le Petit Train du Cirque,17,CLOSED,STANDBY,0,,,queue-times.com
2026-08-04T22:01:23Z,2026-08-05,0,1,Disneyland Park,Disneyland Railroad Fantasyland Station,2711,CLOSED,STANDBY,0,,,queue-times.com
2026-08-04T22:01:23Z,2026-08-05,0,1,Disneyland Park,Disneyland Railroad Main Street Station,11,CLOSED,STANDBY,0,,,queue-times.com
2026-08-04T22:01:23Z,2026-08-05,0,1,Disneyland Park,Dumbo the Flying Elephant,18,CLOSED,STANDBY,0,,,queue-times.com
2026-08-04T22:01:23Z,2026-08-05,0,1,Disneyland Park,La Tanière du Dragon,2710,CLOSED,STANDBY,0,,,queue-times.com
2026-08-04T22:01:23Z,2026-08-05,0,1,Disneyland Park,Le Carrousel de Lancelot,16,CLOSED,STANDBY,0,,,queue-times.com
2026-08-04T22:01:23Z,2026-08-05,0,1,Disneyland Park,"Le Pays des Contes de Fées, presented by Vittel",21,CLOSED,STANDBY,0,,,queue-times.com
2026-08-04T22:01:23Z,2026-08-05,0,1,Disneyland Park,Les Voyages de Pinocchio,23,CLOSED,STANDBY,0,,,queue-times.com
2026-08-04T22:01:23Z,2026-08-05,0,1,Disneyland Park,Mad Hatter's Tea Cups,20,CLOSED,STANDBY,0,,,queue-times.com
2026-08-04T22:01:23Z,2026-08-05,0,1,Disneyland Park,Meet Mickey Mouse,13,CLOSED,STANDBY,0,,,queue-times.com
2026-08-04T22:01:23Z,2026-08-05,0,1,Disneyland Park,Peter Pan's Flight,22,CLOSED,STANDBY,0,,,queue-times.com
2026-08-04T22:01:23Z,2026-08-05,0,1,Disneyland Park,Princess Pavilion,24,CLOSED,STANDBY,0,,,queue-times.com
2026-08-04T22:01:23Z,2026-08-05,0,1,Disneyland Park,Big Thunder Mountain,25,CLOSED,STANDBY,0,,,queue-times.com
2026-08-04T22:01:23Z,2026-08-05,0,1,Disneyland Park,Disneyland Railroad Frontierland Depot,2714,CLOSED,STANDBY,0,,,queue-times.com
2026-08-04T22:01:23Z,2026-08-05,0,1,Disneyland Park,Frontierland Playground,2713,CLOSED,STANDBY,0,,,queue-times.com
2026-08-04T22:01:23Z,2026-08-05,0,1,Disneyland Park,Phantom Manor,26,CLOSED,STANDBY,0,,,queue-times.com
2026-08-04T22:01:23Z,2026-08-05,0,1,Disneyland Park,River Rogue Keelboats,27,CLOSED,STANDBY,0,,,queue-times.com
2026-08-04T22:01:23Z,2026-08-05,0,1,Disneyland Park,Rustler Roundup Shootin' Gallery,2712,CLOSED,STANDBY,0,,,queue-times.com
2026-08-04T22:01:23Z,2026-08-05,0,1,Disneyland Park,Thunder Mesa Riverboat Landing,28,CLOSED,STANDBY,0,,,queue-times.com
2026-08-04T22:01:23Z,2026-08-05,0,1,Disneyland Park,Disneyland Railroad Main Street Station,2708,CLOSED,STANDBY,0,,,queue-times.com
2026-08-04T22:01:23Z,2026-08-05,0,1,Disneyland Park,Main Street Vehicles,12,CLOSED,STANDBY,0,,,queue-times.com
2026-08-04T22:01:23Z,2026-08-05,0,1,Disney Adventure World,Avengers Assemble: Flight Force,10848,CLOSED,STANDBY,0,,,queue-times.com
2026-08-04T22:01:23Z,2026-08-05,0,1,Disney Adventure World,Avengers Assemble: Flight Force Single Rider,10849,CLOSED,STANDBY,0,,,queue-times.com
2026-08-04T22:01:23Z,2026-08-05,0,1,Disney Adventure World,Spider-Man W.E.B. Adventure,10845,CLOSED,STANDBY,0,,,queue-times.com
2026-08-04T22:01:23Z,2026-08-05,0,1,Disney Adventure World,Spider-Man W.E.B. Adventure Single Rider,10846,CLOSED,STANDBY,0,,,queue-times.com
2026-08-04T22:01:23Z,2026-08-05,0,1,Disney Adventure World,The Twilight Zone Tower of Terror,40,CLOSED,STANDBY,0,,,queue-times.com
2026-08-04T22:01:23Z,2026-08-05,0,1,Disney Adventure World,Cars Quatre Roues Rallye,31,CLOSED,STANDBY,0,,,queue-times.com
2026-08-04T22:01:23Z,2026-08-05,0,1,Disney Adventure World,Cars ROAD TRIP,29,CLOSED,STANDBY,0,,,queue-times.com
2026-08-04T22:01:23Z,2026-08-05,0,1,Disney Adventure World,Crush's Coaster,32,CLOSED,STANDBY,0,,,queue-times.com
2026-08-04T22:01:23Z,2026-08-05,0,1,Disney Adventure World,Crush's Coaster Single Rider,7277,CLOSED,STANDBY,0,,,queue-times.com
2026-08-04T22:01:23Z,2026-08-05,0,1,Disney Adventure World,Les Tapis Volants - Flying Carpets Over Agrabah®,33,CLOSED,STANDBY,0,,,queue-times.com
2026-08-04T22:01:23Z,2026-08-05,0,1,Disney Adventure World,Ratatouille : L’Aventure Totalement Toquée de Rémy​,37,CLOSED,STANDBY,0,,,queue-times.com
2026-08-04T22:01:23Z,2026-08-05,0,1,Disney Adventure World,Ratatouille: The Adventure Single Rider,7279,CLOSED,STANDBY,0,,,queue-times.com
2026-08-04T22:01:23Z,2026-08-05,0,1,Disney Adventure World,RC Racer,34,CLOSED,STANDBY,0,,,queue-times.com
2026-08-04T22:01:23Z,2026-08-05,0,1,Disney Adventure World,RC Racer Single Rider,7280,CLOSED,STANDBY,0,,,queue-times.com
2026-08-04T22:01:23Z,2026-08-05,0,1,Disney Adventure World,Slinky® Dog Zigzag Spin,36,CLOSED,STANDBY,0,,,queue-times.com
2026-08-04T22:01:23Z,2026-08-05,0,1,Disney Adventure World,Toy Soldiers Parachute Drop,35,CLOSED,STANDBY,0,,,queue-times.com
2026-08-04T22:01:23Z,2026-08-05,0,1,Disney Adventure World,Toy Soldiers Parachute Drop Single Rider,7281,CLOSED,STANDBY,0,,,queue-times.com
2026-08-04T22:01:23Z,2026-08-05,0,1,Disney Adventure World,Entry to World of Frozen,16247,CLOSED,STANDBY,0,,,queue-times.com
2026-08-04T22:01:23Z,2026-08-05,0,1,Disney Adventure World,Frozen Ever After,15413,CLOSED,STANDBY,0,,,queue-times.com
2026-08-04T22:01:23Z,2026-08-05,0,1,Disney Adventure World,Raiponce Tangled Spin,15415,CLOSED,STANDBY,0,,,queue-times.com
2026-08-04T22:15:52Z,2026-08-05,0,15,Disneyland Park,Adventure Isle,2702,CLOSED,STANDBY,0,,,queue-times.com
2026-08-04T22:15:52Z,2026-08-05,0,15,Disneyland Park,Indiana Jones and the Temple of Peril Single Rider,7306,CLOSED,STANDBY,0,,,queue-times.com
2026-08-04T22:15:52Z,2026-08-05,0,15,Disneyland Park,Indiana Jones™ and the Temple of Peril,2,CLOSED,STANDBY,0,,,queue-times.com
2026-08-04T22:15:52Z,2026-08-05,0,15,Disneyland Park,La Cabane des Robinson,1,CLOSED,STANDBY,0,,,queue-times.com
2026-08-04T22:15:52Z,2026-08-05,0,15,Disneyland Park,Le Passage Enchanté d'Aladdin,2703,CLOSED,STANDBY,0,,,queue-times.com
2026-08-04T22:15:52Z,2026-08-05,0,15,Disneyland Park,Pirate Galleon,2705,CLOSED,STANDBY,0,,,queue-times.com
2026-08-04T22:15:52Z,2026-08-05,0,15,Disneyland Park,Pirates of the Caribbean,3,CLOSED,STANDBY,0,,,queue-times.com
2026-08-04T22:15:52Z,2026-08-05,0,15,Disneyland Park,Pirates' Beach,2704,CLOSED,STANDBY,0,,,queue-times.com
2026-08-04T22:15:52Z,2026-08-05,0,15,Disneyland Park,"Autopia, presented by Avis",4,CLOSED,STANDBY,0,,,queue-times.com
2026-08-04T22:15:52Z,2026-08-05,0,15,Disneyland Park,Buzz Lightyear Laser Blast,5,CLOSED,STANDBY,0,,,queue-times.com
2026-08-04T22:15:52Z,2026-08-05,0,15,Disneyland Park,Disneyland Railroad Discoveryland Station,2706,CLOSED,STANDBY,0,,,queue-times.com
2026-08-04T22:15:52Z,2026-08-05,0,15,Disneyland Park,Les Mystères du Nautilus,6,CLOSED,STANDBY,0,,,queue-times.com
2026-08-04T22:15:52Z,2026-08-05,0,15,Disneyland Park,Mickey’s PhilharMagic,2707,CLOSED,STANDBY,0,,,queue-times.com
2026-08-04T22:15:52Z,2026-08-05,0,15,Disneyland Park,Orbitron®,7,CLOSED,STANDBY,0,,,queue-times.com
2026-08-04T22:15:52Z,2026-08-05,0,15,Disneyland Park,Star Tours: The Adventures Continue*,9,CLOSED,STANDBY,0,,,queue-times.com
2026-08-04T22:15:52Z,2026-08-05,0,15,Disneyland Park,Star Wars Hyperspace Mountain,8,CLOSED,STANDBY,0,,,queue-times.com
2026-08-04T22:15:52Z,2026-08-05,0,15,Disneyland Park,Star Wars Hyperspace Mountain Single Rider,7278,CLOSED,STANDBY,0,,,queue-times.com
2026-08-04T22:15:52Z,2026-08-05,0,15,Disneyland Park,Welcome to Starport: A Star Wars Encounter,4573,CLOSED,STANDBY,0,,,queue-times.com
2026-08-04T22:15:52Z,2026-08-05,0,15,Disneyland Park,"""it's a small world""",19,CLOSED,STANDBY,0,,,queue-times.com
2026-08-04T22:15:52Z,2026-08-05,0,15,Disneyland Park,Alice's Curious Labyrinth,14,CLOSED,STANDBY,0,,,queue-times.com
2026-08-04T22:15:52Z,2026-08-05,0,15,Disneyland Park,Blanche-Neige et les Sept Nains®,15,CLOSED,STANDBY,0,,,queue-times.com
2026-08-04T22:15:52Z,2026-08-05,0,15,Disneyland Park,Casey Jr. – le Petit Train du Cirque,17,CLOSED,STANDBY,0,,,queue-times.com
2026-08-04T22:15:52Z,2026-08-05,0,15,Disneyland Park,Disneyland Railroad Fantasyland Station,2711,CLOSED,STANDBY,0,,,queue-times.com
2026-08-04T22:15:52Z,2026-08-05,0,15,Disneyland Park,Disneyland Railroad Main Street Station,11,CLOSED,STANDBY,0,,,queue-times.com
2026-08-04T22:15:52Z,2026-08-05,0,15,Disneyland Park,Dumbo the Flying Elephant,18,CLOSED,STANDBY,0,,,queue-times.com
2026-08-04T22:15:52Z,2026-08-05,0,15,Disneyland Park,La Tanière du Dragon,2710,CLOSED,STANDBY,0,,,queue-times.com
2026-08-04T22:15:52Z,2026-08-05,0,15,Disneyland Park,Le Carrousel de Lancelot,16,CLOSED,STANDBY,0,,,queue-times.com
2026-08-04T22:15:52Z,2026-08-05,0,15,Disneyland Park,"Le Pays des Contes de Fées, presented by Vittel",21,CLOSED,STANDBY,0,,,queue-times.com
2026-08-04T22:15:52Z,2026-08-05,0,15,Disneyland Park,Les Voyages de Pinocchio,23,CLOSED,STANDBY,0,,,queue-times.com
2026-08-04T22:15:52Z,2026-08-05,0,15,Disneyland Park,Mad Hatter's Tea Cups,20,CLOSED,STANDBY,0,,,queue-times.com
2026-08-04T22:15:52Z,2026-08-05,0,15,Disneyland Park,Meet Mickey Mouse,13,CLOSED,STANDBY,0,,,queue-times.com
2026-08-04T22:15:52Z,2026-08-05,0,15,Disneyland Park,Peter Pan's Flight,22,CLOSED,STANDBY,0,,,queue-times.com
2026-08-04T22:15:52Z,2026-08-05,0,15,Disneyland Park,Princess Pavilion,24,CLOSED,STANDBY,0,,,queue-times.com
2026-08-04T22:15:52Z,2026-08-05,0,15,Disneyland Park,Big Thunder Mountain,25,CLOSED,STANDBY,0,,,queue-times.com
2026-08-04T22:15:52Z,2026-08-05,0,15,Disneyland Park,Disneyland Railroad Frontierland Depot,2714,CLOSED,STANDBY,0,,,queue-times.com
2026-08-04T22:15:52Z,2026-08-05,0,15,Disneyland Park,Frontierland Playground,2713,CLOSED,STANDBY,0,,,queue-times.com
2026-08-04T22:15:52Z,2026-08-05,0,15,Disneyland Park,Phantom Manor,26,CLOSED,STANDBY,0,,,queue-times.com
2026-08-04T22:15:52Z,2026-08-05,0,15,Disneyland Park,River Rogue Keelboats,27,CLOSED,STANDBY,0,,,queue-times.com
2026-08-04T22:15:52Z,2026-08-05,0,15,Disneyland Park,Rustler Roundup Shootin' Gallery,2712,CLOSED,STANDBY,0,,,queue-times.com
2026-08-04T22:15:52Z,2026-08-05,0,15,Disneyland Park,Thunder Mesa Riverboat Landing,28,CLOSED,STANDBY,0,,,queue-times.com
2026-08-04T22:15:52Z,2026-08-05,0,15,Disneyland Park,Disneyland Railroad Main Street Station,2708,CLOSED,STANDBY,0,,,queue-times.com
2026-08-04T22:15:52Z,2026-08-05,0,15,Disneyland Park,Main Street Vehicles,12,CLOSED,STANDBY,0,,,queue-times.com
2026-08-04T22:15:52Z,2026-08-05,0,15,Disney Adventure World,Avengers Assemble: Flight Force,10848,CLOSED,STANDBY,0,,,queue-times.com
2026-08-04T22:15:52Z,2026-08-05,0,15,Disney Adventure World,Avengers Assemble: Flight Force Single Rider,10849,CLOSED,STANDBY,0,,,queue-times.com
2026-08-04T22:15:52Z,2026-08-05,0,15,Disney Adventure World,Spider-Man W.E.B. Adventure,10845,CLOSED,STANDBY,0,,,queue-times.com
2026-08-04T22:15:52Z,2026-08-05,0,15,Disney Adventure World,Spider-Man W.E.B. Adventure Single Rider,10846,CLOSED,STANDBY,0,,,queue-times.com
2026-08-04T22:15:52Z,2026-08-05,0,15,Disney Adventure World,The Twilight Zone Tower of Terror,40,CLOSED,STANDBY,0,,,queue-times.com
2026-08-04T22:15:52Z,2026-08-05,0,15,Disney Adventure World,Cars Quatre Roues Rallye,31,CLOSED,STANDBY,0,,,queue-times.com
2026-08-04T22:15:52Z,2026-08-05,0,15,Disney Adventure World,Cars ROAD TRIP,29,CLOSED,STANDBY,0,,,queue-times.com
2026-08-04T22:15:52Z,2026-08-05,0,15,Disney Adventure World,Crush's Coaster,32,CLOSED,STANDBY,0,,,queue-times.com
2026-08-04T22:15:52Z,2026-08-05,0,15,Disney Adventure World,Crush's Coaster Single Rider,7277,CLOSED,STANDBY,0,,,queue-times.com
2026-08-04T22:15:52Z,2026-08-05,0,15,Disney Adventure World,Les Tapis Volants - Flying Carpets Over Agrabah®,33,CLOSED,STANDBY,0,,,queue-times.com
2026-08-04T22:15:52Z,2026-08-05,0,15,Disney Adventure World,Ratatouille : L’Aventure Totalement Toquée de Rémy​,37,CLOSED,STANDBY,0,,,queue-times.com
2026-08-04T22:15:52Z,2026-08-05,0,15,Disney Adventure World,Ratatouille: The Adventure Single Rider,7279,CLOSED,STANDBY,0,,,queue-times.com
2026-08-04T22:15:52Z,2026-08-05,0,15,Disney Adventure World,RC Racer,34,CLOSED,STANDBY,0,,,queue-times.com
2026-08-04T22:15:52Z,2026-08-05,0,15,Disney Adventure World,RC Racer Single Rider,7280,CLOSED,STANDBY,0,,,queue-times.com
2026-08-04T22:15:52Z,2026-08-05,0,15,Disney Adventure World,Slinky® Dog Zigzag Spin,36,CLOSED,STANDBY,0,,,queue-times.com
2026-08-04T22:15:52Z,2026-08-05,0,15,Disney Adventure World,Toy Soldiers Parachute Drop,35,CLOSED,STANDBY,0,,,queue-times.com
2026-08-04T22:15:52Z,2026-08-05,0,15,Disney Adventure World,Toy Soldiers Parachute Drop Single Rider,7281,CLOSED,STANDBY,0,,,queue-times.com
2026-08-04T22:15:52Z,2026-08-05,0,15,Disney Adventure World,Entry to World of Frozen,16247,CLOSED,STANDBY,0,,,queue-times.com
2026-08-04T22:15:52Z,2026-08-05,0,15,Disney Adventure World,Frozen Ever After,15413,CLOSED,STANDBY,0,,,queue-times.com
2026-08-04T22:15:52Z,2026-08-05,0,15,Disney Adventure World,Raiponce Tangled Spin,15415,CLOSED,STANDBY,0,,,queue-times.com
2026-08-04T22:31:10Z,2026-08-05,0,31,Disneyland Park,Adventure Isle,2702,CLOSED,STANDBY,0,,,queue-times.com
2026-08-04T22:31:10Z,2026-08-05,0,31,Disneyland Park,Indiana Jones and the Temple of Peril Single Rider,7306,CLOSED,STANDBY,0,,,queue-times.com
2026-08-04T22:31:10Z,2026-08-05,0,31,Disneyland Park,Indiana Jones™ and the Temple of Peril,2,CLOSED,STANDBY,0,,,queue-times.com
2026-08-04T22:31:10Z,2026-08-05,0,31,Disneyland Park,La Cabane des Robinson,1,CLOSED,STANDBY,0,,,queue-times.com
2026-08-04T22:31:10Z,2026-08-05,0,31,Disneyland Park,Le Passage Enchanté d'Aladdin,2703,CLOSED,STANDBY,0,,,queue-times.com
2026-08-04T22:31:10Z,2026-08-05,0,31,Disneyland Park,Pirate Galleon,2705,CLOSED,STANDBY,0,,,queue-times.com
2026-08-04T22:31:10Z,2026-08-05,0,31,Disneyland Park,Pirates of the Caribbean,3,CLOSED,STANDBY,0,,,queue-times.com
2026-08-04T22:31:10Z,2026-08-05,0,31,Disneyland Park,Pirates' Beach,2704,CLOSED,STANDBY,0,,,queue-times.com
2026-08-04T22:31:10Z,2026-08-05,0,31,Disneyland Park,"Autopia, presented by Avis",4,CLOSED,STANDBY,0,,,queue-times.com
2026-08-04T22:31:10Z,2026-08-05,0,31,Disneyland Park,Buzz Lightyear Laser Blast,5,CLOSED,STANDBY,0,,,queue-times.com
2026-08-04T22:31:10Z,2026-08-05,0,31,Disneyland Park,Disneyland Railroad Discoveryland Station,2706,CLOSED,STANDBY,0,,,queue-times.com
2026-08-04T22:31:10Z,2026-08-05,0,31,Disneyland Park,Les Mystères du Nautilus,6,CLOSED,STANDBY,0,,,queue-times.com
2026-08-04T22:31:10Z,2026-08-05,0,31,Disneyland Park,Mickey’s PhilharMagic,2707,CLOSED,STANDBY,0,,,queue-times.com
2026-08-04T22:31:10Z,2026-08-05,0,31,Disneyland Park,Orbitron®,7,CLOSED,STANDBY,0,,,queue-times.com
2026-08-04T22:31:10Z,2026-08-05,0,31,Disneyland Park,Star Tours: The Adventures Continue*,9,CLOSED,STANDBY,0,,,queue-times.com
2026-08-04T22:31:10Z,2026-08-05,0,31,Disneyland Park,Star Wars Hyperspace Mountain,8,CLOSED,STANDBY,0,,,queue-times.com
2026-08-04T22:31:10Z,2026-08-05,0,31,Disneyland Park,Star Wars Hyperspace Mountain Single Rider,7278,CLOSED,STANDBY,0,,,queue-times.com
2026-08-04T22:31:10Z,2026-08-05,0,31,Disneyland Park,Welcome to Starport: A Star Wars Encounter,4573,CLOSED,STANDBY,0,,,queue-times.com
2026-08-04T22:31:10Z,2026-08-05,0,31,Disneyland Park,"""it's a small world""",19,CLOSED,STANDBY,0,,,queue-times.com
2026-08-04T22:31:10Z,2026-08-05,0,31,Disneyland Park,Alice's Curious Labyrinth,14,CLOSED,STANDBY,0,,,queue-times.com
2026-08-04T22:31:10Z,2026-08-05,0,31,Disneyland Park,Blanche-Neige et les Sept Nains®,15,CLOSED,STANDBY,0,,,queue-times.com
2026-08-04T22:31:10Z,2026-08-05,0,31,Disneyland Park,Casey Jr. – le Petit Train du Cirque,17,CLOSED,STANDBY,0,,,queue-times.com
2026-08-04T22:31:10Z,2026-08-05,0,31,Disneyland Park,Disneyland Railroad Fantasyland Station,2711,CLOSED,STANDBY,0,,,queue-times.com
2026-08-04T22:31:10Z,2026-08-05,0,31,Disneyland Park,Disneyland Railroad Main Street Station,11,CLOSED,STANDBY,0,,,queue-times.com
2026-08-04T22:31:10Z,2026-08-05,0,31,Disneyland Park,Dumbo the Flying Elephant,18,CLOSED,STANDBY,0,,,queue-times.com
2026-08-04T22:31:10Z,2026-08-05,0,31,Disneyland Park,La Tanière du Dragon,2710,CLOSED,STANDBY,0,,,queue-times.com
2026-08-04T22:31:10Z,2026-08-05,0,31,Disneyland Park,Le Carrousel de Lancelot,16,CLOSED,STANDBY,0,,,queue-times.com
2026-08-04T22:31:10Z,2026-08-05,0,31,Disneyland Park,"Le Pays des Contes de Fées, presented by Vittel",21,CLOSED,STANDBY,0,,,queue-times.com
2026-08-04T22:31:10Z,2026-08-05,0,31,Disneyland Park,Les Voyages de Pinocchio,23,CLOSED,STANDBY,0,,,queue-times.com
2026-08-04T22:31:10Z,2026-08-05,0,31,Disneyland Park,Mad Hatter's Tea Cups,20,CLOSED,STANDBY,0,,,queue-times.com
2026-08-04T22:31:10Z,2026-08-05,0,31,Disneyland Park,Meet Mickey Mouse,13,CLOSED,STANDBY,0,,,queue-times.com
2026-08-04T22:31:10Z,2026-08-05,0,31,Disneyland Park,Peter Pan's Flight,22,CLOSED,STANDBY,0,,,queue-times.com
2026-08-04T22:31:10Z,2026-08-05,0,31,Disneyland Park,Princess Pavilion,24,CLOSED,STANDBY,0,,,queue-times.com
2026-08-04T22:31:10Z,2026-08-05,0,31,Disneyland Park,Big Thunder Mountain,25,CLOSED,STANDBY,0,,,queue-times.com
2026-08-04T22:31:10Z,2026-08-05,0,31,Disneyland Park,Disneyland Railroad Frontierland Depot,2714,CLOSED,STANDBY,0,,,queue-times.com
2026-08-04T22:31:10Z,2026-08-05,0,31,Disneyland Park,Frontierland Playground,2713,CLOSED,STANDBY,0,,,queue-times.com
2026-08-04T22:31:10Z,2026-08-05,0,31,Disneyland Park,Phantom Manor,26,CLOSED,STANDBY,0,,,queue-times.com
2026-08-04T22:31:10Z,2026-08-05,0,31,Disneyland Park,River Rogue Keelboats,27,CLOSED,STANDBY,0,,,queue-times.com
2026-08-04T22:31:10Z,2026-08-05,0,31,Disneyland Park,Rustler Roundup Shootin' Gallery,2712,CLOSED,STANDBY,0,,,queue-times.com
2026-08-04T22:31:10Z,2026-08-05,0,31,Disneyland Park,Thunder Mesa Riverboat Landing,28,CLOSED,STANDBY,0,,,queue-times.com
2026-08-04T22:31:10Z,2026-08-05,0,31,Disneyland Park,Disneyland Railroad Main Street Station,2708,CLOSED,STANDBY,0,,,queue-times.com
2026-08-04T22:31:10Z,2026-08-05,0,31,Disneyland Park,Main Street Vehicles,12,CLOSED,STANDBY,0,,,queue-times.com
2026-08-04T22:31:10Z,2026-08-05,0,31,Disney Adventure World,Avengers Assemble: Flight Force,10848,CLOSED,STANDBY,0,,,queue-times.com
2026-08-04T22:31:10Z,2026-08-05,0,31,Disney Adventure World,Avengers Assemble: Flight Force Single Rider,10849,CLOSED,STANDBY,0,,,queue-times.com
2026-08-04T22:31:10Z,2026-08-05,0,31,Disney Adventure World,Spider-Man W.E.B. Adventure,10845,CLOSED,STANDBY,0,,,queue-times.com
2026-08-04T22:31:10Z,2026-08-05,0,31,Disney Adventure World,Spider-Man W.E.B. Adventure Single Rider,10846,CLOSED,STANDBY,0,,,queue-times.com
2026-08-04T22:31:10Z,2026-08-05,0,31,Disney Adventure World,The Twilight Zone Tower of Terror,40,CLOSED,STANDBY,0,,,queue-times.com
2026-08-04T22:31:10Z,2026-08-05,0,31,Disney Adventure World,Cars Quatre Roues Rallye,31,CLOSED,STANDBY,0,,,queue-times.com
2026-08-04T22:31:10Z,2026-08-05,0,31,Disney Adventure World,Cars ROAD TRIP,29,CLOSED,STANDBY,0,,,queue-times.com
2026-08-04T22:31:10Z,2026-08-05,0,31,Disney Adventure World,Crush's Coaster,32,CLOSED,STANDBY,0,,,queue-times.com
2026-08-04T22:31:10Z,2026-08-05,0,31,Disney Adventure World,Crush's Coaster Single Rider,7277,CLOSED,STANDBY,0,,,queue-times.com
2026-08-04T22:31:10Z,2026-08-05,0,31,Disney Adventure World,Les Tapis Volants - Flying Carpets Over Agrabah®,33,CLOSED,STANDBY,0,,,queue-times.com
2026-08-04T22:31:10Z,2026-08-05,0,31,Disney Adventure World,Ratatouille : L’Aventure Totalement Toquée de Rémy​,37,CLOSED,STANDBY,0,,,queue-times.com
2026-08-04T22:31:10Z,2026-08-05,0,31,Disney Adventure World,Ratatouille: The Adventure Single Rider,7279,CLOSED,STANDBY,0,,,queue-times.com
2026-08-04T22:31:10Z,2026-08-05,0,31,Disney Adventure World,RC Racer,34,CLOSED,STANDBY,0,,,queue-times.com
2026-08-04T22:31:10Z,2026-08-05,0,31,Disney Adventure World,RC Racer Single Rider,7280,CLOSED,STANDBY,0,,,queue-times.com
2026-08-04T22:31:10Z,2026-08-05,0,31,Disney Adventure World,Slinky® Dog Zigzag Spin,36,CLOSED,STANDBY,0,,,queue-times.com
2026-08-04T22:31:10Z,2026-08-05,0,31,Disney Adventure World,Toy Soldiers Parachute Drop,35,CLOSED,STANDBY,0,,,queue-times.com
2026-08-04T22:31:10Z,2026-08-05,0,31,Disney Adventure World,Toy Soldiers Parachute Drop Single Rider,7281,CLOSED,STANDBY,0,,,queue-times.com
2026-08-04T22:31:10Z,2026-08-05,0,31,Disney Adventure World,Entry to World of Frozen,16247,CLOSED,STANDBY,0,,,queue-times.com
2026-08-04T22:31:10Z,2026-08-05,0,31,Disney Adventure World,Frozen Ever After,15413,CLOSED,STANDBY,0,,,queue-times.com
2026-08-04T22:31:10Z,2026-08-05,0,31,Disney Adventure World,Raiponce Tangled Spin,15415,CLOSED,STANDBY,0,,,queue-times.com
2026-08-04T22:45:44Z,2026-08-05,0,45,Disneyland Park,Adventure Isle,2702,CLOSED,STANDBY,0,,,queue-times.com
2026-08-04T22:45:44Z,2026-08-05,0,45,Disneyland Park,Indiana Jones and the Temple of Peril Single Rider,7306,CLOSED,STANDBY,0,,,queue-times.com
2026-08-04T22:45:44Z,2026-08-05,0,45,Disneyland Park,Indiana Jones™ and the Temple of Peril,2,CLOSED,STANDBY,0,,,queue-times.com
2026-08-04T22:45:44Z,2026-08-05,0,45,Disneyland Park,La Cabane des Robinson,1,CLOSED,STANDBY,0,,,queue-times.com
2026-08-04T22:45:44Z,2026-08-05,0,45,Disneyland Park,Le Passage Enchanté d'Aladdin,2703,CLOSED,STANDBY,0,,,queue-times.com
2026-08-04T22:45:44Z,2026-08-05,0,45,Disneyland Park,Pirate Galleon,2705,CLOSED,STANDBY,0,,,queue-times.com
2026-08-04T22:45:44Z,2026-08-05,0,45,Disneyland Park,Pirates of the Caribbean,3,CLOSED,STANDBY,0,,,queue-times.com
2026-08-04T22:45:44Z,2026-08-05,0,45,Disneyland Park,Pirates' Beach,2704,CLOSED,STANDBY,0,,,queue-times.com
2026-08-04T22:45:44Z,2026-08-05,0,45,Disneyland Park,"Autopia, presented by Avis",4,CLOSED,STANDBY,0,,,queue-times.com
2026-08-04T22:45:44Z,2026-08-05,0,45,Disneyland Park,Buzz Lightyear Laser Blast,5,CLOSED,STANDBY,0,,,queue-times.com
2026-08-04T22:45:44Z,2026-08-05,0,45,Disneyland Park,Disneyland Railroad Discoveryland Station,2706,CLOSED,STANDBY,0,,,queue-times.com
2026-08-04T22:45:44Z,2026-08-05,0,45,Disneyland Park,Les Mystères du Nautilus,6,CLOSED,STANDBY,0,,,queue-times.com
2026-08-04T22:45:44Z,2026-08-05,0,45,Disneyland Park,Mickey’s PhilharMagic,2707,CLOSED,STANDBY,0,,,queue-times.com
2026-08-04T22:45:44Z,2026-08-05,0,45,Disneyland Park,Orbitron®,7,CLOSED,STANDBY,0,,,queue-times.com
2026-08-04T22:45:44Z,2026-08-05,0,45,Disneyland Park,Star Tours: The Adventures Continue*,9,CLOSED,STANDBY,0,,,queue-times.com
2026-08-04T22:45:44Z,2026-08-05,0,45,Disneyland Park,Star Wars Hyperspace Mountain,8,CLOSED,STANDBY,0,,,queue-times.com
2026-08-04T22:45:44Z,2026-08-05,0,45,Disneyland Park,Star Wars Hyperspace Mountain Single Rider,7278,CLOSED,STANDBY,0,,,queue-times.com
2026-08-04T22:45:44Z,2026-08-05,0,45,Disneyland Park,Welcome to Starport: A Star Wars Encounter,4573,CLOSED,STANDBY,0,,,queue-times.com
2026-08-04T22:45:44Z,2026-08-05,0,45,Disneyland Park,"""it's a small world""",19,CLOSED,STANDBY,0,,,queue-times.com
2026-08-04T22:45:44Z,2026-08-05,0,45,Disneyland Park,Alice's Curious Labyrinth,14,CLOSED,STANDBY,0,,,queue-times.com
2026-08-04T22:45:44Z,2026-08-05,0,45,Disneyland Park,Blanche-Neige et les Sept Nains®,15,CLOSED,STANDBY,0,,,queue-times.com
2026-08-04T22:45:44Z,2026-08-05,0,45,Disneyland Park,Casey Jr. – le Petit Train du Cirque,17,CLOSED,STANDBY,0,,,queue-times.com
2026-08-04T22:45:44Z,2026-08-05,0,45,Disneyland Park,Disneyland Railroad Fantasyland Station,2711,CLOSED,STANDBY,0,,,queue-times.com
2026-08-04T22:45:44Z,2026-08-05,0,45,Disneyland Park,Disneyland Railroad Main Street Station,11,CLOSED,STANDBY,0,,,queue-times.com
2026-08-04T22:45:44Z,2026-08-05,0,45,Disneyland Park,Dumbo the Flying Elephant,18,CLOSED,STANDBY,0,,,queue-times.com
2026-08-04T22:45:44Z,2026-08-05,0,45,Disneyland Park,La Tanière du Dragon,2710,CLOSED,STANDBY,0,,,queue-times.com
2026-08-04T22:45:44Z,2026-08-05,0,45,Disneyland Park,Le Carrousel de Lancelot,16,CLOSED,STANDBY,0,,,queue-times.com
2026-08-04T22:45:44Z,2026-08-05,0,45,Disneyland Park,"Le Pays des Contes de Fées, presented by Vittel",21,CLOSED,STANDBY,0,,,queue-times.com
2026-08-04T22:45:44Z,2026-08-05,0,45,Disneyland Park,Les Voyages de Pinocchio,23,CLOSED,STANDBY,0,,,queue-times.com
2026-08-04T22:45:44Z,2026-08-05,0,45,Disneyland Park,Mad Hatter's Tea Cups,20,CLOSED,STANDBY,0,,,queue-times.com
2026-08-04T22:45:44Z,2026-08-05,0,45,Disneyland Park,Meet Mickey Mouse,13,CLOSED,STANDBY,0,,,queue-times.com
2026-08-04T22:45:44Z,2026-08-05,0,45,Disneyland Park,Peter Pan's Flight,22,CLOSED,STANDBY,0,,,queue-times.com
2026-08-04T22:45:44Z,2026-08-05,0,45,Disneyland Park,Princess Pavilion,24,CLOSED,STANDBY,0,,,queue-times.com
2026-08-04T22:45:44Z,2026-08-05,0,45,Disneyland Park,Big Thunder Mountain,25,CLOSED,STANDBY,0,,,queue-times.com
2026-08-04T22:45:44Z,2026-08-05,0,45,Disneyland Park,Disneyland Railroad Frontierland Depot,2714,CLOSED,STANDBY,0,,,queue-times.com
2026-08-04T22:45:44Z,2026-08-05,0,45,Disneyland Park,Frontierland Playground,2713,CLOSED,STANDBY,0,,,queue-times.com
2026-08-04T22:45:44Z,2026-08-05,0,45,Disneyland Park,Phantom Manor,26,CLOSED,STANDBY,0,,,queue-times.com
2026-08-04T22:45:44Z,2026-08-05,0,45,Disneyland Park,River Rogue Keelboats,27,CLOSED,STANDBY,0,,,queue-times.com
2026-08-04T22:45:44Z,2026-08-05,0,45,Disneyland Park,Rustler Roundup Shootin' Gallery,2712,CLOSED,STANDBY,0,,,queue-times.com
2026-08-04T22:45:44Z,2026-08-05,0,45,Disneyland Park,Thunder Mesa Riverboat Landing,28,CLOSED,STANDBY,0,,,queue-times.com
2026-08-04T22:45:44Z,2026-08-05,0,45,Disneyland Park,Disneyland Railroad Main Street Station,2708,CLOSED,STANDBY,0,,,queue-times.com
2026-08-04T22:45:44Z,2026-08-05,0,45,Disneyland Park,Main Street Vehicles,12,CLOSED,STANDBY,0,,,queue-times.com
2026-08-04T22:45:44Z,2026-08-05,0,45,Disney Adventure World,Avengers Assemble: Flight Force,10848,CLOSED,STANDBY,0,,,queue-times.com
2026-08-04T22:45:44Z,2026-08-05,0,45,Disney Adventure World,Avengers Assemble: Flight Force Single Rider,10849,CLOSED,STANDBY,0,,,queue-times.com
2026-08-04T22:45:44Z,2026-08-05,0,45,Disney Adventure World,Spider-Man W.E.B. Adventure,10845,CLOSED,STANDBY,0,,,queue-times.com
2026-08-04T22:45:44Z,2026-08-05,0,45,Disney Adventure World,Spider-Man W.E.B. Adventure Single Rider,10846,CLOSED,STANDBY,0,,,queue-times.com
2026-08-04T22:45:44Z,2026-08-05,0,45,Disney Adventure World,The Twilight Zone Tower of Terror,40,CLOSED,STANDBY,0,,,queue-times.com
2026-08-04T22:45:44Z,2026-08-05,0,45,Disney Adventure World,Cars Quatre Roues Rallye,31,CLOSED,STANDBY,0,,,queue-times.com
2026-08-04T22:45:44Z,2026-08-05,0,45,Disney Adventure World,Cars ROAD TRIP,29,CLOSED,STANDBY,0,,,queue-times.com
2026-08-04T22:45:44Z,2026-08-05,0,45,Disney Adventure World,Crush's Coaster,32,CLOSED,STANDBY,0,,,queue-times.com
2026-08-04T22:45:44Z,2026-08-05,0,45,Disney Adventure World,Crush's Coaster Single Rider,7277,CLOSED,STANDBY,0,,,queue-times.com
2026-08-04T22:45:44Z,2026-08-05,0,45,Disney Adventure World,Les Tapis Volants - Flying Carpets Over Agrabah®,33,CLOSED,STANDBY,0,,,queue-times.com
2026-08-04T22:45:44Z,2026-08-05,0,45,Disney Adventure World,Ratatouille : L’Aventure Totalement Toquée de Rémy​,37,CLOSED,STANDBY,0,,,queue-times.com
2026-08-04T22:45:44Z,2026-08-05,0,45,Disney Adventure World,Ratatouille: The Adventure Single Rider,7279,CLOSED,STANDBY,0,,,queue-times.com
2026-08-04T22:45:44Z,2026-08-05,0,45,Disney Adventure World,RC Racer,34,CLOSED,STANDBY,0,,,queue-times.com
2026-08-04T22:45:44Z,2026-08-05,0,45,Disney Adventure World,RC Racer Single Rider,7280,CLOSED,STANDBY,0,,,queue-times.com
2026-08-04T22:45:44Z,2026-08-05,0,45,Disney Adventure World,Slinky® Dog Zigzag Spin,36,CLOSED,STANDBY,0,,,queue-times.com
2026-08-04T22:45:44Z,2026-08-05,0,45,Disney Adventure World,Toy Soldiers Parachute Drop,35,CLOSED,STANDBY,0,,,queue-times.com
2026-08-04T22:45:44Z,2026-08-05,0,45,Disney Adventure World,Toy Soldiers Parachute Drop Single Rider,7281,CLOSED,STANDBY,0,,,queue-times.com
2026-08-04T22:45:44Z,2026-08-05,0,45,Disney Adventure World,Entry to World of Frozen,16247,CLOSED,STANDBY,0,,,queue-times.com
2026-08-04T22:45:44Z,2026-08-05,0,45,Disney Adventure World,Frozen Ever After,15413,CLOSED,STANDBY,0,,,queue-times.com
2026-08-04T22:45:44Z,2026-08-05,0,45,Disney Adventure World,Raiponce Tangled Spin,15415,CLOSED,STANDBY,0,,,queue-times.com
2026-08-04T23:01:24Z,2026-08-05,1,1,Disneyland Park,Adventure Isle,2702,CLOSED,STANDBY,0,,,queue-times.com
2026-08-04T23:01:24Z,2026-08-05,1,1,Disneyland Park,Indiana Jones and the Temple of Peril Single Rider,7306,CLOSED,STANDBY,0,,,queue-times.com
2026-08-04T23:01:24Z,2026-08-05,1,1,Disneyland Park,Indiana Jones™ and the Temple of Peril,2,CLOSED,STANDBY,0,,,queue-times.com
2026-08-04T23:01:24Z,2026-08-05,1,1,Disneyland Park,La Cabane des Robinson,1,CLOSED,STANDBY,0,,,queue-times.com
2026-08-04T23:01:24Z,2026-08-05,1,1,Disneyland Park,Le Passage Enchanté d'Aladdin,2703,CLOSED,STANDBY,0,,,queue-times.com
2026-08-04T23:01:24Z,2026-08-05,1,1,Disneyland Park,Pirate Galleon,2705,CLOSED,STANDBY,0,,,queue-times.com
2026-08-04T23:01:24Z,2026-08-05,1,1,Disneyland Park,Pirates of the Caribbean,3,CLOSED,STANDBY,0,,,queue-times.com
2026-08-04T23:01:24Z,2026-08-05,1,1,Disneyland Park,Pirates' Beach,2704,CLOSED,STANDBY,0,,,queue-times.com
2026-08-04T23:01:24Z,2026-08-05,1,1,Disneyland Park,"Autopia, presented by Avis",4,CLOSED,STANDBY,0,,,queue-times.com
2026-08-04T23:01:24Z,2026-08-05,1,1,Disneyland Park,Buzz Lightyear Laser Blast,5,CLOSED,STANDBY,0,,,queue-times.com
2026-08-04T23:01:24Z,2026-08-05,1,1,Disneyland Park,Disneyland Railroad Discoveryland Station,2706,CLOSED,STANDBY,0,,,queue-times.com
2026-08-04T23:01:24Z,2026-08-05,1,1,Disneyland Park,Les Mystères du Nautilus,6,CLOSED,STANDBY,0,,,queue-times.com
2026-08-04T23:01:24Z,2026-08-05,1,1,Disneyland Park,Mickey’s PhilharMagic,2707,CLOSED,STANDBY,0,,,queue-times.com
2026-08-04T23:01:24Z,2026-08-05,1,1,Disneyland Park,Orbitron®,7,CLOSED,STANDBY,0,,,queue-times.com
2026-08-04T23:01:24Z,2026-08-05,1,1,Disneyland Park,Star Tours: The Adventures Continue*,9,CLOSED,STANDBY,0,,,queue-times.com
2026-08-04T23:01:24Z,2026-08-05,1,1,Disneyland Park,Star Wars Hyperspace Mountain,8,CLOSED,STANDBY,0,,,queue-times.com
2026-08-04T23:01:24Z,2026-08-05,1,1,Disneyland Park,Star Wars Hyperspace Mountain Single Rider,7278,CLOSED,STANDBY,0,,,queue-times.com
2026-08-04T23:01:24Z,2026-08-05,1,1,Disneyland Park,Welcome to Starport: A Star Wars Encounter,4573,CLOSED,STANDBY,0,,,queue-times.com
2026-08-04T23:01:24Z,2026-08-05,1,1,Disneyland Park,"""it's a small world""",19,CLOSED,STANDBY,0,,,queue-times.com
2026-08-04T23:01:24Z,2026-08-05,1,1,Disneyland Park,Alice's Curious Labyrinth,14,CLOSED,STANDBY,0,,,queue-times.com
2026-08-04T23:01:24Z,2026-08-05,1,1,Disneyland Park,Blanche-Neige et les Sept Nains®,15,CLOSED,STANDBY,0,,,queue-times.com
2026-08-04T23:01:24Z,2026-08-05,1,1,Disneyland Park,Casey Jr. – le Petit Train du Cirque,17,CLOSED,STANDBY,0,,,queue-times.com
2026-08-04T23:01:24Z,2026-08-05,1,1,Disneyland Park,Disneyland Railroad Fantasyland Station,2711,CLOSED,STANDBY,0,,,queue-times.com
2026-08-04T23:01:24Z,2026-08-05,1,1,Disneyland Park,Disneyland Railroad Main Street Station,11,CLOSED,STANDBY,0,,,queue-times.com
2026-08-04T23:01:24Z,2026-08-05,1,1,Disneyland Park,Dumbo the Flying Elephant,18,CLOSED,STANDBY,0,,,queue-times.com
2026-08-04T23:01:24Z,2026-08-05,1,1,Disneyland Park,La Tanière du Dragon,2710,CLOSED,STANDBY,0,,,queue-times.com
2026-08-04T23:01:24Z,2026-08-05,1,1,Disneyland Park,Le Carrousel de Lancelot,16,CLOSED,STANDBY,0,,,queue-times.com
2026-08-04T23:01:24Z,2026-08-05,1,1,Disneyland Park,"Le Pays des Contes de Fées, presented by Vittel",21,CLOSED,STANDBY,0,,,queue-times.com
2026-08-04T23:01:24Z,2026-08-05,1,1,Disneyland Park,Les Voyages de Pinocchio,23,CLOSED,STANDBY,0,,,queue-times.com
2026-08-04T23:01:24Z,2026-08-05,1,1,Disneyland Park,Mad Hatter's Tea Cups,20,CLOSED,STANDBY,0,,,queue-times.com
2026-08-04T23:01:24Z,2026-08-05,1,1,Disneyland Park,Meet Mickey Mouse,13,CLOSED,STANDBY,0,,,queue-times.com
2026-08-04T23:01:24Z,2026-08-05,1,1,Disneyland Park,Peter Pan's Flight,22,CLOSED,STANDBY,0,,,queue-times.com
2026-08-04T23:01:24Z,2026-08-05,1,1,Disneyland Park,Princess Pavilion,24,CLOSED,STANDBY,0,,,queue-times.com
2026-08-04T23:01:24Z,2026-08-05,1,1,Disneyland Park,Big Thunder Mountain,25,CLOSED,STANDBY,0,,,queue-times.com
2026-08-04T23:01:24Z,2026-08-05,1,1,Disneyland Park,Disneyland Railroad Frontierland Depot,2714,CLOSED,STANDBY,0,,,queue-times.com
2026-08-04T23:01:24Z,2026-08-05,1,1,Disneyland Park,Frontierland Playground,2713,CLOSED,STANDBY,0,,,queue-times.com
2026-08-04T23:01:24Z,2026-08-05,1,1,Disneyland Park,Phantom Manor,26,CLOSED,STANDBY,0,,,queue-times.com
2026-08-04T23:01:24Z,2026-08-05,1,1,Disneyland Park,River Rogue Keelboats,27,CLOSED,STANDBY,0,,,queue-times.com
2026-08-04T23:01:24Z,2026-08-05,1,1,Disneyland Park,Rustler Roundup Shootin' Gallery,2712,CLOSED,STANDBY,0,,,queue-times.com
2026-08-04T23:01:24Z,2026-08-05,1,1,Disneyland Park,Thunder Mesa Riverboat Landing,28,CLOSED,STANDBY,0,,,queue-times.com
2026-08-04T23:01:24Z,2026-08-05,1,1,Disneyland Park,Disneyland Railroad Main Street Station,2708,CLOSED,STANDBY,0,,,queue-times.com
2026-08-04T23:01:24Z,2026-08-05,1,1,Disneyland Park,Main Street Vehicles,12,CLOSED,STANDBY,0,,,queue-times.com
2026-08-04T23:01:24Z,2026-08-05,1,1,Disney Adventure World,Avengers Assemble: Flight Force,10848,CLOSED,STANDBY,0,,,queue-times.com
2026-08-04T23:01:24Z,2026-08-05,1,1,Disney Adventure World,Avengers Assemble: Flight Force Single Rider,10849,CLOSED,STANDBY,0,,,queue-times.com
2026-08-04T23:01:24Z,2026-08-05,1,1,Disney Adventure World,Spider-Man W.E.B. Adventure,10845,CLOSED,STANDBY,0,,,queue-times.com
2026-08-04T23:01:24Z,2026-08-05,1,1,Disney Adventure World,Spider-Man W.E.B. Adventure Single Rider,10846,CLOSED,STANDBY,0,,,queue-times.com
2026-08-04T23:01:24Z,2026-08-05,1,1,Disney Adventure World,The Twilight Zone Tower of Terror,40,CLOSED,STANDBY,0,,,queue-times.com
2026-08-04T23:01:24Z,2026-08-05,1,1,Disney Adventure World,Cars Quatre Roues Rallye,31,CLOSED,STANDBY,0,,,queue-times.com
2026-08-04T23:01:24Z,2026-08-05,1,1,Disney Adventure World,Cars ROAD TRIP,29,CLOSED,STANDBY,0,,,queue-times.com
2026-08-04T23:01:24Z,2026-08-05,1,1,Disney Adventure World,Crush's Coaster,32,CLOSED,STANDBY,0,,,queue-times.com
2026-08-04T23:01:24Z,2026-08-05,1,1,Disney Adventure World,Crush's Coaster Single Rider,7277,CLOSED,STANDBY,0,,,queue-times.com
2026-08-04T23:01:24Z,2026-08-05,1,1,Disney Adventure World,Les Tapis Volants - Flying Carpets Over Agrabah®,33,CLOSED,STANDBY,0,,,queue-times.com
2026-08-04T23:01:24Z,2026-08-05,1,1,Disney Adventure World,Ratatouille : L’Aventure Totalement Toquée de Rémy​,37,CLOSED,STANDBY,0,,,queue-times.com
2026-08-04T23:01:24Z,2026-08-05,1,1,Disney Adventure World,Ratatouille: The Adventure Single Rider,7279,CLOSED,STANDBY,0,,,queue-times.com
2026-08-04T23:01:24Z,2026-08-05,1,1,Disney Adventure World,RC Racer,34,CLOSED,STANDBY,0,,,queue-times.com
2026-08-04T23:01:24Z,2026-08-05,1,1,Disney Adventure World,RC Racer Single Rider,7280,CLOSED,STANDBY,0,,,queue-times.com
2026-08-04T23:01:24Z,2026-08-05,1,1,Disney Adventure World,Slinky® Dog Zigzag Spin,36,CLOSED,STANDBY,0,,,queue-times.com
2026-08-04T23:01:24Z,2026-08-05,1,1,Disney Adventure World,Toy Soldiers Parachute Drop,35,CLOSED,STANDBY,0,,,queue-times.com
2026-08-04T23:01:24Z,2026-08-05,1,1,Disney Adventure World,Toy Soldiers Parachute Drop Single Rider,7281,CLOSED,STANDBY,0,,,queue-times.com
2026-08-04T23:01:24Z,2026-08-05,1,1,Disney Adventure World,Entry to World of Frozen,16247,CLOSED,STANDBY,0,,,queue-times.com
2026-08-04T23:01:24Z,2026-08-05,1,1,Disney Adventure World,Frozen Ever After,15413,CLOSED,STANDBY,0,,,queue-times.com
2026-08-04T23:01:24Z,2026-08-05,1,1,Disney Adventure World,Raiponce Tangled Spin,15415,CLOSED,STANDBY,0,,,queue-times.com
2026-08-04T23:14:25Z,2026-08-05,1,14,Disneyland Park,Adventure Isle,2702,CLOSED,STANDBY,0,,,queue-times.com
2026-08-04T23:14:25Z,2026-08-05,1,14,Disneyland Park,Indiana Jones and the Temple of Peril Single Rider,7306,CLOSED,STANDBY,0,,,queue-times.com
2026-08-04T23:14:25Z,2026-08-05,1,14,Disneyland Park,Indiana Jones™ and the Temple of Peril,2,CLOSED,STANDBY,0,,,queue-times.com
2026-08-04T23:14:25Z,2026-08-05,1,14,Disneyland Park,La Cabane des Robinson,1,CLOSED,STANDBY,0,,,queue-times.com
2026-08-04T23:14:25Z,2026-08-05,1,14,Disneyland Park,Le Passage Enchanté d'Aladdin,2703,CLOSED,STANDBY,0,,,queue-times.com
2026-08-04T23:14:25Z,2026-08-05,1,14,Disneyland Park,Pirate Galleon,2705,CLOSED,STANDBY,0,,,queue-times.com
2026-08-04T23:14:25Z,2026-08-05,1,14,Disneyland Park,Pirates of the Caribbean,3,CLOSED,STANDBY,0,,,queue-times.com
2026-08-04T23:14:25Z,2026-08-05,1,14,Disneyland Park,Pirates' Beach,2704,CLOSED,STANDBY,0,,,queue-times.com
2026-08-04T23:14:25Z,2026-08-05,1,14,Disneyland Park,"Autopia, presented by Avis",4,CLOSED,STANDBY,0,,,queue-times.com
2026-08-04T23:14:25Z,2026-08-05,1,14,Disneyland Park,Buzz Lightyear Laser Blast,5,CLOSED,STANDBY,0,,,queue-times.com
2026-08-04T23:14:25Z,2026-08-05,1,14,Disneyland Park,Disneyland Railroad Discoveryland Station,2706,CLOSED,STANDBY,0,,,queue-times.com
2026-08-04T23:14:25Z,2026-08-05,1,14,Disneyland Park,Les Mystères du Nautilus,6,CLOSED,STANDBY,0,,,queue-times.com
2026-08-04T23:14:25Z,2026-08-05,1,14,Disneyland Park,Mickey’s PhilharMagic,2707,CLOSED,STANDBY,0,,,queue-times.com
2026-08-04T23:14:25Z,2026-08-05,1,14,Disneyland Park,Orbitron®,7,CLOSED,STANDBY,0,,,queue-times.com
2026-08-04T23:14:25Z,2026-08-05,1,14,Disneyland Park,Star Tours: The Adventures Continue*,9,CLOSED,STANDBY,0,,,queue-times.com
2026-08-04T23:14:25Z,2026-08-05,1,14,Disneyland Park,Star Wars Hyperspace Mountain,8,CLOSED,STANDBY,0,,,queue-times.com
2026-08-04T23:14:25Z,2026-08-05,1,14,Disneyland Park,Star Wars Hyperspace Mountain Single Rider,7278,CLOSED,STANDBY,0,,,queue-times.com
2026-08-04T23:14:25Z,2026-08-05,1,14,Disneyland Park,Welcome to Starport: A Star Wars Encounter,4573,CLOSED,STANDBY,0,,,queue-times.com
2026-08-04T23:14:25Z,2026-08-05,1,14,Disneyland Park,"""it's a small world""",19,CLOSED,STANDBY,0,,,queue-times.com
2026-08-04T23:14:25Z,2026-08-05,1,14,Disneyland Park,Alice's Curious Labyrinth,14,CLOSED,STANDBY,0,,,queue-times.com
2026-08-04T23:14:25Z,2026-08-05,1,14,Disneyland Park,Blanche-Neige et les Sept Nains®,15,CLOSED,STANDBY,0,,,queue-times.com
2026-08-04T23:14:25Z,2026-08-05,1,14,Disneyland Park,Casey Jr. – le Petit Train du Cirque,17,CLOSED,STANDBY,0,,,queue-times.com
2026-08-04T23:14:25Z,2026-08-05,1,14,Disneyland Park,Disneyland Railroad Fantasyland Station,2711,CLOSED,STANDBY,0,,,queue-times.com
2026-08-04T23:14:25Z,2026-08-05,1,14,Disneyland Park,Disneyland Railroad Main Street Station,11,CLOSED,STANDBY,0,,,queue-times.com
2026-08-04T23:14:25Z,2026-08-05,1,14,Disneyland Park,Dumbo the Flying Elephant,18,CLOSED,STANDBY,0,,,queue-times.com
2026-08-04T23:14:25Z,2026-08-05,1,14,Disneyland Park,La Tanière du Dragon,2710,CLOSED,STANDBY,0,,,queue-times.com
2026-08-04T23:14:25Z,2026-08-05,1,14,Disneyland Park,Le Carrousel de Lancelot,16,CLOSED,STANDBY,0,,,queue-times.com
2026-08-04T23:14:25Z,2026-08-05,1,14,Disneyland Park,"Le Pays des Contes de Fées, presented by Vittel",21,CLOSED,STANDBY,0,,,queue-times.com
2026-08-04T23:14:25Z,2026-08-05,1,14,Disneyland Park,Les Voyages de Pinocchio,23,CLOSED,STANDBY,0,,,queue-times.com
2026-08-04T23:14:25Z,2026-08-05,1,14,Disneyland Park,Mad Hatter's Tea Cups,20,CLOSED,STANDBY,0,,,queue-times.com
2026-08-04T23:14:25Z,2026-08-05,1,14,Disneyland Park,Meet Mickey Mouse,13,CLOSED,STANDBY,0,,,queue-times.com
2026-08-04T23:14:25Z,2026-08-05,1,14,Disneyland Park,Peter Pan's Flight,22,CLOSED,STANDBY,0,,,queue-times.com
2026-08-04T23:14:25Z,2026-08-05,1,14,Disneyland Park,Princess Pavilion,24,CLOSED,STANDBY,0,,,queue-times.com
2026-08-04T23:14:25Z,2026-08-05,1,14,Disneyland Park,Big Thunder Mountain,25,CLOSED,STANDBY,0,,,queue-times.com
2026-08-04T23:14:25Z,2026-08-05,1,14,Disneyland Park,Disneyland Railroad Frontierland Depot,2714,CLOSED,STANDBY,0,,,queue-times.com
2026-08-04T23:14:25Z,2026-08-05,1,14,Disneyland Park,Frontierland Playground,2713,CLOSED,STANDBY,0,,,queue-times.com
2026-08-04T23:14:25Z,2026-08-05,1,14,Disneyland Park,Phantom Manor,26,CLOSED,STANDBY,0,,,queue-times.com
2026-08-04T23:14:25Z,2026-08-05,1,14,Disneyland Park,River Rogue Keelboats,27,CLOSED,STANDBY,0,,,queue-times.com
2026-08-04T23:14:25Z,2026-08-05,1,14,Disneyland Park,Rustler Roundup Shootin' Gallery,2712,CLOSED,STANDBY,0,,,queue-times.com
2026-08-04T23:14:25Z,2026-08-05,1,14,Disneyland Park,Thunder Mesa Riverboat Landing,28,CLOSED,STANDBY,0,,,queue-times.com
2026-08-04T23:14:25Z,2026-08-05,1,14,Disneyland Park,Disneyland Railroad Main Street Station,2708,CLOSED,STANDBY,0,,,queue-times.com
2026-08-04T23:14:25Z,2026-08-05,1,14,Disneyland Park,Main Street Vehicles,12,CLOSED,STANDBY,0,,,queue-times.com
2026-08-04T23:14:25Z,2026-08-05,1,14,Disney Adventure World,Avengers Assemble: Flight Force,10848,CLOSED,STANDBY,0,,,queue-times.com
2026-08-04T23:14:25Z,2026-08-05,1,14,Disney Adventure World,Avengers Assemble: Flight Force Single Rider,10849,CLOSED,STANDBY,0,,,queue-times.com
2026-08-04T23:14:25Z,2026-08-05,1,14,Disney Adventure World,Spider-Man W.E.B. Adventure,10845,CLOSED,STANDBY,0,,,queue-times.com
2026-08-04T23:14:25Z,2026-08-05,1,14,Disney Adventure World,Spider-Man W.E.B. Adventure Single Rider,10846,CLOSED,STANDBY,0,,,queue-times.com
2026-08-04T23:14:25Z,2026-08-05,1,14,Disney Adventure World,The Twilight Zone Tower of Terror,40,CLOSED,STANDBY,0,,,queue-times.com
2026-08-04T23:14:25Z,2026-08-05,1,14,Disney Adventure World,Cars Quatre Roues Rallye,31,CLOSED,STANDBY,0,,,queue-times.com
2026-08-04T23:14:25Z,2026-08-05,1,14,Disney Adventure World,Cars ROAD TRIP,29,CLOSED,STANDBY,0,,,queue-times.com
2026-08-04T23:14:25Z,2026-08-05,1,14,Disney Adventure World,Crush's Coaster,32,CLOSED,STANDBY,0,,,queue-times.com
2026-08-04T23:14:25Z,2026-08-05,1,14,Disney Adventure World,Crush's Coaster Single Rider,7277,CLOSED,STANDBY,0,,,queue-times.com
2026-08-04T23:14:25Z,2026-08-05,1,14,Disney Adventure World,Les Tapis Volants - Flying Carpets Over Agrabah®,33,CLOSED,STANDBY,0,,,queue-times.com
2026-08-04T23:14:25Z,2026-08-05,1,14,Disney Adventure World,Ratatouille : L’Aventure Totalement Toquée de Rémy​,37,CLOSED,STANDBY,0,,,queue-times.com
2026-08-04T23:14:25Z,2026-08-05,1,14,Disney Adventure World,Ratatouille: The Adventure Single Rider,7279,CLOSED,STANDBY,0,,,queue-times.com
2026-08-04T23:14:25Z,2026-08-05,1,14,Disney Adventure World,RC Racer,34,CLOSED,STANDBY,0,,,queue-times.com
2026-08-04T23:14:25Z,2026-08-05,1,14,Disney Adventure World,RC Racer Single Rider,7280,CLOSED,STANDBY,0,,,queue-times.com
2026-08-04T23:14:25Z,2026-08-05,1,14,Disney Adventure World,Slinky® Dog Zigzag Spin,36,CLOSED,STANDBY,0,,,queue-times.com
2026-08-04T23:14:25Z,2026-08-05,1,14,Disney Adventure World,Toy Soldiers Parachute Drop,35,CLOSED,STANDBY,0,,,queue-times.com
2026-08-04T23:14:25Z,2026-08-05,1,14,Disney Adventure World,Toy Soldiers Parachute Drop Single Rider,7281,CLOSED,STANDBY,0,,,queue-times.com
2026-08-04T23:14:25Z,2026-08-05,1,14,Disney Adventure World,Entry to World of Frozen,16247,CLOSED,STANDBY,0,,,queue-times.com
2026-08-04T23:14:25Z,2026-08-05,1,14,Disney Adventure World,Frozen Ever After,15413,CLOSED,STANDBY,0,,,queue-times.com
2026-08-04T23:14:25Z,2026-08-05,1,14,Disney Adventure World,Raiponce Tangled Spin,15415,CLOSED,STANDBY,0,,,queue-times.com
2026-08-04T23:15:44Z,2026-08-05,1,15,Disneyland Park,Adventure Isle,2702,CLOSED,STANDBY,0,,,queue-times.com
2026-08-04T23:15:44Z,2026-08-05,1,15,Disneyland Park,Indiana Jones and the Temple of Peril Single Rider,7306,CLOSED,STANDBY,0,,,queue-times.com
2026-08-04T23:15:44Z,2026-08-05,1,15,Disneyland Park,Indiana Jones™ and the Temple of Peril,2,CLOSED,STANDBY,0,,,queue-times.com
2026-08-04T23:15:44Z,2026-08-05,1,15,Disneyland Park,La Cabane des Robinson,1,CLOSED,STANDBY,0,,,queue-times.com
2026-08-04T23:15:44Z,2026-08-05,1,15,Disneyland Park,Le Passage Enchanté d'Aladdin,2703,CLOSED,STANDBY,0,,,queue-times.com
2026-08-04T23:15:44Z,2026-08-05,1,15,Disneyland Park,Pirate Galleon,2705,CLOSED,STANDBY,0,,,queue-times.com
2026-08-04T23:15:44Z,2026-08-05,1,15,Disneyland Park,Pirates of the Caribbean,3,CLOSED,STANDBY,0,,,queue-times.com
2026-08-04T23:15:44Z,2026-08-05,1,15,Disneyland Park,Pirates' Beach,2704,CLOSED,STANDBY,0,,,queue-times.com
2026-08-04T23:15:44Z,2026-08-05,1,15,Disneyland Park,"Autopia, presented by Avis",4,CLOSED,STANDBY,0,,,queue-times.com
2026-08-04T23:15:44Z,2026-08-05,1,15,Disneyland Park,Buzz Lightyear Laser Blast,5,CLOSED,STANDBY,0,,,queue-times.com
2026-08-04T23:15:44Z,2026-08-05,1,15,Disneyland Park,Disneyland Railroad Discoveryland Station,2706,CLOSED,STANDBY,0,,,queue-times.com
2026-08-04T23:15:44Z,2026-08-05,1,15,Disneyland Park,Les Mystères du Nautilus,6,CLOSED,STANDBY,0,,,queue-times.com
2026-08-04T23:15:44Z,2026-08-05,1,15,Disneyland Park,Mickey’s PhilharMagic,2707,CLOSED,STANDBY,0,,,queue-times.com
2026-08-04T23:15:44Z,2026-08-05,1,15,Disneyland Park,Orbitron®,7,CLOSED,STANDBY,0,,,queue-times.com
2026-08-04T23:15:44Z,2026-08-05,1,15,Disneyland Park,Star Tours: The Adventures Continue*,9,CLOSED,STANDBY,0,,,queue-times.com
2026-08-04T23:15:44Z,2026-08-05,1,15,Disneyland Park,Star Wars Hyperspace Mountain,8,CLOSED,STANDBY,0,,,queue-times.com
2026-08-04T23:15:44Z,2026-08-05,1,15,Disneyland Park,Star Wars Hyperspace Mountain Single Rider,7278,CLOSED,STANDBY,0,,,queue-times.com
2026-08-04T23:15:44Z,2026-08-05,1,15,Disneyland Park,Welcome to Starport: A Star Wars Encounter,4573,CLOSED,STANDBY,0,,,queue-times.com
2026-08-04T23:15:44Z,2026-08-05,1,15,Disneyland Park,"""it's a small world""",19,CLOSED,STANDBY,0,,,queue-times.com
2026-08-04T23:15:44Z,2026-08-05,1,15,Disneyland Park,Alice's Curious Labyrinth,14,CLOSED,STANDBY,0,,,queue-times.com
2026-08-04T23:15:44Z,2026-08-05,1,15,Disneyland Park,Blanche-Neige et les Sept Nains®,15,CLOSED,STANDBY,0,,,queue-times.com
2026-08-04T23:15:44Z,2026-08-05,1,15,Disneyland Park,Casey Jr. – le Petit Train du Cirque,17,CLOSED,STANDBY,0,,,queue-times.com
2026-08-04T23:15:44Z,2026-08-05,1,15,Disneyland Park,Disneyland Railroad Fantasyland Station,2711,CLOSED,STANDBY,0,,,queue-times.com
2026-08-04T23:15:44Z,2026-08-05,1,15,Disneyland Park,Disneyland Railroad Main Street Station,11,CLOSED,STANDBY,0,,,queue-times.com
2026-08-04T23:15:44Z,2026-08-05,1,15,Disneyland Park,Dumbo the Flying Elephant,18,CLOSED,STANDBY,0,,,queue-times.com
2026-08-04T23:15:44Z,2026-08-05,1,15,Disneyland Park,La Tanière du Dragon,2710,CLOSED,STANDBY,0,,,queue-times.com
2026-08-04T23:15:44Z,2026-08-05,1,15,Disneyland Park,Le Carrousel de Lancelot,16,CLOSED,STANDBY,0,,,queue-times.com
2026-08-04T23:15:44Z,2026-08-05,1,15,Disneyland Park,"Le Pays des Contes de Fées, presented by Vittel",21,CLOSED,STANDBY,0,,,queue-times.com
2026-08-04T23:15:44Z,2026-08-05,1,15,Disneyland Park,Les Voyages de Pinocchio,23,CLOSED,STANDBY,0,,,queue-times.com
2026-08-04T23:15:44Z,2026-08-05,1,15,Disneyland Park,Mad Hatter's Tea Cups,20,CLOSED,STANDBY,0,,,queue-times.com
2026-08-04T23:15:44Z,2026-08-05,1,15,Disneyland Park,Meet Mickey Mouse,13,CLOSED,STANDBY,0,,,queue-times.com
2026-08-04T23:15:44Z,2026-08-05,1,15,Disneyland Park,Peter Pan's Flight,22,CLOSED,STANDBY,0,,,queue-times.com
2026-08-04T23:15:44Z,2026-08-05,1,15,Disneyland Park,Princess Pavilion,24,CLOSED,STANDBY,0,,,queue-times.com
2026-08-04T23:15:44Z,2026-08-05,1,15,Disneyland Park,Big Thunder Mountain,25,CLOSED,STANDBY,0,,,queue-times.com
2026-08-04T23:15:44Z,2026-08-05,1,15,Disneyland Park,Disneyland Railroad Frontierland Depot,2714,CLOSED,STANDBY,0,,,queue-times.com
2026-08-04T23:15:44Z,2026-08-05,1,15,Disneyland Park,Frontierland Playground,2713,CLOSED,STANDBY,0,,,queue-times.com
2026-08-04T23:15:44Z,2026-08-05,1,15,Disneyland Park,Phantom Manor,26,CLOSED,STANDBY,0,,,queue-times.com
2026-08-04T23:15:44Z,2026-08-05,1,15,Disneyland Park,River Rogue Keelboats,27,CLOSED,STANDBY,0,,,queue-times.com
2026-08-04T23:15:44Z,2026-08-05,1,15,Disneyland Park,Rustler Roundup Shootin' Gallery,2712,CLOSED,STANDBY,0,,,queue-times.com
2026-08-04T23:15:44Z,2026-08-05,1,15,Disneyland Park,Thunder Mesa Riverboat Landing,28,CLOSED,STANDBY,0,,,queue-times.com
2026-08-04T23:15:44Z,2026-08-05,1,15,Disneyland Park,Disneyland Railroad Main Street Station,2708,CLOSED,STANDBY,0,,,queue-times.com
2026-08-04T23:15:44Z,2026-08-05,1,15,Disneyland Park,Main Street Vehicles,12,CLOSED,STANDBY,0,,,queue-times.com
2026-08-04T23:15:44Z,2026-08-05,1,15,Disney Adventure World,Avengers Assemble: Flight Force,10848,CLOSED,STANDBY,0,,,queue-times.com
2026-08-04T23:15:44Z,2026-08-05,1,15,Disney Adventure World,Avengers Assemble: Flight Force Single Rider,10849,CLOSED,STANDBY,0,,,queue-times.com
2026-08-04T23:15:44Z,2026-08-05,1,15,Disney Adventure World,Spider-Man W.E.B. Adventure,10845,CLOSED,STANDBY,0,,,queue-times.com
2026-08-04T23:15:44Z,2026-08-05,1,15,Disney Adventure World,Spider-Man W.E.B. Adventure Single Rider,10846,CLOSED,STANDBY,0,,,queue-times.com
2026-08-04T23:15:44Z,2026-08-05,1,15,Disney Adventure World,The Twilight Zone Tower of Terror,40,CLOSED,STANDBY,0,,,queue-times.com
2026-08-04T23:15:44Z,2026-08-05,1,15,Disney Adventure World,Cars Quatre Roues Rallye,31,CLOSED,STANDBY,0,,,queue-times.com
2026-08-04T23:15:44Z,2026-08-05,1,15,Disney Adventure World,Cars ROAD TRIP,29,CLOSED,STANDBY,0,,,queue-times.com
2026-08-04T23:15:44Z,2026-08-05,1,15,Disney Adventure World,Crush's Coaster,32,CLOSED,STANDBY,0,,,queue-times.com
2026-08-04T23:15:44Z,2026-08-05,1,15,Disney Adventure World,Crush's Coaster Single Rider,7277,CLOSED,STANDBY,0,,,queue-times.com
2026-08-04T23:15:44Z,2026-08-05,1,15,Disney Adventure World,Les Tapis Volants - Flying Carpets Over Agrabah®,33,CLOSED,STANDBY,0,,,queue-times.com
2026-08-04T23:15:44Z,2026-08-05,1,15,Disney Adventure World,Ratatouille : L’Aventure Totalement Toquée de Rémy​,37,CLOSED,STANDBY,0,,,queue-times.com
2026-08-04T23:15:44Z,2026-08-05,1,15,Disney Adventure World,Ratatouille: The Adventure Single Rider,7279,CLOSED,STANDBY,0,,,queue-times.com
2026-08-04T23:15:44Z,2026-08-05,1,15,Disney Adventure World,RC Racer,34,CLOSED,STANDBY,0,,,queue-times.com
2026-08-04T23:15:44Z,2026-08-05,1,15,Disney Adventure World,RC Racer Single Rider,7280,CLOSED,STANDBY,0,,,queue-times.com
2026-08-04T23:15:44Z,2026-08-05,1,15,Disney Adventure World,Slinky® Dog Zigzag Spin,36,CLOSED,STANDBY,0,,,queue-times.com
2026-08-04T23:15:44Z,2026-08-05,1,15,Disney Adventure World,Toy Soldiers Parachute Drop,35,CLOSED,STANDBY,0,,,queue-times.com
2026-08-04T23:15:44Z,2026-08-05,1,15,Disney Adventure World,Toy Soldiers Parachute Drop Single Rider,7281,CLOSED,STANDBY,0,,,queue-times.com
2026-08-04T23:15:44Z,2026-08-05,1,15,Disney Adventure World,Entry to World of Frozen,16247,CLOSED,STANDBY,0,,,queue-times.com
2026-08-04T23:15:44Z,2026-08-05,1,15,Disney Adventure World,Frozen Ever After,15413,CLOSED,STANDBY,0,,,queue-times.com
2026-08-04T23:15:44Z,2026-08-05,1,15,Disney Adventure World,Raiponce Tangled Spin,15415,CLOSED,STANDBY,0,,,queue-times.com
2026-08-04T23:31:12Z,2026-08-05,1,31,Disneyland Park,Adventure Isle,2702,CLOSED,STANDBY,0,,,queue-times.com
2026-08-04T23:31:12Z,2026-08-05,1,31,Disneyland Park,Indiana Jones and the Temple of Peril Single Rider,7306,CLOSED,STANDBY,0,,,queue-times.com
2026-08-04T23:31:12Z,2026-08-05,1,31,Disneyland Park,Indiana Jones™ and the Temple of Peril,2,CLOSED,STANDBY,0,,,queue-times.com
2026-08-04T23:31:12Z,2026-08-05,1,31,Disneyland Park,La Cabane des Robinson,1,CLOSED,STANDBY,0,,,queue-times.com
2026-08-04T23:31:12Z,2026-08-05,1,31,Disneyland Park,Le Passage Enchanté d'Aladdin,2703,CLOSED,STANDBY,0,,,queue-times.com
2026-08-04T23:31:12Z,2026-08-05,1,31,Disneyland Park,Pirate Galleon,2705,CLOSED,STANDBY,0,,,queue-times.com
2026-08-04T23:31:12Z,2026-08-05,1,31,Disneyland Park,Pirates of the Caribbean,3,CLOSED,STANDBY,0,,,queue-times.com
2026-08-04T23:31:12Z,2026-08-05,1,31,Disneyland Park,Pirates' Beach,2704,CLOSED,STANDBY,0,,,queue-times.com
2026-08-04T23:31:12Z,2026-08-05,1,31,Disneyland Park,"Autopia, presented by Avis",4,CLOSED,STANDBY,0,,,queue-times.com
2026-08-04T23:31:12Z,2026-08-05,1,31,Disneyland Park,Buzz Lightyear Laser Blast,5,CLOSED,STANDBY,0,,,queue-times.com
2026-08-04T23:31:12Z,2026-08-05,1,31,Disneyland Park,Disneyland Railroad Discoveryland Station,2706,CLOSED,STANDBY,0,,,queue-times.com
2026-08-04T23:31:12Z,2026-08-05,1,31,Disneyland Park,Les Mystères du Nautilus,6,CLOSED,STANDBY,0,,,queue-times.com
2026-08-04T23:31:12Z,2026-08-05,1,31,Disneyland Park,Mickey’s PhilharMagic,2707,CLOSED,STANDBY,0,,,queue-times.com
2026-08-04T23:31:12Z,2026-08-05,1,31,Disneyland Park,Orbitron®,7,CLOSED,STANDBY,0,,,queue-times.com
2026-08-04T23:31:12Z,2026-08-05,1,31,Disneyland Park,Star Tours: The Adventures Continue*,9,CLOSED,STANDBY,0,,,queue-times.com
2026-08-04T23:31:12Z,2026-08-05,1,31,Disneyland Park,Star Wars Hyperspace Mountain,8,CLOSED,STANDBY,0,,,queue-times.com
2026-08-04T23:31:12Z,2026-08-05,1,31,Disneyland Park,Star Wars Hyperspace Mountain Single Rider,7278,CLOSED,STANDBY,0,,,queue-times.com
2026-08-04T23:31:12Z,2026-08-05,1,31,Disneyland Park,Welcome to Starport: A Star Wars Encounter,4573,CLOSED,STANDBY,0,,,queue-times.com
2026-08-04T23:31:12Z,2026-08-05,1,31,Disneyland Park,"""it's a small world""",19,CLOSED,STANDBY,0,,,queue-times.com
2026-08-04T23:31:12Z,2026-08-05,1,31,Disneyland Park,Alice's Curious Labyrinth,14,CLOSED,STANDBY,0,,,queue-times.com
2026-08-04T23:31:12Z,2026-08-05,1,31,Disneyland Park,Blanche-Neige et les Sept Nains®,15,CLOSED,STANDBY,0,,,queue-times.com
2026-08-04T23:31:12Z,2026-08-05,1,31,Disneyland Park,Casey Jr. – le Petit Train du Cirque,17,CLOSED,STANDBY,0,,,queue-times.com
2026-08-04T23:31:12Z,2026-08-05,1,31,Disneyland Park,Disneyland Railroad Fantasyland Station,2711,CLOSED,STANDBY,0,,,queue-times.com
2026-08-04T23:31:12Z,2026-08-05,1,31,Disneyland Park,Disneyland Railroad Main Street Station,11,CLOSED,STANDBY,0,,,queue-times.com
2026-08-04T23:31:12Z,2026-08-05,1,31,Disneyland Park,Dumbo the Flying Elephant,18,CLOSED,STANDBY,0,,,queue-times.com
2026-08-04T23:31:12Z,2026-08-05,1,31,Disneyland Park,La Tanière du Dragon,2710,CLOSED,STANDBY,0,,,queue-times.com
2026-08-04T23:31:12Z,2026-08-05,1,31,Disneyland Park,Le Carrousel de Lancelot,16,CLOSED,STANDBY,0,,,queue-times.com
2026-08-04T23:31:12Z,2026-08-05,1,31,Disneyland Park,"Le Pays des Contes de Fées, presented by Vittel",21,CLOSED,STANDBY,0,,,queue-times.com
2026-08-04T23:31:12Z,2026-08-05,1,31,Disneyland Park,Les Voyages de Pinocchio,23,CLOSED,STANDBY,0,,,queue-times.com
2026-08-04T23:31:12Z,2026-08-05,1,31,Disneyland Park,Mad Hatter's Tea Cups,20,CLOSED,STANDBY,0,,,queue-times.com
2026-08-04T23:31:12Z,2026-08-05,1,31,Disneyland Park,Meet Mickey Mouse,13,CLOSED,STANDBY,0,,,queue-times.com
2026-08-04T23:31:12Z,2026-08-05,1,31,Disneyland Park,Peter Pan's Flight,22,CLOSED,STANDBY,0,,,queue-times.com
2026-08-04T23:31:12Z,2026-08-05,1,31,Disneyland Park,Princess Pavilion,24,CLOSED,STANDBY,0,,,queue-times.com
2026-08-04T23:31:12Z,2026-08-05,1,31,Disneyland Park,Big Thunder Mountain,25,CLOSED,STANDBY,0,,,queue-times.com
2026-08-04T23:31:12Z,2026-08-05,1,31,Disneyland Park,Disneyland Railroad Frontierland Depot,2714,CLOSED,STANDBY,0,,,queue-times.com
2026-08-04T23:31:12Z,2026-08-05,1,31,Disneyland Park,Frontierland Playground,2713,CLOSED,STANDBY,0,,,queue-times.com
2026-08-04T23:31:12Z,2026-08-05,1,31,Disneyland Park,Phantom Manor,26,CLOSED,STANDBY,0,,,queue-times.com
2026-08-04T23:31:12Z,2026-08-05,1,31,Disneyland Park,River Rogue Keelboats,27,CLOSED,STANDBY,0,,,queue-times.com
2026-08-04T23:31:12Z,2026-08-05,1,31,Disneyland Park,Rustler Roundup Shootin' Gallery,2712,CLOSED,STANDBY,0,,,queue-times.com
2026-08-04T23:31:12Z,2026-08-05,1,31,Disneyland Park,Thunder Mesa Riverboat Landing,28,CLOSED,STANDBY,0,,,queue-times.com
2026-08-04T23:31:12Z,2026-08-05,1,31,Disneyland Park,Disneyland Railroad Main Street Station,2708,CLOSED,STANDBY,0,,,queue-times.com
2026-08-04T23:31:12Z,2026-08-05,1,31,Disneyland Park,Main Street Vehicles,12,CLOSED,STANDBY,0,,,queue-times.com
2026-08-04T23:31:12Z,2026-08-05,1,31,Disney Adventure World,Avengers Assemble: Flight Force,10848,CLOSED,STANDBY,0,,,queue-times.com
2026-08-04T23:31:12Z,2026-08-05,1,31,Disney Adventure World,Avengers Assemble: Flight Force Single Rider,10849,CLOSED,STANDBY,0,,,queue-times.com
2026-08-04T23:31:12Z,2026-08-05,1,31,Disney Adventure World,Spider-Man W.E.B. Adventure,10845,CLOSED,STANDBY,0,,,queue-times.com
2026-08-04T23:31:12Z,2026-08-05,1,31,Disney Adventure World,Spider-Man W.E.B. Adventure Single Rider,10846,CLOSED,STANDBY,0,,,queue-times.com
2026-08-04T23:31:12Z,2026-08-05,1,31,Disney Adventure World,The Twilight Zone Tower of Terror,40,CLOSED,STANDBY,0,,,queue-times.com
2026-08-04T23:31:12Z,2026-08-05,1,31,Disney Adventure World,Cars Quatre Roues Rallye,31,CLOSED,STANDBY,0,,,queue-times.com
2026-08-04T23:31:12Z,2026-08-05,1,31,Disney Adventure World,Cars ROAD TRIP,29,CLOSED,STANDBY,0,,,queue-times.com
2026-08-04T23:31:12Z,2026-08-05,1,31,Disney Adventure World,Crush's Coaster,32,CLOSED,STANDBY,0,,,queue-times.com
2026-08-04T23:31:12Z,2026-08-05,1,31,Disney Adventure World,Crush's Coaster Single Rider,7277,CLOSED,STANDBY,0,,,queue-times.com
2026-08-04T23:31:12Z,2026-08-05,1,31,Disney Adventure World,Les Tapis Volants - Flying Carpets Over Agrabah®,33,CLOSED,STANDBY,0,,,queue-times.com
2026-08-04T23:31:12Z,2026-08-05,1,31,Disney Adventure World,Ratatouille : L’Aventure Totalement Toquée de Rémy​,37,CLOSED,STANDBY,0,,,queue-times.com
2026-08-04T23:31:12Z,2026-08-05,1,31,Disney Adventure World,Ratatouille: The Adventure Single Rider,7279,CLOSED,STANDBY,0,,,queue-times.com
2026-08-04T23:31:12Z,2026-08-05,1,31,Disney Adventure World,RC Racer,34,CLOSED,STANDBY,0,,,queue-times.com
2026-08-04T23:31:12Z,2026-08-05,1,31,Disney Adventure World,RC Racer Single Rider,7280,CLOSED,STANDBY,0,,,queue-times.com
2026-08-04T23:31:12Z,2026-08-05,1,31,Disney Adventure World,Slinky® Dog Zigzag Spin,36,CLOSED,STANDBY,0,,,queue-times.com
2026-08-04T23:31:12Z,2026-08-05,1,31,Disney Adventure World,Toy Soldiers Parachute Drop,35,CLOSED,STANDBY,0,,,queue-times.com
2026-08-04T23:31:12Z,2026-08-05,1,31,Disney Adventure World,Toy Soldiers Parachute Drop Single Rider,7281,CLOSED,STANDBY,0,,,queue-times.com
2026-08-04T23:31:12Z,2026-08-05,1,31,Disney Adventure World,Entry to World of Frozen,16247,CLOSED,STANDBY,0,,,queue-times.com
2026-08-04T23:31:12Z,2026-08-05,1,31,Disney Adventure World,Frozen Ever After,15413,CLOSED,STANDBY,0,,,queue-times.com
2026-08-04T23:31:12Z,2026-08-05,1,31,Disney Adventure World,Raiponce Tangled Spin,15415,CLOSED,STANDBY,0,,,queue-times.com
2026-08-04T23:45:46Z,2026-08-05,1,45,Disneyland Park,Adventure Isle,2702,CLOSED,STANDBY,0,,,queue-times.com
2026-08-04T23:45:46Z,2026-08-05,1,45,Disneyland Park,Indiana Jones and the Temple of Peril Single Rider,7306,CLOSED,STANDBY,0,,,queue-times.com
2026-08-04T23:45:46Z,2026-08-05,1,45,Disneyland Park,Indiana Jones™ and the Temple of Peril,2,CLOSED,STANDBY,0,,,queue-times.com
2026-08-04T23:45:46Z,2026-08-05,1,45,Disneyland Park,La Cabane des Robinson,1,CLOSED,STANDBY,0,,,queue-times.com
2026-08-04T23:45:46Z,2026-08-05,1,45,Disneyland Park,Le Passage Enchanté d'Aladdin,2703,CLOSED,STANDBY,0,,,queue-times.com
2026-08-04T23:45:46Z,2026-08-05,1,45,Disneyland Park,Pirate Galleon,2705,CLOSED,STANDBY,0,,,queue-times.com
2026-08-04T23:45:46Z,2026-08-05,1,45,Disneyland Park,Pirates of the Caribbean,3,CLOSED,STANDBY,0,,,queue-times.com
2026-08-04T23:45:46Z,2026-08-05,1,45,Disneyland Park,Pirates' Beach,2704,CLOSED,STANDBY,0,,,queue-times.com
2026-08-04T23:45:46Z,2026-08-05,1,45,Disneyland Park,"Autopia, presented by Avis",4,CLOSED,STANDBY,0,,,queue-times.com
2026-08-04T23:45:46Z,2026-08-05,1,45,Disneyland Park,Buzz Lightyear Laser Blast,5,CLOSED,STANDBY,0,,,queue-times.com
2026-08-04T23:45:46Z,2026-08-05,1,45,Disneyland Park,Disneyland Railroad Discoveryland Station,2706,CLOSED,STANDBY,0,,,queue-times.com
2026-08-04T23:45:46Z,2026-08-05,1,45,Disneyland Park,Les Mystères du Nautilus,6,CLOSED,STANDBY,0,,,queue-times.com
2026-08-04T23:45:46Z,2026-08-05,1,45,Disneyland Park,Mickey’s PhilharMagic,2707,CLOSED,STANDBY,0,,,queue-times.com
2026-08-04T23:45:46Z,2026-08-05,1,45,Disneyland Park,Orbitron®,7,CLOSED,STANDBY,0,,,queue-times.com
2026-08-04T23:45:46Z,2026-08-05,1,45,Disneyland Park,Star Tours: The Adventures Continue*,9,CLOSED,STANDBY,0,,,queue-times.com
2026-08-04T23:45:46Z,2026-08-05,1,45,Disneyland Park,Star Wars Hyperspace Mountain,8,CLOSED,STANDBY,0,,,queue-times.com
2026-08-04T23:45:46Z,2026-08-05,1,45,Disneyland Park,Star Wars Hyperspace Mountain Single Rider,7278,CLOSED,STANDBY,0,,,queue-times.com
2026-08-04T23:45:46Z,2026-08-05,1,45,Disneyland Park,Welcome to Starport: A Star Wars Encounter,4573,CLOSED,STANDBY,0,,,queue-times.com
2026-08-04T23:45:46Z,2026-08-05,1,45,Disneyland Park,"""it's a small world""",19,CLOSED,STANDBY,0,,,queue-times.com
2026-08-04T23:45:46Z,2026-08-05,1,45,Disneyland Park,Alice's Curious Labyrinth,14,CLOSED,STANDBY,0,,,queue-times.com
2026-08-04T23:45:46Z,2026-08-05,1,45,Disneyland Park,Blanche-Neige et les Sept Nains®,15,CLOSED,STANDBY,0,,,queue-times.com
2026-08-04T23:45:46Z,2026-08-05,1,45,Disneyland Park,Casey Jr. – le Petit Train du Cirque,17,CLOSED,STANDBY,0,,,queue-times.com
2026-08-04T23:45:46Z,2026-08-05,1,45,Disneyland Park,Disneyland Railroad Fantasyland Station,2711,CLOSED,STANDBY,0,,,queue-times.com
2026-08-04T23:45:46Z,2026-08-05,1,45,Disneyland Park,Disneyland Railroad Main Street Station,11,CLOSED,STANDBY,0,,,queue-times.com
2026-08-04T23:45:46Z,2026-08-05,1,45,Disneyland Park,Dumbo the Flying Elephant,18,CLOSED,STANDBY,0,,,queue-times.com
2026-08-04T23:45:46Z,2026-08-05,1,45,Disneyland Park,La Tanière du Dragon,2710,CLOSED,STANDBY,0,,,queue-times.com
2026-08-04T23:45:46Z,2026-08-05,1,45,Disneyland Park,Le Carrousel de Lancelot,16,CLOSED,STANDBY,0,,,queue-times.com
2026-08-04T23:45:46Z,2026-08-05,1,45,Disneyland Park,"Le Pays des Contes de Fées, presented by Vittel",21,CLOSED,STANDBY,0,,,queue-times.com
2026-08-04T23:45:46Z,2026-08-05,1,45,Disneyland Park,Les Voyages de Pinocchio,23,CLOSED,STANDBY,0,,,queue-times.com
2026-08-04T23:45:46Z,2026-08-05,1,45,Disneyland Park,Mad Hatter's Tea Cups,20,CLOSED,STANDBY,0,,,queue-times.com
2026-08-04T23:45:46Z,2026-08-05,1,45,Disneyland Park,Meet Mickey Mouse,13,CLOSED,STANDBY,0,,,queue-times.com
2026-08-04T23:45:46Z,2026-08-05,1,45,Disneyland Park,Peter Pan's Flight,22,CLOSED,STANDBY,0,,,queue-times.com
2026-08-04T23:45:46Z,2026-08-05,1,45,Disneyland Park,Princess Pavilion,24,CLOSED,STANDBY,0,,,queue-times.com
2026-08-04T23:45:46Z,2026-08-05,1,45,Disneyland Park,Big Thunder Mountain,25,CLOSED,STANDBY,0,,,queue-times.com
2026-08-04T23:45:46Z,2026-08-05,1,45,Disneyland Park,Disneyland Railroad Frontierland Depot,2714,CLOSED,STANDBY,0,,,queue-times.com
2026-08-04T23:45:46Z,2026-08-05,1,45,Disneyland Park,Frontierland Playground,2713,CLOSED,STANDBY,0,,,queue-times.com
2026-08-04T23:45:46Z,2026-08-05,1,45,Disneyland Park,Phantom Manor,26,CLOSED,STANDBY,0,,,queue-times.com
2026-08-04T23:45:46Z,2026-08-05,1,45,Disneyland Park,River Rogue Keelboats,27,CLOSED,STANDBY,0,,,queue-times.com
2026-08-04T23:45:46Z,2026-08-05,1,45,Disneyland Park,Rustler Roundup Shootin' Gallery,2712,CLOSED,STANDBY,0,,,queue-times.com
2026-08-04T23:45:46Z,2026-08-05,1,45,Disneyland Park,Thunder Mesa Riverboat Landing,28,CLOSED,STANDBY,0,,,queue-times.com
2026-08-04T23:45:46Z,2026-08-05,1,45,Disneyland Park,Disneyland Railroad Main Street Station,2708,CLOSED,STANDBY,0,,,queue-times.com
2026-08-04T23:45:46Z,2026-08-05,1,45,Disneyland Park,Main Street Vehicles,12,CLOSED,STANDBY,0,,,queue-times.com
2026-08-04T23:45:46Z,2026-08-05,1,45,Disney Adventure World,Avengers Assemble: Flight Force,10848,CLOSED,STANDBY,0,,,queue-times.com
2026-08-04T23:45:46Z,2026-08-05,1,45,Disney Adventure World,Avengers Assemble: Flight Force Single Rider,10849,CLOSED,STANDBY,0,,,queue-times.com
2026-08-04T23:45:46Z,2026-08-05,1,45,Disney Adventure World,Spider-Man W.E.B. Adventure,10845,CLOSED,STANDBY,0,,,queue-times.com
2026-08-04T23:45:46Z,2026-08-05,1,45,Disney Adventure World,Spider-Man W.E.B. Adventure Single Rider,10846,CLOSED,STANDBY,0,,,queue-times.com
2026-08-04T23:45:46Z,2026-08-05,1,45,Disney Adventure World,The Twilight Zone Tower of Terror,40,CLOSED,STANDBY,0,,,queue-times.com
2026-08-04T23:45:46Z,2026-08-05,1,45,Disney Adventure World,Cars Quatre Roues Rallye,31,CLOSED,STANDBY,0,,,queue-times.com
2026-08-04T23:45:46Z,2026-08-05,1,45,Disney Adventure World,Cars ROAD TRIP,29,CLOSED,STANDBY,0,,,queue-times.com
2026-08-04T23:45:46Z,2026-08-05,1,45,Disney Adventure World,Crush's Coaster,32,CLOSED,STANDBY,0,,,queue-times.com
2026-08-04T23:45:46Z,2026-08-05,1,45,Disney Adventure World,Crush's Coaster Single Rider,7277,CLOSED,STANDBY,0,,,queue-times.com
2026-08-04T23:45:46Z,2026-08-05,1,45,Disney Adventure World,Les Tapis Volants - Flying Carpets Over Agrabah®,33,CLOSED,STANDBY,0,,,queue-times.com
2026-08-04T23:45:46Z,2026-08-05,1,45,Disney Adventure World,Ratatouille : L’Aventure Totalement Toquée de Rémy​,37,CLOSED,STANDBY,0,,,queue-times.com
2026-08-04T23:45:46Z,2026-08-05,1,45,Disney Adventure World,Ratatouille: The Adventure Single Rider,7279,CLOSED,STANDBY,0,,,queue-times.com
2026-08-04T23:45:46Z,2026-08-05,1,45,Disney Adventure World,RC Racer,34,CLOSED,STANDBY,0,,,queue-times.com
2026-08-04T23:45:46Z,2026-08-05,1,45,Disney Adventure World,RC Racer Single Rider,7280,CLOSED,STANDBY,0,,,queue-times.com
2026-08-04T23:45:46Z,2026-08-05,1,45,Disney Adventure World,Slinky® Dog Zigzag Spin,36,CLOSED,STANDBY,0,,,queue-times.com
2026-08-04T23:45:46Z,2026-08-05,1,45,Disney Adventure World,Toy Soldiers Parachute Drop,35,CLOSED,STANDBY,0,,,queue-times.com
2026-08-04T23:45:46Z,2026-08-05,1,45,Disney Adventure World,Toy Soldiers Parachute Drop Single Rider,7281,CLOSED,STANDBY,0,,,queue-times.com
2026-08-04T23:45:46Z,2026-08-05,1,45,Disney Adventure World,Entry to World of Frozen,16247,CLOSED,STANDBY,0,,,queue-times.com
2026-08-04T23:45:46Z,2026-08-05,1,45,Disney Adventure World,Frozen Ever After,15413,CLOSED,STANDBY,0,,,queue-times.com
2026-08-04T23:45:46Z,2026-08-05,1,45,Disney Adventure World,Raiponce Tangled Spin,15415,CLOSED,STANDBY,0,,,queue-times.com
2026-08-05T06:01:22Z,2026-08-05,8,1,Disneyland Park,Adventure Isle,2702,CLOSED,STANDBY,0,,,queue-times.com
2026-08-05T06:01:22Z,2026-08-05,8,1,Disneyland Park,Indiana Jones and the Temple of Peril Single Rider,7306,CLOSED,STANDBY,0,,,queue-times.com
2026-08-05T06:01:22Z,2026-08-05,8,1,Disneyland Park,Indiana Jones™ and the Temple of Peril,2,CLOSED,STANDBY,0,,,queue-times.com
2026-08-05T06:01:22Z,2026-08-05,8,1,Disneyland Park,La Cabane des Robinson,1,CLOSED,STANDBY,0,,,queue-times.com
2026-08-05T06:01:22Z,2026-08-05,8,1,Disneyland Park,Le Passage Enchanté d'Aladdin,2703,CLOSED,STANDBY,0,,,queue-times.com
2026-08-05T06:01:22Z,2026-08-05,8,1,Disneyland Park,Pirate Galleon,2705,CLOSED,STANDBY,0,,,queue-times.com
2026-08-05T06:01:22Z,2026-08-05,8,1,Disneyland Park,Pirates of the Caribbean,3,CLOSED,STANDBY,0,,,queue-times.com
2026-08-05T06:01:22Z,2026-08-05,8,1,Disneyland Park,Pirates' Beach,2704,CLOSED,STANDBY,0,,,queue-times.com
2026-08-05T06:01:22Z,2026-08-05,8,1,Disneyland Park,"Autopia, presented by Avis",4,CLOSED,STANDBY,0,,,queue-times.com
2026-08-05T06:01:22Z,2026-08-05,8,1,Disneyland Park,Buzz Lightyear Laser Blast,5,CLOSED,STANDBY,0,,,queue-times.com
2026-08-05T06:01:22Z,2026-08-05,8,1,Disneyland Park,Disneyland Railroad Discoveryland Station,2706,CLOSED,STANDBY,0,,,queue-times.com
2026-08-05T06:01:22Z,2026-08-05,8,1,Disneyland Park,Les Mystères du Nautilus,6,CLOSED,STANDBY,0,,,queue-times.com
2026-08-05T06:01:22Z,2026-08-05,8,1,Disneyland Park,Mickey’s PhilharMagic,2707,CLOSED,STANDBY,0,,,queue-times.com
2026-08-05T06:01:22Z,2026-08-05,8,1,Disneyland Park,Orbitron®,7,CLOSED,STANDBY,0,,,queue-times.com
2026-08-05T06:01:22Z,2026-08-05,8,1,Disneyland Park,Star Tours: The Adventures Continue*,9,CLOSED,STANDBY,0,,,queue-times.com
2026-08-05T06:01:22Z,2026-08-05,8,1,Disneyland Park,Star Wars Hyperspace Mountain,8,CLOSED,STANDBY,0,,,queue-times.com
2026-08-05T06:01:22Z,2026-08-05,8,1,Disneyland Park,Star Wars Hyperspace Mountain Single Rider,7278,CLOSED,STANDBY,0,,,queue-times.com
2026-08-05T06:01:22Z,2026-08-05,8,1,Disneyland Park,Welcome to Starport: A Star Wars Encounter,4573,CLOSED,STANDBY,0,,,queue-times.com
2026-08-05T06:01:22Z,2026-08-05,8,1,Disneyland Park,"""it's a small world""",19,CLOSED,STANDBY,0,,,queue-times.com
2026-08-05T06:01:22Z,2026-08-05,8,1,Disneyland Park,Alice's Curious Labyrinth,14,CLOSED,STANDBY,0,,,queue-times.com
2026-08-05T06:01:22Z,2026-08-05,8,1,Disneyland Park,Blanche-Neige et les Sept Nains®,15,CLOSED,STANDBY,0,,,queue-times.com
2026-08-05T06:01:22Z,2026-08-05,8,1,Disneyland Park,Casey Jr. – le Petit Train du Cirque,17,CLOSED,STANDBY,0,,,queue-times.com
2026-08-05T06:01:22Z,2026-08-05,8,1,Disneyland Park,Disneyland Railroad Fantasyland Station,2711,CLOSED,STANDBY,0,,,queue-times.com
2026-08-05T06:01:22Z,2026-08-05,8,1,Disneyland Park,Disneyland Railroad Main Street Station,11,CLOSED,STANDBY,0,,,queue-times.com
2026-08-05T06:01:22Z,2026-08-05,8,1,Disneyland Park,Dumbo the Flying Elephant,18,CLOSED,STANDBY,0,,,queue-times.com
2026-08-05T06:01:22Z,2026-08-05,8,1,Disneyland Park,La Tanière du Dragon,2710,CLOSED,STANDBY,0,,,queue-times.com
2026-08-05T06:01:22Z,2026-08-05,8,1,Disneyland Park,Le Carrousel de Lancelot,16,CLOSED,STANDBY,0,,,queue-times.com
2026-08-05T06:01:22Z,2026-08-05,8,1,Disneyland Park,"Le Pays des Contes de Fées, presented by Vittel",21,CLOSED,STANDBY,0,,,queue-times.com
2026-08-05T06:01:22Z,2026-08-05,8,1,Disneyland Park,Les Voyages de Pinocchio,23,CLOSED,STANDBY,0,,,queue-times.com
2026-08-05T06:01:22Z,2026-08-05,8,1,Disneyland Park,Mad Hatter's Tea Cups,20,CLOSED,STANDBY,0,,,queue-times.com
2026-08-05T06:01:22Z,2026-08-05,8,1,Disneyland Park,Meet Mickey Mouse,13,CLOSED,STANDBY,0,,,queue-times.com
2026-08-05T06:01:22Z,2026-08-05,8,1,Disneyland Park,Peter Pan's Flight,22,CLOSED,STANDBY,0,,,queue-times.com
2026-08-05T06:01:22Z,2026-08-05,8,1,Disneyland Park,Princess Pavilion,24,CLOSED,STANDBY,0,,,queue-times.com
2026-08-05T06:01:22Z,2026-08-05,8,1,Disneyland Park,Big Thunder Mountain,25,CLOSED,STANDBY,0,,,queue-times.com
2026-08-05T06:01:22Z,2026-08-05,8,1,Disneyland Park,Disneyland Railroad Frontierland Depot,2714,CLOSED,STANDBY,0,,,queue-times.com
2026-08-05T06:01:22Z,2026-08-05,8,1,Disneyland Park,Frontierland Playground,2713,CLOSED,STANDBY,0,,,queue-times.com
2026-08-05T06:01:22Z,2026-08-05,8,1,Disneyland Park,Phantom Manor,26,CLOSED,STANDBY,0,,,queue-times.com
2026-08-05T06:01:22Z,2026-08-05,8,1,Disneyland Park,River Rogue Keelboats,27,CLOSED,STANDBY,0,,,queue-times.com
2026-08-05T06:01:22Z,2026-08-05,8,1,Disneyland Park,Rustler Roundup Shootin' Gallery,2712,CLOSED,STANDBY,0,,,queue-times.com
2026-08-05T06:01:22Z,2026-08-05,8,1,Disneyland Park,Thunder Mesa Riverboat Landing,28,CLOSED,STANDBY,0,,,queue-times.com
2026-08-05T06:01:22Z,2026-08-05,8,1,Disneyland Park,Disneyland Railroad Main Street Station,2708,CLOSED,STANDBY,0,,,queue-times.com
2026-08-05T06:01:22Z,2026-08-05,8,1,Disneyland Park,Main Street Vehicles,12,CLOSED,STANDBY,0,,,queue-times.com
2026-08-05T06:01:22Z,2026-08-05,8,1,Disney Adventure World,Avengers Assemble: Flight Force,10848,CLOSED,STANDBY,0,,,queue-times.com
2026-08-05T06:01:22Z,2026-08-05,8,1,Disney Adventure World,Avengers Assemble: Flight Force Single Rider,10849,CLOSED,STANDBY,0,,,queue-times.com
2026-08-05T06:01:22Z,2026-08-05,8,1,Disney Adventure World,Spider-Man W.E.B. Adventure,10845,CLOSED,STANDBY,0,,,queue-times.com
2026-08-05T06:01:22Z,2026-08-05,8,1,Disney Adventure World,Spider-Man W.E.B. Adventure Single Rider,10846,CLOSED,STANDBY,0,,,queue-times.com
2026-08-05T06:01:22Z,2026-08-05,8,1,Disney Adventure World,The Twilight Zone Tower of Terror,40,CLOSED,STANDBY,0,,,queue-times.com
2026-08-05T06:01:22Z,2026-08-05,8,1,Disney Adventure World,Cars Quatre Roues Rallye,31,CLOSED,STANDBY,0,,,queue-times.com
2026-08-05T06:01:22Z,2026-08-05,8,1,Disney Adventure World,Cars ROAD TRIP,29,CLOSED,STANDBY,0,,,queue-times.com
2026-08-05T06:01:22Z,2026-08-05,8,1,Disney Adventure World,Crush's Coaster,32,CLOSED,STANDBY,0,,,queue-times.com
2026-08-05T06:01:22Z,2026-08-05,8,1,Disney Adventure World,Crush's Coaster Single Rider,7277,CLOSED,STANDBY,0,,,queue-times.com
2026-08-05T06:01:22Z,2026-08-05,8,1,Disney Adventure World,Les Tapis Volants - Flying Carpets Over Agrabah®,33,CLOSED,STANDBY,0,,,queue-times.com
2026-08-05T06:01:22Z,2026-08-05,8,1,Disney Adventure World,Ratatouille : L’Aventure Totalement Toquée de Rémy​,37,CLOSED,STANDBY,0,,,queue-times.com
2026-08-05T06:01:22Z,2026-08-05,8,1,Disney Adventure World,Ratatouille: The Adventure Single Rider,7279,CLOSED,STANDBY,0,,,queue-times.com
2026-08-05T06:01:22Z,2026-08-05,8,1,Disney Adventure World,RC Racer,34,CLOSED,STANDBY,0,,,queue-times.com
2026-08-05T06:01:22Z,2026-08-05,8,1,Disney Adventure World,RC Racer Single Rider,7280,CLOSED,STANDBY,0,,,queue-times.com
2026-08-05T06:01:22Z,2026-08-05,8,1,Disney Adventure World,Slinky® Dog Zigzag Spin,36,CLOSED,STANDBY,0,,,queue-times.com
2026-08-05T06:01:22Z,2026-08-05,8,1,Disney Adventure World,Toy Soldiers Parachute Drop,35,CLOSED,STANDBY,0,,,queue-times.com
2026-08-05T06:01:22Z,2026-08-05,8,1,Disney Adventure World,Toy Soldiers Parachute Drop Single Rider,7281,CLOSED,STANDBY,0,,,queue-times.com
2026-08-05T06:01:22Z,2026-08-05,8,1,Disney Adventure World,Entry to World of Frozen,16247,CLOSED,STANDBY,0,,,queue-times.com
2026-08-05T06:01:22Z,2026-08-05,8,1,Disney Adventure World,Frozen Ever After,15413,CLOSED,STANDBY,0,,,queue-times.com
2026-08-05T06:01:22Z,2026-08-05,8,1,Disney Adventure World,Raiponce Tangled Spin,15415,CLOSED,STANDBY,0,,,queue-times.com
2026-08-05T06:15:52Z,2026-08-05,8,15,Disneyland Park,Adventure Isle,2702,CLOSED,STANDBY,0,,,queue-times.com
2026-08-05T06:15:52Z,2026-08-05,8,15,Disneyland Park,Indiana Jones and the Temple of Peril Single Rider,7306,CLOSED,STANDBY,0,,,queue-times.com
2026-08-05T06:15:52Z,2026-08-05,8,15,Disneyland Park,Indiana Jones™ and the Temple of Peril,2,CLOSED,STANDBY,0,,,queue-times.com
2026-08-05T06:15:52Z,2026-08-05,8,15,Disneyland Park,La Cabane des Robinson,1,CLOSED,STANDBY,0,,,queue-times.com
2026-08-05T06:15:52Z,2026-08-05,8,15,Disneyland Park,Le Passage Enchanté d'Aladdin,2703,CLOSED,STANDBY,0,,,queue-times.com
2026-08-05T06:15:52Z,2026-08-05,8,15,Disneyland Park,Pirate Galleon,2705,CLOSED,STANDBY,0,,,queue-times.com
2026-08-05T06:15:52Z,2026-08-05,8,15,Disneyland Park,Pirates of the Caribbean,3,CLOSED,STANDBY,0,,,queue-times.com
2026-08-05T06:15:52Z,2026-08-05,8,15,Disneyland Park,Pirates' Beach,2704,CLOSED,STANDBY,0,,,queue-times.com
2026-08-05T06:15:52Z,2026-08-05,8,15,Disneyland Park,"Autopia, presented by Avis",4,CLOSED,STANDBY,0,,,queue-times.com
2026-08-05T06:15:52Z,2026-08-05,8,15,Disneyland Park,Buzz Lightyear Laser Blast,5,CLOSED,STANDBY,0,,,queue-times.com
2026-08-05T06:15:52Z,2026-08-05,8,15,Disneyland Park,Disneyland Railroad Discoveryland Station,2706,CLOSED,STANDBY,0,,,queue-times.com
2026-08-05T06:15:52Z,2026-08-05,8,15,Disneyland Park,Les Mystères du Nautilus,6,CLOSED,STANDBY,0,,,queue-times.com
2026-08-05T06:15:52Z,2026-08-05,8,15,Disneyland Park,Mickey’s PhilharMagic,2707,CLOSED,STANDBY,0,,,queue-times.com
2026-08-05T06:15:52Z,2026-08-05,8,15,Disneyland Park,Orbitron®,7,CLOSED,STANDBY,0,,,queue-times.com
2026-08-05T06:15:52Z,2026-08-05,8,15,Disneyland Park,Star Tours: The Adventures Continue*,9,CLOSED,STANDBY,0,,,queue-times.com
2026-08-05T06:15:52Z,2026-08-05,8,15,Disneyland Park,Star Wars Hyperspace Mountain,8,CLOSED,STANDBY,0,,,queue-times.com
2026-08-05T06:15:52Z,2026-08-05,8,15,Disneyland Park,Star Wars Hyperspace Mountain Single Rider,7278,CLOSED,STANDBY,0,,,queue-times.com
2026-08-05T06:15:52Z,2026-08-05,8,15,Disneyland Park,Welcome to Starport: A Star Wars Encounter,4573,CLOSED,STANDBY,0,,,queue-times.com
2026-08-05T06:15:52Z,2026-08-05,8,15,Disneyland Park,"""it's a small world""",19,CLOSED,STANDBY,0,,,queue-times.com
2026-08-05T06:15:52Z,2026-08-05,8,15,Disneyland Park,Alice's Curious Labyrinth,14,CLOSED,STANDBY,0,,,queue-times.com
2026-08-05T06:15:52Z,2026-08-05,8,15,Disneyland Park,Blanche-Neige et les Sept Nains®,15,CLOSED,STANDBY,0,,,queue-times.com
2026-08-05T06:15:52Z,2026-08-05,8,15,Disneyland Park,Casey Jr. – le Petit Train du Cirque,17,CLOSED,STANDBY,0,,,queue-times.com
2026-08-05T06:15:52Z,2026-08-05,8,15,Disneyland Park,Disneyland Railroad Fantasyland Station,2711,CLOSED,STANDBY,0,,,queue-times.com
2026-08-05T06:15:52Z,2026-08-05,8,15,Disneyland Park,Disneyland Railroad Main Street Station,11,CLOSED,STANDBY,0,,,queue-times.com
2026-08-05T06:15:52Z,2026-08-05,8,15,Disneyland Park,Dumbo the Flying Elephant,18,CLOSED,STANDBY,0,,,queue-times.com
2026-08-05T06:15:52Z,2026-08-05,8,15,Disneyland Park,La Tanière du Dragon,2710,CLOSED,STANDBY,0,,,queue-times.com
2026-08-05T06:15:52Z,2026-08-05,8,15,Disneyland Park,Le Carrousel de Lancelot,16,CLOSED,STANDBY,0,,,queue-times.com
2026-08-05T06:15:52Z,2026-08-05,8,15,Disneyland Park,"Le Pays des Contes de Fées, presented by Vittel",21,CLOSED,STANDBY,0,,,queue-times.com
2026-08-05T06:15:52Z,2026-08-05,8,15,Disneyland Park,Les Voyages de Pinocchio,23,CLOSED,STANDBY,0,,,queue-times.com
2026-08-05T06:15:52Z,2026-08-05,8,15,Disneyland Park,Mad Hatter's Tea Cups,20,CLOSED,STANDBY,0,,,queue-times.com
2026-08-05T06:15:52Z,2026-08-05,8,15,Disneyland Park,Meet Mickey Mouse,13,CLOSED,STANDBY,0,,,queue-times.com
2026-08-05T06:15:52Z,2026-08-05,8,15,Disneyland Park,Peter Pan's Flight,22,CLOSED,STANDBY,0,,,queue-times.com
2026-08-05T06:15:52Z,2026-08-05,8,15,Disneyland Park,Princess Pavilion,24,CLOSED,STANDBY,0,,,queue-times.com
2026-08-05T06:15:52Z,2026-08-05,8,15,Disneyland Park,Big Thunder Mountain,25,CLOSED,STANDBY,0,,,queue-times.com
2026-08-05T06:15:52Z,2026-08-05,8,15,Disneyland Park,Disneyland Railroad Frontierland Depot,2714,CLOSED,STANDBY,0,,,queue-times.com
2026-08-05T06:15:52Z,2026-08-05,8,15,Disneyland Park,Frontierland Playground,2713,CLOSED,STANDBY,0,,,queue-times.com
2026-08-05T06:15:52Z,2026-08-05,8,15,Disneyland Park,Phantom Manor,26,CLOSED,STANDBY,0,,,queue-times.com
2026-08-05T06:15:52Z,2026-08-05,8,15,Disneyland Park,River Rogue Keelboats,27,CLOSED,STANDBY,0,,,queue-times.com
2026-08-05T06:15:52Z,2026-08-05,8,15,Disneyland Park,Rustler Roundup Shootin' Gallery,2712,CLOSED,STANDBY,0,,,queue-times.com
2026-08-05T06:15:52Z,2026-08-05,8,15,Disneyland Park,Thunder Mesa Riverboat Landing,28,CLOSED,STANDBY,0,,,queue-times.com
2026-08-05T06:15:52Z,2026-08-05,8,15,Disneyland Park,Disneyland Railroad Main Street Station,2708,CLOSED,STANDBY,0,,,queue-times.com
2026-08-05T06:15:52Z,2026-08-05,8,15,Disneyland Park,Main Street Vehicles,12,CLOSED,STANDBY,0,,,queue-times.com
2026-08-05T06:15:52Z,2026-08-05,8,15,Disney Adventure World,Avengers Assemble: Flight Force,10848,CLOSED,STANDBY,0,,,queue-times.com
2026-08-05T06:15:52Z,2026-08-05,8,15,Disney Adventure World,Avengers Assemble: Flight Force Single Rider,10849,CLOSED,STANDBY,0,,,queue-times.com
2026-08-05T06:15:52Z,2026-08-05,8,15,Disney Adventure World,Spider-Man W.E.B. Adventure,10845,CLOSED,STANDBY,0,,,queue-times.com
2026-08-05T06:15:52Z,2026-08-05,8,15,Disney Adventure World,Spider-Man W.E.B. Adventure Single Rider,10846,CLOSED,STANDBY,0,,,queue-times.com
2026-08-05T06:15:52Z,2026-08-05,8,15,Disney Adventure World,The Twilight Zone Tower of Terror,40,CLOSED,STANDBY,0,,,queue-times.com
2026-08-05T06:15:52Z,2026-08-05,8,15,Disney Adventure World,Cars Quatre Roues Rallye,31,CLOSED,STANDBY,0,,,queue-times.com
2026-08-05T06:15:52Z,2026-08-05,8,15,Disney Adventure World,Cars ROAD TRIP,29,CLOSED,STANDBY,0,,,queue-times.com
2026-08-05T06:15:52Z,2026-08-05,8,15,Disney Adventure World,Crush's Coaster,32,CLOSED,STANDBY,0,,,queue-times.com
2026-08-05T06:15:52Z,2026-08-05,8,15,Disney Adventure World,Crush's Coaster Single Rider,7277,CLOSED,STANDBY,0,,,queue-times.com
2026-08-05T06:15:52Z,2026-08-05,8,15,Disney Adventure World,Les Tapis Volants - Flying Carpets Over Agrabah®,33,CLOSED,STANDBY,0,,,queue-times.com
2026-08-05T06:15:52Z,2026-08-05,8,15,Disney Adventure World,Ratatouille : L’Aventure Totalement Toquée de Rémy​,37,CLOSED,STANDBY,0,,,queue-times.com
2026-08-05T06:15:52Z,2026-08-05,8,15,Disney Adventure World,Ratatouille: The Adventure Single Rider,7279,CLOSED,STANDBY,0,,,queue-times.com
2026-08-05T06:15:52Z,2026-08-05,8,15,Disney Adventure World,RC Racer,34,CLOSED,STANDBY,0,,,queue-times.com
2026-08-05T06:15:52Z,2026-08-05,8,15,Disney Adventure World,RC Racer Single Rider,7280,CLOSED,STANDBY,0,,,queue-times.com
2026-08-05T06:15:52Z,2026-08-05,8,15,Disney Adventure World,Slinky® Dog Zigzag Spin,36,CLOSED,STANDBY,0,,,queue-times.com
2026-08-05T06:15:52Z,2026-08-05,8,15,Disney Adventure World,Toy Soldiers Parachute Drop,35,CLOSED,STANDBY,0,,,queue-times.com
2026-08-05T06:15:52Z,2026-08-05,8,15,Disney Adventure World,Toy Soldiers Parachute Drop Single Rider,7281,CLOSED,STANDBY,0,,,queue-times.com
2026-08-05T06:15:52Z,2026-08-05,8,15,Disney Adventure World,Entry to World of Frozen,16247,CLOSED,STANDBY,0,,,queue-times.com
2026-08-05T06:15:52Z,2026-08-05,8,15,Disney Adventure World,Frozen Ever After,15413,CLOSED,STANDBY,0,,,queue-times.com
2026-08-05T06:15:52Z,2026-08-05,8,15,Disney Adventure World,Raiponce Tangled Spin,15415,CLOSED,STANDBY,0,,,queue-times.com
2026-08-05T06:31:07Z,2026-08-05,8,31,Disneyland Park,Adventure Isle,2702,CLOSED,STANDBY,0,,,queue-times.com
2026-08-05T06:31:07Z,2026-08-05,8,31,Disneyland Park,Indiana Jones and the Temple of Peril Single Rider,7306,CLOSED,STANDBY,0,,,queue-times.com
2026-08-05T06:31:07Z,2026-08-05,8,31,Disneyland Park,Indiana Jones™ and the Temple of Peril,2,CLOSED,STANDBY,0,,,queue-times.com
2026-08-05T06:31:07Z,2026-08-05,8,31,Disneyland Park,La Cabane des Robinson,1,CLOSED,STANDBY,0,,,queue-times.com
2026-08-05T06:31:07Z,2026-08-05,8,31,Disneyland Park,Le Passage Enchanté d'Aladdin,2703,CLOSED,STANDBY,0,,,queue-times.com
2026-08-05T06:31:07Z,2026-08-05,8,31,Disneyland Park,Pirate Galleon,2705,CLOSED,STANDBY,0,,,queue-times.com
2026-08-05T06:31:07Z,2026-08-05,8,31,Disneyland Park,Pirates of the Caribbean,3,CLOSED,STANDBY,0,,,queue-times.com
2026-08-05T06:31:07Z,2026-08-05,8,31,Disneyland Park,Pirates' Beach,2704,CLOSED,STANDBY,0,,,queue-times.com
2026-08-05T06:31:07Z,2026-08-05,8,31,Disneyland Park,"Autopia, presented by Avis",4,CLOSED,STANDBY,0,,,queue-times.com
2026-08-05T06:31:07Z,2026-08-05,8,31,Disneyland Park,Buzz Lightyear Laser Blast,5,CLOSED,STANDBY,0,,,queue-times.com
2026-08-05T06:31:07Z,2026-08-05,8,31,Disneyland Park,Disneyland Railroad Discoveryland Station,2706,CLOSED,STANDBY,0,,,queue-times.com
2026-08-05T06:31:07Z,2026-08-05,8,31,Disneyland Park,Les Mystères du Nautilus,6,CLOSED,STANDBY,0,,,queue-times.com
2026-08-05T06:31:07Z,2026-08-05,8,31,Disneyland Park,Mickey’s PhilharMagic,2707,CLOSED,STANDBY,0,,,queue-times.com
2026-08-05T06:31:07Z,2026-08-05,8,31,Disneyland Park,Orbitron®,7,CLOSED,STANDBY,0,,,queue-times.com
2026-08-05T06:31:07Z,2026-08-05,8,31,Disneyland Park,Star Tours: The Adventures Continue*,9,CLOSED,STANDBY,0,,,queue-times.com
2026-08-05T06:31:07Z,2026-08-05,8,31,Disneyland Park,Star Wars Hyperspace Mountain,8,CLOSED,STANDBY,0,,,queue-times.com
2026-08-05T06:31:07Z,2026-08-05,8,31,Disneyland Park,Star Wars Hyperspace Mountain Single Rider,7278,CLOSED,STANDBY,0,,,queue-times.com
2026-08-05T06:31:07Z,2026-08-05,8,31,Disneyland Park,Welcome to Starport: A Star Wars Encounter,4573,CLOSED,STANDBY,0,,,queue-times.com
2026-08-05T06:31:07Z,2026-08-05,8,31,Disneyland Park,"""it's a small world""",19,CLOSED,STANDBY,0,,,queue-times.com
2026-08-05T06:31:07Z,2026-08-05,8,31,Disneyland Park,Alice's Curious Labyrinth,14,CLOSED,STANDBY,0,,,queue-times.com
2026-08-05T06:31:07Z,2026-08-05,8,31,Disneyland Park,Blanche-Neige et les Sept Nains®,15,CLOSED,STANDBY,0,,,queue-times.com
2026-08-05T06:31:07Z,2026-08-05,8,31,Disneyland Park,Casey Jr. – le Petit Train du Cirque,17,CLOSED,STANDBY,0,,,queue-times.com
2026-08-05T06:31:07Z,2026-08-05,8,31,Disneyland Park,Disneyland Railroad Fantasyland Station,2711,CLOSED,STANDBY,0,,,queue-times.com
2026-08-05T06:31:07Z,2026-08-05,8,31,Disneyland Park,Disneyland Railroad Main Street Station,11,CLOSED,STANDBY,0,,,queue-times.com
2026-08-05T06:31:07Z,2026-08-05,8,31,Disneyland Park,Dumbo the Flying Elephant,18,OPERATING,STANDBY,5,,,queue-times.com
2026-08-05T06:31:07Z,2026-08-05,8,31,Disneyland Park,La Tanière du Dragon,2710,CLOSED,STANDBY,0,,,queue-times.com
2026-08-05T06:31:07Z,2026-08-05,8,31,Disneyland Park,Le Carrousel de Lancelot,16,CLOSED,STANDBY,0,,,queue-times.com
2026-08-05T06:31:07Z,2026-08-05,8,31,Disneyland Park,"Le Pays des Contes de Fées, presented by Vittel",21,CLOSED,STANDBY,0,,,queue-times.com
2026-08-05T06:31:07Z,2026-08-05,8,31,Disneyland Park,Les Voyages de Pinocchio,23,CLOSED,STANDBY,0,,,queue-times.com
2026-08-05T06:31:07Z,2026-08-05,8,31,Disneyland Park,Mad Hatter's Tea Cups,20,CLOSED,STANDBY,0,,,queue-times.com
2026-08-05T06:31:07Z,2026-08-05,8,31,Disneyland Park,Meet Mickey Mouse,13,CLOSED,STANDBY,0,,,queue-times.com
2026-08-05T06:31:07Z,2026-08-05,8,31,Disneyland Park,Peter Pan's Flight,22,OPERATING,STANDBY,10,,,queue-times.com
2026-08-05T06:31:07Z,2026-08-05,8,31,Disneyland Park,Princess Pavilion,24,CLOSED,STANDBY,0,,,queue-times.com
2026-08-05T06:31:07Z,2026-08-05,8,31,Disneyland Park,Big Thunder Mountain,25,CLOSED,STANDBY,0,,,queue-times.com
2026-08-05T06:31:07Z,2026-08-05,8,31,Disneyland Park,Disneyland Railroad Frontierland Depot,2714,CLOSED,STANDBY,0,,,queue-times.com
2026-08-05T06:31:07Z,2026-08-05,8,31,Disneyland Park,Frontierland Playground,2713,CLOSED,STANDBY,0,,,queue-times.com
2026-08-05T06:31:07Z,2026-08-05,8,31,Disneyland Park,Phantom Manor,26,CLOSED,STANDBY,0,,,queue-times.com
2026-08-05T06:31:07Z,2026-08-05,8,31,Disneyland Park,River Rogue Keelboats,27,CLOSED,STANDBY,0,,,queue-times.com
2026-08-05T06:31:07Z,2026-08-05,8,31,Disneyland Park,Rustler Roundup Shootin' Gallery,2712,CLOSED,STANDBY,0,,,queue-times.com
2026-08-05T06:31:07Z,2026-08-05,8,31,Disneyland Park,Thunder Mesa Riverboat Landing,28,CLOSED,STANDBY,0,,,queue-times.com
2026-08-05T06:31:07Z,2026-08-05,8,31,Disneyland Park,Disneyland Railroad Main Street Station,2708,CLOSED,STANDBY,0,,,queue-times.com
2026-08-05T06:31:07Z,2026-08-05,8,31,Disneyland Park,Main Street Vehicles,12,OPERATING,STANDBY,5,,,queue-times.com
2026-08-05T06:31:07Z,2026-08-05,8,31,Disney Adventure World,Avengers Assemble: Flight Force,10848,CLOSED,STANDBY,0,,,queue-times.com
2026-08-05T06:31:07Z,2026-08-05,8,31,Disney Adventure World,Avengers Assemble: Flight Force Single Rider,10849,CLOSED,STANDBY,0,,,queue-times.com
2026-08-05T06:31:07Z,2026-08-05,8,31,Disney Adventure World,Spider-Man W.E.B. Adventure,10845,OPERATING,STANDBY,5,,,queue-times.com
2026-08-05T06:31:07Z,2026-08-05,8,31,Disney Adventure World,Spider-Man W.E.B. Adventure Single Rider,10846,OPERATING,STANDBY,5,,,queue-times.com
2026-08-05T06:31:07Z,2026-08-05,8,31,Disney Adventure World,The Twilight Zone Tower of Terror,40,CLOSED,STANDBY,0,,,queue-times.com
2026-08-05T06:31:07Z,2026-08-05,8,31,Disney Adventure World,Cars Quatre Roues Rallye,31,CLOSED,STANDBY,0,,,queue-times.com
2026-08-05T06:31:07Z,2026-08-05,8,31,Disney Adventure World,Cars ROAD TRIP,29,CLOSED,STANDBY,0,,,queue-times.com
2026-08-05T06:31:07Z,2026-08-05,8,31,Disney Adventure World,Crush's Coaster,32,OPERATING,STANDBY,60,,,queue-times.com
2026-08-05T06:31:07Z,2026-08-05,8,31,Disney Adventure World,Crush's Coaster Single Rider,7277,OPERATING,STANDBY,5,,,queue-times.com
2026-08-05T06:31:07Z,2026-08-05,8,31,Disney Adventure World,Les Tapis Volants - Flying Carpets Over Agrabah®,33,CLOSED,STANDBY,0,,,queue-times.com
2026-08-05T06:31:07Z,2026-08-05,8,31,Disney Adventure World,Ratatouille : L’Aventure Totalement Toquée de Rémy​,37,CLOSED,STANDBY,0,,,queue-times.com
2026-08-05T06:31:07Z,2026-08-05,8,31,Disney Adventure World,Ratatouille: The Adventure Single Rider,7279,CLOSED,STANDBY,0,,,queue-times.com
2026-08-05T06:31:07Z,2026-08-05,8,31,Disney Adventure World,RC Racer,34,CLOSED,STANDBY,0,,,queue-times.com
2026-08-05T06:31:07Z,2026-08-05,8,31,Disney Adventure World,RC Racer Single Rider,7280,CLOSED,STANDBY,0,,,queue-times.com
2026-08-05T06:31:07Z,2026-08-05,8,31,Disney Adventure World,Slinky® Dog Zigzag Spin,36,CLOSED,STANDBY,0,,,queue-times.com
2026-08-05T06:31:07Z,2026-08-05,8,31,Disney Adventure World,Toy Soldiers Parachute Drop,35,CLOSED,STANDBY,0,,,queue-times.com
2026-08-05T06:31:07Z,2026-08-05,8,31,Disney Adventure World,Toy Soldiers Parachute Drop Single Rider,7281,CLOSED,STANDBY,0,,,queue-times.com
2026-08-05T06:31:07Z,2026-08-05,8,31,Disney Adventure World,Entry to World of Frozen,16247,CLOSED,STANDBY,0,,,queue-times.com
2026-08-05T06:31:07Z,2026-08-05,8,31,Disney Adventure World,Frozen Ever After,15413,OPERATING,STANDBY,5,,,queue-times.com
2026-08-05T06:31:07Z,2026-08-05,8,31,Disney Adventure World,Raiponce Tangled Spin,15415,OPERATING,STANDBY,5,,,queue-times.com
2026-08-05T06:45:46Z,2026-08-05,8,45,Disneyland Park,Adventure Isle,2702,CLOSED,STANDBY,0,,,queue-times.com
2026-08-05T06:45:46Z,2026-08-05,8,45,Disneyland Park,Indiana Jones and the Temple of Peril Single Rider,7306,CLOSED,STANDBY,0,,,queue-times.com
2026-08-05T06:45:46Z,2026-08-05,8,45,Disneyland Park,Indiana Jones™ and the Temple of Peril,2,CLOSED,STANDBY,0,,,queue-times.com
2026-08-05T06:45:46Z,2026-08-05,8,45,Disneyland Park,La Cabane des Robinson,1,CLOSED,STANDBY,0,,,queue-times.com
2026-08-05T06:45:46Z,2026-08-05,8,45,Disneyland Park,Le Passage Enchanté d'Aladdin,2703,CLOSED,STANDBY,0,,,queue-times.com
2026-08-05T06:45:46Z,2026-08-05,8,45,Disneyland Park,Pirate Galleon,2705,CLOSED,STANDBY,0,,,queue-times.com
2026-08-05T06:45:46Z,2026-08-05,8,45,Disneyland Park,Pirates of the Caribbean,3,CLOSED,STANDBY,0,,,queue-times.com
2026-08-05T06:45:46Z,2026-08-05,8,45,Disneyland Park,Pirates' Beach,2704,CLOSED,STANDBY,0,,,queue-times.com
2026-08-05T06:45:46Z,2026-08-05,8,45,Disneyland Park,"Autopia, presented by Avis",4,CLOSED,STANDBY,0,,,queue-times.com
2026-08-05T06:45:46Z,2026-08-05,8,45,Disneyland Park,Buzz Lightyear Laser Blast,5,CLOSED,STANDBY,0,,,queue-times.com
2026-08-05T06:45:46Z,2026-08-05,8,45,Disneyland Park,Disneyland Railroad Discoveryland Station,2706,CLOSED,STANDBY,0,,,queue-times.com
2026-08-05T06:45:46Z,2026-08-05,8,45,Disneyland Park,Les Mystères du Nautilus,6,CLOSED,STANDBY,0,,,queue-times.com
2026-08-05T06:45:46Z,2026-08-05,8,45,Disneyland Park,Mickey’s PhilharMagic,2707,CLOSED,STANDBY,0,,,queue-times.com
2026-08-05T06:45:46Z,2026-08-05,8,45,Disneyland Park,Orbitron®,7,CLOSED,STANDBY,0,,,queue-times.com
2026-08-05T06:45:46Z,2026-08-05,8,45,Disneyland Park,Star Tours: The Adventures Continue*,9,CLOSED,STANDBY,0,,,queue-times.com
2026-08-05T06:45:46Z,2026-08-05,8,45,Disneyland Park,Star Wars Hyperspace Mountain,8,CLOSED,STANDBY,0,,,queue-times.com
2026-08-05T06:45:46Z,2026-08-05,8,45,Disneyland Park,Star Wars Hyperspace Mountain Single Rider,7278,CLOSED,STANDBY,0,,,queue-times.com
2026-08-05T06:45:46Z,2026-08-05,8,45,Disneyland Park,Welcome to Starport: A Star Wars Encounter,4573,CLOSED,STANDBY,0,,,queue-times.com
2026-08-05T06:45:46Z,2026-08-05,8,45,Disneyland Park,"""it's a small world""",19,CLOSED,STANDBY,0,,,queue-times.com
2026-08-05T06:45:46Z,2026-08-05,8,45,Disneyland Park,Alice's Curious Labyrinth,14,CLOSED,STANDBY,0,,,queue-times.com
2026-08-05T06:45:46Z,2026-08-05,8,45,Disneyland Park,Blanche-Neige et les Sept Nains®,15,CLOSED,STANDBY,0,,,queue-times.com
2026-08-05T06:45:46Z,2026-08-05,8,45,Disneyland Park,Casey Jr. – le Petit Train du Cirque,17,CLOSED,STANDBY,0,,,queue-times.com
2026-08-05T06:45:46Z,2026-08-05,8,45,Disneyland Park,Disneyland Railroad Fantasyland Station,2711,CLOSED,STANDBY,0,,,queue-times.com
2026-08-05T06:45:46Z,2026-08-05,8,45,Disneyland Park,Disneyland Railroad Main Street Station,11,CLOSED,STANDBY,0,,,queue-times.com
2026-08-05T06:45:46Z,2026-08-05,8,45,Disneyland Park,Dumbo the Flying Elephant,18,OPERATING,STANDBY,5,,,queue-times.com
2026-08-05T06:45:46Z,2026-08-05,8,45,Disneyland Park,La Tanière du Dragon,2710,OPERATING,STANDBY,0,,,queue-times.com
2026-08-05T06:45:46Z,2026-08-05,8,45,Disneyland Park,Le Carrousel de Lancelot,16,CLOSED,STANDBY,0,,,queue-times.com
2026-08-05T06:45:46Z,2026-08-05,8,45,Disneyland Park,"Le Pays des Contes de Fées, presented by Vittel",21,CLOSED,STANDBY,0,,,queue-times.com
2026-08-05T06:45:46Z,2026-08-05,8,45,Disneyland Park,Les Voyages de Pinocchio,23,CLOSED,STANDBY,0,,,queue-times.com
2026-08-05T06:45:46Z,2026-08-05,8,45,Disneyland Park,Mad Hatter's Tea Cups,20,CLOSED,STANDBY,0,,,queue-times.com
2026-08-05T06:45:46Z,2026-08-05,8,45,Disneyland Park,Meet Mickey Mouse,13,CLOSED,STANDBY,0,,,queue-times.com
2026-08-05T06:45:46Z,2026-08-05,8,45,Disneyland Park,Peter Pan's Flight,22,OPERATING,STANDBY,25,,,queue-times.com
2026-08-05T06:45:46Z,2026-08-05,8,45,Disneyland Park,Princess Pavilion,24,CLOSED,STANDBY,0,,,queue-times.com
2026-08-05T06:45:46Z,2026-08-05,8,45,Disneyland Park,Big Thunder Mountain,25,OPERATING,STANDBY,35,,,queue-times.com
2026-08-05T06:45:46Z,2026-08-05,8,45,Disneyland Park,Disneyland Railroad Frontierland Depot,2714,CLOSED,STANDBY,0,,,queue-times.com
2026-08-05T06:45:46Z,2026-08-05,8,45,Disneyland Park,Frontierland Playground,2713,CLOSED,STANDBY,0,,,queue-times.com
2026-08-05T06:45:46Z,2026-08-05,8,45,Disneyland Park,Phantom Manor,26,CLOSED,STANDBY,0,,,queue-times.com
2026-08-05T06:45:46Z,2026-08-05,8,45,Disneyland Park,River Rogue Keelboats,27,CLOSED,STANDBY,0,,,queue-times.com
2026-08-05T06:45:46Z,2026-08-05,8,45,Disneyland Park,Rustler Roundup Shootin' Gallery,2712,OPERATING,STANDBY,0,,,queue-times.com
2026-08-05T06:45:46Z,2026-08-05,8,45,Disneyland Park,Thunder Mesa Riverboat Landing,28,CLOSED,STANDBY,0,,,queue-times.com
2026-08-05T06:45:46Z,2026-08-05,8,45,Disneyland Park,Disneyland Railroad Main Street Station,2708,CLOSED,STANDBY,0,,,queue-times.com
2026-08-05T06:45:46Z,2026-08-05,8,45,Disneyland Park,Main Street Vehicles,12,OPERATING,STANDBY,5,,,queue-times.com
2026-08-05T06:45:46Z,2026-08-05,8,45,Disney Adventure World,Avengers Assemble: Flight Force,10848,CLOSED,STANDBY,0,,,queue-times.com
2026-08-05T06:45:46Z,2026-08-05,8,45,Disney Adventure World,Avengers Assemble: Flight Force Single Rider,10849,CLOSED,STANDBY,0,,,queue-times.com
2026-08-05T06:45:46Z,2026-08-05,8,45,Disney Adventure World,Spider-Man W.E.B. Adventure,10845,OPERATING,STANDBY,5,,,queue-times.com
2026-08-05T06:45:46Z,2026-08-05,8,45,Disney Adventure World,Spider-Man W.E.B. Adventure Single Rider,10846,OPERATING,STANDBY,5,,,queue-times.com
2026-08-05T06:45:46Z,2026-08-05,8,45,Disney Adventure World,The Twilight Zone Tower of Terror,40,OPERATING,STANDBY,25,,,queue-times.com
2026-08-05T06:45:46Z,2026-08-05,8,45,Disney Adventure World,Cars Quatre Roues Rallye,31,CLOSED,STANDBY,0,,,queue-times.com
2026-08-05T06:45:46Z,2026-08-05,8,45,Disney Adventure World,Cars ROAD TRIP,29,CLOSED,STANDBY,0,,,queue-times.com
2026-08-05T06:45:46Z,2026-08-05,8,45,Disney Adventure World,Crush's Coaster,32,OPERATING,STANDBY,85,,,queue-times.com
2026-08-05T06:45:46Z,2026-08-05,8,45,Disney Adventure World,Crush's Coaster Single Rider,7277,OPERATING,STANDBY,70,,,queue-times.com
2026-08-05T06:45:46Z,2026-08-05,8,45,Disney Adventure World,Les Tapis Volants - Flying Carpets Over Agrabah®,33,CLOSED,STANDBY,0,,,queue-times.com
2026-08-05T06:45:46Z,2026-08-05,8,45,Disney Adventure World,Ratatouille : L’Aventure Totalement Toquée de Rémy​,37,CLOSED,STANDBY,0,,,queue-times.com
2026-08-05T06:45:46Z,2026-08-05,8,45,Disney Adventure World,Ratatouille: The Adventure Single Rider,7279,CLOSED,STANDBY,0,,,queue-times.com
2026-08-05T06:45:46Z,2026-08-05,8,45,Disney Adventure World,RC Racer,34,CLOSED,STANDBY,0,,,queue-times.com
2026-08-05T06:45:46Z,2026-08-05,8,45,Disney Adventure World,RC Racer Single Rider,7280,CLOSED,STANDBY,0,,,queue-times.com
2026-08-05T06:45:46Z,2026-08-05,8,45,Disney Adventure World,Slinky® Dog Zigzag Spin,36,OPERATING,STANDBY,5,,,queue-times.com
2026-08-05T06:45:46Z,2026-08-05,8,45,Disney Adventure World,Toy Soldiers Parachute Drop,35,CLOSED,STANDBY,0,,,queue-times.com
2026-08-05T06:45:46Z,2026-08-05,8,45,Disney Adventure World,Toy Soldiers Parachute Drop Single Rider,7281,CLOSED,STANDBY,0,,,queue-times.com
2026-08-05T06:45:46Z,2026-08-05,8,45,Disney Adventure World,Entry to World of Frozen,16247,OPERATING,STANDBY,0,,,queue-times.com
2026-08-05T06:45:46Z,2026-08-05,8,45,Disney Adventure World,Frozen Ever After,15413,OPERATING,STANDBY,20,,,queue-times.com
2026-08-05T06:45:46Z,2026-08-05,8,45,Disney Adventure World,Raiponce Tangled Spin,15415,OPERATING,STANDBY,5,,,queue-times.com
2026-08-05T07:01:23Z,2026-08-05,9,1,Disneyland Park,Adventure Isle,2702,CLOSED,STANDBY,0,,,queue-times.com
2026-08-05T07:01:23Z,2026-08-05,9,1,Disneyland Park,Indiana Jones and the Temple of Peril Single Rider,7306,CLOSED,STANDBY,0,,,queue-times.com
2026-08-05T07:01:23Z,2026-08-05,9,1,Disneyland Park,Indiana Jones™ and the Temple of Peril,2,CLOSED,STANDBY,0,,,queue-times.com
2026-08-05T07:01:23Z,2026-08-05,9,1,Disneyland Park,La Cabane des Robinson,1,CLOSED,STANDBY,0,,,queue-times.com
2026-08-05T07:01:23Z,2026-08-05,9,1,Disneyland Park,Le Passage Enchanté d'Aladdin,2703,CLOSED,STANDBY,0,,,queue-times.com
2026-08-05T07:01:23Z,2026-08-05,9,1,Disneyland Park,Pirate Galleon,2705,CLOSED,STANDBY,0,,,queue-times.com
2026-08-05T07:01:23Z,2026-08-05,9,1,Disneyland Park,Pirates of the Caribbean,3,CLOSED,STANDBY,0,,,queue-times.com
2026-08-05T07:01:23Z,2026-08-05,9,1,Disneyland Park,Pirates' Beach,2704,CLOSED,STANDBY,0,,,queue-times.com
2026-08-05T07:01:23Z,2026-08-05,9,1,Disneyland Park,"Autopia, presented by Avis",4,CLOSED,STANDBY,0,,,queue-times.com
2026-08-05T07:01:23Z,2026-08-05,9,1,Disneyland Park,Buzz Lightyear Laser Blast,5,CLOSED,STANDBY,0,,,queue-times.com
2026-08-05T07:01:23Z,2026-08-05,9,1,Disneyland Park,Disneyland Railroad Discoveryland Station,2706,CLOSED,STANDBY,0,,,queue-times.com
2026-08-05T07:01:23Z,2026-08-05,9,1,Disneyland Park,Les Mystères du Nautilus,6,CLOSED,STANDBY,0,,,queue-times.com
2026-08-05T07:01:23Z,2026-08-05,9,1,Disneyland Park,Mickey’s PhilharMagic,2707,CLOSED,STANDBY,0,,,queue-times.com
2026-08-05T07:01:23Z,2026-08-05,9,1,Disneyland Park,Orbitron®,7,CLOSED,STANDBY,0,,,queue-times.com
2026-08-05T07:01:23Z,2026-08-05,9,1,Disneyland Park,Star Tours: The Adventures Continue*,9,OPERATING,STANDBY,5,,,queue-times.com
2026-08-05T07:01:23Z,2026-08-05,9,1,Disneyland Park,Star Wars Hyperspace Mountain,8,CLOSED,STANDBY,0,,,queue-times.com
2026-08-05T07:01:23Z,2026-08-05,9,1,Disneyland Park,Star Wars Hyperspace Mountain Single Rider,7278,CLOSED,STANDBY,0,,,queue-times.com
2026-08-05T07:01:23Z,2026-08-05,9,1,Disneyland Park,Welcome to Starport: A Star Wars Encounter,4573,CLOSED,STANDBY,0,,,queue-times.com
2026-08-05T07:01:23Z,2026-08-05,9,1,Disneyland Park,"""it's a small world""",19,CLOSED,STANDBY,0,,,queue-times.com
2026-08-05T07:01:23Z,2026-08-05,9,1,Disneyland Park,Alice's Curious Labyrinth,14,CLOSED,STANDBY,0,,,queue-times.com
2026-08-05T07:01:23Z,2026-08-05,9,1,Disneyland Park,Blanche-Neige et les Sept Nains®,15,CLOSED,STANDBY,0,,,queue-times.com
2026-08-05T07:01:23Z,2026-08-05,9,1,Disneyland Park,Casey Jr. – le Petit Train du Cirque,17,CLOSED,STANDBY,0,,,queue-times.com
2026-08-05T07:01:23Z,2026-08-05,9,1,Disneyland Park,Disneyland Railroad Fantasyland Station,2711,CLOSED,STANDBY,0,,,queue-times.com
2026-08-05T07:01:23Z,2026-08-05,9,1,Disneyland Park,Disneyland Railroad Main Street Station,11,CLOSED,STANDBY,0,,,queue-times.com
2026-08-05T07:01:23Z,2026-08-05,9,1,Disneyland Park,Dumbo the Flying Elephant,18,OPERATING,STANDBY,10,,,queue-times.com
2026-08-05T07:01:23Z,2026-08-05,9,1,Disneyland Park,La Tanière du Dragon,2710,OPERATING,STANDBY,0,,,queue-times.com
2026-08-05T07:01:23Z,2026-08-05,9,1,Disneyland Park,Le Carrousel de Lancelot,16,CLOSED,STANDBY,0,,,queue-times.com
2026-08-05T07:01:23Z,2026-08-05,9,1,Disneyland Park,"Le Pays des Contes de Fées, presented by Vittel",21,CLOSED,STANDBY,0,,,queue-times.com
2026-08-05T07:01:23Z,2026-08-05,9,1,Disneyland Park,Les Voyages de Pinocchio,23,CLOSED,STANDBY,0,,,queue-times.com
2026-08-05T07:01:23Z,2026-08-05,9,1,Disneyland Park,Mad Hatter's Tea Cups,20,CLOSED,STANDBY,0,,,queue-times.com
2026-08-05T07:01:23Z,2026-08-05,9,1,Disneyland Park,Meet Mickey Mouse,13,CLOSED,STANDBY,0,,,queue-times.com
2026-08-05T07:01:23Z,2026-08-05,9,1,Disneyland Park,Peter Pan's Flight,22,OPERATING,STANDBY,45,,,queue-times.com
2026-08-05T07:01:23Z,2026-08-05,9,1,Disneyland Park,Princess Pavilion,24,CLOSED,STANDBY,0,,,queue-times.com
2026-08-05T07:01:23Z,2026-08-05,9,1,Disneyland Park,Big Thunder Mountain,25,OPERATING,STANDBY,70,,,queue-times.com
2026-08-05T07:01:23Z,2026-08-05,9,1,Disneyland Park,Disneyland Railroad Frontierland Depot,2714,CLOSED,STANDBY,0,,,queue-times.com
2026-08-05T07:01:23Z,2026-08-05,9,1,Disneyland Park,Frontierland Playground,2713,CLOSED,STANDBY,0,,,queue-times.com
2026-08-05T07:01:23Z,2026-08-05,9,1,Disneyland Park,Phantom Manor,26,CLOSED,STANDBY,0,,,queue-times.com
2026-08-05T07:01:23Z,2026-08-05,9,1,Disneyland Park,River Rogue Keelboats,27,CLOSED,STANDBY,0,,,queue-times.com
2026-08-05T07:01:23Z,2026-08-05,9,1,Disneyland Park,Rustler Roundup Shootin' Gallery,2712,OPERATING,STANDBY,0,,,queue-times.com
2026-08-05T07:01:23Z,2026-08-05,9,1,Disneyland Park,Thunder Mesa Riverboat Landing,28,CLOSED,STANDBY,0,,,queue-times.com
2026-08-05T07:01:23Z,2026-08-05,9,1,Disneyland Park,Disneyland Railroad Main Street Station,2708,CLOSED,STANDBY,0,,,queue-times.com
2026-08-05T07:01:23Z,2026-08-05,9,1,Disneyland Park,Main Street Vehicles,12,OPERATING,STANDBY,5,,,queue-times.com
2026-08-05T07:01:23Z,2026-08-05,9,1,Disney Adventure World,Avengers Assemble: Flight Force,10848,CLOSED,STANDBY,0,,,queue-times.com
2026-08-05T07:01:23Z,2026-08-05,9,1,Disney Adventure World,Avengers Assemble: Flight Force Single Rider,10849,CLOSED,STANDBY,0,,,queue-times.com
2026-08-05T07:01:23Z,2026-08-05,9,1,Disney Adventure World,Spider-Man W.E.B. Adventure,10845,OPERATING,STANDBY,10,,,queue-times.com
2026-08-05T07:01:23Z,2026-08-05,9,1,Disney Adventure World,Spider-Man W.E.B. Adventure Single Rider,10846,OPERATING,STANDBY,5,,,queue-times.com
2026-08-05T07:01:23Z,2026-08-05,9,1,Disney Adventure World,The Twilight Zone Tower of Terror,40,OPERATING,STANDBY,35,,,queue-times.com
2026-08-05T07:01:23Z,2026-08-05,9,1,Disney Adventure World,Cars Quatre Roues Rallye,31,CLOSED,STANDBY,0,,,queue-times.com
2026-08-05T07:01:23Z,2026-08-05,9,1,Disney Adventure World,Cars ROAD TRIP,29,CLOSED,STANDBY,0,,,queue-times.com
2026-08-05T07:01:23Z,2026-08-05,9,1,Disney Adventure World,Crush's Coaster,32,OPERATING,STANDBY,85,,,queue-times.com
2026-08-05T07:01:23Z,2026-08-05,9,1,Disney Adventure World,Crush's Coaster Single Rider,7277,OPERATING,STANDBY,55,,,queue-times.com
2026-08-05T07:01:23Z,2026-08-05,9,1,Disney Adventure World,Les Tapis Volants - Flying Carpets Over Agrabah®,33,CLOSED,STANDBY,0,,,queue-times.com
2026-08-05T07:01:23Z,2026-08-05,9,1,Disney Adventure World,Ratatouille : L’Aventure Totalement Toquée de Rémy​,37,CLOSED,STANDBY,0,,,queue-times.com
2026-08-05T07:01:23Z,2026-08-05,9,1,Disney Adventure World,Ratatouille: The Adventure Single Rider,7279,CLOSED,STANDBY,0,,,queue-times.com
2026-08-05T07:01:23Z,2026-08-05,9,1,Disney Adventure World,RC Racer,34,CLOSED,STANDBY,0,,,queue-times.com
2026-08-05T07:01:23Z,2026-08-05,9,1,Disney Adventure World,RC Racer Single Rider,7280,CLOSED,STANDBY,0,,,queue-times.com
2026-08-05T07:01:23Z,2026-08-05,9,1,Disney Adventure World,Slinky® Dog Zigzag Spin,36,OPERATING,STANDBY,5,,,queue-times.com
2026-08-05T07:01:23Z,2026-08-05,9,1,Disney Adventure World,Toy Soldiers Parachute Drop,35,CLOSED,STANDBY,0,,,queue-times.com
2026-08-05T07:01:23Z,2026-08-05,9,1,Disney Adventure World,Toy Soldiers Parachute Drop Single Rider,7281,CLOSED,STANDBY,0,,,queue-times.com
2026-08-05T07:01:23Z,2026-08-05,9,1,Disney Adventure World,Entry to World of Frozen,16247,OPERATING,STANDBY,0,,,queue-times.com
2026-08-05T07:01:23Z,2026-08-05,9,1,Disney Adventure World,Frozen Ever After,15413,OPERATING,STANDBY,45,,,queue-times.com
2026-08-05T07:01:23Z,2026-08-05,9,1,Disney Adventure World,Raiponce Tangled Spin,15415,OPERATING,STANDBY,5,,,queue-times.com
2026-08-05T07:15:46Z,2026-08-05,9,15,Disneyland Park,Adventure Isle,2702,CLOSED,STANDBY,0,,,queue-times.com
2026-08-05T07:15:46Z,2026-08-05,9,15,Disneyland Park,Indiana Jones and the Temple of Peril Single Rider,7306,CLOSED,STANDBY,0,,,queue-times.com
2026-08-05T07:15:46Z,2026-08-05,9,15,Disneyland Park,Indiana Jones™ and the Temple of Peril,2,CLOSED,STANDBY,0,,,queue-times.com
2026-08-05T07:15:46Z,2026-08-05,9,15,Disneyland Park,La Cabane des Robinson,1,OPERATING,STANDBY,5,,,queue-times.com
2026-08-05T07:15:46Z,2026-08-05,9,15,Disneyland Park,Le Passage Enchanté d'Aladdin,2703,OPERATING,STANDBY,0,,,queue-times.com
2026-08-05T07:15:46Z,2026-08-05,9,15,Disneyland Park,Pirate Galleon,2705,CLOSED,STANDBY,0,,,queue-times.com
2026-08-05T07:15:46Z,2026-08-05,9,15,Disneyland Park,Pirates of the Caribbean,3,CLOSED,STANDBY,0,,,queue-times.com
2026-08-05T07:15:46Z,2026-08-05,9,15,Disneyland Park,Pirates' Beach,2704,OPERATING,STANDBY,0,,,queue-times.com
2026-08-05T07:15:46Z,2026-08-05,9,15,Disneyland Park,"Autopia, presented by Avis",4,CLOSED,STANDBY,0,,,queue-times.com
2026-08-05T07:15:46Z,2026-08-05,9,15,Disneyland Park,Buzz Lightyear Laser Blast,5,OPERATING,STANDBY,10,,,queue-times.com
2026-08-05T07:15:46Z,2026-08-05,9,15,Disneyland Park,Disneyland Railroad Discoveryland Station,2706,CLOSED,STANDBY,0,,,queue-times.com
2026-08-05T07:15:46Z,2026-08-05,9,15,Disneyland Park,Les Mystères du Nautilus,6,CLOSED,STANDBY,0,,,queue-times.com
2026-08-05T07:15:46Z,2026-08-05,9,15,Disneyland Park,Mickey’s PhilharMagic,2707,CLOSED,STANDBY,0,,,queue-times.com
2026-08-05T07:15:46Z,2026-08-05,9,15,Disneyland Park,Orbitron®,7,CLOSED,STANDBY,0,,,queue-times.com
2026-08-05T07:15:46Z,2026-08-05,9,15,Disneyland Park,Star Tours: The Adventures Continue*,9,OPERATING,STANDBY,5,,,queue-times.com
2026-08-05T07:15:46Z,2026-08-05,9,15,Disneyland Park,Star Wars Hyperspace Mountain,8,CLOSED,STANDBY,0,,,queue-times.com
2026-08-05T07:15:46Z,2026-08-05,9,15,Disneyland Park,Star Wars Hyperspace Mountain Single Rider,7278,CLOSED,STANDBY,0,,,queue-times.com
2026-08-05T07:15:46Z,2026-08-05,9,15,Disneyland Park,Welcome to Starport: A Star Wars Encounter,4573,CLOSED,STANDBY,0,,,queue-times.com
2026-08-05T07:15:46Z,2026-08-05,9,15,Disneyland Park,"""it's a small world""",19,CLOSED,STANDBY,0,,,queue-times.com
2026-08-05T07:15:46Z,2026-08-05,9,15,Disneyland Park,Alice's Curious Labyrinth,14,CLOSED,STANDBY,0,,,queue-times.com
2026-08-05T07:15:46Z,2026-08-05,9,15,Disneyland Park,Blanche-Neige et les Sept Nains®,15,CLOSED,STANDBY,0,,,queue-times.com
2026-08-05T07:15:46Z,2026-08-05,9,15,Disneyland Park,Casey Jr. – le Petit Train du Cirque,17,CLOSED,STANDBY,0,,,queue-times.com
2026-08-05T07:15:46Z,2026-08-05,9,15,Disneyland Park,Disneyland Railroad Fantasyland Station,2711,CLOSED,STANDBY,0,,,queue-times.com
2026-08-05T07:15:46Z,2026-08-05,9,15,Disneyland Park,Disneyland Railroad Main Street Station,11,CLOSED,STANDBY,0,,,queue-times.com
2026-08-05T07:15:46Z,2026-08-05,9,15,Disneyland Park,Dumbo the Flying Elephant,18,OPERATING,STANDBY,25,,,queue-times.com
2026-08-05T07:15:46Z,2026-08-05,9,15,Disneyland Park,La Tanière du Dragon,2710,OPERATING,STANDBY,0,,,queue-times.com
2026-08-05T07:15:46Z,2026-08-05,9,15,Disneyland Park,Le Carrousel de Lancelot,16,CLOSED,STANDBY,0,,,queue-times.com
2026-08-05T07:15:46Z,2026-08-05,9,15,Disneyland Park,"Le Pays des Contes de Fées, presented by Vittel",21,CLOSED,STANDBY,0,,,queue-times.com
2026-08-05T07:15:46Z,2026-08-05,9,15,Disneyland Park,Les Voyages de Pinocchio,23,CLOSED,STANDBY,0,,,queue-times.com
2026-08-05T07:15:46Z,2026-08-05,9,15,Disneyland Park,Mad Hatter's Tea Cups,20,CLOSED,STANDBY,0,,,queue-times.com
2026-08-05T07:15:46Z,2026-08-05,9,15,Disneyland Park,Meet Mickey Mouse,13,CLOSED,STANDBY,0,,,queue-times.com
2026-08-05T07:15:46Z,2026-08-05,9,15,Disneyland Park,Peter Pan's Flight,22,OPERATING,STANDBY,55,,,queue-times.com
2026-08-05T07:15:46Z,2026-08-05,9,15,Disneyland Park,Princess Pavilion,24,CLOSED,STANDBY,0,,,queue-times.com
2026-08-05T07:15:46Z,2026-08-05,9,15,Disneyland Park,Big Thunder Mountain,25,OPERATING,STANDBY,55,,,queue-times.com
2026-08-05T07:15:46Z,2026-08-05,9,15,Disneyland Park,Disneyland Railroad Frontierland Depot,2714,CLOSED,STANDBY,0,,,queue-times.com
2026-08-05T07:15:46Z,2026-08-05,9,15,Disneyland Park,Frontierland Playground,2713,CLOSED,STANDBY,0,,,queue-times.com
2026-08-05T07:15:46Z,2026-08-05,9,15,Disneyland Park,Phantom Manor,26,CLOSED,STANDBY,0,,,queue-times.com
2026-08-05T07:15:46Z,2026-08-05,9,15,Disneyland Park,River Rogue Keelboats,27,CLOSED,STANDBY,0,,,queue-times.com
2026-08-05T07:15:46Z,2026-08-05,9,15,Disneyland Park,Rustler Roundup Shootin' Gallery,2712,OPERATING,STANDBY,0,,,queue-times.com
2026-08-05T07:15:46Z,2026-08-05,9,15,Disneyland Park,Thunder Mesa Riverboat Landing,28,CLOSED,STANDBY,0,,,queue-times.com
2026-08-05T07:15:46Z,2026-08-05,9,15,Disneyland Park,Disneyland Railroad Main Street Station,2708,CLOSED,STANDBY,0,,,queue-times.com
2026-08-05T07:15:46Z,2026-08-05,9,15,Disneyland Park,Main Street Vehicles,12,OPERATING,STANDBY,5,,,queue-times.com
2026-08-05T07:15:46Z,2026-08-05,9,15,Disney Adventure World,Avengers Assemble: Flight Force,10848,CLOSED,STANDBY,0,,,queue-times.com
2026-08-05T07:15:46Z,2026-08-05,9,15,Disney Adventure World,Avengers Assemble: Flight Force Single Rider,10849,CLOSED,STANDBY,0,,,queue-times.com
2026-08-05T07:15:46Z,2026-08-05,9,15,Disney Adventure World,Spider-Man W.E.B. Adventure,10845,OPERATING,STANDBY,15,,,queue-times.com
2026-08-05T07:15:46Z,2026-08-05,9,15,Disney Adventure World,Spider-Man W.E.B. Adventure Single Rider,10846,OPERATING,STANDBY,5,,,queue-times.com
2026-08-05T07:15:46Z,2026-08-05,9,15,Disney Adventure World,The Twilight Zone Tower of Terror,40,OPERATING,STANDBY,35,,,queue-times.com
2026-08-05T07:15:46Z,2026-08-05,9,15,Disney Adventure World,Cars Quatre Roues Rallye,31,CLOSED,STANDBY,0,,,queue-times.com
2026-08-05T07:15:46Z,2026-08-05,9,15,Disney Adventure World,Cars ROAD TRIP,29,CLOSED,STANDBY,0,,,queue-times.com
2026-08-05T07:15:46Z,2026-08-05,9,15,Disney Adventure World,Crush's Coaster,32,OPERATING,STANDBY,60,,,queue-times.com
2026-08-05T07:15:46Z,2026-08-05,9,15,Disney Adventure World,Crush's Coaster Single Rider,7277,OPERATING,STANDBY,45,,,queue-times.com
2026-08-05T07:15:46Z,2026-08-05,9,15,Disney Adventure World,Les Tapis Volants - Flying Carpets Over Agrabah®,33,OPERATING,STANDBY,5,,,queue-times.com
2026-08-05T07:15:46Z,2026-08-05,9,15,Disney Adventure World,Ratatouille : L’Aventure Totalement Toquée de Rémy​,37,CLOSED,STANDBY,0,,,queue-times.com
2026-08-05T07:15:46Z,2026-08-05,9,15,Disney Adventure World,Ratatouille: The Adventure Single Rider,7279,CLOSED,STANDBY,0,,,queue-times.com
2026-08-05T07:15:46Z,2026-08-05,9,15,Disney Adventure World,RC Racer,34,CLOSED,STANDBY,0,,,queue-times.com
2026-08-05T07:15:46Z,2026-08-05,9,15,Disney Adventure World,RC Racer Single Rider,7280,CLOSED,STANDBY,0,,,queue-times.com
2026-08-05T07:15:46Z,2026-08-05,9,15,Disney Adventure World,Slinky® Dog Zigzag Spin,36,OPERATING,STANDBY,5,,,queue-times.com
2026-08-05T07:15:46Z,2026-08-05,9,15,Disney Adventure World,Toy Soldiers Parachute Drop,35,CLOSED,STANDBY,0,,,queue-times.com
2026-08-05T07:15:46Z,2026-08-05,9,15,Disney Adventure World,Toy Soldiers Parachute Drop Single Rider,7281,CLOSED,STANDBY,0,,,queue-times.com
2026-08-05T07:15:46Z,2026-08-05,9,15,Disney Adventure World,Entry to World of Frozen,16247,OPERATING,STANDBY,0,,,queue-times.com
2026-08-05T07:15:46Z,2026-08-05,9,15,Disney Adventure World,Frozen Ever After,15413,OPERATING,STANDBY,50,,,queue-times.com
2026-08-05T07:15:46Z,2026-08-05,9,15,Disney Adventure World,Raiponce Tangled Spin,15415,OPERATING,STANDBY,5,,,queue-times.com
2026-08-05T07:31:05Z,2026-08-05,9,31,Disneyland Park,Adventure Isle,2702,CLOSED,STANDBY,0,,,queue-times.com
2026-08-05T07:31:05Z,2026-08-05,9,31,Disneyland Park,Indiana Jones and the Temple of Peril Single Rider,7306,OPERATING,STANDBY,0,,,queue-times.com
2026-08-05T07:31:05Z,2026-08-05,9,31,Disneyland Park,Indiana Jones™ and the Temple of Peril,2,OPERATING,STANDBY,5,,,queue-times.com
2026-08-05T07:31:05Z,2026-08-05,9,31,Disneyland Park,La Cabane des Robinson,1,OPERATING,STANDBY,5,,,queue-times.com
2026-08-05T07:31:05Z,2026-08-05,9,31,Disneyland Park,Le Passage Enchanté d'Aladdin,2703,OPERATING,STANDBY,0,,,queue-times.com
2026-08-05T07:31:05Z,2026-08-05,9,31,Disneyland Park,Pirate Galleon,2705,CLOSED,STANDBY,0,,,queue-times.com
2026-08-05T07:31:05Z,2026-08-05,9,31,Disneyland Park,Pirates of the Caribbean,3,OPERATING,STANDBY,5,,,queue-times.com
2026-08-05T07:31:05Z,2026-08-05,9,31,Disneyland Park,Pirates' Beach,2704,OPERATING,STANDBY,0,,,queue-times.com
2026-08-05T07:31:05Z,2026-08-05,9,31,Disneyland Park,"Autopia, presented by Avis",4,OPERATING,STANDBY,80,,,queue-times.com
2026-08-05T07:31:05Z,2026-08-05,9,31,Disneyland Park,Buzz Lightyear Laser Blast,5,OPERATING,STANDBY,20,,,queue-times.com
2026-08-05T07:31:05Z,2026-08-05,9,31,Disneyland Park,Disneyland Railroad Discoveryland Station,2706,CLOSED,STANDBY,0,,,queue-times.com
2026-08-05T07:31:05Z,2026-08-05,9,31,Disneyland Park,Les Mystères du Nautilus,6,OPERATING,STANDBY,5,,,queue-times.com
2026-08-05T07:31:05Z,2026-08-05,9,31,Disneyland Park,Mickey’s PhilharMagic,2707,CLOSED,STANDBY,0,,,queue-times.com
2026-08-05T07:31:05Z,2026-08-05,9,31,Disneyland Park,Orbitron®,7,OPERATING,STANDBY,5,,,queue-times.com
2026-08-05T07:31:05Z,2026-08-05,9,31,Disneyland Park,Star Tours: The Adventures Continue*,9,OPERATING,STANDBY,5,,,queue-times.com
2026-08-05T07:31:05Z,2026-08-05,9,31,Disneyland Park,Star Wars Hyperspace Mountain,8,CLOSED,STANDBY,0,,,queue-times.com
2026-08-05T07:31:05Z,2026-08-05,9,31,Disneyland Park,Star Wars Hyperspace Mountain Single Rider,7278,CLOSED,STANDBY,0,,,queue-times.com
2026-08-05T07:31:05Z,2026-08-05,9,31,Disneyland Park,Welcome to Starport: A Star Wars Encounter,4573,CLOSED,STANDBY,0,,,queue-times.com
2026-08-05T07:31:05Z,2026-08-05,9,31,Disneyland Park,"""it's a small world""",19,CLOSED,STANDBY,0,,,queue-times.com
2026-08-05T07:31:05Z,2026-08-05,9,31,Disneyland Park,Alice's Curious Labyrinth,14,CLOSED,STANDBY,0,,,queue-times.com
2026-08-05T07:31:05Z,2026-08-05,9,31,Disneyland Park,Blanche-Neige et les Sept Nains®,15,CLOSED,STANDBY,0,,,queue-times.com
2026-08-05T07:31:05Z,2026-08-05,9,31,Disneyland Park,Casey Jr. – le Petit Train du Cirque,17,CLOSED,STANDBY,0,,,queue-times.com
2026-08-05T07:31:05Z,2026-08-05,9,31,Disneyland Park,Disneyland Railroad Fantasyland Station,2711,CLOSED,STANDBY,0,,,queue-times.com
2026-08-05T07:31:05Z,2026-08-05,9,31,Disneyland Park,Disneyland Railroad Main Street Station,11,CLOSED,STANDBY,0,,,queue-times.com
2026-08-05T07:31:05Z,2026-08-05,9,31,Disneyland Park,Dumbo the Flying Elephant,18,OPERATING,STANDBY,25,,,queue-times.com
2026-08-05T07:31:05Z,2026-08-05,9,31,Disneyland Park,La Tanière du Dragon,2710,OPERATING,STANDBY,0,,,queue-times.com
2026-08-05T07:31:05Z,2026-08-05,9,31,Disneyland Park,Le Carrousel de Lancelot,16,CLOSED,STANDBY,0,,,queue-times.com
2026-08-05T07:31:05Z,2026-08-05,9,31,Disneyland Park,"Le Pays des Contes de Fées, presented by Vittel",21,OPERATING,STANDBY,5,,,queue-times.com
2026-08-05T07:31:05Z,2026-08-05,9,31,Disneyland Park,Les Voyages de Pinocchio,23,OPERATING,STANDBY,5,,,queue-times.com
2026-08-05T07:31:05Z,2026-08-05,9,31,Disneyland Park,Mad Hatter's Tea Cups,20,OPERATING,STANDBY,5,,,queue-times.com
2026-08-05T07:31:05Z,2026-08-05,9,31,Disneyland Park,Meet Mickey Mouse,13,CLOSED,STANDBY,0,,,queue-times.com
2026-08-05T07:31:05Z,2026-08-05,9,31,Disneyland Park,Peter Pan's Flight,22,OPERATING,STANDBY,55,,,queue-times.com
2026-08-05T07:31:05Z,2026-08-05,9,31,Disneyland Park,Princess Pavilion,24,CLOSED,STANDBY,0,,,queue-times.com
2026-08-05T07:31:05Z,2026-08-05,9,31,Disneyland Park,Big Thunder Mountain,25,OPERATING,STANDBY,45,,,queue-times.com
2026-08-05T07:31:05Z,2026-08-05,9,31,Disneyland Park,Disneyland Railroad Frontierland Depot,2714,CLOSED,STANDBY,0,,,queue-times.com
2026-08-05T07:31:05Z,2026-08-05,9,31,Disneyland Park,Frontierland Playground,2713,OPERATING,STANDBY,0,,,queue-times.com
2026-08-05T07:31:05Z,2026-08-05,9,31,Disneyland Park,Phantom Manor,26,OPERATING,STANDBY,5,,,queue-times.com
2026-08-05T07:31:05Z,2026-08-05,9,31,Disneyland Park,River Rogue Keelboats,27,CLOSED,STANDBY,0,,,queue-times.com
2026-08-05T07:31:05Z,2026-08-05,9,31,Disneyland Park,Rustler Roundup Shootin' Gallery,2712,OPERATING,STANDBY,0,,,queue-times.com
2026-08-05T07:31:05Z,2026-08-05,9,31,Disneyland Park,Thunder Mesa Riverboat Landing,28,CLOSED,STANDBY,0,,,queue-times.com
2026-08-05T07:31:05Z,2026-08-05,9,31,Disneyland Park,Disneyland Railroad Main Street Station,2708,CLOSED,STANDBY,0,,,queue-times.com
2026-08-05T07:31:05Z,2026-08-05,9,31,Disneyland Park,Main Street Vehicles,12,OPERATING,STANDBY,5,,,queue-times.com
2026-08-05T07:31:05Z,2026-08-05,9,31,Disney Adventure World,Avengers Assemble: Flight Force,10848,OPERATING,STANDBY,5,,,queue-times.com
2026-08-05T07:31:05Z,2026-08-05,9,31,Disney Adventure World,Avengers Assemble: Flight Force Single Rider,10849,OPERATING,STANDBY,5,,,queue-times.com
2026-08-05T07:31:05Z,2026-08-05,9,31,Disney Adventure World,Spider-Man W.E.B. Adventure,10845,OPERATING,STANDBY,30,,,queue-times.com
2026-08-05T07:31:05Z,2026-08-05,9,31,Disney Adventure World,Spider-Man W.E.B. Adventure Single Rider,10846,OPERATING,STANDBY,5,,,queue-times.com
2026-08-05T07:31:05Z,2026-08-05,9,31,Disney Adventure World,The Twilight Zone Tower of Terror,40,OPERATING,STANDBY,15,,,queue-times.com
2026-08-05T07:31:05Z,2026-08-05,9,31,Disney Adventure World,Cars Quatre Roues Rallye,31,OPERATING,STANDBY,5,,,queue-times.com
2026-08-05T07:31:05Z,2026-08-05,9,31,Disney Adventure World,Cars ROAD TRIP,29,OPERATING,STANDBY,5,,,queue-times.com
2026-08-05T07:31:05Z,2026-08-05,9,31,Disney Adventure World,Crush's Coaster,32,OPERATING,STANDBY,85,,,queue-times.com
2026-08-05T07:31:05Z,2026-08-05,9,31,Disney Adventure World,Crush's Coaster Single Rider,7277,OPERATING,STANDBY,45,,,queue-times.com
2026-08-05T07:31:05Z,2026-08-05,9,31,Disney Adventure World,Les Tapis Volants - Flying Carpets Over Agrabah®,33,OPERATING,STANDBY,5,,,queue-times.com
2026-08-05T07:31:05Z,2026-08-05,9,31,Disney Adventure World,Ratatouille : L’Aventure Totalement Toquée de Rémy​,37,CLOSED,STANDBY,0,,,queue-times.com
2026-08-05T07:31:05Z,2026-08-05,9,31,Disney Adventure World,Ratatouille: The Adventure Single Rider,7279,CLOSED,STANDBY,0,,,queue-times.com
2026-08-05T07:31:05Z,2026-08-05,9,31,Disney Adventure World,RC Racer,34,OPERATING,STANDBY,30,,,queue-times.com
2026-08-05T07:31:05Z,2026-08-05,9,31,Disney Adventure World,RC Racer Single Rider,7280,OPERATING,STANDBY,5,,,queue-times.com
2026-08-05T07:31:05Z,2026-08-05,9,31,Disney Adventure World,Slinky® Dog Zigzag Spin,36,OPERATING,STANDBY,5,,,queue-times.com
2026-08-05T07:31:05Z,2026-08-05,9,31,Disney Adventure World,Toy Soldiers Parachute Drop,35,OPERATING,STANDBY,30,,,queue-times.com
2026-08-05T07:31:05Z,2026-08-05,9,31,Disney Adventure World,Toy Soldiers Parachute Drop Single Rider,7281,OPERATING,STANDBY,5,,,queue-times.com
2026-08-05T07:31:05Z,2026-08-05,9,31,Disney Adventure World,Entry to World of Frozen,16247,OPERATING,STANDBY,0,,,queue-times.com
2026-08-05T07:31:05Z,2026-08-05,9,31,Disney Adventure World,Frozen Ever After,15413,OPERATING,STANDBY,50,,,queue-times.com
2026-08-05T07:31:05Z,2026-08-05,9,31,Disney Adventure World,Raiponce Tangled Spin,15415,OPERATING,STANDBY,5,,,queue-times.com
2026-08-05T07:45:45Z,2026-08-05,9,45,Disneyland Park,Adventure Isle,2702,OPERATING,STANDBY,0,,,queue-times.com
2026-08-05T07:45:45Z,2026-08-05,9,45,Disneyland Park,Indiana Jones and the Temple of Peril Single Rider,7306,OPERATING,STANDBY,5,,,queue-times.com
2026-08-05T07:45:45Z,2026-08-05,9,45,Disneyland Park,Indiana Jones™ and the Temple of Peril,2,OPERATING,STANDBY,5,,,queue-times.com
2026-08-05T07:45:45Z,2026-08-05,9,45,Disneyland Park,La Cabane des Robinson,1,OPERATING,STANDBY,5,,,queue-times.com
2026-08-05T07:45:45Z,2026-08-05,9,45,Disneyland Park,Le Passage Enchanté d'Aladdin,2703,OPERATING,STANDBY,0,,,queue-times.com
2026-08-05T07:45:45Z,2026-08-05,9,45,Disneyland Park,Pirate Galleon,2705,CLOSED,STANDBY,0,,,queue-times.com
2026-08-05T07:45:45Z,2026-08-05,9,45,Disneyland Park,Pirates of the Caribbean,3,OPERATING,STANDBY,10,,,queue-times.com
2026-08-05T07:45:45Z,2026-08-05,9,45,Disneyland Park,Pirates' Beach,2704,OPERATING,STANDBY,0,,,queue-times.com
2026-08-05T07:45:45Z,2026-08-05,9,45,Disneyland Park,"Autopia, presented by Avis",4,OPERATING,STANDBY,40,,,queue-times.com
2026-08-05T07:45:45Z,2026-08-05,9,45,Disneyland Park,Buzz Lightyear Laser Blast,5,OPERATING,STANDBY,35,,,queue-times.com
2026-08-05T07:45:45Z,2026-08-05,9,45,Disneyland Park,Disneyland Railroad Discoveryland Station,2706,CLOSED,STANDBY,0,,,queue-times.com
2026-08-05T07:45:45Z,2026-08-05,9,45,Disneyland Park,Les Mystères du Nautilus,6,OPERATING,STANDBY,5,,,queue-times.com
2026-08-05T07:45:45Z,2026-08-05,9,45,Disneyland Park,Mickey’s PhilharMagic,2707,CLOSED,STANDBY,0,,,queue-times.com
2026-08-05T07:45:45Z,2026-08-05,9,45,Disneyland Park,Orbitron®,7,OPERATING,STANDBY,25,,,queue-times.com
2026-08-05T07:45:45Z,2026-08-05,9,45,Disneyland Park,Star Tours: The Adventures Continue*,9,OPERATING,STANDBY,5,,,queue-times.com
2026-08-05T07:45:45Z,2026-08-05,9,45,Disneyland Park,Star Wars Hyperspace Mountain,8,OPERATING,STANDBY,5,,,queue-times.com
2026-08-05T07:45:45Z,2026-08-05,9,45,Disneyland Park,Star Wars Hyperspace Mountain Single Rider,7278,OPERATING,STANDBY,0,,,queue-times.com
2026-08-05T07:45:45Z,2026-08-05,9,45,Disneyland Park,Welcome to Starport: A Star Wars Encounter,4573,CLOSED,STANDBY,0,,,queue-times.com
2026-08-05T07:45:45Z,2026-08-05,9,45,Disneyland Park,"""it's a small world""",19,OPERATING,STANDBY,5,,,queue-times.com
2026-08-05T07:45:45Z,2026-08-05,9,45,Disneyland Park,Alice's Curious Labyrinth,14,CLOSED,STANDBY,0,,,queue-times.com
2026-08-05T07:45:45Z,2026-08-05,9,45,Disneyland Park,Blanche-Neige et les Sept Nains®,15,OPERATING,STANDBY,10,,,queue-times.com
2026-08-05T07:45:45Z,2026-08-05,9,45,Disneyland Park,Casey Jr. – le Petit Train du Cirque,17,CLOSED,STANDBY,0,,,queue-times.com
2026-08-05T07:45:45Z,2026-08-05,9,45,Disneyland Park,Disneyland Railroad Fantasyland Station,2711,CLOSED,STANDBY,0,,,queue-times.com
2026-08-05T07:45:45Z,2026-08-05,9,45,Disneyland Park,Disneyland Railroad Main Street Station,11,CLOSED,STANDBY,0,,,queue-times.com
2026-08-05T07:45:45Z,2026-08-05,9,45,Disneyland Park,Dumbo the Flying Elephant,18,OPERATING,STANDBY,25,,,queue-times.com
2026-08-05T07:45:45Z,2026-08-05,9,45,Disneyland Park,La Tanière du Dragon,2710,OPERATING,STANDBY,0,,,queue-times.com
2026-08-05T07:45:45Z,2026-08-05,9,45,Disneyland Park,Le Carrousel de Lancelot,16,OPERATING,STANDBY,5,,,queue-times.com
2026-08-05T07:45:45Z,2026-08-05,9,45,Disneyland Park,"Le Pays des Contes de Fées, presented by Vittel",21,OPERATING,STANDBY,5,,,queue-times.com
2026-08-05T07:45:45Z,2026-08-05,9,45,Disneyland Park,Les Voyages de Pinocchio,23,OPERATING,STANDBY,5,,,queue-times.com
2026-08-05T07:45:45Z,2026-08-05,9,45,Disneyland Park,Mad Hatter's Tea Cups,20,OPERATING,STANDBY,5,,,queue-times.com
2026-08-05T07:45:45Z,2026-08-05,9,45,Disneyland Park,Meet Mickey Mouse,13,CLOSED,STANDBY,0,,,queue-times.com
2026-08-05T07:45:45Z,2026-08-05,9,45,Disneyland Park,Peter Pan's Flight,22,OPERATING,STANDBY,55,,,queue-times.com
2026-08-05T07:45:45Z,2026-08-05,9,45,Disneyland Park,Princess Pavilion,24,CLOSED,STANDBY,0,,,queue-times.com
2026-08-05T07:45:45Z,2026-08-05,9,45,Disneyland Park,Big Thunder Mountain,25,OPERATING,STANDBY,50,,,queue-times.com
2026-08-05T07:45:45Z,2026-08-05,9,45,Disneyland Park,Disneyland Railroad Frontierland Depot,2714,CLOSED,STANDBY,0,,,queue-times.com
2026-08-05T07:45:45Z,2026-08-05,9,45,Disneyland Park,Frontierland Playground,2713,OPERATING,STANDBY,0,,,queue-times.com
2026-08-05T07:45:45Z,2026-08-05,9,45,Disneyland Park,Phantom Manor,26,OPERATING,STANDBY,5,,,queue-times.com
2026-08-05T07:45:45Z,2026-08-05,9,45,Disneyland Park,River Rogue Keelboats,27,CLOSED,STANDBY,0,,,queue-times.com
2026-08-05T07:45:45Z,2026-08-05,9,45,Disneyland Park,Rustler Roundup Shootin' Gallery,2712,OPERATING,STANDBY,0,,,queue-times.com
2026-08-05T07:45:45Z,2026-08-05,9,45,Disneyland Park,Thunder Mesa Riverboat Landing,28,CLOSED,STANDBY,0,,,queue-times.com
2026-08-05T07:45:45Z,2026-08-05,9,45,Disneyland Park,Disneyland Railroad Main Street Station,2708,CLOSED,STANDBY,0,,,queue-times.com
2026-08-05T07:45:45Z,2026-08-05,9,45,Disneyland Park,Main Street Vehicles,12,OPERATING,STANDBY,5,,,queue-times.com
2026-08-05T07:45:45Z,2026-08-05,9,45,Disney Adventure World,Avengers Assemble: Flight Force,10848,OPERATING,STANDBY,10,,,queue-times.com
2026-08-05T07:45:45Z,2026-08-05,9,45,Disney Adventure World,Avengers Assemble: Flight Force Single Rider,10849,OPERATING,STANDBY,5,,,queue-times.com
2026-08-05T07:45:45Z,2026-08-05,9,45,Disney Adventure World,Spider-Man W.E.B. Adventure,10845,OPERATING,STANDBY,40,,,queue-times.com
2026-08-05T07:45:45Z,2026-08-05,9,45,Disney Adventure World,Spider-Man W.E.B. Adventure Single Rider,10846,OPERATING,STANDBY,5,,,queue-times.com
2026-08-05T07:45:45Z,2026-08-05,9,45,Disney Adventure World,The Twilight Zone Tower of Terror,40,OPERATING,STANDBY,25,,,queue-times.com
2026-08-05T07:45:45Z,2026-08-05,9,45,Disney Adventure World,Cars Quatre Roues Rallye,31,OPERATING,STANDBY,5,,,queue-times.com
2026-08-05T07:45:45Z,2026-08-05,9,45,Disney Adventure World,Cars ROAD TRIP,29,OPERATING,STANDBY,5,,,queue-times.com
2026-08-05T07:45:45Z,2026-08-05,9,45,Disney Adventure World,Crush's Coaster,32,OPERATING,STANDBY,80,,,queue-times.com
2026-08-05T07:45:45Z,2026-08-05,9,45,Disney Adventure World,Crush's Coaster Single Rider,7277,OPERATING,STANDBY,70,,,queue-times.com
2026-08-05T07:45:45Z,2026-08-05,9,45,Disney Adventure World,Les Tapis Volants - Flying Carpets Over Agrabah®,33,OPERATING,STANDBY,5,,,queue-times.com
2026-08-05T07:45:45Z,2026-08-05,9,45,Disney Adventure World,Ratatouille : L’Aventure Totalement Toquée de Rémy​,37,CLOSED,STANDBY,0,,,queue-times.com
2026-08-05T07:45:45Z,2026-08-05,9,45,Disney Adventure World,Ratatouille: The Adventure Single Rider,7279,CLOSED,STANDBY,0,,,queue-times.com
2026-08-05T07:45:45Z,2026-08-05,9,45,Disney Adventure World,RC Racer,34,OPERATING,STANDBY,35,,,queue-times.com
2026-08-05T07:45:45Z,2026-08-05,9,45,Disney Adventure World,RC Racer Single Rider,7280,OPERATING,STANDBY,30,,,queue-times.com
2026-08-05T07:45:45Z,2026-08-05,9,45,Disney Adventure World,Slinky® Dog Zigzag Spin,36,OPERATING,STANDBY,5,,,queue-times.com
2026-08-05T07:45:45Z,2026-08-05,9,45,Disney Adventure World,Toy Soldiers Parachute Drop,35,OPERATING,STANDBY,35,,,queue-times.com
2026-08-05T07:45:45Z,2026-08-05,9,45,Disney Adventure World,Toy Soldiers Parachute Drop Single Rider,7281,OPERATING,STANDBY,5,,,queue-times.com
2026-08-05T07:45:45Z,2026-08-05,9,45,Disney Adventure World,Entry to World of Frozen,16247,OPERATING,STANDBY,0,,,queue-times.com
2026-08-05T07:45:45Z,2026-08-05,9,45,Disney Adventure World,Frozen Ever After,15413,OPERATING,STANDBY,85,,,queue-times.com
2026-08-05T07:45:45Z,2026-08-05,9,45,Disney Adventure World,Raiponce Tangled Spin,15415,OPERATING,STANDBY,5,,,queue-times.com
2026-08-05T08:01:18Z,2026-08-05,10,1,Disneyland Park,Adventure Isle,2702,OPERATING,STANDBY,0,,,queue-times.com
2026-08-05T08:01:18Z,2026-08-05,10,1,Disneyland Park,Indiana Jones and the Temple of Peril Single Rider,7306,OPERATING,STANDBY,5,,,queue-times.com
2026-08-05T08:01:18Z,2026-08-05,10,1,Disneyland Park,Indiana Jones™ and the Temple of Peril,2,OPERATING,STANDBY,5,,,queue-times.com
2026-08-05T08:01:18Z,2026-08-05,10,1,Disneyland Park,La Cabane des Robinson,1,OPERATING,STANDBY,5,,,queue-times.com
2026-08-05T08:01:18Z,2026-08-05,10,1,Disneyland Park,Le Passage Enchanté d'Aladdin,2703,OPERATING,STANDBY,0,,,queue-times.com
2026-08-05T08:01:18Z,2026-08-05,10,1,Disneyland Park,Pirate Galleon,2705,CLOSED,STANDBY,0,,,queue-times.com
2026-08-05T08:01:18Z,2026-08-05,10,1,Disneyland Park,Pirates of the Caribbean,3,OPERATING,STANDBY,10,,,queue-times.com
2026-08-05T08:01:18Z,2026-08-05,10,1,Disneyland Park,Pirates' Beach,2704,OPERATING,STANDBY,0,,,queue-times.com
2026-08-05T08:01:18Z,2026-08-05,10,1,Disneyland Park,"Autopia, presented by Avis",4,OPERATING,STANDBY,40,,,queue-times.com
2026-08-05T08:01:18Z,2026-08-05,10,1,Disneyland Park,Buzz Lightyear Laser Blast,5,OPERATING,STANDBY,30,,,queue-times.com
2026-08-05T08:01:18Z,2026-08-05,10,1,Disneyland Park,Disneyland Railroad Discoveryland Station,2706,CLOSED,STANDBY,0,,,queue-times.com
2026-08-05T08:01:18Z,2026-08-05,10,1,Disneyland Park,Les Mystères du Nautilus,6,OPERATING,STANDBY,5,,,queue-times.com
2026-08-05T08:01:18Z,2026-08-05,10,1,Disneyland Park,Mickey’s PhilharMagic,2707,CLOSED,STANDBY,0,,,queue-times.com
2026-08-05T08:01:18Z,2026-08-05,10,1,Disneyland Park,Orbitron®,7,OPERATING,STANDBY,50,,,queue-times.com
2026-08-05T08:01:18Z,2026-08-05,10,1,Disneyland Park,Star Tours: The Adventures Continue*,9,OPERATING,STANDBY,5,,,queue-times.com
2026-08-05T08:01:18Z,2026-08-05,10,1,Disneyland Park,Star Wars Hyperspace Mountain,8,OPERATING,STANDBY,20,,,queue-times.com
2026-08-05T08:01:18Z,2026-08-05,10,1,Disneyland Park,Star Wars Hyperspace Mountain Single Rider,7278,OPERATING,STANDBY,0,,,queue-times.com
2026-08-05T08:01:18Z,2026-08-05,10,1,Disneyland Park,Welcome to Starport: A Star Wars Encounter,4573,CLOSED,STANDBY,0,,,queue-times.com
2026-08-05T08:01:18Z,2026-08-05,10,1,Disneyland Park,"""it's a small world""",19,OPERATING,STANDBY,5,,,queue-times.com
2026-08-05T08:01:18Z,2026-08-05,10,1,Disneyland Park,Alice's Curious Labyrinth,14,OPERATING,STANDBY,5,,,queue-times.com
2026-08-05T08:01:18Z,2026-08-05,10,1,Disneyland Park,Blanche-Neige et les Sept Nains®,15,OPERATING,STANDBY,10,,,queue-times.com
2026-08-05T08:01:18Z,2026-08-05,10,1,Disneyland Park,Casey Jr. – le Petit Train du Cirque,17,CLOSED,STANDBY,0,,,queue-times.com
2026-08-05T08:01:18Z,2026-08-05,10,1,Disneyland Park,Disneyland Railroad Fantasyland Station,2711,CLOSED,STANDBY,0,,,queue-times.com
2026-08-05T08:01:18Z,2026-08-05,10,1,Disneyland Park,Disneyland Railroad Main Street Station,11,CLOSED,STANDBY,0,,,queue-times.com
2026-08-05T08:01:18Z,2026-08-05,10,1,Disneyland Park,Dumbo the Flying Elephant,18,OPERATING,STANDBY,15,,,queue-times.com
2026-08-05T08:01:18Z,2026-08-05,10,1,Disneyland Park,La Tanière du Dragon,2710,OPERATING,STANDBY,0,,,queue-times.com
2026-08-05T08:01:18Z,2026-08-05,10,1,Disneyland Park,Le Carrousel de Lancelot,16,OPERATING,STANDBY,5,,,queue-times.com
2026-08-05T08:01:18Z,2026-08-05,10,1,Disneyland Park,"Le Pays des Contes de Fées, presented by Vittel",21,OPERATING,STANDBY,5,,,queue-times.com
2026-08-05T08:01:18Z,2026-08-05,10,1,Disneyland Park,Les Voyages de Pinocchio,23,OPERATING,STANDBY,5,,,queue-times.com
2026-08-05T08:01:18Z,2026-08-05,10,1,Disneyland Park,Mad Hatter's Tea Cups,20,OPERATING,STANDBY,5,,,queue-times.com
2026-08-05T08:01:18Z,2026-08-05,10,1,Disneyland Park,Meet Mickey Mouse,13,CLOSED,STANDBY,0,,,queue-times.com
2026-08-05T08:01:18Z,2026-08-05,10,1,Disneyland Park,Peter Pan's Flight,22,OPERATING,STANDBY,55,,,queue-times.com
2026-08-05T08:01:18Z,2026-08-05,10,1,Disneyland Park,Princess Pavilion,24,CLOSED,STANDBY,0,,,queue-times.com
2026-08-05T08:01:18Z,2026-08-05,10,1,Disneyland Park,Big Thunder Mountain,25,OPERATING,STANDBY,65,,,queue-times.com
2026-08-05T08:01:18Z,2026-08-05,10,1,Disneyland Park,Disneyland Railroad Frontierland Depot,2714,CLOSED,STANDBY,0,,,queue-times.com
2026-08-05T08:01:18Z,2026-08-05,10,1,Disneyland Park,Frontierland Playground,2713,OPERATING,STANDBY,0,,,queue-times.com
2026-08-05T08:01:18Z,2026-08-05,10,1,Disneyland Park,Phantom Manor,26,OPERATING,STANDBY,5,,,queue-times.com
2026-08-05T08:01:18Z,2026-08-05,10,1,Disneyland Park,River Rogue Keelboats,27,CLOSED,STANDBY,0,,,queue-times.com
2026-08-05T08:01:18Z,2026-08-05,10,1,Disneyland Park,Rustler Roundup Shootin' Gallery,2712,OPERATING,STANDBY,0,,,queue-times.com
2026-08-05T08:01:18Z,2026-08-05,10,1,Disneyland Park,Thunder Mesa Riverboat Landing,28,CLOSED,STANDBY,0,,,queue-times.com
2026-08-05T08:01:18Z,2026-08-05,10,1,Disneyland Park,Disneyland Railroad Main Street Station,2708,CLOSED,STANDBY,0,,,queue-times.com
2026-08-05T08:01:18Z,2026-08-05,10,1,Disneyland Park,Main Street Vehicles,12,OPERATING,STANDBY,5,,,queue-times.com
2026-08-05T08:01:18Z,2026-08-05,10,1,Disney Adventure World,Avengers Assemble: Flight Force,10848,OPERATING,STANDBY,20,,,queue-times.com
2026-08-05T08:01:18Z,2026-08-05,10,1,Disney Adventure World,Avengers Assemble: Flight Force Single Rider,10849,OPERATING,STANDBY,5,,,queue-times.com
2026-08-05T08:01:18Z,2026-08-05,10,1,Disney Adventure World,Spider-Man W.E.B. Adventure,10845,OPERATING,STANDBY,40,,,queue-times.com
2026-08-05T08:01:18Z,2026-08-05,10,1,Disney Adventure World,Spider-Man W.E.B. Adventure Single Rider,10846,OPERATING,STANDBY,5,,,queue-times.com
2026-08-05T08:01:18Z,2026-08-05,10,1,Disney Adventure World,The Twilight Zone Tower of Terror,40,OPERATING,STANDBY,35,,,queue-times.com
2026-08-05T08:01:18Z,2026-08-05,10,1,Disney Adventure World,Cars Quatre Roues Rallye,31,OPERATING,STANDBY,10,,,queue-times.com
2026-08-05T08:01:18Z,2026-08-05,10,1,Disney Adventure World,Cars ROAD TRIP,29,OPERATING,STANDBY,5,,,queue-times.com
2026-08-05T08:01:18Z,2026-08-05,10,1,Disney Adventure World,Crush's Coaster,32,OPERATING,STANDBY,85,,,queue-times.com
2026-08-05T08:01:18Z,2026-08-05,10,1,Disney Adventure World,Crush's Coaster Single Rider,7277,OPERATING,STANDBY,40,,,queue-times.com
2026-08-05T08:01:18Z,2026-08-05,10,1,Disney Adventure World,Les Tapis Volants - Flying Carpets Over Agrabah®,33,OPERATING,STANDBY,5,,,queue-times.com
2026-08-05T08:01:18Z,2026-08-05,10,1,Disney Adventure World,Ratatouille : L’Aventure Totalement Toquée de Rémy​,37,CLOSED,STANDBY,0,,,queue-times.com
2026-08-05T08:01:18Z,2026-08-05,10,1,Disney Adventure World,Ratatouille: The Adventure Single Rider,7279,CLOSED,STANDBY,0,,,queue-times.com
2026-08-05T08:01:18Z,2026-08-05,10,1,Disney Adventure World,RC Racer,34,OPERATING,STANDBY,30,,,queue-times.com
2026-08-05T08:01:18Z,2026-08-05,10,1,Disney Adventure World,RC Racer Single Rider,7280,OPERATING,STANDBY,25,,,queue-times.com
2026-08-05T08:01:18Z,2026-08-05,10,1,Disney Adventure World,Slinky® Dog Zigzag Spin,36,OPERATING,STANDBY,10,,,queue-times.com
2026-08-05T08:01:18Z,2026-08-05,10,1,Disney Adventure World,Toy Soldiers Parachute Drop,35,OPERATING,STANDBY,50,,,queue-times.com
2026-08-05T08:01:18Z,2026-08-05,10,1,Disney Adventure World,Toy Soldiers Parachute Drop Single Rider,7281,OPERATING,STANDBY,10,,,queue-times.com
2026-08-05T08:01:18Z,2026-08-05,10,1,Disney Adventure World,Entry to World of Frozen,16247,OPERATING,STANDBY,0,,,queue-times.com
2026-08-05T08:01:18Z,2026-08-05,10,1,Disney Adventure World,Frozen Ever After,15413,OPERATING,STANDBY,85,,,queue-times.com
2026-08-05T08:01:18Z,2026-08-05,10,1,Disney Adventure World,Raiponce Tangled Spin,15415,OPERATING,STANDBY,5,,,queue-times.com
2026-08-05T08:15:50Z,2026-08-05,10,15,Disneyland Park,Adventure Isle,2702,OPERATING,STANDBY,0,,,queue-times.com
2026-08-05T08:15:50Z,2026-08-05,10,15,Disneyland Park,Indiana Jones and the Temple of Peril Single Rider,7306,OPERATING,STANDBY,5,,,queue-times.com
2026-08-05T08:15:50Z,2026-08-05,10,15,Disneyland Park,Indiana Jones™ and the Temple of Peril,2,OPERATING,STANDBY,10,,,queue-times.com
2026-08-05T08:15:50Z,2026-08-05,10,15,Disneyland Park,La Cabane des Robinson,1,OPERATING,STANDBY,5,,,queue-times.com
2026-08-05T08:15:50Z,2026-08-05,10,15,Disneyland Park,Le Passage Enchanté d'Aladdin,2703,OPERATING,STANDBY,0,,,queue-times.com
2026-08-05T08:15:50Z,2026-08-05,10,15,Disneyland Park,Pirate Galleon,2705,CLOSED,STANDBY,0,,,queue-times.com
2026-08-05T08:15:50Z,2026-08-05,10,15,Disneyland Park,Pirates of the Caribbean,3,OPERATING,STANDBY,5,,,queue-times.com
2026-08-05T08:15:50Z,2026-08-05,10,15,Disneyland Park,Pirates' Beach,2704,OPERATING,STANDBY,0,,,queue-times.com
2026-08-05T08:15:50Z,2026-08-05,10,15,Disneyland Park,"Autopia, presented by Avis",4,OPERATING,STANDBY,20,,,queue-times.com
2026-08-05T08:15:50Z,2026-08-05,10,15,Disneyland Park,Buzz Lightyear Laser Blast,5,OPERATING,STANDBY,45,,,queue-times.com
2026-08-05T08:15:50Z,2026-08-05,10,15,Disneyland Park,Disneyland Railroad Discoveryland Station,2706,CLOSED,STANDBY,0,,,queue-times.com
2026-08-05T08:15:50Z,2026-08-05,10,15,Disneyland Park,Les Mystères du Nautilus,6,OPERATING,STANDBY,5,,,queue-times.com
2026-08-05T08:15:50Z,2026-08-05,10,15,Disneyland Park,Mickey’s PhilharMagic,2707,CLOSED,STANDBY,0,,,queue-times.com
2026-08-05T08:15:50Z,2026-08-05,10,15,Disneyland Park,Orbitron®,7,OPERATING,STANDBY,40,,,queue-times.com
2026-08-05T08:15:50Z,2026-08-05,10,15,Disneyland Park,Star Tours: The Adventures Continue*,9,OPERATING,STANDBY,5,,,queue-times.com
2026-08-05T08:15:50Z,2026-08-05,10,15,Disneyland Park,Star Wars Hyperspace Mountain,8,OPERATING,STANDBY,30,,,queue-times.com
2026-08-05T08:15:50Z,2026-08-05,10,15,Disneyland Park,Star Wars Hyperspace Mountain Single Rider,7278,OPERATING,STANDBY,0,,,queue-times.com
2026-08-05T08:15:50Z,2026-08-05,10,15,Disneyland Park,Welcome to Starport: A Star Wars Encounter,4573,OPERATING,STANDBY,15,,,queue-times.com
2026-08-05T08:15:50Z,2026-08-05,10,15,Disneyland Park,"""it's a small world""",19,OPERATING,STANDBY,5,,,queue-times.com
2026-08-05T08:15:50Z,2026-08-05,10,15,Disneyland Park,Alice's Curious Labyrinth,14,OPERATING,STANDBY,5,,,queue-times.com
2026-08-05T08:15:50Z,2026-08-05,10,15,Disneyland Park,Blanche-Neige et les Sept Nains®,15,OPERATING,STANDBY,10,,,queue-times.com
2026-08-05T08:15:50Z,2026-08-05,10,15,Disneyland Park,Casey Jr. – le Petit Train du Cirque,17,CLOSED,STANDBY,0,,,queue-times.com
2026-08-05T08:15:50Z,2026-08-05,10,15,Disneyland Park,Disneyland Railroad Fantasyland Station,2711,CLOSED,STANDBY,0,,,queue-times.com
2026-08-05T08:15:50Z,2026-08-05,10,15,Disneyland Park,Disneyland Railroad Main Street Station,11,CLOSED,STANDBY,0,,,queue-times.com
2026-08-05T08:15:50Z,2026-08-05,10,15,Disneyland Park,Dumbo the Flying Elephant,18,OPERATING,STANDBY,15,,,queue-times.com
2026-08-05T08:15:50Z,2026-08-05,10,15,Disneyland Park,La Tanière du Dragon,2710,OPERATING,STANDBY,0,,,queue-times.com
2026-08-05T08:15:50Z,2026-08-05,10,15,Disneyland Park,Le Carrousel de Lancelot,16,OPERATING,STANDBY,5,,,queue-times.com
2026-08-05T08:15:50Z,2026-08-05,10,15,Disneyland Park,"Le Pays des Contes de Fées, presented by Vittel",21,OPERATING,STANDBY,5,,,queue-times.com
2026-08-05T08:15:50Z,2026-08-05,10,15,Disneyland Park,Les Voyages de Pinocchio,23,OPERATING,STANDBY,15,,,queue-times.com
2026-08-05T08:15:50Z,2026-08-05,10,15,Disneyland Park,Mad Hatter's Tea Cups,20,OPERATING,STANDBY,5,,,queue-times.com
2026-08-05T08:15:50Z,2026-08-05,10,15,Disneyland Park,Meet Mickey Mouse,13,OPERATING,STANDBY,0,,,queue-times.com
2026-08-05T08:15:50Z,2026-08-05,10,15,Disneyland Park,Peter Pan's Flight,22,OPERATING,STANDBY,50,,,queue-times.com
2026-08-05T08:15:50Z,2026-08-05,10,15,Disneyland Park,Princess Pavilion,24,OPERATING,STANDBY,0,,,queue-times.com
2026-08-05T08:15:50Z,2026-08-05,10,15,Disneyland Park,Big Thunder Mountain,25,OPERATING,STANDBY,75,,,queue-times.com
2026-08-05T08:15:50Z,2026-08-05,10,15,Disneyland Park,Disneyland Railroad Frontierland Depot,2714,CLOSED,STANDBY,0,,,queue-times.com
2026-08-05T08:15:50Z,2026-08-05,10,15,Disneyland Park,Frontierland Playground,2713,OPERATING,STANDBY,0,,,queue-times.com
2026-08-05T08:15:50Z,2026-08-05,10,15,Disneyland Park,Phantom Manor,26,OPERATING,STANDBY,5,,,queue-times.com
2026-08-05T08:15:50Z,2026-08-05,10,15,Disneyland Park,River Rogue Keelboats,27,CLOSED,STANDBY,0,,,queue-times.com
2026-08-05T08:15:50Z,2026-08-05,10,15,Disneyland Park,Rustler Roundup Shootin' Gallery,2712,OPERATING,STANDBY,0,,,queue-times.com
2026-08-05T08:15:50Z,2026-08-05,10,15,Disneyland Park,Thunder Mesa Riverboat Landing,28,OPERATING,STANDBY,10,,,queue-times.com
2026-08-05T08:15:50Z,2026-08-05,10,15,Disneyland Park,Disneyland Railroad Main Street Station,2708,CLOSED,STANDBY,0,,,queue-times.com
2026-08-05T08:15:50Z,2026-08-05,10,15,Disneyland Park,Main Street Vehicles,12,OPERATING,STANDBY,5,,,queue-times.com
2026-08-05T08:15:50Z,2026-08-05,10,15,Disney Adventure World,Avengers Assemble: Flight Force,10848,OPERATING,STANDBY,25,,,queue-times.com
2026-08-05T08:15:50Z,2026-08-05,10,15,Disney Adventure World,Avengers Assemble: Flight Force Single Rider,10849,OPERATING,STANDBY,5,,,queue-times.com
2026-08-05T08:15:50Z,2026-08-05,10,15,Disney Adventure World,Spider-Man W.E.B. Adventure,10845,OPERATING,STANDBY,45,,,queue-times.com
2026-08-05T08:15:50Z,2026-08-05,10,15,Disney Adventure World,Spider-Man W.E.B. Adventure Single Rider,10846,OPERATING,STANDBY,5,,,queue-times.com
2026-08-05T08:15:50Z,2026-08-05,10,15,Disney Adventure World,The Twilight Zone Tower of Terror,40,OPERATING,STANDBY,30,,,queue-times.com
2026-08-05T08:15:50Z,2026-08-05,10,15,Disney Adventure World,Cars Quatre Roues Rallye,31,OPERATING,STANDBY,20,,,queue-times.com
2026-08-05T08:15:50Z,2026-08-05,10,15,Disney Adventure World,Cars ROAD TRIP,29,OPERATING,STANDBY,5,,,queue-times.com
2026-08-05T08:15:50Z,2026-08-05,10,15,Disney Adventure World,Crush's Coaster,32,OPERATING,STANDBY,85,,,queue-times.com
2026-08-05T08:15:50Z,2026-08-05,10,15,Disney Adventure World,Crush's Coaster Single Rider,7277,OPERATING,STANDBY,45,,,queue-times.com
2026-08-05T08:15:50Z,2026-08-05,10,15,Disney Adventure World,Les Tapis Volants - Flying Carpets Over Agrabah®,33,OPERATING,STANDBY,20,,,queue-times.com
2026-08-05T08:15:50Z,2026-08-05,10,15,Disney Adventure World,Ratatouille : L’Aventure Totalement Toquée de Rémy​,37,CLOSED,STANDBY,0,,,queue-times.com
2026-08-05T08:15:50Z,2026-08-05,10,15,Disney Adventure World,Ratatouille: The Adventure Single Rider,7279,CLOSED,STANDBY,0,,,queue-times.com
2026-08-05T08:15:50Z,2026-08-05,10,15,Disney Adventure World,RC Racer,34,OPERATING,STANDBY,30,,,queue-times.com
2026-08-05T08:15:50Z,2026-08-05,10,15,Disney Adventure World,RC Racer Single Rider,7280,OPERATING,STANDBY,25,,,queue-times.com
2026-08-05T08:15:50Z,2026-08-05,10,15,Disney Adventure World,Slinky® Dog Zigzag Spin,36,OPERATING,STANDBY,20,,,queue-times.com
2026-08-05T08:15:50Z,2026-08-05,10,15,Disney Adventure World,Toy Soldiers Parachute Drop,35,OPERATING,STANDBY,50,,,queue-times.com
2026-08-05T08:15:50Z,2026-08-05,10,15,Disney Adventure World,Toy Soldiers Parachute Drop Single Rider,7281,OPERATING,STANDBY,15,,,queue-times.com
2026-08-05T08:15:50Z,2026-08-05,10,15,Disney Adventure World,Entry to World of Frozen,16247,OPERATING,STANDBY,0,,,queue-times.com
2026-08-05T08:15:50Z,2026-08-05,10,15,Disney Adventure World,Frozen Ever After,15413,OPERATING,STANDBY,75,,,queue-times.com
2026-08-05T08:15:50Z,2026-08-05,10,15,Disney Adventure World,Raiponce Tangled Spin,15415,OPERATING,STANDBY,5,,,queue-times.com
2026-08-05T08:31:05Z,2026-08-05,10,31,Disneyland Park,Adventure Isle,2702,OPERATING,STANDBY,0,,,queue-times.com
2026-08-05T08:31:05Z,2026-08-05,10,31,Disneyland Park,Indiana Jones and the Temple of Peril Single Rider,7306,OPERATING,STANDBY,5,,,queue-times.com
2026-08-05T08:31:05Z,2026-08-05,10,31,Disneyland Park,Indiana Jones™ and the Temple of Peril,2,OPERATING,STANDBY,10,,,queue-times.com
2026-08-05T08:31:05Z,2026-08-05,10,31,Disneyland Park,La Cabane des Robinson,1,OPERATING,STANDBY,5,,,queue-times.com
2026-08-05T08:31:05Z,2026-08-05,10,31,Disneyland Park,Le Passage Enchanté d'Aladdin,2703,OPERATING,STANDBY,0,,,queue-times.com
2026-08-05T08:31:05Z,2026-08-05,10,31,Disneyland Park,Pirate Galleon,2705,CLOSED,STANDBY,0,,,queue-times.com
2026-08-05T08:31:05Z,2026-08-05,10,31,Disneyland Park,Pirates of the Caribbean,3,OPERATING,STANDBY,5,,,queue-times.com
2026-08-05T08:31:05Z,2026-08-05,10,31,Disneyland Park,Pirates' Beach,2704,OPERATING,STANDBY,0,,,queue-times.com
2026-08-05T08:31:05Z,2026-08-05,10,31,Disneyland Park,"Autopia, presented by Avis",4,OPERATING,STANDBY,40,,,queue-times.com
2026-08-05T08:31:05Z,2026-08-05,10,31,Disneyland Park,Buzz Lightyear Laser Blast,5,OPERATING,STANDBY,45,,,queue-times.com
2026-08-05T08:31:05Z,2026-08-05,10,31,Disneyland Park,Disneyland Railroad Discoveryland Station,2706,CLOSED,STANDBY,0,,,queue-times.com
2026-08-05T08:31:05Z,2026-08-05,10,31,Disneyland Park,Les Mystères du Nautilus,6,OPERATING,STANDBY,5,,,queue-times.com
2026-08-05T08:31:05Z,2026-08-05,10,31,Disneyland Park,Mickey’s PhilharMagic,2707,CLOSED,STANDBY,0,,,queue-times.com
2026-08-05T08:31:05Z,2026-08-05,10,31,Disneyland Park,Orbitron®,7,OPERATING,STANDBY,45,,,queue-times.com
2026-08-05T08:31:05Z,2026-08-05,10,31,Disneyland Park,Star Tours: The Adventures Continue*,9,OPERATING,STANDBY,5,,,queue-times.com
2026-08-05T08:31:05Z,2026-08-05,10,31,Disneyland Park,Star Wars Hyperspace Mountain,8,OPERATING,STANDBY,35,,,queue-times.com
2026-08-05T08:31:05Z,2026-08-05,10,31,Disneyland Park,Star Wars Hyperspace Mountain Single Rider,7278,OPERATING,STANDBY,0,,,queue-times.com
2026-08-05T08:31:05Z,2026-08-05,10,31,Disneyland Park,Welcome to Starport: A Star Wars Encounter,4573,OPERATING,STANDBY,30,,,queue-times.com
2026-08-05T08:31:05Z,2026-08-05,10,31,Disneyland Park,"""it's a small world""",19,OPERATING,STANDBY,5,,,queue-times.com
2026-08-05T08:31:05Z,2026-08-05,10,31,Disneyland Park,Alice's Curious Labyrinth,14,OPERATING,STANDBY,5,,,queue-times.com
2026-08-05T08:31:05Z,2026-08-05,10,31,Disneyland Park,Blanche-Neige et les Sept Nains®,15,OPERATING,STANDBY,10,,,queue-times.com
2026-08-05T08:31:05Z,2026-08-05,10,31,Disneyland Park,Casey Jr. – le Petit Train du Cirque,17,OPERATING,STANDBY,5,,,queue-times.com
2026-08-05T08:31:05Z,2026-08-05,10,31,Disneyland Park,Disneyland Railroad Fantasyland Station,2711,CLOSED,STANDBY,0,,,queue-times.com
2026-08-05T08:31:05Z,2026-08-05,10,31,Disneyland Park,Disneyland Railroad Main Street Station,11,CLOSED,STANDBY,0,,,queue-times.com
2026-08-05T08:31:05Z,2026-08-05,10,31,Disneyland Park,Dumbo the Flying Elephant,18,OPERATING,STANDBY,15,,,queue-times.com
2026-08-05T08:31:05Z,2026-08-05,10,31,Disneyland Park,La Tanière du Dragon,2710,OPERATING,STANDBY,0,,,queue-times.com
2026-08-05T08:31:05Z,2026-08-05,10,31,Disneyland Park,Le Carrousel de Lancelot,16,OPERATING,STANDBY,5,,,queue-times.com
2026-08-05T08:31:05Z,2026-08-05,10,31,Disneyland Park,"Le Pays des Contes de Fées, presented by Vittel",21,OPERATING,STANDBY,5,,,queue-times.com
2026-08-05T08:31:05Z,2026-08-05,10,31,Disneyland Park,Les Voyages de Pinocchio,23,OPERATING,STANDBY,15,,,queue-times.com
2026-08-05T08:31:05Z,2026-08-05,10,31,Disneyland Park,Mad Hatter's Tea Cups,20,OPERATING,STANDBY,5,,,queue-times.com
2026-08-05T08:31:05Z,2026-08-05,10,31,Disneyland Park,Meet Mickey Mouse,13,OPERATING,STANDBY,0,,,queue-times.com
2026-08-05T08:31:05Z,2026-08-05,10,31,Disneyland Park,Peter Pan's Flight,22,OPERATING,STANDBY,55,,,queue-times.com
2026-08-05T08:31:05Z,2026-08-05,10,31,Disneyland Park,Princess Pavilion,24,OPERATING,STANDBY,0,,,queue-times.com
2026-08-05T08:31:05Z,2026-08-05,10,31,Disneyland Park,Big Thunder Mountain,25,OPERATING,STANDBY,70,,,queue-times.com
2026-08-05T08:31:05Z,2026-08-05,10,31,Disneyland Park,Disneyland Railroad Frontierland Depot,2714,CLOSED,STANDBY,0,,,queue-times.com
2026-08-05T08:31:05Z,2026-08-05,10,31,Disneyland Park,Frontierland Playground,2713,OPERATING,STANDBY,0,,,queue-times.com
2026-08-05T08:31:05Z,2026-08-05,10,31,Disneyland Park,Phantom Manor,26,OPERATING,STANDBY,5,,,queue-times.com
2026-08-05T08:31:05Z,2026-08-05,10,31,Disneyland Park,River Rogue Keelboats,27,CLOSED,STANDBY,0,,,queue-times.com
2026-08-05T08:31:05Z,2026-08-05,10,31,Disneyland Park,Rustler Roundup Shootin' Gallery,2712,OPERATING,STANDBY,0,,,queue-times.com
2026-08-05T08:31:05Z,2026-08-05,10,31,Disneyland Park,Thunder Mesa Riverboat Landing,28,OPERATING,STANDBY,10,,,queue-times.com
2026-08-05T08:31:05Z,2026-08-05,10,31,Disneyland Park,Disneyland Railroad Main Street Station,2708,CLOSED,STANDBY,0,,,queue-times.com
2026-08-05T08:31:05Z,2026-08-05,10,31,Disneyland Park,Main Street Vehicles,12,OPERATING,STANDBY,5,,,queue-times.com
2026-08-05T08:31:05Z,2026-08-05,10,31,Disney Adventure World,Avengers Assemble: Flight Force,10848,OPERATING,STANDBY,30,,,queue-times.com
2026-08-05T08:31:05Z,2026-08-05,10,31,Disney Adventure World,Avengers Assemble: Flight Force Single Rider,10849,OPERATING,STANDBY,25,,,queue-times.com
2026-08-05T08:31:05Z,2026-08-05,10,31,Disney Adventure World,Spider-Man W.E.B. Adventure,10845,OPERATING,STANDBY,50,,,queue-times.com
2026-08-05T08:31:05Z,2026-08-05,10,31,Disney Adventure World,Spider-Man W.E.B. Adventure Single Rider,10846,OPERATING,STANDBY,20,,,queue-times.com
2026-08-05T08:31:05Z,2026-08-05,10,31,Disney Adventure World,The Twilight Zone Tower of Terror,40,OPERATING,STANDBY,30,,,queue-times.com
2026-08-05T08:31:05Z,2026-08-05,10,31,Disney Adventure World,Cars Quatre Roues Rallye,31,OPERATING,STANDBY,15,,,queue-times.com
2026-08-05T08:31:05Z,2026-08-05,10,31,Disney Adventure World,Cars ROAD TRIP,29,OPERATING,STANDBY,5,,,queue-times.com
2026-08-05T08:31:05Z,2026-08-05,10,31,Disney Adventure World,Crush's Coaster,32,OPERATING,STANDBY,85,,,queue-times.com
2026-08-05T08:31:05Z,2026-08-05,10,31,Disney Adventure World,Crush's Coaster Single Rider,7277,OPERATING,STANDBY,50,,,queue-times.com
2026-08-05T08:31:05Z,2026-08-05,10,31,Disney Adventure World,Les Tapis Volants - Flying Carpets Over Agrabah®,33,OPERATING,STANDBY,20,,,queue-times.com
2026-08-05T08:31:05Z,2026-08-05,10,31,Disney Adventure World,Ratatouille : L’Aventure Totalement Toquée de Rémy​,37,OPERATING,STANDBY,45,,,queue-times.com
2026-08-05T08:31:05Z,2026-08-05,10,31,Disney Adventure World,Ratatouille: The Adventure Single Rider,7279,OPERATING,STANDBY,5,,,queue-times.com
2026-08-05T08:31:05Z,2026-08-05,10,31,Disney Adventure World,RC Racer,34,OPERATING,STANDBY,40,,,queue-times.com
2026-08-05T08:31:05Z,2026-08-05,10,31,Disney Adventure World,RC Racer Single Rider,7280,OPERATING,STANDBY,30,,,queue-times.com
2026-08-05T08:31:05Z,2026-08-05,10,31,Disney Adventure World,Slinky® Dog Zigzag Spin,36,OPERATING,STANDBY,20,,,queue-times.com
2026-08-05T08:31:05Z,2026-08-05,10,31,Disney Adventure World,Toy Soldiers Parachute Drop,35,OPERATING,STANDBY,40,,,queue-times.com
2026-08-05T08:31:05Z,2026-08-05,10,31,Disney Adventure World,Toy Soldiers Parachute Drop Single Rider,7281,OPERATING,STANDBY,15,,,queue-times.com
2026-08-05T08:31:05Z,2026-08-05,10,31,Disney Adventure World,Entry to World of Frozen,16247,OPERATING,STANDBY,0,,,queue-times.com
2026-08-05T08:31:05Z,2026-08-05,10,31,Disney Adventure World,Frozen Ever After,15413,OPERATING,STANDBY,65,,,queue-times.com
2026-08-05T08:31:05Z,2026-08-05,10,31,Disney Adventure World,Raiponce Tangled Spin,15415,OPERATING,STANDBY,10,,,queue-times.com
2026-08-05T08:45:45Z,2026-08-05,10,45,Disneyland Park,Adventure Isle,2702,OPERATING,STANDBY,0,,,queue-times.com
2026-08-05T08:45:45Z,2026-08-05,10,45,Disneyland Park,Indiana Jones and the Temple of Peril Single Rider,7306,OPERATING,STANDBY,5,,,queue-times.com
2026-08-05T08:45:45Z,2026-08-05,10,45,Disneyland Park,Indiana Jones™ and the Temple of Peril,2,OPERATING,STANDBY,20,,,queue-times.com
2026-08-05T08:45:45Z,2026-08-05,10,45,Disneyland Park,La Cabane des Robinson,1,OPERATING,STANDBY,5,,,queue-times.com
2026-08-05T08:45:45Z,2026-08-05,10,45,Disneyland Park,Le Passage Enchanté d'Aladdin,2703,OPERATING,STANDBY,0,,,queue-times.com
2026-08-05T08:45:45Z,2026-08-05,10,45,Disneyland Park,Pirate Galleon,2705,CLOSED,STANDBY,0,,,queue-times.com
2026-08-05T08:45:45Z,2026-08-05,10,45,Disneyland Park,Pirates of the Caribbean,3,OPERATING,STANDBY,10,,,queue-times.com
2026-08-05T08:45:45Z,2026-08-05,10,45,Disneyland Park,Pirates' Beach,2704,OPERATING,STANDBY,0,,,queue-times.com
2026-08-05T08:45:45Z,2026-08-05,10,45,Disneyland Park,"Autopia, presented by Avis",4,OPERATING,STANDBY,40,,,queue-times.com
2026-08-05T08:45:45Z,2026-08-05,10,45,Disneyland Park,Buzz Lightyear Laser Blast,5,OPERATING,STANDBY,50,,,queue-times.com
2026-08-05T08:45:45Z,2026-08-05,10,45,Disneyland Park,Disneyland Railroad Discoveryland Station,2706,CLOSED,STANDBY,0,,,queue-times.com
2026-08-05T08:45:45Z,2026-08-05,10,45,Disneyland Park,Les Mystères du Nautilus,6,OPERATING,STANDBY,5,,,queue-times.com
2026-08-05T08:45:45Z,2026-08-05,10,45,Disneyland Park,Mickey’s PhilharMagic,2707,CLOSED,STANDBY,0,,,queue-times.com
2026-08-05T08:45:45Z,2026-08-05,10,45,Disneyland Park,Orbitron®,7,OPERATING,STANDBY,60,,,queue-times.com
2026-08-05T08:45:45Z,2026-08-05,10,45,Disneyland Park,Star Tours: The Adventures Continue*,9,OPERATING,STANDBY,10,,,queue-times.com
2026-08-05T08:45:45Z,2026-08-05,10,45,Disneyland Park,Star Wars Hyperspace Mountain,8,OPERATING,STANDBY,45,,,queue-times.com
2026-08-05T08:45:45Z,2026-08-05,10,45,Disneyland Park,Star Wars Hyperspace Mountain Single Rider,7278,OPERATING,STANDBY,0,,,queue-times.com
2026-08-05T08:45:45Z,2026-08-05,10,45,Disneyland Park,Welcome to Starport: A Star Wars Encounter,4573,OPERATING,STANDBY,30,,,queue-times.com
2026-08-05T08:45:45Z,2026-08-05,10,45,Disneyland Park,"""it's a small world""",19,OPERATING,STANDBY,5,,,queue-times.com
2026-08-05T08:45:45Z,2026-08-05,10,45,Disneyland Park,Alice's Curious Labyrinth,14,OPERATING,STANDBY,5,,,queue-times.com
2026-08-05T08:45:45Z,2026-08-05,10,45,Disneyland Park,Blanche-Neige et les Sept Nains®,15,OPERATING,STANDBY,15,,,queue-times.com
2026-08-05T08:45:45Z,2026-08-05,10,45,Disneyland Park,Casey Jr. – le Petit Train du Cirque,17,OPERATING,STANDBY,5,,,queue-times.com
2026-08-05T08:45:45Z,2026-08-05,10,45,Disneyland Park,Disneyland Railroad Fantasyland Station,2711,CLOSED,STANDBY,0,,,queue-times.com
2026-08-05T08:45:45Z,2026-08-05,10,45,Disneyland Park,Disneyland Railroad Main Street Station,11,CLOSED,STANDBY,0,,,queue-times.com
2026-08-05T08:45:45Z,2026-08-05,10,45,Disneyland Park,Dumbo the Flying Elephant,18,OPERATING,STANDBY,40,,,queue-times.com
2026-08-05T08:45:45Z,2026-08-05,10,45,Disneyland Park,La Tanière du Dragon,2710,OPERATING,STANDBY,0,,,queue-times.com
2026-08-05T08:45:45Z,2026-08-05,10,45,Disneyland Park,Le Carrousel de Lancelot,16,OPERATING,STANDBY,5,,,queue-times.com
2026-08-05T08:45:45Z,2026-08-05,10,45,Disneyland Park,"Le Pays des Contes de Fées, presented by Vittel",21,OPERATING,STANDBY,5,,,queue-times.com
2026-08-05T08:45:45Z,2026-08-05,10,45,Disneyland Park,Les Voyages de Pinocchio,23,OPERATING,STANDBY,20,,,queue-times.com
2026-08-05T08:45:45Z,2026-08-05,10,45,Disneyland Park,Mad Hatter's Tea Cups,20,OPERATING,STANDBY,5,,,queue-times.com
2026-08-05T08:45:45Z,2026-08-05,10,45,Disneyland Park,Meet Mickey Mouse,13,OPERATING,STANDBY,0,,,queue-times.com
2026-08-05T08:45:45Z,2026-08-05,10,45,Disneyland Park,Peter Pan's Flight,22,OPERATING,STANDBY,55,,,queue-times.com
2026-08-05T08:45:45Z,2026-08-05,10,45,Disneyland Park,Princess Pavilion,24,OPERATING,STANDBY,0,,,queue-times.com
2026-08-05T08:45:45Z,2026-08-05,10,45,Disneyland Park,Big Thunder Mountain,25,OPERATING,STANDBY,70,,,queue-times.com
2026-08-05T08:45:45Z,2026-08-05,10,45,Disneyland Park,Disneyland Railroad Frontierland Depot,2714,CLOSED,STANDBY,0,,,queue-times.com
2026-08-05T08:45:45Z,2026-08-05,10,45,Disneyland Park,Frontierland Playground,2713,OPERATING,STANDBY,0,,,queue-times.com
2026-08-05T08:45:45Z,2026-08-05,10,45,Disneyland Park,Phantom Manor,26,OPERATING,STANDBY,10,,,queue-times.com
2026-08-05T08:45:45Z,2026-08-05,10,45,Disneyland Park,River Rogue Keelboats,27,CLOSED,STANDBY,0,,,queue-times.com
2026-08-05T08:45:45Z,2026-08-05,10,45,Disneyland Park,Rustler Roundup Shootin' Gallery,2712,OPERATING,STANDBY,0,,,queue-times.com
2026-08-05T08:45:45Z,2026-08-05,10,45,Disneyland Park,Thunder Mesa Riverboat Landing,28,OPERATING,STANDBY,10,,,queue-times.com
2026-08-05T08:45:45Z,2026-08-05,10,45,Disneyland Park,Disneyland Railroad Main Street Station,2708,CLOSED,STANDBY,0,,,queue-times.com
2026-08-05T08:45:45Z,2026-08-05,10,45,Disneyland Park,Main Street Vehicles,12,CLOSED,STANDBY,0,,,queue-times.com
2026-08-05T08:45:45Z,2026-08-05,10,45,Disney Adventure World,Avengers Assemble: Flight Force,10848,OPERATING,STANDBY,30,,,queue-times.com
2026-08-05T08:45:45Z,2026-08-05,10,45,Disney Adventure World,Avengers Assemble: Flight Force Single Rider,10849,OPERATING,STANDBY,25,,,queue-times.com
2026-08-05T08:45:45Z,2026-08-05,10,45,Disney Adventure World,Spider-Man W.E.B. Adventure,10845,OPERATING,STANDBY,40,,,queue-times.com
2026-08-05T08:45:45Z,2026-08-05,10,45,Disney Adventure World,Spider-Man W.E.B. Adventure Single Rider,10846,OPERATING,STANDBY,20,,,queue-times.com
2026-08-05T08:45:45Z,2026-08-05,10,45,Disney Adventure World,The Twilight Zone Tower of Terror,40,OPERATING,STANDBY,30,,,queue-times.com
2026-08-05T08:45:45Z,2026-08-05,10,45,Disney Adventure World,Cars Quatre Roues Rallye,31,OPERATING,STANDBY,15,,,queue-times.com
2026-08-05T08:45:45Z,2026-08-05,10,45,Disney Adventure World,Cars ROAD TRIP,29,OPERATING,STANDBY,5,,,queue-times.com
2026-08-05T08:45:45Z,2026-08-05,10,45,Disney Adventure World,Crush's Coaster,32,OPERATING,STANDBY,80,,,queue-times.com
2026-08-05T08:45:45Z,2026-08-05,10,45,Disney Adventure World,Crush's Coaster Single Rider,7277,OPERATING,STANDBY,50,,,queue-times.com
2026-08-05T08:45:45Z,2026-08-05,10,45,Disney Adventure World,Les Tapis Volants - Flying Carpets Over Agrabah®,33,OPERATING,STANDBY,15,,,queue-times.com
2026-08-05T08:45:45Z,2026-08-05,10,45,Disney Adventure World,Ratatouille : L’Aventure Totalement Toquée de Rémy​,37,OPERATING,STANDBY,80,,,queue-times.com
2026-08-05T08:45:45Z,2026-08-05,10,45,Disney Adventure World,Ratatouille: The Adventure Single Rider,7279,OPERATING,STANDBY,20,,,queue-times.com
2026-08-05T08:45:45Z,2026-08-05,10,45,Disney Adventure World,RC Racer,34,OPERATING,STANDBY,40,,,queue-times.com
2026-08-05T08:45:45Z,2026-08-05,10,45,Disney Adventure World,RC Racer Single Rider,7280,OPERATING,STANDBY,35,,,queue-times.com
2026-08-05T08:45:45Z,2026-08-05,10,45,Disney Adventure World,Slinky® Dog Zigzag Spin,36,OPERATING,STANDBY,15,,,queue-times.com
2026-08-05T08:45:45Z,2026-08-05,10,45,Disney Adventure World,Toy Soldiers Parachute Drop,35,OPERATING,STANDBY,60,,,queue-times.com
2026-08-05T08:45:45Z,2026-08-05,10,45,Disney Adventure World,Toy Soldiers Parachute Drop Single Rider,7281,OPERATING,STANDBY,15,,,queue-times.com
2026-08-05T08:45:45Z,2026-08-05,10,45,Disney Adventure World,Entry to World of Frozen,16247,OPERATING,STANDBY,0,,,queue-times.com
2026-08-05T08:45:45Z,2026-08-05,10,45,Disney Adventure World,Frozen Ever After,15413,OPERATING,STANDBY,65,,,queue-times.com
2026-08-05T08:45:45Z,2026-08-05,10,45,Disney Adventure World,Raiponce Tangled Spin,15415,OPERATING,STANDBY,10,,,queue-times.com
2026-08-05T08:48:35Z,2026-08-05,10,48,Disneyland Park,Adventure Isle,2702,OPERATING,STANDBY,0,,,queue-times.com
2026-08-05T08:48:35Z,2026-08-05,10,48,Disneyland Park,Indiana Jones and the Temple of Peril Single Rider,7306,OPERATING,STANDBY,5,,,queue-times.com
2026-08-05T08:48:35Z,2026-08-05,10,48,Disneyland Park,Indiana Jones™ and the Temple of Peril,2,OPERATING,STANDBY,20,,,queue-times.com
2026-08-05T08:48:35Z,2026-08-05,10,48,Disneyland Park,La Cabane des Robinson,1,OPERATING,STANDBY,5,,,queue-times.com
2026-08-05T08:48:35Z,2026-08-05,10,48,Disneyland Park,Le Passage Enchanté d'Aladdin,2703,OPERATING,STANDBY,0,,,queue-times.com
2026-08-05T08:48:35Z,2026-08-05,10,48,Disneyland Park,Pirate Galleon,2705,CLOSED,STANDBY,0,,,queue-times.com
2026-08-05T08:48:35Z,2026-08-05,10,48,Disneyland Park,Pirates of the Caribbean,3,OPERATING,STANDBY,10,,,queue-times.com
2026-08-05T08:48:35Z,2026-08-05,10,48,Disneyland Park,Pirates' Beach,2704,OPERATING,STANDBY,0,,,queue-times.com
2026-08-05T08:48:35Z,2026-08-05,10,48,Disneyland Park,"Autopia, presented by Avis",4,OPERATING,STANDBY,40,,,queue-times.com
2026-08-05T08:48:35Z,2026-08-05,10,48,Disneyland Park,Buzz Lightyear Laser Blast,5,OPERATING,STANDBY,50,,,queue-times.com
2026-08-05T08:48:35Z,2026-08-05,10,48,Disneyland Park,Disneyland Railroad Discoveryland Station,2706,CLOSED,STANDBY,0,,,queue-times.com
2026-08-05T08:48:35Z,2026-08-05,10,48,Disneyland Park,Les Mystères du Nautilus,6,OPERATING,STANDBY,5,,,queue-times.com
2026-08-05T08:48:35Z,2026-08-05,10,48,Disneyland Park,Mickey’s PhilharMagic,2707,CLOSED,STANDBY,0,,,queue-times.com
2026-08-05T08:48:35Z,2026-08-05,10,48,Disneyland Park,Orbitron®,7,OPERATING,STANDBY,60,,,queue-times.com
2026-08-05T08:48:35Z,2026-08-05,10,48,Disneyland Park,Star Tours: The Adventures Continue*,9,OPERATING,STANDBY,10,,,queue-times.com
2026-08-05T08:48:35Z,2026-08-05,10,48,Disneyland Park,Star Wars Hyperspace Mountain,8,OPERATING,STANDBY,45,,,queue-times.com
2026-08-05T08:48:35Z,2026-08-05,10,48,Disneyland Park,Star Wars Hyperspace Mountain Single Rider,7278,OPERATING,STANDBY,0,,,queue-times.com
2026-08-05T08:48:35Z,2026-08-05,10,48,Disneyland Park,Welcome to Starport: A Star Wars Encounter,4573,OPERATING,STANDBY,30,,,queue-times.com
2026-08-05T08:48:35Z,2026-08-05,10,48,Disneyland Park,"""it's a small world""",19,OPERATING,STANDBY,5,,,queue-times.com
2026-08-05T08:48:35Z,2026-08-05,10,48,Disneyland Park,Alice's Curious Labyrinth,14,OPERATING,STANDBY,5,,,queue-times.com
2026-08-05T08:48:35Z,2026-08-05,10,48,Disneyland Park,Blanche-Neige et les Sept Nains®,15,OPERATING,STANDBY,15,,,queue-times.com
2026-08-05T08:48:35Z,2026-08-05,10,48,Disneyland Park,Casey Jr. – le Petit Train du Cirque,17,OPERATING,STANDBY,5,,,queue-times.com
2026-08-05T08:48:35Z,2026-08-05,10,48,Disneyland Park,Disneyland Railroad Fantasyland Station,2711,CLOSED,STANDBY,0,,,queue-times.com
2026-08-05T08:48:35Z,2026-08-05,10,48,Disneyland Park,Disneyland Railroad Main Street Station,11,CLOSED,STANDBY,0,,,queue-times.com
2026-08-05T08:48:35Z,2026-08-05,10,48,Disneyland Park,Dumbo the Flying Elephant,18,OPERATING,STANDBY,40,,,queue-times.com
2026-08-05T08:48:35Z,2026-08-05,10,48,Disneyland Park,La Tanière du Dragon,2710,OPERATING,STANDBY,0,,,queue-times.com
2026-08-05T08:48:35Z,2026-08-05,10,48,Disneyland Park,Le Carrousel de Lancelot,16,OPERATING,STANDBY,5,,,queue-times.com
2026-08-05T08:48:35Z,2026-08-05,10,48,Disneyland Park,"Le Pays des Contes de Fées, presented by Vittel",21,OPERATING,STANDBY,5,,,queue-times.com
2026-08-05T08:48:35Z,2026-08-05,10,48,Disneyland Park,Les Voyages de Pinocchio,23,OPERATING,STANDBY,20,,,queue-times.com
2026-08-05T08:48:35Z,2026-08-05,10,48,Disneyland Park,Mad Hatter's Tea Cups,20,OPERATING,STANDBY,5,,,queue-times.com
2026-08-05T08:48:35Z,2026-08-05,10,48,Disneyland Park,Meet Mickey Mouse,13,OPERATING,STANDBY,0,,,queue-times.com
2026-08-05T08:48:35Z,2026-08-05,10,48,Disneyland Park,Peter Pan's Flight,22,OPERATING,STANDBY,55,,,queue-times.com
2026-08-05T08:48:35Z,2026-08-05,10,48,Disneyland Park,Princess Pavilion,24,OPERATING,STANDBY,0,,,queue-times.com
2026-08-05T08:48:35Z,2026-08-05,10,48,Disneyland Park,Big Thunder Mountain,25,OPERATING,STANDBY,70,,,queue-times.com
2026-08-05T08:48:35Z,2026-08-05,10,48,Disneyland Park,Disneyland Railroad Frontierland Depot,2714,CLOSED,STANDBY,0,,,queue-times.com
2026-08-05T08:48:35Z,2026-08-05,10,48,Disneyland Park,Frontierland Playground,2713,OPERATING,STANDBY,0,,,queue-times.com
2026-08-05T08:48:35Z,2026-08-05,10,48,Disneyland Park,Phantom Manor,26,OPERATING,STANDBY,10,,,queue-times.com
2026-08-05T08:48:35Z,2026-08-05,10,48,Disneyland Park,River Rogue Keelboats,27,CLOSED,STANDBY,0,,,queue-times.com
2026-08-05T08:48:35Z,2026-08-05,10,48,Disneyland Park,Rustler Roundup Shootin' Gallery,2712,OPERATING,STANDBY,0,,,queue-times.com
2026-08-05T08:48:35Z,2026-08-05,10,48,Disneyland Park,Thunder Mesa Riverboat Landing,28,OPERATING,STANDBY,10,,,queue-times.com
2026-08-05T08:48:35Z,2026-08-05,10,48,Disneyland Park,Disneyland Railroad Main Street Station,2708,CLOSED,STANDBY,0,,,queue-times.com
2026-08-05T08:48:35Z,2026-08-05,10,48,Disneyland Park,Main Street Vehicles,12,CLOSED,STANDBY,0,,,queue-times.com
2026-08-05T08:48:35Z,2026-08-05,10,48,Disney Adventure World,Avengers Assemble: Flight Force,10848,OPERATING,STANDBY,35,,,queue-times.com
2026-08-05T08:48:35Z,2026-08-05,10,48,Disney Adventure World,Avengers Assemble: Flight Force Single Rider,10849,OPERATING,STANDBY,30,,,queue-times.com
2026-08-05T08:48:35Z,2026-08-05,10,48,Disney Adventure World,Spider-Man W.E.B. Adventure,10845,OPERATING,STANDBY,40,,,queue-times.com
2026-08-05T08:48:35Z,2026-08-05,10,48,Disney Adventure World,Spider-Man W.E.B. Adventure Single Rider,10846,OPERATING,STANDBY,25,,,queue-times.com
2026-08-05T08:48:35Z,2026-08-05,10,48,Disney Adventure World,The Twilight Zone Tower of Terror,40,OPERATING,STANDBY,30,,,queue-times.com
2026-08-05T08:48:35Z,2026-08-05,10,48,Disney Adventure World,Cars Quatre Roues Rallye,31,OPERATING,STANDBY,15,,,queue-times.com
2026-08-05T08:48:35Z,2026-08-05,10,48,Disney Adventure World,Cars ROAD TRIP,29,OPERATING,STANDBY,10,,,queue-times.com
2026-08-05T08:48:35Z,2026-08-05,10,48,Disney Adventure World,Crush's Coaster,32,OPERATING,STANDBY,75,,,queue-times.com
2026-08-05T08:48:35Z,2026-08-05,10,48,Disney Adventure World,Crush's Coaster Single Rider,7277,OPERATING,STANDBY,35,,,queue-times.com
2026-08-05T08:48:35Z,2026-08-05,10,48,Disney Adventure World,Les Tapis Volants - Flying Carpets Over Agrabah®,33,OPERATING,STANDBY,15,,,queue-times.com
2026-08-05T08:48:35Z,2026-08-05,10,48,Disney Adventure World,Ratatouille : L’Aventure Totalement Toquée de Rémy​,37,OPERATING,STANDBY,80,,,queue-times.com
2026-08-05T08:48:35Z,2026-08-05,10,48,Disney Adventure World,Ratatouille: The Adventure Single Rider,7279,OPERATING,STANDBY,30,,,queue-times.com
2026-08-05T08:48:35Z,2026-08-05,10,48,Disney Adventure World,RC Racer,34,OPERATING,STANDBY,40,,,queue-times.com
2026-08-05T08:48:35Z,2026-08-05,10,48,Disney Adventure World,RC Racer Single Rider,7280,OPERATING,STANDBY,35,,,queue-times.com
2026-08-05T08:48:35Z,2026-08-05,10,48,Disney Adventure World,Slinky® Dog Zigzag Spin,36,OPERATING,STANDBY,20,,,queue-times.com
2026-08-05T08:48:35Z,2026-08-05,10,48,Disney Adventure World,Toy Soldiers Parachute Drop,35,OPERATING,STANDBY,60,,,queue-times.com
2026-08-05T08:48:35Z,2026-08-05,10,48,Disney Adventure World,Toy Soldiers Parachute Drop Single Rider,7281,OPERATING,STANDBY,25,,,queue-times.com
2026-08-05T08:48:35Z,2026-08-05,10,48,Disney Adventure World,Entry to World of Frozen,16247,OPERATING,STANDBY,0,,,queue-times.com
2026-08-05T08:48:35Z,2026-08-05,10,48,Disney Adventure World,Frozen Ever After,15413,OPERATING,STANDBY,65,,,queue-times.com
2026-08-05T08:48:35Z,2026-08-05,10,48,Disney Adventure World,Raiponce Tangled Spin,15415,CLOSED,STANDBY,0,,,queue-times.com
2026-08-05T09:01:24Z,2026-08-05,11,1,Disneyland Park,Adventure Isle,2702,OPERATING,STANDBY,0,,,queue-times.com
2026-08-05T09:01:24Z,2026-08-05,11,1,Disneyland Park,Indiana Jones and the Temple of Peril Single Rider,7306,OPERATING,STANDBY,15,,,queue-times.com
2026-08-05T09:01:24Z,2026-08-05,11,1,Disneyland Park,Indiana Jones™ and the Temple of Peril,2,OPERATING,STANDBY,30,,,queue-times.com
2026-08-05T09:01:24Z,2026-08-05,11,1,Disneyland Park,La Cabane des Robinson,1,OPERATING,STANDBY,5,,,queue-times.com
2026-08-05T09:01:24Z,2026-08-05,11,1,Disneyland Park,Le Passage Enchanté d'Aladdin,2703,OPERATING,STANDBY,0,,,queue-times.com
2026-08-05T09:01:24Z,2026-08-05,11,1,Disneyland Park,Pirate Galleon,2705,CLOSED,STANDBY,0,,,queue-times.com
2026-08-05T09:01:24Z,2026-08-05,11,1,Disneyland Park,Pirates of the Caribbean,3,OPERATING,STANDBY,20,,,queue-times.com
2026-08-05T09:01:24Z,2026-08-05,11,1,Disneyland Park,Pirates' Beach,2704,OPERATING,STANDBY,0,,,queue-times.com
2026-08-05T09:01:24Z,2026-08-05,11,1,Disneyland Park,"Autopia, presented by Avis",4,OPERATING,STANDBY,40,,,queue-times.com
2026-08-05T09:01:24Z,2026-08-05,11,1,Disneyland Park,Buzz Lightyear Laser Blast,5,OPERATING,STANDBY,40,,,queue-times.com
2026-08-05T09:01:24Z,2026-08-05,11,1,Disneyland Park,Disneyland Railroad Discoveryland Station,2706,CLOSED,STANDBY,0,,,queue-times.com
2026-08-05T09:01:24Z,2026-08-05,11,1,Disneyland Park,Les Mystères du Nautilus,6,OPERATING,STANDBY,5,,,queue-times.com
2026-08-05T09:01:24Z,2026-08-05,11,1,Disneyland Park,Mickey’s PhilharMagic,2707,CLOSED,STANDBY,0,,,queue-times.com
2026-08-05T09:01:24Z,2026-08-05,11,1,Disneyland Park,Orbitron®,7,OPERATING,STANDBY,70,,,queue-times.com
2026-08-05T09:01:24Z,2026-08-05,11,1,Disneyland Park,Star Tours: The Adventures Continue*,9,OPERATING,STANDBY,5,,,queue-times.com
2026-08-05T09:01:24Z,2026-08-05,11,1,Disneyland Park,Star Wars Hyperspace Mountain,8,OPERATING,STANDBY,50,,,queue-times.com
2026-08-05T09:01:24Z,2026-08-05,11,1,Disneyland Park,Star Wars Hyperspace Mountain Single Rider,7278,OPERATING,STANDBY,0,,,queue-times.com
2026-08-05T09:01:24Z,2026-08-05,11,1,Disneyland Park,Welcome to Starport: A Star Wars Encounter,4573,OPERATING,STANDBY,30,,,queue-times.com
2026-08-05T09:01:24Z,2026-08-05,11,1,Disneyland Park,"""it's a small world""",19,OPERATING,STANDBY,10,,,queue-times.com
2026-08-05T09:01:24Z,2026-08-05,11,1,Disneyland Park,Alice's Curious Labyrinth,14,OPERATING,STANDBY,5,,,queue-times.com
2026-08-05T09:01:24Z,2026-08-05,11,1,Disneyland Park,Blanche-Neige et les Sept Nains®,15,OPERATING,STANDBY,15,,,queue-times.com
2026-08-05T09:01:24Z,2026-08-05,11,1,Disneyland Park,Casey Jr. – le Petit Train du Cirque,17,OPERATING,STANDBY,5,,,queue-times.com
2026-08-05T09:01:24Z,2026-08-05,11,1,Disneyland Park,Disneyland Railroad Fantasyland Station,2711,CLOSED,STANDBY,0,,,queue-times.com
2026-08-05T09:01:24Z,2026-08-05,11,1,Disneyland Park,Disneyland Railroad Main Street Station,11,CLOSED,STANDBY,0,,,queue-times.com
2026-08-05T09:01:24Z,2026-08-05,11,1,Disneyland Park,Dumbo the Flying Elephant,18,OPERATING,STANDBY,40,,,queue-times.com
2026-08-05T09:01:24Z,2026-08-05,11,1,Disneyland Park,La Tanière du Dragon,2710,OPERATING,STANDBY,0,,,queue-times.com
2026-08-05T09:01:24Z,2026-08-05,11,1,Disneyland Park,Le Carrousel de Lancelot,16,OPERATING,STANDBY,10,,,queue-times.com
2026-08-05T09:01:24Z,2026-08-05,11,1,Disneyland Park,"Le Pays des Contes de Fées, presented by Vittel",21,OPERATING,STANDBY,5,,,queue-times.com
2026-08-05T09:01:24Z,2026-08-05,11,1,Disneyland Park,Les Voyages de Pinocchio,23,OPERATING,STANDBY,20,,,queue-times.com
2026-08-05T09:01:24Z,2026-08-05,11,1,Disneyland Park,Mad Hatter's Tea Cups,20,OPERATING,STANDBY,5,,,queue-times.com
2026-08-05T09:01:24Z,2026-08-05,11,1,Disneyland Park,Meet Mickey Mouse,13,OPERATING,STANDBY,0,,,queue-times.com
2026-08-05T09:01:24Z,2026-08-05,11,1,Disneyland Park,Peter Pan's Flight,22,OPERATING,STANDBY,50,,,queue-times.com
2026-08-05T09:01:24Z,2026-08-05,11,1,Disneyland Park,Princess Pavilion,24,OPERATING,STANDBY,0,,,queue-times.com
2026-08-05T09:01:24Z,2026-08-05,11,1,Disneyland Park,Big Thunder Mountain,25,OPERATING,STANDBY,70,,,queue-times.com
2026-08-05T09:01:24Z,2026-08-05,11,1,Disneyland Park,Disneyland Railroad Frontierland Depot,2714,CLOSED,STANDBY,0,,,queue-times.com
2026-08-05T09:01:24Z,2026-08-05,11,1,Disneyland Park,Frontierland Playground,2713,OPERATING,STANDBY,0,,,queue-times.com
2026-08-05T09:01:24Z,2026-08-05,11,1,Disneyland Park,Phantom Manor,26,OPERATING,STANDBY,25,,,queue-times.com
2026-08-05T09:01:24Z,2026-08-05,11,1,Disneyland Park,River Rogue Keelboats,27,CLOSED,STANDBY,0,,,queue-times.com
2026-08-05T09:01:24Z,2026-08-05,11,1,Disneyland Park,Rustler Roundup Shootin' Gallery,2712,OPERATING,STANDBY,0,,,queue-times.com
2026-08-05T09:01:24Z,2026-08-05,11,1,Disneyland Park,Thunder Mesa Riverboat Landing,28,OPERATING,STANDBY,20,,,queue-times.com
2026-08-05T09:01:24Z,2026-08-05,11,1,Disneyland Park,Disneyland Railroad Main Street Station,2708,CLOSED,STANDBY,0,,,queue-times.com
2026-08-05T09:01:24Z,2026-08-05,11,1,Disneyland Park,Main Street Vehicles,12,CLOSED,STANDBY,0,,,queue-times.com
2026-08-05T09:01:24Z,2026-08-05,11,1,Disney Adventure World,Avengers Assemble: Flight Force,10848,OPERATING,STANDBY,25,,,queue-times.com
2026-08-05T09:01:24Z,2026-08-05,11,1,Disney Adventure World,Avengers Assemble: Flight Force Single Rider,10849,OPERATING,STANDBY,15,,,queue-times.com
2026-08-05T09:01:24Z,2026-08-05,11,1,Disney Adventure World,Spider-Man W.E.B. Adventure,10845,OPERATING,STANDBY,50,,,queue-times.com
2026-08-05T09:01:24Z,2026-08-05,11,1,Disney Adventure World,Spider-Man W.E.B. Adventure Single Rider,10846,OPERATING,STANDBY,25,,,queue-times.com
2026-08-05T09:01:24Z,2026-08-05,11,1,Disney Adventure World,The Twilight Zone Tower of Terror,40,OPERATING,STANDBY,25,,,queue-times.com
2026-08-05T09:01:24Z,2026-08-05,11,1,Disney Adventure World,Cars Quatre Roues Rallye,31,OPERATING,STANDBY,20,,,queue-times.com
2026-08-05T09:01:24Z,2026-08-05,11,1,Disney Adventure World,Cars ROAD TRIP,29,OPERATING,STANDBY,20,,,queue-times.com
2026-08-05T09:01:24Z,2026-08-05,11,1,Disney Adventure World,Crush's Coaster,32,OPERATING,STANDBY,75,,,queue-times.com
2026-08-05T09:01:24Z,2026-08-05,11,1,Disney Adventure World,Crush's Coaster Single Rider,7277,OPERATING,STANDBY,50,,,queue-times.com
2026-08-05T09:01:24Z,2026-08-05,11,1,Disney Adventure World,Les Tapis Volants - Flying Carpets Over Agrabah®,33,OPERATING,STANDBY,25,,,queue-times.com
2026-08-05T09:01:24Z,2026-08-05,11,1,Disney Adventure World,Ratatouille : L’Aventure Totalement Toquée de Rémy​,37,OPERATING,STANDBY,80,,,queue-times.com
2026-08-05T09:01:24Z,2026-08-05,11,1,Disney Adventure World,Ratatouille: The Adventure Single Rider,7279,OPERATING,STANDBY,25,,,queue-times.com
2026-08-05T09:01:24Z,2026-08-05,11,1,Disney Adventure World,RC Racer,34,OPERATING,STANDBY,40,,,queue-times.com
2026-08-05T09:01:24Z,2026-08-05,11,1,Disney Adventure World,RC Racer Single Rider,7280,OPERATING,STANDBY,35,,,queue-times.com
2026-08-05T09:01:24Z,2026-08-05,11,1,Disney Adventure World,Slinky® Dog Zigzag Spin,36,OPERATING,STANDBY,25,,,queue-times.com
2026-08-05T09:01:24Z,2026-08-05,11,1,Disney Adventure World,Toy Soldiers Parachute Drop,35,OPERATING,STANDBY,60,,,queue-times.com
2026-08-05T09:01:24Z,2026-08-05,11,1,Disney Adventure World,Toy Soldiers Parachute Drop Single Rider,7281,OPERATING,STANDBY,25,,,queue-times.com
2026-08-05T09:01:24Z,2026-08-05,11,1,Disney Adventure World,Entry to World of Frozen,16247,OPERATING,STANDBY,0,,,queue-times.com
2026-08-05T09:01:24Z,2026-08-05,11,1,Disney Adventure World,Frozen Ever After,15413,OPERATING,STANDBY,70,,,queue-times.com
2026-08-05T09:01:24Z,2026-08-05,11,1,Disney Adventure World,Raiponce Tangled Spin,15415,OPERATING,STANDBY,10,,,queue-times.com
2026-08-05T09:16:27Z,2026-08-05,11,16,Disneyland Park,Adventure Isle,2702,OPERATING,STANDBY,0,,,queue-times.com
2026-08-05T09:16:27Z,2026-08-05,11,16,Disneyland Park,Indiana Jones and the Temple of Peril Single Rider,7306,OPERATING,STANDBY,15,,,queue-times.com
2026-08-05T09:16:27Z,2026-08-05,11,16,Disneyland Park,Indiana Jones™ and the Temple of Peril,2,OPERATING,STANDBY,30,,,queue-times.com
2026-08-05T09:16:27Z,2026-08-05,11,16,Disneyland Park,La Cabane des Robinson,1,OPERATING,STANDBY,5,,,queue-times.com
2026-08-05T09:16:27Z,2026-08-05,11,16,Disneyland Park,Le Passage Enchanté d'Aladdin,2703,OPERATING,STANDBY,0,,,queue-times.com
2026-08-05T09:16:27Z,2026-08-05,11,16,Disneyland Park,Pirate Galleon,2705,CLOSED,STANDBY,0,,,queue-times.com
2026-08-05T09:16:27Z,2026-08-05,11,16,Disneyland Park,Pirates of the Caribbean,3,OPERATING,STANDBY,25,,,queue-times.com
2026-08-05T09:16:27Z,2026-08-05,11,16,Disneyland Park,Pirates' Beach,2704,OPERATING,STANDBY,0,,,queue-times.com
2026-08-05T09:16:27Z,2026-08-05,11,16,Disneyland Park,"Autopia, presented by Avis",4,OPERATING,STANDBY,50,,,queue-times.com
2026-08-05T09:16:27Z,2026-08-05,11,16,Disneyland Park,Buzz Lightyear Laser Blast,5,OPERATING,STANDBY,40,,,queue-times.com
2026-08-05T09:16:27Z,2026-08-05,11,16,Disneyland Park,Disneyland Railroad Discoveryland Station,2706,CLOSED,STANDBY,0,,,queue-times.com
2026-08-05T09:16:27Z,2026-08-05,11,16,Disneyland Park,Les Mystères du Nautilus,6,OPERATING,STANDBY,5,,,queue-times.com
2026-08-05T09:16:27Z,2026-08-05,11,16,Disneyland Park,Mickey’s PhilharMagic,2707,CLOSED,STANDBY,0,,,queue-times.com
2026-08-05T09:16:27Z,2026-08-05,11,16,Disneyland Park,Orbitron®,7,OPERATING,STANDBY,70,,,queue-times.com
2026-08-05T09:16:27Z,2026-08-05,11,16,Disneyland Park,Star Tours: The Adventures Continue*,9,OPERATING,STANDBY,15,,,queue-times.com
2026-08-05T09:16:27Z,2026-08-05,11,16,Disneyland Park,Star Wars Hyperspace Mountain,8,OPERATING,STANDBY,40,,,queue-times.com
2026-08-05T09:16:27Z,2026-08-05,11,16,Disneyland Park,Star Wars Hyperspace Mountain Single Rider,7278,OPERATING,STANDBY,20,,,queue-times.com
2026-08-05T09:16:27Z,2026-08-05,11,16,Disneyland Park,Welcome to Starport: A Star Wars Encounter,4573,OPERATING,STANDBY,30,,,queue-times.com
2026-08-05T09:16:27Z,2026-08-05,11,16,Disneyland Park,"""it's a small world""",19,OPERATING,STANDBY,10,,,queue-times.com
2026-08-05T09:16:27Z,2026-08-05,11,16,Disneyland Park,Alice's Curious Labyrinth,14,OPERATING,STANDBY,5,,,queue-times.com
2026-08-05T09:16:27Z,2026-08-05,11,16,Disneyland Park,Blanche-Neige et les Sept Nains®,15,OPERATING,STANDBY,15,,,queue-times.com
2026-08-05T09:16:27Z,2026-08-05,11,16,Disneyland Park,Casey Jr. – le Petit Train du Cirque,17,OPERATING,STANDBY,10,,,queue-times.com
2026-08-05T09:16:27Z,2026-08-05,11,16,Disneyland Park,Disneyland Railroad Fantasyland Station,2711,CLOSED,STANDBY,0,,,queue-times.com
2026-08-05T09:16:27Z,2026-08-05,11,16,Disneyland Park,Disneyland Railroad Main Street Station,11,CLOSED,STANDBY,0,,,queue-times.com
2026-08-05T09:16:27Z,2026-08-05,11,16,Disneyland Park,Dumbo the Flying Elephant,18,OPERATING,STANDBY,30,,,queue-times.com
2026-08-05T09:16:27Z,2026-08-05,11,16,Disneyland Park,La Tanière du Dragon,2710,OPERATING,STANDBY,0,,,queue-times.com
2026-08-05T09:16:27Z,2026-08-05,11,16,Disneyland Park,Le Carrousel de Lancelot,16,OPERATING,STANDBY,10,,,queue-times.com
2026-08-05T09:16:27Z,2026-08-05,11,16,Disneyland Park,"Le Pays des Contes de Fées, presented by Vittel",21,OPERATING,STANDBY,5,,,queue-times.com
2026-08-05T09:16:27Z,2026-08-05,11,16,Disneyland Park,Les Voyages de Pinocchio,23,OPERATING,STANDBY,20,,,queue-times.com
2026-08-05T09:16:27Z,2026-08-05,11,16,Disneyland Park,Mad Hatter's Tea Cups,20,OPERATING,STANDBY,15,,,queue-times.com
2026-08-05T09:16:27Z,2026-08-05,11,16,Disneyland Park,Meet Mickey Mouse,13,OPERATING,STANDBY,0,,,queue-times.com
2026-08-05T09:16:27Z,2026-08-05,11,16,Disneyland Park,Peter Pan's Flight,22,OPERATING,STANDBY,50,,,queue-times.com
2026-08-05T09:16:27Z,2026-08-05,11,16,Disneyland Park,Princess Pavilion,24,OPERATING,STANDBY,0,,,queue-times.com
2026-08-05T09:16:27Z,2026-08-05,11,16,Disneyland Park,Big Thunder Mountain,25,OPERATING,STANDBY,80,,,queue-times.com
2026-08-05T09:16:27Z,2026-08-05,11,16,Disneyland Park,Disneyland Railroad Frontierland Depot,2714,CLOSED,STANDBY,0,,,queue-times.com
2026-08-05T09:16:27Z,2026-08-05,11,16,Disneyland Park,Frontierland Playground,2713,OPERATING,STANDBY,0,,,queue-times.com
2026-08-05T09:16:27Z,2026-08-05,11,16,Disneyland Park,Phantom Manor,26,OPERATING,STANDBY,25,,,queue-times.com
2026-08-05T09:16:27Z,2026-08-05,11,16,Disneyland Park,River Rogue Keelboats,27,CLOSED,STANDBY,0,,,queue-times.com
2026-08-05T09:16:27Z,2026-08-05,11,16,Disneyland Park,Rustler Roundup Shootin' Gallery,2712,OPERATING,STANDBY,0,,,queue-times.com
2026-08-05T09:16:27Z,2026-08-05,11,16,Disneyland Park,Thunder Mesa Riverboat Landing,28,OPERATING,STANDBY,20,,,queue-times.com
2026-08-05T09:16:27Z,2026-08-05,11,16,Disneyland Park,Disneyland Railroad Main Street Station,2708,CLOSED,STANDBY,0,,,queue-times.com
2026-08-05T09:16:27Z,2026-08-05,11,16,Disneyland Park,Main Street Vehicles,12,CLOSED,STANDBY,0,,,queue-times.com
2026-08-05T09:16:27Z,2026-08-05,11,16,Disney Adventure World,Avengers Assemble: Flight Force,10848,OPERATING,STANDBY,20,,,queue-times.com
2026-08-05T09:16:27Z,2026-08-05,11,16,Disney Adventure World,Avengers Assemble: Flight Force Single Rider,10849,OPERATING,STANDBY,5,,,queue-times.com
2026-08-05T09:16:27Z,2026-08-05,11,16,Disney Adventure World,Spider-Man W.E.B. Adventure,10845,OPERATING,STANDBY,50,,,queue-times.com
2026-08-05T09:16:27Z,2026-08-05,11,16,Disney Adventure World,Spider-Man W.E.B. Adventure Single Rider,10846,OPERATING,STANDBY,20,,,queue-times.com
2026-08-05T09:16:27Z,2026-08-05,11,16,Disney Adventure World,The Twilight Zone Tower of Terror,40,OPERATING,STANDBY,60,,,queue-times.com
2026-08-05T09:16:27Z,2026-08-05,11,16,Disney Adventure World,Cars Quatre Roues Rallye,31,OPERATING,STANDBY,20,,,queue-times.com
2026-08-05T09:16:27Z,2026-08-05,11,16,Disney Adventure World,Cars ROAD TRIP,29,OPERATING,STANDBY,40,,,queue-times.com
2026-08-05T09:16:27Z,2026-08-05,11,16,Disney Adventure World,Crush's Coaster,32,OPERATING,STANDBY,80,,,queue-times.com
2026-08-05T09:16:27Z,2026-08-05,11,16,Disney Adventure World,Crush's Coaster Single Rider,7277,OPERATING,STANDBY,50,,,queue-times.com
2026-08-05T09:16:27Z,2026-08-05,11,16,Disney Adventure World,Les Tapis Volants - Flying Carpets Over Agrabah®,33,OPERATING,STANDBY,25,,,queue-times.com
2026-08-05T09:16:27Z,2026-08-05,11,16,Disney Adventure World,Ratatouille : L’Aventure Totalement Toquée de Rémy​,37,OPERATING,STANDBY,85,,,queue-times.com
2026-08-05T09:16:27Z,2026-08-05,11,16,Disney Adventure World,Ratatouille: The Adventure Single Rider,7279,OPERATING,STANDBY,15,,,queue-times.com
2026-08-05T09:16:27Z,2026-08-05,11,16,Disney Adventure World,RC Racer,34,OPERATING,STANDBY,55,,,queue-times.com
2026-08-05T09:16:27Z,2026-08-05,11,16,Disney Adventure World,RC Racer Single Rider,7280,OPERATING,STANDBY,45,,,queue-times.com
2026-08-05T09:16:27Z,2026-08-05,11,16,Disney Adventure World,Slinky® Dog Zigzag Spin,36,OPERATING,STANDBY,30,,,queue-times.com
2026-08-05T09:16:27Z,2026-08-05,11,16,Disney Adventure World,Toy Soldiers Parachute Drop,35,OPERATING,STANDBY,60,,,queue-times.com
2026-08-05T09:16:27Z,2026-08-05,11,16,Disney Adventure World,Toy Soldiers Parachute Drop Single Rider,7281,OPERATING,STANDBY,25,,,queue-times.com
2026-08-05T09:16:27Z,2026-08-05,11,16,Disney Adventure World,Entry to World of Frozen,16247,OPERATING,STANDBY,0,,,queue-times.com
2026-08-05T09:16:27Z,2026-08-05,11,16,Disney Adventure World,Frozen Ever After,15413,OPERATING,STANDBY,70,,,queue-times.com
2026-08-05T09:16:27Z,2026-08-05,11,16,Disney Adventure World,Raiponce Tangled Spin,15415,OPERATING,STANDBY,10,,,queue-times.com
2026-08-05T09:31:07Z,2026-08-05,11,31,Disneyland Park,Adventure Isle,2702,OPERATING,STANDBY,0,,,queue-times.com
2026-08-05T09:31:07Z,2026-08-05,11,31,Disneyland Park,Indiana Jones and the Temple of Peril Single Rider,7306,OPERATING,STANDBY,20,,,queue-times.com
2026-08-05T09:31:07Z,2026-08-05,11,31,Disneyland Park,Indiana Jones™ and the Temple of Peril,2,OPERATING,STANDBY,30,,,queue-times.com
2026-08-05T09:31:07Z,2026-08-05,11,31,Disneyland Park,La Cabane des Robinson,1,OPERATING,STANDBY,5,,,queue-times.com
2026-08-05T09:31:07Z,2026-08-05,11,31,Disneyland Park,Le Passage Enchanté d'Aladdin,2703,OPERATING,STANDBY,0,,,queue-times.com
2026-08-05T09:31:07Z,2026-08-05,11,31,Disneyland Park,Pirate Galleon,2705,CLOSED,STANDBY,0,,,queue-times.com
2026-08-05T09:31:07Z,2026-08-05,11,31,Disneyland Park,Pirates of the Caribbean,3,OPERATING,STANDBY,25,,,queue-times.com
2026-08-05T09:31:07Z,2026-08-05,11,31,Disneyland Park,Pirates' Beach,2704,OPERATING,STANDBY,0,,,queue-times.com
2026-08-05T09:31:07Z,2026-08-05,11,31,Disneyland Park,"Autopia, presented by Avis",4,OPERATING,STANDBY,50,,,queue-times.com
2026-08-05T09:31:07Z,2026-08-05,11,31,Disneyland Park,Buzz Lightyear Laser Blast,5,OPERATING,STANDBY,40,,,queue-times.com
2026-08-05T09:31:07Z,2026-08-05,11,31,Disneyland Park,Disneyland Railroad Discoveryland Station,2706,CLOSED,STANDBY,0,,,queue-times.com
2026-08-05T09:31:07Z,2026-08-05,11,31,Disneyland Park,Les Mystères du Nautilus,6,OPERATING,STANDBY,5,,,queue-times.com
2026-08-05T09:31:07Z,2026-08-05,11,31,Disneyland Park,Mickey’s PhilharMagic,2707,CLOSED,STANDBY,0,,,queue-times.com
2026-08-05T09:31:07Z,2026-08-05,11,31,Disneyland Park,Orbitron®,7,OPERATING,STANDBY,60,,,queue-times.com
2026-08-05T09:31:07Z,2026-08-05,11,31,Disneyland Park,Star Tours: The Adventures Continue*,9,OPERATING,STANDBY,15,,,queue-times.com
2026-08-05T09:31:07Z,2026-08-05,11,31,Disneyland Park,Star Wars Hyperspace Mountain,8,OPERATING,STANDBY,30,,,queue-times.com
2026-08-05T09:31:07Z,2026-08-05,11,31,Disneyland Park,Star Wars Hyperspace Mountain Single Rider,7278,OPERATING,STANDBY,20,,,queue-times.com
2026-08-05T09:31:07Z,2026-08-05,11,31,Disneyland Park,Welcome to Starport: A Star Wars Encounter,4573,OPERATING,STANDBY,5,,,queue-times.com
2026-08-05T09:31:07Z,2026-08-05,11,31,Disneyland Park,"""it's a small world""",19,OPERATING,STANDBY,10,,,queue-times.com
2026-08-05T09:31:07Z,2026-08-05,11,31,Disneyland Park,Alice's Curious Labyrinth,14,OPERATING,STANDBY,5,,,queue-times.com
2026-08-05T09:31:07Z,2026-08-05,11,31,Disneyland Park,Blanche-Neige et les Sept Nains®,15,OPERATING,STANDBY,30,,,queue-times.com
2026-08-05T09:31:07Z,2026-08-05,11,31,Disneyland Park,Casey Jr. – le Petit Train du Cirque,17,OPERATING,STANDBY,10,,,queue-times.com
2026-08-05T09:31:07Z,2026-08-05,11,31,Disneyland Park,Disneyland Railroad Fantasyland Station,2711,CLOSED,STANDBY,0,,,queue-times.com
2026-08-05T09:31:07Z,2026-08-05,11,31,Disneyland Park,Disneyland Railroad Main Street Station,11,CLOSED,STANDBY,0,,,queue-times.com
2026-08-05T09:31:07Z,2026-08-05,11,31,Disneyland Park,Dumbo the Flying Elephant,18,OPERATING,STANDBY,30,,,queue-times.com
2026-08-05T09:31:07Z,2026-08-05,11,31,Disneyland Park,La Tanière du Dragon,2710,OPERATING,STANDBY,0,,,queue-times.com
2026-08-05T09:31:07Z,2026-08-05,11,31,Disneyland Park,Le Carrousel de Lancelot,16,OPERATING,STANDBY,5,,,queue-times.com
2026-08-05T09:31:07Z,2026-08-05,11,31,Disneyland Park,"Le Pays des Contes de Fées, presented by Vittel",21,OPERATING,STANDBY,5,,,queue-times.com
2026-08-05T09:31:07Z,2026-08-05,11,31,Disneyland Park,Les Voyages de Pinocchio,23,OPERATING,STANDBY,25,,,queue-times.com
2026-08-05T09:31:07Z,2026-08-05,11,31,Disneyland Park,Mad Hatter's Tea Cups,20,OPERATING,STANDBY,10,,,queue-times.com
2026-08-05T09:31:07Z,2026-08-05,11,31,Disneyland Park,Meet Mickey Mouse,13,OPERATING,STANDBY,0,,,queue-times.com
2026-08-05T09:31:07Z,2026-08-05,11,31,Disneyland Park,Peter Pan's Flight,22,OPERATING,STANDBY,50,,,queue-times.com
2026-08-05T09:31:07Z,2026-08-05,11,31,Disneyland Park,Princess Pavilion,24,OPERATING,STANDBY,0,,,queue-times.com
2026-08-05T09:31:07Z,2026-08-05,11,31,Disneyland Park,Big Thunder Mountain,25,OPERATING,STANDBY,100,,,queue-times.com
2026-08-05T09:31:07Z,2026-08-05,11,31,Disneyland Park,Disneyland Railroad Frontierland Depot,2714,CLOSED,STANDBY,0,,,queue-times.com
2026-08-05T09:31:07Z,2026-08-05,11,31,Disneyland Park,Frontierland Playground,2713,OPERATING,STANDBY,0,,,queue-times.com
2026-08-05T09:31:07Z,2026-08-05,11,31,Disneyland Park,Phantom Manor,26,OPERATING,STANDBY,25,,,queue-times.com
2026-08-05T09:31:07Z,2026-08-05,11,31,Disneyland Park,River Rogue Keelboats,27,CLOSED,STANDBY,0,,,queue-times.com
2026-08-05T09:31:07Z,2026-08-05,11,31,Disneyland Park,Rustler Roundup Shootin' Gallery,2712,OPERATING,STANDBY,0,,,queue-times.com
2026-08-05T09:31:07Z,2026-08-05,11,31,Disneyland Park,Thunder Mesa Riverboat Landing,28,OPERATING,STANDBY,20,,,queue-times.com
2026-08-05T09:31:07Z,2026-08-05,11,31,Disneyland Park,Disneyland Railroad Main Street Station,2708,CLOSED,STANDBY,0,,,queue-times.com
2026-08-05T09:31:07Z,2026-08-05,11,31,Disneyland Park,Main Street Vehicles,12,CLOSED,STANDBY,0,,,queue-times.com
2026-08-05T09:31:07Z,2026-08-05,11,31,Disney Adventure World,Avengers Assemble: Flight Force,10848,OPERATING,STANDBY,25,,,queue-times.com
2026-08-05T09:31:07Z,2026-08-05,11,31,Disney Adventure World,Avengers Assemble: Flight Force Single Rider,10849,OPERATING,STANDBY,20,,,queue-times.com
2026-08-05T09:31:07Z,2026-08-05,11,31,Disney Adventure World,Spider-Man W.E.B. Adventure,10845,OPERATING,STANDBY,50,,,queue-times.com
2026-08-05T09:31:07Z,2026-08-05,11,31,Disney Adventure World,Spider-Man W.E.B. Adventure Single Rider,10846,OPERATING,STANDBY,20,,,queue-times.com
2026-08-05T09:31:07Z,2026-08-05,11,31,Disney Adventure World,The Twilight Zone Tower of Terror,40,OPERATING,STANDBY,30,,,queue-times.com
2026-08-05T09:31:07Z,2026-08-05,11,31,Disney Adventure World,Cars Quatre Roues Rallye,31,OPERATING,STANDBY,25,,,queue-times.com
2026-08-05T09:31:07Z,2026-08-05,11,31,Disney Adventure World,Cars ROAD TRIP,29,OPERATING,STANDBY,40,,,queue-times.com
2026-08-05T09:31:07Z,2026-08-05,11,31,Disney Adventure World,Crush's Coaster,32,OPERATING,STANDBY,90,,,queue-times.com
2026-08-05T09:31:07Z,2026-08-05,11,31,Disney Adventure World,Crush's Coaster Single Rider,7277,OPERATING,STANDBY,45,,,queue-times.com
2026-08-05T09:31:07Z,2026-08-05,11,31,Disney Adventure World,Les Tapis Volants - Flying Carpets Over Agrabah®,33,OPERATING,STANDBY,25,,,queue-times.com
2026-08-05T09:31:07Z,2026-08-05,11,31,Disney Adventure World,Ratatouille : L’Aventure Totalement Toquée de Rémy​,37,OPERATING,STANDBY,55,,,queue-times.com
2026-08-05T09:31:07Z,2026-08-05,11,31,Disney Adventure World,Ratatouille: The Adventure Single Rider,7279,OPERATING,STANDBY,20,,,queue-times.com
2026-08-05T09:31:07Z,2026-08-05,11,31,Disney Adventure World,RC Racer,34,OPERATING,STANDBY,55,,,queue-times.com
2026-08-05T09:31:07Z,2026-08-05,11,31,Disney Adventure World,RC Racer Single Rider,7280,OPERATING,STANDBY,45,,,queue-times.com
2026-08-05T09:31:07Z,2026-08-05,11,31,Disney Adventure World,Slinky® Dog Zigzag Spin,36,OPERATING,STANDBY,35,,,queue-times.com
2026-08-05T09:31:07Z,2026-08-05,11,31,Disney Adventure World,Toy Soldiers Parachute Drop,35,OPERATING,STANDBY,60,,,queue-times.com
2026-08-05T09:31:07Z,2026-08-05,11,31,Disney Adventure World,Toy Soldiers Parachute Drop Single Rider,7281,OPERATING,STANDBY,35,,,queue-times.com
2026-08-05T09:31:07Z,2026-08-05,11,31,Disney Adventure World,Entry to World of Frozen,16247,OPERATING,STANDBY,0,,,queue-times.com
2026-08-05T09:31:07Z,2026-08-05,11,31,Disney Adventure World,Frozen Ever After,15413,OPERATING,STANDBY,70,,,queue-times.com
2026-08-05T09:31:07Z,2026-08-05,11,31,Disney Adventure World,Raiponce Tangled Spin,15415,OPERATING,STANDBY,15,,,queue-times.com
2026-08-05T09:45:43Z,2026-08-05,11,45,Disneyland Park,Adventure Isle,2702,OPERATING,STANDBY,0,,,queue-times.com
2026-08-05T09:45:43Z,2026-08-05,11,45,Disneyland Park,Indiana Jones and the Temple of Peril Single Rider,7306,OPERATING,STANDBY,10,,,queue-times.com
2026-08-05T09:45:43Z,2026-08-05,11,45,Disneyland Park,Indiana Jones™ and the Temple of Peril,2,OPERATING,STANDBY,20,,,queue-times.com
2026-08-05T09:45:43Z,2026-08-05,11,45,Disneyland Park,La Cabane des Robinson,1,OPERATING,STANDBY,5,,,queue-times.com
2026-08-05T09:45:43Z,2026-08-05,11,45,Disneyland Park,Le Passage Enchanté d'Aladdin,2703,OPERATING,STANDBY,0,,,queue-times.com
2026-08-05T09:45:43Z,2026-08-05,11,45,Disneyland Park,Pirate Galleon,2705,CLOSED,STANDBY,0,,,queue-times.com
2026-08-05T09:45:43Z,2026-08-05,11,45,Disneyland Park,Pirates of the Caribbean,3,OPERATING,STANDBY,20,,,queue-times.com
2026-08-05T09:45:43Z,2026-08-05,11,45,Disneyland Park,Pirates' Beach,2704,OPERATING,STANDBY,0,,,queue-times.com
2026-08-05T09:45:43Z,2026-08-05,11,45,Disneyland Park,"Autopia, presented by Avis",4,OPERATING,STANDBY,35,,,queue-times.com
2026-08-05T09:45:43Z,2026-08-05,11,45,Disneyland Park,Buzz Lightyear Laser Blast,5,OPERATING,STANDBY,40,,,queue-times.com
2026-08-05T09:45:43Z,2026-08-05,11,45,Disneyland Park,Disneyland Railroad Discoveryland Station,2706,CLOSED,STANDBY,0,,,queue-times.com
2026-08-05T09:45:43Z,2026-08-05,11,45,Disneyland Park,Les Mystères du Nautilus,6,OPERATING,STANDBY,5,,,queue-times.com
2026-08-05T09:45:43Z,2026-08-05,11,45,Disneyland Park,Mickey’s PhilharMagic,2707,CLOSED,STANDBY,0,,,queue-times.com
2026-08-05T09:45:43Z,2026-08-05,11,45,Disneyland Park,Orbitron®,7,OPERATING,STANDBY,40,,,queue-times.com
2026-08-05T09:45:43Z,2026-08-05,11,45,Disneyland Park,Star Tours: The Adventures Continue*,9,OPERATING,STANDBY,15,,,queue-times.com
2026-08-05T09:45:43Z,2026-08-05,11,45,Disneyland Park,Star Wars Hyperspace Mountain,8,OPERATING,STANDBY,30,,,queue-times.com
2026-08-05T09:45:43Z,2026-08-05,11,45,Disneyland Park,Star Wars Hyperspace Mountain Single Rider,7278,OPERATING,STANDBY,20,,,queue-times.com
2026-08-05T09:45:43Z,2026-08-05,11,45,Disneyland Park,Welcome to Starport: A Star Wars Encounter,4573,OPERATING,STANDBY,15,,,queue-times.com
2026-08-05T09:45:43Z,2026-08-05,11,45,Disneyland Park,"""it's a small world""",19,OPERATING,STANDBY,15,,,queue-times.com
2026-08-05T09:45:43Z,2026-08-05,11,45,Disneyland Park,Alice's Curious Labyrinth,14,OPERATING,STANDBY,5,,,queue-times.com
2026-08-05T09:45:43Z,2026-08-05,11,45,Disneyland Park,Blanche-Neige et les Sept Nains®,15,OPERATING,STANDBY,15,,,queue-times.com
2026-08-05T09:45:43Z,2026-08-05,11,45,Disneyland Park,Casey Jr. – le Petit Train du Cirque,17,OPERATING,STANDBY,10,,,queue-times.com
2026-08-05T09:45:43Z,2026-08-05,11,45,Disneyland Park,Disneyland Railroad Fantasyland Station,2711,CLOSED,STANDBY,0,,,queue-times.com
2026-08-05T09:45:43Z,2026-08-05,11,45,Disneyland Park,Disneyland Railroad Main Street Station,11,CLOSED,STANDBY,0,,,queue-times.com
2026-08-05T09:45:43Z,2026-08-05,11,45,Disneyland Park,Dumbo the Flying Elephant,18,OPERATING,STANDBY,30,,,queue-times.com
2026-08-05T09:45:43Z,2026-08-05,11,45,Disneyland Park,La Tanière du Dragon,2710,OPERATING,STANDBY,0,,,queue-times.com
2026-08-05T09:45:43Z,2026-08-05,11,45,Disneyland Park,Le Carrousel de Lancelot,16,OPERATING,STANDBY,10,,,queue-times.com
2026-08-05T09:45:43Z,2026-08-05,11,45,Disneyland Park,"Le Pays des Contes de Fées, presented by Vittel",21,OPERATING,STANDBY,5,,,queue-times.com
2026-08-05T09:45:43Z,2026-08-05,11,45,Disneyland Park,Les Voyages de Pinocchio,23,OPERATING,STANDBY,25,,,queue-times.com
2026-08-05T09:45:43Z,2026-08-05,11,45,Disneyland Park,Mad Hatter's Tea Cups,20,OPERATING,STANDBY,5,,,queue-times.com
2026-08-05T09:45:43Z,2026-08-05,11,45,Disneyland Park,Meet Mickey Mouse,13,OPERATING,STANDBY,0,,,queue-times.com
2026-08-05T09:45:43Z,2026-08-05,11,45,Disneyland Park,Peter Pan's Flight,22,OPERATING,STANDBY,50,,,queue-times.com
2026-08-05T09:45:43Z,2026-08-05,11,45,Disneyland Park,Princess Pavilion,24,OPERATING,STANDBY,0,,,queue-times.com
2026-08-05T09:45:43Z,2026-08-05,11,45,Disneyland Park,Big Thunder Mountain,25,OPERATING,STANDBY,100,,,queue-times.com
2026-08-05T09:45:43Z,2026-08-05,11,45,Disneyland Park,Disneyland Railroad Frontierland Depot,2714,CLOSED,STANDBY,0,,,queue-times.com
2026-08-05T09:45:43Z,2026-08-05,11,45,Disneyland Park,Frontierland Playground,2713,OPERATING,STANDBY,0,,,queue-times.com
2026-08-05T09:45:43Z,2026-08-05,11,45,Disneyland Park,Phantom Manor,26,OPERATING,STANDBY,15,,,queue-times.com
2026-08-05T09:45:43Z,2026-08-05,11,45,Disneyland Park,River Rogue Keelboats,27,CLOSED,STANDBY,0,,,queue-times.com
2026-08-05T09:45:43Z,2026-08-05,11,45,Disneyland Park,Rustler Roundup Shootin' Gallery,2712,OPERATING,STANDBY,0,,,queue-times.com
2026-08-05T09:45:43Z,2026-08-05,11,45,Disneyland Park,Thunder Mesa Riverboat Landing,28,OPERATING,STANDBY,20,,,queue-times.com
2026-08-05T09:45:43Z,2026-08-05,11,45,Disneyland Park,Disneyland Railroad Main Street Station,2708,CLOSED,STANDBY,0,,,queue-times.com
2026-08-05T09:45:43Z,2026-08-05,11,45,Disneyland Park,Main Street Vehicles,12,CLOSED,STANDBY,0,,,queue-times.com
2026-08-05T09:45:43Z,2026-08-05,11,45,Disney Adventure World,Avengers Assemble: Flight Force,10848,OPERATING,STANDBY,25,,,queue-times.com
2026-08-05T09:45:43Z,2026-08-05,11,45,Disney Adventure World,Avengers Assemble: Flight Force Single Rider,10849,OPERATING,STANDBY,20,,,queue-times.com
2026-08-05T09:45:43Z,2026-08-05,11,45,Disney Adventure World,Spider-Man W.E.B. Adventure,10845,OPERATING,STANDBY,45,,,queue-times.com
2026-08-05T09:45:43Z,2026-08-05,11,45,Disney Adventure World,Spider-Man W.E.B. Adventure Single Rider,10846,OPERATING,STANDBY,15,,,queue-times.com
2026-08-05T09:45:43Z,2026-08-05,11,45,Disney Adventure World,The Twilight Zone Tower of Terror,40,OPERATING,STANDBY,40,,,queue-times.com
2026-08-05T09:45:43Z,2026-08-05,11,45,Disney Adventure World,Cars Quatre Roues Rallye,31,OPERATING,STANDBY,20,,,queue-times.com
2026-08-05T09:45:43Z,2026-08-05,11,45,Disney Adventure World,Cars ROAD TRIP,29,OPERATING,STANDBY,30,,,queue-times.com
2026-08-05T09:45:43Z,2026-08-05,11,45,Disney Adventure World,Crush's Coaster,32,OPERATING,STANDBY,70,,,queue-times.com
2026-08-05T09:45:43Z,2026-08-05,11,45,Disney Adventure World,Crush's Coaster Single Rider,7277,OPERATING,STANDBY,55,,,queue-times.com
2026-08-05T09:45:43Z,2026-08-05,11,45,Disney Adventure World,Les Tapis Volants - Flying Carpets Over Agrabah®,33,OPERATING,STANDBY,25,,,queue-times.com
2026-08-05T09:45:43Z,2026-08-05,11,45,Disney Adventure World,Ratatouille : L’Aventure Totalement Toquée de Rémy​,37,OPERATING,STANDBY,60,,,queue-times.com
2026-08-05T09:45:43Z,2026-08-05,11,45,Disney Adventure World,Ratatouille: The Adventure Single Rider,7279,OPERATING,STANDBY,20,,,queue-times.com
2026-08-05T09:45:43Z,2026-08-05,11,45,Disney Adventure World,RC Racer,34,OPERATING,STANDBY,55,,,queue-times.com
2026-08-05T09:45:43Z,2026-08-05,11,45,Disney Adventure World,RC Racer Single Rider,7280,OPERATING,STANDBY,45,,,queue-times.com
2026-08-05T09:45:43Z,2026-08-05,11,45,Disney Adventure World,Slinky® Dog Zigzag Spin,36,OPERATING,STANDBY,25,,,queue-times.com
2026-08-05T09:45:43Z,2026-08-05,11,45,Disney Adventure World,Toy Soldiers Parachute Drop,35,OPERATING,STANDBY,60,,,queue-times.com
2026-08-05T09:45:43Z,2026-08-05,11,45,Disney Adventure World,Toy Soldiers Parachute Drop Single Rider,7281,OPERATING,STANDBY,35,,,queue-times.com
2026-08-05T09:45:43Z,2026-08-05,11,45,Disney Adventure World,Entry to World of Frozen,16247,OPERATING,STANDBY,0,,,queue-times.com
2026-08-05T09:45:43Z,2026-08-05,11,45,Disney Adventure World,Frozen Ever After,15413,OPERATING,STANDBY,60,,,queue-times.com
2026-08-05T09:45:43Z,2026-08-05,11,45,Disney Adventure World,Raiponce Tangled Spin,15415,OPERATING,STANDBY,10,,,queue-times.com
2026-08-05T10:01:16Z,2026-08-05,12,1,Disneyland Park,Adventure Isle,2702,OPERATING,STANDBY,0,,,queue-times.com
2026-08-05T10:01:16Z,2026-08-05,12,1,Disneyland Park,Indiana Jones and the Temple of Peril Single Rider,7306,OPERATING,STANDBY,10,,,queue-times.com
2026-08-05T10:01:16Z,2026-08-05,12,1,Disneyland Park,Indiana Jones™ and the Temple of Peril,2,OPERATING,STANDBY,20,,,queue-times.com
2026-08-05T10:01:16Z,2026-08-05,12,1,Disneyland Park,La Cabane des Robinson,1,OPERATING,STANDBY,5,,,queue-times.com
2026-08-05T10:01:16Z,2026-08-05,12,1,Disneyland Park,Le Passage Enchanté d'Aladdin,2703,OPERATING,STANDBY,0,,,queue-times.com
2026-08-05T10:01:16Z,2026-08-05,12,1,Disneyland Park,Pirate Galleon,2705,CLOSED,STANDBY,0,,,queue-times.com
2026-08-05T10:01:16Z,2026-08-05,12,1,Disneyland Park,Pirates of the Caribbean,3,OPERATING,STANDBY,25,,,queue-times.com
2026-08-05T10:01:16Z,2026-08-05,12,1,Disneyland Park,Pirates' Beach,2704,OPERATING,STANDBY,0,,,queue-times.com
2026-08-05T10:01:16Z,2026-08-05,12,1,Disneyland Park,"Autopia, presented by Avis",4,OPERATING,STANDBY,40,,,queue-times.com
2026-08-05T10:01:16Z,2026-08-05,12,1,Disneyland Park,Buzz Lightyear Laser Blast,5,OPERATING,STANDBY,50,,,queue-times.com
2026-08-05T10:01:16Z,2026-08-05,12,1,Disneyland Park,Disneyland Railroad Discoveryland Station,2706,CLOSED,STANDBY,0,,,queue-times.com
2026-08-05T10:01:16Z,2026-08-05,12,1,Disneyland Park,Les Mystères du Nautilus,6,OPERATING,STANDBY,5,,,queue-times.com
2026-08-05T10:01:16Z,2026-08-05,12,1,Disneyland Park,Mickey’s PhilharMagic,2707,CLOSED,STANDBY,0,,,queue-times.com
2026-08-05T10:01:16Z,2026-08-05,12,1,Disneyland Park,Orbitron®,7,OPERATING,STANDBY,40,,,queue-times.com
2026-08-05T10:01:16Z,2026-08-05,12,1,Disneyland Park,Star Tours: The Adventures Continue*,9,OPERATING,STANDBY,5,,,queue-times.com
2026-08-05T10:01:16Z,2026-08-05,12,1,Disneyland Park,Star Wars Hyperspace Mountain,8,OPERATING,STANDBY,35,,,queue-times.com
2026-08-05T10:01:16Z,2026-08-05,12,1,Disneyland Park,Star Wars Hyperspace Mountain Single Rider,7278,OPERATING,STANDBY,25,,,queue-times.com
2026-08-05T10:01:16Z,2026-08-05,12,1,Disneyland Park,Welcome to Starport: A Star Wars Encounter,4573,OPERATING,STANDBY,30,,,queue-times.com
2026-08-05T10:01:16Z,2026-08-05,12,1,Disneyland Park,"""it's a small world""",19,OPERATING,STANDBY,5,,,queue-times.com
2026-08-05T10:01:16Z,2026-08-05,12,1,Disneyland Park,Alice's Curious Labyrinth,14,OPERATING,STANDBY,5,,,queue-times.com
2026-08-05T10:01:16Z,2026-08-05,12,1,Disneyland Park,Blanche-Neige et les Sept Nains®,15,OPERATING,STANDBY,15,,,queue-times.com
2026-08-05T10:01:16Z,2026-08-05,12,1,Disneyland Park,Casey Jr. – le Petit Train du Cirque,17,OPERATING,STANDBY,10,,,queue-times.com
2026-08-05T10:01:16Z,2026-08-05,12,1,Disneyland Park,Disneyland Railroad Fantasyland Station,2711,CLOSED,STANDBY,0,,,queue-times.com
2026-08-05T10:01:16Z,2026-08-05,12,1,Disneyland Park,Disneyland Railroad Main Street Station,11,CLOSED,STANDBY,0,,,queue-times.com
2026-08-05T10:01:16Z,2026-08-05,12,1,Disneyland Park,Dumbo the Flying Elephant,18,OPERATING,STANDBY,30,,,queue-times.com
2026-08-05T10:01:16Z,2026-08-05,12,1,Disneyland Park,La Tanière du Dragon,2710,OPERATING,STANDBY,0,,,queue-times.com
2026-08-05T10:01:16Z,2026-08-05,12,1,Disneyland Park,Le Carrousel de Lancelot,16,OPERATING,STANDBY,5,,,queue-times.com
2026-08-05T10:01:16Z,2026-08-05,12,1,Disneyland Park,"Le Pays des Contes de Fées, presented by Vittel",21,OPERATING,STANDBY,5,,,queue-times.com
2026-08-05T10:01:16Z,2026-08-05,12,1,Disneyland Park,Les Voyages de Pinocchio,23,OPERATING,STANDBY,15,,,queue-times.com
2026-08-05T10:01:16Z,2026-08-05,12,1,Disneyland Park,Mad Hatter's Tea Cups,20,OPERATING,STANDBY,5,,,queue-times.com
2026-08-05T10:01:16Z,2026-08-05,12,1,Disneyland Park,Meet Mickey Mouse,13,OPERATING,STANDBY,0,,,queue-times.com
2026-08-05T10:01:16Z,2026-08-05,12,1,Disneyland Park,Peter Pan's Flight,22,OPERATING,STANDBY,60,,,queue-times.com
2026-08-05T10:01:16Z,2026-08-05,12,1,Disneyland Park,Princess Pavilion,24,OPERATING,STANDBY,0,,,queue-times.com
2026-08-05T10:01:16Z,2026-08-05,12,1,Disneyland Park,Big Thunder Mountain,25,OPERATING,STANDBY,100,,,queue-times.com
2026-08-05T10:01:16Z,2026-08-05,12,1,Disneyland Park,Disneyland Railroad Frontierland Depot,2714,CLOSED,STANDBY,0,,,queue-times.com
2026-08-05T10:01:16Z,2026-08-05,12,1,Disneyland Park,Frontierland Playground,2713,OPERATING,STANDBY,0,,,queue-times.com
2026-08-05T10:01:16Z,2026-08-05,12,1,Disneyland Park,Phantom Manor,26,OPERATING,STANDBY,15,,,queue-times.com
2026-08-05T10:01:16Z,2026-08-05,12,1,Disneyland Park,River Rogue Keelboats,27,CLOSED,STANDBY,0,,,queue-times.com
2026-08-05T10:01:16Z,2026-08-05,12,1,Disneyland Park,Rustler Roundup Shootin' Gallery,2712,OPERATING,STANDBY,0,,,queue-times.com
2026-08-05T10:01:16Z,2026-08-05,12,1,Disneyland Park,Thunder Mesa Riverboat Landing,28,OPERATING,STANDBY,20,,,queue-times.com
2026-08-05T10:01:16Z,2026-08-05,12,1,Disneyland Park,Disneyland Railroad Main Street Station,2708,CLOSED,STANDBY,0,,,queue-times.com
2026-08-05T10:01:16Z,2026-08-05,12,1,Disneyland Park,Main Street Vehicles,12,CLOSED,STANDBY,0,,,queue-times.com
2026-08-05T10:01:16Z,2026-08-05,12,1,Disney Adventure World,Avengers Assemble: Flight Force,10848,OPERATING,STANDBY,20,,,queue-times.com
2026-08-05T10:01:16Z,2026-08-05,12,1,Disney Adventure World,Avengers Assemble: Flight Force Single Rider,10849,OPERATING,STANDBY,10,,,queue-times.com
2026-08-05T10:01:16Z,2026-08-05,12,1,Disney Adventure World,Spider-Man W.E.B. Adventure,10845,OPERATING,STANDBY,45,,,queue-times.com
2026-08-05T10:01:16Z,2026-08-05,12,1,Disney Adventure World,Spider-Man W.E.B. Adventure Single Rider,10846,OPERATING,STANDBY,20,,,queue-times.com
2026-08-05T10:01:16Z,2026-08-05,12,1,Disney Adventure World,The Twilight Zone Tower of Terror,40,OPERATING,STANDBY,35,,,queue-times.com
2026-08-05T10:01:16Z,2026-08-05,12,1,Disney Adventure World,Cars Quatre Roues Rallye,31,OPERATING,STANDBY,25,,,queue-times.com
2026-08-05T10:01:16Z,2026-08-05,12,1,Disney Adventure World,Cars ROAD TRIP,29,OPERATING,STANDBY,20,,,queue-times.com
2026-08-05T10:01:16Z,2026-08-05,12,1,Disney Adventure World,Crush's Coaster,32,OPERATING,STANDBY,75,,,queue-times.com
2026-08-05T10:01:16Z,2026-08-05,12,1,Disney Adventure World,Crush's Coaster Single Rider,7277,OPERATING,STANDBY,55,,,queue-times.com
2026-08-05T10:01:16Z,2026-08-05,12,1,Disney Adventure World,Les Tapis Volants - Flying Carpets Over Agrabah®,33,OPERATING,STANDBY,25,,,queue-times.com
2026-08-05T10:01:16Z,2026-08-05,12,1,Disney Adventure World,Ratatouille : L’Aventure Totalement Toquée de Rémy​,37,OPERATING,STANDBY,65,,,queue-times.com
2026-08-05T10:01:16Z,2026-08-05,12,1,Disney Adventure World,Ratatouille: The Adventure Single Rider,7279,OPERATING,STANDBY,30,,,queue-times.com
2026-08-05T10:01:16Z,2026-08-05,12,1,Disney Adventure World,RC Racer,34,OPERATING,STANDBY,55,,,queue-times.com
2026-08-05T10:01:16Z,2026-08-05,12,1,Disney Adventure World,RC Racer Single Rider,7280,OPERATING,STANDBY,45,,,queue-times.com
2026-08-05T10:01:16Z,2026-08-05,12,1,Disney Adventure World,Slinky® Dog Zigzag Spin,36,OPERATING,STANDBY,45,,,queue-times.com
2026-08-05T10:01:16Z,2026-08-05,12,1,Disney Adventure World,Toy Soldiers Parachute Drop,35,OPERATING,STANDBY,55,,,queue-times.com
2026-08-05T10:01:16Z,2026-08-05,12,1,Disney Adventure World,Toy Soldiers Parachute Drop Single Rider,7281,OPERATING,STANDBY,30,,,queue-times.com
2026-08-05T10:01:16Z,2026-08-05,12,1,Disney Adventure World,Entry to World of Frozen,16247,OPERATING,STANDBY,0,,,queue-times.com
2026-08-05T10:01:16Z,2026-08-05,12,1,Disney Adventure World,Frozen Ever After,15413,OPERATING,STANDBY,75,,,queue-times.com
2026-08-05T10:01:16Z,2026-08-05,12,1,Disney Adventure World,Raiponce Tangled Spin,15415,OPERATING,STANDBY,20,,,queue-times.com
2026-08-05T10:15:48Z,2026-08-05,12,15,Disneyland Park,Adventure Isle,2702,OPERATING,STANDBY,0,,,queue-times.com
2026-08-05T10:15:48Z,2026-08-05,12,15,Disneyland Park,Indiana Jones and the Temple of Peril Single Rider,7306,OPERATING,STANDBY,10,,,queue-times.com
2026-08-05T10:15:48Z,2026-08-05,12,15,Disneyland Park,Indiana Jones™ and the Temple of Peril,2,OPERATING,STANDBY,25,,,queue-times.com
2026-08-05T10:15:48Z,2026-08-05,12,15,Disneyland Park,La Cabane des Robinson,1,OPERATING,STANDBY,5,,,queue-times.com
2026-08-05T10:15:48Z,2026-08-05,12,15,Disneyland Park,Le Passage Enchanté d'Aladdin,2703,OPERATING,STANDBY,0,,,queue-times.com
2026-08-05T10:15:48Z,2026-08-05,12,15,Disneyland Park,Pirate Galleon,2705,CLOSED,STANDBY,0,,,queue-times.com
2026-08-05T10:15:48Z,2026-08-05,12,15,Disneyland Park,Pirates of the Caribbean,3,OPERATING,STANDBY,35,,,queue-times.com
2026-08-05T10:15:48Z,2026-08-05,12,15,Disneyland Park,Pirates' Beach,2704,OPERATING,STANDBY,0,,,queue-times.com
2026-08-05T10:15:48Z,2026-08-05,12,15,Disneyland Park,"Autopia, presented by Avis",4,OPERATING,STANDBY,50,,,queue-times.com
2026-08-05T10:15:48Z,2026-08-05,12,15,Disneyland Park,Buzz Lightyear Laser Blast,5,OPERATING,STANDBY,50,,,queue-times.com
2026-08-05T10:15:48Z,2026-08-05,12,15,Disneyland Park,Disneyland Railroad Discoveryland Station,2706,CLOSED,STANDBY,0,,,queue-times.com
2026-08-05T10:15:48Z,2026-08-05,12,15,Disneyland Park,Les Mystères du Nautilus,6,OPERATING,STANDBY,5,,,queue-times.com
2026-08-05T10:15:48Z,2026-08-05,12,15,Disneyland Park,Mickey’s PhilharMagic,2707,CLOSED,STANDBY,0,,,queue-times.com
2026-08-05T10:15:48Z,2026-08-05,12,15,Disneyland Park,Orbitron®,7,OPERATING,STANDBY,55,,,queue-times.com
2026-08-05T10:15:48Z,2026-08-05,12,15,Disneyland Park,Star Tours: The Adventures Continue*,9,OPERATING,STANDBY,5,,,queue-times.com
2026-08-05T10:15:48Z,2026-08-05,12,15,Disneyland Park,Star Wars Hyperspace Mountain,8,OPERATING,STANDBY,50,,,queue-times.com
2026-08-05T10:15:48Z,2026-08-05,12,15,Disneyland Park,Star Wars Hyperspace Mountain Single Rider,7278,OPERATING,STANDBY,35,,,queue-times.com
2026-08-05T10:15:48Z,2026-08-05,12,15,Disneyland Park,Welcome to Starport: A Star Wars Encounter,4573,OPERATING,STANDBY,30,,,queue-times.com
2026-08-05T10:15:48Z,2026-08-05,12,15,Disneyland Park,"""it's a small world""",19,OPERATING,STANDBY,20,,,queue-times.com
2026-08-05T10:15:48Z,2026-08-05,12,15,Disneyland Park,Alice's Curious Labyrinth,14,OPERATING,STANDBY,5,,,queue-times.com
2026-08-05T10:15:48Z,2026-08-05,12,15,Disneyland Park,Blanche-Neige et les Sept Nains®,15,OPERATING,STANDBY,15,,,queue-times.com
2026-08-05T10:15:48Z,2026-08-05,12,15,Disneyland Park,Casey Jr. – le Petit Train du Cirque,17,OPERATING,STANDBY,15,,,queue-times.com
2026-08-05T10:15:48Z,2026-08-05,12,15,Disneyland Park,Disneyland Railroad Fantasyland Station,2711,CLOSED,STANDBY,0,,,queue-times.com
2026-08-05T10:15:48Z,2026-08-05,12,15,Disneyland Park,Disneyland Railroad Main Street Station,11,OPERATING,STANDBY,20,,,queue-times.com
2026-08-05T10:15:48Z,2026-08-05,12,15,Disneyland Park,Dumbo the Flying Elephant,18,OPERATING,STANDBY,35,,,queue-times.com
2026-08-05T10:15:48Z,2026-08-05,12,15,Disneyland Park,La Tanière du Dragon,2710,OPERATING,STANDBY,0,,,queue-times.com
2026-08-05T10:15:48Z,2026-08-05,12,15,Disneyland Park,Le Carrousel de Lancelot,16,OPERATING,STANDBY,5,,,queue-times.com
2026-08-05T10:15:48Z,2026-08-05,12,15,Disneyland Park,"Le Pays des Contes de Fées, presented by Vittel",21,OPERATING,STANDBY,5,,,queue-times.com
2026-08-05T10:15:48Z,2026-08-05,12,15,Disneyland Park,Les Voyages de Pinocchio,23,OPERATING,STANDBY,15,,,queue-times.com
2026-08-05T10:15:48Z,2026-08-05,12,15,Disneyland Park,Mad Hatter's Tea Cups,20,OPERATING,STANDBY,10,,,queue-times.com
2026-08-05T10:15:48Z,2026-08-05,12,15,Disneyland Park,Meet Mickey Mouse,13,OPERATING,STANDBY,0,,,queue-times.com
2026-08-05T10:15:48Z,2026-08-05,12,15,Disneyland Park,Peter Pan's Flight,22,OPERATING,STANDBY,70,,,queue-times.com
2026-08-05T10:15:48Z,2026-08-05,12,15,Disneyland Park,Princess Pavilion,24,OPERATING,STANDBY,0,,,queue-times.com
2026-08-05T10:15:48Z,2026-08-05,12,15,Disneyland Park,Big Thunder Mountain,25,OPERATING,STANDBY,100,,,queue-times.com
2026-08-05T10:15:48Z,2026-08-05,12,15,Disneyland Park,Disneyland Railroad Frontierland Depot,2714,OPERATING,STANDBY,10,,,queue-times.com
2026-08-05T10:15:48Z,2026-08-05,12,15,Disneyland Park,Frontierland Playground,2713,OPERATING,STANDBY,0,,,queue-times.com
2026-08-05T10:15:48Z,2026-08-05,12,15,Disneyland Park,Phantom Manor,26,OPERATING,STANDBY,15,,,queue-times.com
2026-08-05T10:15:48Z,2026-08-05,12,15,Disneyland Park,River Rogue Keelboats,27,CLOSED,STANDBY,0,,,queue-times.com
2026-08-05T10:15:48Z,2026-08-05,12,15,Disneyland Park,Rustler Roundup Shootin' Gallery,2712,OPERATING,STANDBY,0,,,queue-times.com
2026-08-05T10:15:48Z,2026-08-05,12,15,Disneyland Park,Thunder Mesa Riverboat Landing,28,OPERATING,STANDBY,20,,,queue-times.com
2026-08-05T10:15:48Z,2026-08-05,12,15,Disneyland Park,Disneyland Railroad Main Street Station,2708,OPERATING,STANDBY,0,,,queue-times.com
2026-08-05T10:15:48Z,2026-08-05,12,15,Disneyland Park,Main Street Vehicles,12,CLOSED,STANDBY,0,,,queue-times.com
2026-08-05T10:15:48Z,2026-08-05,12,15,Disney Adventure World,Avengers Assemble: Flight Force,10848,OPERATING,STANDBY,20,,,queue-times.com
2026-08-05T10:15:48Z,2026-08-05,12,15,Disney Adventure World,Avengers Assemble: Flight Force Single Rider,10849,OPERATING,STANDBY,10,,,queue-times.com
2026-08-05T10:15:48Z,2026-08-05,12,15,Disney Adventure World,Spider-Man W.E.B. Adventure,10845,OPERATING,STANDBY,65,,,queue-times.com
2026-08-05T10:15:48Z,2026-08-05,12,15,Disney Adventure World,Spider-Man W.E.B. Adventure Single Rider,10846,OPERATING,STANDBY,25,,,queue-times.com
2026-08-05T10:15:48Z,2026-08-05,12,15,Disney Adventure World,The Twilight Zone Tower of Terror,40,OPERATING,STANDBY,35,,,queue-times.com
2026-08-05T10:15:48Z,2026-08-05,12,15,Disney Adventure World,Cars Quatre Roues Rallye,31,OPERATING,STANDBY,15,,,queue-times.com
2026-08-05T10:15:48Z,2026-08-05,12,15,Disney Adventure World,Cars ROAD TRIP,29,OPERATING,STANDBY,20,,,queue-times.com
2026-08-05T10:15:48Z,2026-08-05,12,15,Disney Adventure World,Crush's Coaster,32,OPERATING,STANDBY,80,,,queue-times.com
2026-08-05T10:15:48Z,2026-08-05,12,15,Disney Adventure World,Crush's Coaster Single Rider,7277,OPERATING,STANDBY,55,,,queue-times.com
2026-08-05T10:15:48Z,2026-08-05,12,15,Disney Adventure World,Les Tapis Volants - Flying Carpets Over Agrabah®,33,OPERATING,STANDBY,20,,,queue-times.com
2026-08-05T10:15:48Z,2026-08-05,12,15,Disney Adventure World,Ratatouille : L’Aventure Totalement Toquée de Rémy​,37,OPERATING,STANDBY,60,,,queue-times.com
2026-08-05T10:15:48Z,2026-08-05,12,15,Disney Adventure World,Ratatouille: The Adventure Single Rider,7279,OPERATING,STANDBY,20,,,queue-times.com
2026-08-05T10:15:48Z,2026-08-05,12,15,Disney Adventure World,RC Racer,34,OPERATING,STANDBY,45,,,queue-times.com
2026-08-05T10:15:48Z,2026-08-05,12,15,Disney Adventure World,RC Racer Single Rider,7280,OPERATING,STANDBY,40,,,queue-times.com
2026-08-05T10:15:48Z,2026-08-05,12,15,Disney Adventure World,Slinky® Dog Zigzag Spin,36,OPERATING,STANDBY,25,,,queue-times.com
2026-08-05T10:15:48Z,2026-08-05,12,15,Disney Adventure World,Toy Soldiers Parachute Drop,35,OPERATING,STANDBY,55,,,queue-times.com
2026-08-05T10:15:48Z,2026-08-05,12,15,Disney Adventure World,Toy Soldiers Parachute Drop Single Rider,7281,OPERATING,STANDBY,35,,,queue-times.com
2026-08-05T10:15:48Z,2026-08-05,12,15,Disney Adventure World,Entry to World of Frozen,16247,OPERATING,STANDBY,0,,,queue-times.com
2026-08-05T10:15:48Z,2026-08-05,12,15,Disney Adventure World,Frozen Ever After,15413,OPERATING,STANDBY,75,,,queue-times.com
2026-08-05T10:15:48Z,2026-08-05,12,15,Disney Adventure World,Raiponce Tangled Spin,15415,OPERATING,STANDBY,15,,,queue-times.com
2026-08-05T10:31:08Z,2026-08-05,12,31,Disneyland Park,Adventure Isle,2702,OPERATING,STANDBY,0,,,queue-times.com
2026-08-05T10:31:08Z,2026-08-05,12,31,Disneyland Park,Indiana Jones and the Temple of Peril Single Rider,7306,OPERATING,STANDBY,15,,,queue-times.com
2026-08-05T10:31:08Z,2026-08-05,12,31,Disneyland Park,Indiana Jones™ and the Temple of Peril,2,OPERATING,STANDBY,30,,,queue-times.com
2026-08-05T10:31:08Z,2026-08-05,12,31,Disneyland Park,La Cabane des Robinson,1,OPERATING,STANDBY,5,,,queue-times.com
2026-08-05T10:31:08Z,2026-08-05,12,31,Disneyland Park,Le Passage Enchanté d'Aladdin,2703,OPERATING,STANDBY,0,,,queue-times.com
2026-08-05T10:31:08Z,2026-08-05,12,31,Disneyland Park,Pirate Galleon,2705,CLOSED,STANDBY,0,,,queue-times.com
2026-08-05T10:31:08Z,2026-08-05,12,31,Disneyland Park,Pirates of the Caribbean,3,OPERATING,STANDBY,30,,,queue-times.com
2026-08-05T10:31:08Z,2026-08-05,12,31,Disneyland Park,Pirates' Beach,2704,OPERATING,STANDBY,0,,,queue-times.com
2026-08-05T10:31:08Z,2026-08-05,12,31,Disneyland Park,"Autopia, presented by Avis",4,OPERATING,STANDBY,45,,,queue-times.com
2026-08-05T10:31:08Z,2026-08-05,12,31,Disneyland Park,Buzz Lightyear Laser Blast,5,OPERATING,STANDBY,60,,,queue-times.com
2026-08-05T10:31:08Z,2026-08-05,12,31,Disneyland Park,Disneyland Railroad Discoveryland Station,2706,CLOSED,STANDBY,0,,,queue-times.com
2026-08-05T10:31:08Z,2026-08-05,12,31,Disneyland Park,Les Mystères du Nautilus,6,OPERATING,STANDBY,5,,,queue-times.com
2026-08-05T10:31:08Z,2026-08-05,12,31,Disneyland Park,Mickey’s PhilharMagic,2707,OPERATING,STANDBY,0,,,queue-times.com
2026-08-05T10:31:08Z,2026-08-05,12,31,Disneyland Park,Orbitron®,7,OPERATING,STANDBY,55,,,queue-times.com
2026-08-05T10:31:08Z,2026-08-05,12,31,Disneyland Park,Star Tours: The Adventures Continue*,9,OPERATING,STANDBY,25,,,queue-times.com
2026-08-05T10:31:08Z,2026-08-05,12,31,Disneyland Park,Star Wars Hyperspace Mountain,8,OPERATING,STANDBY,55,,,queue-times.com
2026-08-05T10:31:08Z,2026-08-05,12,31,Disneyland Park,Star Wars Hyperspace Mountain Single Rider,7278,OPERATING,STANDBY,30,,,queue-times.com
2026-08-05T10:31:08Z,2026-08-05,12,31,Disneyland Park,Welcome to Starport: A Star Wars Encounter,4573,OPERATING,STANDBY,30,,,queue-times.com
2026-08-05T10:31:08Z,2026-08-05,12,31,Disneyland Park,"""it's a small world""",19,OPERATING,STANDBY,30,,,queue-times.com
2026-08-05T10:31:08Z,2026-08-05,12,31,Disneyland Park,Alice's Curious Labyrinth,14,OPERATING,STANDBY,5,,,queue-times.com
2026-08-05T10:31:08Z,2026-08-05,12,31,Disneyland Park,Blanche-Neige et les Sept Nains®,15,OPERATING,STANDBY,25,,,queue-times.com
2026-08-05T10:31:08Z,2026-08-05,12,31,Disneyland Park,Casey Jr. – le Petit Train du Cirque,17,OPERATING,STANDBY,10,,,queue-times.com
2026-08-05T10:31:08Z,2026-08-05,12,31,Disneyland Park,Disneyland Railroad Fantasyland Station,2711,CLOSED,STANDBY,0,,,queue-times.com
2026-08-05T10:31:08Z,2026-08-05,12,31,Disneyland Park,Disneyland Railroad Main Street Station,11,OPERATING,STANDBY,45,,,queue-times.com
2026-08-05T10:31:08Z,2026-08-05,12,31,Disneyland Park,Dumbo the Flying Elephant,18,OPERATING,STANDBY,35,,,queue-times.com
2026-08-05T10:31:08Z,2026-08-05,12,31,Disneyland Park,La Tanière du Dragon,2710,OPERATING,STANDBY,0,,,queue-times.com
2026-08-05T10:31:08Z,2026-08-05,12,31,Disneyland Park,Le Carrousel de Lancelot,16,OPERATING,STANDBY,10,,,queue-times.com
2026-08-05T10:31:08Z,2026-08-05,12,31,Disneyland Park,"Le Pays des Contes de Fées, presented by Vittel",21,OPERATING,STANDBY,5,,,queue-times.com
2026-08-05T10:31:08Z,2026-08-05,12,31,Disneyland Park,Les Voyages de Pinocchio,23,OPERATING,STANDBY,15,,,queue-times.com
2026-08-05T10:31:08Z,2026-08-05,12,31,Disneyland Park,Mad Hatter's Tea Cups,20,OPERATING,STANDBY,10,,,queue-times.com
2026-08-05T10:31:08Z,2026-08-05,12,31,Disneyland Park,Meet Mickey Mouse,13,OPERATING,STANDBY,0,,,queue-times.com
2026-08-05T10:31:08Z,2026-08-05,12,31,Disneyland Park,Peter Pan's Flight,22,OPERATING,STANDBY,80,,,queue-times.com
2026-08-05T10:31:08Z,2026-08-05,12,31,Disneyland Park,Princess Pavilion,24,OPERATING,STANDBY,0,,,queue-times.com
2026-08-05T10:31:08Z,2026-08-05,12,31,Disneyland Park,Big Thunder Mountain,25,OPERATING,STANDBY,85,,,queue-times.com
2026-08-05T10:31:08Z,2026-08-05,12,31,Disneyland Park,Disneyland Railroad Frontierland Depot,2714,OPERATING,STANDBY,10,,,queue-times.com
2026-08-05T10:31:08Z,2026-08-05,12,31,Disneyland Park,Frontierland Playground,2713,OPERATING,STANDBY,0,,,queue-times.com
2026-08-05T10:31:08Z,2026-08-05,12,31,Disneyland Park,Phantom Manor,26,OPERATING,STANDBY,20,,,queue-times.com
2026-08-05T10:31:08Z,2026-08-05,12,31,Disneyland Park,River Rogue Keelboats,27,CLOSED,STANDBY,0,,,queue-times.com
2026-08-05T10:31:08Z,2026-08-05,12,31,Disneyland Park,Rustler Roundup Shootin' Gallery,2712,OPERATING,STANDBY,0,,,queue-times.com
2026-08-05T10:31:08Z,2026-08-05,12,31,Disneyland Park,Thunder Mesa Riverboat Landing,28,OPERATING,STANDBY,20,,,queue-times.com
2026-08-05T10:31:08Z,2026-08-05,12,31,Disneyland Park,Disneyland Railroad Main Street Station,2708,OPERATING,STANDBY,0,,,queue-times.com
2026-08-05T10:31:08Z,2026-08-05,12,31,Disneyland Park,Main Street Vehicles,12,OPERATING,STANDBY,5,,,queue-times.com
2026-08-05T10:31:08Z,2026-08-05,12,31,Disney Adventure World,Avengers Assemble: Flight Force,10848,OPERATING,STANDBY,30,,,queue-times.com
2026-08-05T10:31:08Z,2026-08-05,12,31,Disney Adventure World,Avengers Assemble: Flight Force Single Rider,10849,OPERATING,STANDBY,25,,,queue-times.com
2026-08-05T10:31:08Z,2026-08-05,12,31,Disney Adventure World,Spider-Man W.E.B. Adventure,10845,OPERATING,STANDBY,45,,,queue-times.com
2026-08-05T10:31:08Z,2026-08-05,12,31,Disney Adventure World,Spider-Man W.E.B. Adventure Single Rider,10846,OPERATING,STANDBY,25,,,queue-times.com
2026-08-05T10:31:08Z,2026-08-05,12,31,Disney Adventure World,The Twilight Zone Tower of Terror,40,OPERATING,STANDBY,30,,,queue-times.com
2026-08-05T10:31:08Z,2026-08-05,12,31,Disney Adventure World,Cars Quatre Roues Rallye,31,OPERATING,STANDBY,20,,,queue-times.com
2026-08-05T10:31:08Z,2026-08-05,12,31,Disney Adventure World,Cars ROAD TRIP,29,OPERATING,STANDBY,20,,,queue-times.com
2026-08-05T10:31:08Z,2026-08-05,12,31,Disney Adventure World,Crush's Coaster,32,OPERATING,STANDBY,80,,,queue-times.com
2026-08-05T10:31:08Z,2026-08-05,12,31,Disney Adventure World,Crush's Coaster Single Rider,7277,OPERATING,STANDBY,60,,,queue-times.com
2026-08-05T10:31:08Z,2026-08-05,12,31,Disney Adventure World,Les Tapis Volants - Flying Carpets Over Agrabah®,33,OPERATING,STANDBY,20,,,queue-times.com
2026-08-05T10:31:08Z,2026-08-05,12,31,Disney Adventure World,Ratatouille : L’Aventure Totalement Toquée de Rémy​,37,OPERATING,STANDBY,60,,,queue-times.com
2026-08-05T10:31:08Z,2026-08-05,12,31,Disney Adventure World,Ratatouille: The Adventure Single Rider,7279,OPERATING,STANDBY,35,,,queue-times.com
2026-08-05T10:31:08Z,2026-08-05,12,31,Disney Adventure World,RC Racer,34,OPERATING,STANDBY,40,,,queue-times.com
2026-08-05T10:31:08Z,2026-08-05,12,31,Disney Adventure World,RC Racer Single Rider,7280,OPERATING,STANDBY,35,,,queue-times.com
2026-08-05T10:31:08Z,2026-08-05,12,31,Disney Adventure World,Slinky® Dog Zigzag Spin,36,OPERATING,STANDBY,25,,,queue-times.com
2026-08-05T10:31:08Z,2026-08-05,12,31,Disney Adventure World,Toy Soldiers Parachute Drop,35,OPERATING,STANDBY,50,,,queue-times.com
2026-08-05T10:31:08Z,2026-08-05,12,31,Disney Adventure World,Toy Soldiers Parachute Drop Single Rider,7281,OPERATING,STANDBY,15,,,queue-times.com
2026-08-05T10:31:08Z,2026-08-05,12,31,Disney Adventure World,Entry to World of Frozen,16247,OPERATING,STANDBY,0,,,queue-times.com
2026-08-05T10:31:08Z,2026-08-05,12,31,Disney Adventure World,Frozen Ever After,15413,OPERATING,STANDBY,75,,,queue-times.com
2026-08-05T10:31:08Z,2026-08-05,12,31,Disney Adventure World,Raiponce Tangled Spin,15415,OPERATING,STANDBY,15,,,queue-times.com
2026-08-05T10:45:48Z,2026-08-05,12,45,Disneyland Park,Adventure Isle,2702,OPERATING,STANDBY,0,,,queue-times.com
2026-08-05T10:45:48Z,2026-08-05,12,45,Disneyland Park,Indiana Jones and the Temple of Peril Single Rider,7306,OPERATING,STANDBY,15,,,queue-times.com
2026-08-05T10:45:48Z,2026-08-05,12,45,Disneyland Park,Indiana Jones™ and the Temple of Peril,2,OPERATING,STANDBY,45,,,queue-times.com
2026-08-05T10:45:48Z,2026-08-05,12,45,Disneyland Park,La Cabane des Robinson,1,OPERATING,STANDBY,5,,,queue-times.com
2026-08-05T10:45:48Z,2026-08-05,12,45,Disneyland Park,Le Passage Enchanté d'Aladdin,2703,OPERATING,STANDBY,0,,,queue-times.com
2026-08-05T10:45:48Z,2026-08-05,12,45,Disneyland Park,Pirate Galleon,2705,CLOSED,STANDBY,0,,,queue-times.com
2026-08-05T10:45:48Z,2026-08-05,12,45,Disneyland Park,Pirates of the Caribbean,3,OPERATING,STANDBY,35,,,queue-times.com
2026-08-05T10:45:48Z,2026-08-05,12,45,Disneyland Park,Pirates' Beach,2704,OPERATING,STANDBY,0,,,queue-times.com
2026-08-05T10:45:48Z,2026-08-05,12,45,Disneyland Park,"Autopia, presented by Avis",4,OPERATING,STANDBY,30,,,queue-times.com
2026-08-05T10:45:48Z,2026-08-05,12,45,Disneyland Park,Buzz Lightyear Laser Blast,5,OPERATING,STANDBY,60,,,queue-times.com
2026-08-05T10:45:48Z,2026-08-05,12,45,Disneyland Park,Disneyland Railroad Discoveryland Station,2706,CLOSED,STANDBY,0,,,queue-times.com
2026-08-05T10:45:48Z,2026-08-05,12,45,Disneyland Park,Les Mystères du Nautilus,6,OPERATING,STANDBY,5,,,queue-times.com
2026-08-05T10:45:48Z,2026-08-05,12,45,Disneyland Park,Mickey’s PhilharMagic,2707,OPERATING,STANDBY,0,,,queue-times.com
2026-08-05T10:45:48Z,2026-08-05,12,45,Disneyland Park,Orbitron®,7,OPERATING,STANDBY,60,,,queue-times.com
2026-08-05T10:45:48Z,2026-08-05,12,45,Disneyland Park,Star Tours: The Adventures Continue*,9,OPERATING,STANDBY,25,,,queue-times.com
2026-08-05T10:45:48Z,2026-08-05,12,45,Disneyland Park,Star Wars Hyperspace Mountain,8,OPERATING,STANDBY,40,,,queue-times.com
2026-08-05T10:45:48Z,2026-08-05,12,45,Disneyland Park,Star Wars Hyperspace Mountain Single Rider,7278,OPERATING,STANDBY,25,,,queue-times.com
2026-08-05T10:45:48Z,2026-08-05,12,45,Disneyland Park,Welcome to Starport: A Star Wars Encounter,4573,OPERATING,STANDBY,30,,,queue-times.com
2026-08-05T10:45:48Z,2026-08-05,12,45,Disneyland Park,"""it's a small world""",19,OPERATING,STANDBY,30,,,queue-times.com
2026-08-05T10:45:48Z,2026-08-05,12,45,Disneyland Park,Alice's Curious Labyrinth,14,OPERATING,STANDBY,5,,,queue-times.com
2026-08-05T10:45:48Z,2026-08-05,12,45,Disneyland Park,Blanche-Neige et les Sept Nains®,15,OPERATING,STANDBY,35,,,queue-times.com
2026-08-05T10:45:48Z,2026-08-05,12,45,Disneyland Park,Casey Jr. – le Petit Train du Cirque,17,OPERATING,STANDBY,15,,,queue-times.com
2026-08-05T10:45:48Z,2026-08-05,12,45,Disneyland Park,Disneyland Railroad Fantasyland Station,2711,CLOSED,STANDBY,0,,,queue-times.com
2026-08-05T10:45:48Z,2026-08-05,12,45,Disneyland Park,Disneyland Railroad Main Street Station,11,OPERATING,STANDBY,45,,,queue-times.com
2026-08-05T10:45:48Z,2026-08-05,12,45,Disneyland Park,Dumbo the Flying Elephant,18,OPERATING,STANDBY,35,,,queue-times.com
2026-08-05T10:45:48Z,2026-08-05,12,45,Disneyland Park,La Tanière du Dragon,2710,OPERATING,STANDBY,0,,,queue-times.com
2026-08-05T10:45:48Z,2026-08-05,12,45,Disneyland Park,Le Carrousel de Lancelot,16,OPERATING,STANDBY,10,,,queue-times.com
2026-08-05T10:45:48Z,2026-08-05,12,45,Disneyland Park,"Le Pays des Contes de Fées, presented by Vittel",21,OPERATING,STANDBY,10,,,queue-times.com
2026-08-05T10:45:48Z,2026-08-05,12,45,Disneyland Park,Les Voyages de Pinocchio,23,OPERATING,STANDBY,20,,,queue-times.com
2026-08-05T10:45:48Z,2026-08-05,12,45,Disneyland Park,Mad Hatter's Tea Cups,20,OPERATING,STANDBY,10,,,queue-times.com
2026-08-05T10:45:48Z,2026-08-05,12,45,Disneyland Park,Meet Mickey Mouse,13,OPERATING,STANDBY,0,,,queue-times.com
2026-08-05T10:45:48Z,2026-08-05,12,45,Disneyland Park,Peter Pan's Flight,22,OPERATING,STANDBY,80,,,queue-times.com
2026-08-05T10:45:48Z,2026-08-05,12,45,Disneyland Park,Princess Pavilion,24,OPERATING,STANDBY,0,,,queue-times.com
2026-08-05T10:45:48Z,2026-08-05,12,45,Disneyland Park,Big Thunder Mountain,25,OPERATING,STANDBY,100,,,queue-times.com
2026-08-05T10:45:48Z,2026-08-05,12,45,Disneyland Park,Disneyland Railroad Frontierland Depot,2714,OPERATING,STANDBY,45,,,queue-times.com
2026-08-05T10:45:48Z,2026-08-05,12,45,Disneyland Park,Frontierland Playground,2713,OPERATING,STANDBY,0,,,queue-times.com
2026-08-05T10:45:48Z,2026-08-05,12,45,Disneyland Park,Phantom Manor,26,OPERATING,STANDBY,25,,,queue-times.com
2026-08-05T10:45:48Z,2026-08-05,12,45,Disneyland Park,River Rogue Keelboats,27,CLOSED,STANDBY,0,,,queue-times.com
2026-08-05T10:45:48Z,2026-08-05,12,45,Disneyland Park,Rustler Roundup Shootin' Gallery,2712,OPERATING,STANDBY,0,,,queue-times.com
2026-08-05T10:45:48Z,2026-08-05,12,45,Disneyland Park,Thunder Mesa Riverboat Landing,28,OPERATING,STANDBY,20,,,queue-times.com
2026-08-05T10:45:48Z,2026-08-05,12,45,Disneyland Park,Disneyland Railroad Main Street Station,2708,OPERATING,STANDBY,0,,,queue-times.com
2026-08-05T10:45:48Z,2026-08-05,12,45,Disneyland Park,Main Street Vehicles,12,OPERATING,STANDBY,5,,,queue-times.com
2026-08-05T10:45:48Z,2026-08-05,12,45,Disney Adventure World,Avengers Assemble: Flight Force,10848,OPERATING,STANDBY,35,,,queue-times.com
2026-08-05T10:45:48Z,2026-08-05,12,45,Disney Adventure World,Avengers Assemble: Flight Force Single Rider,10849,OPERATING,STANDBY,25,,,queue-times.com
2026-08-05T10:45:48Z,2026-08-05,12,45,Disney Adventure World,Spider-Man W.E.B. Adventure,10845,CLOSED,STANDBY,0,,,queue-times.com
2026-08-05T10:45:48Z,2026-08-05,12,45,Disney Adventure World,Spider-Man W.E.B. Adventure Single Rider,10846,CLOSED,STANDBY,0,,,queue-times.com
2026-08-05T10:45:48Z,2026-08-05,12,45,Disney Adventure World,The Twilight Zone Tower of Terror,40,OPERATING,STANDBY,30,,,queue-times.com
2026-08-05T10:45:48Z,2026-08-05,12,45,Disney Adventure World,Cars Quatre Roues Rallye,31,OPERATING,STANDBY,20,,,queue-times.com
2026-08-05T10:45:48Z,2026-08-05,12,45,Disney Adventure World,Cars ROAD TRIP,29,OPERATING,STANDBY,20,,,queue-times.com
2026-08-05T10:45:48Z,2026-08-05,12,45,Disney Adventure World,Crush's Coaster,32,OPERATING,STANDBY,75,,,queue-times.com
2026-08-05T10:45:48Z,2026-08-05,12,45,Disney Adventure World,Crush's Coaster Single Rider,7277,OPERATING,STANDBY,60,,,queue-times.com
2026-08-05T10:45:48Z,2026-08-05,12,45,Disney Adventure World,Les Tapis Volants - Flying Carpets Over Agrabah®,33,OPERATING,STANDBY,15,,,queue-times.com
2026-08-05T10:45:48Z,2026-08-05,12,45,Disney Adventure World,Ratatouille : L’Aventure Totalement Toquée de Rémy​,37,OPERATING,STANDBY,70,,,queue-times.com
2026-08-05T10:45:48Z,2026-08-05,12,45,Disney Adventure World,Ratatouille: The Adventure Single Rider,7279,OPERATING,STANDBY,20,,,queue-times.com
2026-08-05T10:45:48Z,2026-08-05,12,45,Disney Adventure World,RC Racer,34,OPERATING,STANDBY,40,,,queue-times.com
2026-08-05T10:45:48Z,2026-08-05,12,45,Disney Adventure World,RC Racer Single Rider,7280,OPERATING,STANDBY,35,,,queue-times.com
2026-08-05T10:45:48Z,2026-08-05,12,45,Disney Adventure World,Slinky® Dog Zigzag Spin,36,OPERATING,STANDBY,25,,,queue-times.com
2026-08-05T10:45:48Z,2026-08-05,12,45,Disney Adventure World,Toy Soldiers Parachute Drop,35,OPERATING,STANDBY,50,,,queue-times.com
2026-08-05T10:45:48Z,2026-08-05,12,45,Disney Adventure World,Toy Soldiers Parachute Drop Single Rider,7281,OPERATING,STANDBY,15,,,queue-times.com
2026-08-05T10:45:48Z,2026-08-05,12,45,Disney Adventure World,Entry to World of Frozen,16247,OPERATING,STANDBY,0,,,queue-times.com
2026-08-05T10:45:48Z,2026-08-05,12,45,Disney Adventure World,Frozen Ever After,15413,OPERATING,STANDBY,75,,,queue-times.com
2026-08-05T10:45:48Z,2026-08-05,12,45,Disney Adventure World,Raiponce Tangled Spin,15415,OPERATING,STANDBY,10,,,queue-times.com
2026-08-05T11:01:15Z,2026-08-05,13,1,Disneyland Park,Adventure Isle,2702,OPERATING,STANDBY,0,,,queue-times.com
2026-08-05T11:01:15Z,2026-08-05,13,1,Disneyland Park,Indiana Jones and the Temple of Peril Single Rider,7306,OPERATING,STANDBY,25,,,queue-times.com
2026-08-05T11:01:15Z,2026-08-05,13,1,Disneyland Park,Indiana Jones™ and the Temple of Peril,2,OPERATING,STANDBY,40,,,queue-times.com
2026-08-05T11:01:15Z,2026-08-05,13,1,Disneyland Park,La Cabane des Robinson,1,OPERATING,STANDBY,5,,,queue-times.com
2026-08-05T11:01:15Z,2026-08-05,13,1,Disneyland Park,Le Passage Enchanté d'Aladdin,2703,OPERATING,STANDBY,0,,,queue-times.com
2026-08-05T11:01:15Z,2026-08-05,13,1,Disneyland Park,Pirate Galleon,2705,CLOSED,STANDBY,0,,,queue-times.com
2026-08-05T11:01:15Z,2026-08-05,13,1,Disneyland Park,Pirates of the Caribbean,3,OPERATING,STANDBY,30,,,queue-times.com
2026-08-05T11:01:15Z,2026-08-05,13,1,Disneyland Park,Pirates' Beach,2704,OPERATING,STANDBY,0,,,queue-times.com
2026-08-05T11:01:15Z,2026-08-05,13,1,Disneyland Park,"Autopia, presented by Avis",4,OPERATING,STANDBY,35,,,queue-times.com
2026-08-05T11:01:15Z,2026-08-05,13,1,Disneyland Park,Buzz Lightyear Laser Blast,5,OPERATING,STANDBY,75,,,queue-times.com
2026-08-05T11:01:15Z,2026-08-05,13,1,Disneyland Park,Disneyland Railroad Discoveryland Station,2706,CLOSED,STANDBY,0,,,queue-times.com
2026-08-05T11:01:15Z,2026-08-05,13,1,Disneyland Park,Les Mystères du Nautilus,6,OPERATING,STANDBY,5,,,queue-times.com
2026-08-05T11:01:15Z,2026-08-05,13,1,Disneyland Park,Mickey’s PhilharMagic,2707,OPERATING,STANDBY,0,,,queue-times.com
2026-08-05T11:01:15Z,2026-08-05,13,1,Disneyland Park,Orbitron®,7,OPERATING,STANDBY,60,,,queue-times.com
2026-08-05T11:01:15Z,2026-08-05,13,1,Disneyland Park,Star Tours: The Adventures Continue*,9,OPERATING,STANDBY,25,,,queue-times.com
2026-08-05T11:01:15Z,2026-08-05,13,1,Disneyland Park,Star Wars Hyperspace Mountain,8,OPERATING,STANDBY,50,,,queue-times.com
2026-08-05T11:01:15Z,2026-08-05,13,1,Disneyland Park,Star Wars Hyperspace Mountain Single Rider,7278,OPERATING,STANDBY,25,,,queue-times.com
2026-08-05T11:01:15Z,2026-08-05,13,1,Disneyland Park,Welcome to Starport: A Star Wars Encounter,4573,OPERATING,STANDBY,30,,,queue-times.com
2026-08-05T11:01:15Z,2026-08-05,13,1,Disneyland Park,"""it's a small world""",19,OPERATING,STANDBY,25,,,queue-times.com
2026-08-05T11:01:15Z,2026-08-05,13,1,Disneyland Park,Alice's Curious Labyrinth,14,OPERATING,STANDBY,5,,,queue-times.com
2026-08-05T11:01:15Z,2026-08-05,13,1,Disneyland Park,Blanche-Neige et les Sept Nains®,15,OPERATING,STANDBY,35,,,queue-times.com
2026-08-05T11:01:15Z,2026-08-05,13,1,Disneyland Park,Casey Jr. – le Petit Train du Cirque,17,OPERATING,STANDBY,15,,,queue-times.com
2026-08-05T11:01:15Z,2026-08-05,13,1,Disneyland Park,Disneyland Railroad Fantasyland Station,2711,CLOSED,STANDBY,0,,,queue-times.com
2026-08-05T11:01:15Z,2026-08-05,13,1,Disneyland Park,Disneyland Railroad Main Street Station,11,OPERATING,STANDBY,45,,,queue-times.com
2026-08-05T11:01:15Z,2026-08-05,13,1,Disneyland Park,Dumbo the Flying Elephant,18,OPERATING,STANDBY,35,,,queue-times.com
2026-08-05T11:01:15Z,2026-08-05,13,1,Disneyland Park,La Tanière du Dragon,2710,OPERATING,STANDBY,0,,,queue-times.com
2026-08-05T11:01:15Z,2026-08-05,13,1,Disneyland Park,Le Carrousel de Lancelot,16,OPERATING,STANDBY,10,,,queue-times.com
2026-08-05T11:01:15Z,2026-08-05,13,1,Disneyland Park,"Le Pays des Contes de Fées, presented by Vittel",21,OPERATING,STANDBY,10,,,queue-times.com
2026-08-05T11:01:15Z,2026-08-05,13,1,Disneyland Park,Les Voyages de Pinocchio,23,OPERATING,STANDBY,25,,,queue-times.com
2026-08-05T11:01:15Z,2026-08-05,13,1,Disneyland Park,Mad Hatter's Tea Cups,20,OPERATING,STANDBY,15,,,queue-times.com
2026-08-05T11:01:15Z,2026-08-05,13,1,Disneyland Park,Meet Mickey Mouse,13,OPERATING,STANDBY,0,,,queue-times.com
2026-08-05T11:01:15Z,2026-08-05,13,1,Disneyland Park,Peter Pan's Flight,22,OPERATING,STANDBY,80,,,queue-times.com
2026-08-05T11:01:15Z,2026-08-05,13,1,Disneyland Park,Princess Pavilion,24,OPERATING,STANDBY,0,,,queue-times.com
2026-08-05T11:01:15Z,2026-08-05,13,1,Disneyland Park,Big Thunder Mountain,25,OPERATING,STANDBY,100,,,queue-times.com
2026-08-05T11:01:15Z,2026-08-05,13,1,Disneyland Park,Disneyland Railroad Frontierland Depot,2714,OPERATING,STANDBY,25,,,queue-times.com
2026-08-05T11:01:15Z,2026-08-05,13,1,Disneyland Park,Frontierland Playground,2713,OPERATING,STANDBY,0,,,queue-times.com
2026-08-05T11:01:15Z,2026-08-05,13,1,Disneyland Park,Phantom Manor,26,OPERATING,STANDBY,25,,,queue-times.com
2026-08-05T11:01:15Z,2026-08-05,13,1,Disneyland Park,River Rogue Keelboats,27,CLOSED,STANDBY,0,,,queue-times.com
2026-08-05T11:01:15Z,2026-08-05,13,1,Disneyland Park,Rustler Roundup Shootin' Gallery,2712,OPERATING,STANDBY,0,,,queue-times.com
2026-08-05T11:01:15Z,2026-08-05,13,1,Disneyland Park,Thunder Mesa Riverboat Landing,28,OPERATING,STANDBY,20,,,queue-times.com
2026-08-05T11:01:15Z,2026-08-05,13,1,Disneyland Park,Disneyland Railroad Main Street Station,2708,OPERATING,STANDBY,0,,,queue-times.com
2026-08-05T11:01:15Z,2026-08-05,13,1,Disneyland Park,Main Street Vehicles,12,CLOSED,STANDBY,0,,,queue-times.com
2026-08-05T11:01:15Z,2026-08-05,13,1,Disney Adventure World,Avengers Assemble: Flight Force,10848,OPERATING,STANDBY,35,,,queue-times.com
2026-08-05T11:01:15Z,2026-08-05,13,1,Disney Adventure World,Avengers Assemble: Flight Force Single Rider,10849,OPERATING,STANDBY,20,,,queue-times.com
2026-08-05T11:01:15Z,2026-08-05,13,1,Disney Adventure World,Spider-Man W.E.B. Adventure,10845,OPERATING,STANDBY,60,,,queue-times.com
2026-08-05T11:01:15Z,2026-08-05,13,1,Disney Adventure World,Spider-Man W.E.B. Adventure Single Rider,10846,OPERATING,STANDBY,25,,,queue-times.com
2026-08-05T11:01:15Z,2026-08-05,13,1,Disney Adventure World,The Twilight Zone Tower of Terror,40,OPERATING,STANDBY,30,,,queue-times.com
2026-08-05T11:01:15Z,2026-08-05,13,1,Disney Adventure World,Cars Quatre Roues Rallye,31,OPERATING,STANDBY,20,,,queue-times.com
2026-08-05T11:01:15Z,2026-08-05,13,1,Disney Adventure World,Cars ROAD TRIP,29,OPERATING,STANDBY,20,,,queue-times.com
2026-08-05T11:01:15Z,2026-08-05,13,1,Disney Adventure World,Crush's Coaster,32,OPERATING,STANDBY,75,,,queue-times.com
2026-08-05T11:01:15Z,2026-08-05,13,1,Disney Adventure World,Crush's Coaster Single Rider,7277,OPERATING,STANDBY,60,,,queue-times.com
2026-08-05T11:01:15Z,2026-08-05,13,1,Disney Adventure World,Les Tapis Volants - Flying Carpets Over Agrabah®,33,OPERATING,STANDBY,15,,,queue-times.com
2026-08-05T11:01:15Z,2026-08-05,13,1,Disney Adventure World,Ratatouille : L’Aventure Totalement Toquée de Rémy​,37,OPERATING,STANDBY,65,,,queue-times.com
2026-08-05T11:01:15Z,2026-08-05,13,1,Disney Adventure World,Ratatouille: The Adventure Single Rider,7279,OPERATING,STANDBY,25,,,queue-times.com
2026-08-05T11:01:15Z,2026-08-05,13,1,Disney Adventure World,RC Racer,34,OPERATING,STANDBY,60,,,queue-times.com
2026-08-05T11:01:15Z,2026-08-05,13,1,Disney Adventure World,RC Racer Single Rider,7280,OPERATING,STANDBY,45,,,queue-times.com
2026-08-05T11:01:15Z,2026-08-05,13,1,Disney Adventure World,Slinky® Dog Zigzag Spin,36,OPERATING,STANDBY,20,,,queue-times.com
2026-08-05T11:01:15Z,2026-08-05,13,1,Disney Adventure World,Toy Soldiers Parachute Drop,35,OPERATING,STANDBY,50,,,queue-times.com
2026-08-05T11:01:15Z,2026-08-05,13,1,Disney Adventure World,Toy Soldiers Parachute Drop Single Rider,7281,OPERATING,STANDBY,15,,,queue-times.com
2026-08-05T11:01:15Z,2026-08-05,13,1,Disney Adventure World,Entry to World of Frozen,16247,OPERATING,STANDBY,0,,,queue-times.com
2026-08-05T11:01:15Z,2026-08-05,13,1,Disney Adventure World,Frozen Ever After,15413,OPERATING,STANDBY,75,,,queue-times.com
2026-08-05T11:01:15Z,2026-08-05,13,1,Disney Adventure World,Raiponce Tangled Spin,15415,OPERATING,STANDBY,10,,,queue-times.com
2026-08-05T11:08:57Z,2026-08-05,13,8,Disneyland Park,Adventure Isle,2702,OPERATING,STANDBY,0,,,queue-times.com
2026-08-05T11:08:57Z,2026-08-05,13,8,Disneyland Park,Indiana Jones and the Temple of Peril Single Rider,7306,OPERATING,STANDBY,15,,,queue-times.com
2026-08-05T11:08:57Z,2026-08-05,13,8,Disneyland Park,Indiana Jones™ and the Temple of Peril,2,OPERATING,STANDBY,40,,,queue-times.com
2026-08-05T11:08:57Z,2026-08-05,13,8,Disneyland Park,La Cabane des Robinson,1,OPERATING,STANDBY,5,,,queue-times.com
2026-08-05T11:08:57Z,2026-08-05,13,8,Disneyland Park,Le Passage Enchanté d'Aladdin,2703,OPERATING,STANDBY,0,,,queue-times.com
2026-08-05T11:08:57Z,2026-08-05,13,8,Disneyland Park,Pirate Galleon,2705,CLOSED,STANDBY,0,,,queue-times.com
2026-08-05T11:08:57Z,2026-08-05,13,8,Disneyland Park,Pirates of the Caribbean,3,OPERATING,STANDBY,25,,,queue-times.com
2026-08-05T11:08:57Z,2026-08-05,13,8,Disneyland Park,Pirates' Beach,2704,OPERATING,STANDBY,0,,,queue-times.com
2026-08-05T11:08:57Z,2026-08-05,13,8,Disneyland Park,"Autopia, presented by Avis",4,OPERATING,STANDBY,40,,,queue-times.com
2026-08-05T11:08:57Z,2026-08-05,13,8,Disneyland Park,Buzz Lightyear Laser Blast,5,OPERATING,STANDBY,50,,,queue-times.com
2026-08-05T11:08:57Z,2026-08-05,13,8,Disneyland Park,Disneyland Railroad Discoveryland Station,2706,CLOSED,STANDBY,0,,,queue-times.com
2026-08-05T11:08:57Z,2026-08-05,13,8,Disneyland Park,Les Mystères du Nautilus,6,OPERATING,STANDBY,5,,,queue-times.com
2026-08-05T11:08:57Z,2026-08-05,13,8,Disneyland Park,Mickey’s PhilharMagic,2707,OPERATING,STANDBY,0,,,queue-times.com
2026-08-05T11:08:57Z,2026-08-05,13,8,Disneyland Park,Orbitron®,7,OPERATING,STANDBY,60,,,queue-times.com
2026-08-05T11:08:57Z,2026-08-05,13,8,Disneyland Park,Star Tours: The Adventures Continue*,9,OPERATING,STANDBY,20,,,queue-times.com
2026-08-05T11:08:57Z,2026-08-05,13,8,Disneyland Park,Star Wars Hyperspace Mountain,8,OPERATING,STANDBY,45,,,queue-times.com
2026-08-05T11:08:57Z,2026-08-05,13,8,Disneyland Park,Star Wars Hyperspace Mountain Single Rider,7278,OPERATING,STANDBY,25,,,queue-times.com
2026-08-05T11:08:57Z,2026-08-05,13,8,Disneyland Park,Welcome to Starport: A Star Wars Encounter,4573,OPERATING,STANDBY,30,,,queue-times.com
2026-08-05T11:08:57Z,2026-08-05,13,8,Disneyland Park,"""it's a small world""",19,OPERATING,STANDBY,25,,,queue-times.com
2026-08-05T11:08:57Z,2026-08-05,13,8,Disneyland Park,Alice's Curious Labyrinth,14,OPERATING,STANDBY,5,,,queue-times.com
2026-08-05T11:08:57Z,2026-08-05,13,8,Disneyland Park,Blanche-Neige et les Sept Nains®,15,OPERATING,STANDBY,35,,,queue-times.com
2026-08-05T11:08:57Z,2026-08-05,13,8,Disneyland Park,Casey Jr. – le Petit Train du Cirque,17,OPERATING,STANDBY,15,,,queue-times.com
2026-08-05T11:08:57Z,2026-08-05,13,8,Disneyland Park,Disneyland Railroad Fantasyland Station,2711,CLOSED,STANDBY,0,,,queue-times.com
2026-08-05T11:08:57Z,2026-08-05,13,8,Disneyland Park,Disneyland Railroad Main Street Station,11,OPERATING,STANDBY,45,,,queue-times.com
2026-08-05T11:08:57Z,2026-08-05,13,8,Disneyland Park,Dumbo the Flying Elephant,18,OPERATING,STANDBY,35,,,queue-times.com
2026-08-05T11:08:57Z,2026-08-05,13,8,Disneyland Park,La Tanière du Dragon,2710,OPERATING,STANDBY,0,,,queue-times.com
2026-08-05T11:08:57Z,2026-08-05,13,8,Disneyland Park,Le Carrousel de Lancelot,16,OPERATING,STANDBY,10,,,queue-times.com
2026-08-05T11:08:57Z,2026-08-05,13,8,Disneyland Park,"Le Pays des Contes de Fées, presented by Vittel",21,OPERATING,STANDBY,10,,,queue-times.com
2026-08-05T11:08:57Z,2026-08-05,13,8,Disneyland Park,Les Voyages de Pinocchio,23,OPERATING,STANDBY,30,,,queue-times.com
2026-08-05T11:08:57Z,2026-08-05,13,8,Disneyland Park,Mad Hatter's Tea Cups,20,OPERATING,STANDBY,15,,,queue-times.com
2026-08-05T11:08:57Z,2026-08-05,13,8,Disneyland Park,Meet Mickey Mouse,13,OPERATING,STANDBY,0,,,queue-times.com
2026-08-05T11:08:57Z,2026-08-05,13,8,Disneyland Park,Peter Pan's Flight,22,OPERATING,STANDBY,80,,,queue-times.com
2026-08-05T11:08:57Z,2026-08-05,13,8,Disneyland Park,Princess Pavilion,24,OPERATING,STANDBY,0,,,queue-times.com
2026-08-05T11:08:57Z,2026-08-05,13,8,Disneyland Park,Big Thunder Mountain,25,OPERATING,STANDBY,100,,,queue-times.com
2026-08-05T11:08:57Z,2026-08-05,13,8,Disneyland Park,Disneyland Railroad Frontierland Depot,2714,OPERATING,STANDBY,25,,,queue-times.com
2026-08-05T11:08:57Z,2026-08-05,13,8,Disneyland Park,Frontierland Playground,2713,OPERATING,STANDBY,0,,,queue-times.com
2026-08-05T11:08:57Z,2026-08-05,13,8,Disneyland Park,Phantom Manor,26,OPERATING,STANDBY,25,,,queue-times.com
2026-08-05T11:08:57Z,2026-08-05,13,8,Disneyland Park,River Rogue Keelboats,27,CLOSED,STANDBY,0,,,queue-times.com
2026-08-05T11:08:57Z,2026-08-05,13,8,Disneyland Park,Rustler Roundup Shootin' Gallery,2712,OPERATING,STANDBY,0,,,queue-times.com
2026-08-05T11:08:57Z,2026-08-05,13,8,Disneyland Park,Thunder Mesa Riverboat Landing,28,OPERATING,STANDBY,20,,,queue-times.com
2026-08-05T11:08:57Z,2026-08-05,13,8,Disneyland Park,Disneyland Railroad Main Street Station,2708,OPERATING,STANDBY,0,,,queue-times.com
2026-08-05T11:08:57Z,2026-08-05,13,8,Disneyland Park,Main Street Vehicles,12,OPERATING,STANDBY,5,,,queue-times.com
2026-08-05T11:08:57Z,2026-08-05,13,8,Disney Adventure World,Avengers Assemble: Flight Force,10848,OPERATING,STANDBY,25,,,queue-times.com
2026-08-05T11:08:57Z,2026-08-05,13,8,Disney Adventure World,Avengers Assemble: Flight Force Single Rider,10849,OPERATING,STANDBY,10,,,queue-times.com
2026-08-05T11:08:57Z,2026-08-05,13,8,Disney Adventure World,Spider-Man W.E.B. Adventure,10845,OPERATING,STANDBY,60,,,queue-times.com
2026-08-05T11:08:57Z,2026-08-05,13,8,Disney Adventure World,Spider-Man W.E.B. Adventure Single Rider,10846,OPERATING,STANDBY,25,,,queue-times.com
2026-08-05T11:08:57Z,2026-08-05,13,8,Disney Adventure World,The Twilight Zone Tower of Terror,40,OPERATING,STANDBY,30,,,queue-times.com
2026-08-05T11:08:57Z,2026-08-05,13,8,Disney Adventure World,Cars Quatre Roues Rallye,31,OPERATING,STANDBY,20,,,queue-times.com
2026-08-05T11:08:57Z,2026-08-05,13,8,Disney Adventure World,Cars ROAD TRIP,29,OPERATING,STANDBY,20,,,queue-times.com
2026-08-05T11:08:57Z,2026-08-05,13,8,Disney Adventure World,Crush's Coaster,32,OPERATING,STANDBY,75,,,queue-times.com
2026-08-05T11:08:57Z,2026-08-05,13,8,Disney Adventure World,Crush's Coaster Single Rider,7277,OPERATING,STANDBY,60,,,queue-times.com
2026-08-05T11:08:57Z,2026-08-05,13,8,Disney Adventure World,Les Tapis Volants - Flying Carpets Over Agrabah®,33,OPERATING,STANDBY,15,,,queue-times.com
2026-08-05T11:08:57Z,2026-08-05,13,8,Disney Adventure World,Ratatouille : L’Aventure Totalement Toquée de Rémy​,37,OPERATING,STANDBY,55,,,queue-times.com
2026-08-05T11:08:57Z,2026-08-05,13,8,Disney Adventure World,Ratatouille: The Adventure Single Rider,7279,OPERATING,STANDBY,20,,,queue-times.com
2026-08-05T11:08:57Z,2026-08-05,13,8,Disney Adventure World,RC Racer,34,OPERATING,STANDBY,60,,,queue-times.com
2026-08-05T11:08:57Z,2026-08-05,13,8,Disney Adventure World,RC Racer Single Rider,7280,OPERATING,STANDBY,45,,,queue-times.com
2026-08-05T11:08:57Z,2026-08-05,13,8,Disney Adventure World,Slinky® Dog Zigzag Spin,36,OPERATING,STANDBY,20,,,queue-times.com
2026-08-05T11:08:57Z,2026-08-05,13,8,Disney Adventure World,Toy Soldiers Parachute Drop,35,OPERATING,STANDBY,60,,,queue-times.com
2026-08-05T11:08:57Z,2026-08-05,13,8,Disney Adventure World,Toy Soldiers Parachute Drop Single Rider,7281,OPERATING,STANDBY,20,,,queue-times.com
2026-08-05T11:08:57Z,2026-08-05,13,8,Disney Adventure World,Entry to World of Frozen,16247,OPERATING,STANDBY,0,,,queue-times.com
2026-08-05T11:08:57Z,2026-08-05,13,8,Disney Adventure World,Frozen Ever After,15413,OPERATING,STANDBY,75,,,queue-times.com
2026-08-05T11:08:57Z,2026-08-05,13,8,Disney Adventure World,Raiponce Tangled Spin,15415,OPERATING,STANDBY,15,,,queue-times.com
2026-08-05T11:15:57Z,2026-08-05,13,15,Disneyland Park,Adventure Isle,2702,OPERATING,STANDBY,0,,,queue-times.com
2026-08-05T11:15:57Z,2026-08-05,13,15,Disneyland Park,Indiana Jones and the Temple of Peril Single Rider,7306,OPERATING,STANDBY,30,,,queue-times.com
2026-08-05T11:15:57Z,2026-08-05,13,15,Disneyland Park,Indiana Jones™ and the Temple of Peril,2,OPERATING,STANDBY,40,,,queue-times.com
2026-08-05T11:15:57Z,2026-08-05,13,15,Disneyland Park,La Cabane des Robinson,1,OPERATING,STANDBY,5,,,queue-times.com
2026-08-05T11:15:57Z,2026-08-05,13,15,Disneyland Park,Le Passage Enchanté d'Aladdin,2703,OPERATING,STANDBY,0,,,queue-times.com
2026-08-05T11:15:57Z,2026-08-05,13,15,Disneyland Park,Pirate Galleon,2705,CLOSED,STANDBY,0,,,queue-times.com
2026-08-05T11:15:57Z,2026-08-05,13,15,Disneyland Park,Pirates of the Caribbean,3,OPERATING,STANDBY,30,,,queue-times.com
2026-08-05T11:15:57Z,2026-08-05,13,15,Disneyland Park,Pirates' Beach,2704,OPERATING,STANDBY,0,,,queue-times.com
2026-08-05T11:15:57Z,2026-08-05,13,15,Disneyland Park,"Autopia, presented by Avis",4,OPERATING,STANDBY,40,,,queue-times.com
2026-08-05T11:15:57Z,2026-08-05,13,15,Disneyland Park,Buzz Lightyear Laser Blast,5,OPERATING,STANDBY,50,,,queue-times.com
2026-08-05T11:15:57Z,2026-08-05,13,15,Disneyland Park,Disneyland Railroad Discoveryland Station,2706,CLOSED,STANDBY,0,,,queue-times.com
2026-08-05T11:15:57Z,2026-08-05,13,15,Disneyland Park,Les Mystères du Nautilus,6,OPERATING,STANDBY,5,,,queue-times.com
2026-08-05T11:15:57Z,2026-08-05,13,15,Disneyland Park,Mickey’s PhilharMagic,2707,OPERATING,STANDBY,0,,,queue-times.com
2026-08-05T11:15:57Z,2026-08-05,13,15,Disneyland Park,Orbitron®,7,OPERATING,STANDBY,65,,,queue-times.com
2026-08-05T11:15:57Z,2026-08-05,13,15,Disneyland Park,Star Tours: The Adventures Continue*,9,OPERATING,STANDBY,20,,,queue-times.com
2026-08-05T11:15:57Z,2026-08-05,13,15,Disneyland Park,Star Wars Hyperspace Mountain,8,OPERATING,STANDBY,45,,,queue-times.com
2026-08-05T11:15:57Z,2026-08-05,13,15,Disneyland Park,Star Wars Hyperspace Mountain Single Rider,7278,OPERATING,STANDBY,35,,,queue-times.com
2026-08-05T11:15:57Z,2026-08-05,13,15,Disneyland Park,Welcome to Starport: A Star Wars Encounter,4573,OPERATING,STANDBY,45,,,queue-times.com
2026-08-05T11:15:57Z,2026-08-05,13,15,Disneyland Park,"""it's a small world""",19,OPERATING,STANDBY,25,,,queue-times.com
2026-08-05T11:15:57Z,2026-08-05,13,15,Disneyland Park,Alice's Curious Labyrinth,14,OPERATING,STANDBY,5,,,queue-times.com
2026-08-05T11:15:57Z,2026-08-05,13,15,Disneyland Park,Blanche-Neige et les Sept Nains®,15,OPERATING,STANDBY,35,,,queue-times.com
2026-08-05T11:15:57Z,2026-08-05,13,15,Disneyland Park,Casey Jr. – le Petit Train du Cirque,17,OPERATING,STANDBY,20,,,queue-times.com
2026-08-05T11:15:57Z,2026-08-05,13,15,Disneyland Park,Disneyland Railroad Fantasyland Station,2711,CLOSED,STANDBY,0,,,queue-times.com
2026-08-05T11:15:57Z,2026-08-05,13,15,Disneyland Park,Disneyland Railroad Main Street Station,11,OPERATING,STANDBY,45,,,queue-times.com
2026-08-05T11:15:57Z,2026-08-05,13,15,Disneyland Park,Dumbo the Flying Elephant,18,OPERATING,STANDBY,35,,,queue-times.com
2026-08-05T11:15:57Z,2026-08-05,13,15,Disneyland Park,La Tanière du Dragon,2710,OPERATING,STANDBY,0,,,queue-times.com
2026-08-05T11:15:57Z,2026-08-05,13,15,Disneyland Park,Le Carrousel de Lancelot,16,OPERATING,STANDBY,10,,,queue-times.com
2026-08-05T11:15:57Z,2026-08-05,13,15,Disneyland Park,"Le Pays des Contes de Fées, presented by Vittel",21,OPERATING,STANDBY,10,,,queue-times.com
2026-08-05T11:15:57Z,2026-08-05,13,15,Disneyland Park,Les Voyages de Pinocchio,23,OPERATING,STANDBY,30,,,queue-times.com
2026-08-05T11:15:57Z,2026-08-05,13,15,Disneyland Park,Mad Hatter's Tea Cups,20,OPERATING,STANDBY,15,,,queue-times.com
2026-08-05T11:15:57Z,2026-08-05,13,15,Disneyland Park,Meet Mickey Mouse,13,OPERATING,STANDBY,0,,,queue-times.com
2026-08-05T11:15:57Z,2026-08-05,13,15,Disneyland Park,Peter Pan's Flight,22,OPERATING,STANDBY,80,,,queue-times.com
2026-08-05T11:15:57Z,2026-08-05,13,15,Disneyland Park,Princess Pavilion,24,OPERATING,STANDBY,0,,,queue-times.com
2026-08-05T11:15:57Z,2026-08-05,13,15,Disneyland Park,Big Thunder Mountain,25,OPERATING,STANDBY,100,,,queue-times.com
2026-08-05T11:15:57Z,2026-08-05,13,15,Disneyland Park,Disneyland Railroad Frontierland Depot,2714,OPERATING,STANDBY,40,,,queue-times.com
2026-08-05T11:15:57Z,2026-08-05,13,15,Disneyland Park,Frontierland Playground,2713,OPERATING,STANDBY,0,,,queue-times.com
2026-08-05T11:15:57Z,2026-08-05,13,15,Disneyland Park,Phantom Manor,26,OPERATING,STANDBY,25,,,queue-times.com
2026-08-05T11:15:57Z,2026-08-05,13,15,Disneyland Park,River Rogue Keelboats,27,CLOSED,STANDBY,0,,,queue-times.com
2026-08-05T11:15:57Z,2026-08-05,13,15,Disneyland Park,Rustler Roundup Shootin' Gallery,2712,OPERATING,STANDBY,0,,,queue-times.com
2026-08-05T11:15:57Z,2026-08-05,13,15,Disneyland Park,Thunder Mesa Riverboat Landing,28,OPERATING,STANDBY,20,,,queue-times.com
2026-08-05T11:15:57Z,2026-08-05,13,15,Disneyland Park,Disneyland Railroad Main Street Station,2708,OPERATING,STANDBY,0,,,queue-times.com
2026-08-05T11:15:57Z,2026-08-05,13,15,Disneyland Park,Main Street Vehicles,12,OPERATING,STANDBY,5,,,queue-times.com
2026-08-05T11:15:57Z,2026-08-05,13,15,Disney Adventure World,Avengers Assemble: Flight Force,10848,OPERATING,STANDBY,25,,,queue-times.com
2026-08-05T11:15:57Z,2026-08-05,13,15,Disney Adventure World,Avengers Assemble: Flight Force Single Rider,10849,OPERATING,STANDBY,10,,,queue-times.com
2026-08-05T11:15:57Z,2026-08-05,13,15,Disney Adventure World,Spider-Man W.E.B. Adventure,10845,OPERATING,STANDBY,45,,,queue-times.com
2026-08-05T11:15:57Z,2026-08-05,13,15,Disney Adventure World,Spider-Man W.E.B. Adventure Single Rider,10846,OPERATING,STANDBY,15,,,queue-times.com
2026-08-05T11:15:57Z,2026-08-05,13,15,Disney Adventure World,The Twilight Zone Tower of Terror,40,OPERATING,STANDBY,30,,,queue-times.com
2026-08-05T11:15:57Z,2026-08-05,13,15,Disney Adventure World,Cars Quatre Roues Rallye,31,OPERATING,STANDBY,20,,,queue-times.com
2026-08-05T11:15:57Z,2026-08-05,13,15,Disney Adventure World,Cars ROAD TRIP,29,OPERATING,STANDBY,20,,,queue-times.com
2026-08-05T11:15:57Z,2026-08-05,13,15,Disney Adventure World,Crush's Coaster,32,OPERATING,STANDBY,75,,,queue-times.com
2026-08-05T11:15:57Z,2026-08-05,13,15,Disney Adventure World,Crush's Coaster Single Rider,7277,OPERATING,STANDBY,40,,,queue-times.com
2026-08-05T11:15:57Z,2026-08-05,13,15,Disney Adventure World,Les Tapis Volants - Flying Carpets Over Agrabah®,33,OPERATING,STANDBY,25,,,queue-times.com
2026-08-05T11:15:57Z,2026-08-05,13,15,Disney Adventure World,Ratatouille : L’Aventure Totalement Toquée de Rémy​,37,OPERATING,STANDBY,65,,,queue-times.com
2026-08-05T11:15:57Z,2026-08-05,13,15,Disney Adventure World,Ratatouille: The Adventure Single Rider,7279,OPERATING,STANDBY,20,,,queue-times.com
2026-08-05T11:15:57Z,2026-08-05,13,15,Disney Adventure World,RC Racer,34,OPERATING,STANDBY,60,,,queue-times.com
2026-08-05T11:15:57Z,2026-08-05,13,15,Disney Adventure World,RC Racer Single Rider,7280,OPERATING,STANDBY,55,,,queue-times.com
2026-08-05T11:15:57Z,2026-08-05,13,15,Disney Adventure World,Slinky® Dog Zigzag Spin,36,OPERATING,STANDBY,20,,,queue-times.com
2026-08-05T11:15:57Z,2026-08-05,13,15,Disney Adventure World,Toy Soldiers Parachute Drop,35,OPERATING,STANDBY,60,,,queue-times.com
2026-08-05T11:15:57Z,2026-08-05,13,15,Disney Adventure World,Toy Soldiers Parachute Drop Single Rider,7281,OPERATING,STANDBY,20,,,queue-times.com
2026-08-05T11:15:57Z,2026-08-05,13,15,Disney Adventure World,Entry to World of Frozen,16247,OPERATING,STANDBY,0,,,queue-times.com
2026-08-05T11:15:57Z,2026-08-05,13,15,Disney Adventure World,Frozen Ever After,15413,OPERATING,STANDBY,75,,,queue-times.com
2026-08-05T11:15:57Z,2026-08-05,13,15,Disney Adventure World,Raiponce Tangled Spin,15415,OPERATING,STANDBY,15,,,queue-times.com
2026-08-05T11:31:08Z,2026-08-05,13,31,Disneyland Park,Adventure Isle,2702,OPERATING,STANDBY,0,,,queue-times.com
2026-08-05T11:31:08Z,2026-08-05,13,31,Disneyland Park,Indiana Jones and the Temple of Peril Single Rider,7306,OPERATING,STANDBY,35,,,queue-times.com
2026-08-05T11:31:08Z,2026-08-05,13,31,Disneyland Park,Indiana Jones™ and the Temple of Peril,2,OPERATING,STANDBY,40,,,queue-times.com
2026-08-05T11:31:08Z,2026-08-05,13,31,Disneyland Park,La Cabane des Robinson,1,OPERATING,STANDBY,5,,,queue-times.com
2026-08-05T11:31:08Z,2026-08-05,13,31,Disneyland Park,Le Passage Enchanté d'Aladdin,2703,OPERATING,STANDBY,0,,,queue-times.com
2026-08-05T11:31:08Z,2026-08-05,13,31,Disneyland Park,Pirate Galleon,2705,CLOSED,STANDBY,0,,,queue-times.com
2026-08-05T11:31:08Z,2026-08-05,13,31,Disneyland Park,Pirates of the Caribbean,3,OPERATING,STANDBY,35,,,queue-times.com
2026-08-05T11:31:08Z,2026-08-05,13,31,Disneyland Park,Pirates' Beach,2704,OPERATING,STANDBY,0,,,queue-times.com
2026-08-05T11:31:08Z,2026-08-05,13,31,Disneyland Park,"Autopia, presented by Avis",4,OPERATING,STANDBY,45,,,queue-times.com
2026-08-05T11:31:08Z,2026-08-05,13,31,Disneyland Park,Buzz Lightyear Laser Blast,5,OPERATING,STANDBY,45,,,queue-times.com
2026-08-05T11:31:08Z,2026-08-05,13,31,Disneyland Park,Disneyland Railroad Discoveryland Station,2706,CLOSED,STANDBY,0,,,queue-times.com
2026-08-05T11:31:08Z,2026-08-05,13,31,Disneyland Park,Les Mystères du Nautilus,6,OPERATING,STANDBY,5,,,queue-times.com
2026-08-05T11:31:08Z,2026-08-05,13,31,Disneyland Park,Mickey’s PhilharMagic,2707,OPERATING,STANDBY,0,,,queue-times.com
2026-08-05T11:31:08Z,2026-08-05,13,31,Disneyland Park,Orbitron®,7,OPERATING,STANDBY,70,,,queue-times.com
2026-08-05T11:31:08Z,2026-08-05,13,31,Disneyland Park,Star Tours: The Adventures Continue*,9,OPERATING,STANDBY,25,,,queue-times.com
2026-08-05T11:31:08Z,2026-08-05,13,31,Disneyland Park,Star Wars Hyperspace Mountain,8,OPERATING,STANDBY,50,,,queue-times.com
2026-08-05T11:31:08Z,2026-08-05,13,31,Disneyland Park,Star Wars Hyperspace Mountain Single Rider,7278,OPERATING,STANDBY,45,,,queue-times.com
2026-08-05T11:31:08Z,2026-08-05,13,31,Disneyland Park,Welcome to Starport: A Star Wars Encounter,4573,OPERATING,STANDBY,25,,,queue-times.com
2026-08-05T11:31:08Z,2026-08-05,13,31,Disneyland Park,"""it's a small world""",19,OPERATING,STANDBY,20,,,queue-times.com
2026-08-05T11:31:08Z,2026-08-05,13,31,Disneyland Park,Alice's Curious Labyrinth,14,OPERATING,STANDBY,5,,,queue-times.com
2026-08-05T11:31:08Z,2026-08-05,13,31,Disneyland Park,Blanche-Neige et les Sept Nains®,15,OPERATING,STANDBY,35,,,queue-times.com
2026-08-05T11:31:08Z,2026-08-05,13,31,Disneyland Park,Casey Jr. – le Petit Train du Cirque,17,OPERATING,STANDBY,20,,,queue-times.com
2026-08-05T11:31:08Z,2026-08-05,13,31,Disneyland Park,Disneyland Railroad Fantasyland Station,2711,CLOSED,STANDBY,0,,,queue-times.com
2026-08-05T11:31:08Z,2026-08-05,13,31,Disneyland Park,Disneyland Railroad Main Street Station,11,OPERATING,STANDBY,45,,,queue-times.com
2026-08-05T11:31:08Z,2026-08-05,13,31,Disneyland Park,Dumbo the Flying Elephant,18,OPERATING,STANDBY,35,,,queue-times.com
2026-08-05T11:31:08Z,2026-08-05,13,31,Disneyland Park,La Tanière du Dragon,2710,OPERATING,STANDBY,0,,,queue-times.com
2026-08-05T11:31:08Z,2026-08-05,13,31,Disneyland Park,Le Carrousel de Lancelot,16,OPERATING,STANDBY,10,,,queue-times.com
2026-08-05T11:31:08Z,2026-08-05,13,31,Disneyland Park,"Le Pays des Contes de Fées, presented by Vittel",21,OPERATING,STANDBY,10,,,queue-times.com
2026-08-05T11:31:08Z,2026-08-05,13,31,Disneyland Park,Les Voyages de Pinocchio,23,OPERATING,STANDBY,30,,,queue-times.com
2026-08-05T11:31:08Z,2026-08-05,13,31,Disneyland Park,Mad Hatter's Tea Cups,20,OPERATING,STANDBY,15,,,queue-times.com
2026-08-05T11:31:08Z,2026-08-05,13,31,Disneyland Park,Meet Mickey Mouse,13,OPERATING,STANDBY,0,,,queue-times.com
2026-08-05T11:31:08Z,2026-08-05,13,31,Disneyland Park,Peter Pan's Flight,22,OPERATING,STANDBY,70,,,queue-times.com
2026-08-05T11:31:08Z,2026-08-05,13,31,Disneyland Park,Princess Pavilion,24,OPERATING,STANDBY,0,,,queue-times.com
2026-08-05T11:31:08Z,2026-08-05,13,31,Disneyland Park,Big Thunder Mountain,25,OPERATING,STANDBY,80,,,queue-times.com
2026-08-05T11:31:08Z,2026-08-05,13,31,Disneyland Park,Disneyland Railroad Frontierland Depot,2714,OPERATING,STANDBY,40,,,queue-times.com
2026-08-05T11:31:08Z,2026-08-05,13,31,Disneyland Park,Frontierland Playground,2713,OPERATING,STANDBY,0,,,queue-times.com
2026-08-05T11:31:08Z,2026-08-05,13,31,Disneyland Park,Phantom Manor,26,OPERATING,STANDBY,25,,,queue-times.com
2026-08-05T11:31:08Z,2026-08-05,13,31,Disneyland Park,River Rogue Keelboats,27,CLOSED,STANDBY,0,,,queue-times.com
2026-08-05T11:31:08Z,2026-08-05,13,31,Disneyland Park,Rustler Roundup Shootin' Gallery,2712,OPERATING,STANDBY,0,,,queue-times.com
2026-08-05T11:31:08Z,2026-08-05,13,31,Disneyland Park,Thunder Mesa Riverboat Landing,28,OPERATING,STANDBY,20,,,queue-times.com
2026-08-05T11:31:08Z,2026-08-05,13,31,Disneyland Park,Disneyland Railroad Main Street Station,2708,OPERATING,STANDBY,0,,,queue-times.com
2026-08-05T11:31:08Z,2026-08-05,13,31,Disneyland Park,Main Street Vehicles,12,OPERATING,STANDBY,5,,,queue-times.com
2026-08-05T11:31:08Z,2026-08-05,13,31,Disney Adventure World,Avengers Assemble: Flight Force,10848,OPERATING,STANDBY,20,,,queue-times.com
2026-08-05T11:31:08Z,2026-08-05,13,31,Disney Adventure World,Avengers Assemble: Flight Force Single Rider,10849,OPERATING,STANDBY,15,,,queue-times.com
2026-08-05T11:31:08Z,2026-08-05,13,31,Disney Adventure World,Spider-Man W.E.B. Adventure,10845,OPERATING,STANDBY,45,,,queue-times.com
2026-08-05T11:31:08Z,2026-08-05,13,31,Disney Adventure World,Spider-Man W.E.B. Adventure Single Rider,10846,OPERATING,STANDBY,25,,,queue-times.com
2026-08-05T11:31:08Z,2026-08-05,13,31,Disney Adventure World,The Twilight Zone Tower of Terror,40,OPERATING,STANDBY,30,,,queue-times.com
2026-08-05T11:31:08Z,2026-08-05,13,31,Disney Adventure World,Cars Quatre Roues Rallye,31,OPERATING,STANDBY,10,,,queue-times.com
2026-08-05T11:31:08Z,2026-08-05,13,31,Disney Adventure World,Cars ROAD TRIP,29,OPERATING,STANDBY,20,,,queue-times.com
2026-08-05T11:31:08Z,2026-08-05,13,31,Disney Adventure World,Crush's Coaster,32,OPERATING,STANDBY,70,,,queue-times.com
2026-08-05T11:31:08Z,2026-08-05,13,31,Disney Adventure World,Crush's Coaster Single Rider,7277,OPERATING,STANDBY,60,,,queue-times.com
2026-08-05T11:31:08Z,2026-08-05,13,31,Disney Adventure World,Les Tapis Volants - Flying Carpets Over Agrabah®,33,OPERATING,STANDBY,25,,,queue-times.com
2026-08-05T11:31:08Z,2026-08-05,13,31,Disney Adventure World,Ratatouille : L’Aventure Totalement Toquée de Rémy​,37,OPERATING,STANDBY,75,,,queue-times.com
2026-08-05T11:31:08Z,2026-08-05,13,31,Disney Adventure World,Ratatouille: The Adventure Single Rider,7279,OPERATING,STANDBY,25,,,queue-times.com
2026-08-05T11:31:08Z,2026-08-05,13,31,Disney Adventure World,RC Racer,34,OPERATING,STANDBY,60,,,queue-times.com
2026-08-05T11:31:08Z,2026-08-05,13,31,Disney Adventure World,RC Racer Single Rider,7280,OPERATING,STANDBY,55,,,queue-times.com
2026-08-05T11:31:08Z,2026-08-05,13,31,Disney Adventure World,Slinky® Dog Zigzag Spin,36,OPERATING,STANDBY,20,,,queue-times.com
2026-08-05T11:31:08Z,2026-08-05,13,31,Disney Adventure World,Toy Soldiers Parachute Drop,35,OPERATING,STANDBY,65,,,queue-times.com
2026-08-05T11:31:08Z,2026-08-05,13,31,Disney Adventure World,Toy Soldiers Parachute Drop Single Rider,7281,OPERATING,STANDBY,30,,,queue-times.com
2026-08-05T11:31:08Z,2026-08-05,13,31,Disney Adventure World,Entry to World of Frozen,16247,OPERATING,STANDBY,0,,,queue-times.com
2026-08-05T11:31:08Z,2026-08-05,13,31,Disney Adventure World,Frozen Ever After,15413,OPERATING,STANDBY,55,,,queue-times.com
2026-08-05T11:31:08Z,2026-08-05,13,31,Disney Adventure World,Raiponce Tangled Spin,15415,OPERATING,STANDBY,15,,,queue-times.com
2026-08-05T11:45:44Z,2026-08-05,13,45,Disneyland Park,Adventure Isle,2702,OPERATING,STANDBY,0,,,queue-times.com
2026-08-05T11:45:44Z,2026-08-05,13,45,Disneyland Park,Indiana Jones and the Temple of Peril Single Rider,7306,OPERATING,STANDBY,15,,,queue-times.com
2026-08-05T11:45:44Z,2026-08-05,13,45,Disneyland Park,Indiana Jones™ and the Temple of Peril,2,OPERATING,STANDBY,30,,,queue-times.com
2026-08-05T11:45:44Z,2026-08-05,13,45,Disneyland Park,La Cabane des Robinson,1,OPERATING,STANDBY,5,,,queue-times.com
2026-08-05T11:45:44Z,2026-08-05,13,45,Disneyland Park,Le Passage Enchanté d'Aladdin,2703,OPERATING,STANDBY,0,,,queue-times.com
2026-08-05T11:45:44Z,2026-08-05,13,45,Disneyland Park,Pirate Galleon,2705,CLOSED,STANDBY,0,,,queue-times.com
2026-08-05T11:45:44Z,2026-08-05,13,45,Disneyland Park,Pirates of the Caribbean,3,OPERATING,STANDBY,35,,,queue-times.com
2026-08-05T11:45:44Z,2026-08-05,13,45,Disneyland Park,Pirates' Beach,2704,OPERATING,STANDBY,0,,,queue-times.com
2026-08-05T11:45:44Z,2026-08-05,13,45,Disneyland Park,"Autopia, presented by Avis",4,OPERATING,STANDBY,40,,,queue-times.com
2026-08-05T11:45:44Z,2026-08-05,13,45,Disneyland Park,Buzz Lightyear Laser Blast,5,OPERATING,STANDBY,60,,,queue-times.com
2026-08-05T11:45:44Z,2026-08-05,13,45,Disneyland Park,Disneyland Railroad Discoveryland Station,2706,CLOSED,STANDBY,0,,,queue-times.com
2026-08-05T11:45:44Z,2026-08-05,13,45,Disneyland Park,Les Mystères du Nautilus,6,OPERATING,STANDBY,5,,,queue-times.com
2026-08-05T11:45:44Z,2026-08-05,13,45,Disneyland Park,Mickey’s PhilharMagic,2707,OPERATING,STANDBY,0,,,queue-times.com
2026-08-05T11:45:44Z,2026-08-05,13,45,Disneyland Park,Orbitron®,7,OPERATING,STANDBY,90,,,queue-times.com
2026-08-05T11:45:44Z,2026-08-05,13,45,Disneyland Park,Star Tours: The Adventures Continue*,9,OPERATING,STANDBY,25,,,queue-times.com
2026-08-05T11:45:44Z,2026-08-05,13,45,Disneyland Park,Star Wars Hyperspace Mountain,8,OPERATING,STANDBY,100,,,queue-times.com
2026-08-05T11:45:44Z,2026-08-05,13,45,Disneyland Park,Star Wars Hyperspace Mountain Single Rider,7278,OPERATING,STANDBY,95,,,queue-times.com
2026-08-05T11:45:44Z,2026-08-05,13,45,Disneyland Park,Welcome to Starport: A Star Wars Encounter,4573,OPERATING,STANDBY,25,,,queue-times.com
2026-08-05T11:45:44Z,2026-08-05,13,45,Disneyland Park,"""it's a small world""",19,OPERATING,STANDBY,15,,,queue-times.com
2026-08-05T11:45:44Z,2026-08-05,13,45,Disneyland Park,Alice's Curious Labyrinth,14,OPERATING,STANDBY,5,,,queue-times.com
2026-08-05T11:45:44Z,2026-08-05,13,45,Disneyland Park,Blanche-Neige et les Sept Nains®,15,OPERATING,STANDBY,35,,,queue-times.com
2026-08-05T11:45:44Z,2026-08-05,13,45,Disneyland Park,Casey Jr. – le Petit Train du Cirque,17,OPERATING,STANDBY,20,,,queue-times.com
2026-08-05T11:45:44Z,2026-08-05,13,45,Disneyland Park,Disneyland Railroad Fantasyland Station,2711,CLOSED,STANDBY,0,,,queue-times.com
2026-08-05T11:45:44Z,2026-08-05,13,45,Disneyland Park,Disneyland Railroad Main Street Station,11,OPERATING,STANDBY,45,,,queue-times.com
2026-08-05T11:45:44Z,2026-08-05,13,45,Disneyland Park,Dumbo the Flying Elephant,18,OPERATING,STANDBY,45,,,queue-times.com
2026-08-05T11:45:44Z,2026-08-05,13,45,Disneyland Park,La Tanière du Dragon,2710,OPERATING,STANDBY,0,,,queue-times.com
2026-08-05T11:45:44Z,2026-08-05,13,45,Disneyland Park,Le Carrousel de Lancelot,16,OPERATING,STANDBY,25,,,queue-times.com
2026-08-05T11:45:44Z,2026-08-05,13,45,Disneyland Park,"Le Pays des Contes de Fées, presented by Vittel",21,OPERATING,STANDBY,10,,,queue-times.com
2026-08-05T11:45:44Z,2026-08-05,13,45,Disneyland Park,Les Voyages de Pinocchio,23,OPERATING,STANDBY,30,,,queue-times.com
2026-08-05T11:45:44Z,2026-08-05,13,45,Disneyland Park,Mad Hatter's Tea Cups,20,OPERATING,STANDBY,10,,,queue-times.com
2026-08-05T11:45:44Z,2026-08-05,13,45,Disneyland Park,Meet Mickey Mouse,13,OPERATING,STANDBY,0,,,queue-times.com
2026-08-05T11:45:44Z,2026-08-05,13,45,Disneyland Park,Peter Pan's Flight,22,OPERATING,STANDBY,60,,,queue-times.com
2026-08-05T11:45:44Z,2026-08-05,13,45,Disneyland Park,Princess Pavilion,24,OPERATING,STANDBY,0,,,queue-times.com
2026-08-05T11:45:44Z,2026-08-05,13,45,Disneyland Park,Big Thunder Mountain,25,OPERATING,STANDBY,65,,,queue-times.com
2026-08-05T11:45:44Z,2026-08-05,13,45,Disneyland Park,Disneyland Railroad Frontierland Depot,2714,OPERATING,STANDBY,40,,,queue-times.com
2026-08-05T11:45:44Z,2026-08-05,13,45,Disneyland Park,Frontierland Playground,2713,OPERATING,STANDBY,0,,,queue-times.com
2026-08-05T11:45:44Z,2026-08-05,13,45,Disneyland Park,Phantom Manor,26,OPERATING,STANDBY,25,,,queue-times.com
2026-08-05T11:45:44Z,2026-08-05,13,45,Disneyland Park,River Rogue Keelboats,27,CLOSED,STANDBY,0,,,queue-times.com
2026-08-05T11:45:44Z,2026-08-05,13,45,Disneyland Park,Rustler Roundup Shootin' Gallery,2712,OPERATING,STANDBY,0,,,queue-times.com
2026-08-05T11:45:44Z,2026-08-05,13,45,Disneyland Park,Thunder Mesa Riverboat Landing,28,OPERATING,STANDBY,20,,,queue-times.com
2026-08-05T11:45:44Z,2026-08-05,13,45,Disneyland Park,Disneyland Railroad Main Street Station,2708,OPERATING,STANDBY,0,,,queue-times.com
2026-08-05T11:45:44Z,2026-08-05,13,45,Disneyland Park,Main Street Vehicles,12,OPERATING,STANDBY,5,,,queue-times.com
2026-08-05T11:45:44Z,2026-08-05,13,45,Disney Adventure World,Avengers Assemble: Flight Force,10848,OPERATING,STANDBY,25,,,queue-times.com
2026-08-05T11:45:44Z,2026-08-05,13,45,Disney Adventure World,Avengers Assemble: Flight Force Single Rider,10849,OPERATING,STANDBY,15,,,queue-times.com
2026-08-05T11:45:44Z,2026-08-05,13,45,Disney Adventure World,Spider-Man W.E.B. Adventure,10845,OPERATING,STANDBY,55,,,queue-times.com
2026-08-05T11:45:44Z,2026-08-05,13,45,Disney Adventure World,Spider-Man W.E.B. Adventure Single Rider,10846,OPERATING,STANDBY,25,,,queue-times.com
2026-08-05T11:45:44Z,2026-08-05,13,45,Disney Adventure World,The Twilight Zone Tower of Terror,40,OPERATING,STANDBY,45,,,queue-times.com
2026-08-05T11:45:44Z,2026-08-05,13,45,Disney Adventure World,Cars Quatre Roues Rallye,31,OPERATING,STANDBY,10,,,queue-times.com
2026-08-05T11:45:44Z,2026-08-05,13,45,Disney Adventure World,Cars ROAD TRIP,29,OPERATING,STANDBY,20,,,queue-times.com
2026-08-05T11:45:44Z,2026-08-05,13,45,Disney Adventure World,Crush's Coaster,32,OPERATING,STANDBY,70,,,queue-times.com
2026-08-05T11:45:44Z,2026-08-05,13,45,Disney Adventure World,Crush's Coaster Single Rider,7277,OPERATING,STANDBY,50,,,queue-times.com
2026-08-05T11:45:44Z,2026-08-05,13,45,Disney Adventure World,Les Tapis Volants - Flying Carpets Over Agrabah®,33,OPERATING,STANDBY,15,,,queue-times.com
2026-08-05T11:45:44Z,2026-08-05,13,45,Disney Adventure World,Ratatouille : L’Aventure Totalement Toquée de Rémy​,37,OPERATING,STANDBY,65,,,queue-times.com
2026-08-05T11:45:44Z,2026-08-05,13,45,Disney Adventure World,Ratatouille: The Adventure Single Rider,7279,OPERATING,STANDBY,30,,,queue-times.com
2026-08-05T11:45:44Z,2026-08-05,13,45,Disney Adventure World,RC Racer,34,OPERATING,STANDBY,60,,,queue-times.com
2026-08-05T11:45:44Z,2026-08-05,13,45,Disney Adventure World,RC Racer Single Rider,7280,OPERATING,STANDBY,55,,,queue-times.com
2026-08-05T11:45:44Z,2026-08-05,13,45,Disney Adventure World,Slinky® Dog Zigzag Spin,36,OPERATING,STANDBY,15,,,queue-times.com
2026-08-05T11:45:44Z,2026-08-05,13,45,Disney Adventure World,Toy Soldiers Parachute Drop,35,OPERATING,STANDBY,50,,,queue-times.com
2026-08-05T11:45:44Z,2026-08-05,13,45,Disney Adventure World,Toy Soldiers Parachute Drop Single Rider,7281,OPERATING,STANDBY,30,,,queue-times.com
2026-08-05T11:45:44Z,2026-08-05,13,45,Disney Adventure World,Entry to World of Frozen,16247,OPERATING,STANDBY,0,,,queue-times.com
2026-08-05T11:45:44Z,2026-08-05,13,45,Disney Adventure World,Frozen Ever After,15413,OPERATING,STANDBY,55,,,queue-times.com
2026-08-05T11:45:44Z,2026-08-05,13,45,Disney Adventure World,Raiponce Tangled Spin,15415,OPERATING,STANDBY,15,,,queue-times.com
2026-08-05T12:01:26Z,2026-08-05,14,1,Disneyland Park,Adventure Isle,2702,OPERATING,STANDBY,0,,,queue-times.com
2026-08-05T12:01:26Z,2026-08-05,14,1,Disneyland Park,Indiana Jones and the Temple of Peril Single Rider,7306,OPERATING,STANDBY,10,,,queue-times.com
2026-08-05T12:01:26Z,2026-08-05,14,1,Disneyland Park,Indiana Jones™ and the Temple of Peril,2,OPERATING,STANDBY,30,,,queue-times.com
2026-08-05T12:01:26Z,2026-08-05,14,1,Disneyland Park,La Cabane des Robinson,1,OPERATING,STANDBY,5,,,queue-times.com
2026-08-05T12:01:26Z,2026-08-05,14,1,Disneyland Park,Le Passage Enchanté d'Aladdin,2703,OPERATING,STANDBY,0,,,queue-times.com
2026-08-05T12:01:26Z,2026-08-05,14,1,Disneyland Park,Pirate Galleon,2705,CLOSED,STANDBY,0,,,queue-times.com
2026-08-05T12:01:26Z,2026-08-05,14,1,Disneyland Park,Pirates of the Caribbean,3,OPERATING,STANDBY,35,,,queue-times.com
2026-08-05T12:01:26Z,2026-08-05,14,1,Disneyland Park,Pirates' Beach,2704,OPERATING,STANDBY,0,,,queue-times.com
2026-08-05T12:01:26Z,2026-08-05,14,1,Disneyland Park,"Autopia, presented by Avis",4,OPERATING,STANDBY,30,,,queue-times.com
2026-08-05T12:01:26Z,2026-08-05,14,1,Disneyland Park,Buzz Lightyear Laser Blast,5,OPERATING,STANDBY,50,,,queue-times.com
2026-08-05T12:01:26Z,2026-08-05,14,1,Disneyland Park,Disneyland Railroad Discoveryland Station,2706,CLOSED,STANDBY,0,,,queue-times.com
2026-08-05T12:01:26Z,2026-08-05,14,1,Disneyland Park,Les Mystères du Nautilus,6,OPERATING,STANDBY,5,,,queue-times.com
2026-08-05T12:01:26Z,2026-08-05,14,1,Disneyland Park,Mickey’s PhilharMagic,2707,OPERATING,STANDBY,0,,,queue-times.com
2026-08-05T12:01:26Z,2026-08-05,14,1,Disneyland Park,Orbitron®,7,OPERATING,STANDBY,70,,,queue-times.com
2026-08-05T12:01:26Z,2026-08-05,14,1,Disneyland Park,Star Tours: The Adventures Continue*,9,OPERATING,STANDBY,15,,,queue-times.com
2026-08-05T12:01:26Z,2026-08-05,14,1,Disneyland Park,Star Wars Hyperspace Mountain,8,OPERATING,STANDBY,40,,,queue-times.com
2026-08-05T12:01:26Z,2026-08-05,14,1,Disneyland Park,Star Wars Hyperspace Mountain Single Rider,7278,OPERATING,STANDBY,30,,,queue-times.com
2026-08-05T12:01:26Z,2026-08-05,14,1,Disneyland Park,Welcome to Starport: A Star Wars Encounter,4573,OPERATING,STANDBY,25,,,queue-times.com
2026-08-05T12:01:26Z,2026-08-05,14,1,Disneyland Park,"""it's a small world""",19,OPERATING,STANDBY,15,,,queue-times.com
2026-08-05T12:01:26Z,2026-08-05,14,1,Disneyland Park,Alice's Curious Labyrinth,14,OPERATING,STANDBY,5,,,queue-times.com
2026-08-05T12:01:26Z,2026-08-05,14,1,Disneyland Park,Blanche-Neige et les Sept Nains®,15,OPERATING,STANDBY,15,,,queue-times.com
2026-08-05T12:01:26Z,2026-08-05,14,1,Disneyland Park,Casey Jr. – le Petit Train du Cirque,17,OPERATING,STANDBY,20,,,queue-times.com
2026-08-05T12:01:26Z,2026-08-05,14,1,Disneyland Park,Disneyland Railroad Fantasyland Station,2711,CLOSED,STANDBY,0,,,queue-times.com
2026-08-05T12:01:26Z,2026-08-05,14,1,Disneyland Park,Disneyland Railroad Main Street Station,11,OPERATING,STANDBY,45,,,queue-times.com
2026-08-05T12:01:26Z,2026-08-05,14,1,Disneyland Park,Dumbo the Flying Elephant,18,OPERATING,STANDBY,55,,,queue-times.com
2026-08-05T12:01:26Z,2026-08-05,14,1,Disneyland Park,La Tanière du Dragon,2710,OPERATING,STANDBY,0,,,queue-times.com
2026-08-05T12:01:26Z,2026-08-05,14,1,Disneyland Park,Le Carrousel de Lancelot,16,OPERATING,STANDBY,25,,,queue-times.com
2026-08-05T12:01:26Z,2026-08-05,14,1,Disneyland Park,"Le Pays des Contes de Fées, presented by Vittel",21,OPERATING,STANDBY,10,,,queue-times.com
2026-08-05T12:01:26Z,2026-08-05,14,1,Disneyland Park,Les Voyages de Pinocchio,23,OPERATING,STANDBY,30,,,queue-times.com
2026-08-05T12:01:26Z,2026-08-05,14,1,Disneyland Park,Mad Hatter's Tea Cups,20,OPERATING,STANDBY,10,,,queue-times.com
2026-08-05T12:01:26Z,2026-08-05,14,1,Disneyland Park,Meet Mickey Mouse,13,OPERATING,STANDBY,0,,,queue-times.com
2026-08-05T12:01:26Z,2026-08-05,14,1,Disneyland Park,Peter Pan's Flight,22,OPERATING,STANDBY,55,,,queue-times.com
2026-08-05T12:01:26Z,2026-08-05,14,1,Disneyland Park,Princess Pavilion,24,OPERATING,STANDBY,0,,,queue-times.com
2026-08-05T12:01:26Z,2026-08-05,14,1,Disneyland Park,Big Thunder Mountain,25,OPERATING,STANDBY,70,,,queue-times.com
2026-08-05T12:01:26Z,2026-08-05,14,1,Disneyland Park,Disneyland Railroad Frontierland Depot,2714,OPERATING,STANDBY,40,,,queue-times.com
2026-08-05T12:01:26Z,2026-08-05,14,1,Disneyland Park,Frontierland Playground,2713,OPERATING,STANDBY,0,,,queue-times.com
2026-08-05T12:01:26Z,2026-08-05,14,1,Disneyland Park,Phantom Manor,26,OPERATING,STANDBY,25,,,queue-times.com
2026-08-05T12:01:26Z,2026-08-05,14,1,Disneyland Park,River Rogue Keelboats,27,CLOSED,STANDBY,0,,,queue-times.com
2026-08-05T12:01:26Z,2026-08-05,14,1,Disneyland Park,Rustler Roundup Shootin' Gallery,2712,OPERATING,STANDBY,0,,,queue-times.com
2026-08-05T12:01:26Z,2026-08-05,14,1,Disneyland Park,Thunder Mesa Riverboat Landing,28,OPERATING,STANDBY,20,,,queue-times.com
2026-08-05T12:01:26Z,2026-08-05,14,1,Disneyland Park,Disneyland Railroad Main Street Station,2708,OPERATING,STANDBY,0,,,queue-times.com
2026-08-05T12:01:26Z,2026-08-05,14,1,Disneyland Park,Main Street Vehicles,12,CLOSED,STANDBY,0,,,queue-times.com
2026-08-05T12:01:26Z,2026-08-05,14,1,Disney Adventure World,Avengers Assemble: Flight Force,10848,OPERATING,STANDBY,25,,,queue-times.com
2026-08-05T12:01:26Z,2026-08-05,14,1,Disney Adventure World,Avengers Assemble: Flight Force Single Rider,10849,OPERATING,STANDBY,20,,,queue-times.com
2026-08-05T12:01:26Z,2026-08-05,14,1,Disney Adventure World,Spider-Man W.E.B. Adventure,10845,OPERATING,STANDBY,60,,,queue-times.com
2026-08-05T12:01:26Z,2026-08-05,14,1,Disney Adventure World,Spider-Man W.E.B. Adventure Single Rider,10846,OPERATING,STANDBY,25,,,queue-times.com
2026-08-05T12:01:26Z,2026-08-05,14,1,Disney Adventure World,The Twilight Zone Tower of Terror,40,OPERATING,STANDBY,20,,,queue-times.com
2026-08-05T12:01:26Z,2026-08-05,14,1,Disney Adventure World,Cars Quatre Roues Rallye,31,OPERATING,STANDBY,15,,,queue-times.com
2026-08-05T12:01:26Z,2026-08-05,14,1,Disney Adventure World,Cars ROAD TRIP,29,OPERATING,STANDBY,5,,,queue-times.com
2026-08-05T12:01:26Z,2026-08-05,14,1,Disney Adventure World,Crush's Coaster,32,OPERATING,STANDBY,75,,,queue-times.com
2026-08-05T12:01:26Z,2026-08-05,14,1,Disney Adventure World,Crush's Coaster Single Rider,7277,OPERATING,STANDBY,65,,,queue-times.com
2026-08-05T12:01:26Z,2026-08-05,14,1,Disney Adventure World,Les Tapis Volants - Flying Carpets Over Agrabah®,33,OPERATING,STANDBY,20,,,queue-times.com
2026-08-05T12:01:26Z,2026-08-05,14,1,Disney Adventure World,Ratatouille : L’Aventure Totalement Toquée de Rémy​,37,OPERATING,STANDBY,70,,,queue-times.com
2026-08-05T12:01:26Z,2026-08-05,14,1,Disney Adventure World,Ratatouille: The Adventure Single Rider,7279,OPERATING,STANDBY,15,,,queue-times.com
2026-08-05T12:01:26Z,2026-08-05,14,1,Disney Adventure World,RC Racer,34,OPERATING,STANDBY,50,,,queue-times.com
2026-08-05T12:01:26Z,2026-08-05,14,1,Disney Adventure World,RC Racer Single Rider,7280,OPERATING,STANDBY,30,,,queue-times.com
2026-08-05T12:01:26Z,2026-08-05,14,1,Disney Adventure World,Slinky® Dog Zigzag Spin,36,OPERATING,STANDBY,20,,,queue-times.com
2026-08-05T12:01:26Z,2026-08-05,14,1,Disney Adventure World,Toy Soldiers Parachute Drop,35,OPERATING,STANDBY,55,,,queue-times.com
2026-08-05T12:01:26Z,2026-08-05,14,1,Disney Adventure World,Toy Soldiers Parachute Drop Single Rider,7281,OPERATING,STANDBY,15,,,queue-times.com
2026-08-05T12:01:26Z,2026-08-05,14,1,Disney Adventure World,Entry to World of Frozen,16247,OPERATING,STANDBY,0,,,queue-times.com
2026-08-05T12:01:26Z,2026-08-05,14,1,Disney Adventure World,Frozen Ever After,15413,OPERATING,STANDBY,70,,,queue-times.com
2026-08-05T12:01:26Z,2026-08-05,14,1,Disney Adventure World,Raiponce Tangled Spin,15415,OPERATING,STANDBY,15,,,queue-times.com
2026-08-05T12:15:52Z,2026-08-05,14,15,Disneyland Park,Adventure Isle,2702,OPERATING,STANDBY,0,,,queue-times.com
2026-08-05T12:15:52Z,2026-08-05,14,15,Disneyland Park,Indiana Jones and the Temple of Peril Single Rider,7306,OPERATING,STANDBY,15,,,queue-times.com
2026-08-05T12:15:52Z,2026-08-05,14,15,Disneyland Park,Indiana Jones™ and the Temple of Peril,2,OPERATING,STANDBY,30,,,queue-times.com
2026-08-05T12:15:52Z,2026-08-05,14,15,Disneyland Park,La Cabane des Robinson,1,OPERATING,STANDBY,10,,,queue-times.com
2026-08-05T12:15:52Z,2026-08-05,14,15,Disneyland Park,Le Passage Enchanté d'Aladdin,2703,OPERATING,STANDBY,0,,,queue-times.com
2026-08-05T12:15:52Z,2026-08-05,14,15,Disneyland Park,Pirate Galleon,2705,CLOSED,STANDBY,0,,,queue-times.com
2026-08-05T12:15:52Z,2026-08-05,14,15,Disneyland Park,Pirates of the Caribbean,3,OPERATING,STANDBY,35,,,queue-times.com
2026-08-05T12:15:52Z,2026-08-05,14,15,Disneyland Park,Pirates' Beach,2704,OPERATING,STANDBY,0,,,queue-times.com
2026-08-05T12:15:52Z,2026-08-05,14,15,Disneyland Park,"Autopia, presented by Avis",4,OPERATING,STANDBY,40,,,queue-times.com
2026-08-05T12:15:52Z,2026-08-05,14,15,Disneyland Park,Buzz Lightyear Laser Blast,5,OPERATING,STANDBY,45,,,queue-times.com
2026-08-05T12:15:52Z,2026-08-05,14,15,Disneyland Park,Disneyland Railroad Discoveryland Station,2706,CLOSED,STANDBY,0,,,queue-times.com
2026-08-05T12:15:52Z,2026-08-05,14,15,Disneyland Park,Les Mystères du Nautilus,6,OPERATING,STANDBY,5,,,queue-times.com
2026-08-05T12:15:52Z,2026-08-05,14,15,Disneyland Park,Mickey’s PhilharMagic,2707,OPERATING,STANDBY,0,,,queue-times.com
2026-08-05T12:15:52Z,2026-08-05,14,15,Disneyland Park,Orbitron®,7,OPERATING,STANDBY,55,,,queue-times.com
2026-08-05T12:15:52Z,2026-08-05,14,15,Disneyland Park,Star Tours: The Adventures Continue*,9,OPERATING,STANDBY,15,,,queue-times.com
2026-08-05T12:15:52Z,2026-08-05,14,15,Disneyland Park,Star Wars Hyperspace Mountain,8,OPERATING,STANDBY,35,,,queue-times.com
2026-08-05T12:15:52Z,2026-08-05,14,15,Disneyland Park,Star Wars Hyperspace Mountain Single Rider,7278,OPERATING,STANDBY,30,,,queue-times.com
2026-08-05T12:15:52Z,2026-08-05,14,15,Disneyland Park,Welcome to Starport: A Star Wars Encounter,4573,OPERATING,STANDBY,15,,,queue-times.com
2026-08-05T12:15:52Z,2026-08-05,14,15,Disneyland Park,"""it's a small world""",19,OPERATING,STANDBY,20,,,queue-times.com
2026-08-05T12:15:52Z,2026-08-05,14,15,Disneyland Park,Alice's Curious Labyrinth,14,OPERATING,STANDBY,5,,,queue-times.com
2026-08-05T12:15:52Z,2026-08-05,14,15,Disneyland Park,Blanche-Neige et les Sept Nains®,15,OPERATING,STANDBY,10,,,queue-times.com
2026-08-05T12:15:52Z,2026-08-05,14,15,Disneyland Park,Casey Jr. – le Petit Train du Cirque,17,OPERATING,STANDBY,20,,,queue-times.com
2026-08-05T12:15:52Z,2026-08-05,14,15,Disneyland Park,Disneyland Railroad Fantasyland Station,2711,CLOSED,STANDBY,0,,,queue-times.com
2026-08-05T12:15:52Z,2026-08-05,14,15,Disneyland Park,Disneyland Railroad Main Street Station,11,OPERATING,STANDBY,45,,,queue-times.com
2026-08-05T12:15:52Z,2026-08-05,14,15,Disneyland Park,Dumbo the Flying Elephant,18,OPERATING,STANDBY,55,,,queue-times.com
2026-08-05T12:15:52Z,2026-08-05,14,15,Disneyland Park,La Tanière du Dragon,2710,OPERATING,STANDBY,0,,,queue-times.com
2026-08-05T12:15:52Z,2026-08-05,14,15,Disneyland Park,Le Carrousel de Lancelot,16,OPERATING,STANDBY,25,,,queue-times.com
2026-08-05T12:15:52Z,2026-08-05,14,15,Disneyland Park,"Le Pays des Contes de Fées, presented by Vittel",21,OPERATING,STANDBY,5,,,queue-times.com
2026-08-05T12:15:52Z,2026-08-05,14,15,Disneyland Park,Les Voyages de Pinocchio,23,OPERATING,STANDBY,30,,,queue-times.com
2026-08-05T12:15:52Z,2026-08-05,14,15,Disneyland Park,Mad Hatter's Tea Cups,20,OPERATING,STANDBY,10,,,queue-times.com
2026-08-05T12:15:52Z,2026-08-05,14,15,Disneyland Park,Meet Mickey Mouse,13,OPERATING,STANDBY,0,,,queue-times.com
2026-08-05T12:15:52Z,2026-08-05,14,15,Disneyland Park,Peter Pan's Flight,22,OPERATING,STANDBY,65,,,queue-times.com
2026-08-05T12:15:52Z,2026-08-05,14,15,Disneyland Park,Princess Pavilion,24,OPERATING,STANDBY,0,,,queue-times.com
2026-08-05T12:15:52Z,2026-08-05,14,15,Disneyland Park,Big Thunder Mountain,25,OPERATING,STANDBY,80,,,queue-times.com
2026-08-05T12:15:52Z,2026-08-05,14,15,Disneyland Park,Disneyland Railroad Frontierland Depot,2714,OPERATING,STANDBY,40,,,queue-times.com
2026-08-05T12:15:52Z,2026-08-05,14,15,Disneyland Park,Frontierland Playground,2713,OPERATING,STANDBY,0,,,queue-times.com
2026-08-05T12:15:52Z,2026-08-05,14,15,Disneyland Park,Phantom Manor,26,OPERATING,STANDBY,20,,,queue-times.com
2026-08-05T12:15:52Z,2026-08-05,14,15,Disneyland Park,River Rogue Keelboats,27,CLOSED,STANDBY,0,,,queue-times.com
2026-08-05T12:15:52Z,2026-08-05,14,15,Disneyland Park,Rustler Roundup Shootin' Gallery,2712,OPERATING,STANDBY,0,,,queue-times.com
2026-08-05T12:15:52Z,2026-08-05,14,15,Disneyland Park,Thunder Mesa Riverboat Landing,28,OPERATING,STANDBY,20,,,queue-times.com
2026-08-05T12:15:52Z,2026-08-05,14,15,Disneyland Park,Disneyland Railroad Main Street Station,2708,OPERATING,STANDBY,0,,,queue-times.com
2026-08-05T12:15:52Z,2026-08-05,14,15,Disneyland Park,Main Street Vehicles,12,CLOSED,STANDBY,0,,,queue-times.com
2026-08-05T12:15:52Z,2026-08-05,14,15,Disney Adventure World,Avengers Assemble: Flight Force,10848,OPERATING,STANDBY,30,,,queue-times.com
2026-08-05T12:15:52Z,2026-08-05,14,15,Disney Adventure World,Avengers Assemble: Flight Force Single Rider,10849,OPERATING,STANDBY,20,,,queue-times.com
2026-08-05T12:15:52Z,2026-08-05,14,15,Disney Adventure World,Spider-Man W.E.B. Adventure,10845,OPERATING,STANDBY,55,,,queue-times.com
2026-08-05T12:15:52Z,2026-08-05,14,15,Disney Adventure World,Spider-Man W.E.B. Adventure Single Rider,10846,OPERATING,STANDBY,25,,,queue-times.com
2026-08-05T12:15:52Z,2026-08-05,14,15,Disney Adventure World,The Twilight Zone Tower of Terror,40,OPERATING,STANDBY,40,,,queue-times.com
2026-08-05T12:15:52Z,2026-08-05,14,15,Disney Adventure World,Cars Quatre Roues Rallye,31,OPERATING,STANDBY,20,,,queue-times.com
2026-08-05T12:15:52Z,2026-08-05,14,15,Disney Adventure World,Cars ROAD TRIP,29,OPERATING,STANDBY,5,,,queue-times.com
2026-08-05T12:15:52Z,2026-08-05,14,15,Disney Adventure World,Crush's Coaster,32,OPERATING,STANDBY,75,,,queue-times.com
2026-08-05T12:15:52Z,2026-08-05,14,15,Disney Adventure World,Crush's Coaster Single Rider,7277,OPERATING,STANDBY,50,,,queue-times.com
2026-08-05T12:15:52Z,2026-08-05,14,15,Disney Adventure World,Les Tapis Volants - Flying Carpets Over Agrabah®,33,OPERATING,STANDBY,25,,,queue-times.com
2026-08-05T12:15:52Z,2026-08-05,14,15,Disney Adventure World,Ratatouille : L’Aventure Totalement Toquée de Rémy​,37,OPERATING,STANDBY,55,,,queue-times.com
2026-08-05T12:15:52Z,2026-08-05,14,15,Disney Adventure World,Ratatouille: The Adventure Single Rider,7279,OPERATING,STANDBY,30,,,queue-times.com
2026-08-05T12:15:52Z,2026-08-05,14,15,Disney Adventure World,RC Racer,34,OPERATING,STANDBY,50,,,queue-times.com
2026-08-05T12:15:52Z,2026-08-05,14,15,Disney Adventure World,RC Racer Single Rider,7280,OPERATING,STANDBY,45,,,queue-times.com
2026-08-05T12:15:52Z,2026-08-05,14,15,Disney Adventure World,Slinky® Dog Zigzag Spin,36,OPERATING,STANDBY,25,,,queue-times.com
2026-08-05T12:15:52Z,2026-08-05,14,15,Disney Adventure World,Toy Soldiers Parachute Drop,35,OPERATING,STANDBY,55,,,queue-times.com
2026-08-05T12:15:52Z,2026-08-05,14,15,Disney Adventure World,Toy Soldiers Parachute Drop Single Rider,7281,OPERATING,STANDBY,25,,,queue-times.com
2026-08-05T12:15:52Z,2026-08-05,14,15,Disney Adventure World,Entry to World of Frozen,16247,OPERATING,STANDBY,0,,,queue-times.com
2026-08-05T12:15:52Z,2026-08-05,14,15,Disney Adventure World,Frozen Ever After,15413,OPERATING,STANDBY,70,,,queue-times.com
2026-08-05T12:15:52Z,2026-08-05,14,15,Disney Adventure World,Raiponce Tangled Spin,15415,OPERATING,STANDBY,10,,,queue-times.com
2026-08-05T12:31:10Z,2026-08-05,14,31,Disneyland Park,Adventure Isle,2702,OPERATING,STANDBY,0,,,queue-times.com
2026-08-05T12:31:10Z,2026-08-05,14,31,Disneyland Park,Indiana Jones and the Temple of Peril Single Rider,7306,OPERATING,STANDBY,30,,,queue-times.com
2026-08-05T12:31:10Z,2026-08-05,14,31,Disneyland Park,Indiana Jones™ and the Temple of Peril,2,OPERATING,STANDBY,40,,,queue-times.com
2026-08-05T12:31:10Z,2026-08-05,14,31,Disneyland Park,La Cabane des Robinson,1,OPERATING,STANDBY,5,,,queue-times.com
2026-08-05T12:31:10Z,2026-08-05,14,31,Disneyland Park,Le Passage Enchanté d'Aladdin,2703,OPERATING,STANDBY,0,,,queue-times.com
2026-08-05T12:31:10Z,2026-08-05,14,31,Disneyland Park,Pirate Galleon,2705,CLOSED,STANDBY,0,,,queue-times.com
2026-08-05T12:31:10Z,2026-08-05,14,31,Disneyland Park,Pirates of the Caribbean,3,OPERATING,STANDBY,35,,,queue-times.com
2026-08-05T12:31:10Z,2026-08-05,14,31,Disneyland Park,Pirates' Beach,2704,OPERATING,STANDBY,0,,,queue-times.com
2026-08-05T12:31:10Z,2026-08-05,14,31,Disneyland Park,"Autopia, presented by Avis",4,OPERATING,STANDBY,40,,,queue-times.com
2026-08-05T12:31:10Z,2026-08-05,14,31,Disneyland Park,Buzz Lightyear Laser Blast,5,OPERATING,STANDBY,40,,,queue-times.com
2026-08-05T12:31:10Z,2026-08-05,14,31,Disneyland Park,Disneyland Railroad Discoveryland Station,2706,CLOSED,STANDBY,0,,,queue-times.com
2026-08-05T12:31:10Z,2026-08-05,14,31,Disneyland Park,Les Mystères du Nautilus,6,OPERATING,STANDBY,5,,,queue-times.com
2026-08-05T12:31:10Z,2026-08-05,14,31,Disneyland Park,Mickey’s PhilharMagic,2707,OPERATING,STANDBY,0,,,queue-times.com
2026-08-05T12:31:10Z,2026-08-05,14,31,Disneyland Park,Orbitron®,7,OPERATING,STANDBY,50,,,queue-times.com
2026-08-05T12:31:10Z,2026-08-05,14,31,Disneyland Park,Star Tours: The Adventures Continue*,9,OPERATING,STANDBY,15,,,queue-times.com
2026-08-05T12:31:10Z,2026-08-05,14,31,Disneyland Park,Star Wars Hyperspace Mountain,8,OPERATING,STANDBY,45,,,queue-times.com
2026-08-05T12:31:10Z,2026-08-05,14,31,Disneyland Park,Star Wars Hyperspace Mountain Single Rider,7278,OPERATING,STANDBY,30,,,queue-times.com
2026-08-05T12:31:10Z,2026-08-05,14,31,Disneyland Park,Welcome to Starport: A Star Wars Encounter,4573,OPERATING,STANDBY,15,,,queue-times.com
2026-08-05T12:31:10Z,2026-08-05,14,31,Disneyland Park,"""it's a small world""",19,OPERATING,STANDBY,15,,,queue-times.com
2026-08-05T12:31:10Z,2026-08-05,14,31,Disneyland Park,Alice's Curious Labyrinth,14,OPERATING,STANDBY,5,,,queue-times.com
2026-08-05T12:31:10Z,2026-08-05,14,31,Disneyland Park,Blanche-Neige et les Sept Nains®,15,CLOSED,STANDBY,0,,,queue-times.com
2026-08-05T12:31:10Z,2026-08-05,14,31,Disneyland Park,Casey Jr. – le Petit Train du Cirque,17,OPERATING,STANDBY,20,,,queue-times.com
2026-08-05T12:31:10Z,2026-08-05,14,31,Disneyland Park,Disneyland Railroad Fantasyland Station,2711,CLOSED,STANDBY,0,,,queue-times.com
2026-08-05T12:31:10Z,2026-08-05,14,31,Disneyland Park,Disneyland Railroad Main Street Station,11,OPERATING,STANDBY,10,,,queue-times.com
2026-08-05T12:31:10Z,2026-08-05,14,31,Disneyland Park,Dumbo the Flying Elephant,18,OPERATING,STANDBY,55,,,queue-times.com
2026-08-05T12:31:10Z,2026-08-05,14,31,Disneyland Park,La Tanière du Dragon,2710,OPERATING,STANDBY,0,,,queue-times.com
2026-08-05T12:31:10Z,2026-08-05,14,31,Disneyland Park,Le Carrousel de Lancelot,16,OPERATING,STANDBY,25,,,queue-times.com
2026-08-05T12:31:10Z,2026-08-05,14,31,Disneyland Park,"Le Pays des Contes de Fées, presented by Vittel",21,OPERATING,STANDBY,5,,,queue-times.com
2026-08-05T12:31:10Z,2026-08-05,14,31,Disneyland Park,Les Voyages de Pinocchio,23,OPERATING,STANDBY,30,,,queue-times.com
2026-08-05T12:31:10Z,2026-08-05,14,31,Disneyland Park,Mad Hatter's Tea Cups,20,OPERATING,STANDBY,10,,,queue-times.com
2026-08-05T12:31:10Z,2026-08-05,14,31,Disneyland Park,Meet Mickey Mouse,13,OPERATING,STANDBY,0,,,queue-times.com
2026-08-05T12:31:10Z,2026-08-05,14,31,Disneyland Park,Peter Pan's Flight,22,OPERATING,STANDBY,60,,,queue-times.com
2026-08-05T12:31:10Z,2026-08-05,14,31,Disneyland Park,Princess Pavilion,24,OPERATING,STANDBY,0,,,queue-times.com
2026-08-05T12:31:10Z,2026-08-05,14,31,Disneyland Park,Big Thunder Mountain,25,OPERATING,STANDBY,80,,,queue-times.com
2026-08-05T12:31:10Z,2026-08-05,14,31,Disneyland Park,Disneyland Railroad Frontierland Depot,2714,OPERATING,STANDBY,20,,,queue-times.com
2026-08-05T12:31:10Z,2026-08-05,14,31,Disneyland Park,Frontierland Playground,2713,OPERATING,STANDBY,0,,,queue-times.com
2026-08-05T12:31:10Z,2026-08-05,14,31,Disneyland Park,Phantom Manor,26,OPERATING,STANDBY,20,,,queue-times.com
2026-08-05T12:31:10Z,2026-08-05,14,31,Disneyland Park,River Rogue Keelboats,27,CLOSED,STANDBY,0,,,queue-times.com
2026-08-05T12:31:10Z,2026-08-05,14,31,Disneyland Park,Rustler Roundup Shootin' Gallery,2712,OPERATING,STANDBY,0,,,queue-times.com
2026-08-05T12:31:10Z,2026-08-05,14,31,Disneyland Park,Thunder Mesa Riverboat Landing,28,OPERATING,STANDBY,20,,,queue-times.com
2026-08-05T12:31:10Z,2026-08-05,14,31,Disneyland Park,Disneyland Railroad Main Street Station,2708,OPERATING,STANDBY,0,,,queue-times.com
2026-08-05T12:31:10Z,2026-08-05,14,31,Disneyland Park,Main Street Vehicles,12,CLOSED,STANDBY,0,,,queue-times.com
2026-08-05T12:31:10Z,2026-08-05,14,31,Disney Adventure World,Avengers Assemble: Flight Force,10848,OPERATING,STANDBY,35,,,queue-times.com
2026-08-05T12:31:10Z,2026-08-05,14,31,Disney Adventure World,Avengers Assemble: Flight Force Single Rider,10849,OPERATING,STANDBY,25,,,queue-times.com
2026-08-05T12:31:10Z,2026-08-05,14,31,Disney Adventure World,Spider-Man W.E.B. Adventure,10845,OPERATING,STANDBY,45,,,queue-times.com
2026-08-05T12:31:10Z,2026-08-05,14,31,Disney Adventure World,Spider-Man W.E.B. Adventure Single Rider,10846,OPERATING,STANDBY,25,,,queue-times.com
2026-08-05T12:31:10Z,2026-08-05,14,31,Disney Adventure World,The Twilight Zone Tower of Terror,40,OPERATING,STANDBY,70,,,queue-times.com
2026-08-05T12:31:10Z,2026-08-05,14,31,Disney Adventure World,Cars Quatre Roues Rallye,31,OPERATING,STANDBY,20,,,queue-times.com
2026-08-05T12:31:10Z,2026-08-05,14,31,Disney Adventure World,Cars ROAD TRIP,29,OPERATING,STANDBY,15,,,queue-times.com
2026-08-05T12:31:10Z,2026-08-05,14,31,Disney Adventure World,Crush's Coaster,32,OPERATING,STANDBY,70,,,queue-times.com
2026-08-05T12:31:10Z,2026-08-05,14,31,Disney Adventure World,Crush's Coaster Single Rider,7277,OPERATING,STANDBY,45,,,queue-times.com
2026-08-05T12:31:10Z,2026-08-05,14,31,Disney Adventure World,Les Tapis Volants - Flying Carpets Over Agrabah®,33,OPERATING,STANDBY,25,,,queue-times.com
2026-08-05T12:31:10Z,2026-08-05,14,31,Disney Adventure World,Ratatouille : L’Aventure Totalement Toquée de Rémy​,37,OPERATING,STANDBY,70,,,queue-times.com
2026-08-05T12:31:10Z,2026-08-05,14,31,Disney Adventure World,Ratatouille: The Adventure Single Rider,7279,OPERATING,STANDBY,30,,,queue-times.com
2026-08-05T12:31:10Z,2026-08-05,14,31,Disney Adventure World,RC Racer,34,OPERATING,STANDBY,50,,,queue-times.com
2026-08-05T12:31:10Z,2026-08-05,14,31,Disney Adventure World,RC Racer Single Rider,7280,OPERATING,STANDBY,45,,,queue-times.com
2026-08-05T12:31:10Z,2026-08-05,14,31,Disney Adventure World,Slinky® Dog Zigzag Spin,36,OPERATING,STANDBY,35,,,queue-times.com
2026-08-05T12:31:10Z,2026-08-05,14,31,Disney Adventure World,Toy Soldiers Parachute Drop,35,OPERATING,STANDBY,55,,,queue-times.com
2026-08-05T12:31:10Z,2026-08-05,14,31,Disney Adventure World,Toy Soldiers Parachute Drop Single Rider,7281,OPERATING,STANDBY,20,,,queue-times.com
2026-08-05T12:31:10Z,2026-08-05,14,31,Disney Adventure World,Entry to World of Frozen,16247,OPERATING,STANDBY,0,,,queue-times.com
2026-08-05T12:31:10Z,2026-08-05,14,31,Disney Adventure World,Frozen Ever After,15413,OPERATING,STANDBY,50,,,queue-times.com
2026-08-05T12:31:10Z,2026-08-05,14,31,Disney Adventure World,Raiponce Tangled Spin,15415,OPERATING,STANDBY,15,,,queue-times.com
2026-08-05T12:45:44Z,2026-08-05,14,45,Disneyland Park,Adventure Isle,2702,OPERATING,STANDBY,0,,,queue-times.com
2026-08-05T12:45:44Z,2026-08-05,14,45,Disneyland Park,Indiana Jones and the Temple of Peril Single Rider,7306,OPERATING,STANDBY,20,,,queue-times.com
2026-08-05T12:45:44Z,2026-08-05,14,45,Disneyland Park,Indiana Jones™ and the Temple of Peril,2,OPERATING,STANDBY,40,,,queue-times.com
2026-08-05T12:45:44Z,2026-08-05,14,45,Disneyland Park,La Cabane des Robinson,1,OPERATING,STANDBY,5,,,queue-times.com
2026-08-05T12:45:44Z,2026-08-05,14,45,Disneyland Park,Le Passage Enchanté d'Aladdin,2703,OPERATING,STANDBY,0,,,queue-times.com
2026-08-05T12:45:44Z,2026-08-05,14,45,Disneyland Park,Pirate Galleon,2705,CLOSED,STANDBY,0,,,queue-times.com
2026-08-05T12:45:44Z,2026-08-05,14,45,Disneyland Park,Pirates of the Caribbean,3,OPERATING,STANDBY,45,,,queue-times.com
2026-08-05T12:45:44Z,2026-08-05,14,45,Disneyland Park,Pirates' Beach,2704,OPERATING,STANDBY,0,,,queue-times.com
2026-08-05T12:45:44Z,2026-08-05,14,45,Disneyland Park,"Autopia, presented by Avis",4,OPERATING,STANDBY,45,,,queue-times.com
2026-08-05T12:45:44Z,2026-08-05,14,45,Disneyland Park,Buzz Lightyear Laser Blast,5,OPERATING,STANDBY,35,,,queue-times.com
2026-08-05T12:45:44Z,2026-08-05,14,45,Disneyland Park,Disneyland Railroad Discoveryland Station,2706,CLOSED,STANDBY,0,,,queue-times.com
2026-08-05T12:45:44Z,2026-08-05,14,45,Disneyland Park,Les Mystères du Nautilus,6,OPERATING,STANDBY,5,,,queue-times.com
2026-08-05T12:45:44Z,2026-08-05,14,45,Disneyland Park,Mickey’s PhilharMagic,2707,OPERATING,STANDBY,0,,,queue-times.com
2026-08-05T12:45:44Z,2026-08-05,14,45,Disneyland Park,Orbitron®,7,OPERATING,STANDBY,60,,,queue-times.com
2026-08-05T12:45:44Z,2026-08-05,14,45,Disneyland Park,Star Tours: The Adventures Continue*,9,OPERATING,STANDBY,30,,,queue-times.com
2026-08-05T12:45:44Z,2026-08-05,14,45,Disneyland Park,Star Wars Hyperspace Mountain,8,OPERATING,STANDBY,45,,,queue-times.com
2026-08-05T12:45:44Z,2026-08-05,14,45,Disneyland Park,Star Wars Hyperspace Mountain Single Rider,7278,OPERATING,STANDBY,30,,,queue-times.com
2026-08-05T12:45:44Z,2026-08-05,14,45,Disneyland Park,Welcome to Starport: A Star Wars Encounter,4573,OPERATING,STANDBY,40,,,queue-times.com
2026-08-05T12:45:44Z,2026-08-05,14,45,Disneyland Park,"""it's a small world""",19,OPERATING,STANDBY,10,,,queue-times.com
2026-08-05T12:45:44Z,2026-08-05,14,45,Disneyland Park,Alice's Curious Labyrinth,14,OPERATING,STANDBY,5,,,queue-times.com
2026-08-05T12:45:44Z,2026-08-05,14,45,Disneyland Park,Blanche-Neige et les Sept Nains®,15,CLOSED,STANDBY,0,,,queue-times.com
2026-08-05T12:45:44Z,2026-08-05,14,45,Disneyland Park,Casey Jr. – le Petit Train du Cirque,17,OPERATING,STANDBY,20,,,queue-times.com
2026-08-05T12:45:44Z,2026-08-05,14,45,Disneyland Park,Disneyland Railroad Fantasyland Station,2711,CLOSED,STANDBY,0,,,queue-times.com
2026-08-05T12:45:44Z,2026-08-05,14,45,Disneyland Park,Disneyland Railroad Main Street Station,11,OPERATING,STANDBY,10,,,queue-times.com
2026-08-05T12:45:44Z,2026-08-05,14,45,Disneyland Park,Dumbo the Flying Elephant,18,OPERATING,STANDBY,35,,,queue-times.com
2026-08-05T12:45:44Z,2026-08-05,14,45,Disneyland Park,La Tanière du Dragon,2710,OPERATING,STANDBY,0,,,queue-times.com
2026-08-05T12:45:44Z,2026-08-05,14,45,Disneyland Park,Le Carrousel de Lancelot,16,OPERATING,STANDBY,25,,,queue-times.com
2026-08-05T12:45:44Z,2026-08-05,14,45,Disneyland Park,"Le Pays des Contes de Fées, presented by Vittel",21,OPERATING,STANDBY,5,,,queue-times.com
2026-08-05T12:45:44Z,2026-08-05,14,45,Disneyland Park,Les Voyages de Pinocchio,23,OPERATING,STANDBY,30,,,queue-times.com
2026-08-05T12:45:44Z,2026-08-05,14,45,Disneyland Park,Mad Hatter's Tea Cups,20,OPERATING,STANDBY,10,,,queue-times.com
2026-08-05T12:45:44Z,2026-08-05,14,45,Disneyland Park,Meet Mickey Mouse,13,OPERATING,STANDBY,0,,,queue-times.com
2026-08-05T12:45:44Z,2026-08-05,14,45,Disneyland Park,Peter Pan's Flight,22,OPERATING,STANDBY,60,,,queue-times.com
2026-08-05T12:45:44Z,2026-08-05,14,45,Disneyland Park,Princess Pavilion,24,OPERATING,STANDBY,0,,,queue-times.com
2026-08-05T12:45:44Z,2026-08-05,14,45,Disneyland Park,Big Thunder Mountain,25,OPERATING,STANDBY,80,,,queue-times.com
2026-08-05T12:45:44Z,2026-08-05,14,45,Disneyland Park,Disneyland Railroad Frontierland Depot,2714,OPERATING,STANDBY,10,,,queue-times.com
2026-08-05T12:45:44Z,2026-08-05,14,45,Disneyland Park,Frontierland Playground,2713,OPERATING,STANDBY,0,,,queue-times.com
2026-08-05T12:45:44Z,2026-08-05,14,45,Disneyland Park,Phantom Manor,26,OPERATING,STANDBY,15,,,queue-times.com
2026-08-05T12:45:44Z,2026-08-05,14,45,Disneyland Park,River Rogue Keelboats,27,CLOSED,STANDBY,0,,,queue-times.com
2026-08-05T12:45:44Z,2026-08-05,14,45,Disneyland Park,Rustler Roundup Shootin' Gallery,2712,OPERATING,STANDBY,0,,,queue-times.com
2026-08-05T12:45:44Z,2026-08-05,14,45,Disneyland Park,Thunder Mesa Riverboat Landing,28,OPERATING,STANDBY,20,,,queue-times.com
2026-08-05T12:45:44Z,2026-08-05,14,45,Disneyland Park,Disneyland Railroad Main Street Station,2708,OPERATING,STANDBY,0,,,queue-times.com
2026-08-05T12:45:44Z,2026-08-05,14,45,Disneyland Park,Main Street Vehicles,12,CLOSED,STANDBY,0,,,queue-times.com
2026-08-05T12:45:44Z,2026-08-05,14,45,Disney Adventure World,Avengers Assemble: Flight Force,10848,OPERATING,STANDBY,30,,,queue-times.com
2026-08-05T12:45:44Z,2026-08-05,14,45,Disney Adventure World,Avengers Assemble: Flight Force Single Rider,10849,OPERATING,STANDBY,25,,,queue-times.com
2026-08-05T12:45:44Z,2026-08-05,14,45,Disney Adventure World,Spider-Man W.E.B. Adventure,10845,OPERATING,STANDBY,45,,,queue-times.com
2026-08-05T12:45:44Z,2026-08-05,14,45,Disney Adventure World,Spider-Man W.E.B. Adventure Single Rider,10846,OPERATING,STANDBY,30,,,queue-times.com
2026-08-05T12:45:44Z,2026-08-05,14,45,Disney Adventure World,The Twilight Zone Tower of Terror,40,OPERATING,STANDBY,60,,,queue-times.com
2026-08-05T12:45:44Z,2026-08-05,14,45,Disney Adventure World,Cars Quatre Roues Rallye,31,OPERATING,STANDBY,20,,,queue-times.com
2026-08-05T12:45:44Z,2026-08-05,14,45,Disney Adventure World,Cars ROAD TRIP,29,OPERATING,STANDBY,20,,,queue-times.com
2026-08-05T12:45:44Z,2026-08-05,14,45,Disney Adventure World,Crush's Coaster,32,OPERATING,STANDBY,80,,,queue-times.com
2026-08-05T12:45:44Z,2026-08-05,14,45,Disney Adventure World,Crush's Coaster Single Rider,7277,OPERATING,STANDBY,70,,,queue-times.com
2026-08-05T12:45:44Z,2026-08-05,14,45,Disney Adventure World,Les Tapis Volants - Flying Carpets Over Agrabah®,33,OPERATING,STANDBY,20,,,queue-times.com
2026-08-05T12:45:44Z,2026-08-05,14,45,Disney Adventure World,Ratatouille : L’Aventure Totalement Toquée de Rémy​,37,OPERATING,STANDBY,70,,,queue-times.com
2026-08-05T12:45:44Z,2026-08-05,14,45,Disney Adventure World,Ratatouille: The Adventure Single Rider,7279,OPERATING,STANDBY,25,,,queue-times.com
2026-08-05T12:45:44Z,2026-08-05,14,45,Disney Adventure World,RC Racer,34,OPERATING,STANDBY,50,,,queue-times.com
2026-08-05T12:45:44Z,2026-08-05,14,45,Disney Adventure World,RC Racer Single Rider,7280,OPERATING,STANDBY,45,,,queue-times.com
2026-08-05T12:45:44Z,2026-08-05,14,45,Disney Adventure World,Slinky® Dog Zigzag Spin,36,OPERATING,STANDBY,25,,,queue-times.com
2026-08-05T12:45:44Z,2026-08-05,14,45,Disney Adventure World,Toy Soldiers Parachute Drop,35,OPERATING,STANDBY,45,,,queue-times.com
2026-08-05T12:45:44Z,2026-08-05,14,45,Disney Adventure World,Toy Soldiers Parachute Drop Single Rider,7281,OPERATING,STANDBY,20,,,queue-times.com
2026-08-05T12:45:44Z,2026-08-05,14,45,Disney Adventure World,Entry to World of Frozen,16247,OPERATING,STANDBY,0,,,queue-times.com
2026-08-05T12:45:44Z,2026-08-05,14,45,Disney Adventure World,Frozen Ever After,15413,OPERATING,STANDBY,55,,,queue-times.com
2026-08-05T12:45:44Z,2026-08-05,14,45,Disney Adventure World,Raiponce Tangled Spin,15415,OPERATING,STANDBY,15,,,queue-times.com
2026-08-05T13:01:17Z,2026-08-05,15,1,Disneyland Park,Adventure Isle,2702,OPERATING,STANDBY,0,,,queue-times.com
2026-08-05T13:01:17Z,2026-08-05,15,1,Disneyland Park,Indiana Jones and the Temple of Peril Single Rider,7306,OPERATING,STANDBY,20,,,queue-times.com
2026-08-05T13:01:17Z,2026-08-05,15,1,Disneyland Park,Indiana Jones™ and the Temple of Peril,2,OPERATING,STANDBY,40,,,queue-times.com
2026-08-05T13:01:17Z,2026-08-05,15,1,Disneyland Park,La Cabane des Robinson,1,OPERATING,STANDBY,5,,,queue-times.com
2026-08-05T13:01:17Z,2026-08-05,15,1,Disneyland Park,Le Passage Enchanté d'Aladdin,2703,OPERATING,STANDBY,0,,,queue-times.com
2026-08-05T13:01:17Z,2026-08-05,15,1,Disneyland Park,Pirate Galleon,2705,CLOSED,STANDBY,0,,,queue-times.com
2026-08-05T13:01:17Z,2026-08-05,15,1,Disneyland Park,Pirates of the Caribbean,3,OPERATING,STANDBY,30,,,queue-times.com
2026-08-05T13:01:17Z,2026-08-05,15,1,Disneyland Park,Pirates' Beach,2704,OPERATING,STANDBY,0,,,queue-times.com
2026-08-05T13:01:17Z,2026-08-05,15,1,Disneyland Park,"Autopia, presented by Avis",4,OPERATING,STANDBY,40,,,queue-times.com
2026-08-05T13:01:17Z,2026-08-05,15,1,Disneyland Park,Buzz Lightyear Laser Blast,5,OPERATING,STANDBY,40,,,queue-times.com
2026-08-05T13:01:17Z,2026-08-05,15,1,Disneyland Park,Disneyland Railroad Discoveryland Station,2706,CLOSED,STANDBY,0,,,queue-times.com
2026-08-05T13:01:17Z,2026-08-05,15,1,Disneyland Park,Les Mystères du Nautilus,6,OPERATING,STANDBY,5,,,queue-times.com
2026-08-05T13:01:17Z,2026-08-05,15,1,Disneyland Park,Mickey’s PhilharMagic,2707,OPERATING,STANDBY,0,,,queue-times.com
2026-08-05T13:01:17Z,2026-08-05,15,1,Disneyland Park,Orbitron®,7,OPERATING,STANDBY,70,,,queue-times.com
2026-08-05T13:01:17Z,2026-08-05,15,1,Disneyland Park,Star Tours: The Adventures Continue*,9,OPERATING,STANDBY,30,,,queue-times.com
2026-08-05T13:01:17Z,2026-08-05,15,1,Disneyland Park,Star Wars Hyperspace Mountain,8,OPERATING,STANDBY,40,,,queue-times.com
2026-08-05T13:01:17Z,2026-08-05,15,1,Disneyland Park,Star Wars Hyperspace Mountain Single Rider,7278,OPERATING,STANDBY,30,,,queue-times.com
2026-08-05T13:01:17Z,2026-08-05,15,1,Disneyland Park,Welcome to Starport: A Star Wars Encounter,4573,OPERATING,STANDBY,40,,,queue-times.com
2026-08-05T13:01:17Z,2026-08-05,15,1,Disneyland Park,"""it's a small world""",19,OPERATING,STANDBY,15,,,queue-times.com
2026-08-05T13:01:17Z,2026-08-05,15,1,Disneyland Park,Alice's Curious Labyrinth,14,OPERATING,STANDBY,5,,,queue-times.com
2026-08-05T13:01:17Z,2026-08-05,15,1,Disneyland Park,Blanche-Neige et les Sept Nains®,15,OPERATING,STANDBY,5,,,queue-times.com
2026-08-05T13:01:17Z,2026-08-05,15,1,Disneyland Park,Casey Jr. – le Petit Train du Cirque,17,OPERATING,STANDBY,20,,,queue-times.com
2026-08-05T13:01:17Z,2026-08-05,15,1,Disneyland Park,Disneyland Railroad Fantasyland Station,2711,CLOSED,STANDBY,0,,,queue-times.com
2026-08-05T13:01:17Z,2026-08-05,15,1,Disneyland Park,Disneyland Railroad Main Street Station,11,OPERATING,STANDBY,10,,,queue-times.com
2026-08-05T13:01:17Z,2026-08-05,15,1,Disneyland Park,Dumbo the Flying Elephant,18,OPERATING,STANDBY,35,,,queue-times.com
2026-08-05T13:01:17Z,2026-08-05,15,1,Disneyland Park,La Tanière du Dragon,2710,OPERATING,STANDBY,0,,,queue-times.com
2026-08-05T13:01:17Z,2026-08-05,15,1,Disneyland Park,Le Carrousel de Lancelot,16,OPERATING,STANDBY,15,,,queue-times.com
2026-08-05T13:01:17Z,2026-08-05,15,1,Disneyland Park,"Le Pays des Contes de Fées, presented by Vittel",21,OPERATING,STANDBY,5,,,queue-times.com
2026-08-05T13:01:17Z,2026-08-05,15,1,Disneyland Park,Les Voyages de Pinocchio,23,OPERATING,STANDBY,25,,,queue-times.com
2026-08-05T13:01:17Z,2026-08-05,15,1,Disneyland Park,Mad Hatter's Tea Cups,20,OPERATING,STANDBY,10,,,queue-times.com
2026-08-05T13:01:17Z,2026-08-05,15,1,Disneyland Park,Meet Mickey Mouse,13,OPERATING,STANDBY,0,,,queue-times.com
2026-08-05T13:01:17Z,2026-08-05,15,1,Disneyland Park,Peter Pan's Flight,22,OPERATING,STANDBY,70,,,queue-times.com
2026-08-05T13:01:17Z,2026-08-05,15,1,Disneyland Park,Princess Pavilion,24,OPERATING,STANDBY,0,,,queue-times.com
2026-08-05T13:01:17Z,2026-08-05,15,1,Disneyland Park,Big Thunder Mountain,25,OPERATING,STANDBY,80,,,queue-times.com
2026-08-05T13:01:17Z,2026-08-05,15,1,Disneyland Park,Disneyland Railroad Frontierland Depot,2714,OPERATING,STANDBY,10,,,queue-times.com
2026-08-05T13:01:17Z,2026-08-05,15,1,Disneyland Park,Frontierland Playground,2713,OPERATING,STANDBY,0,,,queue-times.com
2026-08-05T13:01:17Z,2026-08-05,15,1,Disneyland Park,Phantom Manor,26,OPERATING,STANDBY,20,,,queue-times.com
2026-08-05T13:01:17Z,2026-08-05,15,1,Disneyland Park,River Rogue Keelboats,27,CLOSED,STANDBY,0,,,queue-times.com
2026-08-05T13:01:17Z,2026-08-05,15,1,Disneyland Park,Rustler Roundup Shootin' Gallery,2712,OPERATING,STANDBY,0,,,queue-times.com
2026-08-05T13:01:17Z,2026-08-05,15,1,Disneyland Park,Thunder Mesa Riverboat Landing,28,OPERATING,STANDBY,20,,,queue-times.com
2026-08-05T13:01:17Z,2026-08-05,15,1,Disneyland Park,Disneyland Railroad Main Street Station,2708,OPERATING,STANDBY,0,,,queue-times.com
2026-08-05T13:01:17Z,2026-08-05,15,1,Disneyland Park,Main Street Vehicles,12,CLOSED,STANDBY,0,,,queue-times.com
2026-08-05T13:01:17Z,2026-08-05,15,1,Disney Adventure World,Avengers Assemble: Flight Force,10848,OPERATING,STANDBY,30,,,queue-times.com
2026-08-05T13:01:17Z,2026-08-05,15,1,Disney Adventure World,Avengers Assemble: Flight Force Single Rider,10849,OPERATING,STANDBY,25,,,queue-times.com
2026-08-05T13:01:17Z,2026-08-05,15,1,Disney Adventure World,Spider-Man W.E.B. Adventure,10845,OPERATING,STANDBY,60,,,queue-times.com
2026-08-05T13:01:17Z,2026-08-05,15,1,Disney Adventure World,Spider-Man W.E.B. Adventure Single Rider,10846,OPERATING,STANDBY,30,,,queue-times.com
2026-08-05T13:01:17Z,2026-08-05,15,1,Disney Adventure World,The Twilight Zone Tower of Terror,40,OPERATING,STANDBY,25,,,queue-times.com
2026-08-05T13:01:17Z,2026-08-05,15,1,Disney Adventure World,Cars Quatre Roues Rallye,31,OPERATING,STANDBY,20,,,queue-times.com
2026-08-05T13:01:17Z,2026-08-05,15,1,Disney Adventure World,Cars ROAD TRIP,29,OPERATING,STANDBY,20,,,queue-times.com
2026-08-05T13:01:17Z,2026-08-05,15,1,Disney Adventure World,Crush's Coaster,32,OPERATING,STANDBY,80,,,queue-times.com
2026-08-05T13:01:17Z,2026-08-05,15,1,Disney Adventure World,Crush's Coaster Single Rider,7277,OPERATING,STANDBY,70,,,queue-times.com
2026-08-05T13:01:17Z,2026-08-05,15,1,Disney Adventure World,Les Tapis Volants - Flying Carpets Over Agrabah®,33,OPERATING,STANDBY,35,,,queue-times.com
2026-08-05T13:01:17Z,2026-08-05,15,1,Disney Adventure World,Ratatouille : L’Aventure Totalement Toquée de Rémy​,37,OPERATING,STANDBY,65,,,queue-times.com
2026-08-05T13:01:17Z,2026-08-05,15,1,Disney Adventure World,Ratatouille: The Adventure Single Rider,7279,OPERATING,STANDBY,20,,,queue-times.com
2026-08-05T13:01:17Z,2026-08-05,15,1,Disney Adventure World,RC Racer,34,OPERATING,STANDBY,55,,,queue-times.com
2026-08-05T13:01:17Z,2026-08-05,15,1,Disney Adventure World,RC Racer Single Rider,7280,OPERATING,STANDBY,50,,,queue-times.com
2026-08-05T13:01:17Z,2026-08-05,15,1,Disney Adventure World,Slinky® Dog Zigzag Spin,36,OPERATING,STANDBY,15,,,queue-times.com
2026-08-05T13:01:17Z,2026-08-05,15,1,Disney Adventure World,Toy Soldiers Parachute Drop,35,OPERATING,STANDBY,50,,,queue-times.com
2026-08-05T13:01:17Z,2026-08-05,15,1,Disney Adventure World,Toy Soldiers Parachute Drop Single Rider,7281,OPERATING,STANDBY,20,,,queue-times.com
2026-08-05T13:01:17Z,2026-08-05,15,1,Disney Adventure World,Entry to World of Frozen,16247,OPERATING,STANDBY,0,,,queue-times.com
2026-08-05T13:01:17Z,2026-08-05,15,1,Disney Adventure World,Frozen Ever After,15413,OPERATING,STANDBY,65,,,queue-times.com
2026-08-05T13:01:17Z,2026-08-05,15,1,Disney Adventure World,Raiponce Tangled Spin,15415,OPERATING,STANDBY,15,,,queue-times.com
2026-08-05T13:04:38Z,2026-08-05,15,4,Disneyland Park,Adventure Isle,2702,OPERATING,STANDBY,0,,,queue-times.com
2026-08-05T13:04:38Z,2026-08-05,15,4,Disneyland Park,Indiana Jones and the Temple of Peril Single Rider,7306,OPERATING,STANDBY,20,,,queue-times.com
2026-08-05T13:04:38Z,2026-08-05,15,4,Disneyland Park,Indiana Jones™ and the Temple of Peril,2,OPERATING,STANDBY,40,,,queue-times.com
2026-08-05T13:04:38Z,2026-08-05,15,4,Disneyland Park,La Cabane des Robinson,1,OPERATING,STANDBY,5,,,queue-times.com
2026-08-05T13:04:38Z,2026-08-05,15,4,Disneyland Park,Le Passage Enchanté d'Aladdin,2703,OPERATING,STANDBY,0,,,queue-times.com
2026-08-05T13:04:38Z,2026-08-05,15,4,Disneyland Park,Pirate Galleon,2705,CLOSED,STANDBY,0,,,queue-times.com
2026-08-05T13:04:38Z,2026-08-05,15,4,Disneyland Park,Pirates of the Caribbean,3,OPERATING,STANDBY,30,,,queue-times.com
2026-08-05T13:04:38Z,2026-08-05,15,4,Disneyland Park,Pirates' Beach,2704,OPERATING,STANDBY,0,,,queue-times.com
2026-08-05T13:04:38Z,2026-08-05,15,4,Disneyland Park,"Autopia, presented by Avis",4,OPERATING,STANDBY,40,,,queue-times.com
2026-08-05T13:04:38Z,2026-08-05,15,4,Disneyland Park,Buzz Lightyear Laser Blast,5,OPERATING,STANDBY,40,,,queue-times.com
2026-08-05T13:04:38Z,2026-08-05,15,4,Disneyland Park,Disneyland Railroad Discoveryland Station,2706,CLOSED,STANDBY,0,,,queue-times.com
2026-08-05T13:04:38Z,2026-08-05,15,4,Disneyland Park,Les Mystères du Nautilus,6,OPERATING,STANDBY,5,,,queue-times.com
2026-08-05T13:04:38Z,2026-08-05,15,4,Disneyland Park,Mickey’s PhilharMagic,2707,OPERATING,STANDBY,0,,,queue-times.com
2026-08-05T13:04:38Z,2026-08-05,15,4,Disneyland Park,Orbitron®,7,OPERATING,STANDBY,70,,,queue-times.com
2026-08-05T13:04:38Z,2026-08-05,15,4,Disneyland Park,Star Tours: The Adventures Continue*,9,OPERATING,STANDBY,30,,,queue-times.com
2026-08-05T13:04:38Z,2026-08-05,15,4,Disneyland Park,Star Wars Hyperspace Mountain,8,OPERATING,STANDBY,40,,,queue-times.com
2026-08-05T13:04:38Z,2026-08-05,15,4,Disneyland Park,Star Wars Hyperspace Mountain Single Rider,7278,OPERATING,STANDBY,30,,,queue-times.com
2026-08-05T13:04:38Z,2026-08-05,15,4,Disneyland Park,Welcome to Starport: A Star Wars Encounter,4573,OPERATING,STANDBY,40,,,queue-times.com
2026-08-05T13:04:38Z,2026-08-05,15,4,Disneyland Park,"""it's a small world""",19,OPERATING,STANDBY,15,,,queue-times.com
2026-08-05T13:04:38Z,2026-08-05,15,4,Disneyland Park,Alice's Curious Labyrinth,14,OPERATING,STANDBY,5,,,queue-times.com
2026-08-05T13:04:38Z,2026-08-05,15,4,Disneyland Park,Blanche-Neige et les Sept Nains®,15,OPERATING,STANDBY,5,,,queue-times.com
2026-08-05T13:04:38Z,2026-08-05,15,4,Disneyland Park,Casey Jr. – le Petit Train du Cirque,17,OPERATING,STANDBY,20,,,queue-times.com
2026-08-05T13:04:38Z,2026-08-05,15,4,Disneyland Park,Disneyland Railroad Fantasyland Station,2711,CLOSED,STANDBY,0,,,queue-times.com
2026-08-05T13:04:38Z,2026-08-05,15,4,Disneyland Park,Disneyland Railroad Main Street Station,11,OPERATING,STANDBY,10,,,queue-times.com
2026-08-05T13:04:38Z,2026-08-05,15,4,Disneyland Park,Dumbo the Flying Elephant,18,OPERATING,STANDBY,35,,,queue-times.com
2026-08-05T13:04:38Z,2026-08-05,15,4,Disneyland Park,La Tanière du Dragon,2710,OPERATING,STANDBY,0,,,queue-times.com
2026-08-05T13:04:38Z,2026-08-05,15,4,Disneyland Park,Le Carrousel de Lancelot,16,OPERATING,STANDBY,15,,,queue-times.com
2026-08-05T13:04:38Z,2026-08-05,15,4,Disneyland Park,"Le Pays des Contes de Fées, presented by Vittel",21,OPERATING,STANDBY,5,,,queue-times.com
2026-08-05T13:04:38Z,2026-08-05,15,4,Disneyland Park,Les Voyages de Pinocchio,23,OPERATING,STANDBY,25,,,queue-times.com
2026-08-05T13:04:38Z,2026-08-05,15,4,Disneyland Park,Mad Hatter's Tea Cups,20,OPERATING,STANDBY,10,,,queue-times.com
2026-08-05T13:04:38Z,2026-08-05,15,4,Disneyland Park,Meet Mickey Mouse,13,OPERATING,STANDBY,0,,,queue-times.com
2026-08-05T13:04:38Z,2026-08-05,15,4,Disneyland Park,Peter Pan's Flight,22,OPERATING,STANDBY,70,,,queue-times.com
2026-08-05T13:04:38Z,2026-08-05,15,4,Disneyland Park,Princess Pavilion,24,OPERATING,STANDBY,0,,,queue-times.com
2026-08-05T13:04:38Z,2026-08-05,15,4,Disneyland Park,Big Thunder Mountain,25,OPERATING,STANDBY,80,,,queue-times.com
2026-08-05T13:04:38Z,2026-08-05,15,4,Disneyland Park,Disneyland Railroad Frontierland Depot,2714,OPERATING,STANDBY,10,,,queue-times.com
2026-08-05T13:04:38Z,2026-08-05,15,4,Disneyland Park,Frontierland Playground,2713,OPERATING,STANDBY,0,,,queue-times.com
2026-08-05T13:04:38Z,2026-08-05,15,4,Disneyland Park,Phantom Manor,26,OPERATING,STANDBY,20,,,queue-times.com
2026-08-05T13:04:38Z,2026-08-05,15,4,Disneyland Park,River Rogue Keelboats,27,CLOSED,STANDBY,0,,,queue-times.com
2026-08-05T13:04:38Z,2026-08-05,15,4,Disneyland Park,Rustler Roundup Shootin' Gallery,2712,OPERATING,STANDBY,0,,,queue-times.com
2026-08-05T13:04:38Z,2026-08-05,15,4,Disneyland Park,Thunder Mesa Riverboat Landing,28,OPERATING,STANDBY,20,,,queue-times.com
2026-08-05T13:04:38Z,2026-08-05,15,4,Disneyland Park,Disneyland Railroad Main Street Station,2708,OPERATING,STANDBY,0,,,queue-times.com
2026-08-05T13:04:38Z,2026-08-05,15,4,Disneyland Park,Main Street Vehicles,12,CLOSED,STANDBY,0,,,queue-times.com
2026-08-05T13:04:38Z,2026-08-05,15,4,Disney Adventure World,Avengers Assemble: Flight Force,10848,OPERATING,STANDBY,30,,,queue-times.com
2026-08-05T13:04:38Z,2026-08-05,15,4,Disney Adventure World,Avengers Assemble: Flight Force Single Rider,10849,OPERATING,STANDBY,25,,,queue-times.com
2026-08-05T13:04:38Z,2026-08-05,15,4,Disney Adventure World,Spider-Man W.E.B. Adventure,10845,OPERATING,STANDBY,60,,,queue-times.com
2026-08-05T13:04:38Z,2026-08-05,15,4,Disney Adventure World,Spider-Man W.E.B. Adventure Single Rider,10846,OPERATING,STANDBY,30,,,queue-times.com
2026-08-05T13:04:38Z,2026-08-05,15,4,Disney Adventure World,The Twilight Zone Tower of Terror,40,OPERATING,STANDBY,25,,,queue-times.com
2026-08-05T13:04:38Z,2026-08-05,15,4,Disney Adventure World,Cars Quatre Roues Rallye,31,OPERATING,STANDBY,20,,,queue-times.com
2026-08-05T13:04:38Z,2026-08-05,15,4,Disney Adventure World,Cars ROAD TRIP,29,OPERATING,STANDBY,20,,,queue-times.com
2026-08-05T13:04:38Z,2026-08-05,15,4,Disney Adventure World,Crush's Coaster,32,OPERATING,STANDBY,80,,,queue-times.com
2026-08-05T13:04:38Z,2026-08-05,15,4,Disney Adventure World,Crush's Coaster Single Rider,7277,OPERATING,STANDBY,70,,,queue-times.com
2026-08-05T13:04:38Z,2026-08-05,15,4,Disney Adventure World,Les Tapis Volants - Flying Carpets Over Agrabah®,33,OPERATING,STANDBY,35,,,queue-times.com
2026-08-05T13:04:38Z,2026-08-05,15,4,Disney Adventure World,Ratatouille : L’Aventure Totalement Toquée de Rémy​,37,OPERATING,STANDBY,65,,,queue-times.com
2026-08-05T13:04:38Z,2026-08-05,15,4,Disney Adventure World,Ratatouille: The Adventure Single Rider,7279,OPERATING,STANDBY,20,,,queue-times.com
2026-08-05T13:04:38Z,2026-08-05,15,4,Disney Adventure World,RC Racer,34,OPERATING,STANDBY,55,,,queue-times.com
2026-08-05T13:04:38Z,2026-08-05,15,4,Disney Adventure World,RC Racer Single Rider,7280,OPERATING,STANDBY,50,,,queue-times.com
2026-08-05T13:04:38Z,2026-08-05,15,4,Disney Adventure World,Slinky® Dog Zigzag Spin,36,OPERATING,STANDBY,15,,,queue-times.com
2026-08-05T13:04:38Z,2026-08-05,15,4,Disney Adventure World,Toy Soldiers Parachute Drop,35,OPERATING,STANDBY,50,,,queue-times.com
2026-08-05T13:04:38Z,2026-08-05,15,4,Disney Adventure World,Toy Soldiers Parachute Drop Single Rider,7281,OPERATING,STANDBY,20,,,queue-times.com
2026-08-05T13:04:38Z,2026-08-05,15,4,Disney Adventure World,Entry to World of Frozen,16247,OPERATING,STANDBY,0,,,queue-times.com
2026-08-05T13:04:38Z,2026-08-05,15,4,Disney Adventure World,Frozen Ever After,15413,OPERATING,STANDBY,65,,,queue-times.com
2026-08-05T13:04:38Z,2026-08-05,15,4,Disney Adventure World,Raiponce Tangled Spin,15415,OPERATING,STANDBY,15,,,queue-times.com
2026-08-05T13:15:45Z,2026-08-05,15,15,Disneyland Park,Adventure Isle,2702,OPERATING,STANDBY,0,,,queue-times.com
2026-08-05T13:15:45Z,2026-08-05,15,15,Disneyland Park,Indiana Jones and the Temple of Peril Single Rider,7306,OPERATING,STANDBY,30,,,queue-times.com
2026-08-05T13:15:45Z,2026-08-05,15,15,Disneyland Park,Indiana Jones™ and the Temple of Peril,2,OPERATING,STANDBY,40,,,queue-times.com
2026-08-05T13:15:45Z,2026-08-05,15,15,Disneyland Park,La Cabane des Robinson,1,OPERATING,STANDBY,5,,,queue-times.com
2026-08-05T13:15:45Z,2026-08-05,15,15,Disneyland Park,Le Passage Enchanté d'Aladdin,2703,OPERATING,STANDBY,0,,,queue-times.com
2026-08-05T13:15:45Z,2026-08-05,15,15,Disneyland Park,Pirate Galleon,2705,CLOSED,STANDBY,0,,,queue-times.com
2026-08-05T13:15:45Z,2026-08-05,15,15,Disneyland Park,Pirates of the Caribbean,3,OPERATING,STANDBY,30,,,queue-times.com
2026-08-05T13:15:45Z,2026-08-05,15,15,Disneyland Park,Pirates' Beach,2704,OPERATING,STANDBY,0,,,queue-times.com
2026-08-05T13:15:45Z,2026-08-05,15,15,Disneyland Park,"Autopia, presented by Avis",4,OPERATING,STANDBY,40,,,queue-times.com
2026-08-05T13:15:45Z,2026-08-05,15,15,Disneyland Park,Buzz Lightyear Laser Blast,5,OPERATING,STANDBY,40,,,queue-times.com
2026-08-05T13:15:45Z,2026-08-05,15,15,Disneyland Park,Disneyland Railroad Discoveryland Station,2706,CLOSED,STANDBY,0,,,queue-times.com
2026-08-05T13:15:45Z,2026-08-05,15,15,Disneyland Park,Les Mystères du Nautilus,6,OPERATING,STANDBY,5,,,queue-times.com
2026-08-05T13:15:45Z,2026-08-05,15,15,Disneyland Park,Mickey’s PhilharMagic,2707,OPERATING,STANDBY,0,,,queue-times.com
2026-08-05T13:15:45Z,2026-08-05,15,15,Disneyland Park,Orbitron®,7,OPERATING,STANDBY,70,,,queue-times.com
2026-08-05T13:15:45Z,2026-08-05,15,15,Disneyland Park,Star Tours: The Adventures Continue*,9,OPERATING,STANDBY,30,,,queue-times.com
2026-08-05T13:15:45Z,2026-08-05,15,15,Disneyland Park,Star Wars Hyperspace Mountain,8,OPERATING,STANDBY,45,,,queue-times.com
2026-08-05T13:15:45Z,2026-08-05,15,15,Disneyland Park,Star Wars Hyperspace Mountain Single Rider,7278,OPERATING,STANDBY,40,,,queue-times.com
2026-08-05T13:15:45Z,2026-08-05,15,15,Disneyland Park,Welcome to Starport: A Star Wars Encounter,4573,OPERATING,STANDBY,30,,,queue-times.com
2026-08-05T13:15:45Z,2026-08-05,15,15,Disneyland Park,"""it's a small world""",19,OPERATING,STANDBY,15,,,queue-times.com
2026-08-05T13:15:45Z,2026-08-05,15,15,Disneyland Park,Alice's Curious Labyrinth,14,OPERATING,STANDBY,5,,,queue-times.com
2026-08-05T13:15:45Z,2026-08-05,15,15,Disneyland Park,Blanche-Neige et les Sept Nains®,15,OPERATING,STANDBY,15,,,queue-times.com
2026-08-05T13:15:45Z,2026-08-05,15,15,Disneyland Park,Casey Jr. – le Petit Train du Cirque,17,OPERATING,STANDBY,20,,,queue-times.com
2026-08-05T13:15:45Z,2026-08-05,15,15,Disneyland Park,Disneyland Railroad Fantasyland Station,2711,CLOSED,STANDBY,0,,,queue-times.com
2026-08-05T13:15:45Z,2026-08-05,15,15,Disneyland Park,Disneyland Railroad Main Street Station,11,OPERATING,STANDBY,10,,,queue-times.com
2026-08-05T13:15:45Z,2026-08-05,15,15,Disneyland Park,Dumbo the Flying Elephant,18,OPERATING,STANDBY,35,,,queue-times.com
2026-08-05T13:15:45Z,2026-08-05,15,15,Disneyland Park,La Tanière du Dragon,2710,OPERATING,STANDBY,0,,,queue-times.com
2026-08-05T13:15:45Z,2026-08-05,15,15,Disneyland Park,Le Carrousel de Lancelot,16,OPERATING,STANDBY,15,,,queue-times.com
2026-08-05T13:15:45Z,2026-08-05,15,15,Disneyland Park,"Le Pays des Contes de Fées, presented by Vittel",21,OPERATING,STANDBY,5,,,queue-times.com
2026-08-05T13:15:45Z,2026-08-05,15,15,Disneyland Park,Les Voyages de Pinocchio,23,OPERATING,STANDBY,25,,,queue-times.com
2026-08-05T13:15:45Z,2026-08-05,15,15,Disneyland Park,Mad Hatter's Tea Cups,20,OPERATING,STANDBY,10,,,queue-times.com
2026-08-05T13:15:45Z,2026-08-05,15,15,Disneyland Park,Meet Mickey Mouse,13,OPERATING,STANDBY,0,,,queue-times.com
2026-08-05T13:15:45Z,2026-08-05,15,15,Disneyland Park,Peter Pan's Flight,22,OPERATING,STANDBY,60,,,queue-times.com
2026-08-05T13:15:45Z,2026-08-05,15,15,Disneyland Park,Princess Pavilion,24,OPERATING,STANDBY,0,,,queue-times.com
2026-08-05T13:15:45Z,2026-08-05,15,15,Disneyland Park,Big Thunder Mountain,25,OPERATING,STANDBY,80,,,queue-times.com
2026-08-05T13:15:45Z,2026-08-05,15,15,Disneyland Park,Disneyland Railroad Frontierland Depot,2714,OPERATING,STANDBY,10,,,queue-times.com
2026-08-05T13:15:45Z,2026-08-05,15,15,Disneyland Park,Frontierland Playground,2713,OPERATING,STANDBY,0,,,queue-times.com
2026-08-05T13:15:45Z,2026-08-05,15,15,Disneyland Park,Phantom Manor,26,OPERATING,STANDBY,20,,,queue-times.com
2026-08-05T13:15:45Z,2026-08-05,15,15,Disneyland Park,River Rogue Keelboats,27,CLOSED,STANDBY,0,,,queue-times.com
2026-08-05T13:15:45Z,2026-08-05,15,15,Disneyland Park,Rustler Roundup Shootin' Gallery,2712,OPERATING,STANDBY,0,,,queue-times.com
2026-08-05T13:15:45Z,2026-08-05,15,15,Disneyland Park,Thunder Mesa Riverboat Landing,28,OPERATING,STANDBY,20,,,queue-times.com
2026-08-05T13:15:45Z,2026-08-05,15,15,Disneyland Park,Disneyland Railroad Main Street Station,2708,OPERATING,STANDBY,0,,,queue-times.com
2026-08-05T13:15:45Z,2026-08-05,15,15,Disneyland Park,Main Street Vehicles,12,CLOSED,STANDBY,0,,,queue-times.com
2026-08-05T13:15:45Z,2026-08-05,15,15,Disney Adventure World,Avengers Assemble: Flight Force,10848,OPERATING,STANDBY,30,,,queue-times.com
2026-08-05T13:15:45Z,2026-08-05,15,15,Disney Adventure World,Avengers Assemble: Flight Force Single Rider,10849,OPERATING,STANDBY,20,,,queue-times.com
2026-08-05T13:15:45Z,2026-08-05,15,15,Disney Adventure World,Spider-Man W.E.B. Adventure,10845,OPERATING,STANDBY,60,,,queue-times.com
2026-08-05T13:15:45Z,2026-08-05,15,15,Disney Adventure World,Spider-Man W.E.B. Adventure Single Rider,10846,OPERATING,STANDBY,30,,,queue-times.com
2026-08-05T13:15:45Z,2026-08-05,15,15,Disney Adventure World,The Twilight Zone Tower of Terror,40,OPERATING,STANDBY,25,,,queue-times.com
2026-08-05T13:15:45Z,2026-08-05,15,15,Disney Adventure World,Cars Quatre Roues Rallye,31,OPERATING,STANDBY,20,,,queue-times.com
2026-08-05T13:15:45Z,2026-08-05,15,15,Disney Adventure World,Cars ROAD TRIP,29,OPERATING,STANDBY,20,,,queue-times.com
2026-08-05T13:15:45Z,2026-08-05,15,15,Disney Adventure World,Crush's Coaster,32,OPERATING,STANDBY,80,,,queue-times.com
2026-08-05T13:15:45Z,2026-08-05,15,15,Disney Adventure World,Crush's Coaster Single Rider,7277,OPERATING,STANDBY,60,,,queue-times.com
2026-08-05T13:15:45Z,2026-08-05,15,15,Disney Adventure World,Les Tapis Volants - Flying Carpets Over Agrabah®,33,OPERATING,STANDBY,30,,,queue-times.com
2026-08-05T13:15:45Z,2026-08-05,15,15,Disney Adventure World,Ratatouille : L’Aventure Totalement Toquée de Rémy​,37,OPERATING,STANDBY,55,,,queue-times.com
2026-08-05T13:15:45Z,2026-08-05,15,15,Disney Adventure World,Ratatouille: The Adventure Single Rider,7279,OPERATING,STANDBY,15,,,queue-times.com
2026-08-05T13:15:45Z,2026-08-05,15,15,Disney Adventure World,RC Racer,34,OPERATING,STANDBY,55,,,queue-times.com
2026-08-05T13:15:45Z,2026-08-05,15,15,Disney Adventure World,RC Racer Single Rider,7280,OPERATING,STANDBY,50,,,queue-times.com
2026-08-05T13:15:45Z,2026-08-05,15,15,Disney Adventure World,Slinky® Dog Zigzag Spin,36,OPERATING,STANDBY,15,,,queue-times.com
2026-08-05T13:15:45Z,2026-08-05,15,15,Disney Adventure World,Toy Soldiers Parachute Drop,35,OPERATING,STANDBY,50,,,queue-times.com
2026-08-05T13:15:45Z,2026-08-05,15,15,Disney Adventure World,Toy Soldiers Parachute Drop Single Rider,7281,OPERATING,STANDBY,15,,,queue-times.com
2026-08-05T13:15:45Z,2026-08-05,15,15,Disney Adventure World,Entry to World of Frozen,16247,OPERATING,STANDBY,0,,,queue-times.com
2026-08-05T13:15:45Z,2026-08-05,15,15,Disney Adventure World,Frozen Ever After,15413,OPERATING,STANDBY,65,,,queue-times.com
2026-08-05T13:15:45Z,2026-08-05,15,15,Disney Adventure World,Raiponce Tangled Spin,15415,OPERATING,STANDBY,15,,,queue-times.com
2026-08-05T13:31:04Z,2026-08-05,15,31,Disneyland Park,Adventure Isle,2702,OPERATING,STANDBY,0,,,queue-times.com
2026-08-05T13:31:04Z,2026-08-05,15,31,Disneyland Park,Indiana Jones and the Temple of Peril Single Rider,7306,OPERATING,STANDBY,25,,,queue-times.com
2026-08-05T13:31:04Z,2026-08-05,15,31,Disneyland Park,Indiana Jones™ and the Temple of Peril,2,OPERATING,STANDBY,40,,,queue-times.com
2026-08-05T13:31:04Z,2026-08-05,15,31,Disneyland Park,La Cabane des Robinson,1,OPERATING,STANDBY,5,,,queue-times.com
2026-08-05T13:31:04Z,2026-08-05,15,31,Disneyland Park,Le Passage Enchanté d'Aladdin,2703,OPERATING,STANDBY,0,,,queue-times.com
2026-08-05T13:31:04Z,2026-08-05,15,31,Disneyland Park,Pirate Galleon,2705,CLOSED,STANDBY,0,,,queue-times.com
2026-08-05T13:31:04Z,2026-08-05,15,31,Disneyland Park,Pirates of the Caribbean,3,OPERATING,STANDBY,35,,,queue-times.com
2026-08-05T13:31:04Z,2026-08-05,15,31,Disneyland Park,Pirates' Beach,2704,OPERATING,STANDBY,0,,,queue-times.com
2026-08-05T13:31:04Z,2026-08-05,15,31,Disneyland Park,"Autopia, presented by Avis",4,OPERATING,STANDBY,30,,,queue-times.com
2026-08-05T13:31:04Z,2026-08-05,15,31,Disneyland Park,Buzz Lightyear Laser Blast,5,OPERATING,STANDBY,60,,,queue-times.com
2026-08-05T13:31:04Z,2026-08-05,15,31,Disneyland Park,Disneyland Railroad Discoveryland Station,2706,CLOSED,STANDBY,0,,,queue-times.com
2026-08-05T13:31:04Z,2026-08-05,15,31,Disneyland Park,Les Mystères du Nautilus,6,OPERATING,STANDBY,5,,,queue-times.com
2026-08-05T13:31:04Z,2026-08-05,15,31,Disneyland Park,Mickey’s PhilharMagic,2707,OPERATING,STANDBY,0,,,queue-times.com
2026-08-05T13:31:04Z,2026-08-05,15,31,Disneyland Park,Orbitron®,7,OPERATING,STANDBY,50,,,queue-times.com
2026-08-05T13:31:04Z,2026-08-05,15,31,Disneyland Park,Star Tours: The Adventures Continue*,9,OPERATING,STANDBY,15,,,queue-times.com
2026-08-05T13:31:04Z,2026-08-05,15,31,Disneyland Park,Star Wars Hyperspace Mountain,8,OPERATING,STANDBY,45,,,queue-times.com
2026-08-05T13:31:04Z,2026-08-05,15,31,Disneyland Park,Star Wars Hyperspace Mountain Single Rider,7278,OPERATING,STANDBY,40,,,queue-times.com
2026-08-05T13:31:04Z,2026-08-05,15,31,Disneyland Park,Welcome to Starport: A Star Wars Encounter,4573,OPERATING,STANDBY,45,,,queue-times.com
2026-08-05T13:31:04Z,2026-08-05,15,31,Disneyland Park,"""it's a small world""",19,OPERATING,STANDBY,15,,,queue-times.com
2026-08-05T13:31:04Z,2026-08-05,15,31,Disneyland Park,Alice's Curious Labyrinth,14,OPERATING,STANDBY,5,,,queue-times.com
2026-08-05T13:31:04Z,2026-08-05,15,31,Disneyland Park,Blanche-Neige et les Sept Nains®,15,OPERATING,STANDBY,15,,,queue-times.com
2026-08-05T13:31:04Z,2026-08-05,15,31,Disneyland Park,Casey Jr. – le Petit Train du Cirque,17,CLOSED,STANDBY,0,,,queue-times.com
2026-08-05T13:31:04Z,2026-08-05,15,31,Disneyland Park,Disneyland Railroad Fantasyland Station,2711,CLOSED,STANDBY,0,,,queue-times.com
2026-08-05T13:31:04Z,2026-08-05,15,31,Disneyland Park,Disneyland Railroad Main Street Station,11,OPERATING,STANDBY,20,,,queue-times.com
2026-08-05T13:31:04Z,2026-08-05,15,31,Disneyland Park,Dumbo the Flying Elephant,18,OPERATING,STANDBY,35,,,queue-times.com
2026-08-05T13:31:04Z,2026-08-05,15,31,Disneyland Park,La Tanière du Dragon,2710,OPERATING,STANDBY,0,,,queue-times.com
2026-08-05T13:31:04Z,2026-08-05,15,31,Disneyland Park,Le Carrousel de Lancelot,16,OPERATING,STANDBY,15,,,queue-times.com
2026-08-05T13:31:04Z,2026-08-05,15,31,Disneyland Park,"Le Pays des Contes de Fées, presented by Vittel",21,OPERATING,STANDBY,5,,,queue-times.com
2026-08-05T13:31:04Z,2026-08-05,15,31,Disneyland Park,Les Voyages de Pinocchio,23,OPERATING,STANDBY,20,,,queue-times.com
2026-08-05T13:31:04Z,2026-08-05,15,31,Disneyland Park,Mad Hatter's Tea Cups,20,OPERATING,STANDBY,10,,,queue-times.com
2026-08-05T13:31:04Z,2026-08-05,15,31,Disneyland Park,Meet Mickey Mouse,13,OPERATING,STANDBY,0,,,queue-times.com
2026-08-05T13:31:04Z,2026-08-05,15,31,Disneyland Park,Peter Pan's Flight,22,OPERATING,STANDBY,60,,,queue-times.com
2026-08-05T13:31:04Z,2026-08-05,15,31,Disneyland Park,Princess Pavilion,24,OPERATING,STANDBY,0,,,queue-times.com
2026-08-05T13:31:04Z,2026-08-05,15,31,Disneyland Park,Big Thunder Mountain,25,OPERATING,STANDBY,80,,,queue-times.com
2026-08-05T13:31:04Z,2026-08-05,15,31,Disneyland Park,Disneyland Railroad Frontierland Depot,2714,OPERATING,STANDBY,10,,,queue-times.com
2026-08-05T13:31:04Z,2026-08-05,15,31,Disneyland Park,Frontierland Playground,2713,OPERATING,STANDBY,0,,,queue-times.com
2026-08-05T13:31:04Z,2026-08-05,15,31,Disneyland Park,Phantom Manor,26,CLOSED,STANDBY,0,,,queue-times.com
2026-08-05T13:31:04Z,2026-08-05,15,31,Disneyland Park,River Rogue Keelboats,27,CLOSED,STANDBY,0,,,queue-times.com
2026-08-05T13:31:04Z,2026-08-05,15,31,Disneyland Park,Rustler Roundup Shootin' Gallery,2712,OPERATING,STANDBY,0,,,queue-times.com
2026-08-05T13:31:04Z,2026-08-05,15,31,Disneyland Park,Thunder Mesa Riverboat Landing,28,OPERATING,STANDBY,20,,,queue-times.com
2026-08-05T13:31:04Z,2026-08-05,15,31,Disneyland Park,Disneyland Railroad Main Street Station,2708,OPERATING,STANDBY,0,,,queue-times.com
2026-08-05T13:31:04Z,2026-08-05,15,31,Disneyland Park,Main Street Vehicles,12,CLOSED,STANDBY,0,,,queue-times.com
2026-08-05T13:31:04Z,2026-08-05,15,31,Disney Adventure World,Avengers Assemble: Flight Force,10848,OPERATING,STANDBY,15,,,queue-times.com
2026-08-05T13:31:04Z,2026-08-05,15,31,Disney Adventure World,Avengers Assemble: Flight Force Single Rider,10849,OPERATING,STANDBY,10,,,queue-times.com
2026-08-05T13:31:04Z,2026-08-05,15,31,Disney Adventure World,Spider-Man W.E.B. Adventure,10845,OPERATING,STANDBY,50,,,queue-times.com
2026-08-05T13:31:04Z,2026-08-05,15,31,Disney Adventure World,Spider-Man W.E.B. Adventure Single Rider,10846,OPERATING,STANDBY,20,,,queue-times.com
2026-08-05T13:31:04Z,2026-08-05,15,31,Disney Adventure World,The Twilight Zone Tower of Terror,40,OPERATING,STANDBY,30,,,queue-times.com
2026-08-05T13:31:04Z,2026-08-05,15,31,Disney Adventure World,Cars Quatre Roues Rallye,31,OPERATING,STANDBY,20,,,queue-times.com
2026-08-05T13:31:04Z,2026-08-05,15,31,Disney Adventure World,Cars ROAD TRIP,29,OPERATING,STANDBY,20,,,queue-times.com
2026-08-05T13:31:04Z,2026-08-05,15,31,Disney Adventure World,Crush's Coaster,32,OPERATING,STANDBY,80,,,queue-times.com
2026-08-05T13:31:04Z,2026-08-05,15,31,Disney Adventure World,Crush's Coaster Single Rider,7277,OPERATING,STANDBY,70,,,queue-times.com
2026-08-05T13:31:04Z,2026-08-05,15,31,Disney Adventure World,Les Tapis Volants - Flying Carpets Over Agrabah®,33,OPERATING,STANDBY,15,,,queue-times.com
2026-08-05T13:31:04Z,2026-08-05,15,31,Disney Adventure World,Ratatouille : L’Aventure Totalement Toquée de Rémy​,37,OPERATING,STANDBY,50,,,queue-times.com
2026-08-05T13:31:04Z,2026-08-05,15,31,Disney Adventure World,Ratatouille: The Adventure Single Rider,7279,OPERATING,STANDBY,25,,,queue-times.com
2026-08-05T13:31:04Z,2026-08-05,15,31,Disney Adventure World,RC Racer,34,OPERATING,STANDBY,50,,,queue-times.com
2026-08-05T13:31:04Z,2026-08-05,15,31,Disney Adventure World,RC Racer Single Rider,7280,OPERATING,STANDBY,40,,,queue-times.com
2026-08-05T13:31:04Z,2026-08-05,15,31,Disney Adventure World,Slinky® Dog Zigzag Spin,36,OPERATING,STANDBY,15,,,queue-times.com
2026-08-05T13:31:04Z,2026-08-05,15,31,Disney Adventure World,Toy Soldiers Parachute Drop,35,OPERATING,STANDBY,50,,,queue-times.com
2026-08-05T13:31:04Z,2026-08-05,15,31,Disney Adventure World,Toy Soldiers Parachute Drop Single Rider,7281,OPERATING,STANDBY,20,,,queue-times.com
2026-08-05T13:31:04Z,2026-08-05,15,31,Disney Adventure World,Entry to World of Frozen,16247,OPERATING,STANDBY,0,,,queue-times.com
2026-08-05T13:31:04Z,2026-08-05,15,31,Disney Adventure World,Frozen Ever After,15413,OPERATING,STANDBY,45,,,queue-times.com
2026-08-05T13:31:04Z,2026-08-05,15,31,Disney Adventure World,Raiponce Tangled Spin,15415,OPERATING,STANDBY,10,,,queue-times.com
2026-08-05T13:45:48Z,2026-08-05,15,45,Disneyland Park,Adventure Isle,2702,OPERATING,STANDBY,0,,,queue-times.com
2026-08-05T13:45:48Z,2026-08-05,15,45,Disneyland Park,Indiana Jones and the Temple of Peril Single Rider,7306,OPERATING,STANDBY,10,,,queue-times.com
2026-08-05T13:45:48Z,2026-08-05,15,45,Disneyland Park,Indiana Jones™ and the Temple of Peril,2,OPERATING,STANDBY,30,,,queue-times.com
2026-08-05T13:45:48Z,2026-08-05,15,45,Disneyland Park,La Cabane des Robinson,1,OPERATING,STANDBY,5,,,queue-times.com
2026-08-05T13:45:48Z,2026-08-05,15,45,Disneyland Park,Le Passage Enchanté d'Aladdin,2703,OPERATING,STANDBY,0,,,queue-times.com
2026-08-05T13:45:48Z,2026-08-05,15,45,Disneyland Park,Pirate Galleon,2705,CLOSED,STANDBY,0,,,queue-times.com
2026-08-05T13:45:48Z,2026-08-05,15,45,Disneyland Park,Pirates of the Caribbean,3,OPERATING,STANDBY,30,,,queue-times.com
2026-08-05T13:45:48Z,2026-08-05,15,45,Disneyland Park,Pirates' Beach,2704,OPERATING,STANDBY,0,,,queue-times.com
2026-08-05T13:45:48Z,2026-08-05,15,45,Disneyland Park,"Autopia, presented by Avis",4,OPERATING,STANDBY,30,,,queue-times.com
2026-08-05T13:45:48Z,2026-08-05,15,45,Disneyland Park,Buzz Lightyear Laser Blast,5,OPERATING,STANDBY,40,,,queue-times.com
2026-08-05T13:45:48Z,2026-08-05,15,45,Disneyland Park,Disneyland Railroad Discoveryland Station,2706,CLOSED,STANDBY,0,,,queue-times.com
2026-08-05T13:45:48Z,2026-08-05,15,45,Disneyland Park,Les Mystères du Nautilus,6,OPERATING,STANDBY,5,,,queue-times.com
2026-08-05T13:45:48Z,2026-08-05,15,45,Disneyland Park,Mickey’s PhilharMagic,2707,OPERATING,STANDBY,0,,,queue-times.com
2026-08-05T13:45:48Z,2026-08-05,15,45,Disneyland Park,Orbitron®,7,OPERATING,STANDBY,45,,,queue-times.com
2026-08-05T13:45:48Z,2026-08-05,15,45,Disneyland Park,Star Tours: The Adventures Continue*,9,OPERATING,STANDBY,15,,,queue-times.com
2026-08-05T13:45:48Z,2026-08-05,15,45,Disneyland Park,Star Wars Hyperspace Mountain,8,OPERATING,STANDBY,75,,,queue-times.com
2026-08-05T13:45:48Z,2026-08-05,15,45,Disneyland Park,Star Wars Hyperspace Mountain Single Rider,7278,OPERATING,STANDBY,65,,,queue-times.com
2026-08-05T13:45:48Z,2026-08-05,15,45,Disneyland Park,Welcome to Starport: A Star Wars Encounter,4573,OPERATING,STANDBY,20,,,queue-times.com
2026-08-05T13:45:48Z,2026-08-05,15,45,Disneyland Park,"""it's a small world""",19,OPERATING,STANDBY,10,,,queue-times.com
2026-08-05T13:45:48Z,2026-08-05,15,45,Disneyland Park,Alice's Curious Labyrinth,14,OPERATING,STANDBY,5,,,queue-times.com
2026-08-05T13:45:48Z,2026-08-05,15,45,Disneyland Park,Blanche-Neige et les Sept Nains®,15,OPERATING,STANDBY,15,,,queue-times.com
2026-08-05T13:45:48Z,2026-08-05,15,45,Disneyland Park,Casey Jr. – le Petit Train du Cirque,17,CLOSED,STANDBY,0,,,queue-times.com
2026-08-05T13:45:48Z,2026-08-05,15,45,Disneyland Park,Disneyland Railroad Fantasyland Station,2711,CLOSED,STANDBY,0,,,queue-times.com
2026-08-05T13:45:48Z,2026-08-05,15,45,Disneyland Park,Disneyland Railroad Main Street Station,11,OPERATING,STANDBY,20,,,queue-times.com
2026-08-05T13:45:48Z,2026-08-05,15,45,Disneyland Park,Dumbo the Flying Elephant,18,OPERATING,STANDBY,35,,,queue-times.com
2026-08-05T13:45:48Z,2026-08-05,15,45,Disneyland Park,La Tanière du Dragon,2710,OPERATING,STANDBY,0,,,queue-times.com
2026-08-05T13:45:48Z,2026-08-05,15,45,Disneyland Park,Le Carrousel de Lancelot,16,OPERATING,STANDBY,15,,,queue-times.com
2026-08-05T13:45:48Z,2026-08-05,15,45,Disneyland Park,"Le Pays des Contes de Fées, presented by Vittel",21,OPERATING,STANDBY,10,,,queue-times.com
2026-08-05T13:45:48Z,2026-08-05,15,45,Disneyland Park,Les Voyages de Pinocchio,23,OPERATING,STANDBY,20,,,queue-times.com
2026-08-05T13:45:48Z,2026-08-05,15,45,Disneyland Park,Mad Hatter's Tea Cups,20,OPERATING,STANDBY,10,,,queue-times.com
2026-08-05T13:45:48Z,2026-08-05,15,45,Disneyland Park,Meet Mickey Mouse,13,OPERATING,STANDBY,0,,,queue-times.com
2026-08-05T13:45:48Z,2026-08-05,15,45,Disneyland Park,Peter Pan's Flight,22,OPERATING,STANDBY,50,,,queue-times.com
2026-08-05T13:45:48Z,2026-08-05,15,45,Disneyland Park,Princess Pavilion,24,OPERATING,STANDBY,0,,,queue-times.com
2026-08-05T13:45:48Z,2026-08-05,15,45,Disneyland Park,Big Thunder Mountain,25,OPERATING,STANDBY,85,,,queue-times.com
2026-08-05T13:45:48Z,2026-08-05,15,45,Disneyland Park,Disneyland Railroad Frontierland Depot,2714,OPERATING,STANDBY,20,,,queue-times.com
2026-08-05T13:45:48Z,2026-08-05,15,45,Disneyland Park,Frontierland Playground,2713,OPERATING,STANDBY,0,,,queue-times.com
2026-08-05T13:45:48Z,2026-08-05,15,45,Disneyland Park,Phantom Manor,26,OPERATING,STANDBY,30,,,queue-times.com
2026-08-05T13:45:48Z,2026-08-05,15,45,Disneyland Park,River Rogue Keelboats,27,CLOSED,STANDBY,0,,,queue-times.com
2026-08-05T13:45:48Z,2026-08-05,15,45,Disneyland Park,Rustler Roundup Shootin' Gallery,2712,OPERATING,STANDBY,0,,,queue-times.com
2026-08-05T13:45:48Z,2026-08-05,15,45,Disneyland Park,Thunder Mesa Riverboat Landing,28,OPERATING,STANDBY,20,,,queue-times.com
2026-08-05T13:45:48Z,2026-08-05,15,45,Disneyland Park,Disneyland Railroad Main Street Station,2708,OPERATING,STANDBY,0,,,queue-times.com
2026-08-05T13:45:48Z,2026-08-05,15,45,Disneyland Park,Main Street Vehicles,12,CLOSED,STANDBY,0,,,queue-times.com
2026-08-05T13:45:48Z,2026-08-05,15,45,Disney Adventure World,Avengers Assemble: Flight Force,10848,OPERATING,STANDBY,15,,,queue-times.com
2026-08-05T13:45:48Z,2026-08-05,15,45,Disney Adventure World,Avengers Assemble: Flight Force Single Rider,10849,OPERATING,STANDBY,10,,,queue-times.com
2026-08-05T13:45:48Z,2026-08-05,15,45,Disney Adventure World,Spider-Man W.E.B. Adventure,10845,OPERATING,STANDBY,55,,,queue-times.com
2026-08-05T13:45:48Z,2026-08-05,15,45,Disney Adventure World,Spider-Man W.E.B. Adventure Single Rider,10846,OPERATING,STANDBY,20,,,queue-times.com
2026-08-05T13:45:48Z,2026-08-05,15,45,Disney Adventure World,The Twilight Zone Tower of Terror,40,OPERATING,STANDBY,25,,,queue-times.com
2026-08-05T13:45:48Z,2026-08-05,15,45,Disney Adventure World,Cars Quatre Roues Rallye,31,OPERATING,STANDBY,20,,,queue-times.com
2026-08-05T13:45:48Z,2026-08-05,15,45,Disney Adventure World,Cars ROAD TRIP,29,OPERATING,STANDBY,20,,,queue-times.com
2026-08-05T13:45:48Z,2026-08-05,15,45,Disney Adventure World,Crush's Coaster,32,OPERATING,STANDBY,80,,,queue-times.com
2026-08-05T13:45:48Z,2026-08-05,15,45,Disney Adventure World,Crush's Coaster Single Rider,7277,OPERATING,STANDBY,45,,,queue-times.com
2026-08-05T13:45:48Z,2026-08-05,15,45,Disney Adventure World,Les Tapis Volants - Flying Carpets Over Agrabah®,33,OPERATING,STANDBY,15,,,queue-times.com
2026-08-05T13:45:48Z,2026-08-05,15,45,Disney Adventure World,Ratatouille : L’Aventure Totalement Toquée de Rémy​,37,OPERATING,STANDBY,60,,,queue-times.com
2026-08-05T13:45:48Z,2026-08-05,15,45,Disney Adventure World,Ratatouille: The Adventure Single Rider,7279,OPERATING,STANDBY,30,,,queue-times.com
2026-08-05T13:45:48Z,2026-08-05,15,45,Disney Adventure World,RC Racer,34,OPERATING,STANDBY,50,,,queue-times.com
2026-08-05T13:45:48Z,2026-08-05,15,45,Disney Adventure World,RC Racer Single Rider,7280,OPERATING,STANDBY,45,,,queue-times.com
2026-08-05T13:45:48Z,2026-08-05,15,45,Disney Adventure World,Slinky® Dog Zigzag Spin,36,OPERATING,STANDBY,15,,,queue-times.com
2026-08-05T13:45:48Z,2026-08-05,15,45,Disney Adventure World,Toy Soldiers Parachute Drop,35,OPERATING,STANDBY,50,,,queue-times.com
2026-08-05T13:45:48Z,2026-08-05,15,45,Disney Adventure World,Toy Soldiers Parachute Drop Single Rider,7281,OPERATING,STANDBY,20,,,queue-times.com
2026-08-05T13:45:48Z,2026-08-05,15,45,Disney Adventure World,Entry to World of Frozen,16247,OPERATING,STANDBY,0,,,queue-times.com
2026-08-05T13:45:48Z,2026-08-05,15,45,Disney Adventure World,Frozen Ever After,15413,OPERATING,STANDBY,55,,,queue-times.com
2026-08-05T13:45:48Z,2026-08-05,15,45,Disney Adventure World,Raiponce Tangled Spin,15415,OPERATING,STANDBY,10,,,queue-times.com
2026-08-05T14:01:13Z,2026-08-05,16,1,Disneyland Park,Adventure Isle,2702,OPERATING,STANDBY,0,,,queue-times.com
2026-08-05T14:01:13Z,2026-08-05,16,1,Disneyland Park,Indiana Jones and the Temple of Peril Single Rider,7306,OPERATING,STANDBY,20,,,queue-times.com
2026-08-05T14:01:13Z,2026-08-05,16,1,Disneyland Park,Indiana Jones™ and the Temple of Peril,2,OPERATING,STANDBY,30,,,queue-times.com
2026-08-05T14:01:13Z,2026-08-05,16,1,Disneyland Park,La Cabane des Robinson,1,OPERATING,STANDBY,5,,,queue-times.com
2026-08-05T14:01:13Z,2026-08-05,16,1,Disneyland Park,Le Passage Enchanté d'Aladdin,2703,OPERATING,STANDBY,0,,,queue-times.com
2026-08-05T14:01:13Z,2026-08-05,16,1,Disneyland Park,Pirate Galleon,2705,CLOSED,STANDBY,0,,,queue-times.com
2026-08-05T14:01:13Z,2026-08-05,16,1,Disneyland Park,Pirates of the Caribbean,3,OPERATING,STANDBY,25,,,queue-times.com
2026-08-05T14:01:13Z,2026-08-05,16,1,Disneyland Park,Pirates' Beach,2704,OPERATING,STANDBY,0,,,queue-times.com
2026-08-05T14:01:13Z,2026-08-05,16,1,Disneyland Park,"Autopia, presented by Avis",4,OPERATING,STANDBY,40,,,queue-times.com
2026-08-05T14:01:13Z,2026-08-05,16,1,Disneyland Park,Buzz Lightyear Laser Blast,5,OPERATING,STANDBY,45,,,queue-times.com
2026-08-05T14:01:13Z,2026-08-05,16,1,Disneyland Park,Disneyland Railroad Discoveryland Station,2706,CLOSED,STANDBY,0,,,queue-times.com
2026-08-05T14:01:13Z,2026-08-05,16,1,Disneyland Park,Les Mystères du Nautilus,6,OPERATING,STANDBY,5,,,queue-times.com
2026-08-05T14:01:13Z,2026-08-05,16,1,Disneyland Park,Mickey’s PhilharMagic,2707,OPERATING,STANDBY,0,,,queue-times.com
2026-08-05T14:01:13Z,2026-08-05,16,1,Disneyland Park,Orbitron®,7,OPERATING,STANDBY,45,,,queue-times.com
2026-08-05T14:01:13Z,2026-08-05,16,1,Disneyland Park,Star Tours: The Adventures Continue*,9,OPERATING,STANDBY,10,,,queue-times.com
2026-08-05T14:01:13Z,2026-08-05,16,1,Disneyland Park,Star Wars Hyperspace Mountain,8,OPERATING,STANDBY,45,,,queue-times.com
2026-08-05T14:01:13Z,2026-08-05,16,1,Disneyland Park,Star Wars Hyperspace Mountain Single Rider,7278,OPERATING,STANDBY,25,,,queue-times.com
2026-08-05T14:01:13Z,2026-08-05,16,1,Disneyland Park,Welcome to Starport: A Star Wars Encounter,4573,OPERATING,STANDBY,20,,,queue-times.com
2026-08-05T14:01:13Z,2026-08-05,16,1,Disneyland Park,"""it's a small world""",19,OPERATING,STANDBY,10,,,queue-times.com
2026-08-05T14:01:13Z,2026-08-05,16,1,Disneyland Park,Alice's Curious Labyrinth,14,OPERATING,STANDBY,5,,,queue-times.com
2026-08-05T14:01:13Z,2026-08-05,16,1,Disneyland Park,Blanche-Neige et les Sept Nains®,15,OPERATING,STANDBY,15,,,queue-times.com
2026-08-05T14:01:13Z,2026-08-05,16,1,Disneyland Park,Casey Jr. – le Petit Train du Cirque,17,CLOSED,STANDBY,0,,,queue-times.com
2026-08-05T14:01:13Z,2026-08-05,16,1,Disneyland Park,Disneyland Railroad Fantasyland Station,2711,CLOSED,STANDBY,0,,,queue-times.com
2026-08-05T14:01:13Z,2026-08-05,16,1,Disneyland Park,Disneyland Railroad Main Street Station,11,OPERATING,STANDBY,20,,,queue-times.com
2026-08-05T14:01:13Z,2026-08-05,16,1,Disneyland Park,Dumbo the Flying Elephant,18,OPERATING,STANDBY,35,,,queue-times.com
2026-08-05T14:01:13Z,2026-08-05,16,1,Disneyland Park,La Tanière du Dragon,2710,OPERATING,STANDBY,0,,,queue-times.com
2026-08-05T14:01:13Z,2026-08-05,16,1,Disneyland Park,Le Carrousel de Lancelot,16,OPERATING,STANDBY,15,,,queue-times.com
2026-08-05T14:01:13Z,2026-08-05,16,1,Disneyland Park,"Le Pays des Contes de Fées, presented by Vittel",21,OPERATING,STANDBY,5,,,queue-times.com
2026-08-05T14:01:13Z,2026-08-05,16,1,Disneyland Park,Les Voyages de Pinocchio,23,OPERATING,STANDBY,30,,,queue-times.com
2026-08-05T14:01:13Z,2026-08-05,16,1,Disneyland Park,Mad Hatter's Tea Cups,20,OPERATING,STANDBY,10,,,queue-times.com
2026-08-05T14:01:13Z,2026-08-05,16,1,Disneyland Park,Meet Mickey Mouse,13,OPERATING,STANDBY,0,,,queue-times.com
2026-08-05T14:01:13Z,2026-08-05,16,1,Disneyland Park,Peter Pan's Flight,22,OPERATING,STANDBY,60,,,queue-times.com
2026-08-05T14:01:13Z,2026-08-05,16,1,Disneyland Park,Princess Pavilion,24,OPERATING,STANDBY,0,,,queue-times.com
2026-08-05T14:01:13Z,2026-08-05,16,1,Disneyland Park,Big Thunder Mountain,25,OPERATING,STANDBY,60,,,queue-times.com
2026-08-05T14:01:13Z,2026-08-05,16,1,Disneyland Park,Disneyland Railroad Frontierland Depot,2714,OPERATING,STANDBY,20,,,queue-times.com
2026-08-05T14:01:13Z,2026-08-05,16,1,Disneyland Park,Frontierland Playground,2713,OPERATING,STANDBY,0,,,queue-times.com
2026-08-05T14:01:13Z,2026-08-05,16,1,Disneyland Park,Phantom Manor,26,OPERATING,STANDBY,30,,,queue-times.com
2026-08-05T14:01:13Z,2026-08-05,16,1,Disneyland Park,River Rogue Keelboats,27,CLOSED,STANDBY,0,,,queue-times.com
2026-08-05T14:01:13Z,2026-08-05,16,1,Disneyland Park,Rustler Roundup Shootin' Gallery,2712,OPERATING,STANDBY,0,,,queue-times.com
2026-08-05T14:01:13Z,2026-08-05,16,1,Disneyland Park,Thunder Mesa Riverboat Landing,28,OPERATING,STANDBY,20,,,queue-times.com
2026-08-05T14:01:13Z,2026-08-05,16,1,Disneyland Park,Disneyland Railroad Main Street Station,2708,OPERATING,STANDBY,0,,,queue-times.com
2026-08-05T14:01:13Z,2026-08-05,16,1,Disneyland Park,Main Street Vehicles,12,CLOSED,STANDBY,0,,,queue-times.com
2026-08-05T14:01:13Z,2026-08-05,16,1,Disney Adventure World,Avengers Assemble: Flight Force,10848,OPERATING,STANDBY,25,,,queue-times.com
2026-08-05T14:01:13Z,2026-08-05,16,1,Disney Adventure World,Avengers Assemble: Flight Force Single Rider,10849,OPERATING,STANDBY,15,,,queue-times.com
2026-08-05T14:01:13Z,2026-08-05,16,1,Disney Adventure World,Spider-Man W.E.B. Adventure,10845,OPERATING,STANDBY,45,,,queue-times.com
2026-08-05T14:01:13Z,2026-08-05,16,1,Disney Adventure World,Spider-Man W.E.B. Adventure Single Rider,10846,OPERATING,STANDBY,25,,,queue-times.com
2026-08-05T14:01:13Z,2026-08-05,16,1,Disney Adventure World,The Twilight Zone Tower of Terror,40,OPERATING,STANDBY,50,,,queue-times.com
2026-08-05T14:01:13Z,2026-08-05,16,1,Disney Adventure World,Cars Quatre Roues Rallye,31,OPERATING,STANDBY,20,,,queue-times.com
2026-08-05T14:01:13Z,2026-08-05,16,1,Disney Adventure World,Cars ROAD TRIP,29,OPERATING,STANDBY,10,,,queue-times.com
2026-08-05T14:01:13Z,2026-08-05,16,1,Disney Adventure World,Crush's Coaster,32,OPERATING,STANDBY,80,,,queue-times.com
2026-08-05T14:01:13Z,2026-08-05,16,1,Disney Adventure World,Crush's Coaster Single Rider,7277,OPERATING,STANDBY,70,,,queue-times.com
2026-08-05T14:01:13Z,2026-08-05,16,1,Disney Adventure World,Les Tapis Volants - Flying Carpets Over Agrabah®,33,OPERATING,STANDBY,25,,,queue-times.com
2026-08-05T14:01:13Z,2026-08-05,16,1,Disney Adventure World,Ratatouille : L’Aventure Totalement Toquée de Rémy​,37,OPERATING,STANDBY,65,,,queue-times.com
2026-08-05T14:01:13Z,2026-08-05,16,1,Disney Adventure World,Ratatouille: The Adventure Single Rider,7279,OPERATING,STANDBY,20,,,queue-times.com
2026-08-05T14:01:13Z,2026-08-05,16,1,Disney Adventure World,RC Racer,34,OPERATING,STANDBY,55,,,queue-times.com
2026-08-05T14:01:13Z,2026-08-05,16,1,Disney Adventure World,RC Racer Single Rider,7280,OPERATING,STANDBY,50,,,queue-times.com
2026-08-05T14:01:13Z,2026-08-05,16,1,Disney Adventure World,Slinky® Dog Zigzag Spin,36,OPERATING,STANDBY,25,,,queue-times.com
2026-08-05T14:01:13Z,2026-08-05,16,1,Disney Adventure World,Toy Soldiers Parachute Drop,35,OPERATING,STANDBY,50,,,queue-times.com
2026-08-05T14:01:13Z,2026-08-05,16,1,Disney Adventure World,Toy Soldiers Parachute Drop Single Rider,7281,OPERATING,STANDBY,15,,,queue-times.com
2026-08-05T14:01:13Z,2026-08-05,16,1,Disney Adventure World,Entry to World of Frozen,16247,OPERATING,STANDBY,0,,,queue-times.com
2026-08-05T14:01:13Z,2026-08-05,16,1,Disney Adventure World,Frozen Ever After,15413,OPERATING,STANDBY,80,,,queue-times.com
2026-08-05T14:01:13Z,2026-08-05,16,1,Disney Adventure World,Raiponce Tangled Spin,15415,OPERATING,STANDBY,15,,,queue-times.com
2026-08-05T14:15:51Z,2026-08-05,16,15,Disneyland Park,Adventure Isle,2702,OPERATING,STANDBY,0,,,queue-times.com
2026-08-05T14:15:51Z,2026-08-05,16,15,Disneyland Park,Indiana Jones and the Temple of Peril Single Rider,7306,OPERATING,STANDBY,15,,,queue-times.com
2026-08-05T14:15:51Z,2026-08-05,16,15,Disneyland Park,Indiana Jones™ and the Temple of Peril,2,OPERATING,STANDBY,30,,,queue-times.com
2026-08-05T14:15:51Z,2026-08-05,16,15,Disneyland Park,La Cabane des Robinson,1,OPERATING,STANDBY,5,,,queue-times.com
2026-08-05T14:15:51Z,2026-08-05,16,15,Disneyland Park,Le Passage Enchanté d'Aladdin,2703,OPERATING,STANDBY,0,,,queue-times.com
2026-08-05T14:15:51Z,2026-08-05,16,15,Disneyland Park,Pirate Galleon,2705,CLOSED,STANDBY,0,,,queue-times.com
2026-08-05T14:15:51Z,2026-08-05,16,15,Disneyland Park,Pirates of the Caribbean,3,OPERATING,STANDBY,25,,,queue-times.com
2026-08-05T14:15:51Z,2026-08-05,16,15,Disneyland Park,Pirates' Beach,2704,OPERATING,STANDBY,0,,,queue-times.com
2026-08-05T14:15:51Z,2026-08-05,16,15,Disneyland Park,"Autopia, presented by Avis",4,OPERATING,STANDBY,40,,,queue-times.com
2026-08-05T14:15:51Z,2026-08-05,16,15,Disneyland Park,Buzz Lightyear Laser Blast,5,OPERATING,STANDBY,45,,,queue-times.com
2026-08-05T14:15:51Z,2026-08-05,16,15,Disneyland Park,Disneyland Railroad Discoveryland Station,2706,CLOSED,STANDBY,0,,,queue-times.com
2026-08-05T14:15:51Z,2026-08-05,16,15,Disneyland Park,Les Mystères du Nautilus,6,OPERATING,STANDBY,5,,,queue-times.com
2026-08-05T14:15:51Z,2026-08-05,16,15,Disneyland Park,Mickey’s PhilharMagic,2707,OPERATING,STANDBY,0,,,queue-times.com
2026-08-05T14:15:51Z,2026-08-05,16,15,Disneyland Park,Orbitron®,7,OPERATING,STANDBY,45,,,queue-times.com
2026-08-05T14:15:51Z,2026-08-05,16,15,Disneyland Park,Star Tours: The Adventures Continue*,9,OPERATING,STANDBY,15,,,queue-times.com
2026-08-05T14:15:51Z,2026-08-05,16,15,Disneyland Park,Star Wars Hyperspace Mountain,8,OPERATING,STANDBY,45,,,queue-times.com
2026-08-05T14:15:51Z,2026-08-05,16,15,Disneyland Park,Star Wars Hyperspace Mountain Single Rider,7278,OPERATING,STANDBY,40,,,queue-times.com
2026-08-05T14:15:51Z,2026-08-05,16,15,Disneyland Park,Welcome to Starport: A Star Wars Encounter,4573,OPERATING,STANDBY,20,,,queue-times.com
2026-08-05T14:15:51Z,2026-08-05,16,15,Disneyland Park,"""it's a small world""",19,OPERATING,STANDBY,10,,,queue-times.com
2026-08-05T14:15:51Z,2026-08-05,16,15,Disneyland Park,Alice's Curious Labyrinth,14,OPERATING,STANDBY,5,,,queue-times.com
2026-08-05T14:15:51Z,2026-08-05,16,15,Disneyland Park,Blanche-Neige et les Sept Nains®,15,OPERATING,STANDBY,15,,,queue-times.com
2026-08-05T14:15:51Z,2026-08-05,16,15,Disneyland Park,Casey Jr. – le Petit Train du Cirque,17,CLOSED,STANDBY,0,,,queue-times.com
2026-08-05T14:15:51Z,2026-08-05,16,15,Disneyland Park,Disneyland Railroad Fantasyland Station,2711,CLOSED,STANDBY,0,,,queue-times.com
2026-08-05T14:15:51Z,2026-08-05,16,15,Disneyland Park,Disneyland Railroad Main Street Station,11,OPERATING,STANDBY,20,,,queue-times.com
2026-08-05T14:15:51Z,2026-08-05,16,15,Disneyland Park,Dumbo the Flying Elephant,18,OPERATING,STANDBY,35,,,queue-times.com
2026-08-05T14:15:51Z,2026-08-05,16,15,Disneyland Park,La Tanière du Dragon,2710,OPERATING,STANDBY,0,,,queue-times.com
2026-08-05T14:15:51Z,2026-08-05,16,15,Disneyland Park,Le Carrousel de Lancelot,16,OPERATING,STANDBY,15,,,queue-times.com
2026-08-05T14:15:51Z,2026-08-05,16,15,Disneyland Park,"Le Pays des Contes de Fées, presented by Vittel",21,OPERATING,STANDBY,5,,,queue-times.com
2026-08-05T14:15:51Z,2026-08-05,16,15,Disneyland Park,Les Voyages de Pinocchio,23,OPERATING,STANDBY,30,,,queue-times.com
2026-08-05T14:15:51Z,2026-08-05,16,15,Disneyland Park,Mad Hatter's Tea Cups,20,OPERATING,STANDBY,10,,,queue-times.com
2026-08-05T14:15:51Z,2026-08-05,16,15,Disneyland Park,Meet Mickey Mouse,13,OPERATING,STANDBY,0,,,queue-times.com
2026-08-05T14:15:51Z,2026-08-05,16,15,Disneyland Park,Peter Pan's Flight,22,OPERATING,STANDBY,70,,,queue-times.com
2026-08-05T14:15:51Z,2026-08-05,16,15,Disneyland Park,Princess Pavilion,24,OPERATING,STANDBY,0,,,queue-times.com
2026-08-05T14:15:51Z,2026-08-05,16,15,Disneyland Park,Big Thunder Mountain,25,OPERATING,STANDBY,45,,,queue-times.com
2026-08-05T14:15:51Z,2026-08-05,16,15,Disneyland Park,Disneyland Railroad Frontierland Depot,2714,OPERATING,STANDBY,20,,,queue-times.com
2026-08-05T14:15:51Z,2026-08-05,16,15,Disneyland Park,Frontierland Playground,2713,OPERATING,STANDBY,0,,,queue-times.com
2026-08-05T14:15:51Z,2026-08-05,16,15,Disneyland Park,Phantom Manor,26,OPERATING,STANDBY,30,,,queue-times.com
2026-08-05T14:15:51Z,2026-08-05,16,15,Disneyland Park,River Rogue Keelboats,27,CLOSED,STANDBY,0,,,queue-times.com
2026-08-05T14:15:51Z,2026-08-05,16,15,Disneyland Park,Rustler Roundup Shootin' Gallery,2712,OPERATING,STANDBY,0,,,queue-times.com
2026-08-05T14:15:51Z,2026-08-05,16,15,Disneyland Park,Thunder Mesa Riverboat Landing,28,OPERATING,STANDBY,20,,,queue-times.com
2026-08-05T14:15:51Z,2026-08-05,16,15,Disneyland Park,Disneyland Railroad Main Street Station,2708,OPERATING,STANDBY,0,,,queue-times.com
2026-08-05T14:15:51Z,2026-08-05,16,15,Disneyland Park,Main Street Vehicles,12,CLOSED,STANDBY,0,,,queue-times.com
2026-08-05T14:15:51Z,2026-08-05,16,15,Disney Adventure World,Avengers Assemble: Flight Force,10848,OPERATING,STANDBY,20,,,queue-times.com
2026-08-05T14:15:51Z,2026-08-05,16,15,Disney Adventure World,Avengers Assemble: Flight Force Single Rider,10849,OPERATING,STANDBY,15,,,queue-times.com
2026-08-05T14:15:51Z,2026-08-05,16,15,Disney Adventure World,Spider-Man W.E.B. Adventure,10845,OPERATING,STANDBY,50,,,queue-times.com
2026-08-05T14:15:51Z,2026-08-05,16,15,Disney Adventure World,Spider-Man W.E.B. Adventure Single Rider,10846,OPERATING,STANDBY,20,,,queue-times.com
2026-08-05T14:15:51Z,2026-08-05,16,15,Disney Adventure World,The Twilight Zone Tower of Terror,40,OPERATING,STANDBY,45,,,queue-times.com
2026-08-05T14:15:51Z,2026-08-05,16,15,Disney Adventure World,Cars Quatre Roues Rallye,31,OPERATING,STANDBY,10,,,queue-times.com
2026-08-05T14:15:51Z,2026-08-05,16,15,Disney Adventure World,Cars ROAD TRIP,29,OPERATING,STANDBY,10,,,queue-times.com
2026-08-05T14:15:51Z,2026-08-05,16,15,Disney Adventure World,Crush's Coaster,32,OPERATING,STANDBY,75,,,queue-times.com
2026-08-05T14:15:51Z,2026-08-05,16,15,Disney Adventure World,Crush's Coaster Single Rider,7277,OPERATING,STANDBY,50,,,queue-times.com
2026-08-05T14:15:51Z,2026-08-05,16,15,Disney Adventure World,Les Tapis Volants - Flying Carpets Over Agrabah®,33,OPERATING,STANDBY,25,,,queue-times.com
2026-08-05T14:15:51Z,2026-08-05,16,15,Disney Adventure World,Ratatouille : L’Aventure Totalement Toquée de Rémy​,37,OPERATING,STANDBY,50,,,queue-times.com
2026-08-05T14:15:51Z,2026-08-05,16,15,Disney Adventure World,Ratatouille: The Adventure Single Rider,7279,OPERATING,STANDBY,35,,,queue-times.com
2026-08-05T14:15:51Z,2026-08-05,16,15,Disney Adventure World,RC Racer,34,OPERATING,STANDBY,50,,,queue-times.com
2026-08-05T14:15:51Z,2026-08-05,16,15,Disney Adventure World,RC Racer Single Rider,7280,OPERATING,STANDBY,45,,,queue-times.com
2026-08-05T14:15:51Z,2026-08-05,16,15,Disney Adventure World,Slinky® Dog Zigzag Spin,36,OPERATING,STANDBY,15,,,queue-times.com
2026-08-05T14:15:51Z,2026-08-05,16,15,Disney Adventure World,Toy Soldiers Parachute Drop,35,OPERATING,STANDBY,35,,,queue-times.com
2026-08-05T14:15:51Z,2026-08-05,16,15,Disney Adventure World,Toy Soldiers Parachute Drop Single Rider,7281,OPERATING,STANDBY,15,,,queue-times.com
2026-08-05T14:15:51Z,2026-08-05,16,15,Disney Adventure World,Entry to World of Frozen,16247,OPERATING,STANDBY,0,,,queue-times.com
2026-08-05T14:15:51Z,2026-08-05,16,15,Disney Adventure World,Frozen Ever After,15413,OPERATING,STANDBY,80,,,queue-times.com
2026-08-05T14:15:51Z,2026-08-05,16,15,Disney Adventure World,Raiponce Tangled Spin,15415,OPERATING,STANDBY,10,,,queue-times.com
2026-08-05T14:31:04Z,2026-08-05,16,31,Disneyland Park,Adventure Isle,2702,OPERATING,STANDBY,0,,,queue-times.com
2026-08-05T14:31:04Z,2026-08-05,16,31,Disneyland Park,Indiana Jones and the Temple of Peril Single Rider,7306,OPERATING,STANDBY,20,,,queue-times.com
2026-08-05T14:31:04Z,2026-08-05,16,31,Disneyland Park,Indiana Jones™ and the Temple of Peril,2,OPERATING,STANDBY,25,,,queue-times.com
2026-08-05T14:31:04Z,2026-08-05,16,31,Disneyland Park,La Cabane des Robinson,1,OPERATING,STANDBY,5,,,queue-times.com
2026-08-05T14:31:04Z,2026-08-05,16,31,Disneyland Park,Le Passage Enchanté d'Aladdin,2703,OPERATING,STANDBY,0,,,queue-times.com
2026-08-05T14:31:04Z,2026-08-05,16,31,Disneyland Park,Pirate Galleon,2705,CLOSED,STANDBY,0,,,queue-times.com
2026-08-05T14:31:04Z,2026-08-05,16,31,Disneyland Park,Pirates of the Caribbean,3,OPERATING,STANDBY,20,,,queue-times.com
2026-08-05T14:31:04Z,2026-08-05,16,31,Disneyland Park,Pirates' Beach,2704,OPERATING,STANDBY,0,,,queue-times.com
2026-08-05T14:31:04Z,2026-08-05,16,31,Disneyland Park,"Autopia, presented by Avis",4,OPERATING,STANDBY,25,,,queue-times.com
2026-08-05T14:31:04Z,2026-08-05,16,31,Disneyland Park,Buzz Lightyear Laser Blast,5,OPERATING,STANDBY,30,,,queue-times.com
2026-08-05T14:31:04Z,2026-08-05,16,31,Disneyland Park,Disneyland Railroad Discoveryland Station,2706,CLOSED,STANDBY,0,,,queue-times.com
2026-08-05T14:31:04Z,2026-08-05,16,31,Disneyland Park,Les Mystères du Nautilus,6,OPERATING,STANDBY,5,,,queue-times.com
2026-08-05T14:31:04Z,2026-08-05,16,31,Disneyland Park,Mickey’s PhilharMagic,2707,OPERATING,STANDBY,0,,,queue-times.com
2026-08-05T14:31:04Z,2026-08-05,16,31,Disneyland Park,Orbitron®,7,OPERATING,STANDBY,50,,,queue-times.com
2026-08-05T14:31:04Z,2026-08-05,16,31,Disneyland Park,Star Tours: The Adventures Continue*,9,OPERATING,STANDBY,15,,,queue-times.com
2026-08-05T14:31:04Z,2026-08-05,16,31,Disneyland Park,Star Wars Hyperspace Mountain,8,OPERATING,STANDBY,40,,,queue-times.com
2026-08-05T14:31:04Z,2026-08-05,16,31,Disneyland Park,Star Wars Hyperspace Mountain Single Rider,7278,OPERATING,STANDBY,30,,,queue-times.com
2026-08-05T14:31:04Z,2026-08-05,16,31,Disneyland Park,Welcome to Starport: A Star Wars Encounter,4573,OPERATING,STANDBY,20,,,queue-times.com
2026-08-05T14:31:04Z,2026-08-05,16,31,Disneyland Park,"""it's a small world""",19,OPERATING,STANDBY,10,,,queue-times.com
2026-08-05T14:31:04Z,2026-08-05,16,31,Disneyland Park,Alice's Curious Labyrinth,14,OPERATING,STANDBY,5,,,queue-times.com
2026-08-05T14:31:04Z,2026-08-05,16,31,Disneyland Park,Blanche-Neige et les Sept Nains®,15,OPERATING,STANDBY,15,,,queue-times.com
2026-08-05T14:31:04Z,2026-08-05,16,31,Disneyland Park,Casey Jr. – le Petit Train du Cirque,17,OPERATING,STANDBY,20,,,queue-times.com
2026-08-05T14:31:04Z,2026-08-05,16,31,Disneyland Park,Disneyland Railroad Fantasyland Station,2711,CLOSED,STANDBY,0,,,queue-times.com
2026-08-05T14:31:04Z,2026-08-05,16,31,Disneyland Park,Disneyland Railroad Main Street Station,11,OPERATING,STANDBY,20,,,queue-times.com
2026-08-05T14:31:04Z,2026-08-05,16,31,Disneyland Park,Dumbo the Flying Elephant,18,OPERATING,STANDBY,35,,,queue-times.com
2026-08-05T14:31:04Z,2026-08-05,16,31,Disneyland Park,La Tanière du Dragon,2710,OPERATING,STANDBY,0,,,queue-times.com
2026-08-05T14:31:04Z,2026-08-05,16,31,Disneyland Park,Le Carrousel de Lancelot,16,OPERATING,STANDBY,15,,,queue-times.com
2026-08-05T14:31:04Z,2026-08-05,16,31,Disneyland Park,"Le Pays des Contes de Fées, presented by Vittel",21,OPERATING,STANDBY,5,,,queue-times.com
2026-08-05T14:31:04Z,2026-08-05,16,31,Disneyland Park,Les Voyages de Pinocchio,23,OPERATING,STANDBY,30,,,queue-times.com
2026-08-05T14:31:04Z,2026-08-05,16,31,Disneyland Park,Mad Hatter's Tea Cups,20,OPERATING,STANDBY,10,,,queue-times.com
2026-08-05T14:31:04Z,2026-08-05,16,31,Disneyland Park,Meet Mickey Mouse,13,OPERATING,STANDBY,0,,,queue-times.com
2026-08-05T14:31:04Z,2026-08-05,16,31,Disneyland Park,Peter Pan's Flight,22,OPERATING,STANDBY,70,,,queue-times.com
2026-08-05T14:31:04Z,2026-08-05,16,31,Disneyland Park,Princess Pavilion,24,OPERATING,STANDBY,0,,,queue-times.com
2026-08-05T14:31:04Z,2026-08-05,16,31,Disneyland Park,Big Thunder Mountain,25,OPERATING,STANDBY,60,,,queue-times.com
2026-08-05T14:31:04Z,2026-08-05,16,31,Disneyland Park,Disneyland Railroad Frontierland Depot,2714,OPERATING,STANDBY,20,,,queue-times.com
2026-08-05T14:31:04Z,2026-08-05,16,31,Disneyland Park,Frontierland Playground,2713,OPERATING,STANDBY,0,,,queue-times.com
2026-08-05T14:31:04Z,2026-08-05,16,31,Disneyland Park,Phantom Manor,26,OPERATING,STANDBY,25,,,queue-times.com
2026-08-05T14:31:04Z,2026-08-05,16,31,Disneyland Park,River Rogue Keelboats,27,CLOSED,STANDBY,0,,,queue-times.com
2026-08-05T14:31:04Z,2026-08-05,16,31,Disneyland Park,Rustler Roundup Shootin' Gallery,2712,OPERATING,STANDBY,0,,,queue-times.com
2026-08-05T14:31:04Z,2026-08-05,16,31,Disneyland Park,Thunder Mesa Riverboat Landing,28,OPERATING,STANDBY,20,,,queue-times.com
2026-08-05T14:31:04Z,2026-08-05,16,31,Disneyland Park,Disneyland Railroad Main Street Station,2708,OPERATING,STANDBY,0,,,queue-times.com
2026-08-05T14:31:04Z,2026-08-05,16,31,Disneyland Park,Main Street Vehicles,12,CLOSED,STANDBY,0,,,queue-times.com
2026-08-05T14:31:04Z,2026-08-05,16,31,Disney Adventure World,Avengers Assemble: Flight Force,10848,OPERATING,STANDBY,30,,,queue-times.com
2026-08-05T14:31:04Z,2026-08-05,16,31,Disney Adventure World,Avengers Assemble: Flight Force Single Rider,10849,OPERATING,STANDBY,20,,,queue-times.com
2026-08-05T14:31:04Z,2026-08-05,16,31,Disney Adventure World,Spider-Man W.E.B. Adventure,10845,OPERATING,STANDBY,45,,,queue-times.com
2026-08-05T14:31:04Z,2026-08-05,16,31,Disney Adventure World,Spider-Man W.E.B. Adventure Single Rider,10846,OPERATING,STANDBY,25,,,queue-times.com
2026-08-05T14:31:04Z,2026-08-05,16,31,Disney Adventure World,The Twilight Zone Tower of Terror,40,OPERATING,STANDBY,45,,,queue-times.com
2026-08-05T14:31:04Z,2026-08-05,16,31,Disney Adventure World,Cars Quatre Roues Rallye,31,OPERATING,STANDBY,10,,,queue-times.com
2026-08-05T14:31:04Z,2026-08-05,16,31,Disney Adventure World,Cars ROAD TRIP,29,OPERATING,STANDBY,20,,,queue-times.com
2026-08-05T14:31:04Z,2026-08-05,16,31,Disney Adventure World,Crush's Coaster,32,OPERATING,STANDBY,75,,,queue-times.com
2026-08-05T14:31:04Z,2026-08-05,16,31,Disney Adventure World,Crush's Coaster Single Rider,7277,OPERATING,STANDBY,40,,,queue-times.com
2026-08-05T14:31:04Z,2026-08-05,16,31,Disney Adventure World,Les Tapis Volants - Flying Carpets Over Agrabah®,33,OPERATING,STANDBY,20,,,queue-times.com
2026-08-05T14:31:04Z,2026-08-05,16,31,Disney Adventure World,Ratatouille : L’Aventure Totalement Toquée de Rémy​,37,OPERATING,STANDBY,80,,,queue-times.com
2026-08-05T14:31:04Z,2026-08-05,16,31,Disney Adventure World,Ratatouille: The Adventure Single Rider,7279,OPERATING,STANDBY,35,,,queue-times.com
2026-08-05T14:31:04Z,2026-08-05,16,31,Disney Adventure World,RC Racer,34,OPERATING,STANDBY,45,,,queue-times.com
2026-08-05T14:31:04Z,2026-08-05,16,31,Disney Adventure World,RC Racer Single Rider,7280,OPERATING,STANDBY,40,,,queue-times.com
2026-08-05T14:31:04Z,2026-08-05,16,31,Disney Adventure World,Slinky® Dog Zigzag Spin,36,OPERATING,STANDBY,25,,,queue-times.com
2026-08-05T14:31:04Z,2026-08-05,16,31,Disney Adventure World,Toy Soldiers Parachute Drop,35,OPERATING,STANDBY,60,,,queue-times.com
2026-08-05T14:31:04Z,2026-08-05,16,31,Disney Adventure World,Toy Soldiers Parachute Drop Single Rider,7281,OPERATING,STANDBY,20,,,queue-times.com
2026-08-05T14:31:04Z,2026-08-05,16,31,Disney Adventure World,Entry to World of Frozen,16247,OPERATING,STANDBY,0,,,queue-times.com
2026-08-05T14:31:04Z,2026-08-05,16,31,Disney Adventure World,Frozen Ever After,15413,OPERATING,STANDBY,75,,,queue-times.com
2026-08-05T14:31:04Z,2026-08-05,16,31,Disney Adventure World,Raiponce Tangled Spin,15415,OPERATING,STANDBY,10,,,queue-times.com
2026-08-05T14:45:51Z,2026-08-05,16,45,Disneyland Park,Adventure Isle,2702,OPERATING,STANDBY,0,,,queue-times.com
2026-08-05T14:45:51Z,2026-08-05,16,45,Disneyland Park,Indiana Jones and the Temple of Peril Single Rider,7306,OPERATING,STANDBY,15,,,queue-times.com
2026-08-05T14:45:51Z,2026-08-05,16,45,Disneyland Park,Indiana Jones™ and the Temple of Peril,2,OPERATING,STANDBY,30,,,queue-times.com
2026-08-05T14:45:51Z,2026-08-05,16,45,Disneyland Park,La Cabane des Robinson,1,OPERATING,STANDBY,5,,,queue-times.com
2026-08-05T14:45:51Z,2026-08-05,16,45,Disneyland Park,Le Passage Enchanté d'Aladdin,2703,OPERATING,STANDBY,0,,,queue-times.com
2026-08-05T14:45:51Z,2026-08-05,16,45,Disneyland Park,Pirate Galleon,2705,CLOSED,STANDBY,0,,,queue-times.com
2026-08-05T14:45:51Z,2026-08-05,16,45,Disneyland Park,Pirates of the Caribbean,3,OPERATING,STANDBY,15,,,queue-times.com
2026-08-05T14:45:51Z,2026-08-05,16,45,Disneyland Park,Pirates' Beach,2704,OPERATING,STANDBY,0,,,queue-times.com
2026-08-05T14:45:51Z,2026-08-05,16,45,Disneyland Park,"Autopia, presented by Avis",4,OPERATING,STANDBY,35,,,queue-times.com
2026-08-05T14:45:51Z,2026-08-05,16,45,Disneyland Park,Buzz Lightyear Laser Blast,5,OPERATING,STANDBY,50,,,queue-times.com
2026-08-05T14:45:51Z,2026-08-05,16,45,Disneyland Park,Disneyland Railroad Discoveryland Station,2706,CLOSED,STANDBY,0,,,queue-times.com
2026-08-05T14:45:51Z,2026-08-05,16,45,Disneyland Park,Les Mystères du Nautilus,6,OPERATING,STANDBY,5,,,queue-times.com
2026-08-05T14:45:51Z,2026-08-05,16,45,Disneyland Park,Mickey’s PhilharMagic,2707,OPERATING,STANDBY,0,,,queue-times.com
2026-08-05T14:45:51Z,2026-08-05,16,45,Disneyland Park,Orbitron®,7,OPERATING,STANDBY,45,,,queue-times.com
2026-08-05T14:45:51Z,2026-08-05,16,45,Disneyland Park,Star Tours: The Adventures Continue*,9,OPERATING,STANDBY,10,,,queue-times.com
2026-08-05T14:45:51Z,2026-08-05,16,45,Disneyland Park,Star Wars Hyperspace Mountain,8,OPERATING,STANDBY,40,,,queue-times.com
2026-08-05T14:45:51Z,2026-08-05,16,45,Disneyland Park,Star Wars Hyperspace Mountain Single Rider,7278,OPERATING,STANDBY,35,,,queue-times.com
2026-08-05T14:45:51Z,2026-08-05,16,45,Disneyland Park,Welcome to Starport: A Star Wars Encounter,4573,OPERATING,STANDBY,20,,,queue-times.com
2026-08-05T14:45:51Z,2026-08-05,16,45,Disneyland Park,"""it's a small world""",19,OPERATING,STANDBY,5,,,queue-times.com
2026-08-05T14:45:51Z,2026-08-05,16,45,Disneyland Park,Alice's Curious Labyrinth,14,OPERATING,STANDBY,5,,,queue-times.com
2026-08-05T14:45:51Z,2026-08-05,16,45,Disneyland Park,Blanche-Neige et les Sept Nains®,15,OPERATING,STANDBY,30,,,queue-times.com
2026-08-05T14:45:51Z,2026-08-05,16,45,Disneyland Park,Casey Jr. – le Petit Train du Cirque,17,OPERATING,STANDBY,10,,,queue-times.com
2026-08-05T14:45:51Z,2026-08-05,16,45,Disneyland Park,Disneyland Railroad Fantasyland Station,2711,CLOSED,STANDBY,0,,,queue-times.com
2026-08-05T14:45:51Z,2026-08-05,16,45,Disneyland Park,Disneyland Railroad Main Street Station,11,OPERATING,STANDBY,20,,,queue-times.com
2026-08-05T14:45:51Z,2026-08-05,16,45,Disneyland Park,Dumbo the Flying Elephant,18,OPERATING,STANDBY,35,,,queue-times.com
2026-08-05T14:45:51Z,2026-08-05,16,45,Disneyland Park,La Tanière du Dragon,2710,OPERATING,STANDBY,0,,,queue-times.com
2026-08-05T14:45:51Z,2026-08-05,16,45,Disneyland Park,Le Carrousel de Lancelot,16,OPERATING,STANDBY,15,,,queue-times.com
2026-08-05T14:45:51Z,2026-08-05,16,45,Disneyland Park,"Le Pays des Contes de Fées, presented by Vittel",21,OPERATING,STANDBY,5,,,queue-times.com
2026-08-05T14:45:51Z,2026-08-05,16,45,Disneyland Park,Les Voyages de Pinocchio,23,OPERATING,STANDBY,30,,,queue-times.com
2026-08-05T14:45:51Z,2026-08-05,16,45,Disneyland Park,Mad Hatter's Tea Cups,20,OPERATING,STANDBY,10,,,queue-times.com
2026-08-05T14:45:51Z,2026-08-05,16,45,Disneyland Park,Meet Mickey Mouse,13,OPERATING,STANDBY,0,,,queue-times.com
2026-08-05T14:45:51Z,2026-08-05,16,45,Disneyland Park,Peter Pan's Flight,22,OPERATING,STANDBY,65,,,queue-times.com
2026-08-05T14:45:51Z,2026-08-05,16,45,Disneyland Park,Princess Pavilion,24,OPERATING,STANDBY,0,,,queue-times.com
2026-08-05T14:45:51Z,2026-08-05,16,45,Disneyland Park,Big Thunder Mountain,25,OPERATING,STANDBY,60,,,queue-times.com
2026-08-05T14:45:51Z,2026-08-05,16,45,Disneyland Park,Disneyland Railroad Frontierland Depot,2714,OPERATING,STANDBY,20,,,queue-times.com
2026-08-05T14:45:51Z,2026-08-05,16,45,Disneyland Park,Frontierland Playground,2713,OPERATING,STANDBY,0,,,queue-times.com
2026-08-05T14:45:51Z,2026-08-05,16,45,Disneyland Park,Phantom Manor,26,OPERATING,STANDBY,25,,,queue-times.com
2026-08-05T14:45:51Z,2026-08-05,16,45,Disneyland Park,River Rogue Keelboats,27,CLOSED,STANDBY,0,,,queue-times.com
2026-08-05T14:45:51Z,2026-08-05,16,45,Disneyland Park,Rustler Roundup Shootin' Gallery,2712,OPERATING,STANDBY,0,,,queue-times.com
2026-08-05T14:45:51Z,2026-08-05,16,45,Disneyland Park,Thunder Mesa Riverboat Landing,28,OPERATING,STANDBY,20,,,queue-times.com
2026-08-05T14:45:51Z,2026-08-05,16,45,Disneyland Park,Disneyland Railroad Main Street Station,2708,OPERATING,STANDBY,0,,,queue-times.com
2026-08-05T14:45:51Z,2026-08-05,16,45,Disneyland Park,Main Street Vehicles,12,CLOSED,STANDBY,0,,,queue-times.com
2026-08-05T14:45:51Z,2026-08-05,16,45,Disney Adventure World,Avengers Assemble: Flight Force,10848,OPERATING,STANDBY,25,,,queue-times.com
2026-08-05T14:45:51Z,2026-08-05,16,45,Disney Adventure World,Avengers Assemble: Flight Force Single Rider,10849,OPERATING,STANDBY,20,,,queue-times.com
2026-08-05T14:45:51Z,2026-08-05,16,45,Disney Adventure World,Spider-Man W.E.B. Adventure,10845,OPERATING,STANDBY,50,,,queue-times.com
2026-08-05T14:45:51Z,2026-08-05,16,45,Disney Adventure World,Spider-Man W.E.B. Adventure Single Rider,10846,OPERATING,STANDBY,15,,,queue-times.com
2026-08-05T14:45:51Z,2026-08-05,16,45,Disney Adventure World,The Twilight Zone Tower of Terror,40,OPERATING,STANDBY,25,,,queue-times.com
2026-08-05T14:45:51Z,2026-08-05,16,45,Disney Adventure World,Cars Quatre Roues Rallye,31,OPERATING,STANDBY,15,,,queue-times.com
2026-08-05T14:45:51Z,2026-08-05,16,45,Disney Adventure World,Cars ROAD TRIP,29,OPERATING,STANDBY,20,,,queue-times.com
2026-08-05T14:45:51Z,2026-08-05,16,45,Disney Adventure World,Crush's Coaster,32,OPERATING,STANDBY,75,,,queue-times.com
2026-08-05T14:45:51Z,2026-08-05,16,45,Disney Adventure World,Crush's Coaster Single Rider,7277,OPERATING,STANDBY,60,,,queue-times.com
2026-08-05T14:45:51Z,2026-08-05,16,45,Disney Adventure World,Les Tapis Volants - Flying Carpets Over Agrabah®,33,OPERATING,STANDBY,15,,,queue-times.com
2026-08-05T14:45:51Z,2026-08-05,16,45,Disney Adventure World,Ratatouille : L’Aventure Totalement Toquée de Rémy​,37,OPERATING,STANDBY,65,,,queue-times.com
2026-08-05T14:45:51Z,2026-08-05,16,45,Disney Adventure World,Ratatouille: The Adventure Single Rider,7279,OPERATING,STANDBY,15,,,queue-times.com
2026-08-05T14:45:51Z,2026-08-05,16,45,Disney Adventure World,RC Racer,34,OPERATING,STANDBY,55,,,queue-times.com
2026-08-05T14:45:51Z,2026-08-05,16,45,Disney Adventure World,RC Racer Single Rider,7280,OPERATING,STANDBY,50,,,queue-times.com
2026-08-05T14:45:51Z,2026-08-05,16,45,Disney Adventure World,Slinky® Dog Zigzag Spin,36,OPERATING,STANDBY,15,,,queue-times.com
2026-08-05T14:45:51Z,2026-08-05,16,45,Disney Adventure World,Toy Soldiers Parachute Drop,35,OPERATING,STANDBY,60,,,queue-times.com
2026-08-05T14:45:51Z,2026-08-05,16,45,Disney Adventure World,Toy Soldiers Parachute Drop Single Rider,7281,OPERATING,STANDBY,35,,,queue-times.com
2026-08-05T14:45:51Z,2026-08-05,16,45,Disney Adventure World,Entry to World of Frozen,16247,OPERATING,STANDBY,0,,,queue-times.com
2026-08-05T14:45:51Z,2026-08-05,16,45,Disney Adventure World,Frozen Ever After,15413,CLOSED,STANDBY,0,,,queue-times.com
2026-08-05T14:45:51Z,2026-08-05,16,45,Disney Adventure World,Raiponce Tangled Spin,15415,OPERATING,STANDBY,15,,,queue-times.com
2026-08-05T15:01:19Z,2026-08-05,17,1,Disneyland Park,Adventure Isle,2702,OPERATING,STANDBY,0,,,queue-times.com
2026-08-05T15:01:19Z,2026-08-05,17,1,Disneyland Park,Indiana Jones and the Temple of Peril Single Rider,7306,OPERATING,STANDBY,15,,,queue-times.com
2026-08-05T15:01:19Z,2026-08-05,17,1,Disneyland Park,Indiana Jones™ and the Temple of Peril,2,OPERATING,STANDBY,20,,,queue-times.com
2026-08-05T15:01:19Z,2026-08-05,17,1,Disneyland Park,La Cabane des Robinson,1,OPERATING,STANDBY,5,,,queue-times.com
2026-08-05T15:01:19Z,2026-08-05,17,1,Disneyland Park,Le Passage Enchanté d'Aladdin,2703,OPERATING,STANDBY,0,,,queue-times.com
2026-08-05T15:01:19Z,2026-08-05,17,1,Disneyland Park,Pirate Galleon,2705,CLOSED,STANDBY,0,,,queue-times.com
2026-08-05T15:01:19Z,2026-08-05,17,1,Disneyland Park,Pirates of the Caribbean,3,OPERATING,STANDBY,20,,,queue-times.com
2026-08-05T15:01:19Z,2026-08-05,17,1,Disneyland Park,Pirates' Beach,2704,OPERATING,STANDBY,0,,,queue-times.com
2026-08-05T15:01:19Z,2026-08-05,17,1,Disneyland Park,"Autopia, presented by Avis",4,OPERATING,STANDBY,35,,,queue-times.com
2026-08-05T15:01:19Z,2026-08-05,17,1,Disneyland Park,Buzz Lightyear Laser Blast,5,OPERATING,STANDBY,35,,,queue-times.com
2026-08-05T15:01:19Z,2026-08-05,17,1,Disneyland Park,Disneyland Railroad Discoveryland Station,2706,CLOSED,STANDBY,0,,,queue-times.com
2026-08-05T15:01:19Z,2026-08-05,17,1,Disneyland Park,Les Mystères du Nautilus,6,OPERATING,STANDBY,5,,,queue-times.com
2026-08-05T15:01:19Z,2026-08-05,17,1,Disneyland Park,Mickey’s PhilharMagic,2707,OPERATING,STANDBY,0,,,queue-times.com
2026-08-05T15:01:19Z,2026-08-05,17,1,Disneyland Park,Orbitron®,7,OPERATING,STANDBY,45,,,queue-times.com
2026-08-05T15:01:19Z,2026-08-05,17,1,Disneyland Park,Star Tours: The Adventures Continue*,9,OPERATING,STANDBY,10,,,queue-times.com
2026-08-05T15:01:19Z,2026-08-05,17,1,Disneyland Park,Star Wars Hyperspace Mountain,8,OPERATING,STANDBY,40,,,queue-times.com
2026-08-05T15:01:19Z,2026-08-05,17,1,Disneyland Park,Star Wars Hyperspace Mountain Single Rider,7278,OPERATING,STANDBY,25,,,queue-times.com
2026-08-05T15:01:19Z,2026-08-05,17,1,Disneyland Park,Welcome to Starport: A Star Wars Encounter,4573,OPERATING,STANDBY,20,,,queue-times.com
2026-08-05T15:01:19Z,2026-08-05,17,1,Disneyland Park,"""it's a small world""",19,OPERATING,STANDBY,5,,,queue-times.com
2026-08-05T15:01:19Z,2026-08-05,17,1,Disneyland Park,Alice's Curious Labyrinth,14,OPERATING,STANDBY,5,,,queue-times.com
2026-08-05T15:01:19Z,2026-08-05,17,1,Disneyland Park,Blanche-Neige et les Sept Nains®,15,OPERATING,STANDBY,30,,,queue-times.com
2026-08-05T15:01:19Z,2026-08-05,17,1,Disneyland Park,Casey Jr. – le Petit Train du Cirque,17,OPERATING,STANDBY,20,,,queue-times.com
2026-08-05T15:01:19Z,2026-08-05,17,1,Disneyland Park,Disneyland Railroad Fantasyland Station,2711,CLOSED,STANDBY,0,,,queue-times.com
2026-08-05T15:01:19Z,2026-08-05,17,1,Disneyland Park,Disneyland Railroad Main Street Station,11,OPERATING,STANDBY,20,,,queue-times.com
2026-08-05T15:01:19Z,2026-08-05,17,1,Disneyland Park,Dumbo the Flying Elephant,18,OPERATING,STANDBY,35,,,queue-times.com
2026-08-05T15:01:19Z,2026-08-05,17,1,Disneyland Park,La Tanière du Dragon,2710,OPERATING,STANDBY,0,,,queue-times.com
2026-08-05T15:01:19Z,2026-08-05,17,1,Disneyland Park,Le Carrousel de Lancelot,16,OPERATING,STANDBY,15,,,queue-times.com
2026-08-05T15:01:19Z,2026-08-05,17,1,Disneyland Park,"Le Pays des Contes de Fées, presented by Vittel",21,OPERATING,STANDBY,5,,,queue-times.com
2026-08-05T15:01:19Z,2026-08-05,17,1,Disneyland Park,Les Voyages de Pinocchio,23,OPERATING,STANDBY,15,,,queue-times.com
2026-08-05T15:01:19Z,2026-08-05,17,1,Disneyland Park,Mad Hatter's Tea Cups,20,OPERATING,STANDBY,10,,,queue-times.com
2026-08-05T15:01:19Z,2026-08-05,17,1,Disneyland Park,Meet Mickey Mouse,13,OPERATING,STANDBY,0,,,queue-times.com
2026-08-05T15:01:19Z,2026-08-05,17,1,Disneyland Park,Peter Pan's Flight,22,OPERATING,STANDBY,60,,,queue-times.com
2026-08-05T15:01:19Z,2026-08-05,17,1,Disneyland Park,Princess Pavilion,24,OPERATING,STANDBY,0,,,queue-times.com
2026-08-05T15:01:19Z,2026-08-05,17,1,Disneyland Park,Big Thunder Mountain,25,OPERATING,STANDBY,100,,,queue-times.com
2026-08-05T15:01:19Z,2026-08-05,17,1,Disneyland Park,Disneyland Railroad Frontierland Depot,2714,OPERATING,STANDBY,30,,,queue-times.com
2026-08-05T15:01:19Z,2026-08-05,17,1,Disneyland Park,Frontierland Playground,2713,OPERATING,STANDBY,0,,,queue-times.com
2026-08-05T15:01:19Z,2026-08-05,17,1,Disneyland Park,Phantom Manor,26,OPERATING,STANDBY,20,,,queue-times.com
2026-08-05T15:01:19Z,2026-08-05,17,1,Disneyland Park,River Rogue Keelboats,27,CLOSED,STANDBY,0,,,queue-times.com
2026-08-05T15:01:19Z,2026-08-05,17,1,Disneyland Park,Rustler Roundup Shootin' Gallery,2712,OPERATING,STANDBY,0,,,queue-times.com
2026-08-05T15:01:19Z,2026-08-05,17,1,Disneyland Park,Thunder Mesa Riverboat Landing,28,OPERATING,STANDBY,20,,,queue-times.com
2026-08-05T15:01:19Z,2026-08-05,17,1,Disneyland Park,Disneyland Railroad Main Street Station,2708,OPERATING,STANDBY,0,,,queue-times.com
2026-08-05T15:01:19Z,2026-08-05,17,1,Disneyland Park,Main Street Vehicles,12,CLOSED,STANDBY,0,,,queue-times.com
2026-08-05T15:01:19Z,2026-08-05,17,1,Disney Adventure World,Avengers Assemble: Flight Force,10848,OPERATING,STANDBY,25,,,queue-times.com
2026-08-05T15:01:19Z,2026-08-05,17,1,Disney Adventure World,Avengers Assemble: Flight Force Single Rider,10849,OPERATING,STANDBY,20,,,queue-times.com
2026-08-05T15:01:19Z,2026-08-05,17,1,Disney Adventure World,Spider-Man W.E.B. Adventure,10845,OPERATING,STANDBY,60,,,queue-times.com
2026-08-05T15:01:19Z,2026-08-05,17,1,Disney Adventure World,Spider-Man W.E.B. Adventure Single Rider,10846,OPERATING,STANDBY,25,,,queue-times.com
2026-08-05T15:01:19Z,2026-08-05,17,1,Disney Adventure World,The Twilight Zone Tower of Terror,40,OPERATING,STANDBY,25,,,queue-times.com
2026-08-05T15:01:19Z,2026-08-05,17,1,Disney Adventure World,Cars Quatre Roues Rallye,31,OPERATING,STANDBY,15,,,queue-times.com
2026-08-05T15:01:19Z,2026-08-05,17,1,Disney Adventure World,Cars ROAD TRIP,29,OPERATING,STANDBY,20,,,queue-times.com
2026-08-05T15:01:19Z,2026-08-05,17,1,Disney Adventure World,Crush's Coaster,32,OPERATING,STANDBY,85,,,queue-times.com
2026-08-05T15:01:19Z,2026-08-05,17,1,Disney Adventure World,Crush's Coaster Single Rider,7277,OPERATING,STANDBY,45,,,queue-times.com
2026-08-05T15:01:19Z,2026-08-05,17,1,Disney Adventure World,Les Tapis Volants - Flying Carpets Over Agrabah®,33,OPERATING,STANDBY,25,,,queue-times.com
2026-08-05T15:01:19Z,2026-08-05,17,1,Disney Adventure World,Ratatouille : L’Aventure Totalement Toquée de Rémy​,37,OPERATING,STANDBY,45,,,queue-times.com
2026-08-05T15:01:19Z,2026-08-05,17,1,Disney Adventure World,Ratatouille: The Adventure Single Rider,7279,OPERATING,STANDBY,20,,,queue-times.com
2026-08-05T15:01:19Z,2026-08-05,17,1,Disney Adventure World,RC Racer,34,OPERATING,STANDBY,55,,,queue-times.com
2026-08-05T15:01:19Z,2026-08-05,17,1,Disney Adventure World,RC Racer Single Rider,7280,OPERATING,STANDBY,50,,,queue-times.com
2026-08-05T15:01:19Z,2026-08-05,17,1,Disney Adventure World,Slinky® Dog Zigzag Spin,36,OPERATING,STANDBY,15,,,queue-times.com
2026-08-05T15:01:19Z,2026-08-05,17,1,Disney Adventure World,Toy Soldiers Parachute Drop,35,OPERATING,STANDBY,50,,,queue-times.com
2026-08-05T15:01:19Z,2026-08-05,17,1,Disney Adventure World,Toy Soldiers Parachute Drop Single Rider,7281,OPERATING,STANDBY,35,,,queue-times.com
2026-08-05T15:01:19Z,2026-08-05,17,1,Disney Adventure World,Entry to World of Frozen,16247,OPERATING,STANDBY,0,,,queue-times.com
2026-08-05T15:01:19Z,2026-08-05,17,1,Disney Adventure World,Frozen Ever After,15413,CLOSED,STANDBY,0,,,queue-times.com
2026-08-05T15:01:19Z,2026-08-05,17,1,Disney Adventure World,Raiponce Tangled Spin,15415,OPERATING,STANDBY,5,,,queue-times.com
2026-08-05T15:15:53Z,2026-08-05,17,15,Disneyland Park,Adventure Isle,2702,OPERATING,STANDBY,0,,,queue-times.com
2026-08-05T15:15:53Z,2026-08-05,17,15,Disneyland Park,Indiana Jones and the Temple of Peril Single Rider,7306,OPERATING,STANDBY,15,,,queue-times.com
2026-08-05T15:15:53Z,2026-08-05,17,15,Disneyland Park,Indiana Jones™ and the Temple of Peril,2,OPERATING,STANDBY,20,,,queue-times.com
2026-08-05T15:15:53Z,2026-08-05,17,15,Disneyland Park,La Cabane des Robinson,1,OPERATING,STANDBY,5,,,queue-times.com
2026-08-05T15:15:53Z,2026-08-05,17,15,Disneyland Park,Le Passage Enchanté d'Aladdin,2703,OPERATING,STANDBY,0,,,queue-times.com
2026-08-05T15:15:53Z,2026-08-05,17,15,Disneyland Park,Pirate Galleon,2705,CLOSED,STANDBY,0,,,queue-times.com
2026-08-05T15:15:53Z,2026-08-05,17,15,Disneyland Park,Pirates of the Caribbean,3,OPERATING,STANDBY,15,,,queue-times.com
2026-08-05T15:15:53Z,2026-08-05,17,15,Disneyland Park,Pirates' Beach,2704,OPERATING,STANDBY,0,,,queue-times.com
2026-08-05T15:15:53Z,2026-08-05,17,15,Disneyland Park,"Autopia, presented by Avis",4,OPERATING,STANDBY,35,,,queue-times.com
2026-08-05T15:15:53Z,2026-08-05,17,15,Disneyland Park,Buzz Lightyear Laser Blast,5,OPERATING,STANDBY,35,,,queue-times.com
2026-08-05T15:15:53Z,2026-08-05,17,15,Disneyland Park,Disneyland Railroad Discoveryland Station,2706,CLOSED,STANDBY,0,,,queue-times.com
2026-08-05T15:15:53Z,2026-08-05,17,15,Disneyland Park,Les Mystères du Nautilus,6,OPERATING,STANDBY,5,,,queue-times.com
2026-08-05T15:15:53Z,2026-08-05,17,15,Disneyland Park,Mickey’s PhilharMagic,2707,OPERATING,STANDBY,0,,,queue-times.com
2026-08-05T15:15:53Z,2026-08-05,17,15,Disneyland Park,Orbitron®,7,OPERATING,STANDBY,40,,,queue-times.com
2026-08-05T15:15:53Z,2026-08-05,17,15,Disneyland Park,Star Tours: The Adventures Continue*,9,OPERATING,STANDBY,10,,,queue-times.com
2026-08-05T15:15:53Z,2026-08-05,17,15,Disneyland Park,Star Wars Hyperspace Mountain,8,OPERATING,STANDBY,40,,,queue-times.com
2026-08-05T15:15:53Z,2026-08-05,17,15,Disneyland Park,Star Wars Hyperspace Mountain Single Rider,7278,OPERATING,STANDBY,30,,,queue-times.com
2026-08-05T15:15:53Z,2026-08-05,17,15,Disneyland Park,Welcome to Starport: A Star Wars Encounter,4573,CLOSED,STANDBY,0,,,queue-times.com
2026-08-05T15:15:53Z,2026-08-05,17,15,Disneyland Park,"""it's a small world""",19,OPERATING,STANDBY,5,,,queue-times.com
2026-08-05T15:15:53Z,2026-08-05,17,15,Disneyland Park,Alice's Curious Labyrinth,14,OPERATING,STANDBY,5,,,queue-times.com
2026-08-05T15:15:53Z,2026-08-05,17,15,Disneyland Park,Blanche-Neige et les Sept Nains®,15,OPERATING,STANDBY,30,,,queue-times.com
2026-08-05T15:15:53Z,2026-08-05,17,15,Disneyland Park,Casey Jr. – le Petit Train du Cirque,17,OPERATING,STANDBY,20,,,queue-times.com
2026-08-05T15:15:53Z,2026-08-05,17,15,Disneyland Park,Disneyland Railroad Fantasyland Station,2711,CLOSED,STANDBY,0,,,queue-times.com
2026-08-05T15:15:53Z,2026-08-05,17,15,Disneyland Park,Disneyland Railroad Main Street Station,11,OPERATING,STANDBY,20,,,queue-times.com
2026-08-05T15:15:53Z,2026-08-05,17,15,Disneyland Park,Dumbo the Flying Elephant,18,OPERATING,STANDBY,35,,,queue-times.com
2026-08-05T15:15:53Z,2026-08-05,17,15,Disneyland Park,La Tanière du Dragon,2710,OPERATING,STANDBY,0,,,queue-times.com
2026-08-05T15:15:53Z,2026-08-05,17,15,Disneyland Park,Le Carrousel de Lancelot,16,OPERATING,STANDBY,15,,,queue-times.com
2026-08-05T15:15:53Z,2026-08-05,17,15,Disneyland Park,"Le Pays des Contes de Fées, presented by Vittel",21,OPERATING,STANDBY,5,,,queue-times.com
2026-08-05T15:15:53Z,2026-08-05,17,15,Disneyland Park,Les Voyages de Pinocchio,23,OPERATING,STANDBY,25,,,queue-times.com
2026-08-05T15:15:53Z,2026-08-05,17,15,Disneyland Park,Mad Hatter's Tea Cups,20,OPERATING,STANDBY,5,,,queue-times.com
2026-08-05T15:15:53Z,2026-08-05,17,15,Disneyland Park,Meet Mickey Mouse,13,OPERATING,STANDBY,0,,,queue-times.com
2026-08-05T15:15:53Z,2026-08-05,17,15,Disneyland Park,Peter Pan's Flight,22,OPERATING,STANDBY,60,,,queue-times.com
2026-08-05T15:15:53Z,2026-08-05,17,15,Disneyland Park,Princess Pavilion,24,OPERATING,STANDBY,0,,,queue-times.com
2026-08-05T15:15:53Z,2026-08-05,17,15,Disneyland Park,Big Thunder Mountain,25,OPERATING,STANDBY,100,,,queue-times.com
2026-08-05T15:15:53Z,2026-08-05,17,15,Disneyland Park,Disneyland Railroad Frontierland Depot,2714,OPERATING,STANDBY,30,,,queue-times.com
2026-08-05T15:15:53Z,2026-08-05,17,15,Disneyland Park,Frontierland Playground,2713,OPERATING,STANDBY,0,,,queue-times.com
2026-08-05T15:15:53Z,2026-08-05,17,15,Disneyland Park,Phantom Manor,26,OPERATING,STANDBY,20,,,queue-times.com
2026-08-05T15:15:53Z,2026-08-05,17,15,Disneyland Park,River Rogue Keelboats,27,CLOSED,STANDBY,0,,,queue-times.com
2026-08-05T15:15:53Z,2026-08-05,17,15,Disneyland Park,Rustler Roundup Shootin' Gallery,2712,OPERATING,STANDBY,0,,,queue-times.com
2026-08-05T15:15:53Z,2026-08-05,17,15,Disneyland Park,Thunder Mesa Riverboat Landing,28,OPERATING,STANDBY,20,,,queue-times.com
2026-08-05T15:15:53Z,2026-08-05,17,15,Disneyland Park,Disneyland Railroad Main Street Station,2708,OPERATING,STANDBY,0,,,queue-times.com
2026-08-05T15:15:53Z,2026-08-05,17,15,Disneyland Park,Main Street Vehicles,12,CLOSED,STANDBY,0,,,queue-times.com
2026-08-05T15:15:53Z,2026-08-05,17,15,Disney Adventure World,Avengers Assemble: Flight Force,10848,OPERATING,STANDBY,25,,,queue-times.com
2026-08-05T15:15:53Z,2026-08-05,17,15,Disney Adventure World,Avengers Assemble: Flight Force Single Rider,10849,OPERATING,STANDBY,20,,,queue-times.com
2026-08-05T15:15:53Z,2026-08-05,17,15,Disney Adventure World,Spider-Man W.E.B. Adventure,10845,OPERATING,STANDBY,60,,,queue-times.com
2026-08-05T15:15:53Z,2026-08-05,17,15,Disney Adventure World,Spider-Man W.E.B. Adventure Single Rider,10846,OPERATING,STANDBY,15,,,queue-times.com
2026-08-05T15:15:53Z,2026-08-05,17,15,Disney Adventure World,The Twilight Zone Tower of Terror,40,OPERATING,STANDBY,25,,,queue-times.com
2026-08-05T15:15:53Z,2026-08-05,17,15,Disney Adventure World,Cars Quatre Roues Rallye,31,OPERATING,STANDBY,15,,,queue-times.com
2026-08-05T15:15:53Z,2026-08-05,17,15,Disney Adventure World,Cars ROAD TRIP,29,OPERATING,STANDBY,20,,,queue-times.com
2026-08-05T15:15:53Z,2026-08-05,17,15,Disney Adventure World,Crush's Coaster,32,OPERATING,STANDBY,80,,,queue-times.com
2026-08-05T15:15:53Z,2026-08-05,17,15,Disney Adventure World,Crush's Coaster Single Rider,7277,OPERATING,STANDBY,60,,,queue-times.com
2026-08-05T15:15:53Z,2026-08-05,17,15,Disney Adventure World,Les Tapis Volants - Flying Carpets Over Agrabah®,33,OPERATING,STANDBY,15,,,queue-times.com
2026-08-05T15:15:53Z,2026-08-05,17,15,Disney Adventure World,Ratatouille : L’Aventure Totalement Toquée de Rémy​,37,OPERATING,STANDBY,50,,,queue-times.com
2026-08-05T15:15:53Z,2026-08-05,17,15,Disney Adventure World,Ratatouille: The Adventure Single Rider,7279,OPERATING,STANDBY,40,,,queue-times.com
2026-08-05T15:15:53Z,2026-08-05,17,15,Disney Adventure World,RC Racer,34,OPERATING,STANDBY,40,,,queue-times.com
2026-08-05T15:15:53Z,2026-08-05,17,15,Disney Adventure World,RC Racer Single Rider,7280,OPERATING,STANDBY,35,,,queue-times.com
2026-08-05T15:15:53Z,2026-08-05,17,15,Disney Adventure World,Slinky® Dog Zigzag Spin,36,OPERATING,STANDBY,15,,,queue-times.com
2026-08-05T15:15:53Z,2026-08-05,17,15,Disney Adventure World,Toy Soldiers Parachute Drop,35,OPERATING,STANDBY,50,,,queue-times.com
2026-08-05T15:15:53Z,2026-08-05,17,15,Disney Adventure World,Toy Soldiers Parachute Drop Single Rider,7281,OPERATING,STANDBY,35,,,queue-times.com
2026-08-05T15:15:53Z,2026-08-05,17,15,Disney Adventure World,Entry to World of Frozen,16247,OPERATING,STANDBY,0,,,queue-times.com
2026-08-05T15:15:53Z,2026-08-05,17,15,Disney Adventure World,Frozen Ever After,15413,CLOSED,STANDBY,0,,,queue-times.com
2026-08-05T15:15:53Z,2026-08-05,17,15,Disney Adventure World,Raiponce Tangled Spin,15415,OPERATING,STANDBY,10,,,queue-times.com
2026-08-05T15:24:32Z,2026-08-05,17,24,Disneyland Park,Adventure Isle,2702,OPERATING,STANDBY,0,,,queue-times.com
2026-08-05T15:24:32Z,2026-08-05,17,24,Disneyland Park,Indiana Jones and the Temple of Peril Single Rider,7306,OPERATING,STANDBY,15,,,queue-times.com
2026-08-05T15:24:32Z,2026-08-05,17,24,Disneyland Park,Indiana Jones™ and the Temple of Peril,2,OPERATING,STANDBY,20,,,queue-times.com
2026-08-05T15:24:32Z,2026-08-05,17,24,Disneyland Park,La Cabane des Robinson,1,OPERATING,STANDBY,5,,,queue-times.com
2026-08-05T15:24:32Z,2026-08-05,17,24,Disneyland Park,Le Passage Enchanté d'Aladdin,2703,OPERATING,STANDBY,0,,,queue-times.com
2026-08-05T15:24:32Z,2026-08-05,17,24,Disneyland Park,Pirate Galleon,2705,CLOSED,STANDBY,0,,,queue-times.com
2026-08-05T15:24:32Z,2026-08-05,17,24,Disneyland Park,Pirates of the Caribbean,3,OPERATING,STANDBY,15,,,queue-times.com
2026-08-05T15:24:32Z,2026-08-05,17,24,Disneyland Park,Pirates' Beach,2704,OPERATING,STANDBY,0,,,queue-times.com
2026-08-05T15:24:32Z,2026-08-05,17,24,Disneyland Park,"Autopia, presented by Avis",4,OPERATING,STANDBY,40,,,queue-times.com
2026-08-05T15:24:32Z,2026-08-05,17,24,Disneyland Park,Buzz Lightyear Laser Blast,5,OPERATING,STANDBY,45,,,queue-times.com
2026-08-05T15:24:32Z,2026-08-05,17,24,Disneyland Park,Disneyland Railroad Discoveryland Station,2706,CLOSED,STANDBY,0,,,queue-times.com
2026-08-05T15:24:32Z,2026-08-05,17,24,Disneyland Park,Les Mystères du Nautilus,6,OPERATING,STANDBY,5,,,queue-times.com
2026-08-05T15:24:32Z,2026-08-05,17,24,Disneyland Park,Mickey’s PhilharMagic,2707,OPERATING,STANDBY,0,,,queue-times.com
2026-08-05T15:24:32Z,2026-08-05,17,24,Disneyland Park,Orbitron®,7,OPERATING,STANDBY,40,,,queue-times.com
2026-08-05T15:24:32Z,2026-08-05,17,24,Disneyland Park,Star Tours: The Adventures Continue*,9,OPERATING,STANDBY,10,,,queue-times.com
2026-08-05T15:24:32Z,2026-08-05,17,24,Disneyland Park,Star Wars Hyperspace Mountain,8,OPERATING,STANDBY,40,,,queue-times.com
2026-08-05T15:24:32Z,2026-08-05,17,24,Disneyland Park,Star Wars Hyperspace Mountain Single Rider,7278,OPERATING,STANDBY,30,,,queue-times.com
2026-08-05T15:24:32Z,2026-08-05,17,24,Disneyland Park,Welcome to Starport: A Star Wars Encounter,4573,CLOSED,STANDBY,0,,,queue-times.com
2026-08-05T15:24:32Z,2026-08-05,17,24,Disneyland Park,"""it's a small world""",19,OPERATING,STANDBY,5,,,queue-times.com
2026-08-05T15:24:32Z,2026-08-05,17,24,Disneyland Park,Alice's Curious Labyrinth,14,OPERATING,STANDBY,5,,,queue-times.com
2026-08-05T15:24:32Z,2026-08-05,17,24,Disneyland Park,Blanche-Neige et les Sept Nains®,15,OPERATING,STANDBY,30,,,queue-times.com
2026-08-05T15:24:32Z,2026-08-05,17,24,Disneyland Park,Casey Jr. – le Petit Train du Cirque,17,OPERATING,STANDBY,20,,,queue-times.com
2026-08-05T15:24:32Z,2026-08-05,17,24,Disneyland Park,Disneyland Railroad Fantasyland Station,2711,CLOSED,STANDBY,0,,,queue-times.com
2026-08-05T15:24:32Z,2026-08-05,17,24,Disneyland Park,Disneyland Railroad Main Street Station,11,OPERATING,STANDBY,20,,,queue-times.com
2026-08-05T15:24:32Z,2026-08-05,17,24,Disneyland Park,Dumbo the Flying Elephant,18,OPERATING,STANDBY,35,,,queue-times.com
2026-08-05T15:24:32Z,2026-08-05,17,24,Disneyland Park,La Tanière du Dragon,2710,OPERATING,STANDBY,0,,,queue-times.com
2026-08-05T15:24:32Z,2026-08-05,17,24,Disneyland Park,Le Carrousel de Lancelot,16,OPERATING,STANDBY,15,,,queue-times.com
2026-08-05T15:24:32Z,2026-08-05,17,24,Disneyland Park,"Le Pays des Contes de Fées, presented by Vittel",21,OPERATING,STANDBY,5,,,queue-times.com
2026-08-05T15:24:32Z,2026-08-05,17,24,Disneyland Park,Les Voyages de Pinocchio,23,OPERATING,STANDBY,25,,,queue-times.com
2026-08-05T15:24:32Z,2026-08-05,17,24,Disneyland Park,Mad Hatter's Tea Cups,20,OPERATING,STANDBY,5,,,queue-times.com
2026-08-05T15:24:32Z,2026-08-05,17,24,Disneyland Park,Meet Mickey Mouse,13,OPERATING,STANDBY,0,,,queue-times.com
2026-08-05T15:24:32Z,2026-08-05,17,24,Disneyland Park,Peter Pan's Flight,22,OPERATING,STANDBY,60,,,queue-times.com
2026-08-05T15:24:32Z,2026-08-05,17,24,Disneyland Park,Princess Pavilion,24,OPERATING,STANDBY,0,,,queue-times.com
2026-08-05T15:24:32Z,2026-08-05,17,24,Disneyland Park,Big Thunder Mountain,25,OPERATING,STANDBY,100,,,queue-times.com
2026-08-05T15:24:32Z,2026-08-05,17,24,Disneyland Park,Disneyland Railroad Frontierland Depot,2714,OPERATING,STANDBY,30,,,queue-times.com
2026-08-05T15:24:32Z,2026-08-05,17,24,Disneyland Park,Frontierland Playground,2713,OPERATING,STANDBY,0,,,queue-times.com
2026-08-05T15:24:32Z,2026-08-05,17,24,Disneyland Park,Phantom Manor,26,OPERATING,STANDBY,20,,,queue-times.com
2026-08-05T15:24:32Z,2026-08-05,17,24,Disneyland Park,River Rogue Keelboats,27,CLOSED,STANDBY,0,,,queue-times.com
2026-08-05T15:24:32Z,2026-08-05,17,24,Disneyland Park,Rustler Roundup Shootin' Gallery,2712,OPERATING,STANDBY,0,,,queue-times.com
2026-08-05T15:24:32Z,2026-08-05,17,24,Disneyland Park,Thunder Mesa Riverboat Landing,28,OPERATING,STANDBY,20,,,queue-times.com
2026-08-05T15:24:32Z,2026-08-05,17,24,Disneyland Park,Disneyland Railroad Main Street Station,2708,OPERATING,STANDBY,0,,,queue-times.com
2026-08-05T15:24:32Z,2026-08-05,17,24,Disneyland Park,Main Street Vehicles,12,CLOSED,STANDBY,0,,,queue-times.com
2026-08-05T15:24:32Z,2026-08-05,17,24,Disney Adventure World,Avengers Assemble: Flight Force,10848,OPERATING,STANDBY,25,,,queue-times.com
2026-08-05T15:24:32Z,2026-08-05,17,24,Disney Adventure World,Avengers Assemble: Flight Force Single Rider,10849,OPERATING,STANDBY,20,,,queue-times.com
2026-08-05T15:24:32Z,2026-08-05,17,24,Disney Adventure World,Spider-Man W.E.B. Adventure,10845,OPERATING,STANDBY,60,,,queue-times.com
2026-08-05T15:24:32Z,2026-08-05,17,24,Disney Adventure World,Spider-Man W.E.B. Adventure Single Rider,10846,OPERATING,STANDBY,15,,,queue-times.com
2026-08-05T15:24:32Z,2026-08-05,17,24,Disney Adventure World,The Twilight Zone Tower of Terror,40,OPERATING,STANDBY,25,,,queue-times.com
2026-08-05T15:24:32Z,2026-08-05,17,24,Disney Adventure World,Cars Quatre Roues Rallye,31,OPERATING,STANDBY,15,,,queue-times.com
2026-08-05T15:24:32Z,2026-08-05,17,24,Disney Adventure World,Cars ROAD TRIP,29,OPERATING,STANDBY,20,,,queue-times.com
2026-08-05T15:24:32Z,2026-08-05,17,24,Disney Adventure World,Crush's Coaster,32,OPERATING,STANDBY,85,,,queue-times.com
2026-08-05T15:24:32Z,2026-08-05,17,24,Disney Adventure World,Crush's Coaster Single Rider,7277,OPERATING,STANDBY,60,,,queue-times.com
2026-08-05T15:24:32Z,2026-08-05,17,24,Disney Adventure World,Les Tapis Volants - Flying Carpets Over Agrabah®,33,OPERATING,STANDBY,15,,,queue-times.com
2026-08-05T15:24:32Z,2026-08-05,17,24,Disney Adventure World,Ratatouille : L’Aventure Totalement Toquée de Rémy​,37,OPERATING,STANDBY,50,,,queue-times.com
2026-08-05T15:24:32Z,2026-08-05,17,24,Disney Adventure World,Ratatouille: The Adventure Single Rider,7279,OPERATING,STANDBY,20,,,queue-times.com
2026-08-05T15:24:32Z,2026-08-05,17,24,Disney Adventure World,RC Racer,34,OPERATING,STANDBY,40,,,queue-times.com
2026-08-05T15:24:32Z,2026-08-05,17,24,Disney Adventure World,RC Racer Single Rider,7280,OPERATING,STANDBY,35,,,queue-times.com
2026-08-05T15:24:32Z,2026-08-05,17,24,Disney Adventure World,Slinky® Dog Zigzag Spin,36,OPERATING,STANDBY,15,,,queue-times.com
2026-08-05T15:24:32Z,2026-08-05,17,24,Disney Adventure World,Toy Soldiers Parachute Drop,35,OPERATING,STANDBY,50,,,queue-times.com
2026-08-05T15:24:32Z,2026-08-05,17,24,Disney Adventure World,Toy Soldiers Parachute Drop Single Rider,7281,OPERATING,STANDBY,35,,,queue-times.com
2026-08-05T15:24:32Z,2026-08-05,17,24,Disney Adventure World,Entry to World of Frozen,16247,OPERATING,STANDBY,0,,,queue-times.com
2026-08-05T15:24:32Z,2026-08-05,17,24,Disney Adventure World,Frozen Ever After,15413,CLOSED,STANDBY,0,,,queue-times.com
2026-08-05T15:24:32Z,2026-08-05,17,24,Disney Adventure World,Raiponce Tangled Spin,15415,OPERATING,STANDBY,10,,,queue-times.com
2026-08-05T15:31:05Z,2026-08-05,17,31,Disneyland Park,Adventure Isle,2702,OPERATING,STANDBY,0,,,queue-times.com
2026-08-05T15:31:05Z,2026-08-05,17,31,Disneyland Park,Indiana Jones and the Temple of Peril Single Rider,7306,OPERATING,STANDBY,10,,,queue-times.com
2026-08-05T15:31:05Z,2026-08-05,17,31,Disneyland Park,Indiana Jones™ and the Temple of Peril,2,OPERATING,STANDBY,20,,,queue-times.com
2026-08-05T15:31:05Z,2026-08-05,17,31,Disneyland Park,La Cabane des Robinson,1,OPERATING,STANDBY,5,,,queue-times.com
2026-08-05T15:31:05Z,2026-08-05,17,31,Disneyland Park,Le Passage Enchanté d'Aladdin,2703,OPERATING,STANDBY,0,,,queue-times.com
2026-08-05T15:31:05Z,2026-08-05,17,31,Disneyland Park,Pirate Galleon,2705,CLOSED,STANDBY,0,,,queue-times.com
2026-08-05T15:31:05Z,2026-08-05,17,31,Disneyland Park,Pirates of the Caribbean,3,OPERATING,STANDBY,15,,,queue-times.com
2026-08-05T15:31:05Z,2026-08-05,17,31,Disneyland Park,Pirates' Beach,2704,OPERATING,STANDBY,0,,,queue-times.com
2026-08-05T15:31:05Z,2026-08-05,17,31,Disneyland Park,"Autopia, presented by Avis",4,OPERATING,STANDBY,45,,,queue-times.com
2026-08-05T15:31:05Z,2026-08-05,17,31,Disneyland Park,Buzz Lightyear Laser Blast,5,OPERATING,STANDBY,45,,,queue-times.com
2026-08-05T15:31:05Z,2026-08-05,17,31,Disneyland Park,Disneyland Railroad Discoveryland Station,2706,CLOSED,STANDBY,0,,,queue-times.com
2026-08-05T15:31:05Z,2026-08-05,17,31,Disneyland Park,Les Mystères du Nautilus,6,OPERATING,STANDBY,5,,,queue-times.com
2026-08-05T15:31:05Z,2026-08-05,17,31,Disneyland Park,Mickey’s PhilharMagic,2707,OPERATING,STANDBY,0,,,queue-times.com
2026-08-05T15:31:05Z,2026-08-05,17,31,Disneyland Park,Orbitron®,7,OPERATING,STANDBY,40,,,queue-times.com
2026-08-05T15:31:05Z,2026-08-05,17,31,Disneyland Park,Star Tours: The Adventures Continue*,9,OPERATING,STANDBY,15,,,queue-times.com
2026-08-05T15:31:05Z,2026-08-05,17,31,Disneyland Park,Star Wars Hyperspace Mountain,8,OPERATING,STANDBY,40,,,queue-times.com
2026-08-05T15:31:05Z,2026-08-05,17,31,Disneyland Park,Star Wars Hyperspace Mountain Single Rider,7278,OPERATING,STANDBY,25,,,queue-times.com
2026-08-05T15:31:05Z,2026-08-05,17,31,Disneyland Park,Welcome to Starport: A Star Wars Encounter,4573,CLOSED,STANDBY,0,,,queue-times.com
2026-08-05T15:31:05Z,2026-08-05,17,31,Disneyland Park,"""it's a small world""",19,OPERATING,STANDBY,5,,,queue-times.com
2026-08-05T15:31:05Z,2026-08-05,17,31,Disneyland Park,Alice's Curious Labyrinth,14,OPERATING,STANDBY,5,,,queue-times.com
2026-08-05T15:31:05Z,2026-08-05,17,31,Disneyland Park,Blanche-Neige et les Sept Nains®,15,OPERATING,STANDBY,30,,,queue-times.com
2026-08-05T15:31:05Z,2026-08-05,17,31,Disneyland Park,Casey Jr. – le Petit Train du Cirque,17,OPERATING,STANDBY,25,,,queue-times.com
2026-08-05T15:31:05Z,2026-08-05,17,31,Disneyland Park,Disneyland Railroad Fantasyland Station,2711,CLOSED,STANDBY,0,,,queue-times.com
2026-08-05T15:31:05Z,2026-08-05,17,31,Disneyland Park,Disneyland Railroad Main Street Station,11,OPERATING,STANDBY,20,,,queue-times.com
2026-08-05T15:31:05Z,2026-08-05,17,31,Disneyland Park,Dumbo the Flying Elephant,18,OPERATING,STANDBY,35,,,queue-times.com
2026-08-05T15:31:05Z,2026-08-05,17,31,Disneyland Park,La Tanière du Dragon,2710,OPERATING,STANDBY,0,,,queue-times.com
2026-08-05T15:31:05Z,2026-08-05,17,31,Disneyland Park,Le Carrousel de Lancelot,16,OPERATING,STANDBY,15,,,queue-times.com
2026-08-05T15:31:05Z,2026-08-05,17,31,Disneyland Park,"Le Pays des Contes de Fées, presented by Vittel",21,OPERATING,STANDBY,5,,,queue-times.com
2026-08-05T15:31:05Z,2026-08-05,17,31,Disneyland Park,Les Voyages de Pinocchio,23,OPERATING,STANDBY,20,,,queue-times.com
2026-08-05T15:31:05Z,2026-08-05,17,31,Disneyland Park,Mad Hatter's Tea Cups,20,OPERATING,STANDBY,5,,,queue-times.com
2026-08-05T15:31:05Z,2026-08-05,17,31,Disneyland Park,Meet Mickey Mouse,13,OPERATING,STANDBY,0,,,queue-times.com
2026-08-05T15:31:05Z,2026-08-05,17,31,Disneyland Park,Peter Pan's Flight,22,OPERATING,STANDBY,50,,,queue-times.com
2026-08-05T15:31:05Z,2026-08-05,17,31,Disneyland Park,Princess Pavilion,24,OPERATING,STANDBY,0,,,queue-times.com
2026-08-05T15:31:05Z,2026-08-05,17,31,Disneyland Park,Big Thunder Mountain,25,OPERATING,STANDBY,75,,,queue-times.com
2026-08-05T15:31:05Z,2026-08-05,17,31,Disneyland Park,Disneyland Railroad Frontierland Depot,2714,OPERATING,STANDBY,40,,,queue-times.com
2026-08-05T15:31:05Z,2026-08-05,17,31,Disneyland Park,Frontierland Playground,2713,OPERATING,STANDBY,0,,,queue-times.com
2026-08-05T15:31:05Z,2026-08-05,17,31,Disneyland Park,Phantom Manor,26,OPERATING,STANDBY,20,,,queue-times.com
2026-08-05T15:31:05Z,2026-08-05,17,31,Disneyland Park,River Rogue Keelboats,27,CLOSED,STANDBY,0,,,queue-times.com
2026-08-05T15:31:05Z,2026-08-05,17,31,Disneyland Park,Rustler Roundup Shootin' Gallery,2712,OPERATING,STANDBY,0,,,queue-times.com
2026-08-05T15:31:05Z,2026-08-05,17,31,Disneyland Park,Thunder Mesa Riverboat Landing,28,OPERATING,STANDBY,20,,,queue-times.com
2026-08-05T15:31:05Z,2026-08-05,17,31,Disneyland Park,Disneyland Railroad Main Street Station,2708,OPERATING,STANDBY,0,,,queue-times.com
2026-08-05T15:31:05Z,2026-08-05,17,31,Disneyland Park,Main Street Vehicles,12,CLOSED,STANDBY,0,,,queue-times.com
2026-08-05T15:31:05Z,2026-08-05,17,31,Disney Adventure World,Avengers Assemble: Flight Force,10848,OPERATING,STANDBY,30,,,queue-times.com
2026-08-05T15:31:05Z,2026-08-05,17,31,Disney Adventure World,Avengers Assemble: Flight Force Single Rider,10849,OPERATING,STANDBY,20,,,queue-times.com
2026-08-05T15:31:05Z,2026-08-05,17,31,Disney Adventure World,Spider-Man W.E.B. Adventure,10845,OPERATING,STANDBY,60,,,queue-times.com
2026-08-05T15:31:05Z,2026-08-05,17,31,Disney Adventure World,Spider-Man W.E.B. Adventure Single Rider,10846,OPERATING,STANDBY,25,,,queue-times.com
2026-08-05T15:31:05Z,2026-08-05,17,31,Disney Adventure World,The Twilight Zone Tower of Terror,40,OPERATING,STANDBY,35,,,queue-times.com
2026-08-05T15:31:05Z,2026-08-05,17,31,Disney Adventure World,Cars Quatre Roues Rallye,31,OPERATING,STANDBY,15,,,queue-times.com
2026-08-05T15:31:05Z,2026-08-05,17,31,Disney Adventure World,Cars ROAD TRIP,29,OPERATING,STANDBY,10,,,queue-times.com
2026-08-05T15:31:05Z,2026-08-05,17,31,Disney Adventure World,Crush's Coaster,32,OPERATING,STANDBY,85,,,queue-times.com
2026-08-05T15:31:05Z,2026-08-05,17,31,Disney Adventure World,Crush's Coaster Single Rider,7277,OPERATING,STANDBY,70,,,queue-times.com
2026-08-05T15:31:05Z,2026-08-05,17,31,Disney Adventure World,Les Tapis Volants - Flying Carpets Over Agrabah®,33,OPERATING,STANDBY,15,,,queue-times.com
2026-08-05T15:31:05Z,2026-08-05,17,31,Disney Adventure World,Ratatouille : L’Aventure Totalement Toquée de Rémy​,37,OPERATING,STANDBY,45,,,queue-times.com
2026-08-05T15:31:05Z,2026-08-05,17,31,Disney Adventure World,Ratatouille: The Adventure Single Rider,7279,OPERATING,STANDBY,20,,,queue-times.com
2026-08-05T15:31:05Z,2026-08-05,17,31,Disney Adventure World,RC Racer,34,OPERATING,STANDBY,40,,,queue-times.com
2026-08-05T15:31:05Z,2026-08-05,17,31,Disney Adventure World,RC Racer Single Rider,7280,OPERATING,STANDBY,35,,,queue-times.com
2026-08-05T15:31:05Z,2026-08-05,17,31,Disney Adventure World,Slinky® Dog Zigzag Spin,36,OPERATING,STANDBY,15,,,queue-times.com
2026-08-05T15:31:05Z,2026-08-05,17,31,Disney Adventure World,Toy Soldiers Parachute Drop,35,OPERATING,STANDBY,45,,,queue-times.com
2026-08-05T15:31:05Z,2026-08-05,17,31,Disney Adventure World,Toy Soldiers Parachute Drop Single Rider,7281,OPERATING,STANDBY,15,,,queue-times.com
2026-08-05T15:31:05Z,2026-08-05,17,31,Disney Adventure World,Entry to World of Frozen,16247,OPERATING,STANDBY,0,,,queue-times.com
2026-08-05T15:31:05Z,2026-08-05,17,31,Disney Adventure World,Frozen Ever After,15413,OPERATING,STANDBY,75,,,queue-times.com
2026-08-05T15:31:05Z,2026-08-05,17,31,Disney Adventure World,Raiponce Tangled Spin,15415,OPERATING,STANDBY,10,,,queue-times.com
2026-08-05T15:45:56Z,2026-08-05,17,45,Disneyland Park,Adventure Isle,2702,OPERATING,STANDBY,0,,,queue-times.com
2026-08-05T15:45:56Z,2026-08-05,17,45,Disneyland Park,Indiana Jones and the Temple of Peril Single Rider,7306,OPERATING,STANDBY,10,,,queue-times.com
2026-08-05T15:45:56Z,2026-08-05,17,45,Disneyland Park,Indiana Jones™ and the Temple of Peril,2,OPERATING,STANDBY,20,,,queue-times.com
2026-08-05T15:45:56Z,2026-08-05,17,45,Disneyland Park,La Cabane des Robinson,1,OPERATING,STANDBY,5,,,queue-times.com
2026-08-05T15:45:56Z,2026-08-05,17,45,Disneyland Park,Le Passage Enchanté d'Aladdin,2703,OPERATING,STANDBY,0,,,queue-times.com
2026-08-05T15:45:56Z,2026-08-05,17,45,Disneyland Park,Pirate Galleon,2705,CLOSED,STANDBY,0,,,queue-times.com
2026-08-05T15:45:56Z,2026-08-05,17,45,Disneyland Park,Pirates of the Caribbean,3,OPERATING,STANDBY,15,,,queue-times.com
2026-08-05T15:45:56Z,2026-08-05,17,45,Disneyland Park,Pirates' Beach,2704,OPERATING,STANDBY,0,,,queue-times.com
2026-08-05T15:45:56Z,2026-08-05,17,45,Disneyland Park,"Autopia, presented by Avis",4,OPERATING,STANDBY,50,,,queue-times.com
2026-08-05T15:45:56Z,2026-08-05,17,45,Disneyland Park,Buzz Lightyear Laser Blast,5,OPERATING,STANDBY,50,,,queue-times.com
2026-08-05T15:45:56Z,2026-08-05,17,45,Disneyland Park,Disneyland Railroad Discoveryland Station,2706,CLOSED,STANDBY,0,,,queue-times.com
2026-08-05T15:45:56Z,2026-08-05,17,45,Disneyland Park,Les Mystères du Nautilus,6,OPERATING,STANDBY,5,,,queue-times.com
2026-08-05T15:45:56Z,2026-08-05,17,45,Disneyland Park,Mickey’s PhilharMagic,2707,CLOSED,STANDBY,0,,,queue-times.com
2026-08-05T15:45:56Z,2026-08-05,17,45,Disneyland Park,Orbitron®,7,OPERATING,STANDBY,45,,,queue-times.com
2026-08-05T15:45:56Z,2026-08-05,17,45,Disneyland Park,Star Tours: The Adventures Continue*,9,OPERATING,STANDBY,15,,,queue-times.com
2026-08-05T15:45:56Z,2026-08-05,17,45,Disneyland Park,Star Wars Hyperspace Mountain,8,OPERATING,STANDBY,35,,,queue-times.com
2026-08-05T15:45:56Z,2026-08-05,17,45,Disneyland Park,Star Wars Hyperspace Mountain Single Rider,7278,OPERATING,STANDBY,25,,,queue-times.com
2026-08-05T15:45:56Z,2026-08-05,17,45,Disneyland Park,Welcome to Starport: A Star Wars Encounter,4573,CLOSED,STANDBY,0,,,queue-times.com
2026-08-05T15:45:56Z,2026-08-05,17,45,Disneyland Park,"""it's a small world""",19,OPERATING,STANDBY,5,,,queue-times.com
2026-08-05T15:45:56Z,2026-08-05,17,45,Disneyland Park,Alice's Curious Labyrinth,14,CLOSED,STANDBY,0,,,queue-times.com
2026-08-05T15:45:56Z,2026-08-05,17,45,Disneyland Park,Blanche-Neige et les Sept Nains®,15,OPERATING,STANDBY,30,,,queue-times.com
2026-08-05T15:45:56Z,2026-08-05,17,45,Disneyland Park,Casey Jr. – le Petit Train du Cirque,17,OPERATING,STANDBY,25,,,queue-times.com
2026-08-05T15:45:56Z,2026-08-05,17,45,Disneyland Park,Disneyland Railroad Fantasyland Station,2711,CLOSED,STANDBY,0,,,queue-times.com
2026-08-05T15:45:56Z,2026-08-05,17,45,Disneyland Park,Disneyland Railroad Main Street Station,11,OPERATING,STANDBY,20,,,queue-times.com
2026-08-05T15:45:56Z,2026-08-05,17,45,Disneyland Park,Dumbo the Flying Elephant,18,OPERATING,STANDBY,35,,,queue-times.com
2026-08-05T15:45:56Z,2026-08-05,17,45,Disneyland Park,La Tanière du Dragon,2710,OPERATING,STANDBY,0,,,queue-times.com
2026-08-05T15:45:56Z,2026-08-05,17,45,Disneyland Park,Le Carrousel de Lancelot,16,OPERATING,STANDBY,15,,,queue-times.com
2026-08-05T15:45:56Z,2026-08-05,17,45,Disneyland Park,"Le Pays des Contes de Fées, presented by Vittel",21,OPERATING,STANDBY,5,,,queue-times.com
2026-08-05T15:45:56Z,2026-08-05,17,45,Disneyland Park,Les Voyages de Pinocchio,23,OPERATING,STANDBY,20,,,queue-times.com
2026-08-05T15:45:56Z,2026-08-05,17,45,Disneyland Park,Mad Hatter's Tea Cups,20,OPERATING,STANDBY,10,,,queue-times.com
2026-08-05T15:45:56Z,2026-08-05,17,45,Disneyland Park,Meet Mickey Mouse,13,OPERATING,STANDBY,0,,,queue-times.com
2026-08-05T15:45:56Z,2026-08-05,17,45,Disneyland Park,Peter Pan's Flight,22,OPERATING,STANDBY,60,,,queue-times.com
2026-08-05T15:45:56Z,2026-08-05,17,45,Disneyland Park,Princess Pavilion,24,OPERATING,STANDBY,0,,,queue-times.com
2026-08-05T15:45:56Z,2026-08-05,17,45,Disneyland Park,Big Thunder Mountain,25,OPERATING,STANDBY,60,,,queue-times.com
2026-08-05T15:45:56Z,2026-08-05,17,45,Disneyland Park,Disneyland Railroad Frontierland Depot,2714,OPERATING,STANDBY,30,,,queue-times.com
2026-08-05T15:45:56Z,2026-08-05,17,45,Disneyland Park,Frontierland Playground,2713,OPERATING,STANDBY,0,,,queue-times.com
2026-08-05T15:45:56Z,2026-08-05,17,45,Disneyland Park,Phantom Manor,26,OPERATING,STANDBY,20,,,queue-times.com
2026-08-05T15:45:56Z,2026-08-05,17,45,Disneyland Park,River Rogue Keelboats,27,CLOSED,STANDBY,0,,,queue-times.com
2026-08-05T15:45:56Z,2026-08-05,17,45,Disneyland Park,Rustler Roundup Shootin' Gallery,2712,OPERATING,STANDBY,0,,,queue-times.com
2026-08-05T15:45:56Z,2026-08-05,17,45,Disneyland Park,Thunder Mesa Riverboat Landing,28,OPERATING,STANDBY,20,,,queue-times.com
2026-08-05T15:45:56Z,2026-08-05,17,45,Disneyland Park,Disneyland Railroad Main Street Station,2708,OPERATING,STANDBY,0,,,queue-times.com
2026-08-05T15:45:56Z,2026-08-05,17,45,Disneyland Park,Main Street Vehicles,12,CLOSED,STANDBY,0,,,queue-times.com
2026-08-05T15:45:56Z,2026-08-05,17,45,Disney Adventure World,Avengers Assemble: Flight Force,10848,OPERATING,STANDBY,25,,,queue-times.com
2026-08-05T15:45:56Z,2026-08-05,17,45,Disney Adventure World,Avengers Assemble: Flight Force Single Rider,10849,OPERATING,STANDBY,20,,,queue-times.com
2026-08-05T15:45:56Z,2026-08-05,17,45,Disney Adventure World,Spider-Man W.E.B. Adventure,10845,OPERATING,STANDBY,50,,,queue-times.com
2026-08-05T15:45:56Z,2026-08-05,17,45,Disney Adventure World,Spider-Man W.E.B. Adventure Single Rider,10846,OPERATING,STANDBY,30,,,queue-times.com
2026-08-05T15:45:56Z,2026-08-05,17,45,Disney Adventure World,The Twilight Zone Tower of Terror,40,OPERATING,STANDBY,30,,,queue-times.com
2026-08-05T15:45:56Z,2026-08-05,17,45,Disney Adventure World,Cars Quatre Roues Rallye,31,OPERATING,STANDBY,15,,,queue-times.com
2026-08-05T15:45:56Z,2026-08-05,17,45,Disney Adventure World,Cars ROAD TRIP,29,OPERATING,STANDBY,5,,,queue-times.com
2026-08-05T15:45:56Z,2026-08-05,17,45,Disney Adventure World,Crush's Coaster,32,OPERATING,STANDBY,90,,,queue-times.com
2026-08-05T15:45:56Z,2026-08-05,17,45,Disney Adventure World,Crush's Coaster Single Rider,7277,OPERATING,STANDBY,45,,,queue-times.com
2026-08-05T15:45:56Z,2026-08-05,17,45,Disney Adventure World,Les Tapis Volants - Flying Carpets Over Agrabah®,33,OPERATING,STANDBY,20,,,queue-times.com
2026-08-05T15:45:56Z,2026-08-05,17,45,Disney Adventure World,Ratatouille : L’Aventure Totalement Toquée de Rémy​,37,OPERATING,STANDBY,80,,,queue-times.com
2026-08-05T15:45:56Z,2026-08-05,17,45,Disney Adventure World,Ratatouille: The Adventure Single Rider,7279,OPERATING,STANDBY,10,,,queue-times.com
2026-08-05T15:45:56Z,2026-08-05,17,45,Disney Adventure World,RC Racer,34,OPERATING,STANDBY,50,,,queue-times.com
2026-08-05T15:45:56Z,2026-08-05,17,45,Disney Adventure World,RC Racer Single Rider,7280,OPERATING,STANDBY,45,,,queue-times.com
2026-08-05T15:45:56Z,2026-08-05,17,45,Disney Adventure World,Slinky® Dog Zigzag Spin,36,OPERATING,STANDBY,15,,,queue-times.com
2026-08-05T15:45:56Z,2026-08-05,17,45,Disney Adventure World,Toy Soldiers Parachute Drop,35,OPERATING,STANDBY,45,,,queue-times.com
2026-08-05T15:45:56Z,2026-08-05,17,45,Disney Adventure World,Toy Soldiers Parachute Drop Single Rider,7281,OPERATING,STANDBY,30,,,queue-times.com
2026-08-05T15:45:56Z,2026-08-05,17,45,Disney Adventure World,Entry to World of Frozen,16247,OPERATING,STANDBY,0,,,queue-times.com
2026-08-05T15:45:56Z,2026-08-05,17,45,Disney Adventure World,Frozen Ever After,15413,OPERATING,STANDBY,35,,,queue-times.com
2026-08-05T15:45:56Z,2026-08-05,17,45,Disney Adventure World,Raiponce Tangled Spin,15415,OPERATING,STANDBY,10,,,queue-times.com
2026-08-05T16:01:17Z,2026-08-05,18,1,Disneyland Park,Adventure Isle,2702,OPERATING,STANDBY,0,,,queue-times.com
2026-08-05T16:01:17Z,2026-08-05,18,1,Disneyland Park,Indiana Jones and the Temple of Peril Single Rider,7306,OPERATING,STANDBY,10,,,queue-times.com
2026-08-05T16:01:17Z,2026-08-05,18,1,Disneyland Park,Indiana Jones™ and the Temple of Peril,2,OPERATING,STANDBY,25,,,queue-times.com
2026-08-05T16:01:17Z,2026-08-05,18,1,Disneyland Park,La Cabane des Robinson,1,OPERATING,STANDBY,5,,,queue-times.com
2026-08-05T16:01:17Z,2026-08-05,18,1,Disneyland Park,Le Passage Enchanté d'Aladdin,2703,OPERATING,STANDBY,0,,,queue-times.com
2026-08-05T16:01:17Z,2026-08-05,18,1,Disneyland Park,Pirate Galleon,2705,CLOSED,STANDBY,0,,,queue-times.com
2026-08-05T16:01:17Z,2026-08-05,18,1,Disneyland Park,Pirates of the Caribbean,3,OPERATING,STANDBY,15,,,queue-times.com
2026-08-05T16:01:17Z,2026-08-05,18,1,Disneyland Park,Pirates' Beach,2704,OPERATING,STANDBY,0,,,queue-times.com
2026-08-05T16:01:17Z,2026-08-05,18,1,Disneyland Park,"Autopia, presented by Avis",4,OPERATING,STANDBY,40,,,queue-times.com
2026-08-05T16:01:17Z,2026-08-05,18,1,Disneyland Park,Buzz Lightyear Laser Blast,5,OPERATING,STANDBY,40,,,queue-times.com
2026-08-05T16:01:17Z,2026-08-05,18,1,Disneyland Park,Disneyland Railroad Discoveryland Station,2706,CLOSED,STANDBY,0,,,queue-times.com
2026-08-05T16:01:17Z,2026-08-05,18,1,Disneyland Park,Les Mystères du Nautilus,6,OPERATING,STANDBY,5,,,queue-times.com
2026-08-05T16:01:17Z,2026-08-05,18,1,Disneyland Park,Mickey’s PhilharMagic,2707,CLOSED,STANDBY,0,,,queue-times.com
2026-08-05T16:01:17Z,2026-08-05,18,1,Disneyland Park,Orbitron®,7,OPERATING,STANDBY,45,,,queue-times.com
2026-08-05T16:01:17Z,2026-08-05,18,1,Disneyland Park,Star Tours: The Adventures Continue*,9,OPERATING,STANDBY,5,,,queue-times.com
2026-08-05T16:01:17Z,2026-08-05,18,1,Disneyland Park,Star Wars Hyperspace Mountain,8,OPERATING,STANDBY,30,,,queue-times.com
2026-08-05T16:01:17Z,2026-08-05,18,1,Disneyland Park,Star Wars Hyperspace Mountain Single Rider,7278,OPERATING,STANDBY,25,,,queue-times.com
2026-08-05T16:01:17Z,2026-08-05,18,1,Disneyland Park,Welcome to Starport: A Star Wars Encounter,4573,CLOSED,STANDBY,0,,,queue-times.com
2026-08-05T16:01:17Z,2026-08-05,18,1,Disneyland Park,"""it's a small world""",19,OPERATING,STANDBY,5,,,queue-times.com
2026-08-05T16:01:17Z,2026-08-05,18,1,Disneyland Park,Alice's Curious Labyrinth,14,CLOSED,STANDBY,0,,,queue-times.com
2026-08-05T16:01:17Z,2026-08-05,18,1,Disneyland Park,Blanche-Neige et les Sept Nains®,15,OPERATING,STANDBY,30,,,queue-times.com
2026-08-05T16:01:17Z,2026-08-05,18,1,Disneyland Park,Casey Jr. – le Petit Train du Cirque,17,OPERATING,STANDBY,25,,,queue-times.com
2026-08-05T16:01:17Z,2026-08-05,18,1,Disneyland Park,Disneyland Railroad Fantasyland Station,2711,CLOSED,STANDBY,0,,,queue-times.com
2026-08-05T16:01:17Z,2026-08-05,18,1,Disneyland Park,Disneyland Railroad Main Street Station,11,OPERATING,STANDBY,20,,,queue-times.com
2026-08-05T16:01:17Z,2026-08-05,18,1,Disneyland Park,Dumbo the Flying Elephant,18,OPERATING,STANDBY,35,,,queue-times.com
2026-08-05T16:01:17Z,2026-08-05,18,1,Disneyland Park,La Tanière du Dragon,2710,OPERATING,STANDBY,0,,,queue-times.com
2026-08-05T16:01:17Z,2026-08-05,18,1,Disneyland Park,Le Carrousel de Lancelot,16,OPERATING,STANDBY,10,,,queue-times.com
2026-08-05T16:01:17Z,2026-08-05,18,1,Disneyland Park,"Le Pays des Contes de Fées, presented by Vittel",21,OPERATING,STANDBY,5,,,queue-times.com
2026-08-05T16:01:17Z,2026-08-05,18,1,Disneyland Park,Les Voyages de Pinocchio,23,OPERATING,STANDBY,20,,,queue-times.com
2026-08-05T16:01:17Z,2026-08-05,18,1,Disneyland Park,Mad Hatter's Tea Cups,20,OPERATING,STANDBY,10,,,queue-times.com
2026-08-05T16:01:17Z,2026-08-05,18,1,Disneyland Park,Meet Mickey Mouse,13,OPERATING,STANDBY,0,,,queue-times.com
2026-08-05T16:01:17Z,2026-08-05,18,1,Disneyland Park,Peter Pan's Flight,22,OPERATING,STANDBY,60,,,queue-times.com
2026-08-05T16:01:17Z,2026-08-05,18,1,Disneyland Park,Princess Pavilion,24,OPERATING,STANDBY,0,,,queue-times.com
2026-08-05T16:01:17Z,2026-08-05,18,1,Disneyland Park,Big Thunder Mountain,25,OPERATING,STANDBY,65,,,queue-times.com
2026-08-05T16:01:17Z,2026-08-05,18,1,Disneyland Park,Disneyland Railroad Frontierland Depot,2714,OPERATING,STANDBY,30,,,queue-times.com
2026-08-05T16:01:17Z,2026-08-05,18,1,Disneyland Park,Frontierland Playground,2713,OPERATING,STANDBY,0,,,queue-times.com
2026-08-05T16:01:17Z,2026-08-05,18,1,Disneyland Park,Phantom Manor,26,OPERATING,STANDBY,15,,,queue-times.com
2026-08-05T16:01:17Z,2026-08-05,18,1,Disneyland Park,River Rogue Keelboats,27,CLOSED,STANDBY,0,,,queue-times.com
2026-08-05T16:01:17Z,2026-08-05,18,1,Disneyland Park,Rustler Roundup Shootin' Gallery,2712,OPERATING,STANDBY,0,,,queue-times.com
2026-08-05T16:01:17Z,2026-08-05,18,1,Disneyland Park,Thunder Mesa Riverboat Landing,28,OPERATING,STANDBY,20,,,queue-times.com
2026-08-05T16:01:17Z,2026-08-05,18,1,Disneyland Park,Disneyland Railroad Main Street Station,2708,OPERATING,STANDBY,0,,,queue-times.com
2026-08-05T16:01:17Z,2026-08-05,18,1,Disneyland Park,Main Street Vehicles,12,CLOSED,STANDBY,0,,,queue-times.com
2026-08-05T16:01:17Z,2026-08-05,18,1,Disney Adventure World,Avengers Assemble: Flight Force,10848,OPERATING,STANDBY,25,,,queue-times.com
2026-08-05T16:01:17Z,2026-08-05,18,1,Disney Adventure World,Avengers Assemble: Flight Force Single Rider,10849,OPERATING,STANDBY,15,,,queue-times.com
2026-08-05T16:01:17Z,2026-08-05,18,1,Disney Adventure World,Spider-Man W.E.B. Adventure,10845,OPERATING,STANDBY,55,,,queue-times.com
2026-08-05T16:01:17Z,2026-08-05,18,1,Disney Adventure World,Spider-Man W.E.B. Adventure Single Rider,10846,OPERATING,STANDBY,20,,,queue-times.com
2026-08-05T16:01:17Z,2026-08-05,18,1,Disney Adventure World,The Twilight Zone Tower of Terror,40,OPERATING,STANDBY,25,,,queue-times.com
2026-08-05T16:01:17Z,2026-08-05,18,1,Disney Adventure World,Cars Quatre Roues Rallye,31,OPERATING,STANDBY,10,,,queue-times.com
2026-08-05T16:01:17Z,2026-08-05,18,1,Disney Adventure World,Cars ROAD TRIP,29,OPERATING,STANDBY,5,,,queue-times.com
2026-08-05T16:01:17Z,2026-08-05,18,1,Disney Adventure World,Crush's Coaster,32,OPERATING,STANDBY,75,,,queue-times.com
2026-08-05T16:01:17Z,2026-08-05,18,1,Disney Adventure World,Crush's Coaster Single Rider,7277,OPERATING,STANDBY,50,,,queue-times.com
2026-08-05T16:01:17Z,2026-08-05,18,1,Disney Adventure World,Les Tapis Volants - Flying Carpets Over Agrabah®,33,OPERATING,STANDBY,20,,,queue-times.com
2026-08-05T16:01:17Z,2026-08-05,18,1,Disney Adventure World,Ratatouille : L’Aventure Totalement Toquée de Rémy​,37,OPERATING,STANDBY,60,,,queue-times.com
2026-08-05T16:01:17Z,2026-08-05,18,1,Disney Adventure World,Ratatouille: The Adventure Single Rider,7279,OPERATING,STANDBY,30,,,queue-times.com
2026-08-05T16:01:17Z,2026-08-05,18,1,Disney Adventure World,RC Racer,34,OPERATING,STANDBY,45,,,queue-times.com
2026-08-05T16:01:17Z,2026-08-05,18,1,Disney Adventure World,RC Racer Single Rider,7280,OPERATING,STANDBY,40,,,queue-times.com
2026-08-05T16:01:17Z,2026-08-05,18,1,Disney Adventure World,Slinky® Dog Zigzag Spin,36,OPERATING,STANDBY,20,,,queue-times.com
2026-08-05T16:01:17Z,2026-08-05,18,1,Disney Adventure World,Toy Soldiers Parachute Drop,35,OPERATING,STANDBY,45,,,queue-times.com
2026-08-05T16:01:17Z,2026-08-05,18,1,Disney Adventure World,Toy Soldiers Parachute Drop Single Rider,7281,OPERATING,STANDBY,30,,,queue-times.com
2026-08-05T16:01:17Z,2026-08-05,18,1,Disney Adventure World,Entry to World of Frozen,16247,OPERATING,STANDBY,0,,,queue-times.com
2026-08-05T16:01:17Z,2026-08-05,18,1,Disney Adventure World,Frozen Ever After,15413,OPERATING,STANDBY,55,,,queue-times.com
2026-08-05T16:01:17Z,2026-08-05,18,1,Disney Adventure World,Raiponce Tangled Spin,15415,CLOSED,STANDBY,0,,,queue-times.com
2026-08-05T16:15:51Z,2026-08-05,18,15,Disneyland Park,Adventure Isle,2702,OPERATING,STANDBY,0,,,queue-times.com
2026-08-05T16:15:51Z,2026-08-05,18,15,Disneyland Park,Indiana Jones and the Temple of Peril Single Rider,7306,OPERATING,STANDBY,20,,,queue-times.com
2026-08-05T16:15:51Z,2026-08-05,18,15,Disneyland Park,Indiana Jones™ and the Temple of Peril,2,OPERATING,STANDBY,25,,,queue-times.com
2026-08-05T16:15:51Z,2026-08-05,18,15,Disneyland Park,La Cabane des Robinson,1,OPERATING,STANDBY,5,,,queue-times.com
2026-08-05T16:15:51Z,2026-08-05,18,15,Disneyland Park,Le Passage Enchanté d'Aladdin,2703,OPERATING,STANDBY,0,,,queue-times.com
2026-08-05T16:15:51Z,2026-08-05,18,15,Disneyland Park,Pirate Galleon,2705,CLOSED,STANDBY,0,,,queue-times.com
2026-08-05T16:15:51Z,2026-08-05,18,15,Disneyland Park,Pirates of the Caribbean,3,OPERATING,STANDBY,15,,,queue-times.com
2026-08-05T16:15:51Z,2026-08-05,18,15,Disneyland Park,Pirates' Beach,2704,OPERATING,STANDBY,0,,,queue-times.com
2026-08-05T16:15:51Z,2026-08-05,18,15,Disneyland Park,"Autopia, presented by Avis",4,OPERATING,STANDBY,50,,,queue-times.com
2026-08-05T16:15:51Z,2026-08-05,18,15,Disneyland Park,Buzz Lightyear Laser Blast,5,OPERATING,STANDBY,35,,,queue-times.com
2026-08-05T16:15:51Z,2026-08-05,18,15,Disneyland Park,Disneyland Railroad Discoveryland Station,2706,CLOSED,STANDBY,0,,,queue-times.com
2026-08-05T16:15:51Z,2026-08-05,18,15,Disneyland Park,Les Mystères du Nautilus,6,OPERATING,STANDBY,5,,,queue-times.com
2026-08-05T16:15:51Z,2026-08-05,18,15,Disneyland Park,Mickey’s PhilharMagic,2707,CLOSED,STANDBY,0,,,queue-times.com
2026-08-05T16:15:51Z,2026-08-05,18,15,Disneyland Park,Orbitron®,7,OPERATING,STANDBY,45,,,queue-times.com
2026-08-05T16:15:51Z,2026-08-05,18,15,Disneyland Park,Star Tours: The Adventures Continue*,9,OPERATING,STANDBY,5,,,queue-times.com
2026-08-05T16:15:51Z,2026-08-05,18,15,Disneyland Park,Star Wars Hyperspace Mountain,8,OPERATING,STANDBY,35,,,queue-times.com
2026-08-05T16:15:51Z,2026-08-05,18,15,Disneyland Park,Star Wars Hyperspace Mountain Single Rider,7278,OPERATING,STANDBY,25,,,queue-times.com
2026-08-05T16:15:51Z,2026-08-05,18,15,Disneyland Park,Welcome to Starport: A Star Wars Encounter,4573,CLOSED,STANDBY,0,,,queue-times.com
2026-08-05T16:15:51Z,2026-08-05,18,15,Disneyland Park,"""it's a small world""",19,OPERATING,STANDBY,5,,,queue-times.com
2026-08-05T16:15:51Z,2026-08-05,18,15,Disneyland Park,Alice's Curious Labyrinth,14,OPERATING,STANDBY,5,,,queue-times.com
2026-08-05T16:15:51Z,2026-08-05,18,15,Disneyland Park,Blanche-Neige et les Sept Nains®,15,OPERATING,STANDBY,30,,,queue-times.com
2026-08-05T16:15:51Z,2026-08-05,18,15,Disneyland Park,Casey Jr. – le Petit Train du Cirque,17,OPERATING,STANDBY,25,,,queue-times.com
2026-08-05T16:15:51Z,2026-08-05,18,15,Disneyland Park,Disneyland Railroad Fantasyland Station,2711,CLOSED,STANDBY,0,,,queue-times.com
2026-08-05T16:15:51Z,2026-08-05,18,15,Disneyland Park,Disneyland Railroad Main Street Station,11,OPERATING,STANDBY,20,,,queue-times.com
2026-08-05T16:15:51Z,2026-08-05,18,15,Disneyland Park,Dumbo the Flying Elephant,18,OPERATING,STANDBY,35,,,queue-times.com
2026-08-05T16:15:51Z,2026-08-05,18,15,Disneyland Park,La Tanière du Dragon,2710,OPERATING,STANDBY,0,,,queue-times.com
2026-08-05T16:15:51Z,2026-08-05,18,15,Disneyland Park,Le Carrousel de Lancelot,16,OPERATING,STANDBY,10,,,queue-times.com
2026-08-05T16:15:51Z,2026-08-05,18,15,Disneyland Park,"Le Pays des Contes de Fées, presented by Vittel",21,OPERATING,STANDBY,5,,,queue-times.com
2026-08-05T16:15:51Z,2026-08-05,18,15,Disneyland Park,Les Voyages de Pinocchio,23,OPERATING,STANDBY,20,,,queue-times.com
2026-08-05T16:15:51Z,2026-08-05,18,15,Disneyland Park,Mad Hatter's Tea Cups,20,OPERATING,STANDBY,5,,,queue-times.com
2026-08-05T16:15:51Z,2026-08-05,18,15,Disneyland Park,Meet Mickey Mouse,13,CLOSED,STANDBY,0,,,queue-times.com
2026-08-05T16:15:51Z,2026-08-05,18,15,Disneyland Park,Peter Pan's Flight,22,OPERATING,STANDBY,60,,,queue-times.com
2026-08-05T16:15:51Z,2026-08-05,18,15,Disneyland Park,Princess Pavilion,24,CLOSED,STANDBY,0,,,queue-times.com
2026-08-05T16:15:51Z,2026-08-05,18,15,Disneyland Park,Big Thunder Mountain,25,OPERATING,STANDBY,65,,,queue-times.com
2026-08-05T16:15:51Z,2026-08-05,18,15,Disneyland Park,Disneyland Railroad Frontierland Depot,2714,OPERATING,STANDBY,20,,,queue-times.com
2026-08-05T16:15:51Z,2026-08-05,18,15,Disneyland Park,Frontierland Playground,2713,OPERATING,STANDBY,0,,,queue-times.com
2026-08-05T16:15:51Z,2026-08-05,18,15,Disneyland Park,Phantom Manor,26,OPERATING,STANDBY,15,,,queue-times.com
2026-08-05T16:15:51Z,2026-08-05,18,15,Disneyland Park,River Rogue Keelboats,27,CLOSED,STANDBY,0,,,queue-times.com
2026-08-05T16:15:51Z,2026-08-05,18,15,Disneyland Park,Rustler Roundup Shootin' Gallery,2712,OPERATING,STANDBY,0,,,queue-times.com
2026-08-05T16:15:51Z,2026-08-05,18,15,Disneyland Park,Thunder Mesa Riverboat Landing,28,CLOSED,STANDBY,0,,,queue-times.com
2026-08-05T16:15:51Z,2026-08-05,18,15,Disneyland Park,Disneyland Railroad Main Street Station,2708,OPERATING,STANDBY,0,,,queue-times.com
2026-08-05T16:15:51Z,2026-08-05,18,15,Disneyland Park,Main Street Vehicles,12,CLOSED,STANDBY,0,,,queue-times.com
2026-08-05T16:15:51Z,2026-08-05,18,15,Disney Adventure World,Avengers Assemble: Flight Force,10848,OPERATING,STANDBY,20,,,queue-times.com
2026-08-05T16:15:51Z,2026-08-05,18,15,Disney Adventure World,Avengers Assemble: Flight Force Single Rider,10849,OPERATING,STANDBY,15,,,queue-times.com
2026-08-05T16:15:51Z,2026-08-05,18,15,Disney Adventure World,Spider-Man W.E.B. Adventure,10845,OPERATING,STANDBY,70,,,queue-times.com
2026-08-05T16:15:51Z,2026-08-05,18,15,Disney Adventure World,Spider-Man W.E.B. Adventure Single Rider,10846,OPERATING,STANDBY,25,,,queue-times.com
2026-08-05T16:15:51Z,2026-08-05,18,15,Disney Adventure World,The Twilight Zone Tower of Terror,40,OPERATING,STANDBY,25,,,queue-times.com
2026-08-05T16:15:51Z,2026-08-05,18,15,Disney Adventure World,Cars Quatre Roues Rallye,31,OPERATING,STANDBY,10,,,queue-times.com
2026-08-05T16:15:51Z,2026-08-05,18,15,Disney Adventure World,Cars ROAD TRIP,29,OPERATING,STANDBY,5,,,queue-times.com
2026-08-05T16:15:51Z,2026-08-05,18,15,Disney Adventure World,Crush's Coaster,32,OPERATING,STANDBY,80,,,queue-times.com
2026-08-05T16:15:51Z,2026-08-05,18,15,Disney Adventure World,Crush's Coaster Single Rider,7277,OPERATING,STANDBY,65,,,queue-times.com
2026-08-05T16:15:51Z,2026-08-05,18,15,Disney Adventure World,Les Tapis Volants - Flying Carpets Over Agrabah®,33,OPERATING,STANDBY,25,,,queue-times.com
2026-08-05T16:15:51Z,2026-08-05,18,15,Disney Adventure World,Ratatouille : L’Aventure Totalement Toquée de Rémy​,37,OPERATING,STANDBY,70,,,queue-times.com
2026-08-05T16:15:51Z,2026-08-05,18,15,Disney Adventure World,Ratatouille: The Adventure Single Rider,7279,OPERATING,STANDBY,30,,,queue-times.com
2026-08-05T16:15:51Z,2026-08-05,18,15,Disney Adventure World,RC Racer,34,OPERATING,STANDBY,40,,,queue-times.com
2026-08-05T16:15:51Z,2026-08-05,18,15,Disney Adventure World,RC Racer Single Rider,7280,OPERATING,STANDBY,35,,,queue-times.com
2026-08-05T16:15:51Z,2026-08-05,18,15,Disney Adventure World,Slinky® Dog Zigzag Spin,36,OPERATING,STANDBY,20,,,queue-times.com
2026-08-05T16:15:51Z,2026-08-05,18,15,Disney Adventure World,Toy Soldiers Parachute Drop,35,OPERATING,STANDBY,30,,,queue-times.com
2026-08-05T16:15:51Z,2026-08-05,18,15,Disney Adventure World,Toy Soldiers Parachute Drop Single Rider,7281,OPERATING,STANDBY,15,,,queue-times.com
2026-08-05T16:15:51Z,2026-08-05,18,15,Disney Adventure World,Entry to World of Frozen,16247,OPERATING,STANDBY,0,,,queue-times.com
2026-08-05T16:15:51Z,2026-08-05,18,15,Disney Adventure World,Frozen Ever After,15413,OPERATING,STANDBY,60,,,queue-times.com
2026-08-05T16:15:51Z,2026-08-05,18,15,Disney Adventure World,Raiponce Tangled Spin,15415,OPERATING,STANDBY,5,,,queue-times.com
2026-08-05T16:31:14Z,2026-08-05,18,31,Disneyland Park,Adventure Isle,2702,OPERATING,STANDBY,0,,,queue-times.com
2026-08-05T16:31:14Z,2026-08-05,18,31,Disneyland Park,Indiana Jones and the Temple of Peril Single Rider,7306,OPERATING,STANDBY,10,,,queue-times.com
2026-08-05T16:31:14Z,2026-08-05,18,31,Disneyland Park,Indiana Jones™ and the Temple of Peril,2,OPERATING,STANDBY,25,,,queue-times.com
2026-08-05T16:31:14Z,2026-08-05,18,31,Disneyland Park,La Cabane des Robinson,1,OPERATING,STANDBY,5,,,queue-times.com
2026-08-05T16:31:14Z,2026-08-05,18,31,Disneyland Park,Le Passage Enchanté d'Aladdin,2703,OPERATING,STANDBY,0,,,queue-times.com
2026-08-05T16:31:14Z,2026-08-05,18,31,Disneyland Park,Pirate Galleon,2705,CLOSED,STANDBY,0,,,queue-times.com
2026-08-05T16:31:14Z,2026-08-05,18,31,Disneyland Park,Pirates of the Caribbean,3,OPERATING,STANDBY,15,,,queue-times.com
2026-08-05T16:31:14Z,2026-08-05,18,31,Disneyland Park,Pirates' Beach,2704,OPERATING,STANDBY,0,,,queue-times.com
2026-08-05T16:31:14Z,2026-08-05,18,31,Disneyland Park,"Autopia, presented by Avis",4,OPERATING,STANDBY,50,,,queue-times.com
2026-08-05T16:31:14Z,2026-08-05,18,31,Disneyland Park,Buzz Lightyear Laser Blast,5,OPERATING,STANDBY,50,,,queue-times.com
2026-08-05T16:31:14Z,2026-08-05,18,31,Disneyland Park,Disneyland Railroad Discoveryland Station,2706,CLOSED,STANDBY,0,,,queue-times.com
2026-08-05T16:31:14Z,2026-08-05,18,31,Disneyland Park,Les Mystères du Nautilus,6,OPERATING,STANDBY,5,,,queue-times.com
2026-08-05T16:31:14Z,2026-08-05,18,31,Disneyland Park,Mickey’s PhilharMagic,2707,CLOSED,STANDBY,0,,,queue-times.com
2026-08-05T16:31:14Z,2026-08-05,18,31,Disneyland Park,Orbitron®,7,OPERATING,STANDBY,70,,,queue-times.com
2026-08-05T16:31:14Z,2026-08-05,18,31,Disneyland Park,Star Tours: The Adventures Continue*,9,OPERATING,STANDBY,10,,,queue-times.com
2026-08-05T16:31:14Z,2026-08-05,18,31,Disneyland Park,Star Wars Hyperspace Mountain,8,OPERATING,STANDBY,70,,,queue-times.com
2026-08-05T16:31:14Z,2026-08-05,18,31,Disneyland Park,Star Wars Hyperspace Mountain Single Rider,7278,OPERATING,STANDBY,60,,,queue-times.com
2026-08-05T16:31:14Z,2026-08-05,18,31,Disneyland Park,Welcome to Starport: A Star Wars Encounter,4573,CLOSED,STANDBY,0,,,queue-times.com
2026-08-05T16:31:14Z,2026-08-05,18,31,Disneyland Park,"""it's a small world""",19,OPERATING,STANDBY,5,,,queue-times.com
2026-08-05T16:31:14Z,2026-08-05,18,31,Disneyland Park,Alice's Curious Labyrinth,14,OPERATING,STANDBY,5,,,queue-times.com
2026-08-05T16:31:14Z,2026-08-05,18,31,Disneyland Park,Blanche-Neige et les Sept Nains®,15,OPERATING,STANDBY,30,,,queue-times.com
2026-08-05T16:31:14Z,2026-08-05,18,31,Disneyland Park,Casey Jr. – le Petit Train du Cirque,17,OPERATING,STANDBY,25,,,queue-times.com
2026-08-05T16:31:14Z,2026-08-05,18,31,Disneyland Park,Disneyland Railroad Fantasyland Station,2711,CLOSED,STANDBY,0,,,queue-times.com
2026-08-05T16:31:14Z,2026-08-05,18,31,Disneyland Park,Disneyland Railroad Main Street Station,11,OPERATING,STANDBY,20,,,queue-times.com
2026-08-05T16:31:14Z,2026-08-05,18,31,Disneyland Park,Dumbo the Flying Elephant,18,OPERATING,STANDBY,25,,,queue-times.com
2026-08-05T16:31:14Z,2026-08-05,18,31,Disneyland Park,La Tanière du Dragon,2710,OPERATING,STANDBY,0,,,queue-times.com
2026-08-05T16:31:14Z,2026-08-05,18,31,Disneyland Park,Le Carrousel de Lancelot,16,OPERATING,STANDBY,10,,,queue-times.com
2026-08-05T16:31:14Z,2026-08-05,18,31,Disneyland Park,"Le Pays des Contes de Fées, presented by Vittel",21,OPERATING,STANDBY,5,,,queue-times.com
2026-08-05T16:31:14Z,2026-08-05,18,31,Disneyland Park,Les Voyages de Pinocchio,23,OPERATING,STANDBY,30,,,queue-times.com
2026-08-05T16:31:14Z,2026-08-05,18,31,Disneyland Park,Mad Hatter's Tea Cups,20,OPERATING,STANDBY,5,,,queue-times.com
2026-08-05T16:31:14Z,2026-08-05,18,31,Disneyland Park,Meet Mickey Mouse,13,CLOSED,STANDBY,0,,,queue-times.com
2026-08-05T16:31:14Z,2026-08-05,18,31,Disneyland Park,Peter Pan's Flight,22,OPERATING,STANDBY,60,,,queue-times.com
2026-08-05T16:31:14Z,2026-08-05,18,31,Disneyland Park,Princess Pavilion,24,CLOSED,STANDBY,0,,,queue-times.com
2026-08-05T16:31:14Z,2026-08-05,18,31,Disneyland Park,Big Thunder Mountain,25,OPERATING,STANDBY,65,,,queue-times.com
2026-08-05T16:31:14Z,2026-08-05,18,31,Disneyland Park,Disneyland Railroad Frontierland Depot,2714,OPERATING,STANDBY,20,,,queue-times.com
2026-08-05T16:31:14Z,2026-08-05,18,31,Disneyland Park,Frontierland Playground,2713,OPERATING,STANDBY,0,,,queue-times.com
2026-08-05T16:31:14Z,2026-08-05,18,31,Disneyland Park,Phantom Manor,26,OPERATING,STANDBY,20,,,queue-times.com
2026-08-05T16:31:14Z,2026-08-05,18,31,Disneyland Park,River Rogue Keelboats,27,CLOSED,STANDBY,0,,,queue-times.com
2026-08-05T16:31:14Z,2026-08-05,18,31,Disneyland Park,Rustler Roundup Shootin' Gallery,2712,OPERATING,STANDBY,0,,,queue-times.com
2026-08-05T16:31:14Z,2026-08-05,18,31,Disneyland Park,Thunder Mesa Riverboat Landing,28,CLOSED,STANDBY,0,,,queue-times.com
2026-08-05T16:31:14Z,2026-08-05,18,31,Disneyland Park,Disneyland Railroad Main Street Station,2708,OPERATING,STANDBY,0,,,queue-times.com
2026-08-05T16:31:14Z,2026-08-05,18,31,Disneyland Park,Main Street Vehicles,12,CLOSED,STANDBY,0,,,queue-times.com
2026-08-05T16:31:14Z,2026-08-05,18,31,Disney Adventure World,Avengers Assemble: Flight Force,10848,OPERATING,STANDBY,20,,,queue-times.com
2026-08-05T16:31:14Z,2026-08-05,18,31,Disney Adventure World,Avengers Assemble: Flight Force Single Rider,10849,OPERATING,STANDBY,15,,,queue-times.com
2026-08-05T16:31:14Z,2026-08-05,18,31,Disney Adventure World,Spider-Man W.E.B. Adventure,10845,OPERATING,STANDBY,40,,,queue-times.com
2026-08-05T16:31:14Z,2026-08-05,18,31,Disney Adventure World,Spider-Man W.E.B. Adventure Single Rider,10846,OPERATING,STANDBY,25,,,queue-times.com
2026-08-05T16:31:14Z,2026-08-05,18,31,Disney Adventure World,The Twilight Zone Tower of Terror,40,OPERATING,STANDBY,30,,,queue-times.com
2026-08-05T16:31:14Z,2026-08-05,18,31,Disney Adventure World,Cars Quatre Roues Rallye,31,OPERATING,STANDBY,5,,,queue-times.com
2026-08-05T16:31:14Z,2026-08-05,18,31,Disney Adventure World,Cars ROAD TRIP,29,OPERATING,STANDBY,5,,,queue-times.com
2026-08-05T16:31:14Z,2026-08-05,18,31,Disney Adventure World,Crush's Coaster,32,OPERATING,STANDBY,70,,,queue-times.com
2026-08-05T16:31:14Z,2026-08-05,18,31,Disney Adventure World,Crush's Coaster Single Rider,7277,OPERATING,STANDBY,45,,,queue-times.com
2026-08-05T16:31:14Z,2026-08-05,18,31,Disney Adventure World,Les Tapis Volants - Flying Carpets Over Agrabah®,33,OPERATING,STANDBY,20,,,queue-times.com
2026-08-05T16:31:14Z,2026-08-05,18,31,Disney Adventure World,Ratatouille : L’Aventure Totalement Toquée de Rémy​,37,OPERATING,STANDBY,60,,,queue-times.com
2026-08-05T16:31:14Z,2026-08-05,18,31,Disney Adventure World,Ratatouille: The Adventure Single Rider,7279,OPERATING,STANDBY,15,,,queue-times.com
2026-08-05T16:31:14Z,2026-08-05,18,31,Disney Adventure World,RC Racer,34,OPERATING,STANDBY,40,,,queue-times.com
2026-08-05T16:31:14Z,2026-08-05,18,31,Disney Adventure World,RC Racer Single Rider,7280,OPERATING,STANDBY,35,,,queue-times.com
2026-08-05T16:31:14Z,2026-08-05,18,31,Disney Adventure World,Slinky® Dog Zigzag Spin,36,OPERATING,STANDBY,10,,,queue-times.com
2026-08-05T16:31:14Z,2026-08-05,18,31,Disney Adventure World,Toy Soldiers Parachute Drop,35,OPERATING,STANDBY,55,,,queue-times.com
2026-08-05T16:31:14Z,2026-08-05,18,31,Disney Adventure World,Toy Soldiers Parachute Drop Single Rider,7281,OPERATING,STANDBY,20,,,queue-times.com
2026-08-05T16:31:14Z,2026-08-05,18,31,Disney Adventure World,Entry to World of Frozen,16247,OPERATING,STANDBY,0,,,queue-times.com
2026-08-05T16:31:14Z,2026-08-05,18,31,Disney Adventure World,Frozen Ever After,15413,OPERATING,STANDBY,65,,,queue-times.com
2026-08-05T16:31:14Z,2026-08-05,18,31,Disney Adventure World,Raiponce Tangled Spin,15415,OPERATING,STANDBY,5,,,queue-times.com
2026-08-05T16:45:47Z,2026-08-05,18,45,Disneyland Park,Adventure Isle,2702,OPERATING,STANDBY,0,,,queue-times.com
2026-08-05T16:45:47Z,2026-08-05,18,45,Disneyland Park,Indiana Jones and the Temple of Peril Single Rider,7306,OPERATING,STANDBY,10,,,queue-times.com
2026-08-05T16:45:47Z,2026-08-05,18,45,Disneyland Park,Indiana Jones™ and the Temple of Peril,2,OPERATING,STANDBY,25,,,queue-times.com
2026-08-05T16:45:47Z,2026-08-05,18,45,Disneyland Park,La Cabane des Robinson,1,OPERATING,STANDBY,5,,,queue-times.com
2026-08-05T16:45:47Z,2026-08-05,18,45,Disneyland Park,Le Passage Enchanté d'Aladdin,2703,OPERATING,STANDBY,0,,,queue-times.com
2026-08-05T16:45:47Z,2026-08-05,18,45,Disneyland Park,Pirate Galleon,2705,CLOSED,STANDBY,0,,,queue-times.com
2026-08-05T16:45:47Z,2026-08-05,18,45,Disneyland Park,Pirates of the Caribbean,3,OPERATING,STANDBY,15,,,queue-times.com
2026-08-05T16:45:47Z,2026-08-05,18,45,Disneyland Park,Pirates' Beach,2704,OPERATING,STANDBY,0,,,queue-times.com
2026-08-05T16:45:47Z,2026-08-05,18,45,Disneyland Park,"Autopia, presented by Avis",4,OPERATING,STANDBY,70,,,queue-times.com
2026-08-05T16:45:47Z,2026-08-05,18,45,Disneyland Park,Buzz Lightyear Laser Blast,5,OPERATING,STANDBY,45,,,queue-times.com
2026-08-05T16:45:47Z,2026-08-05,18,45,Disneyland Park,Disneyland Railroad Discoveryland Station,2706,CLOSED,STANDBY,0,,,queue-times.com
2026-08-05T16:45:47Z,2026-08-05,18,45,Disneyland Park,Les Mystères du Nautilus,6,OPERATING,STANDBY,5,,,queue-times.com
2026-08-05T16:45:47Z,2026-08-05,18,45,Disneyland Park,Mickey’s PhilharMagic,2707,CLOSED,STANDBY,0,,,queue-times.com
2026-08-05T16:45:47Z,2026-08-05,18,45,Disneyland Park,Orbitron®,7,OPERATING,STANDBY,45,,,queue-times.com
2026-08-05T16:45:47Z,2026-08-05,18,45,Disneyland Park,Star Tours: The Adventures Continue*,9,OPERATING,STANDBY,15,,,queue-times.com
2026-08-05T16:45:47Z,2026-08-05,18,45,Disneyland Park,Star Wars Hyperspace Mountain,8,OPERATING,STANDBY,35,,,queue-times.com
2026-08-05T16:45:47Z,2026-08-05,18,45,Disneyland Park,Star Wars Hyperspace Mountain Single Rider,7278,OPERATING,STANDBY,0,,,queue-times.com
2026-08-05T16:45:47Z,2026-08-05,18,45,Disneyland Park,Welcome to Starport: A Star Wars Encounter,4573,CLOSED,STANDBY,0,,,queue-times.com
2026-08-05T16:45:47Z,2026-08-05,18,45,Disneyland Park,"""it's a small world""",19,OPERATING,STANDBY,5,,,queue-times.com
2026-08-05T16:45:47Z,2026-08-05,18,45,Disneyland Park,Alice's Curious Labyrinth,14,OPERATING,STANDBY,5,,,queue-times.com
2026-08-05T16:45:47Z,2026-08-05,18,45,Disneyland Park,Blanche-Neige et les Sept Nains®,15,OPERATING,STANDBY,30,,,queue-times.com
2026-08-05T16:45:47Z,2026-08-05,18,45,Disneyland Park,Casey Jr. – le Petit Train du Cirque,17,OPERATING,STANDBY,25,,,queue-times.com
2026-08-05T16:45:47Z,2026-08-05,18,45,Disneyland Park,Disneyland Railroad Fantasyland Station,2711,CLOSED,STANDBY,0,,,queue-times.com
2026-08-05T16:45:47Z,2026-08-05,18,45,Disneyland Park,Disneyland Railroad Main Street Station,11,OPERATING,STANDBY,20,,,queue-times.com
2026-08-05T16:45:47Z,2026-08-05,18,45,Disneyland Park,Dumbo the Flying Elephant,18,OPERATING,STANDBY,25,,,queue-times.com
2026-08-05T16:45:47Z,2026-08-05,18,45,Disneyland Park,La Tanière du Dragon,2710,OPERATING,STANDBY,0,,,queue-times.com
2026-08-05T16:45:47Z,2026-08-05,18,45,Disneyland Park,Le Carrousel de Lancelot,16,OPERATING,STANDBY,10,,,queue-times.com
2026-08-05T16:45:47Z,2026-08-05,18,45,Disneyland Park,"Le Pays des Contes de Fées, presented by Vittel",21,OPERATING,STANDBY,5,,,queue-times.com
2026-08-05T16:45:47Z,2026-08-05,18,45,Disneyland Park,Les Voyages de Pinocchio,23,OPERATING,STANDBY,30,,,queue-times.com
2026-08-05T16:45:47Z,2026-08-05,18,45,Disneyland Park,Mad Hatter's Tea Cups,20,OPERATING,STANDBY,10,,,queue-times.com
2026-08-05T16:45:47Z,2026-08-05,18,45,Disneyland Park,Meet Mickey Mouse,13,CLOSED,STANDBY,0,,,queue-times.com
2026-08-05T16:45:47Z,2026-08-05,18,45,Disneyland Park,Peter Pan's Flight,22,OPERATING,STANDBY,60,,,queue-times.com
2026-08-05T16:45:47Z,2026-08-05,18,45,Disneyland Park,Princess Pavilion,24,CLOSED,STANDBY,0,,,queue-times.com
2026-08-05T16:45:47Z,2026-08-05,18,45,Disneyland Park,Big Thunder Mountain,25,OPERATING,STANDBY,75,,,queue-times.com
2026-08-05T16:45:47Z,2026-08-05,18,45,Disneyland Park,Disneyland Railroad Frontierland Depot,2714,OPERATING,STANDBY,20,,,queue-times.com
2026-08-05T16:45:47Z,2026-08-05,18,45,Disneyland Park,Frontierland Playground,2713,OPERATING,STANDBY,0,,,queue-times.com
2026-08-05T16:45:47Z,2026-08-05,18,45,Disneyland Park,Phantom Manor,26,OPERATING,STANDBY,20,,,queue-times.com
2026-08-05T16:45:47Z,2026-08-05,18,45,Disneyland Park,River Rogue Keelboats,27,CLOSED,STANDBY,0,,,queue-times.com
2026-08-05T16:45:47Z,2026-08-05,18,45,Disneyland Park,Rustler Roundup Shootin' Gallery,2712,OPERATING,STANDBY,0,,,queue-times.com
2026-08-05T16:45:47Z,2026-08-05,18,45,Disneyland Park,Thunder Mesa Riverboat Landing,28,CLOSED,STANDBY,0,,,queue-times.com
2026-08-05T16:45:47Z,2026-08-05,18,45,Disneyland Park,Disneyland Railroad Main Street Station,2708,OPERATING,STANDBY,0,,,queue-times.com
2026-08-05T16:45:47Z,2026-08-05,18,45,Disneyland Park,Main Street Vehicles,12,CLOSED,STANDBY,0,,,queue-times.com
2026-08-05T16:45:47Z,2026-08-05,18,45,Disney Adventure World,Avengers Assemble: Flight Force,10848,OPERATING,STANDBY,20,,,queue-times.com
2026-08-05T16:45:47Z,2026-08-05,18,45,Disney Adventure World,Avengers Assemble: Flight Force Single Rider,10849,OPERATING,STANDBY,15,,,queue-times.com
2026-08-05T16:45:47Z,2026-08-05,18,45,Disney Adventure World,Spider-Man W.E.B. Adventure,10845,OPERATING,STANDBY,40,,,queue-times.com
2026-08-05T16:45:47Z,2026-08-05,18,45,Disney Adventure World,Spider-Man W.E.B. Adventure Single Rider,10846,OPERATING,STANDBY,25,,,queue-times.com
2026-08-05T16:45:47Z,2026-08-05,18,45,Disney Adventure World,The Twilight Zone Tower of Terror,40,OPERATING,STANDBY,25,,,queue-times.com
2026-08-05T16:45:47Z,2026-08-05,18,45,Disney Adventure World,Cars Quatre Roues Rallye,31,OPERATING,STANDBY,15,,,queue-times.com
2026-08-05T16:45:47Z,2026-08-05,18,45,Disney Adventure World,Cars ROAD TRIP,29,OPERATING,STANDBY,5,,,queue-times.com
2026-08-05T16:45:47Z,2026-08-05,18,45,Disney Adventure World,Crush's Coaster,32,OPERATING,STANDBY,75,,,queue-times.com
2026-08-05T16:45:47Z,2026-08-05,18,45,Disney Adventure World,Crush's Coaster Single Rider,7277,OPERATING,STANDBY,55,,,queue-times.com
2026-08-05T16:45:47Z,2026-08-05,18,45,Disney Adventure World,Les Tapis Volants - Flying Carpets Over Agrabah®,33,OPERATING,STANDBY,20,,,queue-times.com
2026-08-05T16:45:47Z,2026-08-05,18,45,Disney Adventure World,Ratatouille : L’Aventure Totalement Toquée de Rémy​,37,OPERATING,STANDBY,55,,,queue-times.com
2026-08-05T16:45:47Z,2026-08-05,18,45,Disney Adventure World,Ratatouille: The Adventure Single Rider,7279,OPERATING,STANDBY,15,,,queue-times.com
2026-08-05T16:45:47Z,2026-08-05,18,45,Disney Adventure World,RC Racer,34,OPERATING,STANDBY,40,,,queue-times.com
2026-08-05T16:45:47Z,2026-08-05,18,45,Disney Adventure World,RC Racer Single Rider,7280,OPERATING,STANDBY,35,,,queue-times.com
2026-08-05T16:45:47Z,2026-08-05,18,45,Disney Adventure World,Slinky® Dog Zigzag Spin,36,OPERATING,STANDBY,10,,,queue-times.com
2026-08-05T16:45:47Z,2026-08-05,18,45,Disney Adventure World,Toy Soldiers Parachute Drop,35,OPERATING,STANDBY,50,,,queue-times.com
2026-08-05T16:45:47Z,2026-08-05,18,45,Disney Adventure World,Toy Soldiers Parachute Drop Single Rider,7281,OPERATING,STANDBY,30,,,queue-times.com
2026-08-05T16:45:47Z,2026-08-05,18,45,Disney Adventure World,Entry to World of Frozen,16247,OPERATING,STANDBY,0,,,queue-times.com
2026-08-05T16:45:47Z,2026-08-05,18,45,Disney Adventure World,Frozen Ever After,15413,OPERATING,STANDBY,65,,,queue-times.com
2026-08-05T16:45:47Z,2026-08-05,18,45,Disney Adventure World,Raiponce Tangled Spin,15415,OPERATING,STANDBY,10,,,queue-times.com
2026-08-05T17:01:27Z,2026-08-05,19,1,Disneyland Park,Adventure Isle,2702,OPERATING,STANDBY,0,,,queue-times.com
2026-08-05T17:01:27Z,2026-08-05,19,1,Disneyland Park,Indiana Jones and the Temple of Peril Single Rider,7306,OPERATING,STANDBY,15,,,queue-times.com
2026-08-05T17:01:27Z,2026-08-05,19,1,Disneyland Park,Indiana Jones™ and the Temple of Peril,2,OPERATING,STANDBY,20,,,queue-times.com
2026-08-05T17:01:27Z,2026-08-05,19,1,Disneyland Park,La Cabane des Robinson,1,OPERATING,STANDBY,5,,,queue-times.com
2026-08-05T17:01:27Z,2026-08-05,19,1,Disneyland Park,Le Passage Enchanté d'Aladdin,2703,OPERATING,STANDBY,0,,,queue-times.com
2026-08-05T17:01:27Z,2026-08-05,19,1,Disneyland Park,Pirate Galleon,2705,CLOSED,STANDBY,0,,,queue-times.com
2026-08-05T17:01:27Z,2026-08-05,19,1,Disneyland Park,Pirates of the Caribbean,3,OPERATING,STANDBY,10,,,queue-times.com
2026-08-05T17:01:27Z,2026-08-05,19,1,Disneyland Park,Pirates' Beach,2704,OPERATING,STANDBY,0,,,queue-times.com
2026-08-05T17:01:27Z,2026-08-05,19,1,Disneyland Park,"Autopia, presented by Avis",4,OPERATING,STANDBY,50,,,queue-times.com
2026-08-05T17:01:27Z,2026-08-05,19,1,Disneyland Park,Buzz Lightyear Laser Blast,5,OPERATING,STANDBY,35,,,queue-times.com
2026-08-05T17:01:27Z,2026-08-05,19,1,Disneyland Park,Disneyland Railroad Discoveryland Station,2706,CLOSED,STANDBY,0,,,queue-times.com
2026-08-05T17:01:27Z,2026-08-05,19,1,Disneyland Park,Les Mystères du Nautilus,6,OPERATING,STANDBY,5,,,queue-times.com
2026-08-05T17:01:27Z,2026-08-05,19,1,Disneyland Park,Mickey’s PhilharMagic,2707,CLOSED,STANDBY,0,,,queue-times.com
2026-08-05T17:01:27Z,2026-08-05,19,1,Disneyland Park,Orbitron®,7,OPERATING,STANDBY,60,,,queue-times.com
2026-08-05T17:01:27Z,2026-08-05,19,1,Disneyland Park,Star Tours: The Adventures Continue*,9,OPERATING,STANDBY,10,,,queue-times.com
2026-08-05T17:01:27Z,2026-08-05,19,1,Disneyland Park,Star Wars Hyperspace Mountain,8,OPERATING,STANDBY,40,,,queue-times.com
2026-08-05T17:01:27Z,2026-08-05,19,1,Disneyland Park,Star Wars Hyperspace Mountain Single Rider,7278,OPERATING,STANDBY,0,,,queue-times.com
2026-08-05T17:01:27Z,2026-08-05,19,1,Disneyland Park,Welcome to Starport: A Star Wars Encounter,4573,CLOSED,STANDBY,0,,,queue-times.com
2026-08-05T17:01:27Z,2026-08-05,19,1,Disneyland Park,"""it's a small world""",19,OPERATING,STANDBY,5,,,queue-times.com
2026-08-05T17:01:27Z,2026-08-05,19,1,Disneyland Park,Alice's Curious Labyrinth,14,OPERATING,STANDBY,5,,,queue-times.com
2026-08-05T17:01:27Z,2026-08-05,19,1,Disneyland Park,Blanche-Neige et les Sept Nains®,15,OPERATING,STANDBY,30,,,queue-times.com
2026-08-05T17:01:27Z,2026-08-05,19,1,Disneyland Park,Casey Jr. – le Petit Train du Cirque,17,OPERATING,STANDBY,25,,,queue-times.com
2026-08-05T17:01:27Z,2026-08-05,19,1,Disneyland Park,Disneyland Railroad Fantasyland Station,2711,CLOSED,STANDBY,0,,,queue-times.com
2026-08-05T17:01:27Z,2026-08-05,19,1,Disneyland Park,Disneyland Railroad Main Street Station,11,OPERATING,STANDBY,20,,,queue-times.com
2026-08-05T17:01:27Z,2026-08-05,19,1,Disneyland Park,Dumbo the Flying Elephant,18,OPERATING,STANDBY,25,,,queue-times.com
2026-08-05T17:01:27Z,2026-08-05,19,1,Disneyland Park,La Tanière du Dragon,2710,OPERATING,STANDBY,0,,,queue-times.com
2026-08-05T17:01:27Z,2026-08-05,19,1,Disneyland Park,Le Carrousel de Lancelot,16,OPERATING,STANDBY,15,,,queue-times.com
2026-08-05T17:01:27Z,2026-08-05,19,1,Disneyland Park,"Le Pays des Contes de Fées, presented by Vittel",21,OPERATING,STANDBY,5,,,queue-times.com
2026-08-05T17:01:27Z,2026-08-05,19,1,Disneyland Park,Les Voyages de Pinocchio,23,OPERATING,STANDBY,20,,,queue-times.com
2026-08-05T17:01:27Z,2026-08-05,19,1,Disneyland Park,Mad Hatter's Tea Cups,20,OPERATING,STANDBY,10,,,queue-times.com
2026-08-05T17:01:27Z,2026-08-05,19,1,Disneyland Park,Meet Mickey Mouse,13,CLOSED,STANDBY,0,,,queue-times.com
2026-08-05T17:01:27Z,2026-08-05,19,1,Disneyland Park,Peter Pan's Flight,22,OPERATING,STANDBY,75,,,queue-times.com
2026-08-05T17:01:27Z,2026-08-05,19,1,Disneyland Park,Princess Pavilion,24,CLOSED,STANDBY,0,,,queue-times.com
2026-08-05T17:01:27Z,2026-08-05,19,1,Disneyland Park,Big Thunder Mountain,25,OPERATING,STANDBY,75,,,queue-times.com
2026-08-05T17:01:27Z,2026-08-05,19,1,Disneyland Park,Disneyland Railroad Frontierland Depot,2714,OPERATING,STANDBY,20,,,queue-times.com
2026-08-05T17:01:27Z,2026-08-05,19,1,Disneyland Park,Frontierland Playground,2713,OPERATING,STANDBY,0,,,queue-times.com
2026-08-05T17:01:27Z,2026-08-05,19,1,Disneyland Park,Phantom Manor,26,OPERATING,STANDBY,20,,,queue-times.com
2026-08-05T17:01:27Z,2026-08-05,19,1,Disneyland Park,River Rogue Keelboats,27,CLOSED,STANDBY,0,,,queue-times.com
2026-08-05T17:01:27Z,2026-08-05,19,1,Disneyland Park,Rustler Roundup Shootin' Gallery,2712,OPERATING,STANDBY,0,,,queue-times.com
2026-08-05T17:01:27Z,2026-08-05,19,1,Disneyland Park,Thunder Mesa Riverboat Landing,28,CLOSED,STANDBY,0,,,queue-times.com
2026-08-05T17:01:27Z,2026-08-05,19,1,Disneyland Park,Disneyland Railroad Main Street Station,2708,OPERATING,STANDBY,0,,,queue-times.com
2026-08-05T17:01:27Z,2026-08-05,19,1,Disneyland Park,Main Street Vehicles,12,CLOSED,STANDBY,0,,,queue-times.com
2026-08-05T17:01:27Z,2026-08-05,19,1,Disney Adventure World,Avengers Assemble: Flight Force,10848,OPERATING,STANDBY,20,,,queue-times.com
2026-08-05T17:01:27Z,2026-08-05,19,1,Disney Adventure World,Avengers Assemble: Flight Force Single Rider,10849,OPERATING,STANDBY,15,,,queue-times.com
2026-08-05T17:01:27Z,2026-08-05,19,1,Disney Adventure World,Spider-Man W.E.B. Adventure,10845,OPERATING,STANDBY,40,,,queue-times.com
2026-08-05T17:01:27Z,2026-08-05,19,1,Disney Adventure World,Spider-Man W.E.B. Adventure Single Rider,10846,OPERATING,STANDBY,15,,,queue-times.com
2026-08-05T17:01:27Z,2026-08-05,19,1,Disney Adventure World,The Twilight Zone Tower of Terror,40,OPERATING,STANDBY,10,,,queue-times.com
2026-08-05T17:01:27Z,2026-08-05,19,1,Disney Adventure World,Cars Quatre Roues Rallye,31,OPERATING,STANDBY,10,,,queue-times.com
2026-08-05T17:01:27Z,2026-08-05,19,1,Disney Adventure World,Cars ROAD TRIP,29,OPERATING,STANDBY,10,,,queue-times.com
2026-08-05T17:01:27Z,2026-08-05,19,1,Disney Adventure World,Crush's Coaster,32,OPERATING,STANDBY,75,,,queue-times.com
2026-08-05T17:01:27Z,2026-08-05,19,1,Disney Adventure World,Crush's Coaster Single Rider,7277,OPERATING,STANDBY,45,,,queue-times.com
2026-08-05T17:01:27Z,2026-08-05,19,1,Disney Adventure World,Les Tapis Volants - Flying Carpets Over Agrabah®,33,OPERATING,STANDBY,15,,,queue-times.com
2026-08-05T17:01:27Z,2026-08-05,19,1,Disney Adventure World,Ratatouille : L’Aventure Totalement Toquée de Rémy​,37,OPERATING,STANDBY,50,,,queue-times.com
2026-08-05T17:01:27Z,2026-08-05,19,1,Disney Adventure World,Ratatouille: The Adventure Single Rider,7279,OPERATING,STANDBY,20,,,queue-times.com
2026-08-05T17:01:27Z,2026-08-05,19,1,Disney Adventure World,RC Racer,34,OPERATING,STANDBY,40,,,queue-times.com
2026-08-05T17:01:27Z,2026-08-05,19,1,Disney Adventure World,RC Racer Single Rider,7280,OPERATING,STANDBY,35,,,queue-times.com
2026-08-05T17:01:27Z,2026-08-05,19,1,Disney Adventure World,Slinky® Dog Zigzag Spin,36,OPERATING,STANDBY,10,,,queue-times.com
2026-08-05T17:01:27Z,2026-08-05,19,1,Disney Adventure World,Toy Soldiers Parachute Drop,35,OPERATING,STANDBY,55,,,queue-times.com
2026-08-05T17:01:27Z,2026-08-05,19,1,Disney Adventure World,Toy Soldiers Parachute Drop Single Rider,7281,OPERATING,STANDBY,25,,,queue-times.com
2026-08-05T17:01:27Z,2026-08-05,19,1,Disney Adventure World,Entry to World of Frozen,16247,OPERATING,STANDBY,0,,,queue-times.com
2026-08-05T17:01:27Z,2026-08-05,19,1,Disney Adventure World,Frozen Ever After,15413,OPERATING,STANDBY,55,,,queue-times.com
2026-08-05T17:01:27Z,2026-08-05,19,1,Disney Adventure World,Raiponce Tangled Spin,15415,OPERATING,STANDBY,5,,,queue-times.com
2026-08-05T17:06:12Z,2026-08-05,19,6,Disneyland Park,Adventure Isle,2702,OPERATING,STANDBY,0,,,queue-times.com
2026-08-05T17:06:12Z,2026-08-05,19,6,Disneyland Park,Indiana Jones and the Temple of Peril Single Rider,7306,OPERATING,STANDBY,15,,,queue-times.com
2026-08-05T17:06:12Z,2026-08-05,19,6,Disneyland Park,Indiana Jones™ and the Temple of Peril,2,OPERATING,STANDBY,20,,,queue-times.com
2026-08-05T17:06:12Z,2026-08-05,19,6,Disneyland Park,La Cabane des Robinson,1,OPERATING,STANDBY,5,,,queue-times.com
2026-08-05T17:06:12Z,2026-08-05,19,6,Disneyland Park,Le Passage Enchanté d'Aladdin,2703,OPERATING,STANDBY,0,,,queue-times.com
2026-08-05T17:06:12Z,2026-08-05,19,6,Disneyland Park,Pirate Galleon,2705,CLOSED,STANDBY,0,,,queue-times.com
2026-08-05T17:06:12Z,2026-08-05,19,6,Disneyland Park,Pirates of the Caribbean,3,OPERATING,STANDBY,10,,,queue-times.com
2026-08-05T17:06:12Z,2026-08-05,19,6,Disneyland Park,Pirates' Beach,2704,OPERATING,STANDBY,0,,,queue-times.com
2026-08-05T17:06:12Z,2026-08-05,19,6,Disneyland Park,"Autopia, presented by Avis",4,OPERATING,STANDBY,50,,,queue-times.com
2026-08-05T17:06:12Z,2026-08-05,19,6,Disneyland Park,Buzz Lightyear Laser Blast,5,OPERATING,STANDBY,35,,,queue-times.com
2026-08-05T17:06:12Z,2026-08-05,19,6,Disneyland Park,Disneyland Railroad Discoveryland Station,2706,CLOSED,STANDBY,0,,,queue-times.com
2026-08-05T17:06:12Z,2026-08-05,19,6,Disneyland Park,Les Mystères du Nautilus,6,OPERATING,STANDBY,5,,,queue-times.com
2026-08-05T17:06:12Z,2026-08-05,19,6,Disneyland Park,Mickey’s PhilharMagic,2707,CLOSED,STANDBY,0,,,queue-times.com
2026-08-05T17:06:12Z,2026-08-05,19,6,Disneyland Park,Orbitron®,7,OPERATING,STANDBY,60,,,queue-times.com
2026-08-05T17:06:12Z,2026-08-05,19,6,Disneyland Park,Star Tours: The Adventures Continue*,9,OPERATING,STANDBY,10,,,queue-times.com
2026-08-05T17:06:12Z,2026-08-05,19,6,Disneyland Park,Star Wars Hyperspace Mountain,8,OPERATING,STANDBY,35,,,queue-times.com
2026-08-05T17:06:12Z,2026-08-05,19,6,Disneyland Park,Star Wars Hyperspace Mountain Single Rider,7278,OPERATING,STANDBY,0,,,queue-times.com
2026-08-05T17:06:12Z,2026-08-05,19,6,Disneyland Park,Welcome to Starport: A Star Wars Encounter,4573,CLOSED,STANDBY,0,,,queue-times.com
2026-08-05T17:06:12Z,2026-08-05,19,6,Disneyland Park,"""it's a small world""",19,OPERATING,STANDBY,5,,,queue-times.com
2026-08-05T17:06:12Z,2026-08-05,19,6,Disneyland Park,Alice's Curious Labyrinth,14,OPERATING,STANDBY,5,,,queue-times.com
2026-08-05T17:06:12Z,2026-08-05,19,6,Disneyland Park,Blanche-Neige et les Sept Nains®,15,OPERATING,STANDBY,30,,,queue-times.com
2026-08-05T17:06:12Z,2026-08-05,19,6,Disneyland Park,Casey Jr. – le Petit Train du Cirque,17,OPERATING,STANDBY,35,,,queue-times.com
2026-08-05T17:06:12Z,2026-08-05,19,6,Disneyland Park,Disneyland Railroad Fantasyland Station,2711,CLOSED,STANDBY,0,,,queue-times.com
2026-08-05T17:06:12Z,2026-08-05,19,6,Disneyland Park,Disneyland Railroad Main Street Station,11,OPERATING,STANDBY,20,,,queue-times.com
2026-08-05T17:06:12Z,2026-08-05,19,6,Disneyland Park,Dumbo the Flying Elephant,18,OPERATING,STANDBY,25,,,queue-times.com
2026-08-05T17:06:12Z,2026-08-05,19,6,Disneyland Park,La Tanière du Dragon,2710,OPERATING,STANDBY,0,,,queue-times.com
2026-08-05T17:06:12Z,2026-08-05,19,6,Disneyland Park,Le Carrousel de Lancelot,16,OPERATING,STANDBY,15,,,queue-times.com
2026-08-05T17:06:12Z,2026-08-05,19,6,Disneyland Park,"Le Pays des Contes de Fées, presented by Vittel",21,OPERATING,STANDBY,5,,,queue-times.com
2026-08-05T17:06:12Z,2026-08-05,19,6,Disneyland Park,Les Voyages de Pinocchio,23,OPERATING,STANDBY,15,,,queue-times.com
2026-08-05T17:06:12Z,2026-08-05,19,6,Disneyland Park,Mad Hatter's Tea Cups,20,OPERATING,STANDBY,10,,,queue-times.com
2026-08-05T17:06:12Z,2026-08-05,19,6,Disneyland Park,Meet Mickey Mouse,13,CLOSED,STANDBY,0,,,queue-times.com
2026-08-05T17:06:12Z,2026-08-05,19,6,Disneyland Park,Peter Pan's Flight,22,OPERATING,STANDBY,75,,,queue-times.com
2026-08-05T17:06:12Z,2026-08-05,19,6,Disneyland Park,Princess Pavilion,24,CLOSED,STANDBY,0,,,queue-times.com
2026-08-05T17:06:12Z,2026-08-05,19,6,Disneyland Park,Big Thunder Mountain,25,OPERATING,STANDBY,75,,,queue-times.com
2026-08-05T17:06:12Z,2026-08-05,19,6,Disneyland Park,Disneyland Railroad Frontierland Depot,2714,OPERATING,STANDBY,20,,,queue-times.com
2026-08-05T17:06:12Z,2026-08-05,19,6,Disneyland Park,Frontierland Playground,2713,OPERATING,STANDBY,0,,,queue-times.com
2026-08-05T17:06:12Z,2026-08-05,19,6,Disneyland Park,Phantom Manor,26,OPERATING,STANDBY,20,,,queue-times.com
2026-08-05T17:06:12Z,2026-08-05,19,6,Disneyland Park,River Rogue Keelboats,27,CLOSED,STANDBY,0,,,queue-times.com
2026-08-05T17:06:12Z,2026-08-05,19,6,Disneyland Park,Rustler Roundup Shootin' Gallery,2712,OPERATING,STANDBY,0,,,queue-times.com
2026-08-05T17:06:12Z,2026-08-05,19,6,Disneyland Park,Thunder Mesa Riverboat Landing,28,CLOSED,STANDBY,0,,,queue-times.com
2026-08-05T17:06:12Z,2026-08-05,19,6,Disneyland Park,Disneyland Railroad Main Street Station,2708,OPERATING,STANDBY,0,,,queue-times.com
2026-08-05T17:06:12Z,2026-08-05,19,6,Disneyland Park,Main Street Vehicles,12,CLOSED,STANDBY,0,,,queue-times.com
2026-08-05T17:06:12Z,2026-08-05,19,6,Disney Adventure World,Avengers Assemble: Flight Force,10848,OPERATING,STANDBY,20,,,queue-times.com
2026-08-05T17:06:12Z,2026-08-05,19,6,Disney Adventure World,Avengers Assemble: Flight Force Single Rider,10849,OPERATING,STANDBY,15,,,queue-times.com
2026-08-05T17:06:12Z,2026-08-05,19,6,Disney Adventure World,Spider-Man W.E.B. Adventure,10845,OPERATING,STANDBY,45,,,queue-times.com
2026-08-05T17:06:12Z,2026-08-05,19,6,Disney Adventure World,Spider-Man W.E.B. Adventure Single Rider,10846,OPERATING,STANDBY,20,,,queue-times.com
2026-08-05T17:06:12Z,2026-08-05,19,6,Disney Adventure World,The Twilight Zone Tower of Terror,40,OPERATING,STANDBY,15,,,queue-times.com
2026-08-05T17:06:12Z,2026-08-05,19,6,Disney Adventure World,Cars Quatre Roues Rallye,31,OPERATING,STANDBY,10,,,queue-times.com
2026-08-05T17:06:12Z,2026-08-05,19,6,Disney Adventure World,Cars ROAD TRIP,29,OPERATING,STANDBY,10,,,queue-times.com
2026-08-05T17:06:12Z,2026-08-05,19,6,Disney Adventure World,Crush's Coaster,32,OPERATING,STANDBY,75,,,queue-times.com
2026-08-05T17:06:12Z,2026-08-05,19,6,Disney Adventure World,Crush's Coaster Single Rider,7277,OPERATING,STANDBY,40,,,queue-times.com
2026-08-05T17:06:12Z,2026-08-05,19,6,Disney Adventure World,Les Tapis Volants - Flying Carpets Over Agrabah®,33,OPERATING,STANDBY,15,,,queue-times.com
2026-08-05T17:06:12Z,2026-08-05,19,6,Disney Adventure World,Ratatouille : L’Aventure Totalement Toquée de Rémy​,37,OPERATING,STANDBY,50,,,queue-times.com
2026-08-05T17:06:12Z,2026-08-05,19,6,Disney Adventure World,Ratatouille: The Adventure Single Rider,7279,OPERATING,STANDBY,20,,,queue-times.com
2026-08-05T17:06:12Z,2026-08-05,19,6,Disney Adventure World,RC Racer,34,OPERATING,STANDBY,40,,,queue-times.com
2026-08-05T17:06:12Z,2026-08-05,19,6,Disney Adventure World,RC Racer Single Rider,7280,OPERATING,STANDBY,35,,,queue-times.com
2026-08-05T17:06:12Z,2026-08-05,19,6,Disney Adventure World,Slinky® Dog Zigzag Spin,36,OPERATING,STANDBY,10,,,queue-times.com
2026-08-05T17:06:12Z,2026-08-05,19,6,Disney Adventure World,Toy Soldiers Parachute Drop,35,OPERATING,STANDBY,55,,,queue-times.com
2026-08-05T17:06:12Z,2026-08-05,19,6,Disney Adventure World,Toy Soldiers Parachute Drop Single Rider,7281,OPERATING,STANDBY,25,,,queue-times.com
2026-08-05T17:06:12Z,2026-08-05,19,6,Disney Adventure World,Entry to World of Frozen,16247,OPERATING,STANDBY,0,,,queue-times.com
2026-08-05T17:06:12Z,2026-08-05,19,6,Disney Adventure World,Frozen Ever After,15413,OPERATING,STANDBY,65,,,queue-times.com
2026-08-05T17:06:12Z,2026-08-05,19,6,Disney Adventure World,Raiponce Tangled Spin,15415,OPERATING,STANDBY,5,,,queue-times.com
2026-08-05T17:15:49Z,2026-08-05,19,15,Disneyland Park,Adventure Isle,2702,OPERATING,STANDBY,0,,,queue-times.com
2026-08-05T17:15:49Z,2026-08-05,19,15,Disneyland Park,Indiana Jones and the Temple of Peril Single Rider,7306,OPERATING,STANDBY,5,,,queue-times.com
2026-08-05T17:15:49Z,2026-08-05,19,15,Disneyland Park,Indiana Jones™ and the Temple of Peril,2,OPERATING,STANDBY,10,,,queue-times.com
2026-08-05T17:15:49Z,2026-08-05,19,15,Disneyland Park,La Cabane des Robinson,1,OPERATING,STANDBY,5,,,queue-times.com
2026-08-05T17:15:49Z,2026-08-05,19,15,Disneyland Park,Le Passage Enchanté d'Aladdin,2703,OPERATING,STANDBY,0,,,queue-times.com
2026-08-05T17:15:49Z,2026-08-05,19,15,Disneyland Park,Pirate Galleon,2705,CLOSED,STANDBY,0,,,queue-times.com
2026-08-05T17:15:49Z,2026-08-05,19,15,Disneyland Park,Pirates of the Caribbean,3,OPERATING,STANDBY,5,,,queue-times.com
2026-08-05T17:15:49Z,2026-08-05,19,15,Disneyland Park,Pirates' Beach,2704,OPERATING,STANDBY,0,,,queue-times.com
2026-08-05T17:15:49Z,2026-08-05,19,15,Disneyland Park,"Autopia, presented by Avis",4,OPERATING,STANDBY,45,,,queue-times.com
2026-08-05T17:15:49Z,2026-08-05,19,15,Disneyland Park,Buzz Lightyear Laser Blast,5,OPERATING,STANDBY,25,,,queue-times.com
2026-08-05T17:15:49Z,2026-08-05,19,15,Disneyland Park,Disneyland Railroad Discoveryland Station,2706,CLOSED,STANDBY,0,,,queue-times.com
2026-08-05T17:15:49Z,2026-08-05,19,15,Disneyland Park,Les Mystères du Nautilus,6,OPERATING,STANDBY,5,,,queue-times.com
2026-08-05T17:15:49Z,2026-08-05,19,15,Disneyland Park,Mickey’s PhilharMagic,2707,CLOSED,STANDBY,0,,,queue-times.com
2026-08-05T17:15:49Z,2026-08-05,19,15,Disneyland Park,Orbitron®,7,OPERATING,STANDBY,60,,,queue-times.com
2026-08-05T17:15:49Z,2026-08-05,19,15,Disneyland Park,Star Tours: The Adventures Continue*,9,OPERATING,STANDBY,10,,,queue-times.com
2026-08-05T17:15:49Z,2026-08-05,19,15,Disneyland Park,Star Wars Hyperspace Mountain,8,OPERATING,STANDBY,35,,,queue-times.com
2026-08-05T17:15:49Z,2026-08-05,19,15,Disneyland Park,Star Wars Hyperspace Mountain Single Rider,7278,OPERATING,STANDBY,0,,,queue-times.com
2026-08-05T17:15:49Z,2026-08-05,19,15,Disneyland Park,Welcome to Starport: A Star Wars Encounter,4573,CLOSED,STANDBY,0,,,queue-times.com
2026-08-05T17:15:49Z,2026-08-05,19,15,Disneyland Park,"""it's a small world""",19,OPERATING,STANDBY,5,,,queue-times.com
2026-08-05T17:15:49Z,2026-08-05,19,15,Disneyland Park,Alice's Curious Labyrinth,14,OPERATING,STANDBY,5,,,queue-times.com
2026-08-05T17:15:49Z,2026-08-05,19,15,Disneyland Park,Blanche-Neige et les Sept Nains®,15,OPERATING,STANDBY,30,,,queue-times.com
2026-08-05T17:15:49Z,2026-08-05,19,15,Disneyland Park,Casey Jr. – le Petit Train du Cirque,17,OPERATING,STANDBY,35,,,queue-times.com
2026-08-05T17:15:49Z,2026-08-05,19,15,Disneyland Park,Disneyland Railroad Fantasyland Station,2711,CLOSED,STANDBY,0,,,queue-times.com
2026-08-05T17:15:49Z,2026-08-05,19,15,Disneyland Park,Disneyland Railroad Main Street Station,11,OPERATING,STANDBY,20,,,queue-times.com
2026-08-05T17:15:49Z,2026-08-05,19,15,Disneyland Park,Dumbo the Flying Elephant,18,OPERATING,STANDBY,35,,,queue-times.com
2026-08-05T17:15:49Z,2026-08-05,19,15,Disneyland Park,La Tanière du Dragon,2710,OPERATING,STANDBY,0,,,queue-times.com
2026-08-05T17:15:49Z,2026-08-05,19,15,Disneyland Park,Le Carrousel de Lancelot,16,OPERATING,STANDBY,15,,,queue-times.com
2026-08-05T17:15:49Z,2026-08-05,19,15,Disneyland Park,"Le Pays des Contes de Fées, presented by Vittel",21,OPERATING,STANDBY,5,,,queue-times.com
2026-08-05T17:15:49Z,2026-08-05,19,15,Disneyland Park,Les Voyages de Pinocchio,23,OPERATING,STANDBY,15,,,queue-times.com
2026-08-05T17:15:49Z,2026-08-05,19,15,Disneyland Park,Mad Hatter's Tea Cups,20,OPERATING,STANDBY,5,,,queue-times.com
2026-08-05T17:15:49Z,2026-08-05,19,15,Disneyland Park,Meet Mickey Mouse,13,CLOSED,STANDBY,0,,,queue-times.com
2026-08-05T17:15:49Z,2026-08-05,19,15,Disneyland Park,Peter Pan's Flight,22,OPERATING,STANDBY,55,,,queue-times.com
2026-08-05T17:15:49Z,2026-08-05,19,15,Disneyland Park,Princess Pavilion,24,CLOSED,STANDBY,0,,,queue-times.com
2026-08-05T17:15:49Z,2026-08-05,19,15,Disneyland Park,Big Thunder Mountain,25,OPERATING,STANDBY,75,,,queue-times.com
2026-08-05T17:15:49Z,2026-08-05,19,15,Disneyland Park,Disneyland Railroad Frontierland Depot,2714,OPERATING,STANDBY,10,,,queue-times.com
2026-08-05T17:15:49Z,2026-08-05,19,15,Disneyland Park,Frontierland Playground,2713,OPERATING,STANDBY,0,,,queue-times.com
2026-08-05T17:15:49Z,2026-08-05,19,15,Disneyland Park,Phantom Manor,26,OPERATING,STANDBY,20,,,queue-times.com
2026-08-05T17:15:49Z,2026-08-05,19,15,Disneyland Park,River Rogue Keelboats,27,CLOSED,STANDBY,0,,,queue-times.com
2026-08-05T17:15:49Z,2026-08-05,19,15,Disneyland Park,Rustler Roundup Shootin' Gallery,2712,OPERATING,STANDBY,0,,,queue-times.com
2026-08-05T17:15:49Z,2026-08-05,19,15,Disneyland Park,Thunder Mesa Riverboat Landing,28,CLOSED,STANDBY,0,,,queue-times.com
2026-08-05T17:15:49Z,2026-08-05,19,15,Disneyland Park,Disneyland Railroad Main Street Station,2708,OPERATING,STANDBY,0,,,queue-times.com
2026-08-05T17:15:49Z,2026-08-05,19,15,Disneyland Park,Main Street Vehicles,12,CLOSED,STANDBY,0,,,queue-times.com
2026-08-05T17:15:49Z,2026-08-05,19,15,Disney Adventure World,Avengers Assemble: Flight Force,10848,OPERATING,STANDBY,20,,,queue-times.com
2026-08-05T17:15:49Z,2026-08-05,19,15,Disney Adventure World,Avengers Assemble: Flight Force Single Rider,10849,OPERATING,STANDBY,10,,,queue-times.com
2026-08-05T17:15:49Z,2026-08-05,19,15,Disney Adventure World,Spider-Man W.E.B. Adventure,10845,OPERATING,STANDBY,45,,,queue-times.com
2026-08-05T17:15:49Z,2026-08-05,19,15,Disney Adventure World,Spider-Man W.E.B. Adventure Single Rider,10846,OPERATING,STANDBY,20,,,queue-times.com
2026-08-05T17:15:49Z,2026-08-05,19,15,Disney Adventure World,The Twilight Zone Tower of Terror,40,OPERATING,STANDBY,25,,,queue-times.com
2026-08-05T17:15:49Z,2026-08-05,19,15,Disney Adventure World,Cars Quatre Roues Rallye,31,OPERATING,STANDBY,10,,,queue-times.com
2026-08-05T17:15:49Z,2026-08-05,19,15,Disney Adventure World,Cars ROAD TRIP,29,OPERATING,STANDBY,10,,,queue-times.com
2026-08-05T17:15:49Z,2026-08-05,19,15,Disney Adventure World,Crush's Coaster,32,OPERATING,STANDBY,65,,,queue-times.com
2026-08-05T17:15:49Z,2026-08-05,19,15,Disney Adventure World,Crush's Coaster Single Rider,7277,OPERATING,STANDBY,40,,,queue-times.com
2026-08-05T17:15:49Z,2026-08-05,19,15,Disney Adventure World,Les Tapis Volants - Flying Carpets Over Agrabah®,33,OPERATING,STANDBY,20,,,queue-times.com
2026-08-05T17:15:49Z,2026-08-05,19,15,Disney Adventure World,Ratatouille : L’Aventure Totalement Toquée de Rémy​,37,OPERATING,STANDBY,50,,,queue-times.com
2026-08-05T17:15:49Z,2026-08-05,19,15,Disney Adventure World,Ratatouille: The Adventure Single Rider,7279,OPERATING,STANDBY,20,,,queue-times.com
2026-08-05T17:15:49Z,2026-08-05,19,15,Disney Adventure World,RC Racer,34,OPERATING,STANDBY,50,,,queue-times.com
2026-08-05T17:15:49Z,2026-08-05,19,15,Disney Adventure World,RC Racer Single Rider,7280,OPERATING,STANDBY,45,,,queue-times.com
2026-08-05T17:15:49Z,2026-08-05,19,15,Disney Adventure World,Slinky® Dog Zigzag Spin,36,OPERATING,STANDBY,10,,,queue-times.com
2026-08-05T17:15:49Z,2026-08-05,19,15,Disney Adventure World,Toy Soldiers Parachute Drop,35,OPERATING,STANDBY,55,,,queue-times.com
2026-08-05T17:15:49Z,2026-08-05,19,15,Disney Adventure World,Toy Soldiers Parachute Drop Single Rider,7281,OPERATING,STANDBY,25,,,queue-times.com
2026-08-05T17:15:49Z,2026-08-05,19,15,Disney Adventure World,Entry to World of Frozen,16247,OPERATING,STANDBY,0,,,queue-times.com
2026-08-05T17:15:49Z,2026-08-05,19,15,Disney Adventure World,Frozen Ever After,15413,OPERATING,STANDBY,65,,,queue-times.com
2026-08-05T17:15:49Z,2026-08-05,19,15,Disney Adventure World,Raiponce Tangled Spin,15415,OPERATING,STANDBY,5,,,queue-times.com
2026-08-05T17:31:08Z,2026-08-05,19,31,Disneyland Park,Adventure Isle,2702,OPERATING,STANDBY,0,,,queue-times.com
2026-08-05T17:31:08Z,2026-08-05,19,31,Disneyland Park,Indiana Jones and the Temple of Peril Single Rider,7306,OPERATING,STANDBY,5,,,queue-times.com
2026-08-05T17:31:08Z,2026-08-05,19,31,Disneyland Park,Indiana Jones™ and the Temple of Peril,2,OPERATING,STANDBY,10,,,queue-times.com
2026-08-05T17:31:08Z,2026-08-05,19,31,Disneyland Park,La Cabane des Robinson,1,OPERATING,STANDBY,5,,,queue-times.com
2026-08-05T17:31:08Z,2026-08-05,19,31,Disneyland Park,Le Passage Enchanté d'Aladdin,2703,OPERATING,STANDBY,0,,,queue-times.com
2026-08-05T17:31:08Z,2026-08-05,19,31,Disneyland Park,Pirate Galleon,2705,CLOSED,STANDBY,0,,,queue-times.com
2026-08-05T17:31:08Z,2026-08-05,19,31,Disneyland Park,Pirates of the Caribbean,3,OPERATING,STANDBY,5,,,queue-times.com
2026-08-05T17:31:08Z,2026-08-05,19,31,Disneyland Park,Pirates' Beach,2704,OPERATING,STANDBY,0,,,queue-times.com
2026-08-05T17:31:08Z,2026-08-05,19,31,Disneyland Park,"Autopia, presented by Avis",4,OPERATING,STANDBY,35,,,queue-times.com
2026-08-05T17:31:08Z,2026-08-05,19,31,Disneyland Park,Buzz Lightyear Laser Blast,5,OPERATING,STANDBY,35,,,queue-times.com
2026-08-05T17:31:08Z,2026-08-05,19,31,Disneyland Park,Disneyland Railroad Discoveryland Station,2706,CLOSED,STANDBY,0,,,queue-times.com
2026-08-05T17:31:08Z,2026-08-05,19,31,Disneyland Park,Les Mystères du Nautilus,6,OPERATING,STANDBY,5,,,queue-times.com
2026-08-05T17:31:08Z,2026-08-05,19,31,Disneyland Park,Mickey’s PhilharMagic,2707,CLOSED,STANDBY,0,,,queue-times.com
2026-08-05T17:31:08Z,2026-08-05,19,31,Disneyland Park,Orbitron®,7,OPERATING,STANDBY,45,,,queue-times.com
2026-08-05T17:31:08Z,2026-08-05,19,31,Disneyland Park,Star Tours: The Adventures Continue*,9,OPERATING,STANDBY,5,,,queue-times.com
2026-08-05T17:31:08Z,2026-08-05,19,31,Disneyland Park,Star Wars Hyperspace Mountain,8,OPERATING,STANDBY,30,,,queue-times.com
2026-08-05T17:31:08Z,2026-08-05,19,31,Disneyland Park,Star Wars Hyperspace Mountain Single Rider,7278,OPERATING,STANDBY,0,,,queue-times.com
2026-08-05T17:31:08Z,2026-08-05,19,31,Disneyland Park,Welcome to Starport: A Star Wars Encounter,4573,CLOSED,STANDBY,0,,,queue-times.com
2026-08-05T17:31:08Z,2026-08-05,19,31,Disneyland Park,"""it's a small world""",19,OPERATING,STANDBY,5,,,queue-times.com
2026-08-05T17:31:08Z,2026-08-05,19,31,Disneyland Park,Alice's Curious Labyrinth,14,OPERATING,STANDBY,5,,,queue-times.com
2026-08-05T17:31:08Z,2026-08-05,19,31,Disneyland Park,Blanche-Neige et les Sept Nains®,15,OPERATING,STANDBY,30,,,queue-times.com
2026-08-05T17:31:08Z,2026-08-05,19,31,Disneyland Park,Casey Jr. – le Petit Train du Cirque,17,OPERATING,STANDBY,20,,,queue-times.com
2026-08-05T17:31:08Z,2026-08-05,19,31,Disneyland Park,Disneyland Railroad Fantasyland Station,2711,CLOSED,STANDBY,0,,,queue-times.com
2026-08-05T17:31:08Z,2026-08-05,19,31,Disneyland Park,Disneyland Railroad Main Street Station,11,OPERATING,STANDBY,20,,,queue-times.com
2026-08-05T17:31:08Z,2026-08-05,19,31,Disneyland Park,Dumbo the Flying Elephant,18,OPERATING,STANDBY,35,,,queue-times.com
2026-08-05T17:31:08Z,2026-08-05,19,31,Disneyland Park,La Tanière du Dragon,2710,OPERATING,STANDBY,0,,,queue-times.com
2026-08-05T17:31:08Z,2026-08-05,19,31,Disneyland Park,Le Carrousel de Lancelot,16,OPERATING,STANDBY,15,,,queue-times.com
2026-08-05T17:31:08Z,2026-08-05,19,31,Disneyland Park,"Le Pays des Contes de Fées, presented by Vittel",21,OPERATING,STANDBY,5,,,queue-times.com
2026-08-05T17:31:08Z,2026-08-05,19,31,Disneyland Park,Les Voyages de Pinocchio,23,OPERATING,STANDBY,15,,,queue-times.com
2026-08-05T17:31:08Z,2026-08-05,19,31,Disneyland Park,Mad Hatter's Tea Cups,20,OPERATING,STANDBY,5,,,queue-times.com
2026-08-05T17:31:08Z,2026-08-05,19,31,Disneyland Park,Meet Mickey Mouse,13,CLOSED,STANDBY,0,,,queue-times.com
2026-08-05T17:31:08Z,2026-08-05,19,31,Disneyland Park,Peter Pan's Flight,22,OPERATING,STANDBY,40,,,queue-times.com
2026-08-05T17:31:08Z,2026-08-05,19,31,Disneyland Park,Princess Pavilion,24,CLOSED,STANDBY,0,,,queue-times.com
2026-08-05T17:31:08Z,2026-08-05,19,31,Disneyland Park,Big Thunder Mountain,25,OPERATING,STANDBY,50,,,queue-times.com
2026-08-05T17:31:08Z,2026-08-05,19,31,Disneyland Park,Disneyland Railroad Frontierland Depot,2714,OPERATING,STANDBY,10,,,queue-times.com
2026-08-05T17:31:08Z,2026-08-05,19,31,Disneyland Park,Frontierland Playground,2713,OPERATING,STANDBY,0,,,queue-times.com
2026-08-05T17:31:08Z,2026-08-05,19,31,Disneyland Park,Phantom Manor,26,OPERATING,STANDBY,5,,,queue-times.com
2026-08-05T17:31:08Z,2026-08-05,19,31,Disneyland Park,River Rogue Keelboats,27,CLOSED,STANDBY,0,,,queue-times.com
2026-08-05T17:31:08Z,2026-08-05,19,31,Disneyland Park,Rustler Roundup Shootin' Gallery,2712,OPERATING,STANDBY,0,,,queue-times.com
2026-08-05T17:31:08Z,2026-08-05,19,31,Disneyland Park,Thunder Mesa Riverboat Landing,28,CLOSED,STANDBY,0,,,queue-times.com
2026-08-05T17:31:08Z,2026-08-05,19,31,Disneyland Park,Disneyland Railroad Main Street Station,2708,OPERATING,STANDBY,0,,,queue-times.com
2026-08-05T17:31:08Z,2026-08-05,19,31,Disneyland Park,Main Street Vehicles,12,CLOSED,STANDBY,0,,,queue-times.com
2026-08-05T17:31:08Z,2026-08-05,19,31,Disney Adventure World,Avengers Assemble: Flight Force,10848,OPERATING,STANDBY,20,,,queue-times.com
2026-08-05T17:31:08Z,2026-08-05,19,31,Disney Adventure World,Avengers Assemble: Flight Force Single Rider,10849,OPERATING,STANDBY,15,,,queue-times.com
2026-08-05T17:31:08Z,2026-08-05,19,31,Disney Adventure World,Spider-Man W.E.B. Adventure,10845,OPERATING,STANDBY,50,,,queue-times.com
2026-08-05T17:31:08Z,2026-08-05,19,31,Disney Adventure World,Spider-Man W.E.B. Adventure Single Rider,10846,OPERATING,STANDBY,20,,,queue-times.com
2026-08-05T17:31:08Z,2026-08-05,19,31,Disney Adventure World,The Twilight Zone Tower of Terror,40,OPERATING,STANDBY,25,,,queue-times.com
2026-08-05T17:31:08Z,2026-08-05,19,31,Disney Adventure World,Cars Quatre Roues Rallye,31,OPERATING,STANDBY,20,,,queue-times.com
2026-08-05T17:31:08Z,2026-08-05,19,31,Disney Adventure World,Cars ROAD TRIP,29,OPERATING,STANDBY,30,,,queue-times.com
2026-08-05T17:31:08Z,2026-08-05,19,31,Disney Adventure World,Crush's Coaster,32,OPERATING,STANDBY,75,,,queue-times.com
2026-08-05T17:31:08Z,2026-08-05,19,31,Disney Adventure World,Crush's Coaster Single Rider,7277,OPERATING,STANDBY,50,,,queue-times.com
2026-08-05T17:31:08Z,2026-08-05,19,31,Disney Adventure World,Les Tapis Volants - Flying Carpets Over Agrabah®,33,OPERATING,STANDBY,15,,,queue-times.com
2026-08-05T17:31:08Z,2026-08-05,19,31,Disney Adventure World,Ratatouille : L’Aventure Totalement Toquée de Rémy​,37,OPERATING,STANDBY,45,,,queue-times.com
2026-08-05T17:31:08Z,2026-08-05,19,31,Disney Adventure World,Ratatouille: The Adventure Single Rider,7279,OPERATING,STANDBY,20,,,queue-times.com
2026-08-05T17:31:08Z,2026-08-05,19,31,Disney Adventure World,RC Racer,34,OPERATING,STANDBY,40,,,queue-times.com
2026-08-05T17:31:08Z,2026-08-05,19,31,Disney Adventure World,RC Racer Single Rider,7280,OPERATING,STANDBY,35,,,queue-times.com
2026-08-05T17:31:08Z,2026-08-05,19,31,Disney Adventure World,Slinky® Dog Zigzag Spin,36,OPERATING,STANDBY,15,,,queue-times.com
2026-08-05T17:31:08Z,2026-08-05,19,31,Disney Adventure World,Toy Soldiers Parachute Drop,35,OPERATING,STANDBY,45,,,queue-times.com
2026-08-05T17:31:08Z,2026-08-05,19,31,Disney Adventure World,Toy Soldiers Parachute Drop Single Rider,7281,OPERATING,STANDBY,20,,,queue-times.com
2026-08-05T17:31:08Z,2026-08-05,19,31,Disney Adventure World,Entry to World of Frozen,16247,OPERATING,STANDBY,0,,,queue-times.com
2026-08-05T17:31:08Z,2026-08-05,19,31,Disney Adventure World,Frozen Ever After,15413,OPERATING,STANDBY,50,,,queue-times.com
2026-08-05T17:31:08Z,2026-08-05,19,31,Disney Adventure World,Raiponce Tangled Spin,15415,OPERATING,STANDBY,5,,,queue-times.com
2026-08-05T17:45:45Z,2026-08-05,19,45,Disneyland Park,Adventure Isle,2702,OPERATING,STANDBY,0,,,queue-times.com
2026-08-05T17:45:45Z,2026-08-05,19,45,Disneyland Park,Indiana Jones and the Temple of Peril Single Rider,7306,OPERATING,STANDBY,5,,,queue-times.com
2026-08-05T17:45:45Z,2026-08-05,19,45,Disneyland Park,Indiana Jones™ and the Temple of Peril,2,OPERATING,STANDBY,15,,,queue-times.com
2026-08-05T17:45:45Z,2026-08-05,19,45,Disneyland Park,La Cabane des Robinson,1,OPERATING,STANDBY,5,,,queue-times.com
2026-08-05T17:45:45Z,2026-08-05,19,45,Disneyland Park,Le Passage Enchanté d'Aladdin,2703,OPERATING,STANDBY,0,,,queue-times.com
2026-08-05T17:45:45Z,2026-08-05,19,45,Disneyland Park,Pirate Galleon,2705,CLOSED,STANDBY,0,,,queue-times.com
2026-08-05T17:45:45Z,2026-08-05,19,45,Disneyland Park,Pirates of the Caribbean,3,OPERATING,STANDBY,5,,,queue-times.com
2026-08-05T17:45:45Z,2026-08-05,19,45,Disneyland Park,Pirates' Beach,2704,OPERATING,STANDBY,0,,,queue-times.com
2026-08-05T17:45:45Z,2026-08-05,19,45,Disneyland Park,"Autopia, presented by Avis",4,OPERATING,STANDBY,35,,,queue-times.com
2026-08-05T17:45:45Z,2026-08-05,19,45,Disneyland Park,Buzz Lightyear Laser Blast,5,OPERATING,STANDBY,45,,,queue-times.com
2026-08-05T17:45:45Z,2026-08-05,19,45,Disneyland Park,Disneyland Railroad Discoveryland Station,2706,CLOSED,STANDBY,0,,,queue-times.com
2026-08-05T17:45:45Z,2026-08-05,19,45,Disneyland Park,Les Mystères du Nautilus,6,OPERATING,STANDBY,5,,,queue-times.com
2026-08-05T17:45:45Z,2026-08-05,19,45,Disneyland Park,Mickey’s PhilharMagic,2707,CLOSED,STANDBY,0,,,queue-times.com
2026-08-05T17:45:45Z,2026-08-05,19,45,Disneyland Park,Orbitron®,7,OPERATING,STANDBY,40,,,queue-times.com
2026-08-05T17:45:45Z,2026-08-05,19,45,Disneyland Park,Star Tours: The Adventures Continue*,9,OPERATING,STANDBY,5,,,queue-times.com
2026-08-05T17:45:45Z,2026-08-05,19,45,Disneyland Park,Star Wars Hyperspace Mountain,8,OPERATING,STANDBY,35,,,queue-times.com
2026-08-05T17:45:45Z,2026-08-05,19,45,Disneyland Park,Star Wars Hyperspace Mountain Single Rider,7278,OPERATING,STANDBY,0,,,queue-times.com
2026-08-05T17:45:45Z,2026-08-05,19,45,Disneyland Park,Welcome to Starport: A Star Wars Encounter,4573,CLOSED,STANDBY,0,,,queue-times.com
2026-08-05T17:45:45Z,2026-08-05,19,45,Disneyland Park,"""it's a small world""",19,OPERATING,STANDBY,5,,,queue-times.com
2026-08-05T17:45:45Z,2026-08-05,19,45,Disneyland Park,Alice's Curious Labyrinth,14,OPERATING,STANDBY,5,,,queue-times.com
2026-08-05T17:45:45Z,2026-08-05,19,45,Disneyland Park,Blanche-Neige et les Sept Nains®,15,OPERATING,STANDBY,30,,,queue-times.com
2026-08-05T17:45:45Z,2026-08-05,19,45,Disneyland Park,Casey Jr. – le Petit Train du Cirque,17,OPERATING,STANDBY,25,,,queue-times.com
2026-08-05T17:45:45Z,2026-08-05,19,45,Disneyland Park,Disneyland Railroad Fantasyland Station,2711,CLOSED,STANDBY,0,,,queue-times.com
2026-08-05T17:45:45Z,2026-08-05,19,45,Disneyland Park,Disneyland Railroad Main Street Station,11,OPERATING,STANDBY,20,,,queue-times.com
2026-08-05T17:45:45Z,2026-08-05,19,45,Disneyland Park,Dumbo the Flying Elephant,18,OPERATING,STANDBY,35,,,queue-times.com
2026-08-05T17:45:45Z,2026-08-05,19,45,Disneyland Park,La Tanière du Dragon,2710,OPERATING,STANDBY,0,,,queue-times.com
2026-08-05T17:45:45Z,2026-08-05,19,45,Disneyland Park,Le Carrousel de Lancelot,16,OPERATING,STANDBY,15,,,queue-times.com
2026-08-05T17:45:45Z,2026-08-05,19,45,Disneyland Park,"Le Pays des Contes de Fées, presented by Vittel",21,OPERATING,STANDBY,5,,,queue-times.com
2026-08-05T17:45:45Z,2026-08-05,19,45,Disneyland Park,Les Voyages de Pinocchio,23,OPERATING,STANDBY,15,,,queue-times.com
2026-08-05T17:45:45Z,2026-08-05,19,45,Disneyland Park,Mad Hatter's Tea Cups,20,OPERATING,STANDBY,5,,,queue-times.com
2026-08-05T17:45:45Z,2026-08-05,19,45,Disneyland Park,Meet Mickey Mouse,13,CLOSED,STANDBY,0,,,queue-times.com
2026-08-05T17:45:45Z,2026-08-05,19,45,Disneyland Park,Peter Pan's Flight,22,OPERATING,STANDBY,50,,,queue-times.com
2026-08-05T17:45:45Z,2026-08-05,19,45,Disneyland Park,Princess Pavilion,24,CLOSED,STANDBY,0,,,queue-times.com
2026-08-05T17:45:45Z,2026-08-05,19,45,Disneyland Park,Big Thunder Mountain,25,OPERATING,STANDBY,50,,,queue-times.com
2026-08-05T17:45:45Z,2026-08-05,19,45,Disneyland Park,Disneyland Railroad Frontierland Depot,2714,OPERATING,STANDBY,10,,,queue-times.com
2026-08-05T17:45:45Z,2026-08-05,19,45,Disneyland Park,Frontierland Playground,2713,OPERATING,STANDBY,0,,,queue-times.com
2026-08-05T17:45:45Z,2026-08-05,19,45,Disneyland Park,Phantom Manor,26,OPERATING,STANDBY,5,,,queue-times.com
2026-08-05T17:45:45Z,2026-08-05,19,45,Disneyland Park,River Rogue Keelboats,27,CLOSED,STANDBY,0,,,queue-times.com
2026-08-05T17:45:45Z,2026-08-05,19,45,Disneyland Park,Rustler Roundup Shootin' Gallery,2712,OPERATING,STANDBY,0,,,queue-times.com
2026-08-05T17:45:45Z,2026-08-05,19,45,Disneyland Park,Thunder Mesa Riverboat Landing,28,CLOSED,STANDBY,0,,,queue-times.com
2026-08-05T17:45:45Z,2026-08-05,19,45,Disneyland Park,Disneyland Railroad Main Street Station,2708,OPERATING,STANDBY,0,,,queue-times.com
2026-08-05T17:45:45Z,2026-08-05,19,45,Disneyland Park,Main Street Vehicles,12,CLOSED,STANDBY,0,,,queue-times.com
2026-08-05T17:45:45Z,2026-08-05,19,45,Disney Adventure World,Avengers Assemble: Flight Force,10848,OPERATING,STANDBY,15,,,queue-times.com
2026-08-05T17:45:45Z,2026-08-05,19,45,Disney Adventure World,Avengers Assemble: Flight Force Single Rider,10849,OPERATING,STANDBY,5,,,queue-times.com
2026-08-05T17:45:45Z,2026-08-05,19,45,Disney Adventure World,Spider-Man W.E.B. Adventure,10845,OPERATING,STANDBY,50,,,queue-times.com
2026-08-05T17:45:45Z,2026-08-05,19,45,Disney Adventure World,Spider-Man W.E.B. Adventure Single Rider,10846,OPERATING,STANDBY,20,,,queue-times.com
2026-08-05T17:45:45Z,2026-08-05,19,45,Disney Adventure World,The Twilight Zone Tower of Terror,40,OPERATING,STANDBY,25,,,queue-times.com
2026-08-05T17:45:45Z,2026-08-05,19,45,Disney Adventure World,Cars Quatre Roues Rallye,31,OPERATING,STANDBY,20,,,queue-times.com
2026-08-05T17:45:45Z,2026-08-05,19,45,Disney Adventure World,Cars ROAD TRIP,29,OPERATING,STANDBY,40,,,queue-times.com
2026-08-05T17:45:45Z,2026-08-05,19,45,Disney Adventure World,Crush's Coaster,32,OPERATING,STANDBY,100,,,queue-times.com
2026-08-05T17:45:45Z,2026-08-05,19,45,Disney Adventure World,Crush's Coaster Single Rider,7277,OPERATING,STANDBY,45,,,queue-times.com
2026-08-05T17:45:45Z,2026-08-05,19,45,Disney Adventure World,Les Tapis Volants - Flying Carpets Over Agrabah®,33,OPERATING,STANDBY,15,,,queue-times.com
2026-08-05T17:45:45Z,2026-08-05,19,45,Disney Adventure World,Ratatouille : L’Aventure Totalement Toquée de Rémy​,37,OPERATING,STANDBY,55,,,queue-times.com
2026-08-05T17:45:45Z,2026-08-05,19,45,Disney Adventure World,Ratatouille: The Adventure Single Rider,7279,OPERATING,STANDBY,20,,,queue-times.com
2026-08-05T17:45:45Z,2026-08-05,19,45,Disney Adventure World,RC Racer,34,OPERATING,STANDBY,40,,,queue-times.com
2026-08-05T17:45:45Z,2026-08-05,19,45,Disney Adventure World,RC Racer Single Rider,7280,OPERATING,STANDBY,35,,,queue-times.com
2026-08-05T17:45:45Z,2026-08-05,19,45,Disney Adventure World,Slinky® Dog Zigzag Spin,36,OPERATING,STANDBY,15,,,queue-times.com
2026-08-05T17:45:45Z,2026-08-05,19,45,Disney Adventure World,Toy Soldiers Parachute Drop,35,OPERATING,STANDBY,40,,,queue-times.com
2026-08-05T17:45:45Z,2026-08-05,19,45,Disney Adventure World,Toy Soldiers Parachute Drop Single Rider,7281,OPERATING,STANDBY,20,,,queue-times.com
2026-08-05T17:45:45Z,2026-08-05,19,45,Disney Adventure World,Entry to World of Frozen,16247,OPERATING,STANDBY,0,,,queue-times.com
2026-08-05T17:45:45Z,2026-08-05,19,45,Disney Adventure World,Frozen Ever After,15413,OPERATING,STANDBY,55,,,queue-times.com
2026-08-05T17:45:45Z,2026-08-05,19,45,Disney Adventure World,Raiponce Tangled Spin,15415,OPERATING,STANDBY,5,,,queue-times.com
2026-08-05T18:01:17Z,2026-08-05,20,1,Disneyland Park,Adventure Isle,2702,OPERATING,STANDBY,0,,,queue-times.com
2026-08-05T18:01:17Z,2026-08-05,20,1,Disneyland Park,Indiana Jones and the Temple of Peril Single Rider,7306,OPERATING,STANDBY,5,,,queue-times.com
2026-08-05T18:01:17Z,2026-08-05,20,1,Disneyland Park,Indiana Jones™ and the Temple of Peril,2,OPERATING,STANDBY,15,,,queue-times.com
2026-08-05T18:01:17Z,2026-08-05,20,1,Disneyland Park,La Cabane des Robinson,1,OPERATING,STANDBY,5,,,queue-times.com
2026-08-05T18:01:17Z,2026-08-05,20,1,Disneyland Park,Le Passage Enchanté d'Aladdin,2703,OPERATING,STANDBY,0,,,queue-times.com
2026-08-05T18:01:17Z,2026-08-05,20,1,Disneyland Park,Pirate Galleon,2705,CLOSED,STANDBY,0,,,queue-times.com
2026-08-05T18:01:17Z,2026-08-05,20,1,Disneyland Park,Pirates of the Caribbean,3,OPERATING,STANDBY,10,,,queue-times.com
2026-08-05T18:01:17Z,2026-08-05,20,1,Disneyland Park,Pirates' Beach,2704,OPERATING,STANDBY,0,,,queue-times.com
2026-08-05T18:01:17Z,2026-08-05,20,1,Disneyland Park,"Autopia, presented by Avis",4,OPERATING,STANDBY,60,,,queue-times.com
2026-08-05T18:01:17Z,2026-08-05,20,1,Disneyland Park,Buzz Lightyear Laser Blast,5,OPERATING,STANDBY,35,,,queue-times.com
2026-08-05T18:01:17Z,2026-08-05,20,1,Disneyland Park,Disneyland Railroad Discoveryland Station,2706,CLOSED,STANDBY,0,,,queue-times.com
2026-08-05T18:01:17Z,2026-08-05,20,1,Disneyland Park,Les Mystères du Nautilus,6,OPERATING,STANDBY,5,,,queue-times.com
2026-08-05T18:01:17Z,2026-08-05,20,1,Disneyland Park,Mickey’s PhilharMagic,2707,CLOSED,STANDBY,0,,,queue-times.com
2026-08-05T18:01:17Z,2026-08-05,20,1,Disneyland Park,Orbitron®,7,OPERATING,STANDBY,50,,,queue-times.com
2026-08-05T18:01:17Z,2026-08-05,20,1,Disneyland Park,Star Tours: The Adventures Continue*,9,OPERATING,STANDBY,10,,,queue-times.com
2026-08-05T18:01:17Z,2026-08-05,20,1,Disneyland Park,Star Wars Hyperspace Mountain,8,OPERATING,STANDBY,30,,,queue-times.com
2026-08-05T18:01:17Z,2026-08-05,20,1,Disneyland Park,Star Wars Hyperspace Mountain Single Rider,7278,OPERATING,STANDBY,0,,,queue-times.com
2026-08-05T18:01:17Z,2026-08-05,20,1,Disneyland Park,Welcome to Starport: A Star Wars Encounter,4573,CLOSED,STANDBY,0,,,queue-times.com
2026-08-05T18:01:17Z,2026-08-05,20,1,Disneyland Park,"""it's a small world""",19,OPERATING,STANDBY,5,,,queue-times.com
2026-08-05T18:01:17Z,2026-08-05,20,1,Disneyland Park,Alice's Curious Labyrinth,14,OPERATING,STANDBY,5,,,queue-times.com
2026-08-05T18:01:17Z,2026-08-05,20,1,Disneyland Park,Blanche-Neige et les Sept Nains®,15,OPERATING,STANDBY,30,,,queue-times.com
2026-08-05T18:01:17Z,2026-08-05,20,1,Disneyland Park,Casey Jr. – le Petit Train du Cirque,17,OPERATING,STANDBY,25,,,queue-times.com
2026-08-05T18:01:17Z,2026-08-05,20,1,Disneyland Park,Disneyland Railroad Fantasyland Station,2711,CLOSED,STANDBY,0,,,queue-times.com
2026-08-05T18:01:17Z,2026-08-05,20,1,Disneyland Park,Disneyland Railroad Main Street Station,11,CLOSED,STANDBY,0,,,queue-times.com
2026-08-05T18:01:17Z,2026-08-05,20,1,Disneyland Park,Dumbo the Flying Elephant,18,OPERATING,STANDBY,35,,,queue-times.com
2026-08-05T18:01:17Z,2026-08-05,20,1,Disneyland Park,La Tanière du Dragon,2710,OPERATING,STANDBY,0,,,queue-times.com
2026-08-05T18:01:17Z,2026-08-05,20,1,Disneyland Park,Le Carrousel de Lancelot,16,OPERATING,STANDBY,15,,,queue-times.com
2026-08-05T18:01:17Z,2026-08-05,20,1,Disneyland Park,"Le Pays des Contes de Fées, presented by Vittel",21,OPERATING,STANDBY,5,,,queue-times.com
2026-08-05T18:01:17Z,2026-08-05,20,1,Disneyland Park,Les Voyages de Pinocchio,23,OPERATING,STANDBY,15,,,queue-times.com
2026-08-05T18:01:17Z,2026-08-05,20,1,Disneyland Park,Mad Hatter's Tea Cups,20,OPERATING,STANDBY,5,,,queue-times.com
2026-08-05T18:01:17Z,2026-08-05,20,1,Disneyland Park,Meet Mickey Mouse,13,CLOSED,STANDBY,0,,,queue-times.com
2026-08-05T18:01:17Z,2026-08-05,20,1,Disneyland Park,Peter Pan's Flight,22,OPERATING,STANDBY,75,,,queue-times.com
2026-08-05T18:01:17Z,2026-08-05,20,1,Disneyland Park,Princess Pavilion,24,CLOSED,STANDBY,0,,,queue-times.com
2026-08-05T18:01:17Z,2026-08-05,20,1,Disneyland Park,Big Thunder Mountain,25,OPERATING,STANDBY,50,,,queue-times.com
2026-08-05T18:01:17Z,2026-08-05,20,1,Disneyland Park,Disneyland Railroad Frontierland Depot,2714,CLOSED,STANDBY,0,,,queue-times.com
2026-08-05T18:01:17Z,2026-08-05,20,1,Disneyland Park,Frontierland Playground,2713,OPERATING,STANDBY,0,,,queue-times.com
2026-08-05T18:01:17Z,2026-08-05,20,1,Disneyland Park,Phantom Manor,26,OPERATING,STANDBY,5,,,queue-times.com
2026-08-05T18:01:17Z,2026-08-05,20,1,Disneyland Park,River Rogue Keelboats,27,CLOSED,STANDBY,0,,,queue-times.com
2026-08-05T18:01:17Z,2026-08-05,20,1,Disneyland Park,Rustler Roundup Shootin' Gallery,2712,OPERATING,STANDBY,0,,,queue-times.com
2026-08-05T18:01:17Z,2026-08-05,20,1,Disneyland Park,Thunder Mesa Riverboat Landing,28,CLOSED,STANDBY,0,,,queue-times.com
2026-08-05T18:01:17Z,2026-08-05,20,1,Disneyland Park,Disneyland Railroad Main Street Station,2708,CLOSED,STANDBY,0,,,queue-times.com
2026-08-05T18:01:17Z,2026-08-05,20,1,Disneyland Park,Main Street Vehicles,12,CLOSED,STANDBY,0,,,queue-times.com
2026-08-05T18:01:17Z,2026-08-05,20,1,Disney Adventure World,Avengers Assemble: Flight Force,10848,OPERATING,STANDBY,10,,,queue-times.com
2026-08-05T18:01:17Z,2026-08-05,20,1,Disney Adventure World,Avengers Assemble: Flight Force Single Rider,10849,OPERATING,STANDBY,5,,,queue-times.com
2026-08-05T18:01:17Z,2026-08-05,20,1,Disney Adventure World,Spider-Man W.E.B. Adventure,10845,OPERATING,STANDBY,50,,,queue-times.com
2026-08-05T18:01:17Z,2026-08-05,20,1,Disney Adventure World,Spider-Man W.E.B. Adventure Single Rider,10846,OPERATING,STANDBY,15,,,queue-times.com
2026-08-05T18:01:17Z,2026-08-05,20,1,Disney Adventure World,The Twilight Zone Tower of Terror,40,OPERATING,STANDBY,10,,,queue-times.com
2026-08-05T18:01:17Z,2026-08-05,20,1,Disney Adventure World,Cars Quatre Roues Rallye,31,OPERATING,STANDBY,10,,,queue-times.com
2026-08-05T18:01:17Z,2026-08-05,20,1,Disney Adventure World,Cars ROAD TRIP,29,OPERATING,STANDBY,10,,,queue-times.com
2026-08-05T18:01:17Z,2026-08-05,20,1,Disney Adventure World,Crush's Coaster,32,OPERATING,STANDBY,60,,,queue-times.com
2026-08-05T18:01:17Z,2026-08-05,20,1,Disney Adventure World,Crush's Coaster Single Rider,7277,OPERATING,STANDBY,40,,,queue-times.com
2026-08-05T18:01:17Z,2026-08-05,20,1,Disney Adventure World,Les Tapis Volants - Flying Carpets Over Agrabah®,33,OPERATING,STANDBY,5,,,queue-times.com
2026-08-05T18:01:17Z,2026-08-05,20,1,Disney Adventure World,Ratatouille : L’Aventure Totalement Toquée de Rémy​,37,OPERATING,STANDBY,45,,,queue-times.com
2026-08-05T18:01:17Z,2026-08-05,20,1,Disney Adventure World,Ratatouille: The Adventure Single Rider,7279,OPERATING,STANDBY,20,,,queue-times.com
2026-08-05T18:01:17Z,2026-08-05,20,1,Disney Adventure World,RC Racer,34,OPERATING,STANDBY,35,,,queue-times.com
2026-08-05T18:01:17Z,2026-08-05,20,1,Disney Adventure World,RC Racer Single Rider,7280,OPERATING,STANDBY,30,,,queue-times.com
2026-08-05T18:01:17Z,2026-08-05,20,1,Disney Adventure World,Slinky® Dog Zigzag Spin,36,OPERATING,STANDBY,20,,,queue-times.com
2026-08-05T18:01:17Z,2026-08-05,20,1,Disney Adventure World,Toy Soldiers Parachute Drop,35,OPERATING,STANDBY,40,,,queue-times.com
2026-08-05T18:01:17Z,2026-08-05,20,1,Disney Adventure World,Toy Soldiers Parachute Drop Single Rider,7281,OPERATING,STANDBY,35,,,queue-times.com
2026-08-05T18:01:17Z,2026-08-05,20,1,Disney Adventure World,Entry to World of Frozen,16247,OPERATING,STANDBY,0,,,queue-times.com
2026-08-05T18:01:17Z,2026-08-05,20,1,Disney Adventure World,Frozen Ever After,15413,OPERATING,STANDBY,45,,,queue-times.com
2026-08-05T18:01:17Z,2026-08-05,20,1,Disney Adventure World,Raiponce Tangled Spin,15415,OPERATING,STANDBY,5,,,queue-times.com
2026-08-05T18:15:55Z,2026-08-05,20,15,Disneyland Park,Adventure Isle,2702,OPERATING,STANDBY,0,,,queue-times.com
2026-08-05T18:15:55Z,2026-08-05,20,15,Disneyland Park,Indiana Jones and the Temple of Peril Single Rider,7306,OPERATING,STANDBY,5,,,queue-times.com
2026-08-05T18:15:55Z,2026-08-05,20,15,Disneyland Park,Indiana Jones™ and the Temple of Peril,2,OPERATING,STANDBY,10,,,queue-times.com
2026-08-05T18:15:55Z,2026-08-05,20,15,Disneyland Park,La Cabane des Robinson,1,OPERATING,STANDBY,5,,,queue-times.com
2026-08-05T18:15:55Z,2026-08-05,20,15,Disneyland Park,Le Passage Enchanté d'Aladdin,2703,OPERATING,STANDBY,0,,,queue-times.com
2026-08-05T18:15:55Z,2026-08-05,20,15,Disneyland Park,Pirate Galleon,2705,CLOSED,STANDBY,0,,,queue-times.com
2026-08-05T18:15:55Z,2026-08-05,20,15,Disneyland Park,Pirates of the Caribbean,3,OPERATING,STANDBY,10,,,queue-times.com
2026-08-05T18:15:55Z,2026-08-05,20,15,Disneyland Park,Pirates' Beach,2704,OPERATING,STANDBY,0,,,queue-times.com
2026-08-05T18:15:55Z,2026-08-05,20,15,Disneyland Park,"Autopia, presented by Avis",4,OPERATING,STANDBY,50,,,queue-times.com
2026-08-05T18:15:55Z,2026-08-05,20,15,Disneyland Park,Buzz Lightyear Laser Blast,5,OPERATING,STANDBY,30,,,queue-times.com
2026-08-05T18:15:55Z,2026-08-05,20,15,Disneyland Park,Disneyland Railroad Discoveryland Station,2706,CLOSED,STANDBY,0,,,queue-times.com
2026-08-05T18:15:55Z,2026-08-05,20,15,Disneyland Park,Les Mystères du Nautilus,6,OPERATING,STANDBY,5,,,queue-times.com
2026-08-05T18:15:55Z,2026-08-05,20,15,Disneyland Park,Mickey’s PhilharMagic,2707,CLOSED,STANDBY,0,,,queue-times.com
2026-08-05T18:15:55Z,2026-08-05,20,15,Disneyland Park,Orbitron®,7,OPERATING,STANDBY,50,,,queue-times.com
2026-08-05T18:15:55Z,2026-08-05,20,15,Disneyland Park,Star Tours: The Adventures Continue*,9,OPERATING,STANDBY,5,,,queue-times.com
2026-08-05T18:15:55Z,2026-08-05,20,15,Disneyland Park,Star Wars Hyperspace Mountain,8,OPERATING,STANDBY,25,,,queue-times.com
2026-08-05T18:15:55Z,2026-08-05,20,15,Disneyland Park,Star Wars Hyperspace Mountain Single Rider,7278,OPERATING,STANDBY,0,,,queue-times.com
2026-08-05T18:15:55Z,2026-08-05,20,15,Disneyland Park,Welcome to Starport: A Star Wars Encounter,4573,CLOSED,STANDBY,0,,,queue-times.com
2026-08-05T18:15:55Z,2026-08-05,20,15,Disneyland Park,"""it's a small world""",19,OPERATING,STANDBY,5,,,queue-times.com
2026-08-05T18:15:55Z,2026-08-05,20,15,Disneyland Park,Alice's Curious Labyrinth,14,OPERATING,STANDBY,5,,,queue-times.com
2026-08-05T18:15:55Z,2026-08-05,20,15,Disneyland Park,Blanche-Neige et les Sept Nains®,15,OPERATING,STANDBY,30,,,queue-times.com
2026-08-05T18:15:55Z,2026-08-05,20,15,Disneyland Park,Casey Jr. – le Petit Train du Cirque,17,OPERATING,STANDBY,35,,,queue-times.com
2026-08-05T18:15:55Z,2026-08-05,20,15,Disneyland Park,Disneyland Railroad Fantasyland Station,2711,CLOSED,STANDBY,0,,,queue-times.com
2026-08-05T18:15:55Z,2026-08-05,20,15,Disneyland Park,Disneyland Railroad Main Street Station,11,CLOSED,STANDBY,0,,,queue-times.com
2026-08-05T18:15:55Z,2026-08-05,20,15,Disneyland Park,Dumbo the Flying Elephant,18,OPERATING,STANDBY,35,,,queue-times.com
2026-08-05T18:15:55Z,2026-08-05,20,15,Disneyland Park,La Tanière du Dragon,2710,OPERATING,STANDBY,0,,,queue-times.com
2026-08-05T18:15:55Z,2026-08-05,20,15,Disneyland Park,Le Carrousel de Lancelot,16,OPERATING,STANDBY,15,,,queue-times.com
2026-08-05T18:15:55Z,2026-08-05,20,15,Disneyland Park,"Le Pays des Contes de Fées, presented by Vittel",21,OPERATING,STANDBY,5,,,queue-times.com
2026-08-05T18:15:55Z,2026-08-05,20,15,Disneyland Park,Les Voyages de Pinocchio,23,OPERATING,STANDBY,25,,,queue-times.com
2026-08-05T18:15:55Z,2026-08-05,20,15,Disneyland Park,Mad Hatter's Tea Cups,20,OPERATING,STANDBY,5,,,queue-times.com
2026-08-05T18:15:55Z,2026-08-05,20,15,Disneyland Park,Meet Mickey Mouse,13,CLOSED,STANDBY,0,,,queue-times.com
2026-08-05T18:15:55Z,2026-08-05,20,15,Disneyland Park,Peter Pan's Flight,22,OPERATING,STANDBY,75,,,queue-times.com
2026-08-05T18:15:55Z,2026-08-05,20,15,Disneyland Park,Princess Pavilion,24,CLOSED,STANDBY,0,,,queue-times.com
2026-08-05T18:15:55Z,2026-08-05,20,15,Disneyland Park,Big Thunder Mountain,25,OPERATING,STANDBY,95,,,queue-times.com
2026-08-05T18:15:55Z,2026-08-05,20,15,Disneyland Park,Disneyland Railroad Frontierland Depot,2714,CLOSED,STANDBY,0,,,queue-times.com
2026-08-05T18:15:55Z,2026-08-05,20,15,Disneyland Park,Frontierland Playground,2713,OPERATING,STANDBY,0,,,queue-times.com
2026-08-05T18:15:55Z,2026-08-05,20,15,Disneyland Park,Phantom Manor,26,OPERATING,STANDBY,5,,,queue-times.com
2026-08-05T18:15:55Z,2026-08-05,20,15,Disneyland Park,River Rogue Keelboats,27,CLOSED,STANDBY,0,,,queue-times.com
2026-08-05T18:15:55Z,2026-08-05,20,15,Disneyland Park,Rustler Roundup Shootin' Gallery,2712,OPERATING,STANDBY,0,,,queue-times.com
2026-08-05T18:15:55Z,2026-08-05,20,15,Disneyland Park,Thunder Mesa Riverboat Landing,28,CLOSED,STANDBY,0,,,queue-times.com
2026-08-05T18:15:55Z,2026-08-05,20,15,Disneyland Park,Disneyland Railroad Main Street Station,2708,CLOSED,STANDBY,0,,,queue-times.com
2026-08-05T18:15:55Z,2026-08-05,20,15,Disneyland Park,Main Street Vehicles,12,CLOSED,STANDBY,0,,,queue-times.com
2026-08-05T18:15:55Z,2026-08-05,20,15,Disney Adventure World,Avengers Assemble: Flight Force,10848,OPERATING,STANDBY,5,,,queue-times.com
2026-08-05T18:15:55Z,2026-08-05,20,15,Disney Adventure World,Avengers Assemble: Flight Force Single Rider,10849,OPERATING,STANDBY,5,,,queue-times.com
2026-08-05T18:15:55Z,2026-08-05,20,15,Disney Adventure World,Spider-Man W.E.B. Adventure,10845,OPERATING,STANDBY,40,,,queue-times.com
2026-08-05T18:15:55Z,2026-08-05,20,15,Disney Adventure World,Spider-Man W.E.B. Adventure Single Rider,10846,OPERATING,STANDBY,15,,,queue-times.com
2026-08-05T18:15:55Z,2026-08-05,20,15,Disney Adventure World,The Twilight Zone Tower of Terror,40,OPERATING,STANDBY,15,,,queue-times.com
2026-08-05T18:15:55Z,2026-08-05,20,15,Disney Adventure World,Cars Quatre Roues Rallye,31,OPERATING,STANDBY,10,,,queue-times.com
2026-08-05T18:15:55Z,2026-08-05,20,15,Disney Adventure World,Cars ROAD TRIP,29,OPERATING,STANDBY,5,,,queue-times.com
2026-08-05T18:15:55Z,2026-08-05,20,15,Disney Adventure World,Crush's Coaster,32,OPERATING,STANDBY,60,,,queue-times.com
2026-08-05T18:15:55Z,2026-08-05,20,15,Disney Adventure World,Crush's Coaster Single Rider,7277,OPERATING,STANDBY,50,,,queue-times.com
2026-08-05T18:15:55Z,2026-08-05,20,15,Disney Adventure World,Les Tapis Volants - Flying Carpets Over Agrabah®,33,OPERATING,STANDBY,5,,,queue-times.com
2026-08-05T18:15:55Z,2026-08-05,20,15,Disney Adventure World,Ratatouille : L’Aventure Totalement Toquée de Rémy​,37,OPERATING,STANDBY,45,,,queue-times.com
2026-08-05T18:15:55Z,2026-08-05,20,15,Disney Adventure World,Ratatouille: The Adventure Single Rider,7279,OPERATING,STANDBY,15,,,queue-times.com
2026-08-05T18:15:55Z,2026-08-05,20,15,Disney Adventure World,RC Racer,34,OPERATING,STANDBY,40,,,queue-times.com
2026-08-05T18:15:55Z,2026-08-05,20,15,Disney Adventure World,RC Racer Single Rider,7280,OPERATING,STANDBY,35,,,queue-times.com
2026-08-05T18:15:55Z,2026-08-05,20,15,Disney Adventure World,Slinky® Dog Zigzag Spin,36,OPERATING,STANDBY,10,,,queue-times.com
2026-08-05T18:15:55Z,2026-08-05,20,15,Disney Adventure World,Toy Soldiers Parachute Drop,35,OPERATING,STANDBY,40,,,queue-times.com
2026-08-05T18:15:55Z,2026-08-05,20,15,Disney Adventure World,Toy Soldiers Parachute Drop Single Rider,7281,OPERATING,STANDBY,20,,,queue-times.com
2026-08-05T18:15:55Z,2026-08-05,20,15,Disney Adventure World,Entry to World of Frozen,16247,OPERATING,STANDBY,0,,,queue-times.com
2026-08-05T18:15:55Z,2026-08-05,20,15,Disney Adventure World,Frozen Ever After,15413,OPERATING,STANDBY,50,,,queue-times.com
2026-08-05T18:15:55Z,2026-08-05,20,15,Disney Adventure World,Raiponce Tangled Spin,15415,OPERATING,STANDBY,5,,,queue-times.com
2026-08-05T18:31:17Z,2026-08-05,20,31,Disneyland Park,Adventure Isle,2702,OPERATING,STANDBY,0,,,queue-times.com
2026-08-05T18:31:17Z,2026-08-05,20,31,Disneyland Park,Indiana Jones and the Temple of Peril Single Rider,7306,OPERATING,STANDBY,5,,,queue-times.com
2026-08-05T18:31:17Z,2026-08-05,20,31,Disneyland Park,Indiana Jones™ and the Temple of Peril,2,OPERATING,STANDBY,10,,,queue-times.com
2026-08-05T18:31:17Z,2026-08-05,20,31,Disneyland Park,La Cabane des Robinson,1,OPERATING,STANDBY,5,,,queue-times.com
2026-08-05T18:31:17Z,2026-08-05,20,31,Disneyland Park,Le Passage Enchanté d'Aladdin,2703,OPERATING,STANDBY,0,,,queue-times.com
2026-08-05T18:31:17Z,2026-08-05,20,31,Disneyland Park,Pirate Galleon,2705,CLOSED,STANDBY,0,,,queue-times.com
2026-08-05T18:31:17Z,2026-08-05,20,31,Disneyland Park,Pirates of the Caribbean,3,OPERATING,STANDBY,10,,,queue-times.com
2026-08-05T18:31:17Z,2026-08-05,20,31,Disneyland Park,Pirates' Beach,2704,OPERATING,STANDBY,0,,,queue-times.com
2026-08-05T18:31:17Z,2026-08-05,20,31,Disneyland Park,"Autopia, presented by Avis",4,OPERATING,STANDBY,35,,,queue-times.com
2026-08-05T18:31:17Z,2026-08-05,20,31,Disneyland Park,Buzz Lightyear Laser Blast,5,OPERATING,STANDBY,40,,,queue-times.com
2026-08-05T18:31:17Z,2026-08-05,20,31,Disneyland Park,Disneyland Railroad Discoveryland Station,2706,CLOSED,STANDBY,0,,,queue-times.com
2026-08-05T18:31:17Z,2026-08-05,20,31,Disneyland Park,Les Mystères du Nautilus,6,OPERATING,STANDBY,5,,,queue-times.com
2026-08-05T18:31:17Z,2026-08-05,20,31,Disneyland Park,Mickey’s PhilharMagic,2707,CLOSED,STANDBY,0,,,queue-times.com
2026-08-05T18:31:17Z,2026-08-05,20,31,Disneyland Park,Orbitron®,7,OPERATING,STANDBY,45,,,queue-times.com
2026-08-05T18:31:17Z,2026-08-05,20,31,Disneyland Park,Star Tours: The Adventures Continue*,9,OPERATING,STANDBY,5,,,queue-times.com
2026-08-05T18:31:17Z,2026-08-05,20,31,Disneyland Park,Star Wars Hyperspace Mountain,8,OPERATING,STANDBY,30,,,queue-times.com
2026-08-05T18:31:17Z,2026-08-05,20,31,Disneyland Park,Star Wars Hyperspace Mountain Single Rider,7278,OPERATING,STANDBY,0,,,queue-times.com
2026-08-05T18:31:17Z,2026-08-05,20,31,Disneyland Park,Welcome to Starport: A Star Wars Encounter,4573,CLOSED,STANDBY,0,,,queue-times.com
2026-08-05T18:31:17Z,2026-08-05,20,31,Disneyland Park,"""it's a small world""",19,OPERATING,STANDBY,5,,,queue-times.com
2026-08-05T18:31:17Z,2026-08-05,20,31,Disneyland Park,Alice's Curious Labyrinth,14,OPERATING,STANDBY,5,,,queue-times.com
2026-08-05T18:31:17Z,2026-08-05,20,31,Disneyland Park,Blanche-Neige et les Sept Nains®,15,OPERATING,STANDBY,10,,,queue-times.com
2026-08-05T18:31:17Z,2026-08-05,20,31,Disneyland Park,Casey Jr. – le Petit Train du Cirque,17,OPERATING,STANDBY,35,,,queue-times.com
2026-08-05T18:31:17Z,2026-08-05,20,31,Disneyland Park,Disneyland Railroad Fantasyland Station,2711,CLOSED,STANDBY,0,,,queue-times.com
2026-08-05T18:31:17Z,2026-08-05,20,31,Disneyland Park,Disneyland Railroad Main Street Station,11,CLOSED,STANDBY,0,,,queue-times.com
2026-08-05T18:31:17Z,2026-08-05,20,31,Disneyland Park,Dumbo the Flying Elephant,18,OPERATING,STANDBY,35,,,queue-times.com
2026-08-05T18:31:17Z,2026-08-05,20,31,Disneyland Park,La Tanière du Dragon,2710,OPERATING,STANDBY,0,,,queue-times.com
2026-08-05T18:31:17Z,2026-08-05,20,31,Disneyland Park,Le Carrousel de Lancelot,16,OPERATING,STANDBY,15,,,queue-times.com
2026-08-05T18:31:17Z,2026-08-05,20,31,Disneyland Park,"Le Pays des Contes de Fées, presented by Vittel",21,OPERATING,STANDBY,5,,,queue-times.com
2026-08-05T18:31:17Z,2026-08-05,20,31,Disneyland Park,Les Voyages de Pinocchio,23,OPERATING,STANDBY,25,,,queue-times.com
2026-08-05T18:31:17Z,2026-08-05,20,31,Disneyland Park,Mad Hatter's Tea Cups,20,OPERATING,STANDBY,5,,,queue-times.com
2026-08-05T18:31:17Z,2026-08-05,20,31,Disneyland Park,Meet Mickey Mouse,13,CLOSED,STANDBY,0,,,queue-times.com
2026-08-05T18:31:17Z,2026-08-05,20,31,Disneyland Park,Peter Pan's Flight,22,OPERATING,STANDBY,70,,,queue-times.com
2026-08-05T18:31:17Z,2026-08-05,20,31,Disneyland Park,Princess Pavilion,24,CLOSED,STANDBY,0,,,queue-times.com
2026-08-05T18:31:17Z,2026-08-05,20,31,Disneyland Park,Big Thunder Mountain,25,OPERATING,STANDBY,95,,,queue-times.com
2026-08-05T18:31:17Z,2026-08-05,20,31,Disneyland Park,Disneyland Railroad Frontierland Depot,2714,CLOSED,STANDBY,0,,,queue-times.com
2026-08-05T18:31:17Z,2026-08-05,20,31,Disneyland Park,Frontierland Playground,2713,OPERATING,STANDBY,0,,,queue-times.com
2026-08-05T18:31:17Z,2026-08-05,20,31,Disneyland Park,Phantom Manor,26,OPERATING,STANDBY,5,,,queue-times.com
2026-08-05T18:31:17Z,2026-08-05,20,31,Disneyland Park,River Rogue Keelboats,27,CLOSED,STANDBY,0,,,queue-times.com
2026-08-05T18:31:17Z,2026-08-05,20,31,Disneyland Park,Rustler Roundup Shootin' Gallery,2712,OPERATING,STANDBY,0,,,queue-times.com
2026-08-05T18:31:17Z,2026-08-05,20,31,Disneyland Park,Thunder Mesa Riverboat Landing,28,CLOSED,STANDBY,0,,,queue-times.com
2026-08-05T18:31:17Z,2026-08-05,20,31,Disneyland Park,Disneyland Railroad Main Street Station,2708,CLOSED,STANDBY,0,,,queue-times.com
2026-08-05T18:31:17Z,2026-08-05,20,31,Disneyland Park,Main Street Vehicles,12,CLOSED,STANDBY,0,,,queue-times.com
2026-08-05T18:31:17Z,2026-08-05,20,31,Disney Adventure World,Avengers Assemble: Flight Force,10848,OPERATING,STANDBY,5,,,queue-times.com
2026-08-05T18:31:17Z,2026-08-05,20,31,Disney Adventure World,Avengers Assemble: Flight Force Single Rider,10849,OPERATING,STANDBY,5,,,queue-times.com
2026-08-05T18:31:17Z,2026-08-05,20,31,Disney Adventure World,Spider-Man W.E.B. Adventure,10845,OPERATING,STANDBY,30,,,queue-times.com
2026-08-05T18:31:17Z,2026-08-05,20,31,Disney Adventure World,Spider-Man W.E.B. Adventure Single Rider,10846,OPERATING,STANDBY,15,,,queue-times.com
2026-08-05T18:31:17Z,2026-08-05,20,31,Disney Adventure World,The Twilight Zone Tower of Terror,40,OPERATING,STANDBY,10,,,queue-times.com
2026-08-05T18:31:17Z,2026-08-05,20,31,Disney Adventure World,Cars Quatre Roues Rallye,31,OPERATING,STANDBY,10,,,queue-times.com
2026-08-05T18:31:17Z,2026-08-05,20,31,Disney Adventure World,Cars ROAD TRIP,29,OPERATING,STANDBY,5,,,queue-times.com
2026-08-05T18:31:17Z,2026-08-05,20,31,Disney Adventure World,Crush's Coaster,32,OPERATING,STANDBY,65,,,queue-times.com
2026-08-05T18:31:17Z,2026-08-05,20,31,Disney Adventure World,Crush's Coaster Single Rider,7277,OPERATING,STANDBY,50,,,queue-times.com
2026-08-05T18:31:17Z,2026-08-05,20,31,Disney Adventure World,Les Tapis Volants - Flying Carpets Over Agrabah®,33,OPERATING,STANDBY,15,,,queue-times.com
2026-08-05T18:31:17Z,2026-08-05,20,31,Disney Adventure World,Ratatouille : L’Aventure Totalement Toquée de Rémy​,37,OPERATING,STANDBY,35,,,queue-times.com
2026-08-05T18:31:17Z,2026-08-05,20,31,Disney Adventure World,Ratatouille: The Adventure Single Rider,7279,OPERATING,STANDBY,5,,,queue-times.com
2026-08-05T18:31:17Z,2026-08-05,20,31,Disney Adventure World,RC Racer,34,OPERATING,STANDBY,35,,,queue-times.com
2026-08-05T18:31:17Z,2026-08-05,20,31,Disney Adventure World,RC Racer Single Rider,7280,OPERATING,STANDBY,20,,,queue-times.com
2026-08-05T18:31:17Z,2026-08-05,20,31,Disney Adventure World,Slinky® Dog Zigzag Spin,36,OPERATING,STANDBY,10,,,queue-times.com
2026-08-05T18:31:17Z,2026-08-05,20,31,Disney Adventure World,Toy Soldiers Parachute Drop,35,OPERATING,STANDBY,40,,,queue-times.com
2026-08-05T18:31:17Z,2026-08-05,20,31,Disney Adventure World,Toy Soldiers Parachute Drop Single Rider,7281,OPERATING,STANDBY,15,,,queue-times.com
2026-08-05T18:31:17Z,2026-08-05,20,31,Disney Adventure World,Entry to World of Frozen,16247,OPERATING,STANDBY,0,,,queue-times.com
2026-08-05T18:31:17Z,2026-08-05,20,31,Disney Adventure World,Frozen Ever After,15413,OPERATING,STANDBY,55,,,queue-times.com
2026-08-05T18:31:17Z,2026-08-05,20,31,Disney Adventure World,Raiponce Tangled Spin,15415,OPERATING,STANDBY,5,,,queue-times.com
2026-08-05T18:45:55Z,2026-08-05,20,45,Disneyland Park,Adventure Isle,2702,OPERATING,STANDBY,0,,,queue-times.com
2026-08-05T18:45:55Z,2026-08-05,20,45,Disneyland Park,Indiana Jones and the Temple of Peril Single Rider,7306,OPERATING,STANDBY,5,,,queue-times.com
2026-08-05T18:45:55Z,2026-08-05,20,45,Disneyland Park,Indiana Jones™ and the Temple of Peril,2,OPERATING,STANDBY,10,,,queue-times.com
2026-08-05T18:45:55Z,2026-08-05,20,45,Disneyland Park,La Cabane des Robinson,1,OPERATING,STANDBY,5,,,queue-times.com
2026-08-05T18:45:55Z,2026-08-05,20,45,Disneyland Park,Le Passage Enchanté d'Aladdin,2703,OPERATING,STANDBY,0,,,queue-times.com
2026-08-05T18:45:55Z,2026-08-05,20,45,Disneyland Park,Pirate Galleon,2705,CLOSED,STANDBY,0,,,queue-times.com
2026-08-05T18:45:55Z,2026-08-05,20,45,Disneyland Park,Pirates of the Caribbean,3,OPERATING,STANDBY,15,,,queue-times.com
2026-08-05T18:45:55Z,2026-08-05,20,45,Disneyland Park,Pirates' Beach,2704,OPERATING,STANDBY,0,,,queue-times.com
2026-08-05T18:45:55Z,2026-08-05,20,45,Disneyland Park,"Autopia, presented by Avis",4,OPERATING,STANDBY,30,,,queue-times.com
2026-08-05T18:45:55Z,2026-08-05,20,45,Disneyland Park,Buzz Lightyear Laser Blast,5,OPERATING,STANDBY,25,,,queue-times.com
2026-08-05T18:45:55Z,2026-08-05,20,45,Disneyland Park,Disneyland Railroad Discoveryland Station,2706,CLOSED,STANDBY,0,,,queue-times.com
2026-08-05T18:45:55Z,2026-08-05,20,45,Disneyland Park,Les Mystères du Nautilus,6,OPERATING,STANDBY,5,,,queue-times.com
2026-08-05T18:45:55Z,2026-08-05,20,45,Disneyland Park,Mickey’s PhilharMagic,2707,CLOSED,STANDBY,0,,,queue-times.com
2026-08-05T18:45:55Z,2026-08-05,20,45,Disneyland Park,Orbitron®,7,OPERATING,STANDBY,45,,,queue-times.com
2026-08-05T18:45:55Z,2026-08-05,20,45,Disneyland Park,Star Tours: The Adventures Continue*,9,OPERATING,STANDBY,5,,,queue-times.com
2026-08-05T18:45:55Z,2026-08-05,20,45,Disneyland Park,Star Wars Hyperspace Mountain,8,OPERATING,STANDBY,30,,,queue-times.com
2026-08-05T18:45:55Z,2026-08-05,20,45,Disneyland Park,Star Wars Hyperspace Mountain Single Rider,7278,OPERATING,STANDBY,0,,,queue-times.com
2026-08-05T18:45:55Z,2026-08-05,20,45,Disneyland Park,Welcome to Starport: A Star Wars Encounter,4573,CLOSED,STANDBY,0,,,queue-times.com
2026-08-05T18:45:55Z,2026-08-05,20,45,Disneyland Park,"""it's a small world""",19,OPERATING,STANDBY,5,,,queue-times.com
2026-08-05T18:45:55Z,2026-08-05,20,45,Disneyland Park,Alice's Curious Labyrinth,14,OPERATING,STANDBY,5,,,queue-times.com
2026-08-05T18:45:55Z,2026-08-05,20,45,Disneyland Park,Blanche-Neige et les Sept Nains®,15,OPERATING,STANDBY,10,,,queue-times.com
2026-08-05T18:45:55Z,2026-08-05,20,45,Disneyland Park,Casey Jr. – le Petit Train du Cirque,17,OPERATING,STANDBY,25,,,queue-times.com
2026-08-05T18:45:55Z,2026-08-05,20,45,Disneyland Park,Disneyland Railroad Fantasyland Station,2711,CLOSED,STANDBY,0,,,queue-times.com
2026-08-05T18:45:55Z,2026-08-05,20,45,Disneyland Park,Disneyland Railroad Main Street Station,11,CLOSED,STANDBY,0,,,queue-times.com
2026-08-05T18:45:55Z,2026-08-05,20,45,Disneyland Park,Dumbo the Flying Elephant,18,OPERATING,STANDBY,35,,,queue-times.com
2026-08-05T18:45:55Z,2026-08-05,20,45,Disneyland Park,La Tanière du Dragon,2710,OPERATING,STANDBY,0,,,queue-times.com
2026-08-05T18:45:55Z,2026-08-05,20,45,Disneyland Park,Le Carrousel de Lancelot,16,OPERATING,STANDBY,15,,,queue-times.com
2026-08-05T18:45:55Z,2026-08-05,20,45,Disneyland Park,"Le Pays des Contes de Fées, presented by Vittel",21,OPERATING,STANDBY,5,,,queue-times.com
2026-08-05T18:45:55Z,2026-08-05,20,45,Disneyland Park,Les Voyages de Pinocchio,23,OPERATING,STANDBY,25,,,queue-times.com
2026-08-05T18:45:55Z,2026-08-05,20,45,Disneyland Park,Mad Hatter's Tea Cups,20,OPERATING,STANDBY,5,,,queue-times.com
2026-08-05T18:45:55Z,2026-08-05,20,45,Disneyland Park,Meet Mickey Mouse,13,CLOSED,STANDBY,0,,,queue-times.com
2026-08-05T18:45:55Z,2026-08-05,20,45,Disneyland Park,Peter Pan's Flight,22,OPERATING,STANDBY,65,,,queue-times.com
2026-08-05T18:45:55Z,2026-08-05,20,45,Disneyland Park,Princess Pavilion,24,CLOSED,STANDBY,0,,,queue-times.com
2026-08-05T18:45:55Z,2026-08-05,20,45,Disneyland Park,Big Thunder Mountain,25,OPERATING,STANDBY,85,,,queue-times.com
2026-08-05T18:45:55Z,2026-08-05,20,45,Disneyland Park,Disneyland Railroad Frontierland Depot,2714,CLOSED,STANDBY,0,,,queue-times.com
2026-08-05T18:45:55Z,2026-08-05,20,45,Disneyland Park,Frontierland Playground,2713,OPERATING,STANDBY,0,,,queue-times.com
2026-08-05T18:45:55Z,2026-08-05,20,45,Disneyland Park,Phantom Manor,26,OPERATING,STANDBY,5,,,queue-times.com
2026-08-05T18:45:55Z,2026-08-05,20,45,Disneyland Park,River Rogue Keelboats,27,CLOSED,STANDBY,0,,,queue-times.com
2026-08-05T18:45:55Z,2026-08-05,20,45,Disneyland Park,Rustler Roundup Shootin' Gallery,2712,OPERATING,STANDBY,0,,,queue-times.com
2026-08-05T18:45:55Z,2026-08-05,20,45,Disneyland Park,Thunder Mesa Riverboat Landing,28,CLOSED,STANDBY,0,,,queue-times.com
2026-08-05T18:45:55Z,2026-08-05,20,45,Disneyland Park,Disneyland Railroad Main Street Station,2708,CLOSED,STANDBY,0,,,queue-times.com
2026-08-05T18:45:55Z,2026-08-05,20,45,Disneyland Park,Main Street Vehicles,12,CLOSED,STANDBY,0,,,queue-times.com
2026-08-05T18:45:55Z,2026-08-05,20,45,Disney Adventure World,Avengers Assemble: Flight Force,10848,OPERATING,STANDBY,10,,,queue-times.com
2026-08-05T18:45:55Z,2026-08-05,20,45,Disney Adventure World,Avengers Assemble: Flight Force Single Rider,10849,OPERATING,STANDBY,5,,,queue-times.com
2026-08-05T18:45:55Z,2026-08-05,20,45,Disney Adventure World,Spider-Man W.E.B. Adventure,10845,OPERATING,STANDBY,35,,,queue-times.com
2026-08-05T18:45:55Z,2026-08-05,20,45,Disney Adventure World,Spider-Man W.E.B. Adventure Single Rider,10846,OPERATING,STANDBY,15,,,queue-times.com
2026-08-05T18:45:55Z,2026-08-05,20,45,Disney Adventure World,The Twilight Zone Tower of Terror,40,OPERATING,STANDBY,15,,,queue-times.com
2026-08-05T18:45:55Z,2026-08-05,20,45,Disney Adventure World,Cars Quatre Roues Rallye,31,OPERATING,STANDBY,5,,,queue-times.com
2026-08-05T18:45:55Z,2026-08-05,20,45,Disney Adventure World,Cars ROAD TRIP,29,OPERATING,STANDBY,5,,,queue-times.com
2026-08-05T18:45:55Z,2026-08-05,20,45,Disney Adventure World,Crush's Coaster,32,OPERATING,STANDBY,70,,,queue-times.com
2026-08-05T18:45:55Z,2026-08-05,20,45,Disney Adventure World,Crush's Coaster Single Rider,7277,OPERATING,STANDBY,60,,,queue-times.com
2026-08-05T18:45:55Z,2026-08-05,20,45,Disney Adventure World,Les Tapis Volants - Flying Carpets Over Agrabah®,33,OPERATING,STANDBY,10,,,queue-times.com
2026-08-05T18:45:55Z,2026-08-05,20,45,Disney Adventure World,Ratatouille : L’Aventure Totalement Toquée de Rémy​,37,OPERATING,STANDBY,45,,,queue-times.com
2026-08-05T18:45:55Z,2026-08-05,20,45,Disney Adventure World,Ratatouille: The Adventure Single Rider,7279,OPERATING,STANDBY,5,,,queue-times.com
2026-08-05T18:45:55Z,2026-08-05,20,45,Disney Adventure World,RC Racer,34,OPERATING,STANDBY,35,,,queue-times.com
2026-08-05T18:45:55Z,2026-08-05,20,45,Disney Adventure World,RC Racer Single Rider,7280,OPERATING,STANDBY,20,,,queue-times.com
2026-08-05T18:45:55Z,2026-08-05,20,45,Disney Adventure World,Slinky® Dog Zigzag Spin,36,OPERATING,STANDBY,5,,,queue-times.com
2026-08-05T18:45:55Z,2026-08-05,20,45,Disney Adventure World,Toy Soldiers Parachute Drop,35,OPERATING,STANDBY,40,,,queue-times.com
2026-08-05T18:45:55Z,2026-08-05,20,45,Disney Adventure World,Toy Soldiers Parachute Drop Single Rider,7281,OPERATING,STANDBY,25,,,queue-times.com
2026-08-05T18:45:55Z,2026-08-05,20,45,Disney Adventure World,Entry to World of Frozen,16247,OPERATING,STANDBY,0,,,queue-times.com
2026-08-05T18:45:55Z,2026-08-05,20,45,Disney Adventure World,Frozen Ever After,15413,OPERATING,STANDBY,55,,,queue-times.com
2026-08-05T18:45:55Z,2026-08-05,20,45,Disney Adventure World,Raiponce Tangled Spin,15415,OPERATING,STANDBY,5,,,queue-times.com
2026-08-05T18:46:49Z,2026-08-05,20,46,Disneyland Park,Adventure Isle,2702,OPERATING,STANDBY,0,,,queue-times.com
2026-08-05T18:46:49Z,2026-08-05,20,46,Disneyland Park,Indiana Jones and the Temple of Peril Single Rider,7306,OPERATING,STANDBY,5,,,queue-times.com
2026-08-05T18:46:49Z,2026-08-05,20,46,Disneyland Park,Indiana Jones™ and the Temple of Peril,2,OPERATING,STANDBY,10,,,queue-times.com
2026-08-05T18:46:49Z,2026-08-05,20,46,Disneyland Park,La Cabane des Robinson,1,OPERATING,STANDBY,5,,,queue-times.com
2026-08-05T18:46:49Z,2026-08-05,20,46,Disneyland Park,Le Passage Enchanté d'Aladdin,2703,OPERATING,STANDBY,0,,,queue-times.com
2026-08-05T18:46:49Z,2026-08-05,20,46,Disneyland Park,Pirate Galleon,2705,CLOSED,STANDBY,0,,,queue-times.com
2026-08-05T18:46:49Z,2026-08-05,20,46,Disneyland Park,Pirates of the Caribbean,3,OPERATING,STANDBY,15,,,queue-times.com
2026-08-05T18:46:49Z,2026-08-05,20,46,Disneyland Park,Pirates' Beach,2704,OPERATING,STANDBY,0,,,queue-times.com
2026-08-05T18:46:49Z,2026-08-05,20,46,Disneyland Park,"Autopia, presented by Avis",4,OPERATING,STANDBY,30,,,queue-times.com
2026-08-05T18:46:49Z,2026-08-05,20,46,Disneyland Park,Buzz Lightyear Laser Blast,5,OPERATING,STANDBY,25,,,queue-times.com
2026-08-05T18:46:49Z,2026-08-05,20,46,Disneyland Park,Disneyland Railroad Discoveryland Station,2706,CLOSED,STANDBY,0,,,queue-times.com
2026-08-05T18:46:49Z,2026-08-05,20,46,Disneyland Park,Les Mystères du Nautilus,6,OPERATING,STANDBY,5,,,queue-times.com
2026-08-05T18:46:49Z,2026-08-05,20,46,Disneyland Park,Mickey’s PhilharMagic,2707,CLOSED,STANDBY,0,,,queue-times.com
2026-08-05T18:46:49Z,2026-08-05,20,46,Disneyland Park,Orbitron®,7,OPERATING,STANDBY,45,,,queue-times.com
2026-08-05T18:46:49Z,2026-08-05,20,46,Disneyland Park,Star Tours: The Adventures Continue*,9,OPERATING,STANDBY,5,,,queue-times.com
2026-08-05T18:46:49Z,2026-08-05,20,46,Disneyland Park,Star Wars Hyperspace Mountain,8,OPERATING,STANDBY,30,,,queue-times.com
2026-08-05T18:46:49Z,2026-08-05,20,46,Disneyland Park,Star Wars Hyperspace Mountain Single Rider,7278,OPERATING,STANDBY,0,,,queue-times.com
2026-08-05T18:46:49Z,2026-08-05,20,46,Disneyland Park,Welcome to Starport: A Star Wars Encounter,4573,CLOSED,STANDBY,0,,,queue-times.com
2026-08-05T18:46:49Z,2026-08-05,20,46,Disneyland Park,"""it's a small world""",19,OPERATING,STANDBY,5,,,queue-times.com
2026-08-05T18:46:49Z,2026-08-05,20,46,Disneyland Park,Alice's Curious Labyrinth,14,OPERATING,STANDBY,5,,,queue-times.com
2026-08-05T18:46:49Z,2026-08-05,20,46,Disneyland Park,Blanche-Neige et les Sept Nains®,15,OPERATING,STANDBY,10,,,queue-times.com
2026-08-05T18:46:49Z,2026-08-05,20,46,Disneyland Park,Casey Jr. – le Petit Train du Cirque,17,OPERATING,STANDBY,25,,,queue-times.com
2026-08-05T18:46:49Z,2026-08-05,20,46,Disneyland Park,Disneyland Railroad Fantasyland Station,2711,CLOSED,STANDBY,0,,,queue-times.com
2026-08-05T18:46:49Z,2026-08-05,20,46,Disneyland Park,Disneyland Railroad Main Street Station,11,CLOSED,STANDBY,0,,,queue-times.com
2026-08-05T18:46:49Z,2026-08-05,20,46,Disneyland Park,Dumbo the Flying Elephant,18,OPERATING,STANDBY,35,,,queue-times.com
2026-08-05T18:46:49Z,2026-08-05,20,46,Disneyland Park,La Tanière du Dragon,2710,OPERATING,STANDBY,0,,,queue-times.com
2026-08-05T18:46:49Z,2026-08-05,20,46,Disneyland Park,Le Carrousel de Lancelot,16,OPERATING,STANDBY,15,,,queue-times.com
2026-08-05T18:46:49Z,2026-08-05,20,46,Disneyland Park,"Le Pays des Contes de Fées, presented by Vittel",21,OPERATING,STANDBY,5,,,queue-times.com
2026-08-05T18:46:49Z,2026-08-05,20,46,Disneyland Park,Les Voyages de Pinocchio,23,OPERATING,STANDBY,25,,,queue-times.com
2026-08-05T18:46:49Z,2026-08-05,20,46,Disneyland Park,Mad Hatter's Tea Cups,20,OPERATING,STANDBY,5,,,queue-times.com
2026-08-05T18:46:49Z,2026-08-05,20,46,Disneyland Park,Meet Mickey Mouse,13,CLOSED,STANDBY,0,,,queue-times.com
2026-08-05T18:46:49Z,2026-08-05,20,46,Disneyland Park,Peter Pan's Flight,22,OPERATING,STANDBY,65,,,queue-times.com
2026-08-05T18:46:49Z,2026-08-05,20,46,Disneyland Park,Princess Pavilion,24,CLOSED,STANDBY,0,,,queue-times.com
2026-08-05T18:46:49Z,2026-08-05,20,46,Disneyland Park,Big Thunder Mountain,25,OPERATING,STANDBY,85,,,queue-times.com
2026-08-05T18:46:49Z,2026-08-05,20,46,Disneyland Park,Disneyland Railroad Frontierland Depot,2714,CLOSED,STANDBY,0,,,queue-times.com
2026-08-05T18:46:49Z,2026-08-05,20,46,Disneyland Park,Frontierland Playground,2713,OPERATING,STANDBY,0,,,queue-times.com
2026-08-05T18:46:49Z,2026-08-05,20,46,Disneyland Park,Phantom Manor,26,OPERATING,STANDBY,5,,,queue-times.com
2026-08-05T18:46:49Z,2026-08-05,20,46,Disneyland Park,River Rogue Keelboats,27,CLOSED,STANDBY,0,,,queue-times.com
2026-08-05T18:46:49Z,2026-08-05,20,46,Disneyland Park,Rustler Roundup Shootin' Gallery,2712,OPERATING,STANDBY,0,,,queue-times.com
2026-08-05T18:46:49Z,2026-08-05,20,46,Disneyland Park,Thunder Mesa Riverboat Landing,28,CLOSED,STANDBY,0,,,queue-times.com
2026-08-05T18:46:49Z,2026-08-05,20,46,Disneyland Park,Disneyland Railroad Main Street Station,2708,CLOSED,STANDBY,0,,,queue-times.com
2026-08-05T18:46:49Z,2026-08-05,20,46,Disneyland Park,Main Street Vehicles,12,CLOSED,STANDBY,0,,,queue-times.com
2026-08-05T18:46:49Z,2026-08-05,20,46,Disney Adventure World,Avengers Assemble: Flight Force,10848,OPERATING,STANDBY,10,,,queue-times.com
2026-08-05T18:46:49Z,2026-08-05,20,46,Disney Adventure World,Avengers Assemble: Flight Force Single Rider,10849,OPERATING,STANDBY,5,,,queue-times.com
2026-08-05T18:46:49Z,2026-08-05,20,46,Disney Adventure World,Spider-Man W.E.B. Adventure,10845,OPERATING,STANDBY,35,,,queue-times.com
2026-08-05T18:46:49Z,2026-08-05,20,46,Disney Adventure World,Spider-Man W.E.B. Adventure Single Rider,10846,OPERATING,STANDBY,15,,,queue-times.com
2026-08-05T18:46:49Z,2026-08-05,20,46,Disney Adventure World,The Twilight Zone Tower of Terror,40,OPERATING,STANDBY,15,,,queue-times.com
2026-08-05T18:46:49Z,2026-08-05,20,46,Disney Adventure World,Cars Quatre Roues Rallye,31,OPERATING,STANDBY,5,,,queue-times.com
2026-08-05T18:46:49Z,2026-08-05,20,46,Disney Adventure World,Cars ROAD TRIP,29,OPERATING,STANDBY,5,,,queue-times.com
2026-08-05T18:46:49Z,2026-08-05,20,46,Disney Adventure World,Crush's Coaster,32,OPERATING,STANDBY,70,,,queue-times.com
2026-08-05T18:46:49Z,2026-08-05,20,46,Disney Adventure World,Crush's Coaster Single Rider,7277,OPERATING,STANDBY,60,,,queue-times.com
2026-08-05T18:46:49Z,2026-08-05,20,46,Disney Adventure World,Les Tapis Volants - Flying Carpets Over Agrabah®,33,OPERATING,STANDBY,10,,,queue-times.com
2026-08-05T18:46:49Z,2026-08-05,20,46,Disney Adventure World,Ratatouille : L’Aventure Totalement Toquée de Rémy​,37,OPERATING,STANDBY,45,,,queue-times.com
2026-08-05T18:46:49Z,2026-08-05,20,46,Disney Adventure World,Ratatouille: The Adventure Single Rider,7279,OPERATING,STANDBY,5,,,queue-times.com
2026-08-05T18:46:49Z,2026-08-05,20,46,Disney Adventure World,RC Racer,34,OPERATING,STANDBY,35,,,queue-times.com
2026-08-05T18:46:49Z,2026-08-05,20,46,Disney Adventure World,RC Racer Single Rider,7280,OPERATING,STANDBY,20,,,queue-times.com
2026-08-05T18:46:49Z,2026-08-05,20,46,Disney Adventure World,Slinky® Dog Zigzag Spin,36,OPERATING,STANDBY,5,,,queue-times.com
2026-08-05T18:46:49Z,2026-08-05,20,46,Disney Adventure World,Toy Soldiers Parachute Drop,35,OPERATING,STANDBY,40,,,queue-times.com
2026-08-05T18:46:49Z,2026-08-05,20,46,Disney Adventure World,Toy Soldiers Parachute Drop Single Rider,7281,OPERATING,STANDBY,25,,,queue-times.com
2026-08-05T18:46:49Z,2026-08-05,20,46,Disney Adventure World,Entry to World of Frozen,16247,OPERATING,STANDBY,0,,,queue-times.com
2026-08-05T18:46:49Z,2026-08-05,20,46,Disney Adventure World,Frozen Ever After,15413,OPERATING,STANDBY,55,,,queue-times.com
2026-08-05T18:46:49Z,2026-08-05,20,46,Disney Adventure World,Raiponce Tangled Spin,15415,OPERATING,STANDBY,5,,,queue-times.com
2026-08-05T19:01:24Z,2026-08-05,21,1,Disneyland Park,Adventure Isle,2702,OPERATING,STANDBY,0,,,queue-times.com
2026-08-05T19:01:24Z,2026-08-05,21,1,Disneyland Park,Indiana Jones and the Temple of Peril Single Rider,7306,OPERATING,STANDBY,5,,,queue-times.com
2026-08-05T19:01:24Z,2026-08-05,21,1,Disneyland Park,Indiana Jones™ and the Temple of Peril,2,OPERATING,STANDBY,10,,,queue-times.com
2026-08-05T19:01:24Z,2026-08-05,21,1,Disneyland Park,La Cabane des Robinson,1,OPERATING,STANDBY,5,,,queue-times.com
2026-08-05T19:01:24Z,2026-08-05,21,1,Disneyland Park,Le Passage Enchanté d'Aladdin,2703,OPERATING,STANDBY,0,,,queue-times.com
2026-08-05T19:01:24Z,2026-08-05,21,1,Disneyland Park,Pirate Galleon,2705,CLOSED,STANDBY,0,,,queue-times.com
2026-08-05T19:01:24Z,2026-08-05,21,1,Disneyland Park,Pirates of the Caribbean,3,OPERATING,STANDBY,15,,,queue-times.com
2026-08-05T19:01:24Z,2026-08-05,21,1,Disneyland Park,Pirates' Beach,2704,OPERATING,STANDBY,0,,,queue-times.com
2026-08-05T19:01:24Z,2026-08-05,21,1,Disneyland Park,"Autopia, presented by Avis",4,OPERATING,STANDBY,40,,,queue-times.com
2026-08-05T19:01:24Z,2026-08-05,21,1,Disneyland Park,Buzz Lightyear Laser Blast,5,OPERATING,STANDBY,35,,,queue-times.com
2026-08-05T19:01:24Z,2026-08-05,21,1,Disneyland Park,Disneyland Railroad Discoveryland Station,2706,CLOSED,STANDBY,0,,,queue-times.com
2026-08-05T19:01:24Z,2026-08-05,21,1,Disneyland Park,Les Mystères du Nautilus,6,OPERATING,STANDBY,5,,,queue-times.com
2026-08-05T19:01:24Z,2026-08-05,21,1,Disneyland Park,Mickey’s PhilharMagic,2707,CLOSED,STANDBY,0,,,queue-times.com
2026-08-05T19:01:24Z,2026-08-05,21,1,Disneyland Park,Orbitron®,7,OPERATING,STANDBY,45,,,queue-times.com
2026-08-05T19:01:24Z,2026-08-05,21,1,Disneyland Park,Star Tours: The Adventures Continue*,9,OPERATING,STANDBY,5,,,queue-times.com
2026-08-05T19:01:24Z,2026-08-05,21,1,Disneyland Park,Star Wars Hyperspace Mountain,8,OPERATING,STANDBY,30,,,queue-times.com
2026-08-05T19:01:24Z,2026-08-05,21,1,Disneyland Park,Star Wars Hyperspace Mountain Single Rider,7278,OPERATING,STANDBY,0,,,queue-times.com
2026-08-05T19:01:24Z,2026-08-05,21,1,Disneyland Park,Welcome to Starport: A Star Wars Encounter,4573,CLOSED,STANDBY,0,,,queue-times.com
2026-08-05T19:01:24Z,2026-08-05,21,1,Disneyland Park,"""it's a small world""",19,OPERATING,STANDBY,5,,,queue-times.com
2026-08-05T19:01:24Z,2026-08-05,21,1,Disneyland Park,Alice's Curious Labyrinth,14,OPERATING,STANDBY,0,,,queue-times.com
2026-08-05T19:01:24Z,2026-08-05,21,1,Disneyland Park,Blanche-Neige et les Sept Nains®,15,OPERATING,STANDBY,10,,,queue-times.com
2026-08-05T19:01:24Z,2026-08-05,21,1,Disneyland Park,Casey Jr. – le Petit Train du Cirque,17,OPERATING,STANDBY,0,,,queue-times.com
2026-08-05T19:01:24Z,2026-08-05,21,1,Disneyland Park,Disneyland Railroad Fantasyland Station,2711,CLOSED,STANDBY,0,,,queue-times.com
2026-08-05T19:01:24Z,2026-08-05,21,1,Disneyland Park,Disneyland Railroad Main Street Station,11,CLOSED,STANDBY,0,,,queue-times.com
2026-08-05T19:01:24Z,2026-08-05,21,1,Disneyland Park,Dumbo the Flying Elephant,18,OPERATING,STANDBY,35,,,queue-times.com
2026-08-05T19:01:24Z,2026-08-05,21,1,Disneyland Park,La Tanière du Dragon,2710,CLOSED,STANDBY,0,,,queue-times.com
2026-08-05T19:01:24Z,2026-08-05,21,1,Disneyland Park,Le Carrousel de Lancelot,16,OPERATING,STANDBY,15,,,queue-times.com
2026-08-05T19:01:24Z,2026-08-05,21,1,Disneyland Park,"Le Pays des Contes de Fées, presented by Vittel",21,OPERATING,STANDBY,0,,,queue-times.com
2026-08-05T19:01:24Z,2026-08-05,21,1,Disneyland Park,Les Voyages de Pinocchio,23,OPERATING,STANDBY,15,,,queue-times.com
2026-08-05T19:01:24Z,2026-08-05,21,1,Disneyland Park,Mad Hatter's Tea Cups,20,OPERATING,STANDBY,5,,,queue-times.com
2026-08-05T19:01:24Z,2026-08-05,21,1,Disneyland Park,Meet Mickey Mouse,13,CLOSED,STANDBY,0,,,queue-times.com
2026-08-05T19:01:24Z,2026-08-05,21,1,Disneyland Park,Peter Pan's Flight,22,OPERATING,STANDBY,45,,,queue-times.com
2026-08-05T19:01:24Z,2026-08-05,21,1,Disneyland Park,Princess Pavilion,24,CLOSED,STANDBY,0,,,queue-times.com
2026-08-05T19:01:24Z,2026-08-05,21,1,Disneyland Park,Big Thunder Mountain,25,OPERATING,STANDBY,50,,,queue-times.com
2026-08-05T19:01:24Z,2026-08-05,21,1,Disneyland Park,Disneyland Railroad Frontierland Depot,2714,CLOSED,STANDBY,0,,,queue-times.com
2026-08-05T19:01:24Z,2026-08-05,21,1,Disneyland Park,Frontierland Playground,2713,OPERATING,STANDBY,0,,,queue-times.com
2026-08-05T19:01:24Z,2026-08-05,21,1,Disneyland Park,Phantom Manor,26,OPERATING,STANDBY,5,,,queue-times.com
2026-08-05T19:01:24Z,2026-08-05,21,1,Disneyland Park,River Rogue Keelboats,27,CLOSED,STANDBY,0,,,queue-times.com
2026-08-05T19:01:24Z,2026-08-05,21,1,Disneyland Park,Rustler Roundup Shootin' Gallery,2712,OPERATING,STANDBY,0,,,queue-times.com
2026-08-05T19:01:24Z,2026-08-05,21,1,Disneyland Park,Thunder Mesa Riverboat Landing,28,CLOSED,STANDBY,0,,,queue-times.com
2026-08-05T19:01:24Z,2026-08-05,21,1,Disneyland Park,Disneyland Railroad Main Street Station,2708,CLOSED,STANDBY,0,,,queue-times.com
2026-08-05T19:01:24Z,2026-08-05,21,1,Disneyland Park,Main Street Vehicles,12,CLOSED,STANDBY,0,,,queue-times.com
2026-08-05T19:01:24Z,2026-08-05,21,1,Disney Adventure World,Avengers Assemble: Flight Force,10848,OPERATING,STANDBY,10,,,queue-times.com
2026-08-05T19:01:24Z,2026-08-05,21,1,Disney Adventure World,Avengers Assemble: Flight Force Single Rider,10849,OPERATING,STANDBY,5,,,queue-times.com
2026-08-05T19:01:24Z,2026-08-05,21,1,Disney Adventure World,Spider-Man W.E.B. Adventure,10845,CLOSED,STANDBY,0,,,queue-times.com
2026-08-05T19:01:24Z,2026-08-05,21,1,Disney Adventure World,Spider-Man W.E.B. Adventure Single Rider,10846,CLOSED,STANDBY,0,,,queue-times.com
2026-08-05T19:01:24Z,2026-08-05,21,1,Disney Adventure World,The Twilight Zone Tower of Terror,40,OPERATING,STANDBY,45,,,queue-times.com
2026-08-05T19:01:24Z,2026-08-05,21,1,Disney Adventure World,Cars Quatre Roues Rallye,31,OPERATING,STANDBY,5,,,queue-times.com
2026-08-05T19:01:24Z,2026-08-05,21,1,Disney Adventure World,Cars ROAD TRIP,29,OPERATING,STANDBY,5,,,queue-times.com
2026-08-05T19:01:24Z,2026-08-05,21,1,Disney Adventure World,Crush's Coaster,32,OPERATING,STANDBY,70,,,queue-times.com
2026-08-05T19:01:24Z,2026-08-05,21,1,Disney Adventure World,Crush's Coaster Single Rider,7277,OPERATING,STANDBY,30,,,queue-times.com
2026-08-05T19:01:24Z,2026-08-05,21,1,Disney Adventure World,Les Tapis Volants - Flying Carpets Over Agrabah®,33,OPERATING,STANDBY,5,,,queue-times.com
2026-08-05T19:01:24Z,2026-08-05,21,1,Disney Adventure World,Ratatouille : L’Aventure Totalement Toquée de Rémy​,37,OPERATING,STANDBY,45,,,queue-times.com
2026-08-05T19:01:24Z,2026-08-05,21,1,Disney Adventure World,Ratatouille: The Adventure Single Rider,7279,OPERATING,STANDBY,5,,,queue-times.com
2026-08-05T19:01:24Z,2026-08-05,21,1,Disney Adventure World,RC Racer,34,OPERATING,STANDBY,40,,,queue-times.com
2026-08-05T19:01:24Z,2026-08-05,21,1,Disney Adventure World,RC Racer Single Rider,7280,OPERATING,STANDBY,20,,,queue-times.com
2026-08-05T19:01:24Z,2026-08-05,21,1,Disney Adventure World,Slinky® Dog Zigzag Spin,36,OPERATING,STANDBY,5,,,queue-times.com
2026-08-05T19:01:24Z,2026-08-05,21,1,Disney Adventure World,Toy Soldiers Parachute Drop,35,OPERATING,STANDBY,40,,,queue-times.com
2026-08-05T19:01:24Z,2026-08-05,21,1,Disney Adventure World,Toy Soldiers Parachute Drop Single Rider,7281,OPERATING,STANDBY,15,,,queue-times.com
2026-08-05T19:01:24Z,2026-08-05,21,1,Disney Adventure World,Entry to World of Frozen,16247,OPERATING,STANDBY,0,,,queue-times.com
2026-08-05T19:01:24Z,2026-08-05,21,1,Disney Adventure World,Frozen Ever After,15413,OPERATING,STANDBY,45,,,queue-times.com
2026-08-05T19:01:24Z,2026-08-05,21,1,Disney Adventure World,Raiponce Tangled Spin,15415,OPERATING,STANDBY,5,,,queue-times.com
2026-08-05T19:15:54Z,2026-08-05,21,15,Disneyland Park,Adventure Isle,2702,OPERATING,STANDBY,0,,,queue-times.com
2026-08-05T19:15:54Z,2026-08-05,21,15,Disneyland Park,Indiana Jones and the Temple of Peril Single Rider,7306,OPERATING,STANDBY,5,,,queue-times.com
2026-08-05T19:15:54Z,2026-08-05,21,15,Disneyland Park,Indiana Jones™ and the Temple of Peril,2,OPERATING,STANDBY,20,,,queue-times.com
2026-08-05T19:15:54Z,2026-08-05,21,15,Disneyland Park,La Cabane des Robinson,1,OPERATING,STANDBY,5,,,queue-times.com
2026-08-05T19:15:54Z,2026-08-05,21,15,Disneyland Park,Le Passage Enchanté d'Aladdin,2703,OPERATING,STANDBY,0,,,queue-times.com
2026-08-05T19:15:54Z,2026-08-05,21,15,Disneyland Park,Pirate Galleon,2705,CLOSED,STANDBY,0,,,queue-times.com
2026-08-05T19:15:54Z,2026-08-05,21,15,Disneyland Park,Pirates of the Caribbean,3,OPERATING,STANDBY,25,,,queue-times.com
2026-08-05T19:15:54Z,2026-08-05,21,15,Disneyland Park,Pirates' Beach,2704,OPERATING,STANDBY,0,,,queue-times.com
2026-08-05T19:15:54Z,2026-08-05,21,15,Disneyland Park,"Autopia, presented by Avis",4,OPERATING,STANDBY,50,,,queue-times.com
2026-08-05T19:15:54Z,2026-08-05,21,15,Disneyland Park,Buzz Lightyear Laser Blast,5,OPERATING,STANDBY,30,,,queue-times.com
2026-08-05T19:15:54Z,2026-08-05,21,15,Disneyland Park,Disneyland Railroad Discoveryland Station,2706,CLOSED,STANDBY,0,,,queue-times.com
2026-08-05T19:15:54Z,2026-08-05,21,15,Disneyland Park,Les Mystères du Nautilus,6,OPERATING,STANDBY,5,,,queue-times.com
2026-08-05T19:15:54Z,2026-08-05,21,15,Disneyland Park,Mickey’s PhilharMagic,2707,CLOSED,STANDBY,0,,,queue-times.com
2026-08-05T19:15:54Z,2026-08-05,21,15,Disneyland Park,Orbitron®,7,OPERATING,STANDBY,45,,,queue-times.com
2026-08-05T19:15:54Z,2026-08-05,21,15,Disneyland Park,Star Tours: The Adventures Continue*,9,OPERATING,STANDBY,5,,,queue-times.com
2026-08-05T19:15:54Z,2026-08-05,21,15,Disneyland Park,Star Wars Hyperspace Mountain,8,OPERATING,STANDBY,25,,,queue-times.com
2026-08-05T19:15:54Z,2026-08-05,21,15,Disneyland Park,Star Wars Hyperspace Mountain Single Rider,7278,OPERATING,STANDBY,0,,,queue-times.com
2026-08-05T19:15:54Z,2026-08-05,21,15,Disneyland Park,Welcome to Starport: A Star Wars Encounter,4573,CLOSED,STANDBY,0,,,queue-times.com
2026-08-05T19:15:54Z,2026-08-05,21,15,Disneyland Park,"""it's a small world""",19,OPERATING,STANDBY,5,,,queue-times.com
2026-08-05T19:15:54Z,2026-08-05,21,15,Disneyland Park,Alice's Curious Labyrinth,14,CLOSED,STANDBY,0,,,queue-times.com
2026-08-05T19:15:54Z,2026-08-05,21,15,Disneyland Park,Blanche-Neige et les Sept Nains®,15,OPERATING,STANDBY,10,,,queue-times.com
2026-08-05T19:15:54Z,2026-08-05,21,15,Disneyland Park,Casey Jr. – le Petit Train du Cirque,17,CLOSED,STANDBY,0,,,queue-times.com
2026-08-05T19:15:54Z,2026-08-05,21,15,Disneyland Park,Disneyland Railroad Fantasyland Station,2711,CLOSED,STANDBY,0,,,queue-times.com
2026-08-05T19:15:54Z,2026-08-05,21,15,Disneyland Park,Disneyland Railroad Main Street Station,11,CLOSED,STANDBY,0,,,queue-times.com
2026-08-05T19:15:54Z,2026-08-05,21,15,Disneyland Park,Dumbo the Flying Elephant,18,OPERATING,STANDBY,20,,,queue-times.com
2026-08-05T19:15:54Z,2026-08-05,21,15,Disneyland Park,La Tanière du Dragon,2710,CLOSED,STANDBY,0,,,queue-times.com
2026-08-05T19:15:54Z,2026-08-05,21,15,Disneyland Park,Le Carrousel de Lancelot,16,OPERATING,STANDBY,15,,,queue-times.com
2026-08-05T19:15:54Z,2026-08-05,21,15,Disneyland Park,"Le Pays des Contes de Fées, presented by Vittel",21,CLOSED,STANDBY,0,,,queue-times.com
2026-08-05T19:15:54Z,2026-08-05,21,15,Disneyland Park,Les Voyages de Pinocchio,23,OPERATING,STANDBY,15,,,queue-times.com
2026-08-05T19:15:54Z,2026-08-05,21,15,Disneyland Park,Mad Hatter's Tea Cups,20,OPERATING,STANDBY,5,,,queue-times.com
2026-08-05T19:15:54Z,2026-08-05,21,15,Disneyland Park,Meet Mickey Mouse,13,CLOSED,STANDBY,0,,,queue-times.com
2026-08-05T19:15:54Z,2026-08-05,21,15,Disneyland Park,Peter Pan's Flight,22,OPERATING,STANDBY,45,,,queue-times.com
2026-08-05T19:15:54Z,2026-08-05,21,15,Disneyland Park,Princess Pavilion,24,CLOSED,STANDBY,0,,,queue-times.com
2026-08-05T19:15:54Z,2026-08-05,21,15,Disneyland Park,Big Thunder Mountain,25,OPERATING,STANDBY,55,,,queue-times.com
2026-08-05T19:15:54Z,2026-08-05,21,15,Disneyland Park,Disneyland Railroad Frontierland Depot,2714,CLOSED,STANDBY,0,,,queue-times.com
2026-08-05T19:15:54Z,2026-08-05,21,15,Disneyland Park,Frontierland Playground,2713,CLOSED,STANDBY,0,,,queue-times.com
2026-08-05T19:15:54Z,2026-08-05,21,15,Disneyland Park,Phantom Manor,26,OPERATING,STANDBY,5,,,queue-times.com
2026-08-05T19:15:54Z,2026-08-05,21,15,Disneyland Park,River Rogue Keelboats,27,CLOSED,STANDBY,0,,,queue-times.com
2026-08-05T19:15:54Z,2026-08-05,21,15,Disneyland Park,Rustler Roundup Shootin' Gallery,2712,OPERATING,STANDBY,0,,,queue-times.com
2026-08-05T19:15:54Z,2026-08-05,21,15,Disneyland Park,Thunder Mesa Riverboat Landing,28,CLOSED,STANDBY,0,,,queue-times.com
2026-08-05T19:15:54Z,2026-08-05,21,15,Disneyland Park,Disneyland Railroad Main Street Station,2708,CLOSED,STANDBY,0,,,queue-times.com
2026-08-05T19:15:54Z,2026-08-05,21,15,Disneyland Park,Main Street Vehicles,12,CLOSED,STANDBY,0,,,queue-times.com
2026-08-05T19:15:54Z,2026-08-05,21,15,Disney Adventure World,Avengers Assemble: Flight Force,10848,OPERATING,STANDBY,15,,,queue-times.com
2026-08-05T19:15:54Z,2026-08-05,21,15,Disney Adventure World,Avengers Assemble: Flight Force Single Rider,10849,OPERATING,STANDBY,10,,,queue-times.com
2026-08-05T19:15:54Z,2026-08-05,21,15,Disney Adventure World,Spider-Man W.E.B. Adventure,10845,OPERATING,STANDBY,35,,,queue-times.com
2026-08-05T19:15:54Z,2026-08-05,21,15,Disney Adventure World,Spider-Man W.E.B. Adventure Single Rider,10846,OPERATING,STANDBY,5,,,queue-times.com
2026-08-05T19:15:54Z,2026-08-05,21,15,Disney Adventure World,The Twilight Zone Tower of Terror,40,OPERATING,STANDBY,20,,,queue-times.com
2026-08-05T19:15:54Z,2026-08-05,21,15,Disney Adventure World,Cars Quatre Roues Rallye,31,OPERATING,STANDBY,15,,,queue-times.com
2026-08-05T19:15:54Z,2026-08-05,21,15,Disney Adventure World,Cars ROAD TRIP,29,CLOSED,STANDBY,0,,,queue-times.com
2026-08-05T19:15:54Z,2026-08-05,21,15,Disney Adventure World,Crush's Coaster,32,OPERATING,STANDBY,60,,,queue-times.com
2026-08-05T19:15:54Z,2026-08-05,21,15,Disney Adventure World,Crush's Coaster Single Rider,7277,OPERATING,STANDBY,45,,,queue-times.com
2026-08-05T19:15:54Z,2026-08-05,21,15,Disney Adventure World,Les Tapis Volants - Flying Carpets Over Agrabah®,33,OPERATING,STANDBY,5,,,queue-times.com
2026-08-05T19:15:54Z,2026-08-05,21,15,Disney Adventure World,Ratatouille : L’Aventure Totalement Toquée de Rémy​,37,OPERATING,STANDBY,35,,,queue-times.com
2026-08-05T19:15:54Z,2026-08-05,21,15,Disney Adventure World,Ratatouille: The Adventure Single Rider,7279,OPERATING,STANDBY,15,,,queue-times.com
2026-08-05T19:15:54Z,2026-08-05,21,15,Disney Adventure World,RC Racer,34,OPERATING,STANDBY,35,,,queue-times.com
2026-08-05T19:15:54Z,2026-08-05,21,15,Disney Adventure World,RC Racer Single Rider,7280,OPERATING,STANDBY,30,,,queue-times.com
2026-08-05T19:15:54Z,2026-08-05,21,15,Disney Adventure World,Slinky® Dog Zigzag Spin,36,OPERATING,STANDBY,5,,,queue-times.com
2026-08-05T19:15:54Z,2026-08-05,21,15,Disney Adventure World,Toy Soldiers Parachute Drop,35,OPERATING,STANDBY,40,,,queue-times.com
2026-08-05T19:15:54Z,2026-08-05,21,15,Disney Adventure World,Toy Soldiers Parachute Drop Single Rider,7281,OPERATING,STANDBY,15,,,queue-times.com
2026-08-05T19:15:54Z,2026-08-05,21,15,Disney Adventure World,Entry to World of Frozen,16247,OPERATING,STANDBY,0,,,queue-times.com
2026-08-05T19:15:54Z,2026-08-05,21,15,Disney Adventure World,Frozen Ever After,15413,OPERATING,STANDBY,40,,,queue-times.com
2026-08-05T19:15:54Z,2026-08-05,21,15,Disney Adventure World,Raiponce Tangled Spin,15415,OPERATING,STANDBY,5,,,queue-times.com
2026-08-05T19:31:05Z,2026-08-05,21,31,Disneyland Park,Adventure Isle,2702,OPERATING,STANDBY,0,,,queue-times.com
2026-08-05T19:31:05Z,2026-08-05,21,31,Disneyland Park,Indiana Jones and the Temple of Peril Single Rider,7306,OPERATING,STANDBY,5,,,queue-times.com
2026-08-05T19:31:05Z,2026-08-05,21,31,Disneyland Park,Indiana Jones™ and the Temple of Peril,2,OPERATING,STANDBY,10,,,queue-times.com
2026-08-05T19:31:05Z,2026-08-05,21,31,Disneyland Park,La Cabane des Robinson,1,OPERATING,STANDBY,5,,,queue-times.com
2026-08-05T19:31:05Z,2026-08-05,21,31,Disneyland Park,Le Passage Enchanté d'Aladdin,2703,OPERATING,STANDBY,0,,,queue-times.com
2026-08-05T19:31:05Z,2026-08-05,21,31,Disneyland Park,Pirate Galleon,2705,CLOSED,STANDBY,0,,,queue-times.com
2026-08-05T19:31:05Z,2026-08-05,21,31,Disneyland Park,Pirates of the Caribbean,3,OPERATING,STANDBY,20,,,queue-times.com
2026-08-05T19:31:05Z,2026-08-05,21,31,Disneyland Park,Pirates' Beach,2704,OPERATING,STANDBY,0,,,queue-times.com
2026-08-05T19:31:05Z,2026-08-05,21,31,Disneyland Park,"Autopia, presented by Avis",4,OPERATING,STANDBY,40,,,queue-times.com
2026-08-05T19:31:05Z,2026-08-05,21,31,Disneyland Park,Buzz Lightyear Laser Blast,5,OPERATING,STANDBY,25,,,queue-times.com
2026-08-05T19:31:05Z,2026-08-05,21,31,Disneyland Park,Disneyland Railroad Discoveryland Station,2706,CLOSED,STANDBY,0,,,queue-times.com
2026-08-05T19:31:05Z,2026-08-05,21,31,Disneyland Park,Les Mystères du Nautilus,6,OPERATING,STANDBY,5,,,queue-times.com
2026-08-05T19:31:05Z,2026-08-05,21,31,Disneyland Park,Mickey’s PhilharMagic,2707,CLOSED,STANDBY,0,,,queue-times.com
2026-08-05T19:31:05Z,2026-08-05,21,31,Disneyland Park,Orbitron®,7,OPERATING,STANDBY,40,,,queue-times.com
2026-08-05T19:31:05Z,2026-08-05,21,31,Disneyland Park,Star Tours: The Adventures Continue*,9,OPERATING,STANDBY,10,,,queue-times.com
2026-08-05T19:31:05Z,2026-08-05,21,31,Disneyland Park,Star Wars Hyperspace Mountain,8,OPERATING,STANDBY,20,,,queue-times.com
2026-08-05T19:31:05Z,2026-08-05,21,31,Disneyland Park,Star Wars Hyperspace Mountain Single Rider,7278,OPERATING,STANDBY,0,,,queue-times.com
2026-08-05T19:31:05Z,2026-08-05,21,31,Disneyland Park,Welcome to Starport: A Star Wars Encounter,4573,CLOSED,STANDBY,0,,,queue-times.com
2026-08-05T19:31:05Z,2026-08-05,21,31,Disneyland Park,"""it's a small world""",19,OPERATING,STANDBY,5,,,queue-times.com
2026-08-05T19:31:05Z,2026-08-05,21,31,Disneyland Park,Alice's Curious Labyrinth,14,CLOSED,STANDBY,0,,,queue-times.com
2026-08-05T19:31:05Z,2026-08-05,21,31,Disneyland Park,Blanche-Neige et les Sept Nains®,15,CLOSED,STANDBY,0,,,queue-times.com
2026-08-05T19:31:05Z,2026-08-05,21,31,Disneyland Park,Casey Jr. – le Petit Train du Cirque,17,CLOSED,STANDBY,0,,,queue-times.com
2026-08-05T19:31:05Z,2026-08-05,21,31,Disneyland Park,Disneyland Railroad Fantasyland Station,2711,CLOSED,STANDBY,0,,,queue-times.com
2026-08-05T19:31:05Z,2026-08-05,21,31,Disneyland Park,Disneyland Railroad Main Street Station,11,CLOSED,STANDBY,0,,,queue-times.com
2026-08-05T19:31:05Z,2026-08-05,21,31,Disneyland Park,Dumbo the Flying Elephant,18,OPERATING,STANDBY,20,,,queue-times.com
2026-08-05T19:31:05Z,2026-08-05,21,31,Disneyland Park,La Tanière du Dragon,2710,CLOSED,STANDBY,0,,,queue-times.com
2026-08-05T19:31:05Z,2026-08-05,21,31,Disneyland Park,Le Carrousel de Lancelot,16,OPERATING,STANDBY,15,,,queue-times.com
2026-08-05T19:31:05Z,2026-08-05,21,31,Disneyland Park,"Le Pays des Contes de Fées, presented by Vittel",21,CLOSED,STANDBY,0,,,queue-times.com
2026-08-05T19:31:05Z,2026-08-05,21,31,Disneyland Park,Les Voyages de Pinocchio,23,OPERATING,STANDBY,15,,,queue-times.com
2026-08-05T19:31:05Z,2026-08-05,21,31,Disneyland Park,Mad Hatter's Tea Cups,20,OPERATING,STANDBY,5,,,queue-times.com
2026-08-05T19:31:05Z,2026-08-05,21,31,Disneyland Park,Meet Mickey Mouse,13,CLOSED,STANDBY,0,,,queue-times.com
2026-08-05T19:31:05Z,2026-08-05,21,31,Disneyland Park,Peter Pan's Flight,22,OPERATING,STANDBY,55,,,queue-times.com
2026-08-05T19:31:05Z,2026-08-05,21,31,Disneyland Park,Princess Pavilion,24,CLOSED,STANDBY,0,,,queue-times.com
2026-08-05T19:31:05Z,2026-08-05,21,31,Disneyland Park,Big Thunder Mountain,25,OPERATING,STANDBY,55,,,queue-times.com
2026-08-05T19:31:05Z,2026-08-05,21,31,Disneyland Park,Disneyland Railroad Frontierland Depot,2714,CLOSED,STANDBY,0,,,queue-times.com
2026-08-05T19:31:05Z,2026-08-05,21,31,Disneyland Park,Frontierland Playground,2713,CLOSED,STANDBY,0,,,queue-times.com
2026-08-05T19:31:05Z,2026-08-05,21,31,Disneyland Park,Phantom Manor,26,OPERATING,STANDBY,5,,,queue-times.com
2026-08-05T19:31:05Z,2026-08-05,21,31,Disneyland Park,River Rogue Keelboats,27,CLOSED,STANDBY,0,,,queue-times.com
2026-08-05T19:31:05Z,2026-08-05,21,31,Disneyland Park,Rustler Roundup Shootin' Gallery,2712,OPERATING,STANDBY,0,,,queue-times.com
2026-08-05T19:31:05Z,2026-08-05,21,31,Disneyland Park,Thunder Mesa Riverboat Landing,28,CLOSED,STANDBY,0,,,queue-times.com
2026-08-05T19:31:05Z,2026-08-05,21,31,Disneyland Park,Disneyland Railroad Main Street Station,2708,CLOSED,STANDBY,0,,,queue-times.com
2026-08-05T19:31:05Z,2026-08-05,21,31,Disneyland Park,Main Street Vehicles,12,CLOSED,STANDBY,0,,,queue-times.com
2026-08-05T19:31:05Z,2026-08-05,21,31,Disney Adventure World,Avengers Assemble: Flight Force,10848,OPERATING,STANDBY,5,,,queue-times.com
2026-08-05T19:31:05Z,2026-08-05,21,31,Disney Adventure World,Avengers Assemble: Flight Force Single Rider,10849,OPERATING,STANDBY,5,,,queue-times.com
2026-08-05T19:31:05Z,2026-08-05,21,31,Disney Adventure World,Spider-Man W.E.B. Adventure,10845,OPERATING,STANDBY,20,,,queue-times.com
2026-08-05T19:31:05Z,2026-08-05,21,31,Disney Adventure World,Spider-Man W.E.B. Adventure Single Rider,10846,OPERATING,STANDBY,5,,,queue-times.com
2026-08-05T19:31:05Z,2026-08-05,21,31,Disney Adventure World,The Twilight Zone Tower of Terror,40,OPERATING,STANDBY,20,,,queue-times.com
2026-08-05T19:31:05Z,2026-08-05,21,31,Disney Adventure World,Cars Quatre Roues Rallye,31,OPERATING,STANDBY,10,,,queue-times.com
2026-08-05T19:31:05Z,2026-08-05,21,31,Disney Adventure World,Cars ROAD TRIP,29,CLOSED,STANDBY,0,,,queue-times.com
2026-08-05T19:31:05Z,2026-08-05,21,31,Disney Adventure World,Crush's Coaster,32,CLOSED,STANDBY,0,,,queue-times.com
2026-08-05T19:31:05Z,2026-08-05,21,31,Disney Adventure World,Crush's Coaster Single Rider,7277,CLOSED,STANDBY,0,,,queue-times.com
2026-08-05T19:31:05Z,2026-08-05,21,31,Disney Adventure World,Les Tapis Volants - Flying Carpets Over Agrabah®,33,OPERATING,STANDBY,5,,,queue-times.com
2026-08-05T19:31:05Z,2026-08-05,21,31,Disney Adventure World,Ratatouille : L’Aventure Totalement Toquée de Rémy​,37,OPERATING,STANDBY,35,,,queue-times.com
2026-08-05T19:31:05Z,2026-08-05,21,31,Disney Adventure World,Ratatouille: The Adventure Single Rider,7279,OPERATING,STANDBY,10,,,queue-times.com
2026-08-05T19:31:05Z,2026-08-05,21,31,Disney Adventure World,RC Racer,34,OPERATING,STANDBY,30,,,queue-times.com
2026-08-05T19:31:05Z,2026-08-05,21,31,Disney Adventure World,RC Racer Single Rider,7280,OPERATING,STANDBY,25,,,queue-times.com
2026-08-05T19:31:05Z,2026-08-05,21,31,Disney Adventure World,Slinky® Dog Zigzag Spin,36,OPERATING,STANDBY,5,,,queue-times.com
2026-08-05T19:31:05Z,2026-08-05,21,31,Disney Adventure World,Toy Soldiers Parachute Drop,35,OPERATING,STANDBY,40,,,queue-times.com
2026-08-05T19:31:05Z,2026-08-05,21,31,Disney Adventure World,Toy Soldiers Parachute Drop Single Rider,7281,OPERATING,STANDBY,30,,,queue-times.com
2026-08-05T19:31:05Z,2026-08-05,21,31,Disney Adventure World,Entry to World of Frozen,16247,OPERATING,STANDBY,0,,,queue-times.com
2026-08-05T19:31:05Z,2026-08-05,21,31,Disney Adventure World,Frozen Ever After,15413,OPERATING,STANDBY,45,,,queue-times.com
2026-08-05T19:31:05Z,2026-08-05,21,31,Disney Adventure World,Raiponce Tangled Spin,15415,OPERATING,STANDBY,5,,,queue-times.com
2026-08-05T19:45:46Z,2026-08-05,21,45,Disneyland Park,Adventure Isle,2702,OPERATING,STANDBY,0,,,queue-times.com
2026-08-05T19:45:46Z,2026-08-05,21,45,Disneyland Park,Indiana Jones and the Temple of Peril Single Rider,7306,OPERATING,STANDBY,5,,,queue-times.com
2026-08-05T19:45:46Z,2026-08-05,21,45,Disneyland Park,Indiana Jones™ and the Temple of Peril,2,OPERATING,STANDBY,10,,,queue-times.com
2026-08-05T19:45:46Z,2026-08-05,21,45,Disneyland Park,La Cabane des Robinson,1,OPERATING,STANDBY,5,,,queue-times.com
2026-08-05T19:45:46Z,2026-08-05,21,45,Disneyland Park,Le Passage Enchanté d'Aladdin,2703,OPERATING,STANDBY,0,,,queue-times.com
2026-08-05T19:45:46Z,2026-08-05,21,45,Disneyland Park,Pirate Galleon,2705,CLOSED,STANDBY,0,,,queue-times.com
2026-08-05T19:45:46Z,2026-08-05,21,45,Disneyland Park,Pirates of the Caribbean,3,OPERATING,STANDBY,10,,,queue-times.com
2026-08-05T19:45:46Z,2026-08-05,21,45,Disneyland Park,Pirates' Beach,2704,OPERATING,STANDBY,0,,,queue-times.com
2026-08-05T19:45:46Z,2026-08-05,21,45,Disneyland Park,"Autopia, presented by Avis",4,OPERATING,STANDBY,40,,,queue-times.com
2026-08-05T19:45:46Z,2026-08-05,21,45,Disneyland Park,Buzz Lightyear Laser Blast,5,OPERATING,STANDBY,25,,,queue-times.com
2026-08-05T19:45:46Z,2026-08-05,21,45,Disneyland Park,Disneyland Railroad Discoveryland Station,2706,CLOSED,STANDBY,0,,,queue-times.com
2026-08-05T19:45:46Z,2026-08-05,21,45,Disneyland Park,Les Mystères du Nautilus,6,OPERATING,STANDBY,5,,,queue-times.com
2026-08-05T19:45:46Z,2026-08-05,21,45,Disneyland Park,Mickey’s PhilharMagic,2707,CLOSED,STANDBY,0,,,queue-times.com
2026-08-05T19:45:46Z,2026-08-05,21,45,Disneyland Park,Orbitron®,7,OPERATING,STANDBY,40,,,queue-times.com
2026-08-05T19:45:46Z,2026-08-05,21,45,Disneyland Park,Star Tours: The Adventures Continue*,9,OPERATING,STANDBY,5,,,queue-times.com
2026-08-05T19:45:46Z,2026-08-05,21,45,Disneyland Park,Star Wars Hyperspace Mountain,8,OPERATING,STANDBY,20,,,queue-times.com
2026-08-05T19:45:46Z,2026-08-05,21,45,Disneyland Park,Star Wars Hyperspace Mountain Single Rider,7278,OPERATING,STANDBY,0,,,queue-times.com
2026-08-05T19:45:46Z,2026-08-05,21,45,Disneyland Park,Welcome to Starport: A Star Wars Encounter,4573,CLOSED,STANDBY,0,,,queue-times.com
2026-08-05T19:45:46Z,2026-08-05,21,45,Disneyland Park,"""it's a small world""",19,OPERATING,STANDBY,5,,,queue-times.com
2026-08-05T19:45:46Z,2026-08-05,21,45,Disneyland Park,Alice's Curious Labyrinth,14,CLOSED,STANDBY,0,,,queue-times.com
2026-08-05T19:45:46Z,2026-08-05,21,45,Disneyland Park,Blanche-Neige et les Sept Nains®,15,CLOSED,STANDBY,0,,,queue-times.com
2026-08-05T19:45:46Z,2026-08-05,21,45,Disneyland Park,Casey Jr. – le Petit Train du Cirque,17,CLOSED,STANDBY,0,,,queue-times.com
2026-08-05T19:45:46Z,2026-08-05,21,45,Disneyland Park,Disneyland Railroad Fantasyland Station,2711,CLOSED,STANDBY,0,,,queue-times.com
2026-08-05T19:45:46Z,2026-08-05,21,45,Disneyland Park,Disneyland Railroad Main Street Station,11,CLOSED,STANDBY,0,,,queue-times.com
2026-08-05T19:45:46Z,2026-08-05,21,45,Disneyland Park,Dumbo the Flying Elephant,18,CLOSED,STANDBY,0,,,queue-times.com
2026-08-05T19:45:46Z,2026-08-05,21,45,Disneyland Park,La Tanière du Dragon,2710,CLOSED,STANDBY,0,,,queue-times.com
2026-08-05T19:45:46Z,2026-08-05,21,45,Disneyland Park,Le Carrousel de Lancelot,16,CLOSED,STANDBY,0,,,queue-times.com
2026-08-05T19:45:46Z,2026-08-05,21,45,Disneyland Park,"Le Pays des Contes de Fées, presented by Vittel",21,CLOSED,STANDBY,0,,,queue-times.com
2026-08-05T19:45:46Z,2026-08-05,21,45,Disneyland Park,Les Voyages de Pinocchio,23,CLOSED,STANDBY,0,,,queue-times.com
2026-08-05T19:45:46Z,2026-08-05,21,45,Disneyland Park,Mad Hatter's Tea Cups,20,CLOSED,STANDBY,0,,,queue-times.com
2026-08-05T19:45:46Z,2026-08-05,21,45,Disneyland Park,Meet Mickey Mouse,13,CLOSED,STANDBY,0,,,queue-times.com
2026-08-05T19:45:46Z,2026-08-05,21,45,Disneyland Park,Peter Pan's Flight,22,OPERATING,STANDBY,55,,,queue-times.com
2026-08-05T19:45:46Z,2026-08-05,21,45,Disneyland Park,Princess Pavilion,24,CLOSED,STANDBY,0,,,queue-times.com
2026-08-05T19:45:46Z,2026-08-05,21,45,Disneyland Park,Big Thunder Mountain,25,OPERATING,STANDBY,55,,,queue-times.com
2026-08-05T19:45:46Z,2026-08-05,21,45,Disneyland Park,Disneyland Railroad Frontierland Depot,2714,CLOSED,STANDBY,0,,,queue-times.com
2026-08-05T19:45:46Z,2026-08-05,21,45,Disneyland Park,Frontierland Playground,2713,CLOSED,STANDBY,0,,,queue-times.com
2026-08-05T19:45:46Z,2026-08-05,21,45,Disneyland Park,Phantom Manor,26,OPERATING,STANDBY,5,,,queue-times.com
2026-08-05T19:45:46Z,2026-08-05,21,45,Disneyland Park,River Rogue Keelboats,27,CLOSED,STANDBY,0,,,queue-times.com
2026-08-05T19:45:46Z,2026-08-05,21,45,Disneyland Park,Rustler Roundup Shootin' Gallery,2712,CLOSED,STANDBY,0,,,queue-times.com
2026-08-05T19:45:46Z,2026-08-05,21,45,Disneyland Park,Thunder Mesa Riverboat Landing,28,CLOSED,STANDBY,0,,,queue-times.com
2026-08-05T19:45:46Z,2026-08-05,21,45,Disneyland Park,Disneyland Railroad Main Street Station,2708,CLOSED,STANDBY,0,,,queue-times.com
2026-08-05T19:45:46Z,2026-08-05,21,45,Disneyland Park,Main Street Vehicles,12,CLOSED,STANDBY,0,,,queue-times.com
2026-08-05T19:45:46Z,2026-08-05,21,45,Disney Adventure World,Avengers Assemble: Flight Force,10848,CLOSED,STANDBY,0,,,queue-times.com
2026-08-05T19:45:46Z,2026-08-05,21,45,Disney Adventure World,Avengers Assemble: Flight Force Single Rider,10849,CLOSED,STANDBY,0,,,queue-times.com
2026-08-05T19:45:46Z,2026-08-05,21,45,Disney Adventure World,Spider-Man W.E.B. Adventure,10845,OPERATING,STANDBY,30,,,queue-times.com
2026-08-05T19:45:46Z,2026-08-05,21,45,Disney Adventure World,Spider-Man W.E.B. Adventure Single Rider,10846,OPERATING,STANDBY,15,,,queue-times.com
2026-08-05T19:45:46Z,2026-08-05,21,45,Disney Adventure World,The Twilight Zone Tower of Terror,40,OPERATING,STANDBY,20,,,queue-times.com
2026-08-05T19:45:46Z,2026-08-05,21,45,Disney Adventure World,Cars Quatre Roues Rallye,31,OPERATING,STANDBY,10,,,queue-times.com
2026-08-05T19:45:46Z,2026-08-05,21,45,Disney Adventure World,Cars ROAD TRIP,29,CLOSED,STANDBY,0,,,queue-times.com
2026-08-05T19:45:46Z,2026-08-05,21,45,Disney Adventure World,Crush's Coaster,32,CLOSED,STANDBY,0,,,queue-times.com
2026-08-05T19:45:46Z,2026-08-05,21,45,Disney Adventure World,Crush's Coaster Single Rider,7277,CLOSED,STANDBY,0,,,queue-times.com
2026-08-05T19:45:46Z,2026-08-05,21,45,Disney Adventure World,Les Tapis Volants - Flying Carpets Over Agrabah®,33,OPERATING,STANDBY,5,,,queue-times.com
2026-08-05T19:45:46Z,2026-08-05,21,45,Disney Adventure World,Ratatouille : L’Aventure Totalement Toquée de Rémy​,37,OPERATING,STANDBY,35,,,queue-times.com
2026-08-05T19:45:46Z,2026-08-05,21,45,Disney Adventure World,Ratatouille: The Adventure Single Rider,7279,OPERATING,STANDBY,10,,,queue-times.com
2026-08-05T19:45:46Z,2026-08-05,21,45,Disney Adventure World,RC Racer,34,OPERATING,STANDBY,20,,,queue-times.com
2026-08-05T19:45:46Z,2026-08-05,21,45,Disney Adventure World,RC Racer Single Rider,7280,OPERATING,STANDBY,10,,,queue-times.com
2026-08-05T19:45:46Z,2026-08-05,21,45,Disney Adventure World,Slinky® Dog Zigzag Spin,36,OPERATING,STANDBY,5,,,queue-times.com
2026-08-05T19:45:46Z,2026-08-05,21,45,Disney Adventure World,Toy Soldiers Parachute Drop,35,OPERATING,STANDBY,30,,,queue-times.com
2026-08-05T19:45:46Z,2026-08-05,21,45,Disney Adventure World,Toy Soldiers Parachute Drop Single Rider,7281,OPERATING,STANDBY,15,,,queue-times.com
2026-08-05T19:45:46Z,2026-08-05,21,45,Disney Adventure World,Entry to World of Frozen,16247,OPERATING,STANDBY,0,,,queue-times.com
2026-08-05T19:45:46Z,2026-08-05,21,45,Disney Adventure World,Frozen Ever After,15413,OPERATING,STANDBY,40,,,queue-times.com
2026-08-05T19:45:46Z,2026-08-05,21,45,Disney Adventure World,Raiponce Tangled Spin,15415,OPERATING,STANDBY,5,,,queue-times.com
