timestamp_utc,fecha,hora,minuto,parque,atraccion,atraccion_id,estado,tipo_cola,espera_min,hora_retorno,precio,fuente
2026-08-25T22:01:05Z,2026-08-26,0,1,Disneyland Park,Adventure Isle,2702,CLOSED,STANDBY,0,,,queue-times.com
2026-08-25T22:01:05Z,2026-08-26,0,1,Disneyland Park,Indiana Jones and the Temple of Peril Single Rider,7306,CLOSED,STANDBY,0,,,queue-times.com
2026-08-25T22:01:05Z,2026-08-26,0,1,Disneyland Park,Indiana Jones™ and the Temple of Peril,2,CLOSED,STANDBY,0,,,queue-times.com
2026-08-25T22:01:05Z,2026-08-26,0,1,Disneyland Park,La Cabane des Robinson,1,CLOSED,STANDBY,0,,,queue-times.com
2026-08-25T22:01:05Z,2026-08-26,0,1,Disneyland Park,Le Passage Enchanté d'Aladdin,2703,CLOSED,STANDBY,0,,,queue-times.com
2026-08-25T22:01:05Z,2026-08-26,0,1,Disneyland Park,Pirate Galleon,2705,CLOSED,STANDBY,0,,,queue-times.com
2026-08-25T22:01:05Z,2026-08-26,0,1,Disneyland Park,Pirates of the Caribbean,3,CLOSED,STANDBY,0,,,queue-times.com
2026-08-25T22:01:05Z,2026-08-26,0,1,Disneyland Park,Pirates' Beach,2704,CLOSED,STANDBY,0,,,queue-times.com
2026-08-25T22:01:05Z,2026-08-26,0,1,Disneyland Park,"Autopia, presented by Avis",4,CLOSED,STANDBY,0,,,queue-times.com
2026-08-25T22:01:05Z,2026-08-26,0,1,Disneyland Park,Buzz Lightyear Laser Blast,5,CLOSED,STANDBY,0,,,queue-times.com
2026-08-25T22:01:05Z,2026-08-26,0,1,Disneyland Park,Disneyland Railroad Discoveryland Station,2706,CLOSED,STANDBY,0,,,queue-times.com
2026-08-25T22:01:05Z,2026-08-26,0,1,Disneyland Park,Les Mystères du Nautilus,6,CLOSED,STANDBY,0,,,queue-times.com
2026-08-25T22:01:05Z,2026-08-26,0,1,Disneyland Park,Mickey’s PhilharMagic,2707,CLOSED,STANDBY,0,,,queue-times.com
2026-08-25T22:01:05Z,2026-08-26,0,1,Disneyland Park,Orbitron®,7,CLOSED,STANDBY,0,,,queue-times.com
2026-08-25T22:01:05Z,2026-08-26,0,1,Disneyland Park,Star Tours: The Adventures Continue*,9,CLOSED,STANDBY,0,,,queue-times.com
2026-08-25T22:01:05Z,2026-08-26,0,1,Disneyland Park,Star Wars Hyperspace Mountain,8,CLOSED,STANDBY,0,,,queue-times.com
2026-08-25T22:01:05Z,2026-08-26,0,1,Disneyland Park,Star Wars Hyperspace Mountain Single Rider,7278,CLOSED,STANDBY,0,,,queue-times.com
2026-08-25T22:01:05Z,2026-08-26,0,1,Disneyland Park,Welcome to Starport: A Star Wars Encounter,4573,CLOSED,STANDBY,0,,,queue-times.com
2026-08-25T22:01:05Z,2026-08-26,0,1,Disneyland Park,"""it's a small world""",19,CLOSED,STANDBY,0,,,queue-times.com
2026-08-25T22:01:05Z,2026-08-26,0,1,Disneyland Park,Alice's Curious Labyrinth,14,CLOSED,STANDBY,0,,,queue-times.com
2026-08-25T22:01:05Z,2026-08-26,0,1,Disneyland Park,Blanche-Neige et les Sept Nains®,15,CLOSED,STANDBY,0,,,queue-times.com
2026-08-25T22:01:05Z,2026-08-26,0,1,Disneyland Park,Casey Jr. – le Petit Train du Cirque,17,CLOSED,STANDBY,0,,,queue-times.com
2026-08-25T22:01:05Z,2026-08-26,0,1,Disneyland Park,Disneyland Railroad Fantasyland Station,2711,CLOSED,STANDBY,0,,,queue-times.com
2026-08-25T22:01:05Z,2026-08-26,0,1,Disneyland Park,Disneyland Railroad Main Street Station,11,CLOSED,STANDBY,0,,,queue-times.com
2026-08-25T22:01:05Z,2026-08-26,0,1,Disneyland Park,Dumbo the Flying Elephant,18,CLOSED,STANDBY,0,,,queue-times.com
2026-08-25T22:01:05Z,2026-08-26,0,1,Disneyland Park,La Tanière du Dragon,2710,CLOSED,STANDBY,0,,,queue-times.com
2026-08-25T22:01:05Z,2026-08-26,0,1,Disneyland Park,Le Carrousel de Lancelot,16,CLOSED,STANDBY,0,,,queue-times.com
2026-08-25T22:01:05Z,2026-08-26,0,1,Disneyland Park,"Le Pays des Contes de Fées, presented by Vittel",21,CLOSED,STANDBY,0,,,queue-times.com
2026-08-25T22:01:05Z,2026-08-26,0,1,Disneyland Park,Les Voyages de Pinocchio,23,CLOSED,STANDBY,0,,,queue-times.com
2026-08-25T22:01:05Z,2026-08-26,0,1,Disneyland Park,Mad Hatter's Tea Cups,20,CLOSED,STANDBY,0,,,queue-times.com
2026-08-25T22:01:05Z,2026-08-26,0,1,Disneyland Park,Meet Mickey Mouse,13,CLOSED,STANDBY,0,,,queue-times.com
2026-08-25T22:01:05Z,2026-08-26,0,1,Disneyland Park,Peter Pan's Flight,22,CLOSED,STANDBY,0,,,queue-times.com
2026-08-25T22:01:05Z,2026-08-26,0,1,Disneyland Park,Princess Pavilion,24,CLOSED,STANDBY,0,,,queue-times.com
2026-08-25T22:01:05Z,2026-08-26,0,1,Disneyland Park,Big Thunder Mountain,25,CLOSED,STANDBY,0,,,queue-times.com
2026-08-25T22:01:05Z,2026-08-26,0,1,Disneyland Park,Disneyland Railroad Frontierland Depot,2714,CLOSED,STANDBY,0,,,queue-times.com
2026-08-25T22:01:05Z,2026-08-26,0,1,Disneyland Park,Frontierland Playground,2713,CLOSED,STANDBY,0,,,queue-times.com
2026-08-25T22:01:05Z,2026-08-26,0,1,Disneyland Park,Phantom Manor,26,CLOSED,STANDBY,0,,,queue-times.com
2026-08-25T22:01:05Z,2026-08-26,0,1,Disneyland Park,River Rogue Keelboats,27,CLOSED,STANDBY,0,,,queue-times.com
2026-08-25T22:01:05Z,2026-08-26,0,1,Disneyland Park,Rustler Roundup Shootin' Gallery,2712,CLOSED,STANDBY,0,,,queue-times.com
2026-08-25T22:01:05Z,2026-08-26,0,1,Disneyland Park,Thunder Mesa Riverboat Landing,28,CLOSED,STANDBY,0,,,queue-times.com
2026-08-25T22:01:05Z,2026-08-26,0,1,Disneyland Park,Disneyland Railroad Main Street Station,2708,CLOSED,STANDBY,0,,,queue-times.com
2026-08-25T22:01:05Z,2026-08-26,0,1,Disneyland Park,Main Street Vehicles,12,CLOSED,STANDBY,0,,,queue-times.com
2026-08-25T22:01:05Z,2026-08-26,0,1,Disney Adventure World,Avengers Assemble: Flight Force,10848,CLOSED,STANDBY,0,,,queue-times.com
2026-08-25T22:01:05Z,2026-08-26,0,1,Disney Adventure World,Avengers Assemble: Flight Force Single Rider,10849,CLOSED,STANDBY,0,,,queue-times.com
2026-08-25T22:01:05Z,2026-08-26,0,1,Disney Adventure World,Spider-Man W.E.B. Adventure,10845,CLOSED,STANDBY,0,,,queue-times.com
2026-08-25T22:01:05Z,2026-08-26,0,1,Disney Adventure World,Spider-Man W.E.B. Adventure Single Rider,10846,CLOSED,STANDBY,0,,,queue-times.com
2026-08-25T22:01:05Z,2026-08-26,0,1,Disney Adventure World,The Twilight Zone Tower of Terror,40,CLOSED,STANDBY,0,,,queue-times.com
2026-08-25T22:01:05Z,2026-08-26,0,1,Disney Adventure World,Cars Quatre Roues Rallye,31,CLOSED,STANDBY,0,,,queue-times.com
2026-08-25T22:01:05Z,2026-08-26,0,1,Disney Adventure World,Cars ROAD TRIP,29,CLOSED,STANDBY,0,,,queue-times.com
2026-08-25T22:01:05Z,2026-08-26,0,1,Disney Adventure World,Crush's Coaster,32,CLOSED,STANDBY,0,,,queue-times.com
2026-08-25T22:01:05Z,2026-08-26,0,1,Disney Adventure World,Crush's Coaster Single Rider,7277,CLOSED,STANDBY,0,,,queue-times.com
2026-08-25T22:01:05Z,2026-08-26,0,1,Disney Adventure World,Les Tapis Volants - Flying Carpets Over Agrabah®,33,CLOSED,STANDBY,0,,,queue-times.com
2026-08-25T22:01:05Z,2026-08-26,0,1,Disney Adventure World,Ratatouille : L’Aventure Totalement Toquée de Rémy​,37,CLOSED,STANDBY,0,,,queue-times.com
2026-08-25T22:01:05Z,2026-08-26,0,1,Disney Adventure World,Ratatouille: The Adventure Single Rider,7279,CLOSED,STANDBY,0,,,queue-times.com
2026-08-25T22:01:05Z,2026-08-26,0,1,Disney Adventure World,RC Racer,34,CLOSED,STANDBY,0,,,queue-times.com
2026-08-25T22:01:05Z,2026-08-26,0,1,Disney Adventure World,RC Racer Single Rider,7280,CLOSED,STANDBY,0,,,queue-times.com
2026-08-25T22:01:05Z,2026-08-26,0,1,Disney Adventure World,Slinky® Dog Zigzag Spin,36,CLOSED,STANDBY,0,,,queue-times.com
2026-08-25T22:01:05Z,2026-08-26,0,1,Disney Adventure World,Toy Soldiers Parachute Drop,35,CLOSED,STANDBY,0,,,queue-times.com
2026-08-25T22:01:05Z,2026-08-26,0,1,Disney Adventure World,Toy Soldiers Parachute Drop Single Rider,7281,CLOSED,STANDBY,0,,,queue-times.com
2026-08-25T22:01:05Z,2026-08-26,0,1,Disney Adventure World,Entry to World of Frozen,16247,CLOSED,STANDBY,0,,,queue-times.com
2026-08-25T22:01:05Z,2026-08-26,0,1,Disney Adventure World,Frozen Ever After,15413,CLOSED,STANDBY,0,,,queue-times.com
2026-08-25T22:01:05Z,2026-08-26,0,1,Disney Adventure World,Raiponce Tangled Spin,15415,CLOSED,STANDBY,0,,,queue-times.com
2026-08-25T22:10:36Z,2026-08-26,0,10,Disneyland Park,Adventure Isle,2702,CLOSED,STANDBY,0,,,queue-times.com
2026-08-25T22:10:36Z,2026-08-26,0,10,Disneyland Park,Indiana Jones and the Temple of Peril Single Rider,7306,CLOSED,STANDBY,0,,,queue-times.com
2026-08-25T22:10:36Z,2026-08-26,0,10,Disneyland Park,Indiana Jones™ and the Temple of Peril,2,CLOSED,STANDBY,0,,,queue-times.com
2026-08-25T22:10:36Z,2026-08-26,0,10,Disneyland Park,La Cabane des Robinson,1,CLOSED,STANDBY,0,,,queue-times.com
2026-08-25T22:10:36Z,2026-08-26,0,10,Disneyland Park,Le Passage Enchanté d'Aladdin,2703,CLOSED,STANDBY,0,,,queue-times.com
2026-08-25T22:10:36Z,2026-08-26,0,10,Disneyland Park,Pirate Galleon,2705,CLOSED,STANDBY,0,,,queue-times.com
2026-08-25T22:10:36Z,2026-08-26,0,10,Disneyland Park,Pirates of the Caribbean,3,CLOSED,STANDBY,0,,,queue-times.com
2026-08-25T22:10:36Z,2026-08-26,0,10,Disneyland Park,Pirates' Beach,2704,CLOSED,STANDBY,0,,,queue-times.com
2026-08-25T22:10:36Z,2026-08-26,0,10,Disneyland Park,"Autopia, presented by Avis",4,CLOSED,STANDBY,0,,,queue-times.com
2026-08-25T22:10:36Z,2026-08-26,0,10,Disneyland Park,Buzz Lightyear Laser Blast,5,CLOSED,STANDBY,0,,,queue-times.com
2026-08-25T22:10:36Z,2026-08-26,0,10,Disneyland Park,Disneyland Railroad Discoveryland Station,2706,CLOSED,STANDBY,0,,,queue-times.com
2026-08-25T22:10:36Z,2026-08-26,0,10,Disneyland Park,Les Mystères du Nautilus,6,CLOSED,STANDBY,0,,,queue-times.com
2026-08-25T22:10:36Z,2026-08-26,0,10,Disneyland Park,Mickey’s PhilharMagic,2707,CLOSED,STANDBY,0,,,queue-times.com
2026-08-25T22:10:36Z,2026-08-26,0,10,Disneyland Park,Orbitron®,7,CLOSED,STANDBY,0,,,queue-times.com
2026-08-25T22:10:36Z,2026-08-26,0,10,Disneyland Park,Star Tours: The Adventures Continue*,9,CLOSED,STANDBY,0,,,queue-times.com
2026-08-25T22:10:36Z,2026-08-26,0,10,Disneyland Park,Star Wars Hyperspace Mountain,8,CLOSED,STANDBY,0,,,queue-times.com
2026-08-25T22:10:36Z,2026-08-26,0,10,Disneyland Park,Star Wars Hyperspace Mountain Single Rider,7278,CLOSED,STANDBY,0,,,queue-times.com
2026-08-25T22:10:36Z,2026-08-26,0,10,Disneyland Park,Welcome to Starport: A Star Wars Encounter,4573,CLOSED,STANDBY,0,,,queue-times.com
2026-08-25T22:10:36Z,2026-08-26,0,10,Disneyland Park,"""it's a small world""",19,CLOSED,STANDBY,0,,,queue-times.com
2026-08-25T22:10:36Z,2026-08-26,0,10,Disneyland Park,Alice's Curious Labyrinth,14,CLOSED,STANDBY,0,,,queue-times.com
2026-08-25T22:10:36Z,2026-08-26,0,10,Disneyland Park,Blanche-Neige et les Sept Nains®,15,CLOSED,STANDBY,0,,,queue-times.com
2026-08-25T22:10:36Z,2026-08-26,0,10,Disneyland Park,Casey Jr. – le Petit Train du Cirque,17,CLOSED,STANDBY,0,,,queue-times.com
2026-08-25T22:10:36Z,2026-08-26,0,10,Disneyland Park,Disneyland Railroad Fantasyland Station,2711,CLOSED,STANDBY,0,,,queue-times.com
2026-08-25T22:10:36Z,2026-08-26,0,10,Disneyland Park,Disneyland Railroad Main Street Station,11,CLOSED,STANDBY,0,,,queue-times.com
2026-08-25T22:10:36Z,2026-08-26,0,10,Disneyland Park,Dumbo the Flying Elephant,18,CLOSED,STANDBY,0,,,queue-times.com
2026-08-25T22:10:36Z,2026-08-26,0,10,Disneyland Park,La Tanière du Dragon,2710,CLOSED,STANDBY,0,,,queue-times.com
2026-08-25T22:10:36Z,2026-08-26,0,10,Disneyland Park,Le Carrousel de Lancelot,16,CLOSED,STANDBY,0,,,queue-times.com
2026-08-25T22:10:36Z,2026-08-26,0,10,Disneyland Park,"Le Pays des Contes de Fées, presented by Vittel",21,CLOSED,STANDBY,0,,,queue-times.com
2026-08-25T22:10:36Z,2026-08-26,0,10,Disneyland Park,Les Voyages de Pinocchio,23,CLOSED,STANDBY,0,,,queue-times.com
2026-08-25T22:10:36Z,2026-08-26,0,10,Disneyland Park,Mad Hatter's Tea Cups,20,CLOSED,STANDBY,0,,,queue-times.com
2026-08-25T22:10:36Z,2026-08-26,0,10,Disneyland Park,Meet Mickey Mouse,13,CLOSED,STANDBY,0,,,queue-times.com
2026-08-25T22:10:36Z,2026-08-26,0,10,Disneyland Park,Peter Pan's Flight,22,CLOSED,STANDBY,0,,,queue-times.com
2026-08-25T22:10:36Z,2026-08-26,0,10,Disneyland Park,Princess Pavilion,24,CLOSED,STANDBY,0,,,queue-times.com
2026-08-25T22:10:36Z,2026-08-26,0,10,Disneyland Park,Big Thunder Mountain,25,CLOSED,STANDBY,0,,,queue-times.com
2026-08-25T22:10:36Z,2026-08-26,0,10,Disneyland Park,Disneyland Railroad Frontierland Depot,2714,CLOSED,STANDBY,0,,,queue-times.com
2026-08-25T22:10:36Z,2026-08-26,0,10,Disneyland Park,Frontierland Playground,2713,CLOSED,STANDBY,0,,,queue-times.com
2026-08-25T22:10:36Z,2026-08-26,0,10,Disneyland Park,Phantom Manor,26,CLOSED,STANDBY,0,,,queue-times.com
2026-08-25T22:10:36Z,2026-08-26,0,10,Disneyland Park,River Rogue Keelboats,27,CLOSED,STANDBY,0,,,queue-times.com
2026-08-25T22:10:36Z,2026-08-26,0,10,Disneyland Park,Rustler Roundup Shootin' Gallery,2712,CLOSED,STANDBY,0,,,queue-times.com
2026-08-25T22:10:36Z,2026-08-26,0,10,Disneyland Park,Thunder Mesa Riverboat Landing,28,CLOSED,STANDBY,0,,,queue-times.com
2026-08-25T22:10:36Z,2026-08-26,0,10,Disneyland Park,Disneyland Railroad Main Street Station,2708,CLOSED,STANDBY,0,,,queue-times.com
2026-08-25T22:10:36Z,2026-08-26,0,10,Disneyland Park,Main Street Vehicles,12,CLOSED,STANDBY,0,,,queue-times.com
2026-08-25T22:10:36Z,2026-08-26,0,10,Disney Adventure World,Avengers Assemble: Flight Force,10848,CLOSED,STANDBY,0,,,queue-times.com
2026-08-25T22:10:36Z,2026-08-26,0,10,Disney Adventure World,Avengers Assemble: Flight Force Single Rider,10849,CLOSED,STANDBY,0,,,queue-times.com
2026-08-25T22:10:36Z,2026-08-26,0,10,Disney Adventure World,Spider-Man W.E.B. Adventure,10845,CLOSED,STANDBY,0,,,queue-times.com
2026-08-25T22:10:36Z,2026-08-26,0,10,Disney Adventure World,Spider-Man W.E.B. Adventure Single Rider,10846,CLOSED,STANDBY,0,,,queue-times.com
2026-08-25T22:10:36Z,2026-08-26,0,10,Disney Adventure World,The Twilight Zone Tower of Terror,40,CLOSED,STANDBY,0,,,queue-times.com
2026-08-25T22:10:36Z,2026-08-26,0,10,Disney Adventure World,Cars Quatre Roues Rallye,31,CLOSED,STANDBY,0,,,queue-times.com
2026-08-25T22:10:36Z,2026-08-26,0,10,Disney Adventure World,Cars ROAD TRIP,29,CLOSED,STANDBY,0,,,queue-times.com
2026-08-25T22:10:36Z,2026-08-26,0,10,Disney Adventure World,Crush's Coaster,32,CLOSED,STANDBY,0,,,queue-times.com
2026-08-25T22:10:36Z,2026-08-26,0,10,Disney Adventure World,Crush's Coaster Single Rider,7277,CLOSED,STANDBY,0,,,queue-times.com
2026-08-25T22:10:36Z,2026-08-26,0,10,Disney Adventure World,Les Tapis Volants - Flying Carpets Over Agrabah®,33,CLOSED,STANDBY,0,,,queue-times.com
2026-08-25T22:10:36Z,2026-08-26,0,10,Disney Adventure World,Ratatouille : L’Aventure Totalement Toquée de Rémy​,37,CLOSED,STANDBY,0,,,queue-times.com
2026-08-25T22:10:36Z,2026-08-26,0,10,Disney Adventure World,Ratatouille: The Adventure Single Rider,7279,CLOSED,STANDBY,0,,,queue-times.com
2026-08-25T22:10:36Z,2026-08-26,0,10,Disney Adventure World,RC Racer,34,CLOSED,STANDBY,0,,,queue-times.com
2026-08-25T22:10:36Z,2026-08-26,0,10,Disney Adventure World,RC Racer Single Rider,7280,CLOSED,STANDBY,0,,,queue-times.com
2026-08-25T22:10:36Z,2026-08-26,0,10,Disney Adventure World,Slinky® Dog Zigzag Spin,36,CLOSED,STANDBY,0,,,queue-times.com
2026-08-25T22:10:36Z,2026-08-26,0,10,Disney Adventure World,Toy Soldiers Parachute Drop,35,CLOSED,STANDBY,0,,,queue-times.com
2026-08-25T22:10:36Z,2026-08-26,0,10,Disney Adventure World,Toy Soldiers Parachute Drop Single Rider,7281,CLOSED,STANDBY,0,,,queue-times.com
2026-08-25T22:10:36Z,2026-08-26,0,10,Disney Adventure World,Entry to World of Frozen,16247,CLOSED,STANDBY,0,,,queue-times.com
2026-08-25T22:10:36Z,2026-08-26,0,10,Disney Adventure World,Frozen Ever After,15413,CLOSED,STANDBY,0,,,queue-times.com
2026-08-25T22:10:36Z,2026-08-26,0,10,Disney Adventure World,Raiponce Tangled Spin,15415,CLOSED,STANDBY,0,,,queue-times.com
2026-08-25T22:15:35Z,2026-08-26,0,15,Disneyland Park,Adventure Isle,2702,CLOSED,STANDBY,0,,,queue-times.com
2026-08-25T22:15:35Z,2026-08-26,0,15,Disneyland Park,Indiana Jones and the Temple of Peril Single Rider,7306,CLOSED,STANDBY,0,,,queue-times.com
2026-08-25T22:15:35Z,2026-08-26,0,15,Disneyland Park,Indiana Jones™ and the Temple of Peril,2,CLOSED,STANDBY,0,,,queue-times.com
2026-08-25T22:15:35Z,2026-08-26,0,15,Disneyland Park,La Cabane des Robinson,1,CLOSED,STANDBY,0,,,queue-times.com
2026-08-25T22:15:35Z,2026-08-26,0,15,Disneyland Park,Le Passage Enchanté d'Aladdin,2703,CLOSED,STANDBY,0,,,queue-times.com
2026-08-25T22:15:35Z,2026-08-26,0,15,Disneyland Park,Pirate Galleon,2705,CLOSED,STANDBY,0,,,queue-times.com
2026-08-25T22:15:35Z,2026-08-26,0,15,Disneyland Park,Pirates of the Caribbean,3,CLOSED,STANDBY,0,,,queue-times.com
2026-08-25T22:15:35Z,2026-08-26,0,15,Disneyland Park,Pirates' Beach,2704,CLOSED,STANDBY,0,,,queue-times.com
2026-08-25T22:15:35Z,2026-08-26,0,15,Disneyland Park,"Autopia, presented by Avis",4,CLOSED,STANDBY,0,,,queue-times.com
2026-08-25T22:15:35Z,2026-08-26,0,15,Disneyland Park,Buzz Lightyear Laser Blast,5,CLOSED,STANDBY,0,,,queue-times.com
2026-08-25T22:15:35Z,2026-08-26,0,15,Disneyland Park,Disneyland Railroad Discoveryland Station,2706,CLOSED,STANDBY,0,,,queue-times.com
2026-08-25T22:15:35Z,2026-08-26,0,15,Disneyland Park,Les Mystères du Nautilus,6,CLOSED,STANDBY,0,,,queue-times.com
2026-08-25T22:15:35Z,2026-08-26,0,15,Disneyland Park,Mickey’s PhilharMagic,2707,CLOSED,STANDBY,0,,,queue-times.com
2026-08-25T22:15:35Z,2026-08-26,0,15,Disneyland Park,Orbitron®,7,CLOSED,STANDBY,0,,,queue-times.com
2026-08-25T22:15:35Z,2026-08-26,0,15,Disneyland Park,Star Tours: The Adventures Continue*,9,CLOSED,STANDBY,0,,,queue-times.com
2026-08-25T22:15:35Z,2026-08-26,0,15,Disneyland Park,Star Wars Hyperspace Mountain,8,CLOSED,STANDBY,0,,,queue-times.com
2026-08-25T22:15:35Z,2026-08-26,0,15,Disneyland Park,Star Wars Hyperspace Mountain Single Rider,7278,CLOSED,STANDBY,0,,,queue-times.com
2026-08-25T22:15:35Z,2026-08-26,0,15,Disneyland Park,Welcome to Starport: A Star Wars Encounter,4573,CLOSED,STANDBY,0,,,queue-times.com
2026-08-25T22:15:35Z,2026-08-26,0,15,Disneyland Park,"""it's a small world""",19,CLOSED,STANDBY,0,,,queue-times.com
2026-08-25T22:15:35Z,2026-08-26,0,15,Disneyland Park,Alice's Curious Labyrinth,14,CLOSED,STANDBY,0,,,queue-times.com
2026-08-25T22:15:35Z,2026-08-26,0,15,Disneyland Park,Blanche-Neige et les Sept Nains®,15,CLOSED,STANDBY,0,,,queue-times.com
2026-08-25T22:15:35Z,2026-08-26,0,15,Disneyland Park,Casey Jr. – le Petit Train du Cirque,17,CLOSED,STANDBY,0,,,queue-times.com
2026-08-25T22:15:35Z,2026-08-26,0,15,Disneyland Park,Disneyland Railroad Fantasyland Station,2711,CLOSED,STANDBY,0,,,queue-times.com
2026-08-25T22:15:35Z,2026-08-26,0,15,Disneyland Park,Disneyland Railroad Main Street Station,11,CLOSED,STANDBY,0,,,queue-times.com
2026-08-25T22:15:35Z,2026-08-26,0,15,Disneyland Park,Dumbo the Flying Elephant,18,CLOSED,STANDBY,0,,,queue-times.com
2026-08-25T22:15:35Z,2026-08-26,0,15,Disneyland Park,La Tanière du Dragon,2710,CLOSED,STANDBY,0,,,queue-times.com
2026-08-25T22:15:35Z,2026-08-26,0,15,Disneyland Park,Le Carrousel de Lancelot,16,CLOSED,STANDBY,0,,,queue-times.com
2026-08-25T22:15:35Z,2026-08-26,0,15,Disneyland Park,"Le Pays des Contes de Fées, presented by Vittel",21,CLOSED,STANDBY,0,,,queue-times.com
2026-08-25T22:15:35Z,2026-08-26,0,15,Disneyland Park,Les Voyages de Pinocchio,23,CLOSED,STANDBY,0,,,queue-times.com
2026-08-25T22:15:35Z,2026-08-26,0,15,Disneyland Park,Mad Hatter's Tea Cups,20,CLOSED,STANDBY,0,,,queue-times.com
2026-08-25T22:15:35Z,2026-08-26,0,15,Disneyland Park,Meet Mickey Mouse,13,CLOSED,STANDBY,0,,,queue-times.com
2026-08-25T22:15:35Z,2026-08-26,0,15,Disneyland Park,Peter Pan's Flight,22,CLOSED,STANDBY,0,,,queue-times.com
2026-08-25T22:15:35Z,2026-08-26,0,15,Disneyland Park,Princess Pavilion,24,CLOSED,STANDBY,0,,,queue-times.com
2026-08-25T22:15:35Z,2026-08-26,0,15,Disneyland Park,Big Thunder Mountain,25,CLOSED,STANDBY,0,,,queue-times.com
2026-08-25T22:15:35Z,2026-08-26,0,15,Disneyland Park,Disneyland Railroad Frontierland Depot,2714,CLOSED,STANDBY,0,,,queue-times.com
2026-08-25T22:15:35Z,2026-08-26,0,15,Disneyland Park,Frontierland Playground,2713,CLOSED,STANDBY,0,,,queue-times.com
2026-08-25T22:15:35Z,2026-08-26,0,15,Disneyland Park,Phantom Manor,26,CLOSED,STANDBY,0,,,queue-times.com
2026-08-25T22:15:35Z,2026-08-26,0,15,Disneyland Park,River Rogue Keelboats,27,CLOSED,STANDBY,0,,,queue-times.com
2026-08-25T22:15:35Z,2026-08-26,0,15,Disneyland Park,Rustler Roundup Shootin' Gallery,2712,CLOSED,STANDBY,0,,,queue-times.com
2026-08-25T22:15:35Z,2026-08-26,0,15,Disneyland Park,Thunder Mesa Riverboat Landing,28,CLOSED,STANDBY,0,,,queue-times.com
2026-08-25T22:15:35Z,2026-08-26,0,15,Disneyland Park,Disneyland Railroad Main Street Station,2708,CLOSED,STANDBY,0,,,queue-times.com
2026-08-25T22:15:35Z,2026-08-26,0,15,Disneyland Park,Main Street Vehicles,12,CLOSED,STANDBY,0,,,queue-times.com
2026-08-25T22:15:35Z,2026-08-26,0,15,Disney Adventure World,Avengers Assemble: Flight Force,10848,CLOSED,STANDBY,0,,,queue-times.com
2026-08-25T22:15:35Z,2026-08-26,0,15,Disney Adventure World,Avengers Assemble: Flight Force Single Rider,10849,CLOSED,STANDBY,0,,,queue-times.com
2026-08-25T22:15:35Z,2026-08-26,0,15,Disney Adventure World,Spider-Man W.E.B. Adventure,10845,CLOSED,STANDBY,0,,,queue-times.com
2026-08-25T22:15:35Z,2026-08-26,0,15,Disney Adventure World,Spider-Man W.E.B. Adventure Single Rider,10846,CLOSED,STANDBY,0,,,queue-times.com
2026-08-25T22:15:35Z,2026-08-26,0,15,Disney Adventure World,The Twilight Zone Tower of Terror,40,CLOSED,STANDBY,0,,,queue-times.com
2026-08-25T22:15:35Z,2026-08-26,0,15,Disney Adventure World,Cars Quatre Roues Rallye,31,CLOSED,STANDBY,0,,,queue-times.com
2026-08-25T22:15:35Z,2026-08-26,0,15,Disney Adventure World,Cars ROAD TRIP,29,CLOSED,STANDBY,0,,,queue-times.com
2026-08-25T22:15:35Z,2026-08-26,0,15,Disney Adventure World,Crush's Coaster,32,CLOSED,STANDBY,0,,,queue-times.com
2026-08-25T22:15:35Z,2026-08-26,0,15,Disney Adventure World,Crush's Coaster Single Rider,7277,CLOSED,STANDBY,0,,,queue-times.com
2026-08-25T22:15:35Z,2026-08-26,0,15,Disney Adventure World,Les Tapis Volants - Flying Carpets Over Agrabah®,33,CLOSED,STANDBY,0,,,queue-times.com
2026-08-25T22:15:35Z,2026-08-26,0,15,Disney Adventure World,Ratatouille : L’Aventure Totalement Toquée de Rémy​,37,CLOSED,STANDBY,0,,,queue-times.com
2026-08-25T22:15:35Z,2026-08-26,0,15,Disney Adventure World,Ratatouille: The Adventure Single Rider,7279,CLOSED,STANDBY,0,,,queue-times.com
2026-08-25T22:15:35Z,2026-08-26,0,15,Disney Adventure World,RC Racer,34,CLOSED,STANDBY,0,,,queue-times.com
2026-08-25T22:15:35Z,2026-08-26,0,15,Disney Adventure World,RC Racer Single Rider,7280,CLOSED,STANDBY,0,,,queue-times.com
2026-08-25T22:15:35Z,2026-08-26,0,15,Disney Adventure World,Slinky® Dog Zigzag Spin,36,CLOSED,STANDBY,0,,,queue-times.com
2026-08-25T22:15:35Z,2026-08-26,0,15,Disney Adventure World,Toy Soldiers Parachute Drop,35,CLOSED,STANDBY,0,,,queue-times.com
2026-08-25T22:15:35Z,2026-08-26,0,15,Disney Adventure World,Toy Soldiers Parachute Drop Single Rider,7281,CLOSED,STANDBY,0,,,queue-times.com
2026-08-25T22:15:35Z,2026-08-26,0,15,Disney Adventure World,Entry to World of Frozen,16247,CLOSED,STANDBY,0,,,queue-times.com
2026-08-25T22:15:35Z,2026-08-26,0,15,Disney Adventure World,Frozen Ever After,15413,CLOSED,STANDBY,0,,,queue-times.com
2026-08-25T22:15:35Z,2026-08-26,0,15,Disney Adventure World,Raiponce Tangled Spin,15415,CLOSED,STANDBY,0,,,queue-times.com
2026-08-25T22:30:52Z,2026-08-26,0,30,Disneyland Park,Adventure Isle,2702,CLOSED,STANDBY,0,,,queue-times.com
2026-08-25T22:30:52Z,2026-08-26,0,30,Disneyland Park,Indiana Jones and the Temple of Peril Single Rider,7306,CLOSED,STANDBY,0,,,queue-times.com
2026-08-25T22:30:52Z,2026-08-26,0,30,Disneyland Park,Indiana Jones™ and the Temple of Peril,2,CLOSED,STANDBY,0,,,queue-times.com
2026-08-25T22:30:52Z,2026-08-26,0,30,Disneyland Park,La Cabane des Robinson,1,CLOSED,STANDBY,0,,,queue-times.com
2026-08-25T22:30:52Z,2026-08-26,0,30,Disneyland Park,Le Passage Enchanté d'Aladdin,2703,CLOSED,STANDBY,0,,,queue-times.com
2026-08-25T22:30:52Z,2026-08-26,0,30,Disneyland Park,Pirate Galleon,2705,CLOSED,STANDBY,0,,,queue-times.com
2026-08-25T22:30:52Z,2026-08-26,0,30,Disneyland Park,Pirates of the Caribbean,3,CLOSED,STANDBY,0,,,queue-times.com
2026-08-25T22:30:52Z,2026-08-26,0,30,Disneyland Park,Pirates' Beach,2704,CLOSED,STANDBY,0,,,queue-times.com
2026-08-25T22:30:52Z,2026-08-26,0,30,Disneyland Park,"Autopia, presented by Avis",4,CLOSED,STANDBY,0,,,queue-times.com
2026-08-25T22:30:52Z,2026-08-26,0,30,Disneyland Park,Buzz Lightyear Laser Blast,5,CLOSED,STANDBY,0,,,queue-times.com
2026-08-25T22:30:52Z,2026-08-26,0,30,Disneyland Park,Disneyland Railroad Discoveryland Station,2706,CLOSED,STANDBY,0,,,queue-times.com
2026-08-25T22:30:52Z,2026-08-26,0,30,Disneyland Park,Les Mystères du Nautilus,6,CLOSED,STANDBY,0,,,queue-times.com
2026-08-25T22:30:52Z,2026-08-26,0,30,Disneyland Park,Mickey’s PhilharMagic,2707,CLOSED,STANDBY,0,,,queue-times.com
2026-08-25T22:30:52Z,2026-08-26,0,30,Disneyland Park,Orbitron®,7,CLOSED,STANDBY,0,,,queue-times.com
2026-08-25T22:30:52Z,2026-08-26,0,30,Disneyland Park,Star Tours: The Adventures Continue*,9,CLOSED,STANDBY,0,,,queue-times.com
2026-08-25T22:30:52Z,2026-08-26,0,30,Disneyland Park,Star Wars Hyperspace Mountain,8,CLOSED,STANDBY,0,,,queue-times.com
2026-08-25T22:30:52Z,2026-08-26,0,30,Disneyland Park,Star Wars Hyperspace Mountain Single Rider,7278,CLOSED,STANDBY,0,,,queue-times.com
2026-08-25T22:30:52Z,2026-08-26,0,30,Disneyland Park,Welcome to Starport: A Star Wars Encounter,4573,CLOSED,STANDBY,0,,,queue-times.com
2026-08-25T22:30:52Z,2026-08-26,0,30,Disneyland Park,"""it's a small world""",19,CLOSED,STANDBY,0,,,queue-times.com
2026-08-25T22:30:52Z,2026-08-26,0,30,Disneyland Park,Alice's Curious Labyrinth,14,CLOSED,STANDBY,0,,,queue-times.com
2026-08-25T22:30:52Z,2026-08-26,0,30,Disneyland Park,Blanche-Neige et les Sept Nains®,15,CLOSED,STANDBY,0,,,queue-times.com
2026-08-25T22:30:52Z,2026-08-26,0,30,Disneyland Park,Casey Jr. – le Petit Train du Cirque,17,CLOSED,STANDBY,0,,,queue-times.com
2026-08-25T22:30:52Z,2026-08-26,0,30,Disneyland Park,Disneyland Railroad Fantasyland Station,2711,CLOSED,STANDBY,0,,,queue-times.com
2026-08-25T22:30:52Z,2026-08-26,0,30,Disneyland Park,Disneyland Railroad Main Street Station,11,CLOSED,STANDBY,0,,,queue-times.com
2026-08-25T22:30:52Z,2026-08-26,0,30,Disneyland Park,Dumbo the Flying Elephant,18,CLOSED,STANDBY,0,,,queue-times.com
2026-08-25T22:30:52Z,2026-08-26,0,30,Disneyland Park,La Tanière du Dragon,2710,CLOSED,STANDBY,0,,,queue-times.com
2026-08-25T22:30:52Z,2026-08-26,0,30,Disneyland Park,Le Carrousel de Lancelot,16,CLOSED,STANDBY,0,,,queue-times.com
2026-08-25T22:30:52Z,2026-08-26,0,30,Disneyland Park,"Le Pays des Contes de Fées, presented by Vittel",21,CLOSED,STANDBY,0,,,queue-times.com
2026-08-25T22:30:52Z,2026-08-26,0,30,Disneyland Park,Les Voyages de Pinocchio,23,CLOSED,STANDBY,0,,,queue-times.com
2026-08-25T22:30:52Z,2026-08-26,0,30,Disneyland Park,Mad Hatter's Tea Cups,20,CLOSED,STANDBY,0,,,queue-times.com
2026-08-25T22:30:52Z,2026-08-26,0,30,Disneyland Park,Meet Mickey Mouse,13,CLOSED,STANDBY,0,,,queue-times.com
2026-08-25T22:30:52Z,2026-08-26,0,30,Disneyland Park,Peter Pan's Flight,22,CLOSED,STANDBY,0,,,queue-times.com
2026-08-25T22:30:52Z,2026-08-26,0,30,Disneyland Park,Princess Pavilion,24,CLOSED,STANDBY,0,,,queue-times.com
2026-08-25T22:30:52Z,2026-08-26,0,30,Disneyland Park,Big Thunder Mountain,25,CLOSED,STANDBY,0,,,queue-times.com
2026-08-25T22:30:52Z,2026-08-26,0,30,Disneyland Park,Disneyland Railroad Frontierland Depot,2714,CLOSED,STANDBY,0,,,queue-times.com
2026-08-25T22:30:52Z,2026-08-26,0,30,Disneyland Park,Frontierland Playground,2713,CLOSED,STANDBY,0,,,queue-times.com
2026-08-25T22:30:52Z,2026-08-26,0,30,Disneyland Park,Phantom Manor,26,CLOSED,STANDBY,0,,,queue-times.com
2026-08-25T22:30:52Z,2026-08-26,0,30,Disneyland Park,River Rogue Keelboats,27,CLOSED,STANDBY,0,,,queue-times.com
2026-08-25T22:30:52Z,2026-08-26,0,30,Disneyland Park,Rustler Roundup Shootin' Gallery,2712,CLOSED,STANDBY,0,,,queue-times.com
2026-08-25T22:30:52Z,2026-08-26,0,30,Disneyland Park,Thunder Mesa Riverboat Landing,28,CLOSED,STANDBY,0,,,queue-times.com
2026-08-25T22:30:52Z,2026-08-26,0,30,Disneyland Park,Disneyland Railroad Main Street Station,2708,CLOSED,STANDBY,0,,,queue-times.com
2026-08-25T22:30:52Z,2026-08-26,0,30,Disneyland Park,Main Street Vehicles,12,CLOSED,STANDBY,0,,,queue-times.com
2026-08-25T22:30:52Z,2026-08-26,0,30,Disney Adventure World,Avengers Assemble: Flight Force,10848,CLOSED,STANDBY,0,,,queue-times.com
2026-08-25T22:30:52Z,2026-08-26,0,30,Disney Adventure World,Avengers Assemble: Flight Force Single Rider,10849,CLOSED,STANDBY,0,,,queue-times.com
2026-08-25T22:30:52Z,2026-08-26,0,30,Disney Adventure World,Spider-Man W.E.B. Adventure,10845,CLOSED,STANDBY,0,,,queue-times.com
2026-08-25T22:30:52Z,2026-08-26,0,30,Disney Adventure World,Spider-Man W.E.B. Adventure Single Rider,10846,CLOSED,STANDBY,0,,,queue-times.com
2026-08-25T22:30:52Z,2026-08-26,0,30,Disney Adventure World,The Twilight Zone Tower of Terror,40,CLOSED,STANDBY,0,,,queue-times.com
2026-08-25T22:30:52Z,2026-08-26,0,30,Disney Adventure World,Cars Quatre Roues Rallye,31,CLOSED,STANDBY,0,,,queue-times.com
2026-08-25T22:30:52Z,2026-08-26,0,30,Disney Adventure World,Cars ROAD TRIP,29,CLOSED,STANDBY,0,,,queue-times.com
2026-08-25T22:30:52Z,2026-08-26,0,30,Disney Adventure World,Crush's Coaster,32,CLOSED,STANDBY,0,,,queue-times.com
2026-08-25T22:30:52Z,2026-08-26,0,30,Disney Adventure World,Crush's Coaster Single Rider,7277,CLOSED,STANDBY,0,,,queue-times.com
2026-08-25T22:30:52Z,2026-08-26,0,30,Disney Adventure World,Les Tapis Volants - Flying Carpets Over Agrabah®,33,CLOSED,STANDBY,0,,,queue-times.com
2026-08-25T22:30:52Z,2026-08-26,0,30,Disney Adventure World,Ratatouille : L’Aventure Totalement Toquée de Rémy​,37,CLOSED,STANDBY,0,,,queue-times.com
2026-08-25T22:30:52Z,2026-08-26,0,30,Disney Adventure World,Ratatouille: The Adventure Single Rider,7279,CLOSED,STANDBY,0,,,queue-times.com
2026-08-25T22:30:52Z,2026-08-26,0,30,Disney Adventure World,RC Racer,34,CLOSED,STANDBY,0,,,queue-times.com
2026-08-25T22:30:52Z,2026-08-26,0,30,Disney Adventure World,RC Racer Single Rider,7280,CLOSED,STANDBY,0,,,queue-times.com
2026-08-25T22:30:52Z,2026-08-26,0,30,Disney Adventure World,Slinky® Dog Zigzag Spin,36,CLOSED,STANDBY,0,,,queue-times.com
2026-08-25T22:30:52Z,2026-08-26,0,30,Disney Adventure World,Toy Soldiers Parachute Drop,35,CLOSED,STANDBY,0,,,queue-times.com
2026-08-25T22:30:52Z,2026-08-26,0,30,Disney Adventure World,Toy Soldiers Parachute Drop Single Rider,7281,CLOSED,STANDBY,0,,,queue-times.com
2026-08-25T22:30:52Z,2026-08-26,0,30,Disney Adventure World,Entry to World of Frozen,16247,CLOSED,STANDBY,0,,,queue-times.com
2026-08-25T22:30:52Z,2026-08-26,0,30,Disney Adventure World,Frozen Ever After,15413,CLOSED,STANDBY,0,,,queue-times.com
2026-08-25T22:30:52Z,2026-08-26,0,30,Disney Adventure World,Raiponce Tangled Spin,15415,CLOSED,STANDBY,0,,,queue-times.com
2026-08-25T22:45:35Z,2026-08-26,0,45,Disneyland Park,Adventure Isle,2702,CLOSED,STANDBY,0,,,queue-times.com
2026-08-25T22:45:35Z,2026-08-26,0,45,Disneyland Park,Indiana Jones and the Temple of Peril Single Rider,7306,CLOSED,STANDBY,0,,,queue-times.com
2026-08-25T22:45:35Z,2026-08-26,0,45,Disneyland Park,Indiana Jones™ and the Temple of Peril,2,CLOSED,STANDBY,0,,,queue-times.com
2026-08-25T22:45:35Z,2026-08-26,0,45,Disneyland Park,La Cabane des Robinson,1,CLOSED,STANDBY,0,,,queue-times.com
2026-08-25T22:45:35Z,2026-08-26,0,45,Disneyland Park,Le Passage Enchanté d'Aladdin,2703,CLOSED,STANDBY,0,,,queue-times.com
2026-08-25T22:45:35Z,2026-08-26,0,45,Disneyland Park,Pirate Galleon,2705,CLOSED,STANDBY,0,,,queue-times.com
2026-08-25T22:45:35Z,2026-08-26,0,45,Disneyland Park,Pirates of the Caribbean,3,CLOSED,STANDBY,0,,,queue-times.com
2026-08-25T22:45:35Z,2026-08-26,0,45,Disneyland Park,Pirates' Beach,2704,CLOSED,STANDBY,0,,,queue-times.com
2026-08-25T22:45:35Z,2026-08-26,0,45,Disneyland Park,"Autopia, presented by Avis",4,CLOSED,STANDBY,0,,,queue-times.com
2026-08-25T22:45:35Z,2026-08-26,0,45,Disneyland Park,Buzz Lightyear Laser Blast,5,CLOSED,STANDBY,0,,,queue-times.com
2026-08-25T22:45:35Z,2026-08-26,0,45,Disneyland Park,Disneyland Railroad Discoveryland Station,2706,CLOSED,STANDBY,0,,,queue-times.com
2026-08-25T22:45:35Z,2026-08-26,0,45,Disneyland Park,Les Mystères du Nautilus,6,CLOSED,STANDBY,0,,,queue-times.com
2026-08-25T22:45:35Z,2026-08-26,0,45,Disneyland Park,Mickey’s PhilharMagic,2707,CLOSED,STANDBY,0,,,queue-times.com
2026-08-25T22:45:35Z,2026-08-26,0,45,Disneyland Park,Orbitron®,7,CLOSED,STANDBY,0,,,queue-times.com
2026-08-25T22:45:35Z,2026-08-26,0,45,Disneyland Park,Star Tours: The Adventures Continue*,9,CLOSED,STANDBY,0,,,queue-times.com
2026-08-25T22:45:35Z,2026-08-26,0,45,Disneyland Park,Star Wars Hyperspace Mountain,8,CLOSED,STANDBY,0,,,queue-times.com
2026-08-25T22:45:35Z,2026-08-26,0,45,Disneyland Park,Star Wars Hyperspace Mountain Single Rider,7278,CLOSED,STANDBY,0,,,queue-times.com
2026-08-25T22:45:35Z,2026-08-26,0,45,Disneyland Park,Welcome to Starport: A Star Wars Encounter,4573,CLOSED,STANDBY,0,,,queue-times.com
2026-08-25T22:45:35Z,2026-08-26,0,45,Disneyland Park,"""it's a small world""",19,CLOSED,STANDBY,0,,,queue-times.com
2026-08-25T22:45:35Z,2026-08-26,0,45,Disneyland Park,Alice's Curious Labyrinth,14,CLOSED,STANDBY,0,,,queue-times.com
2026-08-25T22:45:35Z,2026-08-26,0,45,Disneyland Park,Blanche-Neige et les Sept Nains®,15,CLOSED,STANDBY,0,,,queue-times.com
2026-08-25T22:45:35Z,2026-08-26,0,45,Disneyland Park,Casey Jr. – le Petit Train du Cirque,17,CLOSED,STANDBY,0,,,queue-times.com
2026-08-25T22:45:35Z,2026-08-26,0,45,Disneyland Park,Disneyland Railroad Fantasyland Station,2711,CLOSED,STANDBY,0,,,queue-times.com
2026-08-25T22:45:35Z,2026-08-26,0,45,Disneyland Park,Disneyland Railroad Main Street Station,11,CLOSED,STANDBY,0,,,queue-times.com
2026-08-25T22:45:35Z,2026-08-26,0,45,Disneyland Park,Dumbo the Flying Elephant,18,CLOSED,STANDBY,0,,,queue-times.com
2026-08-25T22:45:35Z,2026-08-26,0,45,Disneyland Park,La Tanière du Dragon,2710,CLOSED,STANDBY,0,,,queue-times.com
2026-08-25T22:45:35Z,2026-08-26,0,45,Disneyland Park,Le Carrousel de Lancelot,16,CLOSED,STANDBY,0,,,queue-times.com
2026-08-25T22:45:35Z,2026-08-26,0,45,Disneyland Park,"Le Pays des Contes de Fées, presented by Vittel",21,CLOSED,STANDBY,0,,,queue-times.com
2026-08-25T22:45:35Z,2026-08-26,0,45,Disneyland Park,Les Voyages de Pinocchio,23,CLOSED,STANDBY,0,,,queue-times.com
2026-08-25T22:45:35Z,2026-08-26,0,45,Disneyland Park,Mad Hatter's Tea Cups,20,CLOSED,STANDBY,0,,,queue-times.com
2026-08-25T22:45:35Z,2026-08-26,0,45,Disneyland Park,Meet Mickey Mouse,13,CLOSED,STANDBY,0,,,queue-times.com
2026-08-25T22:45:35Z,2026-08-26,0,45,Disneyland Park,Peter Pan's Flight,22,CLOSED,STANDBY,0,,,queue-times.com
2026-08-25T22:45:35Z,2026-08-26,0,45,Disneyland Park,Princess Pavilion,24,CLOSED,STANDBY,0,,,queue-times.com
2026-08-25T22:45:35Z,2026-08-26,0,45,Disneyland Park,Big Thunder Mountain,25,CLOSED,STANDBY,0,,,queue-times.com
2026-08-25T22:45:35Z,2026-08-26,0,45,Disneyland Park,Disneyland Railroad Frontierland Depot,2714,CLOSED,STANDBY,0,,,queue-times.com
2026-08-25T22:45:35Z,2026-08-26,0,45,Disneyland Park,Frontierland Playground,2713,CLOSED,STANDBY,0,,,queue-times.com
2026-08-25T22:45:35Z,2026-08-26,0,45,Disneyland Park,Phantom Manor,26,CLOSED,STANDBY,0,,,queue-times.com
2026-08-25T22:45:35Z,2026-08-26,0,45,Disneyland Park,River Rogue Keelboats,27,CLOSED,STANDBY,0,,,queue-times.com
2026-08-25T22:45:35Z,2026-08-26,0,45,Disneyland Park,Rustler Roundup Shootin' Gallery,2712,CLOSED,STANDBY,0,,,queue-times.com
2026-08-25T22:45:35Z,2026-08-26,0,45,Disneyland Park,Thunder Mesa Riverboat Landing,28,CLOSED,STANDBY,0,,,queue-times.com
2026-08-25T22:45:35Z,2026-08-26,0,45,Disneyland Park,Disneyland Railroad Main Street Station,2708,CLOSED,STANDBY,0,,,queue-times.com
2026-08-25T22:45:35Z,2026-08-26,0,45,Disneyland Park,Main Street Vehicles,12,CLOSED,STANDBY,0,,,queue-times.com
2026-08-25T22:45:35Z,2026-08-26,0,45,Disney Adventure World,Avengers Assemble: Flight Force,10848,CLOSED,STANDBY,0,,,queue-times.com
2026-08-25T22:45:35Z,2026-08-26,0,45,Disney Adventure World,Avengers Assemble: Flight Force Single Rider,10849,CLOSED,STANDBY,0,,,queue-times.com
2026-08-25T22:45:35Z,2026-08-26,0,45,Disney Adventure World,Spider-Man W.E.B. Adventure,10845,CLOSED,STANDBY,0,,,queue-times.com
2026-08-25T22:45:35Z,2026-08-26,0,45,Disney Adventure World,Spider-Man W.E.B. Adventure Single Rider,10846,CLOSED,STANDBY,0,,,queue-times.com
2026-08-25T22:45:35Z,2026-08-26,0,45,Disney Adventure World,The Twilight Zone Tower of Terror,40,CLOSED,STANDBY,0,,,queue-times.com
2026-08-25T22:45:35Z,2026-08-26,0,45,Disney Adventure World,Cars Quatre Roues Rallye,31,CLOSED,STANDBY,0,,,queue-times.com
2026-08-25T22:45:35Z,2026-08-26,0,45,Disney Adventure World,Cars ROAD TRIP,29,CLOSED,STANDBY,0,,,queue-times.com
2026-08-25T22:45:35Z,2026-08-26,0,45,Disney Adventure World,Crush's Coaster,32,CLOSED,STANDBY,0,,,queue-times.com
2026-08-25T22:45:35Z,2026-08-26,0,45,Disney Adventure World,Crush's Coaster Single Rider,7277,CLOSED,STANDBY,0,,,queue-times.com
2026-08-25T22:45:35Z,2026-08-26,0,45,Disney Adventure World,Les Tapis Volants - Flying Carpets Over Agrabah®,33,CLOSED,STANDBY,0,,,queue-times.com
2026-08-25T22:45:35Z,2026-08-26,0,45,Disney Adventure World,Ratatouille : L’Aventure Totalement Toquée de Rémy​,37,CLOSED,STANDBY,0,,,queue-times.com
2026-08-25T22:45:35Z,2026-08-26,0,45,Disney Adventure World,Ratatouille: The Adventure Single Rider,7279,CLOSED,STANDBY,0,,,queue-times.com
2026-08-25T22:45:35Z,2026-08-26,0,45,Disney Adventure World,RC Racer,34,CLOSED,STANDBY,0,,,queue-times.com
2026-08-25T22:45:35Z,2026-08-26,0,45,Disney Adventure World,RC Racer Single Rider,7280,CLOSED,STANDBY,0,,,queue-times.com
2026-08-25T22:45:35Z,2026-08-26,0,45,Disney Adventure World,Slinky® Dog Zigzag Spin,36,CLOSED,STANDBY,0,,,queue-times.com
2026-08-25T22:45:35Z,2026-08-26,0,45,Disney Adventure World,Toy Soldiers Parachute Drop,35,CLOSED,STANDBY,0,,,queue-times.com
2026-08-25T22:45:35Z,2026-08-26,0,45,Disney Adventure World,Toy Soldiers Parachute Drop Single Rider,7281,CLOSED,STANDBY,0,,,queue-times.com
2026-08-25T22:45:35Z,2026-08-26,0,45,Disney Adventure World,Entry to World of Frozen,16247,CLOSED,STANDBY,0,,,queue-times.com
2026-08-25T22:45:35Z,2026-08-26,0,45,Disney Adventure World,Frozen Ever After,15413,CLOSED,STANDBY,0,,,queue-times.com
2026-08-25T22:45:35Z,2026-08-26,0,45,Disney Adventure World,Raiponce Tangled Spin,15415,CLOSED,STANDBY,0,,,queue-times.com
2026-08-25T22:49:06Z,2026-08-26,0,49,Disneyland Park,Adventure Isle,2702,CLOSED,STANDBY,0,,,queue-times.com
2026-08-25T22:49:06Z,2026-08-26,0,49,Disneyland Park,Indiana Jones and the Temple of Peril Single Rider,7306,CLOSED,STANDBY,0,,,queue-times.com
2026-08-25T22:49:06Z,2026-08-26,0,49,Disneyland Park,Indiana Jones™ and the Temple of Peril,2,CLOSED,STANDBY,0,,,queue-times.com
2026-08-25T22:49:06Z,2026-08-26,0,49,Disneyland Park,La Cabane des Robinson,1,CLOSED,STANDBY,0,,,queue-times.com
2026-08-25T22:49:06Z,2026-08-26,0,49,Disneyland Park,Le Passage Enchanté d'Aladdin,2703,CLOSED,STANDBY,0,,,queue-times.com
2026-08-25T22:49:06Z,2026-08-26,0,49,Disneyland Park,Pirate Galleon,2705,CLOSED,STANDBY,0,,,queue-times.com
2026-08-25T22:49:06Z,2026-08-26,0,49,Disneyland Park,Pirates of the Caribbean,3,CLOSED,STANDBY,0,,,queue-times.com
2026-08-25T22:49:06Z,2026-08-26,0,49,Disneyland Park,Pirates' Beach,2704,CLOSED,STANDBY,0,,,queue-times.com
2026-08-25T22:49:06Z,2026-08-26,0,49,Disneyland Park,"Autopia, presented by Avis",4,CLOSED,STANDBY,0,,,queue-times.com
2026-08-25T22:49:06Z,2026-08-26,0,49,Disneyland Park,Buzz Lightyear Laser Blast,5,CLOSED,STANDBY,0,,,queue-times.com
2026-08-25T22:49:06Z,2026-08-26,0,49,Disneyland Park,Disneyland Railroad Discoveryland Station,2706,CLOSED,STANDBY,0,,,queue-times.com
2026-08-25T22:49:06Z,2026-08-26,0,49,Disneyland Park,Les Mystères du Nautilus,6,CLOSED,STANDBY,0,,,queue-times.com
2026-08-25T22:49:06Z,2026-08-26,0,49,Disneyland Park,Mickey’s PhilharMagic,2707,CLOSED,STANDBY,0,,,queue-times.com
2026-08-25T22:49:06Z,2026-08-26,0,49,Disneyland Park,Orbitron®,7,CLOSED,STANDBY,0,,,queue-times.com
2026-08-25T22:49:06Z,2026-08-26,0,49,Disneyland Park,Star Tours: The Adventures Continue*,9,CLOSED,STANDBY,0,,,queue-times.com
2026-08-25T22:49:06Z,2026-08-26,0,49,Disneyland Park,Star Wars Hyperspace Mountain,8,CLOSED,STANDBY,0,,,queue-times.com
2026-08-25T22:49:06Z,2026-08-26,0,49,Disneyland Park,Star Wars Hyperspace Mountain Single Rider,7278,CLOSED,STANDBY,0,,,queue-times.com
2026-08-25T22:49:06Z,2026-08-26,0,49,Disneyland Park,Welcome to Starport: A Star Wars Encounter,4573,CLOSED,STANDBY,0,,,queue-times.com
2026-08-25T22:49:06Z,2026-08-26,0,49,Disneyland Park,"""it's a small world""",19,CLOSED,STANDBY,0,,,queue-times.com
2026-08-25T22:49:06Z,2026-08-26,0,49,Disneyland Park,Alice's Curious Labyrinth,14,CLOSED,STANDBY,0,,,queue-times.com
2026-08-25T22:49:06Z,2026-08-26,0,49,Disneyland Park,Blanche-Neige et les Sept Nains®,15,CLOSED,STANDBY,0,,,queue-times.com
2026-08-25T22:49:06Z,2026-08-26,0,49,Disneyland Park,Casey Jr. – le Petit Train du Cirque,17,CLOSED,STANDBY,0,,,queue-times.com
2026-08-25T22:49:06Z,2026-08-26,0,49,Disneyland Park,Disneyland Railroad Fantasyland Station,2711,CLOSED,STANDBY,0,,,queue-times.com
2026-08-25T22:49:06Z,2026-08-26,0,49,Disneyland Park,Disneyland Railroad Main Street Station,11,CLOSED,STANDBY,0,,,queue-times.com
2026-08-25T22:49:06Z,2026-08-26,0,49,Disneyland Park,Dumbo the Flying Elephant,18,CLOSED,STANDBY,0,,,queue-times.com
2026-08-25T22:49:06Z,2026-08-26,0,49,Disneyland Park,La Tanière du Dragon,2710,CLOSED,STANDBY,0,,,queue-times.com
2026-08-25T22:49:06Z,2026-08-26,0,49,Disneyland Park,Le Carrousel de Lancelot,16,CLOSED,STANDBY,0,,,queue-times.com
2026-08-25T22:49:06Z,2026-08-26,0,49,Disneyland Park,"Le Pays des Contes de Fées, presented by Vittel",21,CLOSED,STANDBY,0,,,queue-times.com
2026-08-25T22:49:06Z,2026-08-26,0,49,Disneyland Park,Les Voyages de Pinocchio,23,CLOSED,STANDBY,0,,,queue-times.com
2026-08-25T22:49:06Z,2026-08-26,0,49,Disneyland Park,Mad Hatter's Tea Cups,20,CLOSED,STANDBY,0,,,queue-times.com
2026-08-25T22:49:06Z,2026-08-26,0,49,Disneyland Park,Meet Mickey Mouse,13,CLOSED,STANDBY,0,,,queue-times.com
2026-08-25T22:49:06Z,2026-08-26,0,49,Disneyland Park,Peter Pan's Flight,22,CLOSED,STANDBY,0,,,queue-times.com
2026-08-25T22:49:06Z,2026-08-26,0,49,Disneyland Park,Princess Pavilion,24,CLOSED,STANDBY,0,,,queue-times.com
2026-08-25T22:49:06Z,2026-08-26,0,49,Disneyland Park,Big Thunder Mountain,25,CLOSED,STANDBY,0,,,queue-times.com
2026-08-25T22:49:06Z,2026-08-26,0,49,Disneyland Park,Disneyland Railroad Frontierland Depot,2714,CLOSED,STANDBY,0,,,queue-times.com
2026-08-25T22:49:06Z,2026-08-26,0,49,Disneyland Park,Frontierland Playground,2713,CLOSED,STANDBY,0,,,queue-times.com
2026-08-25T22:49:06Z,2026-08-26,0,49,Disneyland Park,Phantom Manor,26,CLOSED,STANDBY,0,,,queue-times.com
2026-08-25T22:49:06Z,2026-08-26,0,49,Disneyland Park,River Rogue Keelboats,27,CLOSED,STANDBY,0,,,queue-times.com
2026-08-25T22:49:06Z,2026-08-26,0,49,Disneyland Park,Rustler Roundup Shootin' Gallery,2712,CLOSED,STANDBY,0,,,queue-times.com
2026-08-25T22:49:06Z,2026-08-26,0,49,Disneyland Park,Thunder Mesa Riverboat Landing,28,CLOSED,STANDBY,0,,,queue-times.com
2026-08-25T22:49:06Z,2026-08-26,0,49,Disneyland Park,Disneyland Railroad Main Street Station,2708,CLOSED,STANDBY,0,,,queue-times.com
2026-08-25T22:49:06Z,2026-08-26,0,49,Disneyland Park,Main Street Vehicles,12,CLOSED,STANDBY,0,,,queue-times.com
2026-08-25T22:49:06Z,2026-08-26,0,49,Disney Adventure World,Avengers Assemble: Flight Force,10848,CLOSED,STANDBY,0,,,queue-times.com
2026-08-25T22:49:06Z,2026-08-26,0,49,Disney Adventure World,Avengers Assemble: Flight Force Single Rider,10849,CLOSED,STANDBY,0,,,queue-times.com
2026-08-25T22:49:06Z,2026-08-26,0,49,Disney Adventure World,Spider-Man W.E.B. Adventure,10845,CLOSED,STANDBY,0,,,queue-times.com
2026-08-25T22:49:06Z,2026-08-26,0,49,Disney Adventure World,Spider-Man W.E.B. Adventure Single Rider,10846,CLOSED,STANDBY,0,,,queue-times.com
2026-08-25T22:49:06Z,2026-08-26,0,49,Disney Adventure World,The Twilight Zone Tower of Terror,40,CLOSED,STANDBY,0,,,queue-times.com
2026-08-25T22:49:06Z,2026-08-26,0,49,Disney Adventure World,Cars Quatre Roues Rallye,31,CLOSED,STANDBY,0,,,queue-times.com
2026-08-25T22:49:06Z,2026-08-26,0,49,Disney Adventure World,Cars ROAD TRIP,29,CLOSED,STANDBY,0,,,queue-times.com
2026-08-25T22:49:06Z,2026-08-26,0,49,Disney Adventure World,Crush's Coaster,32,CLOSED,STANDBY,0,,,queue-times.com
2026-08-25T22:49:06Z,2026-08-26,0,49,Disney Adventure World,Crush's Coaster Single Rider,7277,CLOSED,STANDBY,0,,,queue-times.com
2026-08-25T22:49:06Z,2026-08-26,0,49,Disney Adventure World,Les Tapis Volants - Flying Carpets Over Agrabah®,33,CLOSED,STANDBY,0,,,queue-times.com
2026-08-25T22:49:06Z,2026-08-26,0,49,Disney Adventure World,Ratatouille : L’Aventure Totalement Toquée de Rémy​,37,CLOSED,STANDBY,0,,,queue-times.com
2026-08-25T22:49:06Z,2026-08-26,0,49,Disney Adventure World,Ratatouille: The Adventure Single Rider,7279,CLOSED,STANDBY,0,,,queue-times.com
2026-08-25T22:49:06Z,2026-08-26,0,49,Disney Adventure World,RC Racer,34,CLOSED,STANDBY,0,,,queue-times.com
2026-08-25T22:49:06Z,2026-08-26,0,49,Disney Adventure World,RC Racer Single Rider,7280,CLOSED,STANDBY,0,,,queue-times.com
2026-08-25T22:49:06Z,2026-08-26,0,49,Disney Adventure World,Slinky® Dog Zigzag Spin,36,CLOSED,STANDBY,0,,,queue-times.com
2026-08-25T22:49:06Z,2026-08-26,0,49,Disney Adventure World,Toy Soldiers Parachute Drop,35,CLOSED,STANDBY,0,,,queue-times.com
2026-08-25T22:49:06Z,2026-08-26,0,49,Disney Adventure World,Toy Soldiers Parachute Drop Single Rider,7281,CLOSED,STANDBY,0,,,queue-times.com
2026-08-25T22:49:06Z,2026-08-26,0,49,Disney Adventure World,Entry to World of Frozen,16247,CLOSED,STANDBY,0,,,queue-times.com
2026-08-25T22:49:06Z,2026-08-26,0,49,Disney Adventure World,Frozen Ever After,15413,CLOSED,STANDBY,0,,,queue-times.com
2026-08-25T22:49:06Z,2026-08-26,0,49,Disney Adventure World,Raiponce Tangled Spin,15415,CLOSED,STANDBY,0,,,queue-times.com
2026-08-25T23:01:02Z,2026-08-26,1,1,Disneyland Park,Adventure Isle,2702,CLOSED,STANDBY,0,,,queue-times.com
2026-08-25T23:01:02Z,2026-08-26,1,1,Disneyland Park,Indiana Jones and the Temple of Peril Single Rider,7306,CLOSED,STANDBY,0,,,queue-times.com
2026-08-25T23:01:02Z,2026-08-26,1,1,Disneyland Park,Indiana Jones™ and the Temple of Peril,2,CLOSED,STANDBY,0,,,queue-times.com
2026-08-25T23:01:02Z,2026-08-26,1,1,Disneyland Park,La Cabane des Robinson,1,CLOSED,STANDBY,0,,,queue-times.com
2026-08-25T23:01:02Z,2026-08-26,1,1,Disneyland Park,Le Passage Enchanté d'Aladdin,2703,CLOSED,STANDBY,0,,,queue-times.com
2026-08-25T23:01:02Z,2026-08-26,1,1,Disneyland Park,Pirate Galleon,2705,CLOSED,STANDBY,0,,,queue-times.com
2026-08-25T23:01:02Z,2026-08-26,1,1,Disneyland Park,Pirates of the Caribbean,3,CLOSED,STANDBY,0,,,queue-times.com
2026-08-25T23:01:02Z,2026-08-26,1,1,Disneyland Park,Pirates' Beach,2704,CLOSED,STANDBY,0,,,queue-times.com
2026-08-25T23:01:02Z,2026-08-26,1,1,Disneyland Park,"Autopia, presented by Avis",4,CLOSED,STANDBY,0,,,queue-times.com
2026-08-25T23:01:02Z,2026-08-26,1,1,Disneyland Park,Buzz Lightyear Laser Blast,5,CLOSED,STANDBY,0,,,queue-times.com
2026-08-25T23:01:02Z,2026-08-26,1,1,Disneyland Park,Disneyland Railroad Discoveryland Station,2706,CLOSED,STANDBY,0,,,queue-times.com
2026-08-25T23:01:02Z,2026-08-26,1,1,Disneyland Park,Les Mystères du Nautilus,6,CLOSED,STANDBY,0,,,queue-times.com
2026-08-25T23:01:02Z,2026-08-26,1,1,Disneyland Park,Mickey’s PhilharMagic,2707,CLOSED,STANDBY,0,,,queue-times.com
2026-08-25T23:01:02Z,2026-08-26,1,1,Disneyland Park,Orbitron®,7,CLOSED,STANDBY,0,,,queue-times.com
2026-08-25T23:01:02Z,2026-08-26,1,1,Disneyland Park,Star Tours: The Adventures Continue*,9,CLOSED,STANDBY,0,,,queue-times.com
2026-08-25T23:01:02Z,2026-08-26,1,1,Disneyland Park,Star Wars Hyperspace Mountain,8,CLOSED,STANDBY,0,,,queue-times.com
2026-08-25T23:01:02Z,2026-08-26,1,1,Disneyland Park,Star Wars Hyperspace Mountain Single Rider,7278,CLOSED,STANDBY,0,,,queue-times.com
2026-08-25T23:01:02Z,2026-08-26,1,1,Disneyland Park,Welcome to Starport: A Star Wars Encounter,4573,CLOSED,STANDBY,0,,,queue-times.com
2026-08-25T23:01:02Z,2026-08-26,1,1,Disneyland Park,"""it's a small world""",19,CLOSED,STANDBY,0,,,queue-times.com
2026-08-25T23:01:02Z,2026-08-26,1,1,Disneyland Park,Alice's Curious Labyrinth,14,CLOSED,STANDBY,0,,,queue-times.com
2026-08-25T23:01:02Z,2026-08-26,1,1,Disneyland Park,Blanche-Neige et les Sept Nains®,15,CLOSED,STANDBY,0,,,queue-times.com
2026-08-25T23:01:02Z,2026-08-26,1,1,Disneyland Park,Casey Jr. – le Petit Train du Cirque,17,CLOSED,STANDBY,0,,,queue-times.com
2026-08-25T23:01:02Z,2026-08-26,1,1,Disneyland Park,Disneyland Railroad Fantasyland Station,2711,CLOSED,STANDBY,0,,,queue-times.com
2026-08-25T23:01:02Z,2026-08-26,1,1,Disneyland Park,Disneyland Railroad Main Street Station,11,CLOSED,STANDBY,0,,,queue-times.com
2026-08-25T23:01:02Z,2026-08-26,1,1,Disneyland Park,Dumbo the Flying Elephant,18,CLOSED,STANDBY,0,,,queue-times.com
2026-08-25T23:01:02Z,2026-08-26,1,1,Disneyland Park,La Tanière du Dragon,2710,CLOSED,STANDBY,0,,,queue-times.com
2026-08-25T23:01:02Z,2026-08-26,1,1,Disneyland Park,Le Carrousel de Lancelot,16,CLOSED,STANDBY,0,,,queue-times.com
2026-08-25T23:01:02Z,2026-08-26,1,1,Disneyland Park,"Le Pays des Contes de Fées, presented by Vittel",21,CLOSED,STANDBY,0,,,queue-times.com
2026-08-25T23:01:02Z,2026-08-26,1,1,Disneyland Park,Les Voyages de Pinocchio,23,CLOSED,STANDBY,0,,,queue-times.com
2026-08-25T23:01:02Z,2026-08-26,1,1,Disneyland Park,Mad Hatter's Tea Cups,20,CLOSED,STANDBY,0,,,queue-times.com
2026-08-25T23:01:02Z,2026-08-26,1,1,Disneyland Park,Meet Mickey Mouse,13,CLOSED,STANDBY,0,,,queue-times.com
2026-08-25T23:01:02Z,2026-08-26,1,1,Disneyland Park,Peter Pan's Flight,22,CLOSED,STANDBY,0,,,queue-times.com
2026-08-25T23:01:02Z,2026-08-26,1,1,Disneyland Park,Princess Pavilion,24,CLOSED,STANDBY,0,,,queue-times.com
2026-08-25T23:01:02Z,2026-08-26,1,1,Disneyland Park,Big Thunder Mountain,25,CLOSED,STANDBY,0,,,queue-times.com
2026-08-25T23:01:02Z,2026-08-26,1,1,Disneyland Park,Disneyland Railroad Frontierland Depot,2714,CLOSED,STANDBY,0,,,queue-times.com
2026-08-25T23:01:02Z,2026-08-26,1,1,Disneyland Park,Frontierland Playground,2713,CLOSED,STANDBY,0,,,queue-times.com
2026-08-25T23:01:02Z,2026-08-26,1,1,Disneyland Park,Phantom Manor,26,CLOSED,STANDBY,0,,,queue-times.com
2026-08-25T23:01:02Z,2026-08-26,1,1,Disneyland Park,River Rogue Keelboats,27,CLOSED,STANDBY,0,,,queue-times.com
2026-08-25T23:01:02Z,2026-08-26,1,1,Disneyland Park,Rustler Roundup Shootin' Gallery,2712,CLOSED,STANDBY,0,,,queue-times.com
2026-08-25T23:01:02Z,2026-08-26,1,1,Disneyland Park,Thunder Mesa Riverboat Landing,28,CLOSED,STANDBY,0,,,queue-times.com
2026-08-25T23:01:02Z,2026-08-26,1,1,Disneyland Park,Disneyland Railroad Main Street Station,2708,CLOSED,STANDBY,0,,,queue-times.com
2026-08-25T23:01:02Z,2026-08-26,1,1,Disneyland Park,Main Street Vehicles,12,CLOSED,STANDBY,0,,,queue-times.com
2026-08-25T23:01:02Z,2026-08-26,1,1,Disney Adventure World,Avengers Assemble: Flight Force,10848,CLOSED,STANDBY,0,,,queue-times.com
2026-08-25T23:01:02Z,2026-08-26,1,1,Disney Adventure World,Avengers Assemble: Flight Force Single Rider,10849,CLOSED,STANDBY,0,,,queue-times.com
2026-08-25T23:01:02Z,2026-08-26,1,1,Disney Adventure World,Spider-Man W.E.B. Adventure,10845,CLOSED,STANDBY,0,,,queue-times.com
2026-08-25T23:01:02Z,2026-08-26,1,1,Disney Adventure World,Spider-Man W.E.B. Adventure Single Rider,10846,CLOSED,STANDBY,0,,,queue-times.com
2026-08-25T23:01:02Z,2026-08-26,1,1,Disney Adventure World,The Twilight Zone Tower of Terror,40,CLOSED,STANDBY,0,,,queue-times.com
2026-08-25T23:01:02Z,2026-08-26,1,1,Disney Adventure World,Cars Quatre Roues Rallye,31,CLOSED,STANDBY,0,,,queue-times.com
2026-08-25T23:01:02Z,2026-08-26,1,1,Disney Adventure World,Cars ROAD TRIP,29,CLOSED,STANDBY,0,,,queue-times.com
2026-08-25T23:01:02Z,2026-08-26,1,1,Disney Adventure World,Crush's Coaster,32,CLOSED,STANDBY,0,,,queue-times.com
2026-08-25T23:01:02Z,2026-08-26,1,1,Disney Adventure World,Crush's Coaster Single Rider,7277,CLOSED,STANDBY,0,,,queue-times.com
2026-08-25T23:01:02Z,2026-08-26,1,1,Disney Adventure World,Les Tapis Volants - Flying Carpets Over Agrabah®,33,CLOSED,STANDBY,0,,,queue-times.com
2026-08-25T23:01:02Z,2026-08-26,1,1,Disney Adventure World,Ratatouille : L’Aventure Totalement Toquée de Rémy​,37,CLOSED,STANDBY,0,,,queue-times.com
2026-08-25T23:01:02Z,2026-08-26,1,1,Disney Adventure World,Ratatouille: The Adventure Single Rider,7279,CLOSED,STANDBY,0,,,queue-times.com
2026-08-25T23:01:02Z,2026-08-26,1,1,Disney Adventure World,RC Racer,34,CLOSED,STANDBY,0,,,queue-times.com
2026-08-25T23:01:02Z,2026-08-26,1,1,Disney Adventure World,RC Racer Single Rider,7280,CLOSED,STANDBY,0,,,queue-times.com
2026-08-25T23:01:02Z,2026-08-26,1,1,Disney Adventure World,Slinky® Dog Zigzag Spin,36,CLOSED,STANDBY,0,,,queue-times.com
2026-08-25T23:01:02Z,2026-08-26,1,1,Disney Adventure World,Toy Soldiers Parachute Drop,35,CLOSED,STANDBY,0,,,queue-times.com
2026-08-25T23:01:02Z,2026-08-26,1,1,Disney Adventure World,Toy Soldiers Parachute Drop Single Rider,7281,CLOSED,STANDBY,0,,,queue-times.com
2026-08-25T23:01:02Z,2026-08-26,1,1,Disney Adventure World,Entry to World of Frozen,16247,CLOSED,STANDBY,0,,,queue-times.com
2026-08-25T23:01:02Z,2026-08-26,1,1,Disney Adventure World,Frozen Ever After,15413,CLOSED,STANDBY,0,,,queue-times.com
2026-08-25T23:01:02Z,2026-08-26,1,1,Disney Adventure World,Raiponce Tangled Spin,15415,CLOSED,STANDBY,0,,,queue-times.com
2026-08-25T23:12:53Z,2026-08-26,1,12,Disneyland Park,Adventure Isle,2702,CLOSED,STANDBY,0,,,queue-times.com
2026-08-25T23:12:53Z,2026-08-26,1,12,Disneyland Park,Indiana Jones and the Temple of Peril Single Rider,7306,CLOSED,STANDBY,0,,,queue-times.com
2026-08-25T23:12:53Z,2026-08-26,1,12,Disneyland Park,Indiana Jones™ and the Temple of Peril,2,CLOSED,STANDBY,0,,,queue-times.com
2026-08-25T23:12:53Z,2026-08-26,1,12,Disneyland Park,La Cabane des Robinson,1,CLOSED,STANDBY,0,,,queue-times.com
2026-08-25T23:12:53Z,2026-08-26,1,12,Disneyland Park,Le Passage Enchanté d'Aladdin,2703,CLOSED,STANDBY,0,,,queue-times.com
2026-08-25T23:12:53Z,2026-08-26,1,12,Disneyland Park,Pirate Galleon,2705,CLOSED,STANDBY,0,,,queue-times.com
2026-08-25T23:12:53Z,2026-08-26,1,12,Disneyland Park,Pirates of the Caribbean,3,CLOSED,STANDBY,0,,,queue-times.com
2026-08-25T23:12:53Z,2026-08-26,1,12,Disneyland Park,Pirates' Beach,2704,CLOSED,STANDBY,0,,,queue-times.com
2026-08-25T23:12:53Z,2026-08-26,1,12,Disneyland Park,"Autopia, presented by Avis",4,CLOSED,STANDBY,0,,,queue-times.com
2026-08-25T23:12:53Z,2026-08-26,1,12,Disneyland Park,Buzz Lightyear Laser Blast,5,CLOSED,STANDBY,0,,,queue-times.com
2026-08-25T23:12:53Z,2026-08-26,1,12,Disneyland Park,Disneyland Railroad Discoveryland Station,2706,CLOSED,STANDBY,0,,,queue-times.com
2026-08-25T23:12:53Z,2026-08-26,1,12,Disneyland Park,Les Mystères du Nautilus,6,CLOSED,STANDBY,0,,,queue-times.com
2026-08-25T23:12:53Z,2026-08-26,1,12,Disneyland Park,Mickey’s PhilharMagic,2707,CLOSED,STANDBY,0,,,queue-times.com
2026-08-25T23:12:53Z,2026-08-26,1,12,Disneyland Park,Orbitron®,7,CLOSED,STANDBY,0,,,queue-times.com
2026-08-25T23:12:53Z,2026-08-26,1,12,Disneyland Park,Star Tours: The Adventures Continue*,9,CLOSED,STANDBY,0,,,queue-times.com
2026-08-25T23:12:53Z,2026-08-26,1,12,Disneyland Park,Star Wars Hyperspace Mountain,8,CLOSED,STANDBY,0,,,queue-times.com
2026-08-25T23:12:53Z,2026-08-26,1,12,Disneyland Park,Star Wars Hyperspace Mountain Single Rider,7278,CLOSED,STANDBY,0,,,queue-times.com
2026-08-25T23:12:53Z,2026-08-26,1,12,Disneyland Park,Welcome to Starport: A Star Wars Encounter,4573,CLOSED,STANDBY,0,,,queue-times.com
2026-08-25T23:12:53Z,2026-08-26,1,12,Disneyland Park,"""it's a small world""",19,CLOSED,STANDBY,0,,,queue-times.com
2026-08-25T23:12:53Z,2026-08-26,1,12,Disneyland Park,Alice's Curious Labyrinth,14,CLOSED,STANDBY,0,,,queue-times.com
2026-08-25T23:12:53Z,2026-08-26,1,12,Disneyland Park,Blanche-Neige et les Sept Nains®,15,CLOSED,STANDBY,0,,,queue-times.com
2026-08-25T23:12:53Z,2026-08-26,1,12,Disneyland Park,Casey Jr. – le Petit Train du Cirque,17,CLOSED,STANDBY,0,,,queue-times.com
2026-08-25T23:12:53Z,2026-08-26,1,12,Disneyland Park,Disneyland Railroad Fantasyland Station,2711,CLOSED,STANDBY,0,,,queue-times.com
2026-08-25T23:12:53Z,2026-08-26,1,12,Disneyland Park,Disneyland Railroad Main Street Station,11,CLOSED,STANDBY,0,,,queue-times.com
2026-08-25T23:12:53Z,2026-08-26,1,12,Disneyland Park,Dumbo the Flying Elephant,18,CLOSED,STANDBY,0,,,queue-times.com
2026-08-25T23:12:53Z,2026-08-26,1,12,Disneyland Park,La Tanière du Dragon,2710,CLOSED,STANDBY,0,,,queue-times.com
2026-08-25T23:12:53Z,2026-08-26,1,12,Disneyland Park,Le Carrousel de Lancelot,16,CLOSED,STANDBY,0,,,queue-times.com
2026-08-25T23:12:53Z,2026-08-26,1,12,Disneyland Park,"Le Pays des Contes de Fées, presented by Vittel",21,CLOSED,STANDBY,0,,,queue-times.com
2026-08-25T23:12:53Z,2026-08-26,1,12,Disneyland Park,Les Voyages de Pinocchio,23,CLOSED,STANDBY,0,,,queue-times.com
2026-08-25T23:12:53Z,2026-08-26,1,12,Disneyland Park,Mad Hatter's Tea Cups,20,CLOSED,STANDBY,0,,,queue-times.com
2026-08-25T23:12:53Z,2026-08-26,1,12,Disneyland Park,Meet Mickey Mouse,13,CLOSED,STANDBY,0,,,queue-times.com
2026-08-25T23:12:53Z,2026-08-26,1,12,Disneyland Park,Peter Pan's Flight,22,CLOSED,STANDBY,0,,,queue-times.com
2026-08-25T23:12:53Z,2026-08-26,1,12,Disneyland Park,Princess Pavilion,24,CLOSED,STANDBY,0,,,queue-times.com
2026-08-25T23:12:53Z,2026-08-26,1,12,Disneyland Park,Big Thunder Mountain,25,CLOSED,STANDBY,0,,,queue-times.com
2026-08-25T23:12:53Z,2026-08-26,1,12,Disneyland Park,Disneyland Railroad Frontierland Depot,2714,CLOSED,STANDBY,0,,,queue-times.com
2026-08-25T23:12:53Z,2026-08-26,1,12,Disneyland Park,Frontierland Playground,2713,CLOSED,STANDBY,0,,,queue-times.com
2026-08-25T23:12:53Z,2026-08-26,1,12,Disneyland Park,Phantom Manor,26,CLOSED,STANDBY,0,,,queue-times.com
2026-08-25T23:12:53Z,2026-08-26,1,12,Disneyland Park,River Rogue Keelboats,27,CLOSED,STANDBY,0,,,queue-times.com
2026-08-25T23:12:53Z,2026-08-26,1,12,Disneyland Park,Rustler Roundup Shootin' Gallery,2712,CLOSED,STANDBY,0,,,queue-times.com
2026-08-25T23:12:53Z,2026-08-26,1,12,Disneyland Park,Thunder Mesa Riverboat Landing,28,CLOSED,STANDBY,0,,,queue-times.com
2026-08-25T23:12:53Z,2026-08-26,1,12,Disneyland Park,Disneyland Railroad Main Street Station,2708,CLOSED,STANDBY,0,,,queue-times.com
2026-08-25T23:12:53Z,2026-08-26,1,12,Disneyland Park,Main Street Vehicles,12,CLOSED,STANDBY,0,,,queue-times.com
2026-08-25T23:12:53Z,2026-08-26,1,12,Disney Adventure World,Avengers Assemble: Flight Force,10848,CLOSED,STANDBY,0,,,queue-times.com
2026-08-25T23:12:53Z,2026-08-26,1,12,Disney Adventure World,Avengers Assemble: Flight Force Single Rider,10849,CLOSED,STANDBY,0,,,queue-times.com
2026-08-25T23:12:53Z,2026-08-26,1,12,Disney Adventure World,Spider-Man W.E.B. Adventure,10845,CLOSED,STANDBY,0,,,queue-times.com
2026-08-25T23:12:53Z,2026-08-26,1,12,Disney Adventure World,Spider-Man W.E.B. Adventure Single Rider,10846,CLOSED,STANDBY,0,,,queue-times.com
2026-08-25T23:12:53Z,2026-08-26,1,12,Disney Adventure World,The Twilight Zone Tower of Terror,40,CLOSED,STANDBY,0,,,queue-times.com
2026-08-25T23:12:53Z,2026-08-26,1,12,Disney Adventure World,Cars Quatre Roues Rallye,31,CLOSED,STANDBY,0,,,queue-times.com
2026-08-25T23:12:53Z,2026-08-26,1,12,Disney Adventure World,Cars ROAD TRIP,29,CLOSED,STANDBY,0,,,queue-times.com
2026-08-25T23:12:53Z,2026-08-26,1,12,Disney Adventure World,Crush's Coaster,32,CLOSED,STANDBY,0,,,queue-times.com
2026-08-25T23:12:53Z,2026-08-26,1,12,Disney Adventure World,Crush's Coaster Single Rider,7277,CLOSED,STANDBY,0,,,queue-times.com
2026-08-25T23:12:53Z,2026-08-26,1,12,Disney Adventure World,Les Tapis Volants - Flying Carpets Over Agrabah®,33,CLOSED,STANDBY,0,,,queue-times.com
2026-08-25T23:12:53Z,2026-08-26,1,12,Disney Adventure World,Ratatouille : L’Aventure Totalement Toquée de Rémy​,37,CLOSED,STANDBY,0,,,queue-times.com
2026-08-25T23:12:53Z,2026-08-26,1,12,Disney Adventure World,Ratatouille: The Adventure Single Rider,7279,CLOSED,STANDBY,0,,,queue-times.com
2026-08-25T23:12:53Z,2026-08-26,1,12,Disney Adventure World,RC Racer,34,CLOSED,STANDBY,0,,,queue-times.com
2026-08-25T23:12:53Z,2026-08-26,1,12,Disney Adventure World,RC Racer Single Rider,7280,CLOSED,STANDBY,0,,,queue-times.com
2026-08-25T23:12:53Z,2026-08-26,1,12,Disney Adventure World,Slinky® Dog Zigzag Spin,36,CLOSED,STANDBY,0,,,queue-times.com
2026-08-25T23:12:53Z,2026-08-26,1,12,Disney Adventure World,Toy Soldiers Parachute Drop,35,CLOSED,STANDBY,0,,,queue-times.com
2026-08-25T23:12:53Z,2026-08-26,1,12,Disney Adventure World,Toy Soldiers Parachute Drop Single Rider,7281,CLOSED,STANDBY,0,,,queue-times.com
2026-08-25T23:12:53Z,2026-08-26,1,12,Disney Adventure World,Entry to World of Frozen,16247,CLOSED,STANDBY,0,,,queue-times.com
2026-08-25T23:12:53Z,2026-08-26,1,12,Disney Adventure World,Frozen Ever After,15413,CLOSED,STANDBY,0,,,queue-times.com
2026-08-25T23:12:53Z,2026-08-26,1,12,Disney Adventure World,Raiponce Tangled Spin,15415,CLOSED,STANDBY,0,,,queue-times.com
2026-08-25T23:15:35Z,2026-08-26,1,15,Disneyland Park,Adventure Isle,2702,CLOSED,STANDBY,0,,,queue-times.com
2026-08-25T23:15:35Z,2026-08-26,1,15,Disneyland Park,Indiana Jones and the Temple of Peril Single Rider,7306,CLOSED,STANDBY,0,,,queue-times.com
2026-08-25T23:15:35Z,2026-08-26,1,15,Disneyland Park,Indiana Jones™ and the Temple of Peril,2,CLOSED,STANDBY,0,,,queue-times.com
2026-08-25T23:15:35Z,2026-08-26,1,15,Disneyland Park,La Cabane des Robinson,1,CLOSED,STANDBY,0,,,queue-times.com
2026-08-25T23:15:35Z,2026-08-26,1,15,Disneyland Park,Le Passage Enchanté d'Aladdin,2703,CLOSED,STANDBY,0,,,queue-times.com
2026-08-25T23:15:35Z,2026-08-26,1,15,Disneyland Park,Pirate Galleon,2705,CLOSED,STANDBY,0,,,queue-times.com
2026-08-25T23:15:35Z,2026-08-26,1,15,Disneyland Park,Pirates of the Caribbean,3,CLOSED,STANDBY,0,,,queue-times.com
2026-08-25T23:15:35Z,2026-08-26,1,15,Disneyland Park,Pirates' Beach,2704,CLOSED,STANDBY,0,,,queue-times.com
2026-08-25T23:15:35Z,2026-08-26,1,15,Disneyland Park,"Autopia, presented by Avis",4,CLOSED,STANDBY,0,,,queue-times.com
2026-08-25T23:15:35Z,2026-08-26,1,15,Disneyland Park,Buzz Lightyear Laser Blast,5,CLOSED,STANDBY,0,,,queue-times.com
2026-08-25T23:15:35Z,2026-08-26,1,15,Disneyland Park,Disneyland Railroad Discoveryland Station,2706,CLOSED,STANDBY,0,,,queue-times.com
2026-08-25T23:15:35Z,2026-08-26,1,15,Disneyland Park,Les Mystères du Nautilus,6,CLOSED,STANDBY,0,,,queue-times.com
2026-08-25T23:15:35Z,2026-08-26,1,15,Disneyland Park,Mickey’s PhilharMagic,2707,CLOSED,STANDBY,0,,,queue-times.com
2026-08-25T23:15:35Z,2026-08-26,1,15,Disneyland Park,Orbitron®,7,CLOSED,STANDBY,0,,,queue-times.com
2026-08-25T23:15:35Z,2026-08-26,1,15,Disneyland Park,Star Tours: The Adventures Continue*,9,CLOSED,STANDBY,0,,,queue-times.com
2026-08-25T23:15:35Z,2026-08-26,1,15,Disneyland Park,Star Wars Hyperspace Mountain,8,CLOSED,STANDBY,0,,,queue-times.com
2026-08-25T23:15:35Z,2026-08-26,1,15,Disneyland Park,Star Wars Hyperspace Mountain Single Rider,7278,CLOSED,STANDBY,0,,,queue-times.com
2026-08-25T23:15:35Z,2026-08-26,1,15,Disneyland Park,Welcome to Starport: A Star Wars Encounter,4573,CLOSED,STANDBY,0,,,queue-times.com
2026-08-25T23:15:35Z,2026-08-26,1,15,Disneyland Park,"""it's a small world""",19,CLOSED,STANDBY,0,,,queue-times.com
2026-08-25T23:15:35Z,2026-08-26,1,15,Disneyland Park,Alice's Curious Labyrinth,14,CLOSED,STANDBY,0,,,queue-times.com
2026-08-25T23:15:35Z,2026-08-26,1,15,Disneyland Park,Blanche-Neige et les Sept Nains®,15,CLOSED,STANDBY,0,,,queue-times.com
2026-08-25T23:15:35Z,2026-08-26,1,15,Disneyland Park,Casey Jr. – le Petit Train du Cirque,17,CLOSED,STANDBY,0,,,queue-times.com
2026-08-25T23:15:35Z,2026-08-26,1,15,Disneyland Park,Disneyland Railroad Fantasyland Station,2711,CLOSED,STANDBY,0,,,queue-times.com
2026-08-25T23:15:35Z,2026-08-26,1,15,Disneyland Park,Disneyland Railroad Main Street Station,11,CLOSED,STANDBY,0,,,queue-times.com
2026-08-25T23:15:35Z,2026-08-26,1,15,Disneyland Park,Dumbo the Flying Elephant,18,CLOSED,STANDBY,0,,,queue-times.com
2026-08-25T23:15:35Z,2026-08-26,1,15,Disneyland Park,La Tanière du Dragon,2710,CLOSED,STANDBY,0,,,queue-times.com
2026-08-25T23:15:35Z,2026-08-26,1,15,Disneyland Park,Le Carrousel de Lancelot,16,CLOSED,STANDBY,0,,,queue-times.com
2026-08-25T23:15:35Z,2026-08-26,1,15,Disneyland Park,"Le Pays des Contes de Fées, presented by Vittel",21,CLOSED,STANDBY,0,,,queue-times.com
2026-08-25T23:15:35Z,2026-08-26,1,15,Disneyland Park,Les Voyages de Pinocchio,23,CLOSED,STANDBY,0,,,queue-times.com
2026-08-25T23:15:35Z,2026-08-26,1,15,Disneyland Park,Mad Hatter's Tea Cups,20,CLOSED,STANDBY,0,,,queue-times.com
2026-08-25T23:15:35Z,2026-08-26,1,15,Disneyland Park,Meet Mickey Mouse,13,CLOSED,STANDBY,0,,,queue-times.com
2026-08-25T23:15:35Z,2026-08-26,1,15,Disneyland Park,Peter Pan's Flight,22,CLOSED,STANDBY,0,,,queue-times.com
2026-08-25T23:15:35Z,2026-08-26,1,15,Disneyland Park,Princess Pavilion,24,CLOSED,STANDBY,0,,,queue-times.com
2026-08-25T23:15:35Z,2026-08-26,1,15,Disneyland Park,Big Thunder Mountain,25,CLOSED,STANDBY,0,,,queue-times.com
2026-08-25T23:15:35Z,2026-08-26,1,15,Disneyland Park,Disneyland Railroad Frontierland Depot,2714,CLOSED,STANDBY,0,,,queue-times.com
2026-08-25T23:15:35Z,2026-08-26,1,15,Disneyland Park,Frontierland Playground,2713,CLOSED,STANDBY,0,,,queue-times.com
2026-08-25T23:15:35Z,2026-08-26,1,15,Disneyland Park,Phantom Manor,26,CLOSED,STANDBY,0,,,queue-times.com
2026-08-25T23:15:35Z,2026-08-26,1,15,Disneyland Park,River Rogue Keelboats,27,CLOSED,STANDBY,0,,,queue-times.com
2026-08-25T23:15:35Z,2026-08-26,1,15,Disneyland Park,Rustler Roundup Shootin' Gallery,2712,CLOSED,STANDBY,0,,,queue-times.com
2026-08-25T23:15:35Z,2026-08-26,1,15,Disneyland Park,Thunder Mesa Riverboat Landing,28,CLOSED,STANDBY,0,,,queue-times.com
2026-08-25T23:15:35Z,2026-08-26,1,15,Disneyland Park,Disneyland Railroad Main Street Station,2708,CLOSED,STANDBY,0,,,queue-times.com
2026-08-25T23:15:35Z,2026-08-26,1,15,Disneyland Park,Main Street Vehicles,12,CLOSED,STANDBY,0,,,queue-times.com
2026-08-25T23:15:35Z,2026-08-26,1,15,Disney Adventure World,Avengers Assemble: Flight Force,10848,CLOSED,STANDBY,0,,,queue-times.com
2026-08-25T23:15:35Z,2026-08-26,1,15,Disney Adventure World,Avengers Assemble: Flight Force Single Rider,10849,CLOSED,STANDBY,0,,,queue-times.com
2026-08-25T23:15:35Z,2026-08-26,1,15,Disney Adventure World,Spider-Man W.E.B. Adventure,10845,CLOSED,STANDBY,0,,,queue-times.com
2026-08-25T23:15:35Z,2026-08-26,1,15,Disney Adventure World,Spider-Man W.E.B. Adventure Single Rider,10846,CLOSED,STANDBY,0,,,queue-times.com
2026-08-25T23:15:35Z,2026-08-26,1,15,Disney Adventure World,The Twilight Zone Tower of Terror,40,CLOSED,STANDBY,0,,,queue-times.com
2026-08-25T23:15:35Z,2026-08-26,1,15,Disney Adventure World,Cars Quatre Roues Rallye,31,CLOSED,STANDBY,0,,,queue-times.com
2026-08-25T23:15:35Z,2026-08-26,1,15,Disney Adventure World,Cars ROAD TRIP,29,CLOSED,STANDBY,0,,,queue-times.com
2026-08-25T23:15:35Z,2026-08-26,1,15,Disney Adventure World,Crush's Coaster,32,CLOSED,STANDBY,0,,,queue-times.com
2026-08-25T23:15:35Z,2026-08-26,1,15,Disney Adventure World,Crush's Coaster Single Rider,7277,CLOSED,STANDBY,0,,,queue-times.com
2026-08-25T23:15:35Z,2026-08-26,1,15,Disney Adventure World,Les Tapis Volants - Flying Carpets Over Agrabah®,33,CLOSED,STANDBY,0,,,queue-times.com
2026-08-25T23:15:35Z,2026-08-26,1,15,Disney Adventure World,Ratatouille : L’Aventure Totalement Toquée de Rémy​,37,CLOSED,STANDBY,0,,,queue-times.com
2026-08-25T23:15:35Z,2026-08-26,1,15,Disney Adventure World,Ratatouille: The Adventure Single Rider,7279,CLOSED,STANDBY,0,,,queue-times.com
2026-08-25T23:15:35Z,2026-08-26,1,15,Disney Adventure World,RC Racer,34,CLOSED,STANDBY,0,,,queue-times.com
2026-08-25T23:15:35Z,2026-08-26,1,15,Disney Adventure World,RC Racer Single Rider,7280,CLOSED,STANDBY,0,,,queue-times.com
2026-08-25T23:15:35Z,2026-08-26,1,15,Disney Adventure World,Slinky® Dog Zigzag Spin,36,CLOSED,STANDBY,0,,,queue-times.com
2026-08-25T23:15:35Z,2026-08-26,1,15,Disney Adventure World,Toy Soldiers Parachute Drop,35,CLOSED,STANDBY,0,,,queue-times.com
2026-08-25T23:15:35Z,2026-08-26,1,15,Disney Adventure World,Toy Soldiers Parachute Drop Single Rider,7281,CLOSED,STANDBY,0,,,queue-times.com
2026-08-25T23:15:35Z,2026-08-26,1,15,Disney Adventure World,Entry to World of Frozen,16247,CLOSED,STANDBY,0,,,queue-times.com
2026-08-25T23:15:35Z,2026-08-26,1,15,Disney Adventure World,Frozen Ever After,15413,CLOSED,STANDBY,0,,,queue-times.com
2026-08-25T23:15:35Z,2026-08-26,1,15,Disney Adventure World,Raiponce Tangled Spin,15415,CLOSED,STANDBY,0,,,queue-times.com
2026-08-25T23:32:13Z,2026-08-26,1,32,Disneyland Park,Adventure Isle,2702,CLOSED,STANDBY,0,,,queue-times.com
2026-08-25T23:32:13Z,2026-08-26,1,32,Disneyland Park,Indiana Jones and the Temple of Peril Single Rider,7306,CLOSED,STANDBY,0,,,queue-times.com
2026-08-25T23:32:13Z,2026-08-26,1,32,Disneyland Park,Indiana Jones™ and the Temple of Peril,2,CLOSED,STANDBY,0,,,queue-times.com
2026-08-25T23:32:13Z,2026-08-26,1,32,Disneyland Park,La Cabane des Robinson,1,CLOSED,STANDBY,0,,,queue-times.com
2026-08-25T23:32:13Z,2026-08-26,1,32,Disneyland Park,Le Passage Enchanté d'Aladdin,2703,CLOSED,STANDBY,0,,,queue-times.com
2026-08-25T23:32:13Z,2026-08-26,1,32,Disneyland Park,Pirate Galleon,2705,CLOSED,STANDBY,0,,,queue-times.com
2026-08-25T23:32:13Z,2026-08-26,1,32,Disneyland Park,Pirates of the Caribbean,3,CLOSED,STANDBY,0,,,queue-times.com
2026-08-25T23:32:13Z,2026-08-26,1,32,Disneyland Park,Pirates' Beach,2704,CLOSED,STANDBY,0,,,queue-times.com
2026-08-25T23:32:13Z,2026-08-26,1,32,Disneyland Park,"Autopia, presented by Avis",4,CLOSED,STANDBY,0,,,queue-times.com
2026-08-25T23:32:13Z,2026-08-26,1,32,Disneyland Park,Buzz Lightyear Laser Blast,5,CLOSED,STANDBY,0,,,queue-times.com
2026-08-25T23:32:13Z,2026-08-26,1,32,Disneyland Park,Disneyland Railroad Discoveryland Station,2706,CLOSED,STANDBY,0,,,queue-times.com
2026-08-25T23:32:13Z,2026-08-26,1,32,Disneyland Park,Les Mystères du Nautilus,6,CLOSED,STANDBY,0,,,queue-times.com
2026-08-25T23:32:13Z,2026-08-26,1,32,Disneyland Park,Mickey’s PhilharMagic,2707,CLOSED,STANDBY,0,,,queue-times.com
2026-08-25T23:32:13Z,2026-08-26,1,32,Disneyland Park,Orbitron®,7,CLOSED,STANDBY,0,,,queue-times.com
2026-08-25T23:32:13Z,2026-08-26,1,32,Disneyland Park,Star Tours: The Adventures Continue*,9,CLOSED,STANDBY,0,,,queue-times.com
2026-08-25T23:32:13Z,2026-08-26,1,32,Disneyland Park,Star Wars Hyperspace Mountain,8,CLOSED,STANDBY,0,,,queue-times.com
2026-08-25T23:32:13Z,2026-08-26,1,32,Disneyland Park,Star Wars Hyperspace Mountain Single Rider,7278,CLOSED,STANDBY,0,,,queue-times.com
2026-08-25T23:32:13Z,2026-08-26,1,32,Disneyland Park,Welcome to Starport: A Star Wars Encounter,4573,CLOSED,STANDBY,0,,,queue-times.com
2026-08-25T23:32:13Z,2026-08-26,1,32,Disneyland Park,"""it's a small world""",19,CLOSED,STANDBY,0,,,queue-times.com
2026-08-25T23:32:13Z,2026-08-26,1,32,Disneyland Park,Alice's Curious Labyrinth,14,CLOSED,STANDBY,0,,,queue-times.com
2026-08-25T23:32:13Z,2026-08-26,1,32,Disneyland Park,Blanche-Neige et les Sept Nains®,15,CLOSED,STANDBY,0,,,queue-times.com
2026-08-25T23:32:13Z,2026-08-26,1,32,Disneyland Park,Casey Jr. – le Petit Train du Cirque,17,CLOSED,STANDBY,0,,,queue-times.com
2026-08-25T23:32:13Z,2026-08-26,1,32,Disneyland Park,Disneyland Railroad Fantasyland Station,2711,CLOSED,STANDBY,0,,,queue-times.com
2026-08-25T23:32:13Z,2026-08-26,1,32,Disneyland Park,Disneyland Railroad Main Street Station,11,CLOSED,STANDBY,0,,,queue-times.com
2026-08-25T23:32:13Z,2026-08-26,1,32,Disneyland Park,Dumbo the Flying Elephant,18,CLOSED,STANDBY,0,,,queue-times.com
2026-08-25T23:32:13Z,2026-08-26,1,32,Disneyland Park,La Tanière du Dragon,2710,CLOSED,STANDBY,0,,,queue-times.com
2026-08-25T23:32:13Z,2026-08-26,1,32,Disneyland Park,Le Carrousel de Lancelot,16,CLOSED,STANDBY,0,,,queue-times.com
2026-08-25T23:32:13Z,2026-08-26,1,32,Disneyland Park,"Le Pays des Contes de Fées, presented by Vittel",21,CLOSED,STANDBY,0,,,queue-times.com
2026-08-25T23:32:13Z,2026-08-26,1,32,Disneyland Park,Les Voyages de Pinocchio,23,CLOSED,STANDBY,0,,,queue-times.com
2026-08-25T23:32:13Z,2026-08-26,1,32,Disneyland Park,Mad Hatter's Tea Cups,20,CLOSED,STANDBY,0,,,queue-times.com
2026-08-25T23:32:13Z,2026-08-26,1,32,Disneyland Park,Meet Mickey Mouse,13,CLOSED,STANDBY,0,,,queue-times.com
2026-08-25T23:32:13Z,2026-08-26,1,32,Disneyland Park,Peter Pan's Flight,22,CLOSED,STANDBY,0,,,queue-times.com
2026-08-25T23:32:13Z,2026-08-26,1,32,Disneyland Park,Princess Pavilion,24,CLOSED,STANDBY,0,,,queue-times.com
2026-08-25T23:32:13Z,2026-08-26,1,32,Disneyland Park,Big Thunder Mountain,25,CLOSED,STANDBY,0,,,queue-times.com
2026-08-25T23:32:13Z,2026-08-26,1,32,Disneyland Park,Disneyland Railroad Frontierland Depot,2714,CLOSED,STANDBY,0,,,queue-times.com
2026-08-25T23:32:13Z,2026-08-26,1,32,Disneyland Park,Frontierland Playground,2713,CLOSED,STANDBY,0,,,queue-times.com
2026-08-25T23:32:13Z,2026-08-26,1,32,Disneyland Park,Phantom Manor,26,CLOSED,STANDBY,0,,,queue-times.com
2026-08-25T23:32:13Z,2026-08-26,1,32,Disneyland Park,River Rogue Keelboats,27,CLOSED,STANDBY,0,,,queue-times.com
2026-08-25T23:32:13Z,2026-08-26,1,32,Disneyland Park,Rustler Roundup Shootin' Gallery,2712,CLOSED,STANDBY,0,,,queue-times.com
2026-08-25T23:32:13Z,2026-08-26,1,32,Disneyland Park,Thunder Mesa Riverboat Landing,28,CLOSED,STANDBY,0,,,queue-times.com
2026-08-25T23:32:13Z,2026-08-26,1,32,Disneyland Park,Disneyland Railroad Main Street Station,2708,CLOSED,STANDBY,0,,,queue-times.com
2026-08-25T23:32:13Z,2026-08-26,1,32,Disneyland Park,Main Street Vehicles,12,CLOSED,STANDBY,0,,,queue-times.com
2026-08-25T23:32:13Z,2026-08-26,1,32,Disney Adventure World,Avengers Assemble: Flight Force,10848,CLOSED,STANDBY,0,,,queue-times.com
2026-08-25T23:32:13Z,2026-08-26,1,32,Disney Adventure World,Avengers Assemble: Flight Force Single Rider,10849,CLOSED,STANDBY,0,,,queue-times.com
2026-08-25T23:32:13Z,2026-08-26,1,32,Disney Adventure World,Spider-Man W.E.B. Adventure,10845,CLOSED,STANDBY,0,,,queue-times.com
2026-08-25T23:32:13Z,2026-08-26,1,32,Disney Adventure World,Spider-Man W.E.B. Adventure Single Rider,10846,CLOSED,STANDBY,0,,,queue-times.com
2026-08-25T23:32:13Z,2026-08-26,1,32,Disney Adventure World,The Twilight Zone Tower of Terror,40,CLOSED,STANDBY,0,,,queue-times.com
2026-08-25T23:32:13Z,2026-08-26,1,32,Disney Adventure World,Cars Quatre Roues Rallye,31,CLOSED,STANDBY,0,,,queue-times.com
2026-08-25T23:32:13Z,2026-08-26,1,32,Disney Adventure World,Cars ROAD TRIP,29,CLOSED,STANDBY,0,,,queue-times.com
2026-08-25T23:32:13Z,2026-08-26,1,32,Disney Adventure World,Crush's Coaster,32,CLOSED,STANDBY,0,,,queue-times.com
2026-08-25T23:32:13Z,2026-08-26,1,32,Disney Adventure World,Crush's Coaster Single Rider,7277,CLOSED,STANDBY,0,,,queue-times.com
2026-08-25T23:32:13Z,2026-08-26,1,32,Disney Adventure World,Les Tapis Volants - Flying Carpets Over Agrabah®,33,CLOSED,STANDBY,0,,,queue-times.com
2026-08-25T23:32:13Z,2026-08-26,1,32,Disney Adventure World,Ratatouille : L’Aventure Totalement Toquée de Rémy​,37,CLOSED,STANDBY,0,,,queue-times.com
2026-08-25T23:32:13Z,2026-08-26,1,32,Disney Adventure World,Ratatouille: The Adventure Single Rider,7279,CLOSED,STANDBY,0,,,queue-times.com
2026-08-25T23:32:13Z,2026-08-26,1,32,Disney Adventure World,RC Racer,34,CLOSED,STANDBY,0,,,queue-times.com
2026-08-25T23:32:13Z,2026-08-26,1,32,Disney Adventure World,RC Racer Single Rider,7280,CLOSED,STANDBY,0,,,queue-times.com
2026-08-25T23:32:13Z,2026-08-26,1,32,Disney Adventure World,Slinky® Dog Zigzag Spin,36,CLOSED,STANDBY,0,,,queue-times.com
2026-08-25T23:32:13Z,2026-08-26,1,32,Disney Adventure World,Toy Soldiers Parachute Drop,35,CLOSED,STANDBY,0,,,queue-times.com
2026-08-25T23:32:13Z,2026-08-26,1,32,Disney Adventure World,Toy Soldiers Parachute Drop Single Rider,7281,CLOSED,STANDBY,0,,,queue-times.com
2026-08-25T23:32:13Z,2026-08-26,1,32,Disney Adventure World,Entry to World of Frozen,16247,CLOSED,STANDBY,0,,,queue-times.com
2026-08-25T23:32:13Z,2026-08-26,1,32,Disney Adventure World,Frozen Ever After,15413,CLOSED,STANDBY,0,,,queue-times.com
2026-08-25T23:32:13Z,2026-08-26,1,32,Disney Adventure World,Raiponce Tangled Spin,15415,CLOSED,STANDBY,0,,,queue-times.com
2026-08-25T23:45:35Z,2026-08-26,1,45,Disneyland Park,Adventure Isle,2702,CLOSED,STANDBY,0,,,queue-times.com
2026-08-25T23:45:35Z,2026-08-26,1,45,Disneyland Park,Indiana Jones and the Temple of Peril Single Rider,7306,CLOSED,STANDBY,0,,,queue-times.com
2026-08-25T23:45:35Z,2026-08-26,1,45,Disneyland Park,Indiana Jones™ and the Temple of Peril,2,CLOSED,STANDBY,0,,,queue-times.com
2026-08-25T23:45:35Z,2026-08-26,1,45,Disneyland Park,La Cabane des Robinson,1,CLOSED,STANDBY,0,,,queue-times.com
2026-08-25T23:45:35Z,2026-08-26,1,45,Disneyland Park,Le Passage Enchanté d'Aladdin,2703,CLOSED,STANDBY,0,,,queue-times.com
2026-08-25T23:45:35Z,2026-08-26,1,45,Disneyland Park,Pirate Galleon,2705,CLOSED,STANDBY,0,,,queue-times.com
2026-08-25T23:45:35Z,2026-08-26,1,45,Disneyland Park,Pirates of the Caribbean,3,CLOSED,STANDBY,0,,,queue-times.com
2026-08-25T23:45:35Z,2026-08-26,1,45,Disneyland Park,Pirates' Beach,2704,CLOSED,STANDBY,0,,,queue-times.com
2026-08-25T23:45:35Z,2026-08-26,1,45,Disneyland Park,"Autopia, presented by Avis",4,CLOSED,STANDBY,0,,,queue-times.com
2026-08-25T23:45:35Z,2026-08-26,1,45,Disneyland Park,Buzz Lightyear Laser Blast,5,CLOSED,STANDBY,0,,,queue-times.com
2026-08-25T23:45:35Z,2026-08-26,1,45,Disneyland Park,Disneyland Railroad Discoveryland Station,2706,CLOSED,STANDBY,0,,,queue-times.com
2026-08-25T23:45:35Z,2026-08-26,1,45,Disneyland Park,Les Mystères du Nautilus,6,CLOSED,STANDBY,0,,,queue-times.com
2026-08-25T23:45:35Z,2026-08-26,1,45,Disneyland Park,Mickey’s PhilharMagic,2707,CLOSED,STANDBY,0,,,queue-times.com
2026-08-25T23:45:35Z,2026-08-26,1,45,Disneyland Park,Orbitron®,7,CLOSED,STANDBY,0,,,queue-times.com
2026-08-25T23:45:35Z,2026-08-26,1,45,Disneyland Park,Star Tours: The Adventures Continue*,9,CLOSED,STANDBY,0,,,queue-times.com
2026-08-25T23:45:35Z,2026-08-26,1,45,Disneyland Park,Star Wars Hyperspace Mountain,8,CLOSED,STANDBY,0,,,queue-times.com
2026-08-25T23:45:35Z,2026-08-26,1,45,Disneyland Park,Star Wars Hyperspace Mountain Single Rider,7278,CLOSED,STANDBY,0,,,queue-times.com
2026-08-25T23:45:35Z,2026-08-26,1,45,Disneyland Park,Welcome to Starport: A Star Wars Encounter,4573,CLOSED,STANDBY,0,,,queue-times.com
2026-08-25T23:45:35Z,2026-08-26,1,45,Disneyland Park,"""it's a small world""",19,CLOSED,STANDBY,0,,,queue-times.com
2026-08-25T23:45:35Z,2026-08-26,1,45,Disneyland Park,Alice's Curious Labyrinth,14,CLOSED,STANDBY,0,,,queue-times.com
2026-08-25T23:45:35Z,2026-08-26,1,45,Disneyland Park,Blanche-Neige et les Sept Nains®,15,CLOSED,STANDBY,0,,,queue-times.com
2026-08-25T23:45:35Z,2026-08-26,1,45,Disneyland Park,Casey Jr. – le Petit Train du Cirque,17,CLOSED,STANDBY,0,,,queue-times.com
2026-08-25T23:45:35Z,2026-08-26,1,45,Disneyland Park,Disneyland Railroad Fantasyland Station,2711,CLOSED,STANDBY,0,,,queue-times.com
2026-08-25T23:45:35Z,2026-08-26,1,45,Disneyland Park,Disneyland Railroad Main Street Station,11,CLOSED,STANDBY,0,,,queue-times.com
2026-08-25T23:45:35Z,2026-08-26,1,45,Disneyland Park,Dumbo the Flying Elephant,18,CLOSED,STANDBY,0,,,queue-times.com
2026-08-25T23:45:35Z,2026-08-26,1,45,Disneyland Park,La Tanière du Dragon,2710,CLOSED,STANDBY,0,,,queue-times.com
2026-08-25T23:45:35Z,2026-08-26,1,45,Disneyland Park,Le Carrousel de Lancelot,16,CLOSED,STANDBY,0,,,queue-times.com
2026-08-25T23:45:35Z,2026-08-26,1,45,Disneyland Park,"Le Pays des Contes de Fées, presented by Vittel",21,CLOSED,STANDBY,0,,,queue-times.com
2026-08-25T23:45:35Z,2026-08-26,1,45,Disneyland Park,Les Voyages de Pinocchio,23,CLOSED,STANDBY,0,,,queue-times.com
2026-08-25T23:45:35Z,2026-08-26,1,45,Disneyland Park,Mad Hatter's Tea Cups,20,CLOSED,STANDBY,0,,,queue-times.com
2026-08-25T23:45:35Z,2026-08-26,1,45,Disneyland Park,Meet Mickey Mouse,13,CLOSED,STANDBY,0,,,queue-times.com
2026-08-25T23:45:35Z,2026-08-26,1,45,Disneyland Park,Peter Pan's Flight,22,CLOSED,STANDBY,0,,,queue-times.com
2026-08-25T23:45:35Z,2026-08-26,1,45,Disneyland Park,Princess Pavilion,24,CLOSED,STANDBY,0,,,queue-times.com
2026-08-25T23:45:35Z,2026-08-26,1,45,Disneyland Park,Big Thunder Mountain,25,CLOSED,STANDBY,0,,,queue-times.com
2026-08-25T23:45:35Z,2026-08-26,1,45,Disneyland Park,Disneyland Railroad Frontierland Depot,2714,CLOSED,STANDBY,0,,,queue-times.com
2026-08-25T23:45:35Z,2026-08-26,1,45,Disneyland Park,Frontierland Playground,2713,CLOSED,STANDBY,0,,,queue-times.com
2026-08-25T23:45:35Z,2026-08-26,1,45,Disneyland Park,Phantom Manor,26,CLOSED,STANDBY,0,,,queue-times.com
2026-08-25T23:45:35Z,2026-08-26,1,45,Disneyland Park,River Rogue Keelboats,27,CLOSED,STANDBY,0,,,queue-times.com
2026-08-25T23:45:35Z,2026-08-26,1,45,Disneyland Park,Rustler Roundup Shootin' Gallery,2712,CLOSED,STANDBY,0,,,queue-times.com
2026-08-25T23:45:35Z,2026-08-26,1,45,Disneyland Park,Thunder Mesa Riverboat Landing,28,CLOSED,STANDBY,0,,,queue-times.com
2026-08-25T23:45:35Z,2026-08-26,1,45,Disneyland Park,Disneyland Railroad Main Street Station,2708,CLOSED,STANDBY,0,,,queue-times.com
2026-08-25T23:45:35Z,2026-08-26,1,45,Disneyland Park,Main Street Vehicles,12,CLOSED,STANDBY,0,,,queue-times.com
2026-08-25T23:45:35Z,2026-08-26,1,45,Disney Adventure World,Avengers Assemble: Flight Force,10848,CLOSED,STANDBY,0,,,queue-times.com
2026-08-25T23:45:35Z,2026-08-26,1,45,Disney Adventure World,Avengers Assemble: Flight Force Single Rider,10849,CLOSED,STANDBY,0,,,queue-times.com
2026-08-25T23:45:35Z,2026-08-26,1,45,Disney Adventure World,Spider-Man W.E.B. Adventure,10845,CLOSED,STANDBY,0,,,queue-times.com
2026-08-25T23:45:35Z,2026-08-26,1,45,Disney Adventure World,Spider-Man W.E.B. Adventure Single Rider,10846,CLOSED,STANDBY,0,,,queue-times.com
2026-08-25T23:45:35Z,2026-08-26,1,45,Disney Adventure World,The Twilight Zone Tower of Terror,40,CLOSED,STANDBY,0,,,queue-times.com
2026-08-25T23:45:35Z,2026-08-26,1,45,Disney Adventure World,Cars Quatre Roues Rallye,31,CLOSED,STANDBY,0,,,queue-times.com
2026-08-25T23:45:35Z,2026-08-26,1,45,Disney Adventure World,Cars ROAD TRIP,29,CLOSED,STANDBY,0,,,queue-times.com
2026-08-25T23:45:35Z,2026-08-26,1,45,Disney Adventure World,Crush's Coaster,32,CLOSED,STANDBY,0,,,queue-times.com
2026-08-25T23:45:35Z,2026-08-26,1,45,Disney Adventure World,Crush's Coaster Single Rider,7277,CLOSED,STANDBY,0,,,queue-times.com
2026-08-25T23:45:35Z,2026-08-26,1,45,Disney Adventure World,Les Tapis Volants - Flying Carpets Over Agrabah®,33,CLOSED,STANDBY,0,,,queue-times.com
2026-08-25T23:45:35Z,2026-08-26,1,45,Disney Adventure World,Ratatouille : L’Aventure Totalement Toquée de Rémy​,37,CLOSED,STANDBY,0,,,queue-times.com
2026-08-25T23:45:35Z,2026-08-26,1,45,Disney Adventure World,Ratatouille: The Adventure Single Rider,7279,CLOSED,STANDBY,0,,,queue-times.com
2026-08-25T23:45:35Z,2026-08-26,1,45,Disney Adventure World,RC Racer,34,CLOSED,STANDBY,0,,,queue-times.com
2026-08-25T23:45:35Z,2026-08-26,1,45,Disney Adventure World,RC Racer Single Rider,7280,CLOSED,STANDBY,0,,,queue-times.com
2026-08-25T23:45:35Z,2026-08-26,1,45,Disney Adventure World,Slinky® Dog Zigzag Spin,36,CLOSED,STANDBY,0,,,queue-times.com
2026-08-25T23:45:35Z,2026-08-26,1,45,Disney Adventure World,Toy Soldiers Parachute Drop,35,CLOSED,STANDBY,0,,,queue-times.com
2026-08-25T23:45:35Z,2026-08-26,1,45,Disney Adventure World,Toy Soldiers Parachute Drop Single Rider,7281,CLOSED,STANDBY,0,,,queue-times.com
2026-08-25T23:45:35Z,2026-08-26,1,45,Disney Adventure World,Entry to World of Frozen,16247,CLOSED,STANDBY,0,,,queue-times.com
2026-08-25T23:45:35Z,2026-08-26,1,45,Disney Adventure World,Frozen Ever After,15413,CLOSED,STANDBY,0,,,queue-times.com
2026-08-25T23:45:35Z,2026-08-26,1,45,Disney Adventure World,Raiponce Tangled Spin,15415,CLOSED,STANDBY,0,,,queue-times.com
2026-08-26T06:01:05Z,2026-08-26,8,1,Disneyland Park,Adventure Isle,2702,CLOSED,STANDBY,0,,,queue-times.com
2026-08-26T06:01:05Z,2026-08-26,8,1,Disneyland Park,Indiana Jones and the Temple of Peril Single Rider,7306,CLOSED,STANDBY,0,,,queue-times.com
2026-08-26T06:01:05Z,2026-08-26,8,1,Disneyland Park,Indiana Jones™ and the Temple of Peril,2,CLOSED,STANDBY,0,,,queue-times.com
2026-08-26T06:01:05Z,2026-08-26,8,1,Disneyland Park,La Cabane des Robinson,1,CLOSED,STANDBY,0,,,queue-times.com
2026-08-26T06:01:05Z,2026-08-26,8,1,Disneyland Park,Le Passage Enchanté d'Aladdin,2703,CLOSED,STANDBY,0,,,queue-times.com
2026-08-26T06:01:05Z,2026-08-26,8,1,Disneyland Park,Pirate Galleon,2705,CLOSED,STANDBY,0,,,queue-times.com
2026-08-26T06:01:05Z,2026-08-26,8,1,Disneyland Park,Pirates of the Caribbean,3,CLOSED,STANDBY,0,,,queue-times.com
2026-08-26T06:01:05Z,2026-08-26,8,1,Disneyland Park,Pirates' Beach,2704,CLOSED,STANDBY,0,,,queue-times.com
2026-08-26T06:01:05Z,2026-08-26,8,1,Disneyland Park,"Autopia, presented by Avis",4,CLOSED,STANDBY,0,,,queue-times.com
2026-08-26T06:01:05Z,2026-08-26,8,1,Disneyland Park,Buzz Lightyear Laser Blast,5,CLOSED,STANDBY,0,,,queue-times.com
2026-08-26T06:01:05Z,2026-08-26,8,1,Disneyland Park,Disneyland Railroad Discoveryland Station,2706,CLOSED,STANDBY,0,,,queue-times.com
2026-08-26T06:01:05Z,2026-08-26,8,1,Disneyland Park,Les Mystères du Nautilus,6,CLOSED,STANDBY,0,,,queue-times.com
2026-08-26T06:01:05Z,2026-08-26,8,1,Disneyland Park,Mickey’s PhilharMagic,2707,CLOSED,STANDBY,0,,,queue-times.com
2026-08-26T06:01:05Z,2026-08-26,8,1,Disneyland Park,Orbitron®,7,CLOSED,STANDBY,0,,,queue-times.com
2026-08-26T06:01:05Z,2026-08-26,8,1,Disneyland Park,Star Tours: The Adventures Continue*,9,CLOSED,STANDBY,0,,,queue-times.com
2026-08-26T06:01:05Z,2026-08-26,8,1,Disneyland Park,Star Wars Hyperspace Mountain,8,CLOSED,STANDBY,0,,,queue-times.com
2026-08-26T06:01:05Z,2026-08-26,8,1,Disneyland Park,Star Wars Hyperspace Mountain Single Rider,7278,CLOSED,STANDBY,0,,,queue-times.com
2026-08-26T06:01:05Z,2026-08-26,8,1,Disneyland Park,Welcome to Starport: A Star Wars Encounter,4573,CLOSED,STANDBY,0,,,queue-times.com
2026-08-26T06:01:05Z,2026-08-26,8,1,Disneyland Park,"""it's a small world""",19,CLOSED,STANDBY,0,,,queue-times.com
2026-08-26T06:01:05Z,2026-08-26,8,1,Disneyland Park,Alice's Curious Labyrinth,14,CLOSED,STANDBY,0,,,queue-times.com
2026-08-26T06:01:05Z,2026-08-26,8,1,Disneyland Park,Blanche-Neige et les Sept Nains®,15,CLOSED,STANDBY,0,,,queue-times.com
2026-08-26T06:01:05Z,2026-08-26,8,1,Disneyland Park,Casey Jr. – le Petit Train du Cirque,17,CLOSED,STANDBY,0,,,queue-times.com
2026-08-26T06:01:05Z,2026-08-26,8,1,Disneyland Park,Disneyland Railroad Fantasyland Station,2711,CLOSED,STANDBY,0,,,queue-times.com
2026-08-26T06:01:05Z,2026-08-26,8,1,Disneyland Park,Disneyland Railroad Main Street Station,11,CLOSED,STANDBY,0,,,queue-times.com
2026-08-26T06:01:05Z,2026-08-26,8,1,Disneyland Park,Dumbo the Flying Elephant,18,CLOSED,STANDBY,0,,,queue-times.com
2026-08-26T06:01:05Z,2026-08-26,8,1,Disneyland Park,La Tanière du Dragon,2710,CLOSED,STANDBY,0,,,queue-times.com
2026-08-26T06:01:05Z,2026-08-26,8,1,Disneyland Park,Le Carrousel de Lancelot,16,CLOSED,STANDBY,0,,,queue-times.com
2026-08-26T06:01:05Z,2026-08-26,8,1,Disneyland Park,"Le Pays des Contes de Fées, presented by Vittel",21,CLOSED,STANDBY,0,,,queue-times.com
2026-08-26T06:01:05Z,2026-08-26,8,1,Disneyland Park,Les Voyages de Pinocchio,23,CLOSED,STANDBY,0,,,queue-times.com
2026-08-26T06:01:05Z,2026-08-26,8,1,Disneyland Park,Mad Hatter's Tea Cups,20,CLOSED,STANDBY,0,,,queue-times.com
2026-08-26T06:01:05Z,2026-08-26,8,1,Disneyland Park,Meet Mickey Mouse,13,CLOSED,STANDBY,0,,,queue-times.com
2026-08-26T06:01:05Z,2026-08-26,8,1,Disneyland Park,Peter Pan's Flight,22,CLOSED,STANDBY,0,,,queue-times.com
2026-08-26T06:01:05Z,2026-08-26,8,1,Disneyland Park,Princess Pavilion,24,CLOSED,STANDBY,0,,,queue-times.com
2026-08-26T06:01:05Z,2026-08-26,8,1,Disneyland Park,Big Thunder Mountain,25,CLOSED,STANDBY,0,,,queue-times.com
2026-08-26T06:01:05Z,2026-08-26,8,1,Disneyland Park,Disneyland Railroad Frontierland Depot,2714,CLOSED,STANDBY,0,,,queue-times.com
2026-08-26T06:01:05Z,2026-08-26,8,1,Disneyland Park,Frontierland Playground,2713,CLOSED,STANDBY,0,,,queue-times.com
2026-08-26T06:01:05Z,2026-08-26,8,1,Disneyland Park,Phantom Manor,26,CLOSED,STANDBY,0,,,queue-times.com
2026-08-26T06:01:05Z,2026-08-26,8,1,Disneyland Park,River Rogue Keelboats,27,CLOSED,STANDBY,0,,,queue-times.com
2026-08-26T06:01:05Z,2026-08-26,8,1,Disneyland Park,Rustler Roundup Shootin' Gallery,2712,CLOSED,STANDBY,0,,,queue-times.com
2026-08-26T06:01:05Z,2026-08-26,8,1,Disneyland Park,Thunder Mesa Riverboat Landing,28,CLOSED,STANDBY,0,,,queue-times.com
2026-08-26T06:01:05Z,2026-08-26,8,1,Disneyland Park,Disneyland Railroad Main Street Station,2708,CLOSED,STANDBY,0,,,queue-times.com
2026-08-26T06:01:05Z,2026-08-26,8,1,Disneyland Park,Main Street Vehicles,12,CLOSED,STANDBY,0,,,queue-times.com
2026-08-26T06:01:05Z,2026-08-26,8,1,Disney Adventure World,Avengers Assemble: Flight Force,10848,CLOSED,STANDBY,0,,,queue-times.com
2026-08-26T06:01:05Z,2026-08-26,8,1,Disney Adventure World,Avengers Assemble: Flight Force Single Rider,10849,CLOSED,STANDBY,0,,,queue-times.com
2026-08-26T06:01:05Z,2026-08-26,8,1,Disney Adventure World,Spider-Man W.E.B. Adventure,10845,CLOSED,STANDBY,0,,,queue-times.com
2026-08-26T06:01:05Z,2026-08-26,8,1,Disney Adventure World,Spider-Man W.E.B. Adventure Single Rider,10846,CLOSED,STANDBY,0,,,queue-times.com
2026-08-26T06:01:05Z,2026-08-26,8,1,Disney Adventure World,The Twilight Zone Tower of Terror,40,CLOSED,STANDBY,0,,,queue-times.com
2026-08-26T06:01:05Z,2026-08-26,8,1,Disney Adventure World,Cars Quatre Roues Rallye,31,CLOSED,STANDBY,0,,,queue-times.com
2026-08-26T06:01:05Z,2026-08-26,8,1,Disney Adventure World,Cars ROAD TRIP,29,CLOSED,STANDBY,0,,,queue-times.com
2026-08-26T06:01:05Z,2026-08-26,8,1,Disney Adventure World,Crush's Coaster,32,CLOSED,STANDBY,0,,,queue-times.com
2026-08-26T06:01:05Z,2026-08-26,8,1,Disney Adventure World,Crush's Coaster Single Rider,7277,CLOSED,STANDBY,0,,,queue-times.com
2026-08-26T06:01:05Z,2026-08-26,8,1,Disney Adventure World,Les Tapis Volants - Flying Carpets Over Agrabah®,33,CLOSED,STANDBY,0,,,queue-times.com
2026-08-26T06:01:05Z,2026-08-26,8,1,Disney Adventure World,Ratatouille : L’Aventure Totalement Toquée de Rémy​,37,CLOSED,STANDBY,0,,,queue-times.com
2026-08-26T06:01:05Z,2026-08-26,8,1,Disney Adventure World,Ratatouille: The Adventure Single Rider,7279,CLOSED,STANDBY,0,,,queue-times.com
2026-08-26T06:01:05Z,2026-08-26,8,1,Disney Adventure World,RC Racer,34,CLOSED,STANDBY,0,,,queue-times.com
2026-08-26T06:01:05Z,2026-08-26,8,1,Disney Adventure World,RC Racer Single Rider,7280,CLOSED,STANDBY,0,,,queue-times.com
2026-08-26T06:01:05Z,2026-08-26,8,1,Disney Adventure World,Slinky® Dog Zigzag Spin,36,CLOSED,STANDBY,0,,,queue-times.com
2026-08-26T06:01:05Z,2026-08-26,8,1,Disney Adventure World,Toy Soldiers Parachute Drop,35,CLOSED,STANDBY,0,,,queue-times.com
2026-08-26T06:01:05Z,2026-08-26,8,1,Disney Adventure World,Toy Soldiers Parachute Drop Single Rider,7281,CLOSED,STANDBY,0,,,queue-times.com
2026-08-26T06:01:05Z,2026-08-26,8,1,Disney Adventure World,Entry to World of Frozen,16247,CLOSED,STANDBY,0,,,queue-times.com
2026-08-26T06:01:05Z,2026-08-26,8,1,Disney Adventure World,Frozen Ever After,15413,CLOSED,STANDBY,0,,,queue-times.com
2026-08-26T06:01:05Z,2026-08-26,8,1,Disney Adventure World,Raiponce Tangled Spin,15415,CLOSED,STANDBY,0,,,queue-times.com
2026-08-26T06:15:38Z,2026-08-26,8,15,Disneyland Park,Adventure Isle,2702,CLOSED,STANDBY,0,,,queue-times.com
2026-08-26T06:15:38Z,2026-08-26,8,15,Disneyland Park,Indiana Jones and the Temple of Peril Single Rider,7306,CLOSED,STANDBY,0,,,queue-times.com
2026-08-26T06:15:38Z,2026-08-26,8,15,Disneyland Park,Indiana Jones™ and the Temple of Peril,2,CLOSED,STANDBY,0,,,queue-times.com
2026-08-26T06:15:38Z,2026-08-26,8,15,Disneyland Park,La Cabane des Robinson,1,CLOSED,STANDBY,0,,,queue-times.com
2026-08-26T06:15:38Z,2026-08-26,8,15,Disneyland Park,Le Passage Enchanté d'Aladdin,2703,CLOSED,STANDBY,0,,,queue-times.com
2026-08-26T06:15:38Z,2026-08-26,8,15,Disneyland Park,Pirate Galleon,2705,CLOSED,STANDBY,0,,,queue-times.com
2026-08-26T06:15:38Z,2026-08-26,8,15,Disneyland Park,Pirates of the Caribbean,3,CLOSED,STANDBY,0,,,queue-times.com
2026-08-26T06:15:38Z,2026-08-26,8,15,Disneyland Park,Pirates' Beach,2704,CLOSED,STANDBY,0,,,queue-times.com
2026-08-26T06:15:38Z,2026-08-26,8,15,Disneyland Park,"Autopia, presented by Avis",4,CLOSED,STANDBY,0,,,queue-times.com
2026-08-26T06:15:38Z,2026-08-26,8,15,Disneyland Park,Buzz Lightyear Laser Blast,5,CLOSED,STANDBY,0,,,queue-times.com
2026-08-26T06:15:38Z,2026-08-26,8,15,Disneyland Park,Disneyland Railroad Discoveryland Station,2706,CLOSED,STANDBY,0,,,queue-times.com
2026-08-26T06:15:38Z,2026-08-26,8,15,Disneyland Park,Les Mystères du Nautilus,6,CLOSED,STANDBY,0,,,queue-times.com
2026-08-26T06:15:38Z,2026-08-26,8,15,Disneyland Park,Mickey’s PhilharMagic,2707,CLOSED,STANDBY,0,,,queue-times.com
2026-08-26T06:15:38Z,2026-08-26,8,15,Disneyland Park,Orbitron®,7,CLOSED,STANDBY,0,,,queue-times.com
2026-08-26T06:15:38Z,2026-08-26,8,15,Disneyland Park,Star Tours: The Adventures Continue*,9,CLOSED,STANDBY,0,,,queue-times.com
2026-08-26T06:15:38Z,2026-08-26,8,15,Disneyland Park,Star Wars Hyperspace Mountain,8,CLOSED,STANDBY,0,,,queue-times.com
2026-08-26T06:15:38Z,2026-08-26,8,15,Disneyland Park,Star Wars Hyperspace Mountain Single Rider,7278,CLOSED,STANDBY,0,,,queue-times.com
2026-08-26T06:15:38Z,2026-08-26,8,15,Disneyland Park,Welcome to Starport: A Star Wars Encounter,4573,CLOSED,STANDBY,0,,,queue-times.com
2026-08-26T06:15:38Z,2026-08-26,8,15,Disneyland Park,"""it's a small world""",19,CLOSED,STANDBY,0,,,queue-times.com
2026-08-26T06:15:38Z,2026-08-26,8,15,Disneyland Park,Alice's Curious Labyrinth,14,CLOSED,STANDBY,0,,,queue-times.com
2026-08-26T06:15:38Z,2026-08-26,8,15,Disneyland Park,Blanche-Neige et les Sept Nains®,15,CLOSED,STANDBY,0,,,queue-times.com
2026-08-26T06:15:38Z,2026-08-26,8,15,Disneyland Park,Casey Jr. – le Petit Train du Cirque,17,CLOSED,STANDBY,0,,,queue-times.com
2026-08-26T06:15:38Z,2026-08-26,8,15,Disneyland Park,Disneyland Railroad Fantasyland Station,2711,CLOSED,STANDBY,0,,,queue-times.com
2026-08-26T06:15:38Z,2026-08-26,8,15,Disneyland Park,Disneyland Railroad Main Street Station,11,CLOSED,STANDBY,0,,,queue-times.com
2026-08-26T06:15:38Z,2026-08-26,8,15,Disneyland Park,Dumbo the Flying Elephant,18,CLOSED,STANDBY,0,,,queue-times.com
2026-08-26T06:15:38Z,2026-08-26,8,15,Disneyland Park,La Tanière du Dragon,2710,CLOSED,STANDBY,0,,,queue-times.com
2026-08-26T06:15:38Z,2026-08-26,8,15,Disneyland Park,Le Carrousel de Lancelot,16,CLOSED,STANDBY,0,,,queue-times.com
2026-08-26T06:15:38Z,2026-08-26,8,15,Disneyland Park,"Le Pays des Contes de Fées, presented by Vittel",21,CLOSED,STANDBY,0,,,queue-times.com
2026-08-26T06:15:38Z,2026-08-26,8,15,Disneyland Park,Les Voyages de Pinocchio,23,CLOSED,STANDBY,0,,,queue-times.com
2026-08-26T06:15:38Z,2026-08-26,8,15,Disneyland Park,Mad Hatter's Tea Cups,20,CLOSED,STANDBY,0,,,queue-times.com
2026-08-26T06:15:38Z,2026-08-26,8,15,Disneyland Park,Meet Mickey Mouse,13,CLOSED,STANDBY,0,,,queue-times.com
2026-08-26T06:15:38Z,2026-08-26,8,15,Disneyland Park,Peter Pan's Flight,22,CLOSED,STANDBY,0,,,queue-times.com
2026-08-26T06:15:38Z,2026-08-26,8,15,Disneyland Park,Princess Pavilion,24,CLOSED,STANDBY,0,,,queue-times.com
2026-08-26T06:15:38Z,2026-08-26,8,15,Disneyland Park,Big Thunder Mountain,25,CLOSED,STANDBY,0,,,queue-times.com
2026-08-26T06:15:38Z,2026-08-26,8,15,Disneyland Park,Disneyland Railroad Frontierland Depot,2714,CLOSED,STANDBY,0,,,queue-times.com
2026-08-26T06:15:38Z,2026-08-26,8,15,Disneyland Park,Frontierland Playground,2713,CLOSED,STANDBY,0,,,queue-times.com
2026-08-26T06:15:38Z,2026-08-26,8,15,Disneyland Park,Phantom Manor,26,CLOSED,STANDBY,0,,,queue-times.com
2026-08-26T06:15:38Z,2026-08-26,8,15,Disneyland Park,River Rogue Keelboats,27,CLOSED,STANDBY,0,,,queue-times.com
2026-08-26T06:15:38Z,2026-08-26,8,15,Disneyland Park,Rustler Roundup Shootin' Gallery,2712,CLOSED,STANDBY,0,,,queue-times.com
2026-08-26T06:15:38Z,2026-08-26,8,15,Disneyland Park,Thunder Mesa Riverboat Landing,28,CLOSED,STANDBY,0,,,queue-times.com
2026-08-26T06:15:38Z,2026-08-26,8,15,Disneyland Park,Disneyland Railroad Main Street Station,2708,CLOSED,STANDBY,0,,,queue-times.com
2026-08-26T06:15:38Z,2026-08-26,8,15,Disneyland Park,Main Street Vehicles,12,CLOSED,STANDBY,0,,,queue-times.com
2026-08-26T06:15:38Z,2026-08-26,8,15,Disney Adventure World,Avengers Assemble: Flight Force,10848,CLOSED,STANDBY,0,,,queue-times.com
2026-08-26T06:15:38Z,2026-08-26,8,15,Disney Adventure World,Avengers Assemble: Flight Force Single Rider,10849,CLOSED,STANDBY,0,,,queue-times.com
2026-08-26T06:15:38Z,2026-08-26,8,15,Disney Adventure World,Spider-Man W.E.B. Adventure,10845,CLOSED,STANDBY,0,,,queue-times.com
2026-08-26T06:15:38Z,2026-08-26,8,15,Disney Adventure World,Spider-Man W.E.B. Adventure Single Rider,10846,CLOSED,STANDBY,0,,,queue-times.com
2026-08-26T06:15:38Z,2026-08-26,8,15,Disney Adventure World,The Twilight Zone Tower of Terror,40,CLOSED,STANDBY,0,,,queue-times.com
2026-08-26T06:15:38Z,2026-08-26,8,15,Disney Adventure World,Cars Quatre Roues Rallye,31,CLOSED,STANDBY,0,,,queue-times.com
2026-08-26T06:15:38Z,2026-08-26,8,15,Disney Adventure World,Cars ROAD TRIP,29,CLOSED,STANDBY,0,,,queue-times.com
2026-08-26T06:15:38Z,2026-08-26,8,15,Disney Adventure World,Crush's Coaster,32,CLOSED,STANDBY,0,,,queue-times.com
2026-08-26T06:15:38Z,2026-08-26,8,15,Disney Adventure World,Crush's Coaster Single Rider,7277,CLOSED,STANDBY,0,,,queue-times.com
2026-08-26T06:15:38Z,2026-08-26,8,15,Disney Adventure World,Les Tapis Volants - Flying Carpets Over Agrabah®,33,CLOSED,STANDBY,0,,,queue-times.com
2026-08-26T06:15:38Z,2026-08-26,8,15,Disney Adventure World,Ratatouille : L’Aventure Totalement Toquée de Rémy​,37,CLOSED,STANDBY,0,,,queue-times.com
2026-08-26T06:15:38Z,2026-08-26,8,15,Disney Adventure World,Ratatouille: The Adventure Single Rider,7279,CLOSED,STANDBY,0,,,queue-times.com
2026-08-26T06:15:38Z,2026-08-26,8,15,Disney Adventure World,RC Racer,34,CLOSED,STANDBY,0,,,queue-times.com
2026-08-26T06:15:38Z,2026-08-26,8,15,Disney Adventure World,RC Racer Single Rider,7280,CLOSED,STANDBY,0,,,queue-times.com
2026-08-26T06:15:38Z,2026-08-26,8,15,Disney Adventure World,Slinky® Dog Zigzag Spin,36,CLOSED,STANDBY,0,,,queue-times.com
2026-08-26T06:15:38Z,2026-08-26,8,15,Disney Adventure World,Toy Soldiers Parachute Drop,35,CLOSED,STANDBY,0,,,queue-times.com
2026-08-26T06:15:38Z,2026-08-26,8,15,Disney Adventure World,Toy Soldiers Parachute Drop Single Rider,7281,CLOSED,STANDBY,0,,,queue-times.com
2026-08-26T06:15:38Z,2026-08-26,8,15,Disney Adventure World,Entry to World of Frozen,16247,CLOSED,STANDBY,0,,,queue-times.com
2026-08-26T06:15:38Z,2026-08-26,8,15,Disney Adventure World,Frozen Ever After,15413,CLOSED,STANDBY,0,,,queue-times.com
2026-08-26T06:15:38Z,2026-08-26,8,15,Disney Adventure World,Raiponce Tangled Spin,15415,CLOSED,STANDBY,0,,,queue-times.com
2026-08-26T06:30:57Z,2026-08-26,8,30,Disneyland Park,Adventure Isle,2702,CLOSED,STANDBY,0,,,queue-times.com
2026-08-26T06:30:57Z,2026-08-26,8,30,Disneyland Park,Indiana Jones and the Temple of Peril Single Rider,7306,CLOSED,STANDBY,0,,,queue-times.com
2026-08-26T06:30:57Z,2026-08-26,8,30,Disneyland Park,Indiana Jones™ and the Temple of Peril,2,CLOSED,STANDBY,0,,,queue-times.com
2026-08-26T06:30:57Z,2026-08-26,8,30,Disneyland Park,La Cabane des Robinson,1,CLOSED,STANDBY,0,,,queue-times.com
2026-08-26T06:30:57Z,2026-08-26,8,30,Disneyland Park,Le Passage Enchanté d'Aladdin,2703,CLOSED,STANDBY,0,,,queue-times.com
2026-08-26T06:30:57Z,2026-08-26,8,30,Disneyland Park,Pirate Galleon,2705,CLOSED,STANDBY,0,,,queue-times.com
2026-08-26T06:30:57Z,2026-08-26,8,30,Disneyland Park,Pirates of the Caribbean,3,CLOSED,STANDBY,0,,,queue-times.com
2026-08-26T06:30:57Z,2026-08-26,8,30,Disneyland Park,Pirates' Beach,2704,CLOSED,STANDBY,0,,,queue-times.com
2026-08-26T06:30:57Z,2026-08-26,8,30,Disneyland Park,"Autopia, presented by Avis",4,CLOSED,STANDBY,0,,,queue-times.com
2026-08-26T06:30:57Z,2026-08-26,8,30,Disneyland Park,Buzz Lightyear Laser Blast,5,OPERATING,STANDBY,5,,,queue-times.com
2026-08-26T06:30:57Z,2026-08-26,8,30,Disneyland Park,Disneyland Railroad Discoveryland Station,2706,CLOSED,STANDBY,0,,,queue-times.com
2026-08-26T06:30:57Z,2026-08-26,8,30,Disneyland Park,Les Mystères du Nautilus,6,CLOSED,STANDBY,0,,,queue-times.com
2026-08-26T06:30:57Z,2026-08-26,8,30,Disneyland Park,Mickey’s PhilharMagic,2707,CLOSED,STANDBY,0,,,queue-times.com
2026-08-26T06:30:57Z,2026-08-26,8,30,Disneyland Park,Orbitron®,7,CLOSED,STANDBY,0,,,queue-times.com
2026-08-26T06:30:57Z,2026-08-26,8,30,Disneyland Park,Star Tours: The Adventures Continue*,9,CLOSED,STANDBY,0,,,queue-times.com
2026-08-26T06:30:57Z,2026-08-26,8,30,Disneyland Park,Star Wars Hyperspace Mountain,8,CLOSED,STANDBY,0,,,queue-times.com
2026-08-26T06:30:57Z,2026-08-26,8,30,Disneyland Park,Star Wars Hyperspace Mountain Single Rider,7278,CLOSED,STANDBY,0,,,queue-times.com
2026-08-26T06:30:57Z,2026-08-26,8,30,Disneyland Park,Welcome to Starport: A Star Wars Encounter,4573,CLOSED,STANDBY,0,,,queue-times.com
2026-08-26T06:30:57Z,2026-08-26,8,30,Disneyland Park,"""it's a small world""",19,CLOSED,STANDBY,0,,,queue-times.com
2026-08-26T06:30:57Z,2026-08-26,8,30,Disneyland Park,Alice's Curious Labyrinth,14,CLOSED,STANDBY,0,,,queue-times.com
2026-08-26T06:30:57Z,2026-08-26,8,30,Disneyland Park,Blanche-Neige et les Sept Nains®,15,CLOSED,STANDBY,0,,,queue-times.com
2026-08-26T06:30:57Z,2026-08-26,8,30,Disneyland Park,Casey Jr. – le Petit Train du Cirque,17,CLOSED,STANDBY,0,,,queue-times.com
2026-08-26T06:30:57Z,2026-08-26,8,30,Disneyland Park,Disneyland Railroad Fantasyland Station,2711,CLOSED,STANDBY,0,,,queue-times.com
2026-08-26T06:30:57Z,2026-08-26,8,30,Disneyland Park,Disneyland Railroad Main Street Station,11,CLOSED,STANDBY,0,,,queue-times.com
2026-08-26T06:30:57Z,2026-08-26,8,30,Disneyland Park,Dumbo the Flying Elephant,18,CLOSED,STANDBY,0,,,queue-times.com
2026-08-26T06:30:57Z,2026-08-26,8,30,Disneyland Park,La Tanière du Dragon,2710,CLOSED,STANDBY,0,,,queue-times.com
2026-08-26T06:30:57Z,2026-08-26,8,30,Disneyland Park,Le Carrousel de Lancelot,16,CLOSED,STANDBY,0,,,queue-times.com
2026-08-26T06:30:57Z,2026-08-26,8,30,Disneyland Park,"Le Pays des Contes de Fées, presented by Vittel",21,CLOSED,STANDBY,0,,,queue-times.com
2026-08-26T06:30:57Z,2026-08-26,8,30,Disneyland Park,Les Voyages de Pinocchio,23,CLOSED,STANDBY,0,,,queue-times.com
2026-08-26T06:30:57Z,2026-08-26,8,30,Disneyland Park,Mad Hatter's Tea Cups,20,CLOSED,STANDBY,0,,,queue-times.com
2026-08-26T06:30:57Z,2026-08-26,8,30,Disneyland Park,Meet Mickey Mouse,13,CLOSED,STANDBY,0,,,queue-times.com
2026-08-26T06:30:57Z,2026-08-26,8,30,Disneyland Park,Peter Pan's Flight,22,CLOSED,STANDBY,0,,,queue-times.com
2026-08-26T06:30:57Z,2026-08-26,8,30,Disneyland Park,Princess Pavilion,24,CLOSED,STANDBY,0,,,queue-times.com
2026-08-26T06:30:57Z,2026-08-26,8,30,Disneyland Park,Big Thunder Mountain,25,CLOSED,STANDBY,0,,,queue-times.com
2026-08-26T06:30:57Z,2026-08-26,8,30,Disneyland Park,Disneyland Railroad Frontierland Depot,2714,CLOSED,STANDBY,0,,,queue-times.com
2026-08-26T06:30:57Z,2026-08-26,8,30,Disneyland Park,Frontierland Playground,2713,CLOSED,STANDBY,0,,,queue-times.com
2026-08-26T06:30:57Z,2026-08-26,8,30,Disneyland Park,Phantom Manor,26,CLOSED,STANDBY,0,,,queue-times.com
2026-08-26T06:30:57Z,2026-08-26,8,30,Disneyland Park,River Rogue Keelboats,27,CLOSED,STANDBY,0,,,queue-times.com
2026-08-26T06:30:57Z,2026-08-26,8,30,Disneyland Park,Rustler Roundup Shootin' Gallery,2712,CLOSED,STANDBY,0,,,queue-times.com
2026-08-26T06:30:57Z,2026-08-26,8,30,Disneyland Park,Thunder Mesa Riverboat Landing,28,CLOSED,STANDBY,0,,,queue-times.com
2026-08-26T06:30:57Z,2026-08-26,8,30,Disneyland Park,Disneyland Railroad Main Street Station,2708,CLOSED,STANDBY,0,,,queue-times.com
2026-08-26T06:30:57Z,2026-08-26,8,30,Disneyland Park,Main Street Vehicles,12,CLOSED,STANDBY,0,,,queue-times.com
2026-08-26T06:30:57Z,2026-08-26,8,30,Disney Adventure World,Avengers Assemble: Flight Force,10848,CLOSED,STANDBY,0,,,queue-times.com
2026-08-26T06:30:57Z,2026-08-26,8,30,Disney Adventure World,Avengers Assemble: Flight Force Single Rider,10849,CLOSED,STANDBY,0,,,queue-times.com
2026-08-26T06:30:57Z,2026-08-26,8,30,Disney Adventure World,Spider-Man W.E.B. Adventure,10845,CLOSED,STANDBY,0,,,queue-times.com
2026-08-26T06:30:57Z,2026-08-26,8,30,Disney Adventure World,Spider-Man W.E.B. Adventure Single Rider,10846,CLOSED,STANDBY,0,,,queue-times.com
2026-08-26T06:30:57Z,2026-08-26,8,30,Disney Adventure World,The Twilight Zone Tower of Terror,40,CLOSED,STANDBY,0,,,queue-times.com
2026-08-26T06:30:57Z,2026-08-26,8,30,Disney Adventure World,Cars Quatre Roues Rallye,31,OPERATING,STANDBY,5,,,queue-times.com
2026-08-26T06:30:57Z,2026-08-26,8,30,Disney Adventure World,Cars ROAD TRIP,29,CLOSED,STANDBY,0,,,queue-times.com
2026-08-26T06:30:57Z,2026-08-26,8,30,Disney Adventure World,Crush's Coaster,32,CLOSED,STANDBY,0,,,queue-times.com
2026-08-26T06:30:57Z,2026-08-26,8,30,Disney Adventure World,Crush's Coaster Single Rider,7277,CLOSED,STANDBY,0,,,queue-times.com
2026-08-26T06:30:57Z,2026-08-26,8,30,Disney Adventure World,Les Tapis Volants - Flying Carpets Over Agrabah®,33,CLOSED,STANDBY,0,,,queue-times.com
2026-08-26T06:30:57Z,2026-08-26,8,30,Disney Adventure World,Ratatouille : L’Aventure Totalement Toquée de Rémy​,37,CLOSED,STANDBY,0,,,queue-times.com
2026-08-26T06:30:57Z,2026-08-26,8,30,Disney Adventure World,Ratatouille: The Adventure Single Rider,7279,CLOSED,STANDBY,0,,,queue-times.com
2026-08-26T06:30:57Z,2026-08-26,8,30,Disney Adventure World,RC Racer,34,CLOSED,STANDBY,0,,,queue-times.com
2026-08-26T06:30:57Z,2026-08-26,8,30,Disney Adventure World,RC Racer Single Rider,7280,CLOSED,STANDBY,0,,,queue-times.com
2026-08-26T06:30:57Z,2026-08-26,8,30,Disney Adventure World,Slinky® Dog Zigzag Spin,36,CLOSED,STANDBY,0,,,queue-times.com
2026-08-26T06:30:57Z,2026-08-26,8,30,Disney Adventure World,Toy Soldiers Parachute Drop,35,CLOSED,STANDBY,0,,,queue-times.com
2026-08-26T06:30:57Z,2026-08-26,8,30,Disney Adventure World,Toy Soldiers Parachute Drop Single Rider,7281,CLOSED,STANDBY,0,,,queue-times.com
2026-08-26T06:30:57Z,2026-08-26,8,30,Disney Adventure World,Entry to World of Frozen,16247,CLOSED,STANDBY,0,,,queue-times.com
2026-08-26T06:30:57Z,2026-08-26,8,30,Disney Adventure World,Frozen Ever After,15413,CLOSED,STANDBY,0,,,queue-times.com
2026-08-26T06:30:57Z,2026-08-26,8,30,Disney Adventure World,Raiponce Tangled Spin,15415,CLOSED,STANDBY,0,,,queue-times.com
2026-08-26T06:45:36Z,2026-08-26,8,45,Disneyland Park,Adventure Isle,2702,CLOSED,STANDBY,0,,,queue-times.com
2026-08-26T06:45:36Z,2026-08-26,8,45,Disneyland Park,Indiana Jones and the Temple of Peril Single Rider,7306,CLOSED,STANDBY,0,,,queue-times.com
2026-08-26T06:45:36Z,2026-08-26,8,45,Disneyland Park,Indiana Jones™ and the Temple of Peril,2,CLOSED,STANDBY,0,,,queue-times.com
2026-08-26T06:45:36Z,2026-08-26,8,45,Disneyland Park,La Cabane des Robinson,1,CLOSED,STANDBY,0,,,queue-times.com
2026-08-26T06:45:36Z,2026-08-26,8,45,Disneyland Park,Le Passage Enchanté d'Aladdin,2703,CLOSED,STANDBY,0,,,queue-times.com
2026-08-26T06:45:36Z,2026-08-26,8,45,Disneyland Park,Pirate Galleon,2705,CLOSED,STANDBY,0,,,queue-times.com
2026-08-26T06:45:36Z,2026-08-26,8,45,Disneyland Park,Pirates of the Caribbean,3,CLOSED,STANDBY,0,,,queue-times.com
2026-08-26T06:45:36Z,2026-08-26,8,45,Disneyland Park,Pirates' Beach,2704,CLOSED,STANDBY,0,,,queue-times.com
2026-08-26T06:45:36Z,2026-08-26,8,45,Disneyland Park,"Autopia, presented by Avis",4,CLOSED,STANDBY,0,,,queue-times.com
2026-08-26T06:45:36Z,2026-08-26,8,45,Disneyland Park,Buzz Lightyear Laser Blast,5,OPERATING,STANDBY,5,,,queue-times.com
2026-08-26T06:45:36Z,2026-08-26,8,45,Disneyland Park,Disneyland Railroad Discoveryland Station,2706,CLOSED,STANDBY,0,,,queue-times.com
2026-08-26T06:45:36Z,2026-08-26,8,45,Disneyland Park,Les Mystères du Nautilus,6,CLOSED,STANDBY,0,,,queue-times.com
2026-08-26T06:45:36Z,2026-08-26,8,45,Disneyland Park,Mickey’s PhilharMagic,2707,CLOSED,STANDBY,0,,,queue-times.com
2026-08-26T06:45:36Z,2026-08-26,8,45,Disneyland Park,Orbitron®,7,CLOSED,STANDBY,0,,,queue-times.com
2026-08-26T06:45:36Z,2026-08-26,8,45,Disneyland Park,Star Tours: The Adventures Continue*,9,CLOSED,STANDBY,0,,,queue-times.com
2026-08-26T06:45:36Z,2026-08-26,8,45,Disneyland Park,Star Wars Hyperspace Mountain,8,OPERATING,STANDBY,5,,,queue-times.com
2026-08-26T06:45:36Z,2026-08-26,8,45,Disneyland Park,Star Wars Hyperspace Mountain Single Rider,7278,OPERATING,STANDBY,0,,,queue-times.com
2026-08-26T06:45:36Z,2026-08-26,8,45,Disneyland Park,Welcome to Starport: A Star Wars Encounter,4573,CLOSED,STANDBY,0,,,queue-times.com
2026-08-26T06:45:36Z,2026-08-26,8,45,Disneyland Park,"""it's a small world""",19,CLOSED,STANDBY,0,,,queue-times.com
2026-08-26T06:45:36Z,2026-08-26,8,45,Disneyland Park,Alice's Curious Labyrinth,14,CLOSED,STANDBY,0,,,queue-times.com
2026-08-26T06:45:36Z,2026-08-26,8,45,Disneyland Park,Blanche-Neige et les Sept Nains®,15,CLOSED,STANDBY,0,,,queue-times.com
2026-08-26T06:45:36Z,2026-08-26,8,45,Disneyland Park,Casey Jr. – le Petit Train du Cirque,17,CLOSED,STANDBY,0,,,queue-times.com
2026-08-26T06:45:36Z,2026-08-26,8,45,Disneyland Park,Disneyland Railroad Fantasyland Station,2711,CLOSED,STANDBY,0,,,queue-times.com
2026-08-26T06:45:36Z,2026-08-26,8,45,Disneyland Park,Disneyland Railroad Main Street Station,11,CLOSED,STANDBY,0,,,queue-times.com
2026-08-26T06:45:36Z,2026-08-26,8,45,Disneyland Park,Dumbo the Flying Elephant,18,CLOSED,STANDBY,0,,,queue-times.com
2026-08-26T06:45:36Z,2026-08-26,8,45,Disneyland Park,La Tanière du Dragon,2710,OPERATING,STANDBY,0,,,queue-times.com
2026-08-26T06:45:36Z,2026-08-26,8,45,Disneyland Park,Le Carrousel de Lancelot,16,CLOSED,STANDBY,0,,,queue-times.com
2026-08-26T06:45:36Z,2026-08-26,8,45,Disneyland Park,"Le Pays des Contes de Fées, presented by Vittel",21,CLOSED,STANDBY,0,,,queue-times.com
2026-08-26T06:45:36Z,2026-08-26,8,45,Disneyland Park,Les Voyages de Pinocchio,23,OPERATING,STANDBY,5,,,queue-times.com
2026-08-26T06:45:36Z,2026-08-26,8,45,Disneyland Park,Mad Hatter's Tea Cups,20,CLOSED,STANDBY,0,,,queue-times.com
2026-08-26T06:45:36Z,2026-08-26,8,45,Disneyland Park,Meet Mickey Mouse,13,CLOSED,STANDBY,0,,,queue-times.com
2026-08-26T06:45:36Z,2026-08-26,8,45,Disneyland Park,Peter Pan's Flight,22,OPERATING,STANDBY,25,,,queue-times.com
2026-08-26T06:45:36Z,2026-08-26,8,45,Disneyland Park,Princess Pavilion,24,CLOSED,STANDBY,0,,,queue-times.com
2026-08-26T06:45:36Z,2026-08-26,8,45,Disneyland Park,Big Thunder Mountain,25,OPERATING,STANDBY,60,,,queue-times.com
2026-08-26T06:45:36Z,2026-08-26,8,45,Disneyland Park,Disneyland Railroad Frontierland Depot,2714,CLOSED,STANDBY,0,,,queue-times.com
2026-08-26T06:45:36Z,2026-08-26,8,45,Disneyland Park,Frontierland Playground,2713,CLOSED,STANDBY,0,,,queue-times.com
2026-08-26T06:45:36Z,2026-08-26,8,45,Disneyland Park,Phantom Manor,26,CLOSED,STANDBY,0,,,queue-times.com
2026-08-26T06:45:36Z,2026-08-26,8,45,Disneyland Park,River Rogue Keelboats,27,CLOSED,STANDBY,0,,,queue-times.com
2026-08-26T06:45:36Z,2026-08-26,8,45,Disneyland Park,Rustler Roundup Shootin' Gallery,2712,OPERATING,STANDBY,0,,,queue-times.com
2026-08-26T06:45:36Z,2026-08-26,8,45,Disneyland Park,Thunder Mesa Riverboat Landing,28,CLOSED,STANDBY,0,,,queue-times.com
2026-08-26T06:45:36Z,2026-08-26,8,45,Disneyland Park,Disneyland Railroad Main Street Station,2708,CLOSED,STANDBY,0,,,queue-times.com
2026-08-26T06:45:36Z,2026-08-26,8,45,Disneyland Park,Main Street Vehicles,12,OPERATING,STANDBY,5,,,queue-times.com
2026-08-26T06:45:36Z,2026-08-26,8,45,Disney Adventure World,Avengers Assemble: Flight Force,10848,CLOSED,STANDBY,0,,,queue-times.com
2026-08-26T06:45:36Z,2026-08-26,8,45,Disney Adventure World,Avengers Assemble: Flight Force Single Rider,10849,CLOSED,STANDBY,0,,,queue-times.com
2026-08-26T06:45:36Z,2026-08-26,8,45,Disney Adventure World,Spider-Man W.E.B. Adventure,10845,CLOSED,STANDBY,0,,,queue-times.com
2026-08-26T06:45:36Z,2026-08-26,8,45,Disney Adventure World,Spider-Man W.E.B. Adventure Single Rider,10846,CLOSED,STANDBY,0,,,queue-times.com
2026-08-26T06:45:36Z,2026-08-26,8,45,Disney Adventure World,The Twilight Zone Tower of Terror,40,OPERATING,STANDBY,20,,,queue-times.com
2026-08-26T06:45:36Z,2026-08-26,8,45,Disney Adventure World,Cars Quatre Roues Rallye,31,OPERATING,STANDBY,5,,,queue-times.com
2026-08-26T06:45:36Z,2026-08-26,8,45,Disney Adventure World,Cars ROAD TRIP,29,CLOSED,STANDBY,0,,,queue-times.com
2026-08-26T06:45:36Z,2026-08-26,8,45,Disney Adventure World,Crush's Coaster,32,CLOSED,STANDBY,0,,,queue-times.com
2026-08-26T06:45:36Z,2026-08-26,8,45,Disney Adventure World,Crush's Coaster Single Rider,7277,CLOSED,STANDBY,0,,,queue-times.com
2026-08-26T06:45:36Z,2026-08-26,8,45,Disney Adventure World,Les Tapis Volants - Flying Carpets Over Agrabah®,33,CLOSED,STANDBY,0,,,queue-times.com
2026-08-26T06:45:36Z,2026-08-26,8,45,Disney Adventure World,Ratatouille : L’Aventure Totalement Toquée de Rémy​,37,OPERATING,STANDBY,40,,,queue-times.com
2026-08-26T06:45:36Z,2026-08-26,8,45,Disney Adventure World,Ratatouille: The Adventure Single Rider,7279,OPERATING,STANDBY,5,,,queue-times.com
2026-08-26T06:45:36Z,2026-08-26,8,45,Disney Adventure World,RC Racer,34,CLOSED,STANDBY,0,,,queue-times.com
2026-08-26T06:45:36Z,2026-08-26,8,45,Disney Adventure World,RC Racer Single Rider,7280,CLOSED,STANDBY,0,,,queue-times.com
2026-08-26T06:45:36Z,2026-08-26,8,45,Disney Adventure World,Slinky® Dog Zigzag Spin,36,OPERATING,STANDBY,5,,,queue-times.com
2026-08-26T06:45:36Z,2026-08-26,8,45,Disney Adventure World,Toy Soldiers Parachute Drop,35,CLOSED,STANDBY,0,,,queue-times.com
2026-08-26T06:45:36Z,2026-08-26,8,45,Disney Adventure World,Toy Soldiers Parachute Drop Single Rider,7281,CLOSED,STANDBY,0,,,queue-times.com
2026-08-26T06:45:36Z,2026-08-26,8,45,Disney Adventure World,Entry to World of Frozen,16247,OPERATING,STANDBY,0,,,queue-times.com
2026-08-26T06:45:36Z,2026-08-26,8,45,Disney Adventure World,Frozen Ever After,15413,OPERATING,STANDBY,50,,,queue-times.com
2026-08-26T06:45:36Z,2026-08-26,8,45,Disney Adventure World,Raiponce Tangled Spin,15415,OPERATING,STANDBY,5,,,queue-times.com
2026-08-26T07:01:05Z,2026-08-26,9,1,Disneyland Park,Adventure Isle,2702,CLOSED,STANDBY,0,,,queue-times.com
2026-08-26T07:01:05Z,2026-08-26,9,1,Disneyland Park,Indiana Jones and the Temple of Peril Single Rider,7306,CLOSED,STANDBY,0,,,queue-times.com
2026-08-26T07:01:05Z,2026-08-26,9,1,Disneyland Park,Indiana Jones™ and the Temple of Peril,2,CLOSED,STANDBY,0,,,queue-times.com
2026-08-26T07:01:05Z,2026-08-26,9,1,Disneyland Park,La Cabane des Robinson,1,CLOSED,STANDBY,0,,,queue-times.com
2026-08-26T07:01:05Z,2026-08-26,9,1,Disneyland Park,Le Passage Enchanté d'Aladdin,2703,CLOSED,STANDBY,0,,,queue-times.com
2026-08-26T07:01:05Z,2026-08-26,9,1,Disneyland Park,Pirate Galleon,2705,CLOSED,STANDBY,0,,,queue-times.com
2026-08-26T07:01:05Z,2026-08-26,9,1,Disneyland Park,Pirates of the Caribbean,3,CLOSED,STANDBY,0,,,queue-times.com
2026-08-26T07:01:05Z,2026-08-26,9,1,Disneyland Park,Pirates' Beach,2704,CLOSED,STANDBY,0,,,queue-times.com
2026-08-26T07:01:05Z,2026-08-26,9,1,Disneyland Park,"Autopia, presented by Avis",4,CLOSED,STANDBY,0,,,queue-times.com
2026-08-26T07:01:05Z,2026-08-26,9,1,Disneyland Park,Buzz Lightyear Laser Blast,5,OPERATING,STANDBY,5,,,queue-times.com
2026-08-26T07:01:05Z,2026-08-26,9,1,Disneyland Park,Disneyland Railroad Discoveryland Station,2706,CLOSED,STANDBY,0,,,queue-times.com
2026-08-26T07:01:05Z,2026-08-26,9,1,Disneyland Park,Les Mystères du Nautilus,6,CLOSED,STANDBY,0,,,queue-times.com
2026-08-26T07:01:05Z,2026-08-26,9,1,Disneyland Park,Mickey’s PhilharMagic,2707,CLOSED,STANDBY,0,,,queue-times.com
2026-08-26T07:01:05Z,2026-08-26,9,1,Disneyland Park,Orbitron®,7,CLOSED,STANDBY,0,,,queue-times.com
2026-08-26T07:01:05Z,2026-08-26,9,1,Disneyland Park,Star Tours: The Adventures Continue*,9,CLOSED,STANDBY,0,,,queue-times.com
2026-08-26T07:01:05Z,2026-08-26,9,1,Disneyland Park,Star Wars Hyperspace Mountain,8,OPERATING,STANDBY,5,,,queue-times.com
2026-08-26T07:01:05Z,2026-08-26,9,1,Disneyland Park,Star Wars Hyperspace Mountain Single Rider,7278,OPERATING,STANDBY,0,,,queue-times.com
2026-08-26T07:01:05Z,2026-08-26,9,1,Disneyland Park,Welcome to Starport: A Star Wars Encounter,4573,CLOSED,STANDBY,0,,,queue-times.com
2026-08-26T07:01:05Z,2026-08-26,9,1,Disneyland Park,"""it's a small world""",19,CLOSED,STANDBY,0,,,queue-times.com
2026-08-26T07:01:05Z,2026-08-26,9,1,Disneyland Park,Alice's Curious Labyrinth,14,CLOSED,STANDBY,0,,,queue-times.com
2026-08-26T07:01:05Z,2026-08-26,9,1,Disneyland Park,Blanche-Neige et les Sept Nains®,15,CLOSED,STANDBY,0,,,queue-times.com
2026-08-26T07:01:05Z,2026-08-26,9,1,Disneyland Park,Casey Jr. – le Petit Train du Cirque,17,CLOSED,STANDBY,0,,,queue-times.com
2026-08-26T07:01:05Z,2026-08-26,9,1,Disneyland Park,Disneyland Railroad Fantasyland Station,2711,CLOSED,STANDBY,0,,,queue-times.com
2026-08-26T07:01:05Z,2026-08-26,9,1,Disneyland Park,Disneyland Railroad Main Street Station,11,CLOSED,STANDBY,0,,,queue-times.com
2026-08-26T07:01:05Z,2026-08-26,9,1,Disneyland Park,Dumbo the Flying Elephant,18,CLOSED,STANDBY,0,,,queue-times.com
2026-08-26T07:01:05Z,2026-08-26,9,1,Disneyland Park,La Tanière du Dragon,2710,OPERATING,STANDBY,0,,,queue-times.com
2026-08-26T07:01:05Z,2026-08-26,9,1,Disneyland Park,Le Carrousel de Lancelot,16,CLOSED,STANDBY,0,,,queue-times.com
2026-08-26T07:01:05Z,2026-08-26,9,1,Disneyland Park,"Le Pays des Contes de Fées, presented by Vittel",21,CLOSED,STANDBY,0,,,queue-times.com
2026-08-26T07:01:05Z,2026-08-26,9,1,Disneyland Park,Les Voyages de Pinocchio,23,OPERATING,STANDBY,5,,,queue-times.com
2026-08-26T07:01:05Z,2026-08-26,9,1,Disneyland Park,Mad Hatter's Tea Cups,20,CLOSED,STANDBY,0,,,queue-times.com
2026-08-26T07:01:05Z,2026-08-26,9,1,Disneyland Park,Meet Mickey Mouse,13,CLOSED,STANDBY,0,,,queue-times.com
2026-08-26T07:01:05Z,2026-08-26,9,1,Disneyland Park,Peter Pan's Flight,22,OPERATING,STANDBY,50,,,queue-times.com
2026-08-26T07:01:05Z,2026-08-26,9,1,Disneyland Park,Princess Pavilion,24,CLOSED,STANDBY,0,,,queue-times.com
2026-08-26T07:01:05Z,2026-08-26,9,1,Disneyland Park,Big Thunder Mountain,25,OPERATING,STANDBY,70,,,queue-times.com
2026-08-26T07:01:05Z,2026-08-26,9,1,Disneyland Park,Disneyland Railroad Frontierland Depot,2714,CLOSED,STANDBY,0,,,queue-times.com
2026-08-26T07:01:05Z,2026-08-26,9,1,Disneyland Park,Frontierland Playground,2713,CLOSED,STANDBY,0,,,queue-times.com
2026-08-26T07:01:05Z,2026-08-26,9,1,Disneyland Park,Phantom Manor,26,CLOSED,STANDBY,0,,,queue-times.com
2026-08-26T07:01:05Z,2026-08-26,9,1,Disneyland Park,River Rogue Keelboats,27,CLOSED,STANDBY,0,,,queue-times.com
2026-08-26T07:01:05Z,2026-08-26,9,1,Disneyland Park,Rustler Roundup Shootin' Gallery,2712,OPERATING,STANDBY,0,,,queue-times.com
2026-08-26T07:01:05Z,2026-08-26,9,1,Disneyland Park,Thunder Mesa Riverboat Landing,28,CLOSED,STANDBY,0,,,queue-times.com
2026-08-26T07:01:05Z,2026-08-26,9,1,Disneyland Park,Disneyland Railroad Main Street Station,2708,CLOSED,STANDBY,0,,,queue-times.com
2026-08-26T07:01:05Z,2026-08-26,9,1,Disneyland Park,Main Street Vehicles,12,OPERATING,STANDBY,5,,,queue-times.com
2026-08-26T07:01:05Z,2026-08-26,9,1,Disney Adventure World,Avengers Assemble: Flight Force,10848,CLOSED,STANDBY,0,,,queue-times.com
2026-08-26T07:01:05Z,2026-08-26,9,1,Disney Adventure World,Avengers Assemble: Flight Force Single Rider,10849,CLOSED,STANDBY,0,,,queue-times.com
2026-08-26T07:01:05Z,2026-08-26,9,1,Disney Adventure World,Spider-Man W.E.B. Adventure,10845,CLOSED,STANDBY,0,,,queue-times.com
2026-08-26T07:01:05Z,2026-08-26,9,1,Disney Adventure World,Spider-Man W.E.B. Adventure Single Rider,10846,CLOSED,STANDBY,0,,,queue-times.com
2026-08-26T07:01:05Z,2026-08-26,9,1,Disney Adventure World,The Twilight Zone Tower of Terror,40,OPERATING,STANDBY,5,,,queue-times.com
2026-08-26T07:01:05Z,2026-08-26,9,1,Disney Adventure World,Cars Quatre Roues Rallye,31,OPERATING,STANDBY,5,,,queue-times.com
2026-08-26T07:01:05Z,2026-08-26,9,1,Disney Adventure World,Cars ROAD TRIP,29,CLOSED,STANDBY,0,,,queue-times.com
2026-08-26T07:01:05Z,2026-08-26,9,1,Disney Adventure World,Crush's Coaster,32,OPERATING,STANDBY,90,,,queue-times.com
2026-08-26T07:01:05Z,2026-08-26,9,1,Disney Adventure World,Crush's Coaster Single Rider,7277,OPERATING,STANDBY,75,,,queue-times.com
2026-08-26T07:01:05Z,2026-08-26,9,1,Disney Adventure World,Les Tapis Volants - Flying Carpets Over Agrabah®,33,CLOSED,STANDBY,0,,,queue-times.com
2026-08-26T07:01:05Z,2026-08-26,9,1,Disney Adventure World,Ratatouille : L’Aventure Totalement Toquée de Rémy​,37,OPERATING,STANDBY,35,,,queue-times.com
2026-08-26T07:01:05Z,2026-08-26,9,1,Disney Adventure World,Ratatouille: The Adventure Single Rider,7279,OPERATING,STANDBY,5,,,queue-times.com
2026-08-26T07:01:05Z,2026-08-26,9,1,Disney Adventure World,RC Racer,34,CLOSED,STANDBY,0,,,queue-times.com
2026-08-26T07:01:05Z,2026-08-26,9,1,Disney Adventure World,RC Racer Single Rider,7280,CLOSED,STANDBY,0,,,queue-times.com
2026-08-26T07:01:05Z,2026-08-26,9,1,Disney Adventure World,Slinky® Dog Zigzag Spin,36,OPERATING,STANDBY,5,,,queue-times.com
2026-08-26T07:01:05Z,2026-08-26,9,1,Disney Adventure World,Toy Soldiers Parachute Drop,35,CLOSED,STANDBY,0,,,queue-times.com
2026-08-26T07:01:05Z,2026-08-26,9,1,Disney Adventure World,Toy Soldiers Parachute Drop Single Rider,7281,CLOSED,STANDBY,0,,,queue-times.com
2026-08-26T07:01:05Z,2026-08-26,9,1,Disney Adventure World,Entry to World of Frozen,16247,OPERATING,STANDBY,0,,,queue-times.com
2026-08-26T07:01:05Z,2026-08-26,9,1,Disney Adventure World,Frozen Ever After,15413,OPERATING,STANDBY,85,,,queue-times.com
2026-08-26T07:01:05Z,2026-08-26,9,1,Disney Adventure World,Raiponce Tangled Spin,15415,OPERATING,STANDBY,5,,,queue-times.com
2026-08-26T07:03:40Z,2026-08-26,9,3,Disneyland Park,Adventure Isle,2702,CLOSED,STANDBY,0,,,queue-times.com
2026-08-26T07:03:40Z,2026-08-26,9,3,Disneyland Park,Indiana Jones and the Temple of Peril Single Rider,7306,CLOSED,STANDBY,0,,,queue-times.com
2026-08-26T07:03:40Z,2026-08-26,9,3,Disneyland Park,Indiana Jones™ and the Temple of Peril,2,CLOSED,STANDBY,0,,,queue-times.com
2026-08-26T07:03:40Z,2026-08-26,9,3,Disneyland Park,La Cabane des Robinson,1,CLOSED,STANDBY,0,,,queue-times.com
2026-08-26T07:03:40Z,2026-08-26,9,3,Disneyland Park,Le Passage Enchanté d'Aladdin,2703,CLOSED,STANDBY,0,,,queue-times.com
2026-08-26T07:03:40Z,2026-08-26,9,3,Disneyland Park,Pirate Galleon,2705,CLOSED,STANDBY,0,,,queue-times.com
2026-08-26T07:03:40Z,2026-08-26,9,3,Disneyland Park,Pirates of the Caribbean,3,CLOSED,STANDBY,0,,,queue-times.com
2026-08-26T07:03:40Z,2026-08-26,9,3,Disneyland Park,Pirates' Beach,2704,CLOSED,STANDBY,0,,,queue-times.com
2026-08-26T07:03:40Z,2026-08-26,9,3,Disneyland Park,"Autopia, presented by Avis",4,CLOSED,STANDBY,0,,,queue-times.com
2026-08-26T07:03:40Z,2026-08-26,9,3,Disneyland Park,Buzz Lightyear Laser Blast,5,OPERATING,STANDBY,5,,,queue-times.com
2026-08-26T07:03:40Z,2026-08-26,9,3,Disneyland Park,Disneyland Railroad Discoveryland Station,2706,CLOSED,STANDBY,0,,,queue-times.com
2026-08-26T07:03:40Z,2026-08-26,9,3,Disneyland Park,Les Mystères du Nautilus,6,CLOSED,STANDBY,0,,,queue-times.com
2026-08-26T07:03:40Z,2026-08-26,9,3,Disneyland Park,Mickey’s PhilharMagic,2707,CLOSED,STANDBY,0,,,queue-times.com
2026-08-26T07:03:40Z,2026-08-26,9,3,Disneyland Park,Orbitron®,7,CLOSED,STANDBY,0,,,queue-times.com
2026-08-26T07:03:40Z,2026-08-26,9,3,Disneyland Park,Star Tours: The Adventures Continue*,9,CLOSED,STANDBY,0,,,queue-times.com
2026-08-26T07:03:40Z,2026-08-26,9,3,Disneyland Park,Star Wars Hyperspace Mountain,8,OPERATING,STANDBY,10,,,queue-times.com
2026-08-26T07:03:40Z,2026-08-26,9,3,Disneyland Park,Star Wars Hyperspace Mountain Single Rider,7278,OPERATING,STANDBY,0,,,queue-times.com
2026-08-26T07:03:40Z,2026-08-26,9,3,Disneyland Park,Welcome to Starport: A Star Wars Encounter,4573,CLOSED,STANDBY,0,,,queue-times.com
2026-08-26T07:03:40Z,2026-08-26,9,3,Disneyland Park,"""it's a small world""",19,CLOSED,STANDBY,0,,,queue-times.com
2026-08-26T07:03:40Z,2026-08-26,9,3,Disneyland Park,Alice's Curious Labyrinth,14,CLOSED,STANDBY,0,,,queue-times.com
2026-08-26T07:03:40Z,2026-08-26,9,3,Disneyland Park,Blanche-Neige et les Sept Nains®,15,CLOSED,STANDBY,0,,,queue-times.com
2026-08-26T07:03:40Z,2026-08-26,9,3,Disneyland Park,Casey Jr. – le Petit Train du Cirque,17,CLOSED,STANDBY,0,,,queue-times.com
2026-08-26T07:03:40Z,2026-08-26,9,3,Disneyland Park,Disneyland Railroad Fantasyland Station,2711,CLOSED,STANDBY,0,,,queue-times.com
2026-08-26T07:03:40Z,2026-08-26,9,3,Disneyland Park,Disneyland Railroad Main Street Station,11,CLOSED,STANDBY,0,,,queue-times.com
2026-08-26T07:03:40Z,2026-08-26,9,3,Disneyland Park,Dumbo the Flying Elephant,18,CLOSED,STANDBY,0,,,queue-times.com
2026-08-26T07:03:40Z,2026-08-26,9,3,Disneyland Park,La Tanière du Dragon,2710,OPERATING,STANDBY,0,,,queue-times.com
2026-08-26T07:03:40Z,2026-08-26,9,3,Disneyland Park,Le Carrousel de Lancelot,16,CLOSED,STANDBY,0,,,queue-times.com
2026-08-26T07:03:40Z,2026-08-26,9,3,Disneyland Park,"Le Pays des Contes de Fées, presented by Vittel",21,CLOSED,STANDBY,0,,,queue-times.com
2026-08-26T07:03:40Z,2026-08-26,9,3,Disneyland Park,Les Voyages de Pinocchio,23,OPERATING,STANDBY,5,,,queue-times.com
2026-08-26T07:03:40Z,2026-08-26,9,3,Disneyland Park,Mad Hatter's Tea Cups,20,CLOSED,STANDBY,0,,,queue-times.com
2026-08-26T07:03:40Z,2026-08-26,9,3,Disneyland Park,Meet Mickey Mouse,13,CLOSED,STANDBY,0,,,queue-times.com
2026-08-26T07:03:40Z,2026-08-26,9,3,Disneyland Park,Peter Pan's Flight,22,OPERATING,STANDBY,50,,,queue-times.com
2026-08-26T07:03:40Z,2026-08-26,9,3,Disneyland Park,Princess Pavilion,24,CLOSED,STANDBY,0,,,queue-times.com
2026-08-26T07:03:40Z,2026-08-26,9,3,Disneyland Park,Big Thunder Mountain,25,OPERATING,STANDBY,70,,,queue-times.com
2026-08-26T07:03:40Z,2026-08-26,9,3,Disneyland Park,Disneyland Railroad Frontierland Depot,2714,CLOSED,STANDBY,0,,,queue-times.com
2026-08-26T07:03:40Z,2026-08-26,9,3,Disneyland Park,Frontierland Playground,2713,CLOSED,STANDBY,0,,,queue-times.com
2026-08-26T07:03:40Z,2026-08-26,9,3,Disneyland Park,Phantom Manor,26,CLOSED,STANDBY,0,,,queue-times.com
2026-08-26T07:03:40Z,2026-08-26,9,3,Disneyland Park,River Rogue Keelboats,27,CLOSED,STANDBY,0,,,queue-times.com
2026-08-26T07:03:40Z,2026-08-26,9,3,Disneyland Park,Rustler Roundup Shootin' Gallery,2712,OPERATING,STANDBY,0,,,queue-times.com
2026-08-26T07:03:40Z,2026-08-26,9,3,Disneyland Park,Thunder Mesa Riverboat Landing,28,CLOSED,STANDBY,0,,,queue-times.com
2026-08-26T07:03:40Z,2026-08-26,9,3,Disneyland Park,Disneyland Railroad Main Street Station,2708,CLOSED,STANDBY,0,,,queue-times.com
2026-08-26T07:03:40Z,2026-08-26,9,3,Disneyland Park,Main Street Vehicles,12,OPERATING,STANDBY,5,,,queue-times.com
2026-08-26T07:03:40Z,2026-08-26,9,3,Disney Adventure World,Avengers Assemble: Flight Force,10848,CLOSED,STANDBY,0,,,queue-times.com
2026-08-26T07:03:40Z,2026-08-26,9,3,Disney Adventure World,Avengers Assemble: Flight Force Single Rider,10849,CLOSED,STANDBY,0,,,queue-times.com
2026-08-26T07:03:40Z,2026-08-26,9,3,Disney Adventure World,Spider-Man W.E.B. Adventure,10845,CLOSED,STANDBY,0,,,queue-times.com
2026-08-26T07:03:40Z,2026-08-26,9,3,Disney Adventure World,Spider-Man W.E.B. Adventure Single Rider,10846,CLOSED,STANDBY,0,,,queue-times.com
2026-08-26T07:03:40Z,2026-08-26,9,3,Disney Adventure World,The Twilight Zone Tower of Terror,40,OPERATING,STANDBY,5,,,queue-times.com
2026-08-26T07:03:40Z,2026-08-26,9,3,Disney Adventure World,Cars Quatre Roues Rallye,31,OPERATING,STANDBY,5,,,queue-times.com
2026-08-26T07:03:40Z,2026-08-26,9,3,Disney Adventure World,Cars ROAD TRIP,29,CLOSED,STANDBY,0,,,queue-times.com
2026-08-26T07:03:40Z,2026-08-26,9,3,Disney Adventure World,Crush's Coaster,32,OPERATING,STANDBY,90,,,queue-times.com
2026-08-26T07:03:40Z,2026-08-26,9,3,Disney Adventure World,Crush's Coaster Single Rider,7277,OPERATING,STANDBY,75,,,queue-times.com
2026-08-26T07:03:40Z,2026-08-26,9,3,Disney Adventure World,Les Tapis Volants - Flying Carpets Over Agrabah®,33,CLOSED,STANDBY,0,,,queue-times.com
2026-08-26T07:03:40Z,2026-08-26,9,3,Disney Adventure World,Ratatouille : L’Aventure Totalement Toquée de Rémy​,37,OPERATING,STANDBY,35,,,queue-times.com
2026-08-26T07:03:40Z,2026-08-26,9,3,Disney Adventure World,Ratatouille: The Adventure Single Rider,7279,OPERATING,STANDBY,5,,,queue-times.com
2026-08-26T07:03:40Z,2026-08-26,9,3,Disney Adventure World,RC Racer,34,CLOSED,STANDBY,0,,,queue-times.com
2026-08-26T07:03:40Z,2026-08-26,9,3,Disney Adventure World,RC Racer Single Rider,7280,CLOSED,STANDBY,0,,,queue-times.com
2026-08-26T07:03:40Z,2026-08-26,9,3,Disney Adventure World,Slinky® Dog Zigzag Spin,36,OPERATING,STANDBY,5,,,queue-times.com
2026-08-26T07:03:40Z,2026-08-26,9,3,Disney Adventure World,Toy Soldiers Parachute Drop,35,CLOSED,STANDBY,0,,,queue-times.com
2026-08-26T07:03:40Z,2026-08-26,9,3,Disney Adventure World,Toy Soldiers Parachute Drop Single Rider,7281,CLOSED,STANDBY,0,,,queue-times.com
2026-08-26T07:03:40Z,2026-08-26,9,3,Disney Adventure World,Entry to World of Frozen,16247,OPERATING,STANDBY,0,,,queue-times.com
2026-08-26T07:03:40Z,2026-08-26,9,3,Disney Adventure World,Frozen Ever After,15413,OPERATING,STANDBY,85,,,queue-times.com
2026-08-26T07:03:40Z,2026-08-26,9,3,Disney Adventure World,Raiponce Tangled Spin,15415,OPERATING,STANDBY,5,,,queue-times.com
2026-08-26T07:15:38Z,2026-08-26,9,15,Disneyland Park,Adventure Isle,2702,OPERATING,STANDBY,0,,,queue-times.com
2026-08-26T07:15:38Z,2026-08-26,9,15,Disneyland Park,Indiana Jones and the Temple of Peril Single Rider,7306,CLOSED,STANDBY,0,,,queue-times.com
2026-08-26T07:15:38Z,2026-08-26,9,15,Disneyland Park,Indiana Jones™ and the Temple of Peril,2,CLOSED,STANDBY,0,,,queue-times.com
2026-08-26T07:15:38Z,2026-08-26,9,15,Disneyland Park,La Cabane des Robinson,1,CLOSED,STANDBY,0,,,queue-times.com
2026-08-26T07:15:38Z,2026-08-26,9,15,Disneyland Park,Le Passage Enchanté d'Aladdin,2703,OPERATING,STANDBY,0,,,queue-times.com
2026-08-26T07:15:38Z,2026-08-26,9,15,Disneyland Park,Pirate Galleon,2705,CLOSED,STANDBY,0,,,queue-times.com
2026-08-26T07:15:38Z,2026-08-26,9,15,Disneyland Park,Pirates of the Caribbean,3,CLOSED,STANDBY,0,,,queue-times.com
2026-08-26T07:15:38Z,2026-08-26,9,15,Disneyland Park,Pirates' Beach,2704,OPERATING,STANDBY,0,,,queue-times.com
2026-08-26T07:15:38Z,2026-08-26,9,15,Disneyland Park,"Autopia, presented by Avis",4,CLOSED,STANDBY,0,,,queue-times.com
2026-08-26T07:15:38Z,2026-08-26,9,15,Disneyland Park,Buzz Lightyear Laser Blast,5,OPERATING,STANDBY,15,,,queue-times.com
2026-08-26T07:15:38Z,2026-08-26,9,15,Disneyland Park,Disneyland Railroad Discoveryland Station,2706,CLOSED,STANDBY,0,,,queue-times.com
2026-08-26T07:15:38Z,2026-08-26,9,15,Disneyland Park,Les Mystères du Nautilus,6,CLOSED,STANDBY,0,,,queue-times.com
2026-08-26T07:15:38Z,2026-08-26,9,15,Disneyland Park,Mickey’s PhilharMagic,2707,CLOSED,STANDBY,0,,,queue-times.com
2026-08-26T07:15:38Z,2026-08-26,9,15,Disneyland Park,Orbitron®,7,CLOSED,STANDBY,0,,,queue-times.com
2026-08-26T07:15:38Z,2026-08-26,9,15,Disneyland Park,Star Tours: The Adventures Continue*,9,CLOSED,STANDBY,0,,,queue-times.com
2026-08-26T07:15:38Z,2026-08-26,9,15,Disneyland Park,Star Wars Hyperspace Mountain,8,OPERATING,STANDBY,15,,,queue-times.com
2026-08-26T07:15:38Z,2026-08-26,9,15,Disneyland Park,Star Wars Hyperspace Mountain Single Rider,7278,OPERATING,STANDBY,0,,,queue-times.com
2026-08-26T07:15:38Z,2026-08-26,9,15,Disneyland Park,Welcome to Starport: A Star Wars Encounter,4573,CLOSED,STANDBY,0,,,queue-times.com
2026-08-26T07:15:38Z,2026-08-26,9,15,Disneyland Park,"""it's a small world""",19,CLOSED,STANDBY,0,,,queue-times.com
2026-08-26T07:15:38Z,2026-08-26,9,15,Disneyland Park,Alice's Curious Labyrinth,14,CLOSED,STANDBY,0,,,queue-times.com
2026-08-26T07:15:38Z,2026-08-26,9,15,Disneyland Park,Blanche-Neige et les Sept Nains®,15,CLOSED,STANDBY,0,,,queue-times.com
2026-08-26T07:15:38Z,2026-08-26,9,15,Disneyland Park,Casey Jr. – le Petit Train du Cirque,17,CLOSED,STANDBY,0,,,queue-times.com
2026-08-26T07:15:38Z,2026-08-26,9,15,Disneyland Park,Disneyland Railroad Fantasyland Station,2711,CLOSED,STANDBY,0,,,queue-times.com
2026-08-26T07:15:38Z,2026-08-26,9,15,Disneyland Park,Disneyland Railroad Main Street Station,11,CLOSED,STANDBY,0,,,queue-times.com
2026-08-26T07:15:38Z,2026-08-26,9,15,Disneyland Park,Dumbo the Flying Elephant,18,CLOSED,STANDBY,0,,,queue-times.com
2026-08-26T07:15:38Z,2026-08-26,9,15,Disneyland Park,La Tanière du Dragon,2710,OPERATING,STANDBY,0,,,queue-times.com
2026-08-26T07:15:38Z,2026-08-26,9,15,Disneyland Park,Le Carrousel de Lancelot,16,CLOSED,STANDBY,0,,,queue-times.com
2026-08-26T07:15:38Z,2026-08-26,9,15,Disneyland Park,"Le Pays des Contes de Fées, presented by Vittel",21,CLOSED,STANDBY,0,,,queue-times.com
2026-08-26T07:15:38Z,2026-08-26,9,15,Disneyland Park,Les Voyages de Pinocchio,23,OPERATING,STANDBY,10,,,queue-times.com
2026-08-26T07:15:38Z,2026-08-26,9,15,Disneyland Park,Mad Hatter's Tea Cups,20,CLOSED,STANDBY,0,,,queue-times.com
2026-08-26T07:15:38Z,2026-08-26,9,15,Disneyland Park,Meet Mickey Mouse,13,CLOSED,STANDBY,0,,,queue-times.com
2026-08-26T07:15:38Z,2026-08-26,9,15,Disneyland Park,Peter Pan's Flight,22,OPERATING,STANDBY,50,,,queue-times.com
2026-08-26T07:15:38Z,2026-08-26,9,15,Disneyland Park,Princess Pavilion,24,CLOSED,STANDBY,0,,,queue-times.com
2026-08-26T07:15:38Z,2026-08-26,9,15,Disneyland Park,Big Thunder Mountain,25,OPERATING,STANDBY,70,,,queue-times.com
2026-08-26T07:15:38Z,2026-08-26,9,15,Disneyland Park,Disneyland Railroad Frontierland Depot,2714,CLOSED,STANDBY,0,,,queue-times.com
2026-08-26T07:15:38Z,2026-08-26,9,15,Disneyland Park,Frontierland Playground,2713,CLOSED,STANDBY,0,,,queue-times.com
2026-08-26T07:15:38Z,2026-08-26,9,15,Disneyland Park,Phantom Manor,26,CLOSED,STANDBY,0,,,queue-times.com
2026-08-26T07:15:38Z,2026-08-26,9,15,Disneyland Park,River Rogue Keelboats,27,CLOSED,STANDBY,0,,,queue-times.com
2026-08-26T07:15:38Z,2026-08-26,9,15,Disneyland Park,Rustler Roundup Shootin' Gallery,2712,OPERATING,STANDBY,0,,,queue-times.com
2026-08-26T07:15:38Z,2026-08-26,9,15,Disneyland Park,Thunder Mesa Riverboat Landing,28,CLOSED,STANDBY,0,,,queue-times.com
2026-08-26T07:15:38Z,2026-08-26,9,15,Disneyland Park,Disneyland Railroad Main Street Station,2708,CLOSED,STANDBY,0,,,queue-times.com
2026-08-26T07:15:38Z,2026-08-26,9,15,Disneyland Park,Main Street Vehicles,12,OPERATING,STANDBY,5,,,queue-times.com
2026-08-26T07:15:38Z,2026-08-26,9,15,Disney Adventure World,Avengers Assemble: Flight Force,10848,CLOSED,STANDBY,0,,,queue-times.com
2026-08-26T07:15:38Z,2026-08-26,9,15,Disney Adventure World,Avengers Assemble: Flight Force Single Rider,10849,CLOSED,STANDBY,0,,,queue-times.com
2026-08-26T07:15:38Z,2026-08-26,9,15,Disney Adventure World,Spider-Man W.E.B. Adventure,10845,OPERATING,STANDBY,10,,,queue-times.com
2026-08-26T07:15:38Z,2026-08-26,9,15,Disney Adventure World,Spider-Man W.E.B. Adventure Single Rider,10846,OPERATING,STANDBY,5,,,queue-times.com
2026-08-26T07:15:38Z,2026-08-26,9,15,Disney Adventure World,The Twilight Zone Tower of Terror,40,OPERATING,STANDBY,10,,,queue-times.com
2026-08-26T07:15:38Z,2026-08-26,9,15,Disney Adventure World,Cars Quatre Roues Rallye,31,OPERATING,STANDBY,15,,,queue-times.com
2026-08-26T07:15:38Z,2026-08-26,9,15,Disney Adventure World,Cars ROAD TRIP,29,CLOSED,STANDBY,0,,,queue-times.com
2026-08-26T07:15:38Z,2026-08-26,9,15,Disney Adventure World,Crush's Coaster,32,OPERATING,STANDBY,70,,,queue-times.com
2026-08-26T07:15:38Z,2026-08-26,9,15,Disney Adventure World,Crush's Coaster Single Rider,7277,OPERATING,STANDBY,60,,,queue-times.com
2026-08-26T07:15:38Z,2026-08-26,9,15,Disney Adventure World,Les Tapis Volants - Flying Carpets Over Agrabah®,33,CLOSED,STANDBY,0,,,queue-times.com
2026-08-26T07:15:38Z,2026-08-26,9,15,Disney Adventure World,Ratatouille : L’Aventure Totalement Toquée de Rémy​,37,OPERATING,STANDBY,40,,,queue-times.com
2026-08-26T07:15:38Z,2026-08-26,9,15,Disney Adventure World,Ratatouille: The Adventure Single Rider,7279,OPERATING,STANDBY,5,,,queue-times.com
2026-08-26T07:15:38Z,2026-08-26,9,15,Disney Adventure World,RC Racer,34,OPERATING,STANDBY,5,,,queue-times.com
2026-08-26T07:15:38Z,2026-08-26,9,15,Disney Adventure World,RC Racer Single Rider,7280,OPERATING,STANDBY,5,,,queue-times.com
2026-08-26T07:15:38Z,2026-08-26,9,15,Disney Adventure World,Slinky® Dog Zigzag Spin,36,OPERATING,STANDBY,5,,,queue-times.com
2026-08-26T07:15:38Z,2026-08-26,9,15,Disney Adventure World,Toy Soldiers Parachute Drop,35,CLOSED,STANDBY,0,,,queue-times.com
2026-08-26T07:15:38Z,2026-08-26,9,15,Disney Adventure World,Toy Soldiers Parachute Drop Single Rider,7281,CLOSED,STANDBY,0,,,queue-times.com
2026-08-26T07:15:38Z,2026-08-26,9,15,Disney Adventure World,Entry to World of Frozen,16247,OPERATING,STANDBY,0,,,queue-times.com
2026-08-26T07:15:38Z,2026-08-26,9,15,Disney Adventure World,Frozen Ever After,15413,OPERATING,STANDBY,85,,,queue-times.com
2026-08-26T07:15:38Z,2026-08-26,9,15,Disney Adventure World,Raiponce Tangled Spin,15415,OPERATING,STANDBY,5,,,queue-times.com
2026-08-26T07:30:55Z,2026-08-26,9,30,Disneyland Park,Adventure Isle,2702,OPERATING,STANDBY,0,,,queue-times.com
2026-08-26T07:30:55Z,2026-08-26,9,30,Disneyland Park,Indiana Jones and the Temple of Peril Single Rider,7306,OPERATING,STANDBY,0,,,queue-times.com
2026-08-26T07:30:55Z,2026-08-26,9,30,Disneyland Park,Indiana Jones™ and the Temple of Peril,2,OPERATING,STANDBY,5,,,queue-times.com
2026-08-26T07:30:55Z,2026-08-26,9,30,Disneyland Park,La Cabane des Robinson,1,CLOSED,STANDBY,0,,,queue-times.com
2026-08-26T07:30:55Z,2026-08-26,9,30,Disneyland Park,Le Passage Enchanté d'Aladdin,2703,OPERATING,STANDBY,0,,,queue-times.com
2026-08-26T07:30:55Z,2026-08-26,9,30,Disneyland Park,Pirate Galleon,2705,CLOSED,STANDBY,0,,,queue-times.com
2026-08-26T07:30:55Z,2026-08-26,9,30,Disneyland Park,Pirates of the Caribbean,3,CLOSED,STANDBY,0,,,queue-times.com
2026-08-26T07:30:55Z,2026-08-26,9,30,Disneyland Park,Pirates' Beach,2704,OPERATING,STANDBY,0,,,queue-times.com
2026-08-26T07:30:55Z,2026-08-26,9,30,Disneyland Park,"Autopia, presented by Avis",4,OPERATING,STANDBY,55,,,queue-times.com
2026-08-26T07:30:55Z,2026-08-26,9,30,Disneyland Park,Buzz Lightyear Laser Blast,5,OPERATING,STANDBY,35,,,queue-times.com
2026-08-26T07:30:55Z,2026-08-26,9,30,Disneyland Park,Disneyland Railroad Discoveryland Station,2706,CLOSED,STANDBY,0,,,queue-times.com
2026-08-26T07:30:55Z,2026-08-26,9,30,Disneyland Park,Les Mystères du Nautilus,6,OPERATING,STANDBY,5,,,queue-times.com
2026-08-26T07:30:55Z,2026-08-26,9,30,Disneyland Park,Mickey’s PhilharMagic,2707,CLOSED,STANDBY,0,,,queue-times.com
2026-08-26T07:30:55Z,2026-08-26,9,30,Disneyland Park,Orbitron®,7,OPERATING,STANDBY,45,,,queue-times.com
2026-08-26T07:30:55Z,2026-08-26,9,30,Disneyland Park,Star Tours: The Adventures Continue*,9,OPERATING,STANDBY,5,,,queue-times.com
2026-08-26T07:30:55Z,2026-08-26,9,30,Disneyland Park,Star Wars Hyperspace Mountain,8,OPERATING,STANDBY,35,,,queue-times.com
2026-08-26T07:30:55Z,2026-08-26,9,30,Disneyland Park,Star Wars Hyperspace Mountain Single Rider,7278,OPERATING,STANDBY,0,,,queue-times.com
2026-08-26T07:30:55Z,2026-08-26,9,30,Disneyland Park,Welcome to Starport: A Star Wars Encounter,4573,CLOSED,STANDBY,0,,,queue-times.com
2026-08-26T07:30:55Z,2026-08-26,9,30,Disneyland Park,"""it's a small world""",19,CLOSED,STANDBY,0,,,queue-times.com
2026-08-26T07:30:55Z,2026-08-26,9,30,Disneyland Park,Alice's Curious Labyrinth,14,OPERATING,STANDBY,5,,,queue-times.com
2026-08-26T07:30:55Z,2026-08-26,9,30,Disneyland Park,Blanche-Neige et les Sept Nains®,15,CLOSED,STANDBY,0,,,queue-times.com
2026-08-26T07:30:55Z,2026-08-26,9,30,Disneyland Park,Casey Jr. – le Petit Train du Cirque,17,OPERATING,STANDBY,5,,,queue-times.com
2026-08-26T07:30:55Z,2026-08-26,9,30,Disneyland Park,Disneyland Railroad Fantasyland Station,2711,CLOSED,STANDBY,0,,,queue-times.com
2026-08-26T07:30:55Z,2026-08-26,9,30,Disneyland Park,Disneyland Railroad Main Street Station,11,CLOSED,STANDBY,0,,,queue-times.com
2026-08-26T07:30:55Z,2026-08-26,9,30,Disneyland Park,Dumbo the Flying Elephant,18,CLOSED,STANDBY,0,,,queue-times.com
2026-08-26T07:30:55Z,2026-08-26,9,30,Disneyland Park,La Tanière du Dragon,2710,OPERATING,STANDBY,0,,,queue-times.com
2026-08-26T07:30:55Z,2026-08-26,9,30,Disneyland Park,Le Carrousel de Lancelot,16,OPERATING,STANDBY,5,,,queue-times.com
2026-08-26T07:30:55Z,2026-08-26,9,30,Disneyland Park,"Le Pays des Contes de Fées, presented by Vittel",21,OPERATING,STANDBY,5,,,queue-times.com
2026-08-26T07:30:55Z,2026-08-26,9,30,Disneyland Park,Les Voyages de Pinocchio,23,OPERATING,STANDBY,10,,,queue-times.com
2026-08-26T07:30:55Z,2026-08-26,9,30,Disneyland Park,Mad Hatter's Tea Cups,20,OPERATING,STANDBY,5,,,queue-times.com
2026-08-26T07:30:55Z,2026-08-26,9,30,Disneyland Park,Meet Mickey Mouse,13,CLOSED,STANDBY,0,,,queue-times.com
2026-08-26T07:30:55Z,2026-08-26,9,30,Disneyland Park,Peter Pan's Flight,22,OPERATING,STANDBY,50,,,queue-times.com
2026-08-26T07:30:55Z,2026-08-26,9,30,Disneyland Park,Princess Pavilion,24,CLOSED,STANDBY,0,,,queue-times.com
2026-08-26T07:30:55Z,2026-08-26,9,30,Disneyland Park,Big Thunder Mountain,25,OPERATING,STANDBY,60,,,queue-times.com
2026-08-26T07:30:55Z,2026-08-26,9,30,Disneyland Park,Disneyland Railroad Frontierland Depot,2714,CLOSED,STANDBY,0,,,queue-times.com
2026-08-26T07:30:55Z,2026-08-26,9,30,Disneyland Park,Frontierland Playground,2713,CLOSED,STANDBY,0,,,queue-times.com
2026-08-26T07:30:55Z,2026-08-26,9,30,Disneyland Park,Phantom Manor,26,CLOSED,STANDBY,0,,,queue-times.com
2026-08-26T07:30:55Z,2026-08-26,9,30,Disneyland Park,River Rogue Keelboats,27,CLOSED,STANDBY,0,,,queue-times.com
2026-08-26T07:30:55Z,2026-08-26,9,30,Disneyland Park,Rustler Roundup Shootin' Gallery,2712,OPERATING,STANDBY,0,,,queue-times.com
2026-08-26T07:30:55Z,2026-08-26,9,30,Disneyland Park,Thunder Mesa Riverboat Landing,28,CLOSED,STANDBY,0,,,queue-times.com
2026-08-26T07:30:55Z,2026-08-26,9,30,Disneyland Park,Disneyland Railroad Main Street Station,2708,CLOSED,STANDBY,0,,,queue-times.com
2026-08-26T07:30:55Z,2026-08-26,9,30,Disneyland Park,Main Street Vehicles,12,OPERATING,STANDBY,5,,,queue-times.com
2026-08-26T07:30:55Z,2026-08-26,9,30,Disney Adventure World,Avengers Assemble: Flight Force,10848,CLOSED,STANDBY,0,,,queue-times.com
2026-08-26T07:30:55Z,2026-08-26,9,30,Disney Adventure World,Avengers Assemble: Flight Force Single Rider,10849,CLOSED,STANDBY,0,,,queue-times.com
2026-08-26T07:30:55Z,2026-08-26,9,30,Disney Adventure World,Spider-Man W.E.B. Adventure,10845,OPERATING,STANDBY,25,,,queue-times.com
2026-08-26T07:30:55Z,2026-08-26,9,30,Disney Adventure World,Spider-Man W.E.B. Adventure Single Rider,10846,OPERATING,STANDBY,5,,,queue-times.com
2026-08-26T07:30:55Z,2026-08-26,9,30,Disney Adventure World,The Twilight Zone Tower of Terror,40,OPERATING,STANDBY,10,,,queue-times.com
2026-08-26T07:30:55Z,2026-08-26,9,30,Disney Adventure World,Cars Quatre Roues Rallye,31,OPERATING,STANDBY,5,,,queue-times.com
2026-08-26T07:30:55Z,2026-08-26,9,30,Disney Adventure World,Cars ROAD TRIP,29,OPERATING,STANDBY,5,,,queue-times.com
2026-08-26T07:30:55Z,2026-08-26,9,30,Disney Adventure World,Crush's Coaster,32,OPERATING,STANDBY,90,,,queue-times.com
2026-08-26T07:30:55Z,2026-08-26,9,30,Disney Adventure World,Crush's Coaster Single Rider,7277,OPERATING,STANDBY,35,,,queue-times.com
2026-08-26T07:30:55Z,2026-08-26,9,30,Disney Adventure World,Les Tapis Volants - Flying Carpets Over Agrabah®,33,OPERATING,STANDBY,5,,,queue-times.com
2026-08-26T07:30:55Z,2026-08-26,9,30,Disney Adventure World,Ratatouille : L’Aventure Totalement Toquée de Rémy​,37,OPERATING,STANDBY,45,,,queue-times.com
2026-08-26T07:30:55Z,2026-08-26,9,30,Disney Adventure World,Ratatouille: The Adventure Single Rider,7279,OPERATING,STANDBY,5,,,queue-times.com
2026-08-26T07:30:55Z,2026-08-26,9,30,Disney Adventure World,RC Racer,34,OPERATING,STANDBY,30,,,queue-times.com
2026-08-26T07:30:55Z,2026-08-26,9,30,Disney Adventure World,RC Racer Single Rider,7280,OPERATING,STANDBY,20,,,queue-times.com
2026-08-26T07:30:55Z,2026-08-26,9,30,Disney Adventure World,Slinky® Dog Zigzag Spin,36,OPERATING,STANDBY,5,,,queue-times.com
2026-08-26T07:30:55Z,2026-08-26,9,30,Disney Adventure World,Toy Soldiers Parachute Drop,35,OPERATING,STANDBY,40,,,queue-times.com
2026-08-26T07:30:55Z,2026-08-26,9,30,Disney Adventure World,Toy Soldiers Parachute Drop Single Rider,7281,OPERATING,STANDBY,5,,,queue-times.com
2026-08-26T07:30:55Z,2026-08-26,9,30,Disney Adventure World,Entry to World of Frozen,16247,OPERATING,STANDBY,0,,,queue-times.com
2026-08-26T07:30:55Z,2026-08-26,9,30,Disney Adventure World,Frozen Ever After,15413,OPERATING,STANDBY,65,,,queue-times.com
2026-08-26T07:30:55Z,2026-08-26,9,30,Disney Adventure World,Raiponce Tangled Spin,15415,OPERATING,STANDBY,5,,,queue-times.com
2026-08-26T07:45:35Z,2026-08-26,9,45,Disneyland Park,Adventure Isle,2702,OPERATING,STANDBY,0,,,queue-times.com
2026-08-26T07:45:35Z,2026-08-26,9,45,Disneyland Park,Indiana Jones and the Temple of Peril Single Rider,7306,OPERATING,STANDBY,0,,,queue-times.com
2026-08-26T07:45:35Z,2026-08-26,9,45,Disneyland Park,Indiana Jones™ and the Temple of Peril,2,OPERATING,STANDBY,5,,,queue-times.com
2026-08-26T07:45:35Z,2026-08-26,9,45,Disneyland Park,La Cabane des Robinson,1,CLOSED,STANDBY,0,,,queue-times.com
2026-08-26T07:45:35Z,2026-08-26,9,45,Disneyland Park,Le Passage Enchanté d'Aladdin,2703,OPERATING,STANDBY,0,,,queue-times.com
2026-08-26T07:45:35Z,2026-08-26,9,45,Disneyland Park,Pirate Galleon,2705,CLOSED,STANDBY,0,,,queue-times.com
2026-08-26T07:45:35Z,2026-08-26,9,45,Disneyland Park,Pirates of the Caribbean,3,CLOSED,STANDBY,0,,,queue-times.com
2026-08-26T07:45:35Z,2026-08-26,9,45,Disneyland Park,Pirates' Beach,2704,OPERATING,STANDBY,0,,,queue-times.com
2026-08-26T07:45:35Z,2026-08-26,9,45,Disneyland Park,"Autopia, presented by Avis",4,OPERATING,STANDBY,45,,,queue-times.com
2026-08-26T07:45:35Z,2026-08-26,9,45,Disneyland Park,Buzz Lightyear Laser Blast,5,OPERATING,STANDBY,40,,,queue-times.com
2026-08-26T07:45:35Z,2026-08-26,9,45,Disneyland Park,Disneyland Railroad Discoveryland Station,2706,CLOSED,STANDBY,0,,,queue-times.com
2026-08-26T07:45:35Z,2026-08-26,9,45,Disneyland Park,Les Mystères du Nautilus,6,OPERATING,STANDBY,5,,,queue-times.com
2026-08-26T07:45:35Z,2026-08-26,9,45,Disneyland Park,Mickey’s PhilharMagic,2707,CLOSED,STANDBY,0,,,queue-times.com
2026-08-26T07:45:35Z,2026-08-26,9,45,Disneyland Park,Orbitron®,7,OPERATING,STANDBY,55,,,queue-times.com
2026-08-26T07:45:35Z,2026-08-26,9,45,Disneyland Park,Star Tours: The Adventures Continue*,9,OPERATING,STANDBY,5,,,queue-times.com
2026-08-26T07:45:35Z,2026-08-26,9,45,Disneyland Park,Star Wars Hyperspace Mountain,8,OPERATING,STANDBY,45,,,queue-times.com
2026-08-26T07:45:35Z,2026-08-26,9,45,Disneyland Park,Star Wars Hyperspace Mountain Single Rider,7278,OPERATING,STANDBY,0,,,queue-times.com
2026-08-26T07:45:35Z,2026-08-26,9,45,Disneyland Park,Welcome to Starport: A Star Wars Encounter,4573,CLOSED,STANDBY,0,,,queue-times.com
2026-08-26T07:45:35Z,2026-08-26,9,45,Disneyland Park,"""it's a small world""",19,OPERATING,STANDBY,5,,,queue-times.com
2026-08-26T07:45:35Z,2026-08-26,9,45,Disneyland Park,Alice's Curious Labyrinth,14,OPERATING,STANDBY,5,,,queue-times.com
2026-08-26T07:45:35Z,2026-08-26,9,45,Disneyland Park,Blanche-Neige et les Sept Nains®,15,OPERATING,STANDBY,5,,,queue-times.com
2026-08-26T07:45:35Z,2026-08-26,9,45,Disneyland Park,Casey Jr. – le Petit Train du Cirque,17,OPERATING,STANDBY,5,,,queue-times.com
2026-08-26T07:45:35Z,2026-08-26,9,45,Disneyland Park,Disneyland Railroad Fantasyland Station,2711,CLOSED,STANDBY,0,,,queue-times.com
2026-08-26T07:45:35Z,2026-08-26,9,45,Disneyland Park,Disneyland Railroad Main Street Station,11,CLOSED,STANDBY,0,,,queue-times.com
2026-08-26T07:45:35Z,2026-08-26,9,45,Disneyland Park,Dumbo the Flying Elephant,18,CLOSED,STANDBY,0,,,queue-times.com
2026-08-26T07:45:35Z,2026-08-26,9,45,Disneyland Park,La Tanière du Dragon,2710,OPERATING,STANDBY,0,,,queue-times.com
2026-08-26T07:45:35Z,2026-08-26,9,45,Disneyland Park,Le Carrousel de Lancelot,16,OPERATING,STANDBY,5,,,queue-times.com
2026-08-26T07:45:35Z,2026-08-26,9,45,Disneyland Park,"Le Pays des Contes de Fées, presented by Vittel",21,OPERATING,STANDBY,5,,,queue-times.com
2026-08-26T07:45:35Z,2026-08-26,9,45,Disneyland Park,Les Voyages de Pinocchio,23,OPERATING,STANDBY,10,,,queue-times.com
2026-08-26T07:45:35Z,2026-08-26,9,45,Disneyland Park,Mad Hatter's Tea Cups,20,OPERATING,STANDBY,5,,,queue-times.com
2026-08-26T07:45:35Z,2026-08-26,9,45,Disneyland Park,Meet Mickey Mouse,13,CLOSED,STANDBY,0,,,queue-times.com
2026-08-26T07:45:35Z,2026-08-26,9,45,Disneyland Park,Peter Pan's Flight,22,OPERATING,STANDBY,50,,,queue-times.com
2026-08-26T07:45:35Z,2026-08-26,9,45,Disneyland Park,Princess Pavilion,24,CLOSED,STANDBY,0,,,queue-times.com
2026-08-26T07:45:35Z,2026-08-26,9,45,Disneyland Park,Big Thunder Mountain,25,OPERATING,STANDBY,45,,,queue-times.com
2026-08-26T07:45:35Z,2026-08-26,9,45,Disneyland Park,Disneyland Railroad Frontierland Depot,2714,CLOSED,STANDBY,0,,,queue-times.com
2026-08-26T07:45:35Z,2026-08-26,9,45,Disneyland Park,Frontierland Playground,2713,OPERATING,STANDBY,0,,,queue-times.com
2026-08-26T07:45:35Z,2026-08-26,9,45,Disneyland Park,Phantom Manor,26,OPERATING,STANDBY,5,,,queue-times.com
2026-08-26T07:45:35Z,2026-08-26,9,45,Disneyland Park,River Rogue Keelboats,27,CLOSED,STANDBY,0,,,queue-times.com
2026-08-26T07:45:35Z,2026-08-26,9,45,Disneyland Park,Rustler Roundup Shootin' Gallery,2712,OPERATING,STANDBY,0,,,queue-times.com
2026-08-26T07:45:35Z,2026-08-26,9,45,Disneyland Park,Thunder Mesa Riverboat Landing,28,CLOSED,STANDBY,0,,,queue-times.com
2026-08-26T07:45:35Z,2026-08-26,9,45,Disneyland Park,Disneyland Railroad Main Street Station,2708,CLOSED,STANDBY,0,,,queue-times.com
2026-08-26T07:45:35Z,2026-08-26,9,45,Disneyland Park,Main Street Vehicles,12,OPERATING,STANDBY,5,,,queue-times.com
2026-08-26T07:45:35Z,2026-08-26,9,45,Disney Adventure World,Avengers Assemble: Flight Force,10848,CLOSED,STANDBY,0,,,queue-times.com
2026-08-26T07:45:35Z,2026-08-26,9,45,Disney Adventure World,Avengers Assemble: Flight Force Single Rider,10849,CLOSED,STANDBY,0,,,queue-times.com
2026-08-26T07:45:35Z,2026-08-26,9,45,Disney Adventure World,Spider-Man W.E.B. Adventure,10845,OPERATING,STANDBY,50,,,queue-times.com
2026-08-26T07:45:35Z,2026-08-26,9,45,Disney Adventure World,Spider-Man W.E.B. Adventure Single Rider,10846,OPERATING,STANDBY,5,,,queue-times.com
2026-08-26T07:45:35Z,2026-08-26,9,45,Disney Adventure World,The Twilight Zone Tower of Terror,40,OPERATING,STANDBY,20,,,queue-times.com
2026-08-26T07:45:35Z,2026-08-26,9,45,Disney Adventure World,Cars Quatre Roues Rallye,31,OPERATING,STANDBY,5,,,queue-times.com
2026-08-26T07:45:35Z,2026-08-26,9,45,Disney Adventure World,Cars ROAD TRIP,29,OPERATING,STANDBY,5,,,queue-times.com
2026-08-26T07:45:35Z,2026-08-26,9,45,Disney Adventure World,Crush's Coaster,32,OPERATING,STANDBY,105,,,queue-times.com
2026-08-26T07:45:35Z,2026-08-26,9,45,Disney Adventure World,Crush's Coaster Single Rider,7277,OPERATING,STANDBY,75,,,queue-times.com
2026-08-26T07:45:35Z,2026-08-26,9,45,Disney Adventure World,Les Tapis Volants - Flying Carpets Over Agrabah®,33,OPERATING,STANDBY,5,,,queue-times.com
2026-08-26T07:45:35Z,2026-08-26,9,45,Disney Adventure World,Ratatouille : L’Aventure Totalement Toquée de Rémy​,37,OPERATING,STANDBY,40,,,queue-times.com
2026-08-26T07:45:35Z,2026-08-26,9,45,Disney Adventure World,Ratatouille: The Adventure Single Rider,7279,OPERATING,STANDBY,5,,,queue-times.com
2026-08-26T07:45:35Z,2026-08-26,9,45,Disney Adventure World,RC Racer,34,OPERATING,STANDBY,40,,,queue-times.com
2026-08-26T07:45:35Z,2026-08-26,9,45,Disney Adventure World,RC Racer Single Rider,7280,OPERATING,STANDBY,35,,,queue-times.com
2026-08-26T07:45:35Z,2026-08-26,9,45,Disney Adventure World,Slinky® Dog Zigzag Spin,36,OPERATING,STANDBY,5,,,queue-times.com
2026-08-26T07:45:35Z,2026-08-26,9,45,Disney Adventure World,Toy Soldiers Parachute Drop,35,OPERATING,STANDBY,50,,,queue-times.com
2026-08-26T07:45:35Z,2026-08-26,9,45,Disney Adventure World,Toy Soldiers Parachute Drop Single Rider,7281,OPERATING,STANDBY,5,,,queue-times.com
2026-08-26T07:45:35Z,2026-08-26,9,45,Disney Adventure World,Entry to World of Frozen,16247,OPERATING,STANDBY,0,,,queue-times.com
2026-08-26T07:45:35Z,2026-08-26,9,45,Disney Adventure World,Frozen Ever After,15413,OPERATING,STANDBY,60,,,queue-times.com
2026-08-26T07:45:35Z,2026-08-26,9,45,Disney Adventure World,Raiponce Tangled Spin,15415,OPERATING,STANDBY,5,,,queue-times.com
2026-08-26T07:55:26Z,2026-08-26,9,55,Disneyland Park,Adventure Isle,2702,OPERATING,STANDBY,0,,,queue-times.com
2026-08-26T07:55:26Z,2026-08-26,9,55,Disneyland Park,Indiana Jones and the Temple of Peril Single Rider,7306,OPERATING,STANDBY,5,,,queue-times.com
2026-08-26T07:55:26Z,2026-08-26,9,55,Disneyland Park,Indiana Jones™ and the Temple of Peril,2,OPERATING,STANDBY,5,,,queue-times.com
2026-08-26T07:55:26Z,2026-08-26,9,55,Disneyland Park,La Cabane des Robinson,1,CLOSED,STANDBY,0,,,queue-times.com
2026-08-26T07:55:26Z,2026-08-26,9,55,Disneyland Park,Le Passage Enchanté d'Aladdin,2703,OPERATING,STANDBY,0,,,queue-times.com
2026-08-26T07:55:26Z,2026-08-26,9,55,Disneyland Park,Pirate Galleon,2705,CLOSED,STANDBY,0,,,queue-times.com
2026-08-26T07:55:26Z,2026-08-26,9,55,Disneyland Park,Pirates of the Caribbean,3,CLOSED,STANDBY,0,,,queue-times.com
2026-08-26T07:55:26Z,2026-08-26,9,55,Disneyland Park,Pirates' Beach,2704,OPERATING,STANDBY,0,,,queue-times.com
2026-08-26T07:55:26Z,2026-08-26,9,55,Disneyland Park,"Autopia, presented by Avis",4,OPERATING,STANDBY,35,,,queue-times.com
2026-08-26T07:55:26Z,2026-08-26,9,55,Disneyland Park,Buzz Lightyear Laser Blast,5,OPERATING,STANDBY,40,,,queue-times.com
2026-08-26T07:55:26Z,2026-08-26,9,55,Disneyland Park,Disneyland Railroad Discoveryland Station,2706,CLOSED,STANDBY,0,,,queue-times.com
2026-08-26T07:55:26Z,2026-08-26,9,55,Disneyland Park,Les Mystères du Nautilus,6,OPERATING,STANDBY,5,,,queue-times.com
2026-08-26T07:55:26Z,2026-08-26,9,55,Disneyland Park,Mickey’s PhilharMagic,2707,CLOSED,STANDBY,0,,,queue-times.com
2026-08-26T07:55:26Z,2026-08-26,9,55,Disneyland Park,Orbitron®,7,OPERATING,STANDBY,40,,,queue-times.com
2026-08-26T07:55:26Z,2026-08-26,9,55,Disneyland Park,Star Tours: The Adventures Continue*,9,OPERATING,STANDBY,5,,,queue-times.com
2026-08-26T07:55:26Z,2026-08-26,9,55,Disneyland Park,Star Wars Hyperspace Mountain,8,OPERATING,STANDBY,35,,,queue-times.com
2026-08-26T07:55:26Z,2026-08-26,9,55,Disneyland Park,Star Wars Hyperspace Mountain Single Rider,7278,OPERATING,STANDBY,10,,,queue-times.com
2026-08-26T07:55:26Z,2026-08-26,9,55,Disneyland Park,Welcome to Starport: A Star Wars Encounter,4573,CLOSED,STANDBY,0,,,queue-times.com
2026-08-26T07:55:26Z,2026-08-26,9,55,Disneyland Park,"""it's a small world""",19,OPERATING,STANDBY,5,,,queue-times.com
2026-08-26T07:55:26Z,2026-08-26,9,55,Disneyland Park,Alice's Curious Labyrinth,14,OPERATING,STANDBY,5,,,queue-times.com
2026-08-26T07:55:26Z,2026-08-26,9,55,Disneyland Park,Blanche-Neige et les Sept Nains®,15,OPERATING,STANDBY,15,,,queue-times.com
2026-08-26T07:55:26Z,2026-08-26,9,55,Disneyland Park,Casey Jr. – le Petit Train du Cirque,17,OPERATING,STANDBY,5,,,queue-times.com
2026-08-26T07:55:26Z,2026-08-26,9,55,Disneyland Park,Disneyland Railroad Fantasyland Station,2711,CLOSED,STANDBY,0,,,queue-times.com
2026-08-26T07:55:26Z,2026-08-26,9,55,Disneyland Park,Disneyland Railroad Main Street Station,11,CLOSED,STANDBY,0,,,queue-times.com
2026-08-26T07:55:26Z,2026-08-26,9,55,Disneyland Park,Dumbo the Flying Elephant,18,CLOSED,STANDBY,0,,,queue-times.com
2026-08-26T07:55:26Z,2026-08-26,9,55,Disneyland Park,La Tanière du Dragon,2710,OPERATING,STANDBY,0,,,queue-times.com
2026-08-26T07:55:26Z,2026-08-26,9,55,Disneyland Park,Le Carrousel de Lancelot,16,OPERATING,STANDBY,5,,,queue-times.com
2026-08-26T07:55:26Z,2026-08-26,9,55,Disneyland Park,"Le Pays des Contes de Fées, presented by Vittel",21,OPERATING,STANDBY,5,,,queue-times.com
2026-08-26T07:55:26Z,2026-08-26,9,55,Disneyland Park,Les Voyages de Pinocchio,23,OPERATING,STANDBY,10,,,queue-times.com
2026-08-26T07:55:26Z,2026-08-26,9,55,Disneyland Park,Mad Hatter's Tea Cups,20,OPERATING,STANDBY,5,,,queue-times.com
2026-08-26T07:55:26Z,2026-08-26,9,55,Disneyland Park,Meet Mickey Mouse,13,CLOSED,STANDBY,0,,,queue-times.com
2026-08-26T07:55:26Z,2026-08-26,9,55,Disneyland Park,Peter Pan's Flight,22,OPERATING,STANDBY,60,,,queue-times.com
2026-08-26T07:55:26Z,2026-08-26,9,55,Disneyland Park,Princess Pavilion,24,CLOSED,STANDBY,0,,,queue-times.com
2026-08-26T07:55:26Z,2026-08-26,9,55,Disneyland Park,Big Thunder Mountain,25,OPERATING,STANDBY,40,,,queue-times.com
2026-08-26T07:55:26Z,2026-08-26,9,55,Disneyland Park,Disneyland Railroad Frontierland Depot,2714,CLOSED,STANDBY,0,,,queue-times.com
2026-08-26T07:55:26Z,2026-08-26,9,55,Disneyland Park,Frontierland Playground,2713,OPERATING,STANDBY,0,,,queue-times.com
2026-08-26T07:55:26Z,2026-08-26,9,55,Disneyland Park,Phantom Manor,26,OPERATING,STANDBY,5,,,queue-times.com
2026-08-26T07:55:26Z,2026-08-26,9,55,Disneyland Park,River Rogue Keelboats,27,CLOSED,STANDBY,0,,,queue-times.com
2026-08-26T07:55:26Z,2026-08-26,9,55,Disneyland Park,Rustler Roundup Shootin' Gallery,2712,OPERATING,STANDBY,0,,,queue-times.com
2026-08-26T07:55:26Z,2026-08-26,9,55,Disneyland Park,Thunder Mesa Riverboat Landing,28,CLOSED,STANDBY,0,,,queue-times.com
2026-08-26T07:55:26Z,2026-08-26,9,55,Disneyland Park,Disneyland Railroad Main Street Station,2708,CLOSED,STANDBY,0,,,queue-times.com
2026-08-26T07:55:26Z,2026-08-26,9,55,Disneyland Park,Main Street Vehicles,12,OPERATING,STANDBY,5,,,queue-times.com
2026-08-26T07:55:26Z,2026-08-26,9,55,Disney Adventure World,Avengers Assemble: Flight Force,10848,CLOSED,STANDBY,0,,,queue-times.com
2026-08-26T07:55:26Z,2026-08-26,9,55,Disney Adventure World,Avengers Assemble: Flight Force Single Rider,10849,CLOSED,STANDBY,0,,,queue-times.com
2026-08-26T07:55:26Z,2026-08-26,9,55,Disney Adventure World,Spider-Man W.E.B. Adventure,10845,OPERATING,STANDBY,40,,,queue-times.com
2026-08-26T07:55:26Z,2026-08-26,9,55,Disney Adventure World,Spider-Man W.E.B. Adventure Single Rider,10846,OPERATING,STANDBY,10,,,queue-times.com
2026-08-26T07:55:26Z,2026-08-26,9,55,Disney Adventure World,The Twilight Zone Tower of Terror,40,OPERATING,STANDBY,40,,,queue-times.com
2026-08-26T07:55:26Z,2026-08-26,9,55,Disney Adventure World,Cars Quatre Roues Rallye,31,OPERATING,STANDBY,5,,,queue-times.com
2026-08-26T07:55:26Z,2026-08-26,9,55,Disney Adventure World,Cars ROAD TRIP,29,OPERATING,STANDBY,5,,,queue-times.com
2026-08-26T07:55:26Z,2026-08-26,9,55,Disney Adventure World,Crush's Coaster,32,OPERATING,STANDBY,125,,,queue-times.com
2026-08-26T07:55:26Z,2026-08-26,9,55,Disney Adventure World,Crush's Coaster Single Rider,7277,OPERATING,STANDBY,65,,,queue-times.com
2026-08-26T07:55:26Z,2026-08-26,9,55,Disney Adventure World,Les Tapis Volants - Flying Carpets Over Agrabah®,33,OPERATING,STANDBY,5,,,queue-times.com
2026-08-26T07:55:26Z,2026-08-26,9,55,Disney Adventure World,Ratatouille : L’Aventure Totalement Toquée de Rémy​,37,OPERATING,STANDBY,40,,,queue-times.com
2026-08-26T07:55:26Z,2026-08-26,9,55,Disney Adventure World,Ratatouille: The Adventure Single Rider,7279,OPERATING,STANDBY,5,,,queue-times.com
2026-08-26T07:55:26Z,2026-08-26,9,55,Disney Adventure World,RC Racer,34,OPERATING,STANDBY,50,,,queue-times.com
2026-08-26T07:55:26Z,2026-08-26,9,55,Disney Adventure World,RC Racer Single Rider,7280,OPERATING,STANDBY,35,,,queue-times.com
2026-08-26T07:55:26Z,2026-08-26,9,55,Disney Adventure World,Slinky® Dog Zigzag Spin,36,OPERATING,STANDBY,5,,,queue-times.com
2026-08-26T07:55:26Z,2026-08-26,9,55,Disney Adventure World,Toy Soldiers Parachute Drop,35,OPERATING,STANDBY,45,,,queue-times.com
2026-08-26T07:55:26Z,2026-08-26,9,55,Disney Adventure World,Toy Soldiers Parachute Drop Single Rider,7281,OPERATING,STANDBY,10,,,queue-times.com
2026-08-26T07:55:26Z,2026-08-26,9,55,Disney Adventure World,Entry to World of Frozen,16247,OPERATING,STANDBY,0,,,queue-times.com
2026-08-26T07:55:26Z,2026-08-26,9,55,Disney Adventure World,Frozen Ever After,15413,OPERATING,STANDBY,70,,,queue-times.com
2026-08-26T07:55:26Z,2026-08-26,9,55,Disney Adventure World,Raiponce Tangled Spin,15415,OPERATING,STANDBY,5,,,queue-times.com
2026-08-26T08:01:06Z,2026-08-26,10,1,Disneyland Park,Adventure Isle,2702,OPERATING,STANDBY,0,,,queue-times.com
2026-08-26T08:01:06Z,2026-08-26,10,1,Disneyland Park,Indiana Jones and the Temple of Peril Single Rider,7306,OPERATING,STANDBY,5,,,queue-times.com
2026-08-26T08:01:06Z,2026-08-26,10,1,Disneyland Park,Indiana Jones™ and the Temple of Peril,2,OPERATING,STANDBY,5,,,queue-times.com
2026-08-26T08:01:06Z,2026-08-26,10,1,Disneyland Park,La Cabane des Robinson,1,CLOSED,STANDBY,0,,,queue-times.com
2026-08-26T08:01:06Z,2026-08-26,10,1,Disneyland Park,Le Passage Enchanté d'Aladdin,2703,OPERATING,STANDBY,0,,,queue-times.com
2026-08-26T08:01:06Z,2026-08-26,10,1,Disneyland Park,Pirate Galleon,2705,CLOSED,STANDBY,0,,,queue-times.com
2026-08-26T08:01:06Z,2026-08-26,10,1,Disneyland Park,Pirates of the Caribbean,3,CLOSED,STANDBY,0,,,queue-times.com
2026-08-26T08:01:06Z,2026-08-26,10,1,Disneyland Park,Pirates' Beach,2704,OPERATING,STANDBY,0,,,queue-times.com
2026-08-26T08:01:06Z,2026-08-26,10,1,Disneyland Park,"Autopia, presented by Avis",4,OPERATING,STANDBY,35,,,queue-times.com
2026-08-26T08:01:06Z,2026-08-26,10,1,Disneyland Park,Buzz Lightyear Laser Blast,5,OPERATING,STANDBY,40,,,queue-times.com
2026-08-26T08:01:06Z,2026-08-26,10,1,Disneyland Park,Disneyland Railroad Discoveryland Station,2706,CLOSED,STANDBY,0,,,queue-times.com
2026-08-26T08:01:06Z,2026-08-26,10,1,Disneyland Park,Les Mystères du Nautilus,6,OPERATING,STANDBY,5,,,queue-times.com
2026-08-26T08:01:06Z,2026-08-26,10,1,Disneyland Park,Mickey’s PhilharMagic,2707,CLOSED,STANDBY,0,,,queue-times.com
2026-08-26T08:01:06Z,2026-08-26,10,1,Disneyland Park,Orbitron®,7,OPERATING,STANDBY,45,,,queue-times.com
2026-08-26T08:01:06Z,2026-08-26,10,1,Disneyland Park,Star Tours: The Adventures Continue*,9,OPERATING,STANDBY,5,,,queue-times.com
2026-08-26T08:01:06Z,2026-08-26,10,1,Disneyland Park,Star Wars Hyperspace Mountain,8,OPERATING,STANDBY,30,,,queue-times.com
2026-08-26T08:01:06Z,2026-08-26,10,1,Disneyland Park,Star Wars Hyperspace Mountain Single Rider,7278,OPERATING,STANDBY,10,,,queue-times.com
2026-08-26T08:01:06Z,2026-08-26,10,1,Disneyland Park,Welcome to Starport: A Star Wars Encounter,4573,CLOSED,STANDBY,0,,,queue-times.com
2026-08-26T08:01:06Z,2026-08-26,10,1,Disneyland Park,"""it's a small world""",19,OPERATING,STANDBY,5,,,queue-times.com
2026-08-26T08:01:06Z,2026-08-26,10,1,Disneyland Park,Alice's Curious Labyrinth,14,OPERATING,STANDBY,5,,,queue-times.com
2026-08-26T08:01:06Z,2026-08-26,10,1,Disneyland Park,Blanche-Neige et les Sept Nains®,15,OPERATING,STANDBY,15,,,queue-times.com
2026-08-26T08:01:06Z,2026-08-26,10,1,Disneyland Park,Casey Jr. – le Petit Train du Cirque,17,OPERATING,STANDBY,5,,,queue-times.com
2026-08-26T08:01:06Z,2026-08-26,10,1,Disneyland Park,Disneyland Railroad Fantasyland Station,2711,CLOSED,STANDBY,0,,,queue-times.com
2026-08-26T08:01:06Z,2026-08-26,10,1,Disneyland Park,Disneyland Railroad Main Street Station,11,CLOSED,STANDBY,0,,,queue-times.com
2026-08-26T08:01:06Z,2026-08-26,10,1,Disneyland Park,Dumbo the Flying Elephant,18,CLOSED,STANDBY,0,,,queue-times.com
2026-08-26T08:01:06Z,2026-08-26,10,1,Disneyland Park,La Tanière du Dragon,2710,OPERATING,STANDBY,0,,,queue-times.com
2026-08-26T08:01:06Z,2026-08-26,10,1,Disneyland Park,Le Carrousel de Lancelot,16,OPERATING,STANDBY,5,,,queue-times.com
2026-08-26T08:01:06Z,2026-08-26,10,1,Disneyland Park,"Le Pays des Contes de Fées, presented by Vittel",21,OPERATING,STANDBY,5,,,queue-times.com
2026-08-26T08:01:06Z,2026-08-26,10,1,Disneyland Park,Les Voyages de Pinocchio,23,OPERATING,STANDBY,20,,,queue-times.com
2026-08-26T08:01:06Z,2026-08-26,10,1,Disneyland Park,Mad Hatter's Tea Cups,20,OPERATING,STANDBY,5,,,queue-times.com
2026-08-26T08:01:06Z,2026-08-26,10,1,Disneyland Park,Meet Mickey Mouse,13,CLOSED,STANDBY,0,,,queue-times.com
2026-08-26T08:01:06Z,2026-08-26,10,1,Disneyland Park,Peter Pan's Flight,22,OPERATING,STANDBY,60,,,queue-times.com
2026-08-26T08:01:06Z,2026-08-26,10,1,Disneyland Park,Princess Pavilion,24,CLOSED,STANDBY,0,,,queue-times.com
2026-08-26T08:01:06Z,2026-08-26,10,1,Disneyland Park,Big Thunder Mountain,25,OPERATING,STANDBY,40,,,queue-times.com
2026-08-26T08:01:06Z,2026-08-26,10,1,Disneyland Park,Disneyland Railroad Frontierland Depot,2714,CLOSED,STANDBY,0,,,queue-times.com
2026-08-26T08:01:06Z,2026-08-26,10,1,Disneyland Park,Frontierland Playground,2713,OPERATING,STANDBY,0,,,queue-times.com
2026-08-26T08:01:06Z,2026-08-26,10,1,Disneyland Park,Phantom Manor,26,OPERATING,STANDBY,5,,,queue-times.com
2026-08-26T08:01:06Z,2026-08-26,10,1,Disneyland Park,River Rogue Keelboats,27,CLOSED,STANDBY,0,,,queue-times.com
2026-08-26T08:01:06Z,2026-08-26,10,1,Disneyland Park,Rustler Roundup Shootin' Gallery,2712,OPERATING,STANDBY,0,,,queue-times.com
2026-08-26T08:01:06Z,2026-08-26,10,1,Disneyland Park,Thunder Mesa Riverboat Landing,28,CLOSED,STANDBY,0,,,queue-times.com
2026-08-26T08:01:06Z,2026-08-26,10,1,Disneyland Park,Disneyland Railroad Main Street Station,2708,CLOSED,STANDBY,0,,,queue-times.com
2026-08-26T08:01:06Z,2026-08-26,10,1,Disneyland Park,Main Street Vehicles,12,OPERATING,STANDBY,5,,,queue-times.com
2026-08-26T08:01:06Z,2026-08-26,10,1,Disney Adventure World,Avengers Assemble: Flight Force,10848,CLOSED,STANDBY,0,,,queue-times.com
2026-08-26T08:01:06Z,2026-08-26,10,1,Disney Adventure World,Avengers Assemble: Flight Force Single Rider,10849,CLOSED,STANDBY,0,,,queue-times.com
2026-08-26T08:01:06Z,2026-08-26,10,1,Disney Adventure World,Spider-Man W.E.B. Adventure,10845,OPERATING,STANDBY,40,,,queue-times.com
2026-08-26T08:01:06Z,2026-08-26,10,1,Disney Adventure World,Spider-Man W.E.B. Adventure Single Rider,10846,OPERATING,STANDBY,10,,,queue-times.com
2026-08-26T08:01:06Z,2026-08-26,10,1,Disney Adventure World,The Twilight Zone Tower of Terror,40,OPERATING,STANDBY,50,,,queue-times.com
2026-08-26T08:01:06Z,2026-08-26,10,1,Disney Adventure World,Cars Quatre Roues Rallye,31,OPERATING,STANDBY,5,,,queue-times.com
2026-08-26T08:01:06Z,2026-08-26,10,1,Disney Adventure World,Cars ROAD TRIP,29,OPERATING,STANDBY,5,,,queue-times.com
2026-08-26T08:01:06Z,2026-08-26,10,1,Disney Adventure World,Crush's Coaster,32,OPERATING,STANDBY,125,,,queue-times.com
2026-08-26T08:01:06Z,2026-08-26,10,1,Disney Adventure World,Crush's Coaster Single Rider,7277,OPERATING,STANDBY,70,,,queue-times.com
2026-08-26T08:01:06Z,2026-08-26,10,1,Disney Adventure World,Les Tapis Volants - Flying Carpets Over Agrabah®,33,OPERATING,STANDBY,5,,,queue-times.com
2026-08-26T08:01:06Z,2026-08-26,10,1,Disney Adventure World,Ratatouille : L’Aventure Totalement Toquée de Rémy​,37,OPERATING,STANDBY,45,,,queue-times.com
2026-08-26T08:01:06Z,2026-08-26,10,1,Disney Adventure World,Ratatouille: The Adventure Single Rider,7279,OPERATING,STANDBY,5,,,queue-times.com
2026-08-26T08:01:06Z,2026-08-26,10,1,Disney Adventure World,RC Racer,34,OPERATING,STANDBY,50,,,queue-times.com
2026-08-26T08:01:06Z,2026-08-26,10,1,Disney Adventure World,RC Racer Single Rider,7280,OPERATING,STANDBY,20,,,queue-times.com
2026-08-26T08:01:06Z,2026-08-26,10,1,Disney Adventure World,Slinky® Dog Zigzag Spin,36,OPERATING,STANDBY,5,,,queue-times.com
2026-08-26T08:01:06Z,2026-08-26,10,1,Disney Adventure World,Toy Soldiers Parachute Drop,35,OPERATING,STANDBY,35,,,queue-times.com
2026-08-26T08:01:06Z,2026-08-26,10,1,Disney Adventure World,Toy Soldiers Parachute Drop Single Rider,7281,OPERATING,STANDBY,15,,,queue-times.com
2026-08-26T08:01:06Z,2026-08-26,10,1,Disney Adventure World,Entry to World of Frozen,16247,OPERATING,STANDBY,0,,,queue-times.com
2026-08-26T08:01:06Z,2026-08-26,10,1,Disney Adventure World,Frozen Ever After,15413,OPERATING,STANDBY,80,,,queue-times.com
2026-08-26T08:01:06Z,2026-08-26,10,1,Disney Adventure World,Raiponce Tangled Spin,15415,OPERATING,STANDBY,5,,,queue-times.com
2026-08-26T08:15:35Z,2026-08-26,10,15,Disneyland Park,Adventure Isle,2702,OPERATING,STANDBY,0,,,queue-times.com
2026-08-26T08:15:35Z,2026-08-26,10,15,Disneyland Park,Indiana Jones and the Temple of Peril Single Rider,7306,OPERATING,STANDBY,5,,,queue-times.com
2026-08-26T08:15:35Z,2026-08-26,10,15,Disneyland Park,Indiana Jones™ and the Temple of Peril,2,OPERATING,STANDBY,5,,,queue-times.com
2026-08-26T08:15:35Z,2026-08-26,10,15,Disneyland Park,La Cabane des Robinson,1,CLOSED,STANDBY,0,,,queue-times.com
2026-08-26T08:15:35Z,2026-08-26,10,15,Disneyland Park,Le Passage Enchanté d'Aladdin,2703,OPERATING,STANDBY,0,,,queue-times.com
2026-08-26T08:15:35Z,2026-08-26,10,15,Disneyland Park,Pirate Galleon,2705,CLOSED,STANDBY,0,,,queue-times.com
2026-08-26T08:15:35Z,2026-08-26,10,15,Disneyland Park,Pirates of the Caribbean,3,OPERATING,STANDBY,5,,,queue-times.com
2026-08-26T08:15:35Z,2026-08-26,10,15,Disneyland Park,Pirates' Beach,2704,OPERATING,STANDBY,0,,,queue-times.com
2026-08-26T08:15:35Z,2026-08-26,10,15,Disneyland Park,"Autopia, presented by Avis",4,OPERATING,STANDBY,25,,,queue-times.com
2026-08-26T08:15:35Z,2026-08-26,10,15,Disneyland Park,Buzz Lightyear Laser Blast,5,OPERATING,STANDBY,35,,,queue-times.com
2026-08-26T08:15:35Z,2026-08-26,10,15,Disneyland Park,Disneyland Railroad Discoveryland Station,2706,CLOSED,STANDBY,0,,,queue-times.com
2026-08-26T08:15:35Z,2026-08-26,10,15,Disneyland Park,Les Mystères du Nautilus,6,OPERATING,STANDBY,5,,,queue-times.com
2026-08-26T08:15:35Z,2026-08-26,10,15,Disneyland Park,Mickey’s PhilharMagic,2707,CLOSED,STANDBY,0,,,queue-times.com
2026-08-26T08:15:35Z,2026-08-26,10,15,Disneyland Park,Orbitron®,7,OPERATING,STANDBY,35,,,queue-times.com
2026-08-26T08:15:35Z,2026-08-26,10,15,Disneyland Park,Star Tours: The Adventures Continue*,9,OPERATING,STANDBY,5,,,queue-times.com
2026-08-26T08:15:35Z,2026-08-26,10,15,Disneyland Park,Star Wars Hyperspace Mountain,8,OPERATING,STANDBY,30,,,queue-times.com
2026-08-26T08:15:35Z,2026-08-26,10,15,Disneyland Park,Star Wars Hyperspace Mountain Single Rider,7278,OPERATING,STANDBY,20,,,queue-times.com
2026-08-26T08:15:35Z,2026-08-26,10,15,Disneyland Park,Welcome to Starport: A Star Wars Encounter,4573,OPERATING,STANDBY,45,,,queue-times.com
2026-08-26T08:15:35Z,2026-08-26,10,15,Disneyland Park,"""it's a small world""",19,OPERATING,STANDBY,5,,,queue-times.com
2026-08-26T08:15:35Z,2026-08-26,10,15,Disneyland Park,Alice's Curious Labyrinth,14,OPERATING,STANDBY,5,,,queue-times.com
2026-08-26T08:15:35Z,2026-08-26,10,15,Disneyland Park,Blanche-Neige et les Sept Nains®,15,OPERATING,STANDBY,15,,,queue-times.com
2026-08-26T08:15:35Z,2026-08-26,10,15,Disneyland Park,Casey Jr. – le Petit Train du Cirque,17,OPERATING,STANDBY,5,,,queue-times.com
2026-08-26T08:15:35Z,2026-08-26,10,15,Disneyland Park,Disneyland Railroad Fantasyland Station,2711,CLOSED,STANDBY,0,,,queue-times.com
2026-08-26T08:15:35Z,2026-08-26,10,15,Disneyland Park,Disneyland Railroad Main Street Station,11,CLOSED,STANDBY,0,,,queue-times.com
2026-08-26T08:15:35Z,2026-08-26,10,15,Disneyland Park,Dumbo the Flying Elephant,18,CLOSED,STANDBY,0,,,queue-times.com
2026-08-26T08:15:35Z,2026-08-26,10,15,Disneyland Park,La Tanière du Dragon,2710,OPERATING,STANDBY,0,,,queue-times.com
2026-08-26T08:15:35Z,2026-08-26,10,15,Disneyland Park,Le Carrousel de Lancelot,16,OPERATING,STANDBY,10,,,queue-times.com
2026-08-26T08:15:35Z,2026-08-26,10,15,Disneyland Park,"Le Pays des Contes de Fées, presented by Vittel",21,OPERATING,STANDBY,5,,,queue-times.com
2026-08-26T08:15:35Z,2026-08-26,10,15,Disneyland Park,Les Voyages de Pinocchio,23,OPERATING,STANDBY,15,,,queue-times.com
2026-08-26T08:15:35Z,2026-08-26,10,15,Disneyland Park,Mad Hatter's Tea Cups,20,OPERATING,STANDBY,5,,,queue-times.com
2026-08-26T08:15:35Z,2026-08-26,10,15,Disneyland Park,Meet Mickey Mouse,13,OPERATING,STANDBY,0,,,queue-times.com
2026-08-26T08:15:35Z,2026-08-26,10,15,Disneyland Park,Peter Pan's Flight,22,OPERATING,STANDBY,65,,,queue-times.com
2026-08-26T08:15:35Z,2026-08-26,10,15,Disneyland Park,Princess Pavilion,24,OPERATING,STANDBY,0,,,queue-times.com
2026-08-26T08:15:35Z,2026-08-26,10,15,Disneyland Park,Big Thunder Mountain,25,OPERATING,STANDBY,40,,,queue-times.com
2026-08-26T08:15:35Z,2026-08-26,10,15,Disneyland Park,Disneyland Railroad Frontierland Depot,2714,CLOSED,STANDBY,0,,,queue-times.com
2026-08-26T08:15:35Z,2026-08-26,10,15,Disneyland Park,Frontierland Playground,2713,OPERATING,STANDBY,0,,,queue-times.com
2026-08-26T08:15:35Z,2026-08-26,10,15,Disneyland Park,Phantom Manor,26,OPERATING,STANDBY,5,,,queue-times.com
2026-08-26T08:15:35Z,2026-08-26,10,15,Disneyland Park,River Rogue Keelboats,27,CLOSED,STANDBY,0,,,queue-times.com
2026-08-26T08:15:35Z,2026-08-26,10,15,Disneyland Park,Rustler Roundup Shootin' Gallery,2712,OPERATING,STANDBY,0,,,queue-times.com
2026-08-26T08:15:35Z,2026-08-26,10,15,Disneyland Park,Thunder Mesa Riverboat Landing,28,CLOSED,STANDBY,0,,,queue-times.com
2026-08-26T08:15:35Z,2026-08-26,10,15,Disneyland Park,Disneyland Railroad Main Street Station,2708,CLOSED,STANDBY,0,,,queue-times.com
2026-08-26T08:15:35Z,2026-08-26,10,15,Disneyland Park,Main Street Vehicles,12,OPERATING,STANDBY,5,,,queue-times.com
2026-08-26T08:15:35Z,2026-08-26,10,15,Disney Adventure World,Avengers Assemble: Flight Force,10848,CLOSED,STANDBY,0,,,queue-times.com
2026-08-26T08:15:35Z,2026-08-26,10,15,Disney Adventure World,Avengers Assemble: Flight Force Single Rider,10849,CLOSED,STANDBY,0,,,queue-times.com
2026-08-26T08:15:35Z,2026-08-26,10,15,Disney Adventure World,Spider-Man W.E.B. Adventure,10845,OPERATING,STANDBY,65,,,queue-times.com
2026-08-26T08:15:35Z,2026-08-26,10,15,Disney Adventure World,Spider-Man W.E.B. Adventure Single Rider,10846,OPERATING,STANDBY,5,,,queue-times.com
2026-08-26T08:15:35Z,2026-08-26,10,15,Disney Adventure World,The Twilight Zone Tower of Terror,40,OPERATING,STANDBY,50,,,queue-times.com
2026-08-26T08:15:35Z,2026-08-26,10,15,Disney Adventure World,Cars Quatre Roues Rallye,31,OPERATING,STANDBY,15,,,queue-times.com
2026-08-26T08:15:35Z,2026-08-26,10,15,Disney Adventure World,Cars ROAD TRIP,29,OPERATING,STANDBY,5,,,queue-times.com
2026-08-26T08:15:35Z,2026-08-26,10,15,Disney Adventure World,Crush's Coaster,32,OPERATING,STANDBY,125,,,queue-times.com
2026-08-26T08:15:35Z,2026-08-26,10,15,Disney Adventure World,Crush's Coaster Single Rider,7277,OPERATING,STANDBY,45,,,queue-times.com
2026-08-26T08:15:35Z,2026-08-26,10,15,Disney Adventure World,Les Tapis Volants - Flying Carpets Over Agrabah®,33,OPERATING,STANDBY,5,,,queue-times.com
2026-08-26T08:15:35Z,2026-08-26,10,15,Disney Adventure World,Ratatouille : L’Aventure Totalement Toquée de Rémy​,37,OPERATING,STANDBY,45,,,queue-times.com
2026-08-26T08:15:35Z,2026-08-26,10,15,Disney Adventure World,Ratatouille: The Adventure Single Rider,7279,OPERATING,STANDBY,5,,,queue-times.com
2026-08-26T08:15:35Z,2026-08-26,10,15,Disney Adventure World,RC Racer,34,OPERATING,STANDBY,45,,,queue-times.com
2026-08-26T08:15:35Z,2026-08-26,10,15,Disney Adventure World,RC Racer Single Rider,7280,OPERATING,STANDBY,20,,,queue-times.com
2026-08-26T08:15:35Z,2026-08-26,10,15,Disney Adventure World,Slinky® Dog Zigzag Spin,36,OPERATING,STANDBY,15,,,queue-times.com
2026-08-26T08:15:35Z,2026-08-26,10,15,Disney Adventure World,Toy Soldiers Parachute Drop,35,OPERATING,STANDBY,55,,,queue-times.com
2026-08-26T08:15:35Z,2026-08-26,10,15,Disney Adventure World,Toy Soldiers Parachute Drop Single Rider,7281,OPERATING,STANDBY,20,,,queue-times.com
2026-08-26T08:15:35Z,2026-08-26,10,15,Disney Adventure World,Entry to World of Frozen,16247,OPERATING,STANDBY,0,,,queue-times.com
2026-08-26T08:15:35Z,2026-08-26,10,15,Disney Adventure World,Frozen Ever After,15413,OPERATING,STANDBY,85,,,queue-times.com
2026-08-26T08:15:35Z,2026-08-26,10,15,Disney Adventure World,Raiponce Tangled Spin,15415,OPERATING,STANDBY,5,,,queue-times.com
2026-08-26T08:30:54Z,2026-08-26,10,30,Disneyland Park,Adventure Isle,2702,OPERATING,STANDBY,0,,,queue-times.com
2026-08-26T08:30:54Z,2026-08-26,10,30,Disneyland Park,Indiana Jones and the Temple of Peril Single Rider,7306,OPERATING,STANDBY,5,,,queue-times.com
2026-08-26T08:30:54Z,2026-08-26,10,30,Disneyland Park,Indiana Jones™ and the Temple of Peril,2,OPERATING,STANDBY,5,,,queue-times.com
2026-08-26T08:30:54Z,2026-08-26,10,30,Disneyland Park,La Cabane des Robinson,1,CLOSED,STANDBY,0,,,queue-times.com
2026-08-26T08:30:54Z,2026-08-26,10,30,Disneyland Park,Le Passage Enchanté d'Aladdin,2703,OPERATING,STANDBY,0,,,queue-times.com
2026-08-26T08:30:54Z,2026-08-26,10,30,Disneyland Park,Pirate Galleon,2705,CLOSED,STANDBY,0,,,queue-times.com
2026-08-26T08:30:54Z,2026-08-26,10,30,Disneyland Park,Pirates of the Caribbean,3,OPERATING,STANDBY,10,,,queue-times.com
2026-08-26T08:30:54Z,2026-08-26,10,30,Disneyland Park,Pirates' Beach,2704,OPERATING,STANDBY,0,,,queue-times.com
2026-08-26T08:30:54Z,2026-08-26,10,30,Disneyland Park,"Autopia, presented by Avis",4,OPERATING,STANDBY,30,,,queue-times.com
2026-08-26T08:30:54Z,2026-08-26,10,30,Disneyland Park,Buzz Lightyear Laser Blast,5,CLOSED,STANDBY,0,,,queue-times.com
2026-08-26T08:30:54Z,2026-08-26,10,30,Disneyland Park,Disneyland Railroad Discoveryland Station,2706,CLOSED,STANDBY,0,,,queue-times.com
2026-08-26T08:30:54Z,2026-08-26,10,30,Disneyland Park,Les Mystères du Nautilus,6,OPERATING,STANDBY,5,,,queue-times.com
2026-08-26T08:30:54Z,2026-08-26,10,30,Disneyland Park,Mickey’s PhilharMagic,2707,CLOSED,STANDBY,0,,,queue-times.com
2026-08-26T08:30:54Z,2026-08-26,10,30,Disneyland Park,Orbitron®,7,OPERATING,STANDBY,50,,,queue-times.com
2026-08-26T08:30:54Z,2026-08-26,10,30,Disneyland Park,Star Tours: The Adventures Continue*,9,OPERATING,STANDBY,15,,,queue-times.com
2026-08-26T08:30:54Z,2026-08-26,10,30,Disneyland Park,Star Wars Hyperspace Mountain,8,OPERATING,STANDBY,35,,,queue-times.com
2026-08-26T08:30:54Z,2026-08-26,10,30,Disneyland Park,Star Wars Hyperspace Mountain Single Rider,7278,OPERATING,STANDBY,25,,,queue-times.com
2026-08-26T08:30:54Z,2026-08-26,10,30,Disneyland Park,Welcome to Starport: A Star Wars Encounter,4573,OPERATING,STANDBY,45,,,queue-times.com
2026-08-26T08:30:54Z,2026-08-26,10,30,Disneyland Park,"""it's a small world""",19,OPERATING,STANDBY,5,,,queue-times.com
2026-08-26T08:30:54Z,2026-08-26,10,30,Disneyland Park,Alice's Curious Labyrinth,14,OPERATING,STANDBY,5,,,queue-times.com
2026-08-26T08:30:54Z,2026-08-26,10,30,Disneyland Park,Blanche-Neige et les Sept Nains®,15,OPERATING,STANDBY,15,,,queue-times.com
2026-08-26T08:30:54Z,2026-08-26,10,30,Disneyland Park,Casey Jr. – le Petit Train du Cirque,17,OPERATING,STANDBY,5,,,queue-times.com
2026-08-26T08:30:54Z,2026-08-26,10,30,Disneyland Park,Disneyland Railroad Fantasyland Station,2711,CLOSED,STANDBY,0,,,queue-times.com
2026-08-26T08:30:54Z,2026-08-26,10,30,Disneyland Park,Disneyland Railroad Main Street Station,11,CLOSED,STANDBY,0,,,queue-times.com
2026-08-26T08:30:54Z,2026-08-26,10,30,Disneyland Park,Dumbo the Flying Elephant,18,CLOSED,STANDBY,0,,,queue-times.com
2026-08-26T08:30:54Z,2026-08-26,10,30,Disneyland Park,La Tanière du Dragon,2710,OPERATING,STANDBY,0,,,queue-times.com
2026-08-26T08:30:54Z,2026-08-26,10,30,Disneyland Park,Le Carrousel de Lancelot,16,OPERATING,STANDBY,15,,,queue-times.com
2026-08-26T08:30:54Z,2026-08-26,10,30,Disneyland Park,"Le Pays des Contes de Fées, presented by Vittel",21,OPERATING,STANDBY,5,,,queue-times.com
2026-08-26T08:30:54Z,2026-08-26,10,30,Disneyland Park,Les Voyages de Pinocchio,23,OPERATING,STANDBY,10,,,queue-times.com
2026-08-26T08:30:54Z,2026-08-26,10,30,Disneyland Park,Mad Hatter's Tea Cups,20,OPERATING,STANDBY,5,,,queue-times.com
2026-08-26T08:30:54Z,2026-08-26,10,30,Disneyland Park,Meet Mickey Mouse,13,OPERATING,STANDBY,0,,,queue-times.com
2026-08-26T08:30:54Z,2026-08-26,10,30,Disneyland Park,Peter Pan's Flight,22,OPERATING,STANDBY,65,,,queue-times.com
2026-08-26T08:30:54Z,2026-08-26,10,30,Disneyland Park,Princess Pavilion,24,OPERATING,STANDBY,0,,,queue-times.com
2026-08-26T08:30:54Z,2026-08-26,10,30,Disneyland Park,Big Thunder Mountain,25,OPERATING,STANDBY,70,,,queue-times.com
2026-08-26T08:30:54Z,2026-08-26,10,30,Disneyland Park,Disneyland Railroad Frontierland Depot,2714,CLOSED,STANDBY,0,,,queue-times.com
2026-08-26T08:30:54Z,2026-08-26,10,30,Disneyland Park,Frontierland Playground,2713,OPERATING,STANDBY,0,,,queue-times.com
2026-08-26T08:30:54Z,2026-08-26,10,30,Disneyland Park,Phantom Manor,26,OPERATING,STANDBY,5,,,queue-times.com
2026-08-26T08:30:54Z,2026-08-26,10,30,Disneyland Park,River Rogue Keelboats,27,CLOSED,STANDBY,0,,,queue-times.com
2026-08-26T08:30:54Z,2026-08-26,10,30,Disneyland Park,Rustler Roundup Shootin' Gallery,2712,OPERATING,STANDBY,0,,,queue-times.com
2026-08-26T08:30:54Z,2026-08-26,10,30,Disneyland Park,Thunder Mesa Riverboat Landing,28,OPERATING,STANDBY,20,,,queue-times.com
2026-08-26T08:30:54Z,2026-08-26,10,30,Disneyland Park,Disneyland Railroad Main Street Station,2708,CLOSED,STANDBY,0,,,queue-times.com
2026-08-26T08:30:54Z,2026-08-26,10,30,Disneyland Park,Main Street Vehicles,12,OPERATING,STANDBY,5,,,queue-times.com
2026-08-26T08:30:54Z,2026-08-26,10,30,Disney Adventure World,Avengers Assemble: Flight Force,10848,CLOSED,STANDBY,0,,,queue-times.com
2026-08-26T08:30:54Z,2026-08-26,10,30,Disney Adventure World,Avengers Assemble: Flight Force Single Rider,10849,CLOSED,STANDBY,0,,,queue-times.com
2026-08-26T08:30:54Z,2026-08-26,10,30,Disney Adventure World,Spider-Man W.E.B. Adventure,10845,OPERATING,STANDBY,60,,,queue-times.com
2026-08-26T08:30:54Z,2026-08-26,10,30,Disney Adventure World,Spider-Man W.E.B. Adventure Single Rider,10846,OPERATING,STANDBY,30,,,queue-times.com
2026-08-26T08:30:54Z,2026-08-26,10,30,Disney Adventure World,The Twilight Zone Tower of Terror,40,OPERATING,STANDBY,50,,,queue-times.com
2026-08-26T08:30:54Z,2026-08-26,10,30,Disney Adventure World,Cars Quatre Roues Rallye,31,OPERATING,STANDBY,20,,,queue-times.com
2026-08-26T08:30:54Z,2026-08-26,10,30,Disney Adventure World,Cars ROAD TRIP,29,OPERATING,STANDBY,10,,,queue-times.com
2026-08-26T08:30:54Z,2026-08-26,10,30,Disney Adventure World,Crush's Coaster,32,OPERATING,STANDBY,100,,,queue-times.com
2026-08-26T08:30:54Z,2026-08-26,10,30,Disney Adventure World,Crush's Coaster Single Rider,7277,OPERATING,STANDBY,80,,,queue-times.com
2026-08-26T08:30:54Z,2026-08-26,10,30,Disney Adventure World,Les Tapis Volants - Flying Carpets Over Agrabah®,33,OPERATING,STANDBY,25,,,queue-times.com
2026-08-26T08:30:54Z,2026-08-26,10,30,Disney Adventure World,Ratatouille : L’Aventure Totalement Toquée de Rémy​,37,OPERATING,STANDBY,60,,,queue-times.com
2026-08-26T08:30:54Z,2026-08-26,10,30,Disney Adventure World,Ratatouille: The Adventure Single Rider,7279,OPERATING,STANDBY,15,,,queue-times.com
2026-08-26T08:30:54Z,2026-08-26,10,30,Disney Adventure World,RC Racer,34,OPERATING,STANDBY,50,,,queue-times.com
2026-08-26T08:30:54Z,2026-08-26,10,30,Disney Adventure World,RC Racer Single Rider,7280,OPERATING,STANDBY,40,,,queue-times.com
2026-08-26T08:30:54Z,2026-08-26,10,30,Disney Adventure World,Slinky® Dog Zigzag Spin,36,OPERATING,STANDBY,25,,,queue-times.com
2026-08-26T08:30:54Z,2026-08-26,10,30,Disney Adventure World,Toy Soldiers Parachute Drop,35,OPERATING,STANDBY,60,,,queue-times.com
2026-08-26T08:30:54Z,2026-08-26,10,30,Disney Adventure World,Toy Soldiers Parachute Drop Single Rider,7281,OPERATING,STANDBY,10,,,queue-times.com
2026-08-26T08:30:54Z,2026-08-26,10,30,Disney Adventure World,Entry to World of Frozen,16247,OPERATING,STANDBY,0,,,queue-times.com
2026-08-26T08:30:54Z,2026-08-26,10,30,Disney Adventure World,Frozen Ever After,15413,OPERATING,STANDBY,90,,,queue-times.com
2026-08-26T08:30:54Z,2026-08-26,10,30,Disney Adventure World,Raiponce Tangled Spin,15415,OPERATING,STANDBY,20,,,queue-times.com
2026-08-26T08:45:39Z,2026-08-26,10,45,Disneyland Park,Adventure Isle,2702,OPERATING,STANDBY,0,,,queue-times.com
2026-08-26T08:45:39Z,2026-08-26,10,45,Disneyland Park,Indiana Jones and the Temple of Peril Single Rider,7306,OPERATING,STANDBY,5,,,queue-times.com
2026-08-26T08:45:39Z,2026-08-26,10,45,Disneyland Park,Indiana Jones™ and the Temple of Peril,2,OPERATING,STANDBY,10,,,queue-times.com
2026-08-26T08:45:39Z,2026-08-26,10,45,Disneyland Park,La Cabane des Robinson,1,CLOSED,STANDBY,0,,,queue-times.com
2026-08-26T08:45:39Z,2026-08-26,10,45,Disneyland Park,Le Passage Enchanté d'Aladdin,2703,OPERATING,STANDBY,0,,,queue-times.com
2026-08-26T08:45:39Z,2026-08-26,10,45,Disneyland Park,Pirate Galleon,2705,CLOSED,STANDBY,0,,,queue-times.com
2026-08-26T08:45:39Z,2026-08-26,10,45,Disneyland Park,Pirates of the Caribbean,3,OPERATING,STANDBY,30,,,queue-times.com
2026-08-26T08:45:39Z,2026-08-26,10,45,Disneyland Park,Pirates' Beach,2704,OPERATING,STANDBY,0,,,queue-times.com
2026-08-26T08:45:39Z,2026-08-26,10,45,Disneyland Park,"Autopia, presented by Avis",4,OPERATING,STANDBY,30,,,queue-times.com
2026-08-26T08:45:39Z,2026-08-26,10,45,Disneyland Park,Buzz Lightyear Laser Blast,5,OPERATING,STANDBY,45,,,queue-times.com
2026-08-26T08:45:39Z,2026-08-26,10,45,Disneyland Park,Disneyland Railroad Discoveryland Station,2706,CLOSED,STANDBY,0,,,queue-times.com
2026-08-26T08:45:39Z,2026-08-26,10,45,Disneyland Park,Les Mystères du Nautilus,6,OPERATING,STANDBY,5,,,queue-times.com
2026-08-26T08:45:39Z,2026-08-26,10,45,Disneyland Park,Mickey’s PhilharMagic,2707,CLOSED,STANDBY,0,,,queue-times.com
2026-08-26T08:45:39Z,2026-08-26,10,45,Disneyland Park,Orbitron®,7,OPERATING,STANDBY,50,,,queue-times.com
2026-08-26T08:45:39Z,2026-08-26,10,45,Disneyland Park,Star Tours: The Adventures Continue*,9,OPERATING,STANDBY,20,,,queue-times.com
2026-08-26T08:45:39Z,2026-08-26,10,45,Disneyland Park,Star Wars Hyperspace Mountain,8,OPERATING,STANDBY,35,,,queue-times.com
2026-08-26T08:45:39Z,2026-08-26,10,45,Disneyland Park,Star Wars Hyperspace Mountain Single Rider,7278,OPERATING,STANDBY,25,,,queue-times.com
2026-08-26T08:45:39Z,2026-08-26,10,45,Disneyland Park,Welcome to Starport: A Star Wars Encounter,4573,OPERATING,STANDBY,45,,,queue-times.com
2026-08-26T08:45:39Z,2026-08-26,10,45,Disneyland Park,"""it's a small world""",19,OPERATING,STANDBY,5,,,queue-times.com
2026-08-26T08:45:39Z,2026-08-26,10,45,Disneyland Park,Alice's Curious Labyrinth,14,OPERATING,STANDBY,5,,,queue-times.com
2026-08-26T08:45:39Z,2026-08-26,10,45,Disneyland Park,Blanche-Neige et les Sept Nains®,15,OPERATING,STANDBY,15,,,queue-times.com
2026-08-26T08:45:39Z,2026-08-26,10,45,Disneyland Park,Casey Jr. – le Petit Train du Cirque,17,OPERATING,STANDBY,5,,,queue-times.com
2026-08-26T08:45:39Z,2026-08-26,10,45,Disneyland Park,Disneyland Railroad Fantasyland Station,2711,CLOSED,STANDBY,0,,,queue-times.com
2026-08-26T08:45:39Z,2026-08-26,10,45,Disneyland Park,Disneyland Railroad Main Street Station,11,CLOSED,STANDBY,0,,,queue-times.com
2026-08-26T08:45:39Z,2026-08-26,10,45,Disneyland Park,Dumbo the Flying Elephant,18,CLOSED,STANDBY,0,,,queue-times.com
2026-08-26T08:45:39Z,2026-08-26,10,45,Disneyland Park,La Tanière du Dragon,2710,OPERATING,STANDBY,0,,,queue-times.com
2026-08-26T08:45:39Z,2026-08-26,10,45,Disneyland Park,Le Carrousel de Lancelot,16,OPERATING,STANDBY,15,,,queue-times.com
2026-08-26T08:45:39Z,2026-08-26,10,45,Disneyland Park,"Le Pays des Contes de Fées, presented by Vittel",21,OPERATING,STANDBY,5,,,queue-times.com
2026-08-26T08:45:39Z,2026-08-26,10,45,Disneyland Park,Les Voyages de Pinocchio,23,OPERATING,STANDBY,15,,,queue-times.com
2026-08-26T08:45:39Z,2026-08-26,10,45,Disneyland Park,Mad Hatter's Tea Cups,20,OPERATING,STANDBY,5,,,queue-times.com
2026-08-26T08:45:39Z,2026-08-26,10,45,Disneyland Park,Meet Mickey Mouse,13,OPERATING,STANDBY,0,,,queue-times.com
2026-08-26T08:45:39Z,2026-08-26,10,45,Disneyland Park,Peter Pan's Flight,22,OPERATING,STANDBY,70,,,queue-times.com
2026-08-26T08:45:39Z,2026-08-26,10,45,Disneyland Park,Princess Pavilion,24,OPERATING,STANDBY,0,,,queue-times.com
2026-08-26T08:45:39Z,2026-08-26,10,45,Disneyland Park,Big Thunder Mountain,25,OPERATING,STANDBY,60,,,queue-times.com
2026-08-26T08:45:39Z,2026-08-26,10,45,Disneyland Park,Disneyland Railroad Frontierland Depot,2714,CLOSED,STANDBY,0,,,queue-times.com
2026-08-26T08:45:39Z,2026-08-26,10,45,Disneyland Park,Frontierland Playground,2713,OPERATING,STANDBY,0,,,queue-times.com
2026-08-26T08:45:39Z,2026-08-26,10,45,Disneyland Park,Phantom Manor,26,OPERATING,STANDBY,5,,,queue-times.com
2026-08-26T08:45:39Z,2026-08-26,10,45,Disneyland Park,River Rogue Keelboats,27,CLOSED,STANDBY,0,,,queue-times.com
2026-08-26T08:45:39Z,2026-08-26,10,45,Disneyland Park,Rustler Roundup Shootin' Gallery,2712,OPERATING,STANDBY,0,,,queue-times.com
2026-08-26T08:45:39Z,2026-08-26,10,45,Disneyland Park,Thunder Mesa Riverboat Landing,28,OPERATING,STANDBY,20,,,queue-times.com
2026-08-26T08:45:39Z,2026-08-26,10,45,Disneyland Park,Disneyland Railroad Main Street Station,2708,CLOSED,STANDBY,0,,,queue-times.com
2026-08-26T08:45:39Z,2026-08-26,10,45,Disneyland Park,Main Street Vehicles,12,CLOSED,STANDBY,0,,,queue-times.com
2026-08-26T08:45:39Z,2026-08-26,10,45,Disney Adventure World,Avengers Assemble: Flight Force,10848,CLOSED,STANDBY,0,,,queue-times.com
2026-08-26T08:45:39Z,2026-08-26,10,45,Disney Adventure World,Avengers Assemble: Flight Force Single Rider,10849,CLOSED,STANDBY,0,,,queue-times.com
2026-08-26T08:45:39Z,2026-08-26,10,45,Disney Adventure World,Spider-Man W.E.B. Adventure,10845,OPERATING,STANDBY,60,,,queue-times.com
2026-08-26T08:45:39Z,2026-08-26,10,45,Disney Adventure World,Spider-Man W.E.B. Adventure Single Rider,10846,OPERATING,STANDBY,40,,,queue-times.com
2026-08-26T08:45:39Z,2026-08-26,10,45,Disney Adventure World,The Twilight Zone Tower of Terror,40,OPERATING,STANDBY,55,,,queue-times.com
2026-08-26T08:45:39Z,2026-08-26,10,45,Disney Adventure World,Cars Quatre Roues Rallye,31,OPERATING,STANDBY,20,,,queue-times.com
2026-08-26T08:45:39Z,2026-08-26,10,45,Disney Adventure World,Cars ROAD TRIP,29,OPERATING,STANDBY,20,,,queue-times.com
2026-08-26T08:45:39Z,2026-08-26,10,45,Disney Adventure World,Crush's Coaster,32,OPERATING,STANDBY,90,,,queue-times.com
2026-08-26T08:45:39Z,2026-08-26,10,45,Disney Adventure World,Crush's Coaster Single Rider,7277,OPERATING,STANDBY,65,,,queue-times.com
2026-08-26T08:45:39Z,2026-08-26,10,45,Disney Adventure World,Les Tapis Volants - Flying Carpets Over Agrabah®,33,OPERATING,STANDBY,20,,,queue-times.com
2026-08-26T08:45:39Z,2026-08-26,10,45,Disney Adventure World,Ratatouille : L’Aventure Totalement Toquée de Rémy​,37,OPERATING,STANDBY,55,,,queue-times.com
2026-08-26T08:45:39Z,2026-08-26,10,45,Disney Adventure World,Ratatouille: The Adventure Single Rider,7279,OPERATING,STANDBY,10,,,queue-times.com
2026-08-26T08:45:39Z,2026-08-26,10,45,Disney Adventure World,RC Racer,34,OPERATING,STANDBY,55,,,queue-times.com
2026-08-26T08:45:39Z,2026-08-26,10,45,Disney Adventure World,RC Racer Single Rider,7280,OPERATING,STANDBY,40,,,queue-times.com
2026-08-26T08:45:39Z,2026-08-26,10,45,Disney Adventure World,Slinky® Dog Zigzag Spin,36,OPERATING,STANDBY,35,,,queue-times.com
2026-08-26T08:45:39Z,2026-08-26,10,45,Disney Adventure World,Toy Soldiers Parachute Drop,35,OPERATING,STANDBY,60,,,queue-times.com
2026-08-26T08:45:39Z,2026-08-26,10,45,Disney Adventure World,Toy Soldiers Parachute Drop Single Rider,7281,OPERATING,STANDBY,25,,,queue-times.com
2026-08-26T08:45:39Z,2026-08-26,10,45,Disney Adventure World,Entry to World of Frozen,16247,OPERATING,STANDBY,0,,,queue-times.com
2026-08-26T08:45:39Z,2026-08-26,10,45,Disney Adventure World,Frozen Ever After,15413,OPERATING,STANDBY,90,,,queue-times.com
2026-08-26T08:45:39Z,2026-08-26,10,45,Disney Adventure World,Raiponce Tangled Spin,15415,OPERATING,STANDBY,25,,,queue-times.com
2026-08-26T08:56:36Z,2026-08-26,10,56,Disneyland Park,Adventure Isle,2702,OPERATING,STANDBY,0,,,queue-times.com
2026-08-26T08:56:36Z,2026-08-26,10,56,Disneyland Park,Indiana Jones and the Temple of Peril Single Rider,7306,OPERATING,STANDBY,5,,,queue-times.com
2026-08-26T08:56:36Z,2026-08-26,10,56,Disneyland Park,Indiana Jones™ and the Temple of Peril,2,OPERATING,STANDBY,20,,,queue-times.com
2026-08-26T08:56:36Z,2026-08-26,10,56,Disneyland Park,La Cabane des Robinson,1,OPERATING,STANDBY,5,,,queue-times.com
2026-08-26T08:56:36Z,2026-08-26,10,56,Disneyland Park,Le Passage Enchanté d'Aladdin,2703,OPERATING,STANDBY,0,,,queue-times.com
2026-08-26T08:56:36Z,2026-08-26,10,56,Disneyland Park,Pirate Galleon,2705,CLOSED,STANDBY,0,,,queue-times.com
2026-08-26T08:56:36Z,2026-08-26,10,56,Disneyland Park,Pirates of the Caribbean,3,OPERATING,STANDBY,25,,,queue-times.com
2026-08-26T08:56:36Z,2026-08-26,10,56,Disneyland Park,Pirates' Beach,2704,OPERATING,STANDBY,0,,,queue-times.com
2026-08-26T08:56:36Z,2026-08-26,10,56,Disneyland Park,"Autopia, presented by Avis",4,OPERATING,STANDBY,40,,,queue-times.com
2026-08-26T08:56:36Z,2026-08-26,10,56,Disneyland Park,Buzz Lightyear Laser Blast,5,OPERATING,STANDBY,55,,,queue-times.com
2026-08-26T08:56:36Z,2026-08-26,10,56,Disneyland Park,Disneyland Railroad Discoveryland Station,2706,CLOSED,STANDBY,0,,,queue-times.com
2026-08-26T08:56:36Z,2026-08-26,10,56,Disneyland Park,Les Mystères du Nautilus,6,OPERATING,STANDBY,5,,,queue-times.com
2026-08-26T08:56:36Z,2026-08-26,10,56,Disneyland Park,Mickey’s PhilharMagic,2707,CLOSED,STANDBY,0,,,queue-times.com
2026-08-26T08:56:36Z,2026-08-26,10,56,Disneyland Park,Orbitron®,7,OPERATING,STANDBY,50,,,queue-times.com
2026-08-26T08:56:36Z,2026-08-26,10,56,Disneyland Park,Star Tours: The Adventures Continue*,9,OPERATING,STANDBY,20,,,queue-times.com
2026-08-26T08:56:36Z,2026-08-26,10,56,Disneyland Park,Star Wars Hyperspace Mountain,8,OPERATING,STANDBY,40,,,queue-times.com
2026-08-26T08:56:36Z,2026-08-26,10,56,Disneyland Park,Star Wars Hyperspace Mountain Single Rider,7278,OPERATING,STANDBY,25,,,queue-times.com
2026-08-26T08:56:36Z,2026-08-26,10,56,Disneyland Park,Welcome to Starport: A Star Wars Encounter,4573,OPERATING,STANDBY,45,,,queue-times.com
2026-08-26T08:56:36Z,2026-08-26,10,56,Disneyland Park,"""it's a small world""",19,OPERATING,STANDBY,5,,,queue-times.com
2026-08-26T08:56:36Z,2026-08-26,10,56,Disneyland Park,Alice's Curious Labyrinth,14,OPERATING,STANDBY,5,,,queue-times.com
2026-08-26T08:56:36Z,2026-08-26,10,56,Disneyland Park,Blanche-Neige et les Sept Nains®,15,OPERATING,STANDBY,35,,,queue-times.com
2026-08-26T08:56:36Z,2026-08-26,10,56,Disneyland Park,Casey Jr. – le Petit Train du Cirque,17,OPERATING,STANDBY,5,,,queue-times.com
2026-08-26T08:56:36Z,2026-08-26,10,56,Disneyland Park,Disneyland Railroad Fantasyland Station,2711,CLOSED,STANDBY,0,,,queue-times.com
2026-08-26T08:56:36Z,2026-08-26,10,56,Disneyland Park,Disneyland Railroad Main Street Station,11,CLOSED,STANDBY,0,,,queue-times.com
2026-08-26T08:56:36Z,2026-08-26,10,56,Disneyland Park,Dumbo the Flying Elephant,18,CLOSED,STANDBY,0,,,queue-times.com
2026-08-26T08:56:36Z,2026-08-26,10,56,Disneyland Park,La Tanière du Dragon,2710,OPERATING,STANDBY,0,,,queue-times.com
2026-08-26T08:56:36Z,2026-08-26,10,56,Disneyland Park,Le Carrousel de Lancelot,16,OPERATING,STANDBY,10,,,queue-times.com
2026-08-26T08:56:36Z,2026-08-26,10,56,Disneyland Park,"Le Pays des Contes de Fées, presented by Vittel",21,OPERATING,STANDBY,5,,,queue-times.com
2026-08-26T08:56:36Z,2026-08-26,10,56,Disneyland Park,Les Voyages de Pinocchio,23,OPERATING,STANDBY,25,,,queue-times.com
2026-08-26T08:56:36Z,2026-08-26,10,56,Disneyland Park,Mad Hatter's Tea Cups,20,OPERATING,STANDBY,5,,,queue-times.com
2026-08-26T08:56:36Z,2026-08-26,10,56,Disneyland Park,Meet Mickey Mouse,13,OPERATING,STANDBY,0,,,queue-times.com
2026-08-26T08:56:36Z,2026-08-26,10,56,Disneyland Park,Peter Pan's Flight,22,OPERATING,STANDBY,70,,,queue-times.com
2026-08-26T08:56:36Z,2026-08-26,10,56,Disneyland Park,Princess Pavilion,24,OPERATING,STANDBY,0,,,queue-times.com
2026-08-26T08:56:36Z,2026-08-26,10,56,Disneyland Park,Big Thunder Mountain,25,OPERATING,STANDBY,55,,,queue-times.com
2026-08-26T08:56:36Z,2026-08-26,10,56,Disneyland Park,Disneyland Railroad Frontierland Depot,2714,CLOSED,STANDBY,0,,,queue-times.com
2026-08-26T08:56:36Z,2026-08-26,10,56,Disneyland Park,Frontierland Playground,2713,OPERATING,STANDBY,0,,,queue-times.com
2026-08-26T08:56:36Z,2026-08-26,10,56,Disneyland Park,Phantom Manor,26,OPERATING,STANDBY,10,,,queue-times.com
2026-08-26T08:56:36Z,2026-08-26,10,56,Disneyland Park,River Rogue Keelboats,27,CLOSED,STANDBY,0,,,queue-times.com
2026-08-26T08:56:36Z,2026-08-26,10,56,Disneyland Park,Rustler Roundup Shootin' Gallery,2712,OPERATING,STANDBY,0,,,queue-times.com
2026-08-26T08:56:36Z,2026-08-26,10,56,Disneyland Park,Thunder Mesa Riverboat Landing,28,OPERATING,STANDBY,20,,,queue-times.com
2026-08-26T08:56:36Z,2026-08-26,10,56,Disneyland Park,Disneyland Railroad Main Street Station,2708,CLOSED,STANDBY,0,,,queue-times.com
2026-08-26T08:56:36Z,2026-08-26,10,56,Disneyland Park,Main Street Vehicles,12,CLOSED,STANDBY,0,,,queue-times.com
2026-08-26T08:56:36Z,2026-08-26,10,56,Disney Adventure World,Avengers Assemble: Flight Force,10848,CLOSED,STANDBY,0,,,queue-times.com
2026-08-26T08:56:36Z,2026-08-26,10,56,Disney Adventure World,Avengers Assemble: Flight Force Single Rider,10849,CLOSED,STANDBY,0,,,queue-times.com
2026-08-26T08:56:36Z,2026-08-26,10,56,Disney Adventure World,Spider-Man W.E.B. Adventure,10845,OPERATING,STANDBY,65,,,queue-times.com
2026-08-26T08:56:36Z,2026-08-26,10,56,Disney Adventure World,Spider-Man W.E.B. Adventure Single Rider,10846,OPERATING,STANDBY,30,,,queue-times.com
2026-08-26T08:56:36Z,2026-08-26,10,56,Disney Adventure World,The Twilight Zone Tower of Terror,40,OPERATING,STANDBY,40,,,queue-times.com
2026-08-26T08:56:36Z,2026-08-26,10,56,Disney Adventure World,Cars Quatre Roues Rallye,31,OPERATING,STANDBY,25,,,queue-times.com
2026-08-26T08:56:36Z,2026-08-26,10,56,Disney Adventure World,Cars ROAD TRIP,29,OPERATING,STANDBY,25,,,queue-times.com
2026-08-26T08:56:36Z,2026-08-26,10,56,Disney Adventure World,Crush's Coaster,32,OPERATING,STANDBY,100,,,queue-times.com
2026-08-26T08:56:36Z,2026-08-26,10,56,Disney Adventure World,Crush's Coaster Single Rider,7277,OPERATING,STANDBY,65,,,queue-times.com
2026-08-26T08:56:36Z,2026-08-26,10,56,Disney Adventure World,Les Tapis Volants - Flying Carpets Over Agrabah®,33,OPERATING,STANDBY,20,,,queue-times.com
2026-08-26T08:56:36Z,2026-08-26,10,56,Disney Adventure World,Ratatouille : L’Aventure Totalement Toquée de Rémy​,37,OPERATING,STANDBY,60,,,queue-times.com
2026-08-26T08:56:36Z,2026-08-26,10,56,Disney Adventure World,Ratatouille: The Adventure Single Rider,7279,OPERATING,STANDBY,10,,,queue-times.com
2026-08-26T08:56:36Z,2026-08-26,10,56,Disney Adventure World,RC Racer,34,OPERATING,STANDBY,55,,,queue-times.com
2026-08-26T08:56:36Z,2026-08-26,10,56,Disney Adventure World,RC Racer Single Rider,7280,OPERATING,STANDBY,40,,,queue-times.com
2026-08-26T08:56:36Z,2026-08-26,10,56,Disney Adventure World,Slinky® Dog Zigzag Spin,36,OPERATING,STANDBY,20,,,queue-times.com
2026-08-26T08:56:36Z,2026-08-26,10,56,Disney Adventure World,Toy Soldiers Parachute Drop,35,OPERATING,STANDBY,70,,,queue-times.com
2026-08-26T08:56:36Z,2026-08-26,10,56,Disney Adventure World,Toy Soldiers Parachute Drop Single Rider,7281,OPERATING,STANDBY,25,,,queue-times.com
2026-08-26T08:56:36Z,2026-08-26,10,56,Disney Adventure World,Entry to World of Frozen,16247,OPERATING,STANDBY,0,,,queue-times.com
2026-08-26T08:56:36Z,2026-08-26,10,56,Disney Adventure World,Frozen Ever After,15413,OPERATING,STANDBY,90,,,queue-times.com
2026-08-26T08:56:36Z,2026-08-26,10,56,Disney Adventure World,Raiponce Tangled Spin,15415,OPERATING,STANDBY,20,,,queue-times.com
2026-08-26T09:01:08Z,2026-08-26,11,1,Disneyland Park,Adventure Isle,2702,OPERATING,STANDBY,0,,,queue-times.com
2026-08-26T09:01:08Z,2026-08-26,11,1,Disneyland Park,Indiana Jones and the Temple of Peril Single Rider,7306,OPERATING,STANDBY,5,,,queue-times.com
2026-08-26T09:01:08Z,2026-08-26,11,1,Disneyland Park,Indiana Jones™ and the Temple of Peril,2,OPERATING,STANDBY,20,,,queue-times.com
2026-08-26T09:01:08Z,2026-08-26,11,1,Disneyland Park,La Cabane des Robinson,1,OPERATING,STANDBY,5,,,queue-times.com
2026-08-26T09:01:08Z,2026-08-26,11,1,Disneyland Park,Le Passage Enchanté d'Aladdin,2703,OPERATING,STANDBY,0,,,queue-times.com
2026-08-26T09:01:08Z,2026-08-26,11,1,Disneyland Park,Pirate Galleon,2705,CLOSED,STANDBY,0,,,queue-times.com
2026-08-26T09:01:08Z,2026-08-26,11,1,Disneyland Park,Pirates of the Caribbean,3,OPERATING,STANDBY,30,,,queue-times.com
2026-08-26T09:01:08Z,2026-08-26,11,1,Disneyland Park,Pirates' Beach,2704,OPERATING,STANDBY,0,,,queue-times.com
2026-08-26T09:01:08Z,2026-08-26,11,1,Disneyland Park,"Autopia, presented by Avis",4,OPERATING,STANDBY,45,,,queue-times.com
2026-08-26T09:01:08Z,2026-08-26,11,1,Disneyland Park,Buzz Lightyear Laser Blast,5,OPERATING,STANDBY,60,,,queue-times.com
2026-08-26T09:01:08Z,2026-08-26,11,1,Disneyland Park,Disneyland Railroad Discoveryland Station,2706,CLOSED,STANDBY,0,,,queue-times.com
2026-08-26T09:01:08Z,2026-08-26,11,1,Disneyland Park,Les Mystères du Nautilus,6,OPERATING,STANDBY,5,,,queue-times.com
2026-08-26T09:01:08Z,2026-08-26,11,1,Disneyland Park,Mickey’s PhilharMagic,2707,CLOSED,STANDBY,0,,,queue-times.com
2026-08-26T09:01:08Z,2026-08-26,11,1,Disneyland Park,Orbitron®,7,OPERATING,STANDBY,50,,,queue-times.com
2026-08-26T09:01:08Z,2026-08-26,11,1,Disneyland Park,Star Tours: The Adventures Continue*,9,OPERATING,STANDBY,20,,,queue-times.com
2026-08-26T09:01:08Z,2026-08-26,11,1,Disneyland Park,Star Wars Hyperspace Mountain,8,OPERATING,STANDBY,40,,,queue-times.com
2026-08-26T09:01:08Z,2026-08-26,11,1,Disneyland Park,Star Wars Hyperspace Mountain Single Rider,7278,OPERATING,STANDBY,25,,,queue-times.com
2026-08-26T09:01:08Z,2026-08-26,11,1,Disneyland Park,Welcome to Starport: A Star Wars Encounter,4573,OPERATING,STANDBY,20,,,queue-times.com
2026-08-26T09:01:08Z,2026-08-26,11,1,Disneyland Park,"""it's a small world""",19,OPERATING,STANDBY,5,,,queue-times.com
2026-08-26T09:01:08Z,2026-08-26,11,1,Disneyland Park,Alice's Curious Labyrinth,14,OPERATING,STANDBY,5,,,queue-times.com
2026-08-26T09:01:08Z,2026-08-26,11,1,Disneyland Park,Blanche-Neige et les Sept Nains®,15,OPERATING,STANDBY,35,,,queue-times.com
2026-08-26T09:01:08Z,2026-08-26,11,1,Disneyland Park,Casey Jr. – le Petit Train du Cirque,17,OPERATING,STANDBY,5,,,queue-times.com
2026-08-26T09:01:08Z,2026-08-26,11,1,Disneyland Park,Disneyland Railroad Fantasyland Station,2711,CLOSED,STANDBY,0,,,queue-times.com
2026-08-26T09:01:08Z,2026-08-26,11,1,Disneyland Park,Disneyland Railroad Main Street Station,11,CLOSED,STANDBY,0,,,queue-times.com
2026-08-26T09:01:08Z,2026-08-26,11,1,Disneyland Park,Dumbo the Flying Elephant,18,CLOSED,STANDBY,0,,,queue-times.com
2026-08-26T09:01:08Z,2026-08-26,11,1,Disneyland Park,La Tanière du Dragon,2710,OPERATING,STANDBY,0,,,queue-times.com
2026-08-26T09:01:08Z,2026-08-26,11,1,Disneyland Park,Le Carrousel de Lancelot,16,OPERATING,STANDBY,10,,,queue-times.com
2026-08-26T09:01:08Z,2026-08-26,11,1,Disneyland Park,"Le Pays des Contes de Fées, presented by Vittel",21,OPERATING,STANDBY,5,,,queue-times.com
2026-08-26T09:01:08Z,2026-08-26,11,1,Disneyland Park,Les Voyages de Pinocchio,23,OPERATING,STANDBY,25,,,queue-times.com
2026-08-26T09:01:08Z,2026-08-26,11,1,Disneyland Park,Mad Hatter's Tea Cups,20,OPERATING,STANDBY,5,,,queue-times.com
2026-08-26T09:01:08Z,2026-08-26,11,1,Disneyland Park,Meet Mickey Mouse,13,OPERATING,STANDBY,0,,,queue-times.com
2026-08-26T09:01:08Z,2026-08-26,11,1,Disneyland Park,Peter Pan's Flight,22,OPERATING,STANDBY,70,,,queue-times.com
2026-08-26T09:01:08Z,2026-08-26,11,1,Disneyland Park,Princess Pavilion,24,OPERATING,STANDBY,0,,,queue-times.com
2026-08-26T09:01:08Z,2026-08-26,11,1,Disneyland Park,Big Thunder Mountain,25,OPERATING,STANDBY,55,,,queue-times.com
2026-08-26T09:01:08Z,2026-08-26,11,1,Disneyland Park,Disneyland Railroad Frontierland Depot,2714,CLOSED,STANDBY,0,,,queue-times.com
2026-08-26T09:01:08Z,2026-08-26,11,1,Disneyland Park,Frontierland Playground,2713,OPERATING,STANDBY,0,,,queue-times.com
2026-08-26T09:01:08Z,2026-08-26,11,1,Disneyland Park,Phantom Manor,26,OPERATING,STANDBY,10,,,queue-times.com
2026-08-26T09:01:08Z,2026-08-26,11,1,Disneyland Park,River Rogue Keelboats,27,CLOSED,STANDBY,0,,,queue-times.com
2026-08-26T09:01:08Z,2026-08-26,11,1,Disneyland Park,Rustler Roundup Shootin' Gallery,2712,OPERATING,STANDBY,0,,,queue-times.com
2026-08-26T09:01:08Z,2026-08-26,11,1,Disneyland Park,Thunder Mesa Riverboat Landing,28,OPERATING,STANDBY,20,,,queue-times.com
2026-08-26T09:01:08Z,2026-08-26,11,1,Disneyland Park,Disneyland Railroad Main Street Station,2708,CLOSED,STANDBY,0,,,queue-times.com
2026-08-26T09:01:08Z,2026-08-26,11,1,Disneyland Park,Main Street Vehicles,12,CLOSED,STANDBY,0,,,queue-times.com
2026-08-26T09:01:08Z,2026-08-26,11,1,Disney Adventure World,Avengers Assemble: Flight Force,10848,CLOSED,STANDBY,0,,,queue-times.com
2026-08-26T09:01:08Z,2026-08-26,11,1,Disney Adventure World,Avengers Assemble: Flight Force Single Rider,10849,CLOSED,STANDBY,0,,,queue-times.com
2026-08-26T09:01:08Z,2026-08-26,11,1,Disney Adventure World,Spider-Man W.E.B. Adventure,10845,OPERATING,STANDBY,65,,,queue-times.com
2026-08-26T09:01:08Z,2026-08-26,11,1,Disney Adventure World,Spider-Man W.E.B. Adventure Single Rider,10846,OPERATING,STANDBY,30,,,queue-times.com
2026-08-26T09:01:08Z,2026-08-26,11,1,Disney Adventure World,The Twilight Zone Tower of Terror,40,OPERATING,STANDBY,55,,,queue-times.com
2026-08-26T09:01:08Z,2026-08-26,11,1,Disney Adventure World,Cars Quatre Roues Rallye,31,OPERATING,STANDBY,25,,,queue-times.com
2026-08-26T09:01:08Z,2026-08-26,11,1,Disney Adventure World,Cars ROAD TRIP,29,OPERATING,STANDBY,25,,,queue-times.com
2026-08-26T09:01:08Z,2026-08-26,11,1,Disney Adventure World,Crush's Coaster,32,OPERATING,STANDBY,105,,,queue-times.com
2026-08-26T09:01:08Z,2026-08-26,11,1,Disney Adventure World,Crush's Coaster Single Rider,7277,OPERATING,STANDBY,50,,,queue-times.com
2026-08-26T09:01:08Z,2026-08-26,11,1,Disney Adventure World,Les Tapis Volants - Flying Carpets Over Agrabah®,33,OPERATING,STANDBY,20,,,queue-times.com
2026-08-26T09:01:08Z,2026-08-26,11,1,Disney Adventure World,Ratatouille : L’Aventure Totalement Toquée de Rémy​,37,OPERATING,STANDBY,50,,,queue-times.com
2026-08-26T09:01:08Z,2026-08-26,11,1,Disney Adventure World,Ratatouille: The Adventure Single Rider,7279,OPERATING,STANDBY,10,,,queue-times.com
2026-08-26T09:01:08Z,2026-08-26,11,1,Disney Adventure World,RC Racer,34,OPERATING,STANDBY,55,,,queue-times.com
2026-08-26T09:01:08Z,2026-08-26,11,1,Disney Adventure World,RC Racer Single Rider,7280,OPERATING,STANDBY,40,,,queue-times.com
2026-08-26T09:01:08Z,2026-08-26,11,1,Disney Adventure World,Slinky® Dog Zigzag Spin,36,OPERATING,STANDBY,30,,,queue-times.com
2026-08-26T09:01:08Z,2026-08-26,11,1,Disney Adventure World,Toy Soldiers Parachute Drop,35,OPERATING,STANDBY,70,,,queue-times.com
2026-08-26T09:01:08Z,2026-08-26,11,1,Disney Adventure World,Toy Soldiers Parachute Drop Single Rider,7281,OPERATING,STANDBY,25,,,queue-times.com
2026-08-26T09:01:08Z,2026-08-26,11,1,Disney Adventure World,Entry to World of Frozen,16247,OPERATING,STANDBY,0,,,queue-times.com
2026-08-26T09:01:08Z,2026-08-26,11,1,Disney Adventure World,Frozen Ever After,15413,OPERATING,STANDBY,105,,,queue-times.com
2026-08-26T09:01:08Z,2026-08-26,11,1,Disney Adventure World,Raiponce Tangled Spin,15415,OPERATING,STANDBY,20,,,queue-times.com
2026-08-26T09:15:40Z,2026-08-26,11,15,Disneyland Park,Adventure Isle,2702,OPERATING,STANDBY,0,,,queue-times.com
2026-08-26T09:15:40Z,2026-08-26,11,15,Disneyland Park,Indiana Jones and the Temple of Peril Single Rider,7306,OPERATING,STANDBY,5,,,queue-times.com
2026-08-26T09:15:40Z,2026-08-26,11,15,Disneyland Park,Indiana Jones™ and the Temple of Peril,2,OPERATING,STANDBY,20,,,queue-times.com
2026-08-26T09:15:40Z,2026-08-26,11,15,Disneyland Park,La Cabane des Robinson,1,OPERATING,STANDBY,5,,,queue-times.com
2026-08-26T09:15:40Z,2026-08-26,11,15,Disneyland Park,Le Passage Enchanté d'Aladdin,2703,OPERATING,STANDBY,0,,,queue-times.com
2026-08-26T09:15:40Z,2026-08-26,11,15,Disneyland Park,Pirate Galleon,2705,CLOSED,STANDBY,0,,,queue-times.com
2026-08-26T09:15:40Z,2026-08-26,11,15,Disneyland Park,Pirates of the Caribbean,3,OPERATING,STANDBY,25,,,queue-times.com
2026-08-26T09:15:40Z,2026-08-26,11,15,Disneyland Park,Pirates' Beach,2704,OPERATING,STANDBY,0,,,queue-times.com
2026-08-26T09:15:40Z,2026-08-26,11,15,Disneyland Park,"Autopia, presented by Avis",4,OPERATING,STANDBY,45,,,queue-times.com
2026-08-26T09:15:40Z,2026-08-26,11,15,Disneyland Park,Buzz Lightyear Laser Blast,5,OPERATING,STANDBY,65,,,queue-times.com
2026-08-26T09:15:40Z,2026-08-26,11,15,Disneyland Park,Disneyland Railroad Discoveryland Station,2706,CLOSED,STANDBY,0,,,queue-times.com
2026-08-26T09:15:40Z,2026-08-26,11,15,Disneyland Park,Les Mystères du Nautilus,6,OPERATING,STANDBY,5,,,queue-times.com
2026-08-26T09:15:40Z,2026-08-26,11,15,Disneyland Park,Mickey’s PhilharMagic,2707,CLOSED,STANDBY,0,,,queue-times.com
2026-08-26T09:15:40Z,2026-08-26,11,15,Disneyland Park,Orbitron®,7,OPERATING,STANDBY,50,,,queue-times.com
2026-08-26T09:15:40Z,2026-08-26,11,15,Disneyland Park,Star Tours: The Adventures Continue*,9,OPERATING,STANDBY,20,,,queue-times.com
2026-08-26T09:15:40Z,2026-08-26,11,15,Disneyland Park,Star Wars Hyperspace Mountain,8,OPERATING,STANDBY,35,,,queue-times.com
2026-08-26T09:15:40Z,2026-08-26,11,15,Disneyland Park,Star Wars Hyperspace Mountain Single Rider,7278,OPERATING,STANDBY,25,,,queue-times.com
2026-08-26T09:15:40Z,2026-08-26,11,15,Disneyland Park,Welcome to Starport: A Star Wars Encounter,4573,OPERATING,STANDBY,20,,,queue-times.com
2026-08-26T09:15:40Z,2026-08-26,11,15,Disneyland Park,"""it's a small world""",19,OPERATING,STANDBY,10,,,queue-times.com
2026-08-26T09:15:40Z,2026-08-26,11,15,Disneyland Park,Alice's Curious Labyrinth,14,OPERATING,STANDBY,5,,,queue-times.com
2026-08-26T09:15:40Z,2026-08-26,11,15,Disneyland Park,Blanche-Neige et les Sept Nains®,15,OPERATING,STANDBY,35,,,queue-times.com
2026-08-26T09:15:40Z,2026-08-26,11,15,Disneyland Park,Casey Jr. – le Petit Train du Cirque,17,OPERATING,STANDBY,5,,,queue-times.com
2026-08-26T09:15:40Z,2026-08-26,11,15,Disneyland Park,Disneyland Railroad Fantasyland Station,2711,CLOSED,STANDBY,0,,,queue-times.com
2026-08-26T09:15:40Z,2026-08-26,11,15,Disneyland Park,Disneyland Railroad Main Street Station,11,CLOSED,STANDBY,0,,,queue-times.com
2026-08-26T09:15:40Z,2026-08-26,11,15,Disneyland Park,Dumbo the Flying Elephant,18,CLOSED,STANDBY,0,,,queue-times.com
2026-08-26T09:15:40Z,2026-08-26,11,15,Disneyland Park,La Tanière du Dragon,2710,OPERATING,STANDBY,0,,,queue-times.com
2026-08-26T09:15:40Z,2026-08-26,11,15,Disneyland Park,Le Carrousel de Lancelot,16,OPERATING,STANDBY,10,,,queue-times.com
2026-08-26T09:15:40Z,2026-08-26,11,15,Disneyland Park,"Le Pays des Contes de Fées, presented by Vittel",21,OPERATING,STANDBY,5,,,queue-times.com
2026-08-26T09:15:40Z,2026-08-26,11,15,Disneyland Park,Les Voyages de Pinocchio,23,OPERATING,STANDBY,25,,,queue-times.com
2026-08-26T09:15:40Z,2026-08-26,11,15,Disneyland Park,Mad Hatter's Tea Cups,20,OPERATING,STANDBY,10,,,queue-times.com
2026-08-26T09:15:40Z,2026-08-26,11,15,Disneyland Park,Meet Mickey Mouse,13,OPERATING,STANDBY,0,,,queue-times.com
2026-08-26T09:15:40Z,2026-08-26,11,15,Disneyland Park,Peter Pan's Flight,22,OPERATING,STANDBY,60,,,queue-times.com
2026-08-26T09:15:40Z,2026-08-26,11,15,Disneyland Park,Princess Pavilion,24,OPERATING,STANDBY,0,,,queue-times.com
2026-08-26T09:15:40Z,2026-08-26,11,15,Disneyland Park,Big Thunder Mountain,25,OPERATING,STANDBY,55,,,queue-times.com
2026-08-26T09:15:40Z,2026-08-26,11,15,Disneyland Park,Disneyland Railroad Frontierland Depot,2714,CLOSED,STANDBY,0,,,queue-times.com
2026-08-26T09:15:40Z,2026-08-26,11,15,Disneyland Park,Frontierland Playground,2713,OPERATING,STANDBY,0,,,queue-times.com
2026-08-26T09:15:40Z,2026-08-26,11,15,Disneyland Park,Phantom Manor,26,OPERATING,STANDBY,10,,,queue-times.com
2026-08-26T09:15:40Z,2026-08-26,11,15,Disneyland Park,River Rogue Keelboats,27,CLOSED,STANDBY,0,,,queue-times.com
2026-08-26T09:15:40Z,2026-08-26,11,15,Disneyland Park,Rustler Roundup Shootin' Gallery,2712,OPERATING,STANDBY,0,,,queue-times.com
2026-08-26T09:15:40Z,2026-08-26,11,15,Disneyland Park,Thunder Mesa Riverboat Landing,28,OPERATING,STANDBY,20,,,queue-times.com
2026-08-26T09:15:40Z,2026-08-26,11,15,Disneyland Park,Disneyland Railroad Main Street Station,2708,CLOSED,STANDBY,0,,,queue-times.com
2026-08-26T09:15:40Z,2026-08-26,11,15,Disneyland Park,Main Street Vehicles,12,CLOSED,STANDBY,0,,,queue-times.com
2026-08-26T09:15:40Z,2026-08-26,11,15,Disney Adventure World,Avengers Assemble: Flight Force,10848,CLOSED,STANDBY,0,,,queue-times.com
2026-08-26T09:15:40Z,2026-08-26,11,15,Disney Adventure World,Avengers Assemble: Flight Force Single Rider,10849,CLOSED,STANDBY,0,,,queue-times.com
2026-08-26T09:15:40Z,2026-08-26,11,15,Disney Adventure World,Spider-Man W.E.B. Adventure,10845,OPERATING,STANDBY,65,,,queue-times.com
2026-08-26T09:15:40Z,2026-08-26,11,15,Disney Adventure World,Spider-Man W.E.B. Adventure Single Rider,10846,OPERATING,STANDBY,25,,,queue-times.com
2026-08-26T09:15:40Z,2026-08-26,11,15,Disney Adventure World,The Twilight Zone Tower of Terror,40,OPERATING,STANDBY,65,,,queue-times.com
2026-08-26T09:15:40Z,2026-08-26,11,15,Disney Adventure World,Cars Quatre Roues Rallye,31,OPERATING,STANDBY,25,,,queue-times.com
2026-08-26T09:15:40Z,2026-08-26,11,15,Disney Adventure World,Cars ROAD TRIP,29,OPERATING,STANDBY,30,,,queue-times.com
2026-08-26T09:15:40Z,2026-08-26,11,15,Disney Adventure World,Crush's Coaster,32,OPERATING,STANDBY,105,,,queue-times.com
2026-08-26T09:15:40Z,2026-08-26,11,15,Disney Adventure World,Crush's Coaster Single Rider,7277,OPERATING,STANDBY,60,,,queue-times.com
2026-08-26T09:15:40Z,2026-08-26,11,15,Disney Adventure World,Les Tapis Volants - Flying Carpets Over Agrabah®,33,OPERATING,STANDBY,20,,,queue-times.com
2026-08-26T09:15:40Z,2026-08-26,11,15,Disney Adventure World,Ratatouille : L’Aventure Totalement Toquée de Rémy​,37,OPERATING,STANDBY,50,,,queue-times.com
2026-08-26T09:15:40Z,2026-08-26,11,15,Disney Adventure World,Ratatouille: The Adventure Single Rider,7279,OPERATING,STANDBY,20,,,queue-times.com
2026-08-26T09:15:40Z,2026-08-26,11,15,Disney Adventure World,RC Racer,34,OPERATING,STANDBY,55,,,queue-times.com
2026-08-26T09:15:40Z,2026-08-26,11,15,Disney Adventure World,RC Racer Single Rider,7280,OPERATING,STANDBY,40,,,queue-times.com
2026-08-26T09:15:40Z,2026-08-26,11,15,Disney Adventure World,Slinky® Dog Zigzag Spin,36,OPERATING,STANDBY,25,,,queue-times.com
2026-08-26T09:15:40Z,2026-08-26,11,15,Disney Adventure World,Toy Soldiers Parachute Drop,35,OPERATING,STANDBY,55,,,queue-times.com
2026-08-26T09:15:40Z,2026-08-26,11,15,Disney Adventure World,Toy Soldiers Parachute Drop Single Rider,7281,OPERATING,STANDBY,20,,,queue-times.com
2026-08-26T09:15:40Z,2026-08-26,11,15,Disney Adventure World,Entry to World of Frozen,16247,OPERATING,STANDBY,0,,,queue-times.com
2026-08-26T09:15:40Z,2026-08-26,11,15,Disney Adventure World,Frozen Ever After,15413,OPERATING,STANDBY,105,,,queue-times.com
2026-08-26T09:15:40Z,2026-08-26,11,15,Disney Adventure World,Raiponce Tangled Spin,15415,OPERATING,STANDBY,20,,,queue-times.com
2026-08-26T09:30:54Z,2026-08-26,11,30,Disneyland Park,Adventure Isle,2702,OPERATING,STANDBY,0,,,queue-times.com
2026-08-26T09:30:54Z,2026-08-26,11,30,Disneyland Park,Indiana Jones and the Temple of Peril Single Rider,7306,OPERATING,STANDBY,5,,,queue-times.com
2026-08-26T09:30:54Z,2026-08-26,11,30,Disneyland Park,Indiana Jones™ and the Temple of Peril,2,OPERATING,STANDBY,20,,,queue-times.com
2026-08-26T09:30:54Z,2026-08-26,11,30,Disneyland Park,La Cabane des Robinson,1,OPERATING,STANDBY,5,,,queue-times.com
2026-08-26T09:30:54Z,2026-08-26,11,30,Disneyland Park,Le Passage Enchanté d'Aladdin,2703,OPERATING,STANDBY,0,,,queue-times.com
2026-08-26T09:30:54Z,2026-08-26,11,30,Disneyland Park,Pirate Galleon,2705,CLOSED,STANDBY,0,,,queue-times.com
2026-08-26T09:30:54Z,2026-08-26,11,30,Disneyland Park,Pirates of the Caribbean,3,OPERATING,STANDBY,25,,,queue-times.com
2026-08-26T09:30:54Z,2026-08-26,11,30,Disneyland Park,Pirates' Beach,2704,OPERATING,STANDBY,0,,,queue-times.com
2026-08-26T09:30:54Z,2026-08-26,11,30,Disneyland Park,"Autopia, presented by Avis",4,OPERATING,STANDBY,35,,,queue-times.com
2026-08-26T09:30:54Z,2026-08-26,11,30,Disneyland Park,Buzz Lightyear Laser Blast,5,OPERATING,STANDBY,55,,,queue-times.com
2026-08-26T09:30:54Z,2026-08-26,11,30,Disneyland Park,Disneyland Railroad Discoveryland Station,2706,CLOSED,STANDBY,0,,,queue-times.com
2026-08-26T09:30:54Z,2026-08-26,11,30,Disneyland Park,Les Mystères du Nautilus,6,OPERATING,STANDBY,5,,,queue-times.com
2026-08-26T09:30:54Z,2026-08-26,11,30,Disneyland Park,Mickey’s PhilharMagic,2707,CLOSED,STANDBY,0,,,queue-times.com
2026-08-26T09:30:54Z,2026-08-26,11,30,Disneyland Park,Orbitron®,7,OPERATING,STANDBY,50,,,queue-times.com
2026-08-26T09:30:54Z,2026-08-26,11,30,Disneyland Park,Star Tours: The Adventures Continue*,9,OPERATING,STANDBY,20,,,queue-times.com
2026-08-26T09:30:54Z,2026-08-26,11,30,Disneyland Park,Star Wars Hyperspace Mountain,8,OPERATING,STANDBY,35,,,queue-times.com
2026-08-26T09:30:54Z,2026-08-26,11,30,Disneyland Park,Star Wars Hyperspace Mountain Single Rider,7278,OPERATING,STANDBY,20,,,queue-times.com
2026-08-26T09:30:54Z,2026-08-26,11,30,Disneyland Park,Welcome to Starport: A Star Wars Encounter,4573,OPERATING,STANDBY,10,,,queue-times.com
2026-08-26T09:30:54Z,2026-08-26,11,30,Disneyland Park,"""it's a small world""",19,OPERATING,STANDBY,5,,,queue-times.com
2026-08-26T09:30:54Z,2026-08-26,11,30,Disneyland Park,Alice's Curious Labyrinth,14,OPERATING,STANDBY,5,,,queue-times.com
2026-08-26T09:30:54Z,2026-08-26,11,30,Disneyland Park,Blanche-Neige et les Sept Nains®,15,OPERATING,STANDBY,35,,,queue-times.com
2026-08-26T09:30:54Z,2026-08-26,11,30,Disneyland Park,Casey Jr. – le Petit Train du Cirque,17,OPERATING,STANDBY,20,,,queue-times.com
2026-08-26T09:30:54Z,2026-08-26,11,30,Disneyland Park,Disneyland Railroad Fantasyland Station,2711,CLOSED,STANDBY,0,,,queue-times.com
2026-08-26T09:30:54Z,2026-08-26,11,30,Disneyland Park,Disneyland Railroad Main Street Station,11,CLOSED,STANDBY,0,,,queue-times.com
2026-08-26T09:30:54Z,2026-08-26,11,30,Disneyland Park,Dumbo the Flying Elephant,18,CLOSED,STANDBY,0,,,queue-times.com
2026-08-26T09:30:54Z,2026-08-26,11,30,Disneyland Park,La Tanière du Dragon,2710,OPERATING,STANDBY,0,,,queue-times.com
2026-08-26T09:30:54Z,2026-08-26,11,30,Disneyland Park,Le Carrousel de Lancelot,16,OPERATING,STANDBY,10,,,queue-times.com
2026-08-26T09:30:54Z,2026-08-26,11,30,Disneyland Park,"Le Pays des Contes de Fées, presented by Vittel",21,OPERATING,STANDBY,5,,,queue-times.com
2026-08-26T09:30:54Z,2026-08-26,11,30,Disneyland Park,Les Voyages de Pinocchio,23,OPERATING,STANDBY,15,,,queue-times.com
2026-08-26T09:30:54Z,2026-08-26,11,30,Disneyland Park,Mad Hatter's Tea Cups,20,OPERATING,STANDBY,5,,,queue-times.com
2026-08-26T09:30:54Z,2026-08-26,11,30,Disneyland Park,Meet Mickey Mouse,13,OPERATING,STANDBY,0,,,queue-times.com
2026-08-26T09:30:54Z,2026-08-26,11,30,Disneyland Park,Peter Pan's Flight,22,OPERATING,STANDBY,50,,,queue-times.com
2026-08-26T09:30:54Z,2026-08-26,11,30,Disneyland Park,Princess Pavilion,24,OPERATING,STANDBY,0,,,queue-times.com
2026-08-26T09:30:54Z,2026-08-26,11,30,Disneyland Park,Big Thunder Mountain,25,OPERATING,STANDBY,60,,,queue-times.com
2026-08-26T09:30:54Z,2026-08-26,11,30,Disneyland Park,Disneyland Railroad Frontierland Depot,2714,CLOSED,STANDBY,0,,,queue-times.com
2026-08-26T09:30:54Z,2026-08-26,11,30,Disneyland Park,Frontierland Playground,2713,OPERATING,STANDBY,0,,,queue-times.com
2026-08-26T09:30:54Z,2026-08-26,11,30,Disneyland Park,Phantom Manor,26,OPERATING,STANDBY,10,,,queue-times.com
2026-08-26T09:30:54Z,2026-08-26,11,30,Disneyland Park,River Rogue Keelboats,27,CLOSED,STANDBY,0,,,queue-times.com
2026-08-26T09:30:54Z,2026-08-26,11,30,Disneyland Park,Rustler Roundup Shootin' Gallery,2712,OPERATING,STANDBY,0,,,queue-times.com
2026-08-26T09:30:54Z,2026-08-26,11,30,Disneyland Park,Thunder Mesa Riverboat Landing,28,OPERATING,STANDBY,20,,,queue-times.com
2026-08-26T09:30:54Z,2026-08-26,11,30,Disneyland Park,Disneyland Railroad Main Street Station,2708,CLOSED,STANDBY,0,,,queue-times.com
2026-08-26T09:30:54Z,2026-08-26,11,30,Disneyland Park,Main Street Vehicles,12,CLOSED,STANDBY,0,,,queue-times.com
2026-08-26T09:30:54Z,2026-08-26,11,30,Disney Adventure World,Avengers Assemble: Flight Force,10848,CLOSED,STANDBY,0,,,queue-times.com
2026-08-26T09:30:54Z,2026-08-26,11,30,Disney Adventure World,Avengers Assemble: Flight Force Single Rider,10849,CLOSED,STANDBY,0,,,queue-times.com
2026-08-26T09:30:54Z,2026-08-26,11,30,Disney Adventure World,Spider-Man W.E.B. Adventure,10845,OPERATING,STANDBY,75,,,queue-times.com
2026-08-26T09:30:54Z,2026-08-26,11,30,Disney Adventure World,Spider-Man W.E.B. Adventure Single Rider,10846,OPERATING,STANDBY,30,,,queue-times.com
2026-08-26T09:30:54Z,2026-08-26,11,30,Disney Adventure World,The Twilight Zone Tower of Terror,40,OPERATING,STANDBY,40,,,queue-times.com
2026-08-26T09:30:54Z,2026-08-26,11,30,Disney Adventure World,Cars Quatre Roues Rallye,31,OPERATING,STANDBY,30,,,queue-times.com
2026-08-26T09:30:54Z,2026-08-26,11,30,Disney Adventure World,Cars ROAD TRIP,29,OPERATING,STANDBY,30,,,queue-times.com
2026-08-26T09:30:54Z,2026-08-26,11,30,Disney Adventure World,Crush's Coaster,32,OPERATING,STANDBY,110,,,queue-times.com
2026-08-26T09:30:54Z,2026-08-26,11,30,Disney Adventure World,Crush's Coaster Single Rider,7277,OPERATING,STANDBY,45,,,queue-times.com
2026-08-26T09:30:54Z,2026-08-26,11,30,Disney Adventure World,Les Tapis Volants - Flying Carpets Over Agrabah®,33,OPERATING,STANDBY,25,,,queue-times.com
2026-08-26T09:30:54Z,2026-08-26,11,30,Disney Adventure World,Ratatouille : L’Aventure Totalement Toquée de Rémy​,37,OPERATING,STANDBY,50,,,queue-times.com
2026-08-26T09:30:54Z,2026-08-26,11,30,Disney Adventure World,Ratatouille: The Adventure Single Rider,7279,OPERATING,STANDBY,20,,,queue-times.com
2026-08-26T09:30:54Z,2026-08-26,11,30,Disney Adventure World,RC Racer,34,OPERATING,STANDBY,60,,,queue-times.com
2026-08-26T09:30:54Z,2026-08-26,11,30,Disney Adventure World,RC Racer Single Rider,7280,OPERATING,STANDBY,35,,,queue-times.com
2026-08-26T09:30:54Z,2026-08-26,11,30,Disney Adventure World,Slinky® Dog Zigzag Spin,36,OPERATING,STANDBY,20,,,queue-times.com
2026-08-26T09:30:54Z,2026-08-26,11,30,Disney Adventure World,Toy Soldiers Parachute Drop,35,OPERATING,STANDBY,60,,,queue-times.com
2026-08-26T09:30:54Z,2026-08-26,11,30,Disney Adventure World,Toy Soldiers Parachute Drop Single Rider,7281,OPERATING,STANDBY,20,,,queue-times.com
2026-08-26T09:30:54Z,2026-08-26,11,30,Disney Adventure World,Entry to World of Frozen,16247,OPERATING,STANDBY,0,,,queue-times.com
2026-08-26T09:30:54Z,2026-08-26,11,30,Disney Adventure World,Frozen Ever After,15413,OPERATING,STANDBY,105,,,queue-times.com
2026-08-26T09:30:54Z,2026-08-26,11,30,Disney Adventure World,Raiponce Tangled Spin,15415,OPERATING,STANDBY,30,,,queue-times.com
2026-08-26T09:45:37Z,2026-08-26,11,45,Disneyland Park,Adventure Isle,2702,OPERATING,STANDBY,0,,,queue-times.com
2026-08-26T09:45:37Z,2026-08-26,11,45,Disneyland Park,Indiana Jones and the Temple of Peril Single Rider,7306,OPERATING,STANDBY,10,,,queue-times.com
2026-08-26T09:45:37Z,2026-08-26,11,45,Disneyland Park,Indiana Jones™ and the Temple of Peril,2,OPERATING,STANDBY,15,,,queue-times.com
2026-08-26T09:45:37Z,2026-08-26,11,45,Disneyland Park,La Cabane des Robinson,1,OPERATING,STANDBY,5,,,queue-times.com
2026-08-26T09:45:37Z,2026-08-26,11,45,Disneyland Park,Le Passage Enchanté d'Aladdin,2703,OPERATING,STANDBY,0,,,queue-times.com
2026-08-26T09:45:37Z,2026-08-26,11,45,Disneyland Park,Pirate Galleon,2705,CLOSED,STANDBY,0,,,queue-times.com
2026-08-26T09:45:37Z,2026-08-26,11,45,Disneyland Park,Pirates of the Caribbean,3,OPERATING,STANDBY,25,,,queue-times.com
2026-08-26T09:45:37Z,2026-08-26,11,45,Disneyland Park,Pirates' Beach,2704,OPERATING,STANDBY,0,,,queue-times.com
2026-08-26T09:45:37Z,2026-08-26,11,45,Disneyland Park,"Autopia, presented by Avis",4,OPERATING,STANDBY,30,,,queue-times.com
2026-08-26T09:45:37Z,2026-08-26,11,45,Disneyland Park,Buzz Lightyear Laser Blast,5,OPERATING,STANDBY,40,,,queue-times.com
2026-08-26T09:45:37Z,2026-08-26,11,45,Disneyland Park,Disneyland Railroad Discoveryland Station,2706,CLOSED,STANDBY,0,,,queue-times.com
2026-08-26T09:45:37Z,2026-08-26,11,45,Disneyland Park,Les Mystères du Nautilus,6,OPERATING,STANDBY,5,,,queue-times.com
2026-08-26T09:45:37Z,2026-08-26,11,45,Disneyland Park,Mickey’s PhilharMagic,2707,CLOSED,STANDBY,0,,,queue-times.com
2026-08-26T09:45:37Z,2026-08-26,11,45,Disneyland Park,Orbitron®,7,OPERATING,STANDBY,50,,,queue-times.com
2026-08-26T09:45:37Z,2026-08-26,11,45,Disneyland Park,Star Tours: The Adventures Continue*,9,OPERATING,STANDBY,10,,,queue-times.com
2026-08-26T09:45:37Z,2026-08-26,11,45,Disneyland Park,Star Wars Hyperspace Mountain,8,OPERATING,STANDBY,30,,,queue-times.com
2026-08-26T09:45:37Z,2026-08-26,11,45,Disneyland Park,Star Wars Hyperspace Mountain Single Rider,7278,OPERATING,STANDBY,15,,,queue-times.com
2026-08-26T09:45:37Z,2026-08-26,11,45,Disneyland Park,Welcome to Starport: A Star Wars Encounter,4573,OPERATING,STANDBY,20,,,queue-times.com
2026-08-26T09:45:37Z,2026-08-26,11,45,Disneyland Park,"""it's a small world""",19,OPERATING,STANDBY,5,,,queue-times.com
2026-08-26T09:45:37Z,2026-08-26,11,45,Disneyland Park,Alice's Curious Labyrinth,14,OPERATING,STANDBY,5,,,queue-times.com
2026-08-26T09:45:37Z,2026-08-26,11,45,Disneyland Park,Blanche-Neige et les Sept Nains®,15,OPERATING,STANDBY,20,,,queue-times.com
2026-08-26T09:45:37Z,2026-08-26,11,45,Disneyland Park,Casey Jr. – le Petit Train du Cirque,17,OPERATING,STANDBY,20,,,queue-times.com
2026-08-26T09:45:37Z,2026-08-26,11,45,Disneyland Park,Disneyland Railroad Fantasyland Station,2711,CLOSED,STANDBY,0,,,queue-times.com
2026-08-26T09:45:37Z,2026-08-26,11,45,Disneyland Park,Disneyland Railroad Main Street Station,11,CLOSED,STANDBY,0,,,queue-times.com
2026-08-26T09:45:37Z,2026-08-26,11,45,Disneyland Park,Dumbo the Flying Elephant,18,CLOSED,STANDBY,0,,,queue-times.com
2026-08-26T09:45:37Z,2026-08-26,11,45,Disneyland Park,La Tanière du Dragon,2710,OPERATING,STANDBY,0,,,queue-times.com
2026-08-26T09:45:37Z,2026-08-26,11,45,Disneyland Park,Le Carrousel de Lancelot,16,OPERATING,STANDBY,10,,,queue-times.com
2026-08-26T09:45:37Z,2026-08-26,11,45,Disneyland Park,"Le Pays des Contes de Fées, presented by Vittel",21,OPERATING,STANDBY,5,,,queue-times.com
2026-08-26T09:45:37Z,2026-08-26,11,45,Disneyland Park,Les Voyages de Pinocchio,23,OPERATING,STANDBY,15,,,queue-times.com
2026-08-26T09:45:37Z,2026-08-26,11,45,Disneyland Park,Mad Hatter's Tea Cups,20,OPERATING,STANDBY,5,,,queue-times.com
2026-08-26T09:45:37Z,2026-08-26,11,45,Disneyland Park,Meet Mickey Mouse,13,OPERATING,STANDBY,0,,,queue-times.com
2026-08-26T09:45:37Z,2026-08-26,11,45,Disneyland Park,Peter Pan's Flight,22,OPERATING,STANDBY,50,,,queue-times.com
2026-08-26T09:45:37Z,2026-08-26,11,45,Disneyland Park,Princess Pavilion,24,OPERATING,STANDBY,0,,,queue-times.com
2026-08-26T09:45:37Z,2026-08-26,11,45,Disneyland Park,Big Thunder Mountain,25,OPERATING,STANDBY,60,,,queue-times.com
2026-08-26T09:45:37Z,2026-08-26,11,45,Disneyland Park,Disneyland Railroad Frontierland Depot,2714,CLOSED,STANDBY,0,,,queue-times.com
2026-08-26T09:45:37Z,2026-08-26,11,45,Disneyland Park,Frontierland Playground,2713,OPERATING,STANDBY,0,,,queue-times.com
2026-08-26T09:45:37Z,2026-08-26,11,45,Disneyland Park,Phantom Manor,26,OPERATING,STANDBY,10,,,queue-times.com
2026-08-26T09:45:37Z,2026-08-26,11,45,Disneyland Park,River Rogue Keelboats,27,CLOSED,STANDBY,0,,,queue-times.com
2026-08-26T09:45:37Z,2026-08-26,11,45,Disneyland Park,Rustler Roundup Shootin' Gallery,2712,OPERATING,STANDBY,0,,,queue-times.com
2026-08-26T09:45:37Z,2026-08-26,11,45,Disneyland Park,Thunder Mesa Riverboat Landing,28,OPERATING,STANDBY,20,,,queue-times.com
2026-08-26T09:45:37Z,2026-08-26,11,45,Disneyland Park,Disneyland Railroad Main Street Station,2708,CLOSED,STANDBY,0,,,queue-times.com
2026-08-26T09:45:37Z,2026-08-26,11,45,Disneyland Park,Main Street Vehicles,12,CLOSED,STANDBY,0,,,queue-times.com
2026-08-26T09:45:37Z,2026-08-26,11,45,Disney Adventure World,Avengers Assemble: Flight Force,10848,CLOSED,STANDBY,0,,,queue-times.com
2026-08-26T09:45:37Z,2026-08-26,11,45,Disney Adventure World,Avengers Assemble: Flight Force Single Rider,10849,CLOSED,STANDBY,0,,,queue-times.com
2026-08-26T09:45:37Z,2026-08-26,11,45,Disney Adventure World,Spider-Man W.E.B. Adventure,10845,OPERATING,STANDBY,75,,,queue-times.com
2026-08-26T09:45:37Z,2026-08-26,11,45,Disney Adventure World,Spider-Man W.E.B. Adventure Single Rider,10846,OPERATING,STANDBY,30,,,queue-times.com
2026-08-26T09:45:37Z,2026-08-26,11,45,Disney Adventure World,The Twilight Zone Tower of Terror,40,OPERATING,STANDBY,55,,,queue-times.com
2026-08-26T09:45:37Z,2026-08-26,11,45,Disney Adventure World,Cars Quatre Roues Rallye,31,OPERATING,STANDBY,35,,,queue-times.com
2026-08-26T09:45:37Z,2026-08-26,11,45,Disney Adventure World,Cars ROAD TRIP,29,OPERATING,STANDBY,30,,,queue-times.com
2026-08-26T09:45:37Z,2026-08-26,11,45,Disney Adventure World,Crush's Coaster,32,OPERATING,STANDBY,110,,,queue-times.com
2026-08-26T09:45:37Z,2026-08-26,11,45,Disney Adventure World,Crush's Coaster Single Rider,7277,OPERATING,STANDBY,75,,,queue-times.com
2026-08-26T09:45:37Z,2026-08-26,11,45,Disney Adventure World,Les Tapis Volants - Flying Carpets Over Agrabah®,33,OPERATING,STANDBY,25,,,queue-times.com
2026-08-26T09:45:37Z,2026-08-26,11,45,Disney Adventure World,Ratatouille : L’Aventure Totalement Toquée de Rémy​,37,OPERATING,STANDBY,90,,,queue-times.com
2026-08-26T09:45:37Z,2026-08-26,11,45,Disney Adventure World,Ratatouille: The Adventure Single Rider,7279,OPERATING,STANDBY,20,,,queue-times.com
2026-08-26T09:45:37Z,2026-08-26,11,45,Disney Adventure World,RC Racer,34,OPERATING,STANDBY,65,,,queue-times.com
2026-08-26T09:45:37Z,2026-08-26,11,45,Disney Adventure World,RC Racer Single Rider,7280,OPERATING,STANDBY,55,,,queue-times.com
2026-08-26T09:45:37Z,2026-08-26,11,45,Disney Adventure World,Slinky® Dog Zigzag Spin,36,OPERATING,STANDBY,30,,,queue-times.com
2026-08-26T09:45:37Z,2026-08-26,11,45,Disney Adventure World,Toy Soldiers Parachute Drop,35,OPERATING,STANDBY,65,,,queue-times.com
2026-08-26T09:45:37Z,2026-08-26,11,45,Disney Adventure World,Toy Soldiers Parachute Drop Single Rider,7281,OPERATING,STANDBY,25,,,queue-times.com
2026-08-26T09:45:37Z,2026-08-26,11,45,Disney Adventure World,Entry to World of Frozen,16247,OPERATING,STANDBY,0,,,queue-times.com
2026-08-26T09:45:37Z,2026-08-26,11,45,Disney Adventure World,Frozen Ever After,15413,OPERATING,STANDBY,95,,,queue-times.com
2026-08-26T09:45:37Z,2026-08-26,11,45,Disney Adventure World,Raiponce Tangled Spin,15415,OPERATING,STANDBY,10,,,queue-times.com
2026-08-26T09:52:40Z,2026-08-26,11,52,Disneyland Park,Adventure Isle,2702,OPERATING,STANDBY,0,,,queue-times.com
2026-08-26T09:52:40Z,2026-08-26,11,52,Disneyland Park,Indiana Jones and the Temple of Peril Single Rider,7306,OPERATING,STANDBY,5,,,queue-times.com
2026-08-26T09:52:40Z,2026-08-26,11,52,Disneyland Park,Indiana Jones™ and the Temple of Peril,2,OPERATING,STANDBY,15,,,queue-times.com
2026-08-26T09:52:40Z,2026-08-26,11,52,Disneyland Park,La Cabane des Robinson,1,OPERATING,STANDBY,5,,,queue-times.com
2026-08-26T09:52:40Z,2026-08-26,11,52,Disneyland Park,Le Passage Enchanté d'Aladdin,2703,OPERATING,STANDBY,0,,,queue-times.com
2026-08-26T09:52:40Z,2026-08-26,11,52,Disneyland Park,Pirate Galleon,2705,CLOSED,STANDBY,0,,,queue-times.com
2026-08-26T09:52:40Z,2026-08-26,11,52,Disneyland Park,Pirates of the Caribbean,3,OPERATING,STANDBY,20,,,queue-times.com
2026-08-26T09:52:40Z,2026-08-26,11,52,Disneyland Park,Pirates' Beach,2704,OPERATING,STANDBY,0,,,queue-times.com
2026-08-26T09:52:40Z,2026-08-26,11,52,Disneyland Park,"Autopia, presented by Avis",4,OPERATING,STANDBY,30,,,queue-times.com
2026-08-26T09:52:40Z,2026-08-26,11,52,Disneyland Park,Buzz Lightyear Laser Blast,5,OPERATING,STANDBY,35,,,queue-times.com
2026-08-26T09:52:40Z,2026-08-26,11,52,Disneyland Park,Disneyland Railroad Discoveryland Station,2706,CLOSED,STANDBY,0,,,queue-times.com
2026-08-26T09:52:40Z,2026-08-26,11,52,Disneyland Park,Les Mystères du Nautilus,6,OPERATING,STANDBY,5,,,queue-times.com
2026-08-26T09:52:40Z,2026-08-26,11,52,Disneyland Park,Mickey’s PhilharMagic,2707,CLOSED,STANDBY,0,,,queue-times.com
2026-08-26T09:52:40Z,2026-08-26,11,52,Disneyland Park,Orbitron®,7,OPERATING,STANDBY,50,,,queue-times.com
2026-08-26T09:52:40Z,2026-08-26,11,52,Disneyland Park,Star Tours: The Adventures Continue*,9,OPERATING,STANDBY,5,,,queue-times.com
2026-08-26T09:52:40Z,2026-08-26,11,52,Disneyland Park,Star Wars Hyperspace Mountain,8,OPERATING,STANDBY,25,,,queue-times.com
2026-08-26T09:52:40Z,2026-08-26,11,52,Disneyland Park,Star Wars Hyperspace Mountain Single Rider,7278,OPERATING,STANDBY,15,,,queue-times.com
2026-08-26T09:52:40Z,2026-08-26,11,52,Disneyland Park,Welcome to Starport: A Star Wars Encounter,4573,OPERATING,STANDBY,20,,,queue-times.com
2026-08-26T09:52:40Z,2026-08-26,11,52,Disneyland Park,"""it's a small world""",19,OPERATING,STANDBY,5,,,queue-times.com
2026-08-26T09:52:40Z,2026-08-26,11,52,Disneyland Park,Alice's Curious Labyrinth,14,OPERATING,STANDBY,5,,,queue-times.com
2026-08-26T09:52:40Z,2026-08-26,11,52,Disneyland Park,Blanche-Neige et les Sept Nains®,15,OPERATING,STANDBY,10,,,queue-times.com
2026-08-26T09:52:40Z,2026-08-26,11,52,Disneyland Park,Casey Jr. – le Petit Train du Cirque,17,OPERATING,STANDBY,20,,,queue-times.com
2026-08-26T09:52:40Z,2026-08-26,11,52,Disneyland Park,Disneyland Railroad Fantasyland Station,2711,CLOSED,STANDBY,0,,,queue-times.com
2026-08-26T09:52:40Z,2026-08-26,11,52,Disneyland Park,Disneyland Railroad Main Street Station,11,CLOSED,STANDBY,0,,,queue-times.com
2026-08-26T09:52:40Z,2026-08-26,11,52,Disneyland Park,Dumbo the Flying Elephant,18,CLOSED,STANDBY,0,,,queue-times.com
2026-08-26T09:52:40Z,2026-08-26,11,52,Disneyland Park,La Tanière du Dragon,2710,OPERATING,STANDBY,0,,,queue-times.com
2026-08-26T09:52:40Z,2026-08-26,11,52,Disneyland Park,Le Carrousel de Lancelot,16,OPERATING,STANDBY,10,,,queue-times.com
2026-08-26T09:52:40Z,2026-08-26,11,52,Disneyland Park,"Le Pays des Contes de Fées, presented by Vittel",21,OPERATING,STANDBY,5,,,queue-times.com
2026-08-26T09:52:40Z,2026-08-26,11,52,Disneyland Park,Les Voyages de Pinocchio,23,OPERATING,STANDBY,20,,,queue-times.com
2026-08-26T09:52:40Z,2026-08-26,11,52,Disneyland Park,Mad Hatter's Tea Cups,20,OPERATING,STANDBY,5,,,queue-times.com
2026-08-26T09:52:40Z,2026-08-26,11,52,Disneyland Park,Meet Mickey Mouse,13,OPERATING,STANDBY,0,,,queue-times.com
2026-08-26T09:52:40Z,2026-08-26,11,52,Disneyland Park,Peter Pan's Flight,22,OPERATING,STANDBY,50,,,queue-times.com
2026-08-26T09:52:40Z,2026-08-26,11,52,Disneyland Park,Princess Pavilion,24,OPERATING,STANDBY,0,,,queue-times.com
2026-08-26T09:52:40Z,2026-08-26,11,52,Disneyland Park,Big Thunder Mountain,25,OPERATING,STANDBY,60,,,queue-times.com
2026-08-26T09:52:40Z,2026-08-26,11,52,Disneyland Park,Disneyland Railroad Frontierland Depot,2714,CLOSED,STANDBY,0,,,queue-times.com
2026-08-26T09:52:40Z,2026-08-26,11,52,Disneyland Park,Frontierland Playground,2713,OPERATING,STANDBY,0,,,queue-times.com
2026-08-26T09:52:40Z,2026-08-26,11,52,Disneyland Park,Phantom Manor,26,OPERATING,STANDBY,10,,,queue-times.com
2026-08-26T09:52:40Z,2026-08-26,11,52,Disneyland Park,River Rogue Keelboats,27,CLOSED,STANDBY,0,,,queue-times.com
2026-08-26T09:52:40Z,2026-08-26,11,52,Disneyland Park,Rustler Roundup Shootin' Gallery,2712,OPERATING,STANDBY,0,,,queue-times.com
2026-08-26T09:52:40Z,2026-08-26,11,52,Disneyland Park,Thunder Mesa Riverboat Landing,28,OPERATING,STANDBY,20,,,queue-times.com
2026-08-26T09:52:40Z,2026-08-26,11,52,Disneyland Park,Disneyland Railroad Main Street Station,2708,CLOSED,STANDBY,0,,,queue-times.com
2026-08-26T09:52:40Z,2026-08-26,11,52,Disneyland Park,Main Street Vehicles,12,CLOSED,STANDBY,0,,,queue-times.com
2026-08-26T09:52:40Z,2026-08-26,11,52,Disney Adventure World,Avengers Assemble: Flight Force,10848,CLOSED,STANDBY,0,,,queue-times.com
2026-08-26T09:52:40Z,2026-08-26,11,52,Disney Adventure World,Avengers Assemble: Flight Force Single Rider,10849,CLOSED,STANDBY,0,,,queue-times.com
2026-08-26T09:52:40Z,2026-08-26,11,52,Disney Adventure World,Spider-Man W.E.B. Adventure,10845,OPERATING,STANDBY,65,,,queue-times.com
2026-08-26T09:52:40Z,2026-08-26,11,52,Disney Adventure World,Spider-Man W.E.B. Adventure Single Rider,10846,OPERATING,STANDBY,30,,,queue-times.com
2026-08-26T09:52:40Z,2026-08-26,11,52,Disney Adventure World,The Twilight Zone Tower of Terror,40,OPERATING,STANDBY,60,,,queue-times.com
2026-08-26T09:52:40Z,2026-08-26,11,52,Disney Adventure World,Cars Quatre Roues Rallye,31,OPERATING,STANDBY,25,,,queue-times.com
2026-08-26T09:52:40Z,2026-08-26,11,52,Disney Adventure World,Cars ROAD TRIP,29,OPERATING,STANDBY,40,,,queue-times.com
2026-08-26T09:52:40Z,2026-08-26,11,52,Disney Adventure World,Crush's Coaster,32,OPERATING,STANDBY,90,,,queue-times.com
2026-08-26T09:52:40Z,2026-08-26,11,52,Disney Adventure World,Crush's Coaster Single Rider,7277,OPERATING,STANDBY,55,,,queue-times.com
2026-08-26T09:52:40Z,2026-08-26,11,52,Disney Adventure World,Les Tapis Volants - Flying Carpets Over Agrabah®,33,OPERATING,STANDBY,20,,,queue-times.com
2026-08-26T09:52:40Z,2026-08-26,11,52,Disney Adventure World,Ratatouille : L’Aventure Totalement Toquée de Rémy​,37,OPERATING,STANDBY,95,,,queue-times.com
2026-08-26T09:52:40Z,2026-08-26,11,52,Disney Adventure World,Ratatouille: The Adventure Single Rider,7279,OPERATING,STANDBY,25,,,queue-times.com
2026-08-26T09:52:40Z,2026-08-26,11,52,Disney Adventure World,RC Racer,34,OPERATING,STANDBY,65,,,queue-times.com
2026-08-26T09:52:40Z,2026-08-26,11,52,Disney Adventure World,RC Racer Single Rider,7280,OPERATING,STANDBY,55,,,queue-times.com
2026-08-26T09:52:40Z,2026-08-26,11,52,Disney Adventure World,Slinky® Dog Zigzag Spin,36,OPERATING,STANDBY,25,,,queue-times.com
2026-08-26T09:52:40Z,2026-08-26,11,52,Disney Adventure World,Toy Soldiers Parachute Drop,35,OPERATING,STANDBY,65,,,queue-times.com
2026-08-26T09:52:40Z,2026-08-26,11,52,Disney Adventure World,Toy Soldiers Parachute Drop Single Rider,7281,OPERATING,STANDBY,25,,,queue-times.com
2026-08-26T09:52:40Z,2026-08-26,11,52,Disney Adventure World,Entry to World of Frozen,16247,OPERATING,STANDBY,0,,,queue-times.com
2026-08-26T09:52:40Z,2026-08-26,11,52,Disney Adventure World,Frozen Ever After,15413,OPERATING,STANDBY,95,,,queue-times.com
2026-08-26T09:52:40Z,2026-08-26,11,52,Disney Adventure World,Raiponce Tangled Spin,15415,OPERATING,STANDBY,30,,,queue-times.com
2026-08-26T10:01:06Z,2026-08-26,12,1,Disneyland Park,Adventure Isle,2702,OPERATING,STANDBY,0,,,queue-times.com
2026-08-26T10:01:06Z,2026-08-26,12,1,Disneyland Park,Indiana Jones and the Temple of Peril Single Rider,7306,OPERATING,STANDBY,5,,,queue-times.com
2026-08-26T10:01:06Z,2026-08-26,12,1,Disneyland Park,Indiana Jones™ and the Temple of Peril,2,OPERATING,STANDBY,15,,,queue-times.com
2026-08-26T10:01:06Z,2026-08-26,12,1,Disneyland Park,La Cabane des Robinson,1,OPERATING,STANDBY,5,,,queue-times.com
2026-08-26T10:01:06Z,2026-08-26,12,1,Disneyland Park,Le Passage Enchanté d'Aladdin,2703,OPERATING,STANDBY,0,,,queue-times.com
2026-08-26T10:01:06Z,2026-08-26,12,1,Disneyland Park,Pirate Galleon,2705,CLOSED,STANDBY,0,,,queue-times.com
2026-08-26T10:01:06Z,2026-08-26,12,1,Disneyland Park,Pirates of the Caribbean,3,OPERATING,STANDBY,15,,,queue-times.com
2026-08-26T10:01:06Z,2026-08-26,12,1,Disneyland Park,Pirates' Beach,2704,OPERATING,STANDBY,0,,,queue-times.com
2026-08-26T10:01:06Z,2026-08-26,12,1,Disneyland Park,"Autopia, presented by Avis",4,OPERATING,STANDBY,40,,,queue-times.com
2026-08-26T10:01:06Z,2026-08-26,12,1,Disneyland Park,Buzz Lightyear Laser Blast,5,OPERATING,STANDBY,50,,,queue-times.com
2026-08-26T10:01:06Z,2026-08-26,12,1,Disneyland Park,Disneyland Railroad Discoveryland Station,2706,CLOSED,STANDBY,0,,,queue-times.com
2026-08-26T10:01:06Z,2026-08-26,12,1,Disneyland Park,Les Mystères du Nautilus,6,OPERATING,STANDBY,5,,,queue-times.com
2026-08-26T10:01:06Z,2026-08-26,12,1,Disneyland Park,Mickey’s PhilharMagic,2707,CLOSED,STANDBY,0,,,queue-times.com
2026-08-26T10:01:06Z,2026-08-26,12,1,Disneyland Park,Orbitron®,7,OPERATING,STANDBY,50,,,queue-times.com
2026-08-26T10:01:06Z,2026-08-26,12,1,Disneyland Park,Star Tours: The Adventures Continue*,9,OPERATING,STANDBY,5,,,queue-times.com
2026-08-26T10:01:06Z,2026-08-26,12,1,Disneyland Park,Star Wars Hyperspace Mountain,8,OPERATING,STANDBY,35,,,queue-times.com
2026-08-26T10:01:06Z,2026-08-26,12,1,Disneyland Park,Star Wars Hyperspace Mountain Single Rider,7278,OPERATING,STANDBY,20,,,queue-times.com
2026-08-26T10:01:06Z,2026-08-26,12,1,Disneyland Park,Welcome to Starport: A Star Wars Encounter,4573,OPERATING,STANDBY,20,,,queue-times.com
2026-08-26T10:01:06Z,2026-08-26,12,1,Disneyland Park,"""it's a small world""",19,OPERATING,STANDBY,10,,,queue-times.com
2026-08-26T10:01:06Z,2026-08-26,12,1,Disneyland Park,Alice's Curious Labyrinth,14,OPERATING,STANDBY,5,,,queue-times.com
2026-08-26T10:01:06Z,2026-08-26,12,1,Disneyland Park,Blanche-Neige et les Sept Nains®,15,OPERATING,STANDBY,10,,,queue-times.com
2026-08-26T10:01:06Z,2026-08-26,12,1,Disneyland Park,Casey Jr. – le Petit Train du Cirque,17,CLOSED,STANDBY,0,,,queue-times.com
2026-08-26T10:01:06Z,2026-08-26,12,1,Disneyland Park,Disneyland Railroad Fantasyland Station,2711,CLOSED,STANDBY,0,,,queue-times.com
2026-08-26T10:01:06Z,2026-08-26,12,1,Disneyland Park,Disneyland Railroad Main Street Station,11,CLOSED,STANDBY,0,,,queue-times.com
2026-08-26T10:01:06Z,2026-08-26,12,1,Disneyland Park,Dumbo the Flying Elephant,18,CLOSED,STANDBY,0,,,queue-times.com
2026-08-26T10:01:06Z,2026-08-26,12,1,Disneyland Park,La Tanière du Dragon,2710,OPERATING,STANDBY,0,,,queue-times.com
2026-08-26T10:01:06Z,2026-08-26,12,1,Disneyland Park,Le Carrousel de Lancelot,16,OPERATING,STANDBY,10,,,queue-times.com
2026-08-26T10:01:06Z,2026-08-26,12,1,Disneyland Park,"Le Pays des Contes de Fées, presented by Vittel",21,OPERATING,STANDBY,5,,,queue-times.com
2026-08-26T10:01:06Z,2026-08-26,12,1,Disneyland Park,Les Voyages de Pinocchio,23,OPERATING,STANDBY,20,,,queue-times.com
2026-08-26T10:01:06Z,2026-08-26,12,1,Disneyland Park,Mad Hatter's Tea Cups,20,OPERATING,STANDBY,10,,,queue-times.com
2026-08-26T10:01:06Z,2026-08-26,12,1,Disneyland Park,Meet Mickey Mouse,13,OPERATING,STANDBY,0,,,queue-times.com
2026-08-26T10:01:06Z,2026-08-26,12,1,Disneyland Park,Peter Pan's Flight,22,OPERATING,STANDBY,65,,,queue-times.com
2026-08-26T10:01:06Z,2026-08-26,12,1,Disneyland Park,Princess Pavilion,24,OPERATING,STANDBY,0,,,queue-times.com
2026-08-26T10:01:06Z,2026-08-26,12,1,Disneyland Park,Big Thunder Mountain,25,OPERATING,STANDBY,60,,,queue-times.com
2026-08-26T10:01:06Z,2026-08-26,12,1,Disneyland Park,Disneyland Railroad Frontierland Depot,2714,CLOSED,STANDBY,0,,,queue-times.com
2026-08-26T10:01:06Z,2026-08-26,12,1,Disneyland Park,Frontierland Playground,2713,OPERATING,STANDBY,0,,,queue-times.com
2026-08-26T10:01:06Z,2026-08-26,12,1,Disneyland Park,Phantom Manor,26,OPERATING,STANDBY,10,,,queue-times.com
2026-08-26T10:01:06Z,2026-08-26,12,1,Disneyland Park,River Rogue Keelboats,27,CLOSED,STANDBY,0,,,queue-times.com
2026-08-26T10:01:06Z,2026-08-26,12,1,Disneyland Park,Rustler Roundup Shootin' Gallery,2712,OPERATING,STANDBY,0,,,queue-times.com
2026-08-26T10:01:06Z,2026-08-26,12,1,Disneyland Park,Thunder Mesa Riverboat Landing,28,OPERATING,STANDBY,20,,,queue-times.com
2026-08-26T10:01:06Z,2026-08-26,12,1,Disneyland Park,Disneyland Railroad Main Street Station,2708,CLOSED,STANDBY,0,,,queue-times.com
2026-08-26T10:01:06Z,2026-08-26,12,1,Disneyland Park,Main Street Vehicles,12,CLOSED,STANDBY,0,,,queue-times.com
2026-08-26T10:01:06Z,2026-08-26,12,1,Disney Adventure World,Avengers Assemble: Flight Force,10848,CLOSED,STANDBY,0,,,queue-times.com
2026-08-26T10:01:06Z,2026-08-26,12,1,Disney Adventure World,Avengers Assemble: Flight Force Single Rider,10849,CLOSED,STANDBY,0,,,queue-times.com
2026-08-26T10:01:06Z,2026-08-26,12,1,Disney Adventure World,Spider-Man W.E.B. Adventure,10845,OPERATING,STANDBY,70,,,queue-times.com
2026-08-26T10:01:06Z,2026-08-26,12,1,Disney Adventure World,Spider-Man W.E.B. Adventure Single Rider,10846,OPERATING,STANDBY,30,,,queue-times.com
2026-08-26T10:01:06Z,2026-08-26,12,1,Disney Adventure World,The Twilight Zone Tower of Terror,40,OPERATING,STANDBY,45,,,queue-times.com
2026-08-26T10:01:06Z,2026-08-26,12,1,Disney Adventure World,Cars Quatre Roues Rallye,31,OPERATING,STANDBY,25,,,queue-times.com
2026-08-26T10:01:06Z,2026-08-26,12,1,Disney Adventure World,Cars ROAD TRIP,29,OPERATING,STANDBY,40,,,queue-times.com
2026-08-26T10:01:06Z,2026-08-26,12,1,Disney Adventure World,Crush's Coaster,32,OPERATING,STANDBY,90,,,queue-times.com
2026-08-26T10:01:06Z,2026-08-26,12,1,Disney Adventure World,Crush's Coaster Single Rider,7277,OPERATING,STANDBY,65,,,queue-times.com
2026-08-26T10:01:06Z,2026-08-26,12,1,Disney Adventure World,Les Tapis Volants - Flying Carpets Over Agrabah®,33,OPERATING,STANDBY,20,,,queue-times.com
2026-08-26T10:01:06Z,2026-08-26,12,1,Disney Adventure World,Ratatouille : L’Aventure Totalement Toquée de Rémy​,37,OPERATING,STANDBY,80,,,queue-times.com
2026-08-26T10:01:06Z,2026-08-26,12,1,Disney Adventure World,Ratatouille: The Adventure Single Rider,7279,OPERATING,STANDBY,15,,,queue-times.com
2026-08-26T10:01:06Z,2026-08-26,12,1,Disney Adventure World,RC Racer,34,OPERATING,STANDBY,65,,,queue-times.com
2026-08-26T10:01:06Z,2026-08-26,12,1,Disney Adventure World,RC Racer Single Rider,7280,OPERATING,STANDBY,55,,,queue-times.com
2026-08-26T10:01:06Z,2026-08-26,12,1,Disney Adventure World,Slinky® Dog Zigzag Spin,36,OPERATING,STANDBY,25,,,queue-times.com
2026-08-26T10:01:06Z,2026-08-26,12,1,Disney Adventure World,Toy Soldiers Parachute Drop,35,OPERATING,STANDBY,65,,,queue-times.com
2026-08-26T10:01:06Z,2026-08-26,12,1,Disney Adventure World,Toy Soldiers Parachute Drop Single Rider,7281,OPERATING,STANDBY,25,,,queue-times.com
2026-08-26T10:01:06Z,2026-08-26,12,1,Disney Adventure World,Entry to World of Frozen,16247,OPERATING,STANDBY,0,,,queue-times.com
2026-08-26T10:01:06Z,2026-08-26,12,1,Disney Adventure World,Frozen Ever After,15413,OPERATING,STANDBY,95,,,queue-times.com
2026-08-26T10:01:06Z,2026-08-26,12,1,Disney Adventure World,Raiponce Tangled Spin,15415,OPERATING,STANDBY,30,,,queue-times.com
2026-08-26T10:15:38Z,2026-08-26,12,15,Disneyland Park,Adventure Isle,2702,OPERATING,STANDBY,0,,,queue-times.com
2026-08-26T10:15:38Z,2026-08-26,12,15,Disneyland Park,Indiana Jones and the Temple of Peril Single Rider,7306,OPERATING,STANDBY,5,,,queue-times.com
2026-08-26T10:15:38Z,2026-08-26,12,15,Disneyland Park,Indiana Jones™ and the Temple of Peril,2,OPERATING,STANDBY,15,,,queue-times.com
2026-08-26T10:15:38Z,2026-08-26,12,15,Disneyland Park,La Cabane des Robinson,1,OPERATING,STANDBY,5,,,queue-times.com
2026-08-26T10:15:38Z,2026-08-26,12,15,Disneyland Park,Le Passage Enchanté d'Aladdin,2703,OPERATING,STANDBY,0,,,queue-times.com
2026-08-26T10:15:38Z,2026-08-26,12,15,Disneyland Park,Pirate Galleon,2705,CLOSED,STANDBY,0,,,queue-times.com
2026-08-26T10:15:38Z,2026-08-26,12,15,Disneyland Park,Pirates of the Caribbean,3,OPERATING,STANDBY,20,,,queue-times.com
2026-08-26T10:15:38Z,2026-08-26,12,15,Disneyland Park,Pirates' Beach,2704,OPERATING,STANDBY,0,,,queue-times.com
2026-08-26T10:15:38Z,2026-08-26,12,15,Disneyland Park,"Autopia, presented by Avis",4,OPERATING,STANDBY,50,,,queue-times.com
2026-08-26T10:15:38Z,2026-08-26,12,15,Disneyland Park,Buzz Lightyear Laser Blast,5,OPERATING,STANDBY,50,,,queue-times.com
2026-08-26T10:15:38Z,2026-08-26,12,15,Disneyland Park,Disneyland Railroad Discoveryland Station,2706,CLOSED,STANDBY,0,,,queue-times.com
2026-08-26T10:15:38Z,2026-08-26,12,15,Disneyland Park,Les Mystères du Nautilus,6,OPERATING,STANDBY,5,,,queue-times.com
2026-08-26T10:15:38Z,2026-08-26,12,15,Disneyland Park,Mickey’s PhilharMagic,2707,CLOSED,STANDBY,0,,,queue-times.com
2026-08-26T10:15:38Z,2026-08-26,12,15,Disneyland Park,Orbitron®,7,OPERATING,STANDBY,60,,,queue-times.com
2026-08-26T10:15:38Z,2026-08-26,12,15,Disneyland Park,Star Tours: The Adventures Continue*,9,OPERATING,STANDBY,5,,,queue-times.com
2026-08-26T10:15:38Z,2026-08-26,12,15,Disneyland Park,Star Wars Hyperspace Mountain,8,OPERATING,STANDBY,35,,,queue-times.com
2026-08-26T10:15:38Z,2026-08-26,12,15,Disneyland Park,Star Wars Hyperspace Mountain Single Rider,7278,OPERATING,STANDBY,25,,,queue-times.com
2026-08-26T10:15:38Z,2026-08-26,12,15,Disneyland Park,Welcome to Starport: A Star Wars Encounter,4573,OPERATING,STANDBY,20,,,queue-times.com
2026-08-26T10:15:38Z,2026-08-26,12,15,Disneyland Park,"""it's a small world""",19,OPERATING,STANDBY,20,,,queue-times.com
2026-08-26T10:15:38Z,2026-08-26,12,15,Disneyland Park,Alice's Curious Labyrinth,14,OPERATING,STANDBY,5,,,queue-times.com
2026-08-26T10:15:38Z,2026-08-26,12,15,Disneyland Park,Blanche-Neige et les Sept Nains®,15,OPERATING,STANDBY,20,,,queue-times.com
2026-08-26T10:15:38Z,2026-08-26,12,15,Disneyland Park,Casey Jr. – le Petit Train du Cirque,17,CLOSED,STANDBY,0,,,queue-times.com
2026-08-26T10:15:38Z,2026-08-26,12,15,Disneyland Park,Disneyland Railroad Fantasyland Station,2711,CLOSED,STANDBY,0,,,queue-times.com
2026-08-26T10:15:38Z,2026-08-26,12,15,Disneyland Park,Disneyland Railroad Main Street Station,11,OPERATING,STANDBY,40,,,queue-times.com
2026-08-26T10:15:38Z,2026-08-26,12,15,Disneyland Park,Dumbo the Flying Elephant,18,CLOSED,STANDBY,0,,,queue-times.com
2026-08-26T10:15:38Z,2026-08-26,12,15,Disneyland Park,La Tanière du Dragon,2710,OPERATING,STANDBY,0,,,queue-times.com
2026-08-26T10:15:38Z,2026-08-26,12,15,Disneyland Park,Le Carrousel de Lancelot,16,OPERATING,STANDBY,10,,,queue-times.com
2026-08-26T10:15:38Z,2026-08-26,12,15,Disneyland Park,"Le Pays des Contes de Fées, presented by Vittel",21,OPERATING,STANDBY,10,,,queue-times.com
2026-08-26T10:15:38Z,2026-08-26,12,15,Disneyland Park,Les Voyages de Pinocchio,23,OPERATING,STANDBY,20,,,queue-times.com
2026-08-26T10:15:38Z,2026-08-26,12,15,Disneyland Park,Mad Hatter's Tea Cups,20,OPERATING,STANDBY,10,,,queue-times.com
2026-08-26T10:15:38Z,2026-08-26,12,15,Disneyland Park,Meet Mickey Mouse,13,OPERATING,STANDBY,0,,,queue-times.com
2026-08-26T10:15:38Z,2026-08-26,12,15,Disneyland Park,Peter Pan's Flight,22,OPERATING,STANDBY,65,,,queue-times.com
2026-08-26T10:15:38Z,2026-08-26,12,15,Disneyland Park,Princess Pavilion,24,OPERATING,STANDBY,0,,,queue-times.com
2026-08-26T10:15:38Z,2026-08-26,12,15,Disneyland Park,Big Thunder Mountain,25,OPERATING,STANDBY,60,,,queue-times.com
2026-08-26T10:15:38Z,2026-08-26,12,15,Disneyland Park,Disneyland Railroad Frontierland Depot,2714,OPERATING,STANDBY,20,,,queue-times.com
2026-08-26T10:15:38Z,2026-08-26,12,15,Disneyland Park,Frontierland Playground,2713,OPERATING,STANDBY,0,,,queue-times.com
2026-08-26T10:15:38Z,2026-08-26,12,15,Disneyland Park,Phantom Manor,26,OPERATING,STANDBY,15,,,queue-times.com
2026-08-26T10:15:38Z,2026-08-26,12,15,Disneyland Park,River Rogue Keelboats,27,CLOSED,STANDBY,0,,,queue-times.com
2026-08-26T10:15:38Z,2026-08-26,12,15,Disneyland Park,Rustler Roundup Shootin' Gallery,2712,OPERATING,STANDBY,0,,,queue-times.com
2026-08-26T10:15:38Z,2026-08-26,12,15,Disneyland Park,Thunder Mesa Riverboat Landing,28,OPERATING,STANDBY,20,,,queue-times.com
2026-08-26T10:15:38Z,2026-08-26,12,15,Disneyland Park,Disneyland Railroad Main Street Station,2708,OPERATING,STANDBY,0,,,queue-times.com
2026-08-26T10:15:38Z,2026-08-26,12,15,Disneyland Park,Main Street Vehicles,12,CLOSED,STANDBY,0,,,queue-times.com
2026-08-26T10:15:38Z,2026-08-26,12,15,Disney Adventure World,Avengers Assemble: Flight Force,10848,CLOSED,STANDBY,0,,,queue-times.com
2026-08-26T10:15:38Z,2026-08-26,12,15,Disney Adventure World,Avengers Assemble: Flight Force Single Rider,10849,CLOSED,STANDBY,0,,,queue-times.com
2026-08-26T10:15:38Z,2026-08-26,12,15,Disney Adventure World,Spider-Man W.E.B. Adventure,10845,OPERATING,STANDBY,80,,,queue-times.com
2026-08-26T10:15:38Z,2026-08-26,12,15,Disney Adventure World,Spider-Man W.E.B. Adventure Single Rider,10846,OPERATING,STANDBY,30,,,queue-times.com
2026-08-26T10:15:38Z,2026-08-26,12,15,Disney Adventure World,The Twilight Zone Tower of Terror,40,OPERATING,STANDBY,30,,,queue-times.com
2026-08-26T10:15:38Z,2026-08-26,12,15,Disney Adventure World,Cars Quatre Roues Rallye,31,OPERATING,STANDBY,20,,,queue-times.com
2026-08-26T10:15:38Z,2026-08-26,12,15,Disney Adventure World,Cars ROAD TRIP,29,OPERATING,STANDBY,30,,,queue-times.com
2026-08-26T10:15:38Z,2026-08-26,12,15,Disney Adventure World,Crush's Coaster,32,OPERATING,STANDBY,90,,,queue-times.com
2026-08-26T10:15:38Z,2026-08-26,12,15,Disney Adventure World,Crush's Coaster Single Rider,7277,OPERATING,STANDBY,65,,,queue-times.com
2026-08-26T10:15:38Z,2026-08-26,12,15,Disney Adventure World,Les Tapis Volants - Flying Carpets Over Agrabah®,33,OPERATING,STANDBY,25,,,queue-times.com
2026-08-26T10:15:38Z,2026-08-26,12,15,Disney Adventure World,Ratatouille : L’Aventure Totalement Toquée de Rémy​,37,OPERATING,STANDBY,80,,,queue-times.com
2026-08-26T10:15:38Z,2026-08-26,12,15,Disney Adventure World,Ratatouille: The Adventure Single Rider,7279,OPERATING,STANDBY,15,,,queue-times.com
2026-08-26T10:15:38Z,2026-08-26,12,15,Disney Adventure World,RC Racer,34,OPERATING,STANDBY,60,,,queue-times.com
2026-08-26T10:15:38Z,2026-08-26,12,15,Disney Adventure World,RC Racer Single Rider,7280,OPERATING,STANDBY,55,,,queue-times.com
2026-08-26T10:15:38Z,2026-08-26,12,15,Disney Adventure World,Slinky® Dog Zigzag Spin,36,OPERATING,STANDBY,30,,,queue-times.com
2026-08-26T10:15:38Z,2026-08-26,12,15,Disney Adventure World,Toy Soldiers Parachute Drop,35,OPERATING,STANDBY,65,,,queue-times.com
2026-08-26T10:15:38Z,2026-08-26,12,15,Disney Adventure World,Toy Soldiers Parachute Drop Single Rider,7281,OPERATING,STANDBY,25,,,queue-times.com
2026-08-26T10:15:38Z,2026-08-26,12,15,Disney Adventure World,Entry to World of Frozen,16247,OPERATING,STANDBY,0,,,queue-times.com
2026-08-26T10:15:38Z,2026-08-26,12,15,Disney Adventure World,Frozen Ever After,15413,OPERATING,STANDBY,95,,,queue-times.com
2026-08-26T10:15:38Z,2026-08-26,12,15,Disney Adventure World,Raiponce Tangled Spin,15415,OPERATING,STANDBY,30,,,queue-times.com
2026-08-26T10:30:52Z,2026-08-26,12,30,Disneyland Park,Adventure Isle,2702,OPERATING,STANDBY,0,,,queue-times.com
2026-08-26T10:30:52Z,2026-08-26,12,30,Disneyland Park,Indiana Jones and the Temple of Peril Single Rider,7306,OPERATING,STANDBY,5,,,queue-times.com
2026-08-26T10:30:52Z,2026-08-26,12,30,Disneyland Park,Indiana Jones™ and the Temple of Peril,2,OPERATING,STANDBY,25,,,queue-times.com
2026-08-26T10:30:52Z,2026-08-26,12,30,Disneyland Park,La Cabane des Robinson,1,OPERATING,STANDBY,5,,,queue-times.com
2026-08-26T10:30:52Z,2026-08-26,12,30,Disneyland Park,Le Passage Enchanté d'Aladdin,2703,OPERATING,STANDBY,0,,,queue-times.com
2026-08-26T10:30:52Z,2026-08-26,12,30,Disneyland Park,Pirate Galleon,2705,CLOSED,STANDBY,0,,,queue-times.com
2026-08-26T10:30:52Z,2026-08-26,12,30,Disneyland Park,Pirates of the Caribbean,3,OPERATING,STANDBY,30,,,queue-times.com
2026-08-26T10:30:52Z,2026-08-26,12,30,Disneyland Park,Pirates' Beach,2704,OPERATING,STANDBY,0,,,queue-times.com
2026-08-26T10:30:52Z,2026-08-26,12,30,Disneyland Park,"Autopia, presented by Avis",4,OPERATING,STANDBY,40,,,queue-times.com
2026-08-26T10:30:52Z,2026-08-26,12,30,Disneyland Park,Buzz Lightyear Laser Blast,5,OPERATING,STANDBY,65,,,queue-times.com
2026-08-26T10:30:52Z,2026-08-26,12,30,Disneyland Park,Disneyland Railroad Discoveryland Station,2706,CLOSED,STANDBY,0,,,queue-times.com
2026-08-26T10:30:52Z,2026-08-26,12,30,Disneyland Park,Les Mystères du Nautilus,6,OPERATING,STANDBY,5,,,queue-times.com
2026-08-26T10:30:52Z,2026-08-26,12,30,Disneyland Park,Mickey’s PhilharMagic,2707,OPERATING,STANDBY,0,,,queue-times.com
2026-08-26T10:30:52Z,2026-08-26,12,30,Disneyland Park,Orbitron®,7,OPERATING,STANDBY,60,,,queue-times.com
2026-08-26T10:30:52Z,2026-08-26,12,30,Disneyland Park,Star Tours: The Adventures Continue*,9,OPERATING,STANDBY,5,,,queue-times.com
2026-08-26T10:30:52Z,2026-08-26,12,30,Disneyland Park,Star Wars Hyperspace Mountain,8,OPERATING,STANDBY,45,,,queue-times.com
2026-08-26T10:30:52Z,2026-08-26,12,30,Disneyland Park,Star Wars Hyperspace Mountain Single Rider,7278,OPERATING,STANDBY,20,,,queue-times.com
2026-08-26T10:30:52Z,2026-08-26,12,30,Disneyland Park,Welcome to Starport: A Star Wars Encounter,4573,OPERATING,STANDBY,25,,,queue-times.com
2026-08-26T10:30:52Z,2026-08-26,12,30,Disneyland Park,"""it's a small world""",19,OPERATING,STANDBY,25,,,queue-times.com
2026-08-26T10:30:52Z,2026-08-26,12,30,Disneyland Park,Alice's Curious Labyrinth,14,OPERATING,STANDBY,5,,,queue-times.com
2026-08-26T10:30:52Z,2026-08-26,12,30,Disneyland Park,Blanche-Neige et les Sept Nains®,15,OPERATING,STANDBY,30,,,queue-times.com
2026-08-26T10:30:52Z,2026-08-26,12,30,Disneyland Park,Casey Jr. – le Petit Train du Cirque,17,OPERATING,STANDBY,5,,,queue-times.com
2026-08-26T10:30:52Z,2026-08-26,12,30,Disneyland Park,Disneyland Railroad Fantasyland Station,2711,CLOSED,STANDBY,0,,,queue-times.com
2026-08-26T10:30:52Z,2026-08-26,12,30,Disneyland Park,Disneyland Railroad Main Street Station,11,OPERATING,STANDBY,40,,,queue-times.com
2026-08-26T10:30:52Z,2026-08-26,12,30,Disneyland Park,Dumbo the Flying Elephant,18,CLOSED,STANDBY,0,,,queue-times.com
2026-08-26T10:30:52Z,2026-08-26,12,30,Disneyland Park,La Tanière du Dragon,2710,OPERATING,STANDBY,0,,,queue-times.com
2026-08-26T10:30:52Z,2026-08-26,12,30,Disneyland Park,Le Carrousel de Lancelot,16,OPERATING,STANDBY,10,,,queue-times.com
2026-08-26T10:30:52Z,2026-08-26,12,30,Disneyland Park,"Le Pays des Contes de Fées, presented by Vittel",21,OPERATING,STANDBY,10,,,queue-times.com
2026-08-26T10:30:52Z,2026-08-26,12,30,Disneyland Park,Les Voyages de Pinocchio,23,OPERATING,STANDBY,25,,,queue-times.com
2026-08-26T10:30:52Z,2026-08-26,12,30,Disneyland Park,Mad Hatter's Tea Cups,20,OPERATING,STANDBY,10,,,queue-times.com
2026-08-26T10:30:52Z,2026-08-26,12,30,Disneyland Park,Meet Mickey Mouse,13,OPERATING,STANDBY,0,,,queue-times.com
2026-08-26T10:30:52Z,2026-08-26,12,30,Disneyland Park,Peter Pan's Flight,22,OPERATING,STANDBY,65,,,queue-times.com
2026-08-26T10:30:52Z,2026-08-26,12,30,Disneyland Park,Princess Pavilion,24,OPERATING,STANDBY,0,,,queue-times.com
2026-08-26T10:30:52Z,2026-08-26,12,30,Disneyland Park,Big Thunder Mountain,25,OPERATING,STANDBY,65,,,queue-times.com
2026-08-26T10:30:52Z,2026-08-26,12,30,Disneyland Park,Disneyland Railroad Frontierland Depot,2714,OPERATING,STANDBY,20,,,queue-times.com
2026-08-26T10:30:52Z,2026-08-26,12,30,Disneyland Park,Frontierland Playground,2713,OPERATING,STANDBY,0,,,queue-times.com
2026-08-26T10:30:52Z,2026-08-26,12,30,Disneyland Park,Phantom Manor,26,OPERATING,STANDBY,15,,,queue-times.com
2026-08-26T10:30:52Z,2026-08-26,12,30,Disneyland Park,River Rogue Keelboats,27,CLOSED,STANDBY,0,,,queue-times.com
2026-08-26T10:30:52Z,2026-08-26,12,30,Disneyland Park,Rustler Roundup Shootin' Gallery,2712,OPERATING,STANDBY,0,,,queue-times.com
2026-08-26T10:30:52Z,2026-08-26,12,30,Disneyland Park,Thunder Mesa Riverboat Landing,28,OPERATING,STANDBY,20,,,queue-times.com
2026-08-26T10:30:52Z,2026-08-26,12,30,Disneyland Park,Disneyland Railroad Main Street Station,2708,OPERATING,STANDBY,0,,,queue-times.com
2026-08-26T10:30:52Z,2026-08-26,12,30,Disneyland Park,Main Street Vehicles,12,OPERATING,STANDBY,5,,,queue-times.com
2026-08-26T10:30:52Z,2026-08-26,12,30,Disney Adventure World,Avengers Assemble: Flight Force,10848,CLOSED,STANDBY,0,,,queue-times.com
2026-08-26T10:30:52Z,2026-08-26,12,30,Disney Adventure World,Avengers Assemble: Flight Force Single Rider,10849,CLOSED,STANDBY,0,,,queue-times.com
2026-08-26T10:30:52Z,2026-08-26,12,30,Disney Adventure World,Spider-Man W.E.B. Adventure,10845,CLOSED,STANDBY,0,,,queue-times.com
2026-08-26T10:30:52Z,2026-08-26,12,30,Disney Adventure World,Spider-Man W.E.B. Adventure Single Rider,10846,CLOSED,STANDBY,0,,,queue-times.com
2026-08-26T10:30:52Z,2026-08-26,12,30,Disney Adventure World,The Twilight Zone Tower of Terror,40,OPERATING,STANDBY,35,,,queue-times.com
2026-08-26T10:30:52Z,2026-08-26,12,30,Disney Adventure World,Cars Quatre Roues Rallye,31,OPERATING,STANDBY,25,,,queue-times.com
2026-08-26T10:30:52Z,2026-08-26,12,30,Disney Adventure World,Cars ROAD TRIP,29,CLOSED,STANDBY,0,,,queue-times.com
2026-08-26T10:30:52Z,2026-08-26,12,30,Disney Adventure World,Crush's Coaster,32,OPERATING,STANDBY,80,,,queue-times.com
2026-08-26T10:30:52Z,2026-08-26,12,30,Disney Adventure World,Crush's Coaster Single Rider,7277,OPERATING,STANDBY,60,,,queue-times.com
2026-08-26T10:30:52Z,2026-08-26,12,30,Disney Adventure World,Les Tapis Volants - Flying Carpets Over Agrabah®,33,OPERATING,STANDBY,25,,,queue-times.com
2026-08-26T10:30:52Z,2026-08-26,12,30,Disney Adventure World,Ratatouille : L’Aventure Totalement Toquée de Rémy​,37,OPERATING,STANDBY,80,,,queue-times.com
2026-08-26T10:30:52Z,2026-08-26,12,30,Disney Adventure World,Ratatouille: The Adventure Single Rider,7279,OPERATING,STANDBY,15,,,queue-times.com
2026-08-26T10:30:52Z,2026-08-26,12,30,Disney Adventure World,RC Racer,34,OPERATING,STANDBY,70,,,queue-times.com
2026-08-26T10:30:52Z,2026-08-26,12,30,Disney Adventure World,RC Racer Single Rider,7280,OPERATING,STANDBY,40,,,queue-times.com
2026-08-26T10:30:52Z,2026-08-26,12,30,Disney Adventure World,Slinky® Dog Zigzag Spin,36,OPERATING,STANDBY,30,,,queue-times.com
2026-08-26T10:30:52Z,2026-08-26,12,30,Disney Adventure World,Toy Soldiers Parachute Drop,35,OPERATING,STANDBY,60,,,queue-times.com
2026-08-26T10:30:52Z,2026-08-26,12,30,Disney Adventure World,Toy Soldiers Parachute Drop Single Rider,7281,OPERATING,STANDBY,20,,,queue-times.com
2026-08-26T10:30:52Z,2026-08-26,12,30,Disney Adventure World,Entry to World of Frozen,16247,OPERATING,STANDBY,0,,,queue-times.com
2026-08-26T10:30:52Z,2026-08-26,12,30,Disney Adventure World,Frozen Ever After,15413,OPERATING,STANDBY,95,,,queue-times.com
2026-08-26T10:30:52Z,2026-08-26,12,30,Disney Adventure World,Raiponce Tangled Spin,15415,OPERATING,STANDBY,15,,,queue-times.com
2026-08-26T10:45:35Z,2026-08-26,12,45,Disneyland Park,Adventure Isle,2702,OPERATING,STANDBY,0,,,queue-times.com
2026-08-26T10:45:35Z,2026-08-26,12,45,Disneyland Park,Indiana Jones and the Temple of Peril Single Rider,7306,OPERATING,STANDBY,15,,,queue-times.com
2026-08-26T10:45:35Z,2026-08-26,12,45,Disneyland Park,Indiana Jones™ and the Temple of Peril,2,OPERATING,STANDBY,20,,,queue-times.com
2026-08-26T10:45:35Z,2026-08-26,12,45,Disneyland Park,La Cabane des Robinson,1,OPERATING,STANDBY,5,,,queue-times.com
2026-08-26T10:45:35Z,2026-08-26,12,45,Disneyland Park,Le Passage Enchanté d'Aladdin,2703,OPERATING,STANDBY,0,,,queue-times.com
2026-08-26T10:45:35Z,2026-08-26,12,45,Disneyland Park,Pirate Galleon,2705,CLOSED,STANDBY,0,,,queue-times.com
2026-08-26T10:45:35Z,2026-08-26,12,45,Disneyland Park,Pirates of the Caribbean,3,OPERATING,STANDBY,30,,,queue-times.com
2026-08-26T10:45:35Z,2026-08-26,12,45,Disneyland Park,Pirates' Beach,2704,OPERATING,STANDBY,0,,,queue-times.com
2026-08-26T10:45:35Z,2026-08-26,12,45,Disneyland Park,"Autopia, presented by Avis",4,OPERATING,STANDBY,35,,,queue-times.com
2026-08-26T10:45:35Z,2026-08-26,12,45,Disneyland Park,Buzz Lightyear Laser Blast,5,OPERATING,STANDBY,75,,,queue-times.com
2026-08-26T10:45:35Z,2026-08-26,12,45,Disneyland Park,Disneyland Railroad Discoveryland Station,2706,CLOSED,STANDBY,0,,,queue-times.com
2026-08-26T10:45:35Z,2026-08-26,12,45,Disneyland Park,Les Mystères du Nautilus,6,OPERATING,STANDBY,5,,,queue-times.com
2026-08-26T10:45:35Z,2026-08-26,12,45,Disneyland Park,Mickey’s PhilharMagic,2707,OPERATING,STANDBY,0,,,queue-times.com
2026-08-26T10:45:35Z,2026-08-26,12,45,Disneyland Park,Orbitron®,7,OPERATING,STANDBY,60,,,queue-times.com
2026-08-26T10:45:35Z,2026-08-26,12,45,Disneyland Park,Star Tours: The Adventures Continue*,9,OPERATING,STANDBY,5,,,queue-times.com
2026-08-26T10:45:35Z,2026-08-26,12,45,Disneyland Park,Star Wars Hyperspace Mountain,8,OPERATING,STANDBY,40,,,queue-times.com
2026-08-26T10:45:35Z,2026-08-26,12,45,Disneyland Park,Star Wars Hyperspace Mountain Single Rider,7278,OPERATING,STANDBY,15,,,queue-times.com
2026-08-26T10:45:35Z,2026-08-26,12,45,Disneyland Park,Welcome to Starport: A Star Wars Encounter,4573,OPERATING,STANDBY,10,,,queue-times.com
2026-08-26T10:45:35Z,2026-08-26,12,45,Disneyland Park,"""it's a small world""",19,OPERATING,STANDBY,25,,,queue-times.com
2026-08-26T10:45:35Z,2026-08-26,12,45,Disneyland Park,Alice's Curious Labyrinth,14,OPERATING,STANDBY,5,,,queue-times.com
2026-08-26T10:45:35Z,2026-08-26,12,45,Disneyland Park,Blanche-Neige et les Sept Nains®,15,OPERATING,STANDBY,30,,,queue-times.com
2026-08-26T10:45:35Z,2026-08-26,12,45,Disneyland Park,Casey Jr. – le Petit Train du Cirque,17,OPERATING,STANDBY,5,,,queue-times.com
2026-08-26T10:45:35Z,2026-08-26,12,45,Disneyland Park,Disneyland Railroad Fantasyland Station,2711,CLOSED,STANDBY,0,,,queue-times.com
2026-08-26T10:45:35Z,2026-08-26,12,45,Disneyland Park,Disneyland Railroad Main Street Station,11,OPERATING,STANDBY,40,,,queue-times.com
2026-08-26T10:45:35Z,2026-08-26,12,45,Disneyland Park,Dumbo the Flying Elephant,18,CLOSED,STANDBY,0,,,queue-times.com
2026-08-26T10:45:35Z,2026-08-26,12,45,Disneyland Park,La Tanière du Dragon,2710,OPERATING,STANDBY,0,,,queue-times.com
2026-08-26T10:45:35Z,2026-08-26,12,45,Disneyland Park,Le Carrousel de Lancelot,16,OPERATING,STANDBY,10,,,queue-times.com
2026-08-26T10:45:35Z,2026-08-26,12,45,Disneyland Park,"Le Pays des Contes de Fées, presented by Vittel",21,OPERATING,STANDBY,10,,,queue-times.com
2026-08-26T10:45:35Z,2026-08-26,12,45,Disneyland Park,Les Voyages de Pinocchio,23,OPERATING,STANDBY,25,,,queue-times.com
2026-08-26T10:45:35Z,2026-08-26,12,45,Disneyland Park,Mad Hatter's Tea Cups,20,OPERATING,STANDBY,10,,,queue-times.com
2026-08-26T10:45:35Z,2026-08-26,12,45,Disneyland Park,Meet Mickey Mouse,13,OPERATING,STANDBY,0,,,queue-times.com
2026-08-26T10:45:35Z,2026-08-26,12,45,Disneyland Park,Peter Pan's Flight,22,OPERATING,STANDBY,70,,,queue-times.com
2026-08-26T10:45:35Z,2026-08-26,12,45,Disneyland Park,Princess Pavilion,24,OPERATING,STANDBY,0,,,queue-times.com
2026-08-26T10:45:35Z,2026-08-26,12,45,Disneyland Park,Big Thunder Mountain,25,OPERATING,STANDBY,65,,,queue-times.com
2026-08-26T10:45:35Z,2026-08-26,12,45,Disneyland Park,Disneyland Railroad Frontierland Depot,2714,OPERATING,STANDBY,20,,,queue-times.com
2026-08-26T10:45:35Z,2026-08-26,12,45,Disneyland Park,Frontierland Playground,2713,OPERATING,STANDBY,0,,,queue-times.com
2026-08-26T10:45:35Z,2026-08-26,12,45,Disneyland Park,Phantom Manor,26,OPERATING,STANDBY,15,,,queue-times.com
2026-08-26T10:45:35Z,2026-08-26,12,45,Disneyland Park,River Rogue Keelboats,27,CLOSED,STANDBY,0,,,queue-times.com
2026-08-26T10:45:35Z,2026-08-26,12,45,Disneyland Park,Rustler Roundup Shootin' Gallery,2712,OPERATING,STANDBY,0,,,queue-times.com
2026-08-26T10:45:35Z,2026-08-26,12,45,Disneyland Park,Thunder Mesa Riverboat Landing,28,OPERATING,STANDBY,20,,,queue-times.com
2026-08-26T10:45:35Z,2026-08-26,12,45,Disneyland Park,Disneyland Railroad Main Street Station,2708,OPERATING,STANDBY,0,,,queue-times.com
2026-08-26T10:45:35Z,2026-08-26,12,45,Disneyland Park,Main Street Vehicles,12,OPERATING,STANDBY,5,,,queue-times.com
2026-08-26T10:45:35Z,2026-08-26,12,45,Disney Adventure World,Avengers Assemble: Flight Force,10848,CLOSED,STANDBY,0,,,queue-times.com
2026-08-26T10:45:35Z,2026-08-26,12,45,Disney Adventure World,Avengers Assemble: Flight Force Single Rider,10849,CLOSED,STANDBY,0,,,queue-times.com
2026-08-26T10:45:35Z,2026-08-26,12,45,Disney Adventure World,Spider-Man W.E.B. Adventure,10845,OPERATING,STANDBY,70,,,queue-times.com
2026-08-26T10:45:35Z,2026-08-26,12,45,Disney Adventure World,Spider-Man W.E.B. Adventure Single Rider,10846,OPERATING,STANDBY,30,,,queue-times.com
2026-08-26T10:45:35Z,2026-08-26,12,45,Disney Adventure World,The Twilight Zone Tower of Terror,40,OPERATING,STANDBY,35,,,queue-times.com
2026-08-26T10:45:35Z,2026-08-26,12,45,Disney Adventure World,Cars Quatre Roues Rallye,31,OPERATING,STANDBY,25,,,queue-times.com
2026-08-26T10:45:35Z,2026-08-26,12,45,Disney Adventure World,Cars ROAD TRIP,29,CLOSED,STANDBY,0,,,queue-times.com
2026-08-26T10:45:35Z,2026-08-26,12,45,Disney Adventure World,Crush's Coaster,32,OPERATING,STANDBY,80,,,queue-times.com
2026-08-26T10:45:35Z,2026-08-26,12,45,Disney Adventure World,Crush's Coaster Single Rider,7277,OPERATING,STANDBY,60,,,queue-times.com
2026-08-26T10:45:35Z,2026-08-26,12,45,Disney Adventure World,Les Tapis Volants - Flying Carpets Over Agrabah®,33,OPERATING,STANDBY,25,,,queue-times.com
2026-08-26T10:45:35Z,2026-08-26,12,45,Disney Adventure World,Ratatouille : L’Aventure Totalement Toquée de Rémy​,37,OPERATING,STANDBY,45,,,queue-times.com
2026-08-26T10:45:35Z,2026-08-26,12,45,Disney Adventure World,Ratatouille: The Adventure Single Rider,7279,OPERATING,STANDBY,25,,,queue-times.com
2026-08-26T10:45:35Z,2026-08-26,12,45,Disney Adventure World,RC Racer,34,OPERATING,STANDBY,70,,,queue-times.com
2026-08-26T10:45:35Z,2026-08-26,12,45,Disney Adventure World,RC Racer Single Rider,7280,OPERATING,STANDBY,40,,,queue-times.com
2026-08-26T10:45:35Z,2026-08-26,12,45,Disney Adventure World,Slinky® Dog Zigzag Spin,36,OPERATING,STANDBY,30,,,queue-times.com
2026-08-26T10:45:35Z,2026-08-26,12,45,Disney Adventure World,Toy Soldiers Parachute Drop,35,OPERATING,STANDBY,65,,,queue-times.com
2026-08-26T10:45:35Z,2026-08-26,12,45,Disney Adventure World,Toy Soldiers Parachute Drop Single Rider,7281,OPERATING,STANDBY,25,,,queue-times.com
2026-08-26T10:45:35Z,2026-08-26,12,45,Disney Adventure World,Entry to World of Frozen,16247,OPERATING,STANDBY,0,,,queue-times.com
2026-08-26T10:45:35Z,2026-08-26,12,45,Disney Adventure World,Frozen Ever After,15413,OPERATING,STANDBY,95,,,queue-times.com
2026-08-26T10:45:35Z,2026-08-26,12,45,Disney Adventure World,Raiponce Tangled Spin,15415,OPERATING,STANDBY,10,,,queue-times.com
2026-08-26T10:47:03Z,2026-08-26,12,47,Disneyland Park,Adventure Isle,2702,OPERATING,STANDBY,0,,,queue-times.com
2026-08-26T10:47:03Z,2026-08-26,12,47,Disneyland Park,Indiana Jones and the Temple of Peril Single Rider,7306,OPERATING,STANDBY,15,,,queue-times.com
2026-08-26T10:47:03Z,2026-08-26,12,47,Disneyland Park,Indiana Jones™ and the Temple of Peril,2,OPERATING,STANDBY,20,,,queue-times.com
2026-08-26T10:47:03Z,2026-08-26,12,47,Disneyland Park,La Cabane des Robinson,1,OPERATING,STANDBY,5,,,queue-times.com
2026-08-26T10:47:03Z,2026-08-26,12,47,Disneyland Park,Le Passage Enchanté d'Aladdin,2703,OPERATING,STANDBY,0,,,queue-times.com
2026-08-26T10:47:03Z,2026-08-26,12,47,Disneyland Park,Pirate Galleon,2705,CLOSED,STANDBY,0,,,queue-times.com
2026-08-26T10:47:03Z,2026-08-26,12,47,Disneyland Park,Pirates of the Caribbean,3,OPERATING,STANDBY,30,,,queue-times.com
2026-08-26T10:47:03Z,2026-08-26,12,47,Disneyland Park,Pirates' Beach,2704,OPERATING,STANDBY,0,,,queue-times.com
2026-08-26T10:47:03Z,2026-08-26,12,47,Disneyland Park,"Autopia, presented by Avis",4,OPERATING,STANDBY,35,,,queue-times.com
2026-08-26T10:47:03Z,2026-08-26,12,47,Disneyland Park,Buzz Lightyear Laser Blast,5,OPERATING,STANDBY,75,,,queue-times.com
2026-08-26T10:47:03Z,2026-08-26,12,47,Disneyland Park,Disneyland Railroad Discoveryland Station,2706,CLOSED,STANDBY,0,,,queue-times.com
2026-08-26T10:47:03Z,2026-08-26,12,47,Disneyland Park,Les Mystères du Nautilus,6,OPERATING,STANDBY,5,,,queue-times.com
2026-08-26T10:47:03Z,2026-08-26,12,47,Disneyland Park,Mickey’s PhilharMagic,2707,OPERATING,STANDBY,0,,,queue-times.com
2026-08-26T10:47:03Z,2026-08-26,12,47,Disneyland Park,Orbitron®,7,OPERATING,STANDBY,60,,,queue-times.com
2026-08-26T10:47:03Z,2026-08-26,12,47,Disneyland Park,Star Tours: The Adventures Continue*,9,OPERATING,STANDBY,15,,,queue-times.com
2026-08-26T10:47:03Z,2026-08-26,12,47,Disneyland Park,Star Wars Hyperspace Mountain,8,OPERATING,STANDBY,40,,,queue-times.com
2026-08-26T10:47:03Z,2026-08-26,12,47,Disneyland Park,Star Wars Hyperspace Mountain Single Rider,7278,OPERATING,STANDBY,35,,,queue-times.com
2026-08-26T10:47:03Z,2026-08-26,12,47,Disneyland Park,Welcome to Starport: A Star Wars Encounter,4573,OPERATING,STANDBY,40,,,queue-times.com
2026-08-26T10:47:03Z,2026-08-26,12,47,Disneyland Park,"""it's a small world""",19,OPERATING,STANDBY,20,,,queue-times.com
2026-08-26T10:47:03Z,2026-08-26,12,47,Disneyland Park,Alice's Curious Labyrinth,14,OPERATING,STANDBY,5,,,queue-times.com
2026-08-26T10:47:03Z,2026-08-26,12,47,Disneyland Park,Blanche-Neige et les Sept Nains®,15,OPERATING,STANDBY,30,,,queue-times.com
2026-08-26T10:47:03Z,2026-08-26,12,47,Disneyland Park,Casey Jr. – le Petit Train du Cirque,17,OPERATING,STANDBY,5,,,queue-times.com
2026-08-26T10:47:03Z,2026-08-26,12,47,Disneyland Park,Disneyland Railroad Fantasyland Station,2711,CLOSED,STANDBY,0,,,queue-times.com
2026-08-26T10:47:03Z,2026-08-26,12,47,Disneyland Park,Disneyland Railroad Main Street Station,11,OPERATING,STANDBY,40,,,queue-times.com
2026-08-26T10:47:03Z,2026-08-26,12,47,Disneyland Park,Dumbo the Flying Elephant,18,CLOSED,STANDBY,0,,,queue-times.com
2026-08-26T10:47:03Z,2026-08-26,12,47,Disneyland Park,La Tanière du Dragon,2710,OPERATING,STANDBY,0,,,queue-times.com
2026-08-26T10:47:03Z,2026-08-26,12,47,Disneyland Park,Le Carrousel de Lancelot,16,OPERATING,STANDBY,10,,,queue-times.com
2026-08-26T10:47:03Z,2026-08-26,12,47,Disneyland Park,"Le Pays des Contes de Fées, presented by Vittel",21,OPERATING,STANDBY,10,,,queue-times.com
2026-08-26T10:47:03Z,2026-08-26,12,47,Disneyland Park,Les Voyages de Pinocchio,23,OPERATING,STANDBY,25,,,queue-times.com
2026-08-26T10:47:03Z,2026-08-26,12,47,Disneyland Park,Mad Hatter's Tea Cups,20,OPERATING,STANDBY,10,,,queue-times.com
2026-08-26T10:47:03Z,2026-08-26,12,47,Disneyland Park,Meet Mickey Mouse,13,OPERATING,STANDBY,0,,,queue-times.com
2026-08-26T10:47:03Z,2026-08-26,12,47,Disneyland Park,Peter Pan's Flight,22,OPERATING,STANDBY,70,,,queue-times.com
2026-08-26T10:47:03Z,2026-08-26,12,47,Disneyland Park,Princess Pavilion,24,OPERATING,STANDBY,0,,,queue-times.com
2026-08-26T10:47:03Z,2026-08-26,12,47,Disneyland Park,Big Thunder Mountain,25,OPERATING,STANDBY,65,,,queue-times.com
2026-08-26T10:47:03Z,2026-08-26,12,47,Disneyland Park,Disneyland Railroad Frontierland Depot,2714,OPERATING,STANDBY,30,,,queue-times.com
2026-08-26T10:47:03Z,2026-08-26,12,47,Disneyland Park,Frontierland Playground,2713,OPERATING,STANDBY,0,,,queue-times.com
2026-08-26T10:47:03Z,2026-08-26,12,47,Disneyland Park,Phantom Manor,26,OPERATING,STANDBY,15,,,queue-times.com
2026-08-26T10:47:03Z,2026-08-26,12,47,Disneyland Park,River Rogue Keelboats,27,CLOSED,STANDBY,0,,,queue-times.com
2026-08-26T10:47:03Z,2026-08-26,12,47,Disneyland Park,Rustler Roundup Shootin' Gallery,2712,OPERATING,STANDBY,0,,,queue-times.com
2026-08-26T10:47:03Z,2026-08-26,12,47,Disneyland Park,Thunder Mesa Riverboat Landing,28,OPERATING,STANDBY,20,,,queue-times.com
2026-08-26T10:47:03Z,2026-08-26,12,47,Disneyland Park,Disneyland Railroad Main Street Station,2708,OPERATING,STANDBY,0,,,queue-times.com
2026-08-26T10:47:03Z,2026-08-26,12,47,Disneyland Park,Main Street Vehicles,12,OPERATING,STANDBY,5,,,queue-times.com
2026-08-26T10:47:03Z,2026-08-26,12,47,Disney Adventure World,Avengers Assemble: Flight Force,10848,CLOSED,STANDBY,0,,,queue-times.com
2026-08-26T10:47:03Z,2026-08-26,12,47,Disney Adventure World,Avengers Assemble: Flight Force Single Rider,10849,CLOSED,STANDBY,0,,,queue-times.com
2026-08-26T10:47:03Z,2026-08-26,12,47,Disney Adventure World,Spider-Man W.E.B. Adventure,10845,OPERATING,STANDBY,70,,,queue-times.com
2026-08-26T10:47:03Z,2026-08-26,12,47,Disney Adventure World,Spider-Man W.E.B. Adventure Single Rider,10846,OPERATING,STANDBY,30,,,queue-times.com
2026-08-26T10:47:03Z,2026-08-26,12,47,Disney Adventure World,The Twilight Zone Tower of Terror,40,OPERATING,STANDBY,35,,,queue-times.com
2026-08-26T10:47:03Z,2026-08-26,12,47,Disney Adventure World,Cars Quatre Roues Rallye,31,OPERATING,STANDBY,25,,,queue-times.com
2026-08-26T10:47:03Z,2026-08-26,12,47,Disney Adventure World,Cars ROAD TRIP,29,CLOSED,STANDBY,0,,,queue-times.com
2026-08-26T10:47:03Z,2026-08-26,12,47,Disney Adventure World,Crush's Coaster,32,OPERATING,STANDBY,80,,,queue-times.com
2026-08-26T10:47:03Z,2026-08-26,12,47,Disney Adventure World,Crush's Coaster Single Rider,7277,OPERATING,STANDBY,60,,,queue-times.com
2026-08-26T10:47:03Z,2026-08-26,12,47,Disney Adventure World,Les Tapis Volants - Flying Carpets Over Agrabah®,33,OPERATING,STANDBY,25,,,queue-times.com
2026-08-26T10:47:03Z,2026-08-26,12,47,Disney Adventure World,Ratatouille : L’Aventure Totalement Toquée de Rémy​,37,OPERATING,STANDBY,45,,,queue-times.com
2026-08-26T10:47:03Z,2026-08-26,12,47,Disney Adventure World,Ratatouille: The Adventure Single Rider,7279,OPERATING,STANDBY,25,,,queue-times.com
2026-08-26T10:47:03Z,2026-08-26,12,47,Disney Adventure World,RC Racer,34,OPERATING,STANDBY,70,,,queue-times.com
2026-08-26T10:47:03Z,2026-08-26,12,47,Disney Adventure World,RC Racer Single Rider,7280,OPERATING,STANDBY,40,,,queue-times.com
2026-08-26T10:47:03Z,2026-08-26,12,47,Disney Adventure World,Slinky® Dog Zigzag Spin,36,OPERATING,STANDBY,30,,,queue-times.com
2026-08-26T10:47:03Z,2026-08-26,12,47,Disney Adventure World,Toy Soldiers Parachute Drop,35,OPERATING,STANDBY,55,,,queue-times.com
2026-08-26T10:47:03Z,2026-08-26,12,47,Disney Adventure World,Toy Soldiers Parachute Drop Single Rider,7281,OPERATING,STANDBY,20,,,queue-times.com
2026-08-26T10:47:03Z,2026-08-26,12,47,Disney Adventure World,Entry to World of Frozen,16247,OPERATING,STANDBY,0,,,queue-times.com
2026-08-26T10:47:03Z,2026-08-26,12,47,Disney Adventure World,Frozen Ever After,15413,OPERATING,STANDBY,95,,,queue-times.com
2026-08-26T10:47:03Z,2026-08-26,12,47,Disney Adventure World,Raiponce Tangled Spin,15415,OPERATING,STANDBY,15,,,queue-times.com
2026-08-26T11:01:05Z,2026-08-26,13,1,Disneyland Park,Adventure Isle,2702,OPERATING,STANDBY,0,,,queue-times.com
2026-08-26T11:01:05Z,2026-08-26,13,1,Disneyland Park,Indiana Jones and the Temple of Peril Single Rider,7306,OPERATING,STANDBY,10,,,queue-times.com
2026-08-26T11:01:05Z,2026-08-26,13,1,Disneyland Park,Indiana Jones™ and the Temple of Peril,2,OPERATING,STANDBY,35,,,queue-times.com
2026-08-26T11:01:05Z,2026-08-26,13,1,Disneyland Park,La Cabane des Robinson,1,OPERATING,STANDBY,5,,,queue-times.com
2026-08-26T11:01:05Z,2026-08-26,13,1,Disneyland Park,Le Passage Enchanté d'Aladdin,2703,OPERATING,STANDBY,0,,,queue-times.com
2026-08-26T11:01:05Z,2026-08-26,13,1,Disneyland Park,Pirate Galleon,2705,CLOSED,STANDBY,0,,,queue-times.com
2026-08-26T11:01:05Z,2026-08-26,13,1,Disneyland Park,Pirates of the Caribbean,3,OPERATING,STANDBY,20,,,queue-times.com
2026-08-26T11:01:05Z,2026-08-26,13,1,Disneyland Park,Pirates' Beach,2704,OPERATING,STANDBY,0,,,queue-times.com
2026-08-26T11:01:05Z,2026-08-26,13,1,Disneyland Park,"Autopia, presented by Avis",4,OPERATING,STANDBY,35,,,queue-times.com
2026-08-26T11:01:05Z,2026-08-26,13,1,Disneyland Park,Buzz Lightyear Laser Blast,5,OPERATING,STANDBY,35,,,queue-times.com
2026-08-26T11:01:05Z,2026-08-26,13,1,Disneyland Park,Disneyland Railroad Discoveryland Station,2706,CLOSED,STANDBY,0,,,queue-times.com
2026-08-26T11:01:05Z,2026-08-26,13,1,Disneyland Park,Les Mystères du Nautilus,6,OPERATING,STANDBY,5,,,queue-times.com
2026-08-26T11:01:05Z,2026-08-26,13,1,Disneyland Park,Mickey’s PhilharMagic,2707,OPERATING,STANDBY,0,,,queue-times.com
2026-08-26T11:01:05Z,2026-08-26,13,1,Disneyland Park,Orbitron®,7,OPERATING,STANDBY,50,,,queue-times.com
2026-08-26T11:01:05Z,2026-08-26,13,1,Disneyland Park,Star Tours: The Adventures Continue*,9,OPERATING,STANDBY,20,,,queue-times.com
2026-08-26T11:01:05Z,2026-08-26,13,1,Disneyland Park,Star Wars Hyperspace Mountain,8,OPERATING,STANDBY,40,,,queue-times.com
2026-08-26T11:01:05Z,2026-08-26,13,1,Disneyland Park,Star Wars Hyperspace Mountain Single Rider,7278,OPERATING,STANDBY,35,,,queue-times.com
2026-08-26T11:01:05Z,2026-08-26,13,1,Disneyland Park,Welcome to Starport: A Star Wars Encounter,4573,OPERATING,STANDBY,40,,,queue-times.com
2026-08-26T11:01:05Z,2026-08-26,13,1,Disneyland Park,"""it's a small world""",19,OPERATING,STANDBY,20,,,queue-times.com
2026-08-26T11:01:05Z,2026-08-26,13,1,Disneyland Park,Alice's Curious Labyrinth,14,OPERATING,STANDBY,5,,,queue-times.com
2026-08-26T11:01:05Z,2026-08-26,13,1,Disneyland Park,Blanche-Neige et les Sept Nains®,15,OPERATING,STANDBY,20,,,queue-times.com
2026-08-26T11:01:05Z,2026-08-26,13,1,Disneyland Park,Casey Jr. – le Petit Train du Cirque,17,OPERATING,STANDBY,15,,,queue-times.com
2026-08-26T11:01:05Z,2026-08-26,13,1,Disneyland Park,Disneyland Railroad Fantasyland Station,2711,CLOSED,STANDBY,0,,,queue-times.com
2026-08-26T11:01:05Z,2026-08-26,13,1,Disneyland Park,Disneyland Railroad Main Street Station,11,OPERATING,STANDBY,40,,,queue-times.com
2026-08-26T11:01:05Z,2026-08-26,13,1,Disneyland Park,Dumbo the Flying Elephant,18,CLOSED,STANDBY,0,,,queue-times.com
2026-08-26T11:01:05Z,2026-08-26,13,1,Disneyland Park,La Tanière du Dragon,2710,OPERATING,STANDBY,0,,,queue-times.com
2026-08-26T11:01:05Z,2026-08-26,13,1,Disneyland Park,Le Carrousel de Lancelot,16,OPERATING,STANDBY,10,,,queue-times.com
2026-08-26T11:01:05Z,2026-08-26,13,1,Disneyland Park,"Le Pays des Contes de Fées, presented by Vittel",21,OPERATING,STANDBY,5,,,queue-times.com
2026-08-26T11:01:05Z,2026-08-26,13,1,Disneyland Park,Les Voyages de Pinocchio,23,OPERATING,STANDBY,20,,,queue-times.com
2026-08-26T11:01:05Z,2026-08-26,13,1,Disneyland Park,Mad Hatter's Tea Cups,20,OPERATING,STANDBY,10,,,queue-times.com
2026-08-26T11:01:05Z,2026-08-26,13,1,Disneyland Park,Meet Mickey Mouse,13,OPERATING,STANDBY,0,,,queue-times.com
2026-08-26T11:01:05Z,2026-08-26,13,1,Disneyland Park,Peter Pan's Flight,22,OPERATING,STANDBY,70,,,queue-times.com
2026-08-26T11:01:05Z,2026-08-26,13,1,Disneyland Park,Princess Pavilion,24,OPERATING,STANDBY,0,,,queue-times.com
2026-08-26T11:01:05Z,2026-08-26,13,1,Disneyland Park,Big Thunder Mountain,25,OPERATING,STANDBY,70,,,queue-times.com
2026-08-26T11:01:05Z,2026-08-26,13,1,Disneyland Park,Disneyland Railroad Frontierland Depot,2714,OPERATING,STANDBY,30,,,queue-times.com
2026-08-26T11:01:05Z,2026-08-26,13,1,Disneyland Park,Frontierland Playground,2713,OPERATING,STANDBY,0,,,queue-times.com
2026-08-26T11:01:05Z,2026-08-26,13,1,Disneyland Park,Phantom Manor,26,OPERATING,STANDBY,10,,,queue-times.com
2026-08-26T11:01:05Z,2026-08-26,13,1,Disneyland Park,River Rogue Keelboats,27,CLOSED,STANDBY,0,,,queue-times.com
2026-08-26T11:01:05Z,2026-08-26,13,1,Disneyland Park,Rustler Roundup Shootin' Gallery,2712,OPERATING,STANDBY,0,,,queue-times.com
2026-08-26T11:01:05Z,2026-08-26,13,1,Disneyland Park,Thunder Mesa Riverboat Landing,28,OPERATING,STANDBY,20,,,queue-times.com
2026-08-26T11:01:05Z,2026-08-26,13,1,Disneyland Park,Disneyland Railroad Main Street Station,2708,OPERATING,STANDBY,0,,,queue-times.com
2026-08-26T11:01:05Z,2026-08-26,13,1,Disneyland Park,Main Street Vehicles,12,OPERATING,STANDBY,5,,,queue-times.com
2026-08-26T11:01:05Z,2026-08-26,13,1,Disney Adventure World,Avengers Assemble: Flight Force,10848,CLOSED,STANDBY,0,,,queue-times.com
2026-08-26T11:01:05Z,2026-08-26,13,1,Disney Adventure World,Avengers Assemble: Flight Force Single Rider,10849,CLOSED,STANDBY,0,,,queue-times.com
2026-08-26T11:01:05Z,2026-08-26,13,1,Disney Adventure World,Spider-Man W.E.B. Adventure,10845,OPERATING,STANDBY,50,,,queue-times.com
2026-08-26T11:01:05Z,2026-08-26,13,1,Disney Adventure World,Spider-Man W.E.B. Adventure Single Rider,10846,OPERATING,STANDBY,30,,,queue-times.com
2026-08-26T11:01:05Z,2026-08-26,13,1,Disney Adventure World,The Twilight Zone Tower of Terror,40,OPERATING,STANDBY,30,,,queue-times.com
2026-08-26T11:01:05Z,2026-08-26,13,1,Disney Adventure World,Cars Quatre Roues Rallye,31,OPERATING,STANDBY,25,,,queue-times.com
2026-08-26T11:01:05Z,2026-08-26,13,1,Disney Adventure World,Cars ROAD TRIP,29,OPERATING,STANDBY,10,,,queue-times.com
2026-08-26T11:01:05Z,2026-08-26,13,1,Disney Adventure World,Crush's Coaster,32,OPERATING,STANDBY,80,,,queue-times.com
2026-08-26T11:01:05Z,2026-08-26,13,1,Disney Adventure World,Crush's Coaster Single Rider,7277,OPERATING,STANDBY,45,,,queue-times.com
2026-08-26T11:01:05Z,2026-08-26,13,1,Disney Adventure World,Les Tapis Volants - Flying Carpets Over Agrabah®,33,OPERATING,STANDBY,25,,,queue-times.com
2026-08-26T11:01:05Z,2026-08-26,13,1,Disney Adventure World,Ratatouille : L’Aventure Totalement Toquée de Rémy​,37,OPERATING,STANDBY,45,,,queue-times.com
2026-08-26T11:01:05Z,2026-08-26,13,1,Disney Adventure World,Ratatouille: The Adventure Single Rider,7279,OPERATING,STANDBY,15,,,queue-times.com
2026-08-26T11:01:05Z,2026-08-26,13,1,Disney Adventure World,RC Racer,34,OPERATING,STANDBY,60,,,queue-times.com
2026-08-26T11:01:05Z,2026-08-26,13,1,Disney Adventure World,RC Racer Single Rider,7280,OPERATING,STANDBY,55,,,queue-times.com
2026-08-26T11:01:05Z,2026-08-26,13,1,Disney Adventure World,Slinky® Dog Zigzag Spin,36,OPERATING,STANDBY,25,,,queue-times.com
2026-08-26T11:01:05Z,2026-08-26,13,1,Disney Adventure World,Toy Soldiers Parachute Drop,35,OPERATING,STANDBY,55,,,queue-times.com
2026-08-26T11:01:05Z,2026-08-26,13,1,Disney Adventure World,Toy Soldiers Parachute Drop Single Rider,7281,OPERATING,STANDBY,20,,,queue-times.com
2026-08-26T11:01:05Z,2026-08-26,13,1,Disney Adventure World,Entry to World of Frozen,16247,OPERATING,STANDBY,0,,,queue-times.com
2026-08-26T11:01:05Z,2026-08-26,13,1,Disney Adventure World,Frozen Ever After,15413,OPERATING,STANDBY,95,,,queue-times.com
2026-08-26T11:01:05Z,2026-08-26,13,1,Disney Adventure World,Raiponce Tangled Spin,15415,OPERATING,STANDBY,20,,,queue-times.com
2026-08-26T11:15:21Z,2026-08-26,13,15,Disneyland Park,Adventure Isle,2702,OPERATING,STANDBY,0,,,queue-times.com
2026-08-26T11:15:21Z,2026-08-26,13,15,Disneyland Park,Indiana Jones and the Temple of Peril Single Rider,7306,OPERATING,STANDBY,10,,,queue-times.com
2026-08-26T11:15:21Z,2026-08-26,13,15,Disneyland Park,Indiana Jones™ and the Temple of Peril,2,OPERATING,STANDBY,25,,,queue-times.com
2026-08-26T11:15:21Z,2026-08-26,13,15,Disneyland Park,La Cabane des Robinson,1,OPERATING,STANDBY,5,,,queue-times.com
2026-08-26T11:15:21Z,2026-08-26,13,15,Disneyland Park,Le Passage Enchanté d'Aladdin,2703,OPERATING,STANDBY,0,,,queue-times.com
2026-08-26T11:15:21Z,2026-08-26,13,15,Disneyland Park,Pirate Galleon,2705,CLOSED,STANDBY,0,,,queue-times.com
2026-08-26T11:15:21Z,2026-08-26,13,15,Disneyland Park,Pirates of the Caribbean,3,OPERATING,STANDBY,30,,,queue-times.com
2026-08-26T11:15:21Z,2026-08-26,13,15,Disneyland Park,Pirates' Beach,2704,OPERATING,STANDBY,0,,,queue-times.com
2026-08-26T11:15:21Z,2026-08-26,13,15,Disneyland Park,"Autopia, presented by Avis",4,OPERATING,STANDBY,30,,,queue-times.com
2026-08-26T11:15:21Z,2026-08-26,13,15,Disneyland Park,Buzz Lightyear Laser Blast,5,OPERATING,STANDBY,45,,,queue-times.com
2026-08-26T11:15:21Z,2026-08-26,13,15,Disneyland Park,Disneyland Railroad Discoveryland Station,2706,CLOSED,STANDBY,0,,,queue-times.com
2026-08-26T11:15:21Z,2026-08-26,13,15,Disneyland Park,Les Mystères du Nautilus,6,OPERATING,STANDBY,5,,,queue-times.com
2026-08-26T11:15:21Z,2026-08-26,13,15,Disneyland Park,Mickey’s PhilharMagic,2707,OPERATING,STANDBY,0,,,queue-times.com
2026-08-26T11:15:21Z,2026-08-26,13,15,Disneyland Park,Orbitron®,7,OPERATING,STANDBY,55,,,queue-times.com
2026-08-26T11:15:21Z,2026-08-26,13,15,Disneyland Park,Star Tours: The Adventures Continue*,9,OPERATING,STANDBY,20,,,queue-times.com
2026-08-26T11:15:21Z,2026-08-26,13,15,Disneyland Park,Star Wars Hyperspace Mountain,8,OPERATING,STANDBY,30,,,queue-times.com
2026-08-26T11:15:21Z,2026-08-26,13,15,Disneyland Park,Star Wars Hyperspace Mountain Single Rider,7278,OPERATING,STANDBY,10,,,queue-times.com
2026-08-26T11:15:21Z,2026-08-26,13,15,Disneyland Park,Welcome to Starport: A Star Wars Encounter,4573,OPERATING,STANDBY,15,,,queue-times.com
2026-08-26T11:15:21Z,2026-08-26,13,15,Disneyland Park,"""it's a small world""",19,OPERATING,STANDBY,15,,,queue-times.com
2026-08-26T11:15:21Z,2026-08-26,13,15,Disneyland Park,Alice's Curious Labyrinth,14,OPERATING,STANDBY,5,,,queue-times.com
2026-08-26T11:15:21Z,2026-08-26,13,15,Disneyland Park,Blanche-Neige et les Sept Nains®,15,OPERATING,STANDBY,20,,,queue-times.com
2026-08-26T11:15:21Z,2026-08-26,13,15,Disneyland Park,Casey Jr. – le Petit Train du Cirque,17,OPERATING,STANDBY,20,,,queue-times.com
2026-08-26T11:15:21Z,2026-08-26,13,15,Disneyland Park,Disneyland Railroad Fantasyland Station,2711,CLOSED,STANDBY,0,,,queue-times.com
2026-08-26T11:15:21Z,2026-08-26,13,15,Disneyland Park,Disneyland Railroad Main Street Station,11,OPERATING,STANDBY,40,,,queue-times.com
2026-08-26T11:15:21Z,2026-08-26,13,15,Disneyland Park,Dumbo the Flying Elephant,18,CLOSED,STANDBY,0,,,queue-times.com
2026-08-26T11:15:21Z,2026-08-26,13,15,Disneyland Park,La Tanière du Dragon,2710,OPERATING,STANDBY,0,,,queue-times.com
2026-08-26T11:15:21Z,2026-08-26,13,15,Disneyland Park,Le Carrousel de Lancelot,16,OPERATING,STANDBY,10,,,queue-times.com
2026-08-26T11:15:21Z,2026-08-26,13,15,Disneyland Park,"Le Pays des Contes de Fées, presented by Vittel",21,OPERATING,STANDBY,5,,,queue-times.com
2026-08-26T11:15:21Z,2026-08-26,13,15,Disneyland Park,Les Voyages de Pinocchio,23,OPERATING,STANDBY,20,,,queue-times.com
2026-08-26T11:15:21Z,2026-08-26,13,15,Disneyland Park,Mad Hatter's Tea Cups,20,OPERATING,STANDBY,10,,,queue-times.com
2026-08-26T11:15:21Z,2026-08-26,13,15,Disneyland Park,Meet Mickey Mouse,13,OPERATING,STANDBY,0,,,queue-times.com
2026-08-26T11:15:21Z,2026-08-26,13,15,Disneyland Park,Peter Pan's Flight,22,OPERATING,STANDBY,65,,,queue-times.com
2026-08-26T11:15:21Z,2026-08-26,13,15,Disneyland Park,Princess Pavilion,24,OPERATING,STANDBY,0,,,queue-times.com
2026-08-26T11:15:21Z,2026-08-26,13,15,Disneyland Park,Big Thunder Mountain,25,OPERATING,STANDBY,60,,,queue-times.com
2026-08-26T11:15:21Z,2026-08-26,13,15,Disneyland Park,Disneyland Railroad Frontierland Depot,2714,OPERATING,STANDBY,45,,,queue-times.com
2026-08-26T11:15:21Z,2026-08-26,13,15,Disneyland Park,Frontierland Playground,2713,OPERATING,STANDBY,0,,,queue-times.com
2026-08-26T11:15:21Z,2026-08-26,13,15,Disneyland Park,Phantom Manor,26,OPERATING,STANDBY,20,,,queue-times.com
2026-08-26T11:15:21Z,2026-08-26,13,15,Disneyland Park,River Rogue Keelboats,27,CLOSED,STANDBY,0,,,queue-times.com
2026-08-26T11:15:21Z,2026-08-26,13,15,Disneyland Park,Rustler Roundup Shootin' Gallery,2712,OPERATING,STANDBY,0,,,queue-times.com
2026-08-26T11:15:21Z,2026-08-26,13,15,Disneyland Park,Thunder Mesa Riverboat Landing,28,OPERATING,STANDBY,20,,,queue-times.com
2026-08-26T11:15:21Z,2026-08-26,13,15,Disneyland Park,Disneyland Railroad Main Street Station,2708,OPERATING,STANDBY,0,,,queue-times.com
2026-08-26T11:15:21Z,2026-08-26,13,15,Disneyland Park,Main Street Vehicles,12,OPERATING,STANDBY,5,,,queue-times.com
2026-08-26T11:15:21Z,2026-08-26,13,15,Disney Adventure World,Avengers Assemble: Flight Force,10848,CLOSED,STANDBY,0,,,queue-times.com
2026-08-26T11:15:21Z,2026-08-26,13,15,Disney Adventure World,Avengers Assemble: Flight Force Single Rider,10849,CLOSED,STANDBY,0,,,queue-times.com
2026-08-26T11:15:21Z,2026-08-26,13,15,Disney Adventure World,Spider-Man W.E.B. Adventure,10845,OPERATING,STANDBY,55,,,queue-times.com
2026-08-26T11:15:21Z,2026-08-26,13,15,Disney Adventure World,Spider-Man W.E.B. Adventure Single Rider,10846,OPERATING,STANDBY,30,,,queue-times.com
2026-08-26T11:15:21Z,2026-08-26,13,15,Disney Adventure World,The Twilight Zone Tower of Terror,40,OPERATING,STANDBY,30,,,queue-times.com
2026-08-26T11:15:21Z,2026-08-26,13,15,Disney Adventure World,Cars Quatre Roues Rallye,31,OPERATING,STANDBY,10,,,queue-times.com
2026-08-26T11:15:21Z,2026-08-26,13,15,Disney Adventure World,Cars ROAD TRIP,29,OPERATING,STANDBY,10,,,queue-times.com
2026-08-26T11:15:21Z,2026-08-26,13,15,Disney Adventure World,Crush's Coaster,32,OPERATING,STANDBY,90,,,queue-times.com
2026-08-26T11:15:21Z,2026-08-26,13,15,Disney Adventure World,Crush's Coaster Single Rider,7277,OPERATING,STANDBY,55,,,queue-times.com
2026-08-26T11:15:21Z,2026-08-26,13,15,Disney Adventure World,Les Tapis Volants - Flying Carpets Over Agrabah®,33,OPERATING,STANDBY,25,,,queue-times.com
2026-08-26T11:15:21Z,2026-08-26,13,15,Disney Adventure World,Ratatouille : L’Aventure Totalement Toquée de Rémy​,37,OPERATING,STANDBY,65,,,queue-times.com
2026-08-26T11:15:21Z,2026-08-26,13,15,Disney Adventure World,Ratatouille: The Adventure Single Rider,7279,OPERATING,STANDBY,25,,,queue-times.com
2026-08-26T11:15:21Z,2026-08-26,13,15,Disney Adventure World,RC Racer,34,OPERATING,STANDBY,50,,,queue-times.com
2026-08-26T11:15:21Z,2026-08-26,13,15,Disney Adventure World,RC Racer Single Rider,7280,OPERATING,STANDBY,45,,,queue-times.com
2026-08-26T11:15:21Z,2026-08-26,13,15,Disney Adventure World,Slinky® Dog Zigzag Spin,36,OPERATING,STANDBY,20,,,queue-times.com
2026-08-26T11:15:21Z,2026-08-26,13,15,Disney Adventure World,Toy Soldiers Parachute Drop,35,OPERATING,STANDBY,45,,,queue-times.com
2026-08-26T11:15:21Z,2026-08-26,13,15,Disney Adventure World,Toy Soldiers Parachute Drop Single Rider,7281,OPERATING,STANDBY,20,,,queue-times.com
2026-08-26T11:15:21Z,2026-08-26,13,15,Disney Adventure World,Entry to World of Frozen,16247,OPERATING,STANDBY,0,,,queue-times.com
2026-08-26T11:15:21Z,2026-08-26,13,15,Disney Adventure World,Frozen Ever After,15413,OPERATING,STANDBY,80,,,queue-times.com
2026-08-26T11:15:21Z,2026-08-26,13,15,Disney Adventure World,Raiponce Tangled Spin,15415,OPERATING,STANDBY,15,,,queue-times.com
2026-08-26T11:30:53Z,2026-08-26,13,30,Disneyland Park,Adventure Isle,2702,OPERATING,STANDBY,0,,,queue-times.com
2026-08-26T11:30:53Z,2026-08-26,13,30,Disneyland Park,Indiana Jones and the Temple of Peril Single Rider,7306,OPERATING,STANDBY,10,,,queue-times.com
2026-08-26T11:30:53Z,2026-08-26,13,30,Disneyland Park,Indiana Jones™ and the Temple of Peril,2,OPERATING,STANDBY,25,,,queue-times.com
2026-08-26T11:30:53Z,2026-08-26,13,30,Disneyland Park,La Cabane des Robinson,1,OPERATING,STANDBY,5,,,queue-times.com
2026-08-26T11:30:53Z,2026-08-26,13,30,Disneyland Park,Le Passage Enchanté d'Aladdin,2703,OPERATING,STANDBY,0,,,queue-times.com
2026-08-26T11:30:53Z,2026-08-26,13,30,Disneyland Park,Pirate Galleon,2705,CLOSED,STANDBY,0,,,queue-times.com
2026-08-26T11:30:53Z,2026-08-26,13,30,Disneyland Park,Pirates of the Caribbean,3,OPERATING,STANDBY,30,,,queue-times.com
2026-08-26T11:30:53Z,2026-08-26,13,30,Disneyland Park,Pirates' Beach,2704,OPERATING,STANDBY,0,,,queue-times.com
2026-08-26T11:30:53Z,2026-08-26,13,30,Disneyland Park,"Autopia, presented by Avis",4,OPERATING,STANDBY,30,,,queue-times.com
2026-08-26T11:30:53Z,2026-08-26,13,30,Disneyland Park,Buzz Lightyear Laser Blast,5,OPERATING,STANDBY,40,,,queue-times.com
2026-08-26T11:30:53Z,2026-08-26,13,30,Disneyland Park,Disneyland Railroad Discoveryland Station,2706,CLOSED,STANDBY,0,,,queue-times.com
2026-08-26T11:30:53Z,2026-08-26,13,30,Disneyland Park,Les Mystères du Nautilus,6,OPERATING,STANDBY,5,,,queue-times.com
2026-08-26T11:30:53Z,2026-08-26,13,30,Disneyland Park,Mickey’s PhilharMagic,2707,OPERATING,STANDBY,0,,,queue-times.com
2026-08-26T11:30:53Z,2026-08-26,13,30,Disneyland Park,Orbitron®,7,OPERATING,STANDBY,55,,,queue-times.com
2026-08-26T11:30:53Z,2026-08-26,13,30,Disneyland Park,Star Tours: The Adventures Continue*,9,OPERATING,STANDBY,10,,,queue-times.com
2026-08-26T11:30:53Z,2026-08-26,13,30,Disneyland Park,Star Wars Hyperspace Mountain,8,OPERATING,STANDBY,35,,,queue-times.com
2026-08-26T11:30:53Z,2026-08-26,13,30,Disneyland Park,Star Wars Hyperspace Mountain Single Rider,7278,OPERATING,STANDBY,25,,,queue-times.com
2026-08-26T11:30:53Z,2026-08-26,13,30,Disneyland Park,Welcome to Starport: A Star Wars Encounter,4573,OPERATING,STANDBY,25,,,queue-times.com
2026-08-26T11:30:53Z,2026-08-26,13,30,Disneyland Park,"""it's a small world""",19,OPERATING,STANDBY,10,,,queue-times.com
2026-08-26T11:30:53Z,2026-08-26,13,30,Disneyland Park,Alice's Curious Labyrinth,14,OPERATING,STANDBY,5,,,queue-times.com
2026-08-26T11:30:53Z,2026-08-26,13,30,Disneyland Park,Blanche-Neige et les Sept Nains®,15,OPERATING,STANDBY,15,,,queue-times.com
2026-08-26T11:30:53Z,2026-08-26,13,30,Disneyland Park,Casey Jr. – le Petit Train du Cirque,17,OPERATING,STANDBY,25,,,queue-times.com
2026-08-26T11:30:53Z,2026-08-26,13,30,Disneyland Park,Disneyland Railroad Fantasyland Station,2711,CLOSED,STANDBY,0,,,queue-times.com
2026-08-26T11:30:53Z,2026-08-26,13,30,Disneyland Park,Disneyland Railroad Main Street Station,11,OPERATING,STANDBY,10,,,queue-times.com
2026-08-26T11:30:53Z,2026-08-26,13,30,Disneyland Park,Dumbo the Flying Elephant,18,CLOSED,STANDBY,0,,,queue-times.com
2026-08-26T11:30:53Z,2026-08-26,13,30,Disneyland Park,La Tanière du Dragon,2710,OPERATING,STANDBY,0,,,queue-times.com
2026-08-26T11:30:53Z,2026-08-26,13,30,Disneyland Park,Le Carrousel de Lancelot,16,OPERATING,STANDBY,10,,,queue-times.com
2026-08-26T11:30:53Z,2026-08-26,13,30,Disneyland Park,"Le Pays des Contes de Fées, presented by Vittel",21,OPERATING,STANDBY,5,,,queue-times.com
2026-08-26T11:30:53Z,2026-08-26,13,30,Disneyland Park,Les Voyages de Pinocchio,23,OPERATING,STANDBY,15,,,queue-times.com
2026-08-26T11:30:53Z,2026-08-26,13,30,Disneyland Park,Mad Hatter's Tea Cups,20,OPERATING,STANDBY,10,,,queue-times.com
2026-08-26T11:30:53Z,2026-08-26,13,30,Disneyland Park,Meet Mickey Mouse,13,OPERATING,STANDBY,0,,,queue-times.com
2026-08-26T11:30:53Z,2026-08-26,13,30,Disneyland Park,Peter Pan's Flight,22,OPERATING,STANDBY,60,,,queue-times.com
2026-08-26T11:30:53Z,2026-08-26,13,30,Disneyland Park,Princess Pavilion,24,OPERATING,STANDBY,0,,,queue-times.com
2026-08-26T11:30:53Z,2026-08-26,13,30,Disneyland Park,Big Thunder Mountain,25,OPERATING,STANDBY,70,,,queue-times.com
2026-08-26T11:30:53Z,2026-08-26,13,30,Disneyland Park,Disneyland Railroad Frontierland Depot,2714,OPERATING,STANDBY,20,,,queue-times.com
2026-08-26T11:30:53Z,2026-08-26,13,30,Disneyland Park,Frontierland Playground,2713,OPERATING,STANDBY,0,,,queue-times.com
2026-08-26T11:30:53Z,2026-08-26,13,30,Disneyland Park,Phantom Manor,26,OPERATING,STANDBY,20,,,queue-times.com
2026-08-26T11:30:53Z,2026-08-26,13,30,Disneyland Park,River Rogue Keelboats,27,CLOSED,STANDBY,0,,,queue-times.com
2026-08-26T11:30:53Z,2026-08-26,13,30,Disneyland Park,Rustler Roundup Shootin' Gallery,2712,OPERATING,STANDBY,0,,,queue-times.com
2026-08-26T11:30:53Z,2026-08-26,13,30,Disneyland Park,Thunder Mesa Riverboat Landing,28,OPERATING,STANDBY,20,,,queue-times.com
2026-08-26T11:30:53Z,2026-08-26,13,30,Disneyland Park,Disneyland Railroad Main Street Station,2708,OPERATING,STANDBY,0,,,queue-times.com
2026-08-26T11:30:53Z,2026-08-26,13,30,Disneyland Park,Main Street Vehicles,12,OPERATING,STANDBY,5,,,queue-times.com
2026-08-26T11:30:53Z,2026-08-26,13,30,Disney Adventure World,Avengers Assemble: Flight Force,10848,CLOSED,STANDBY,0,,,queue-times.com
2026-08-26T11:30:53Z,2026-08-26,13,30,Disney Adventure World,Avengers Assemble: Flight Force Single Rider,10849,CLOSED,STANDBY,0,,,queue-times.com
2026-08-26T11:30:53Z,2026-08-26,13,30,Disney Adventure World,Spider-Man W.E.B. Adventure,10845,OPERATING,STANDBY,60,,,queue-times.com
2026-08-26T11:30:53Z,2026-08-26,13,30,Disney Adventure World,Spider-Man W.E.B. Adventure Single Rider,10846,OPERATING,STANDBY,25,,,queue-times.com
2026-08-26T11:30:53Z,2026-08-26,13,30,Disney Adventure World,The Twilight Zone Tower of Terror,40,OPERATING,STANDBY,25,,,queue-times.com
2026-08-26T11:30:53Z,2026-08-26,13,30,Disney Adventure World,Cars Quatre Roues Rallye,31,OPERATING,STANDBY,10,,,queue-times.com
2026-08-26T11:30:53Z,2026-08-26,13,30,Disney Adventure World,Cars ROAD TRIP,29,OPERATING,STANDBY,15,,,queue-times.com
2026-08-26T11:30:53Z,2026-08-26,13,30,Disney Adventure World,Crush's Coaster,32,OPERATING,STANDBY,90,,,queue-times.com
2026-08-26T11:30:53Z,2026-08-26,13,30,Disney Adventure World,Crush's Coaster Single Rider,7277,OPERATING,STANDBY,60,,,queue-times.com
2026-08-26T11:30:53Z,2026-08-26,13,30,Disney Adventure World,Les Tapis Volants - Flying Carpets Over Agrabah®,33,OPERATING,STANDBY,15,,,queue-times.com
2026-08-26T11:30:53Z,2026-08-26,13,30,Disney Adventure World,Ratatouille : L’Aventure Totalement Toquée de Rémy​,37,CLOSED,STANDBY,0,,,queue-times.com
2026-08-26T11:30:53Z,2026-08-26,13,30,Disney Adventure World,Ratatouille: The Adventure Single Rider,7279,CLOSED,STANDBY,0,,,queue-times.com
2026-08-26T11:30:53Z,2026-08-26,13,30,Disney Adventure World,RC Racer,34,OPERATING,STANDBY,45,,,queue-times.com
2026-08-26T11:30:53Z,2026-08-26,13,30,Disney Adventure World,RC Racer Single Rider,7280,OPERATING,STANDBY,40,,,queue-times.com
2026-08-26T11:30:53Z,2026-08-26,13,30,Disney Adventure World,Slinky® Dog Zigzag Spin,36,OPERATING,STANDBY,20,,,queue-times.com
2026-08-26T11:30:53Z,2026-08-26,13,30,Disney Adventure World,Toy Soldiers Parachute Drop,35,OPERATING,STANDBY,50,,,queue-times.com
2026-08-26T11:30:53Z,2026-08-26,13,30,Disney Adventure World,Toy Soldiers Parachute Drop Single Rider,7281,OPERATING,STANDBY,30,,,queue-times.com
2026-08-26T11:30:53Z,2026-08-26,13,30,Disney Adventure World,Entry to World of Frozen,16247,OPERATING,STANDBY,0,,,queue-times.com
2026-08-26T11:30:53Z,2026-08-26,13,30,Disney Adventure World,Frozen Ever After,15413,OPERATING,STANDBY,50,,,queue-times.com
2026-08-26T11:30:53Z,2026-08-26,13,30,Disney Adventure World,Raiponce Tangled Spin,15415,OPERATING,STANDBY,10,,,queue-times.com
2026-08-26T11:45:40Z,2026-08-26,13,45,Disneyland Park,Adventure Isle,2702,OPERATING,STANDBY,0,,,queue-times.com
2026-08-26T11:45:40Z,2026-08-26,13,45,Disneyland Park,Indiana Jones and the Temple of Peril Single Rider,7306,OPERATING,STANDBY,20,,,queue-times.com
2026-08-26T11:45:40Z,2026-08-26,13,45,Disneyland Park,Indiana Jones™ and the Temple of Peril,2,OPERATING,STANDBY,25,,,queue-times.com
2026-08-26T11:45:40Z,2026-08-26,13,45,Disneyland Park,La Cabane des Robinson,1,OPERATING,STANDBY,5,,,queue-times.com
2026-08-26T11:45:40Z,2026-08-26,13,45,Disneyland Park,Le Passage Enchanté d'Aladdin,2703,OPERATING,STANDBY,0,,,queue-times.com
2026-08-26T11:45:40Z,2026-08-26,13,45,Disneyland Park,Pirate Galleon,2705,CLOSED,STANDBY,0,,,queue-times.com
2026-08-26T11:45:40Z,2026-08-26,13,45,Disneyland Park,Pirates of the Caribbean,3,OPERATING,STANDBY,30,,,queue-times.com
2026-08-26T11:45:40Z,2026-08-26,13,45,Disneyland Park,Pirates' Beach,2704,OPERATING,STANDBY,0,,,queue-times.com
2026-08-26T11:45:40Z,2026-08-26,13,45,Disneyland Park,"Autopia, presented by Avis",4,OPERATING,STANDBY,45,,,queue-times.com
2026-08-26T11:45:40Z,2026-08-26,13,45,Disneyland Park,Buzz Lightyear Laser Blast,5,OPERATING,STANDBY,40,,,queue-times.com
2026-08-26T11:45:40Z,2026-08-26,13,45,Disneyland Park,Disneyland Railroad Discoveryland Station,2706,CLOSED,STANDBY,0,,,queue-times.com
2026-08-26T11:45:40Z,2026-08-26,13,45,Disneyland Park,Les Mystères du Nautilus,6,OPERATING,STANDBY,5,,,queue-times.com
2026-08-26T11:45:40Z,2026-08-26,13,45,Disneyland Park,Mickey’s PhilharMagic,2707,OPERATING,STANDBY,0,,,queue-times.com
2026-08-26T11:45:40Z,2026-08-26,13,45,Disneyland Park,Orbitron®,7,OPERATING,STANDBY,55,,,queue-times.com
2026-08-26T11:45:40Z,2026-08-26,13,45,Disneyland Park,Star Tours: The Adventures Continue*,9,OPERATING,STANDBY,10,,,queue-times.com
2026-08-26T11:45:40Z,2026-08-26,13,45,Disneyland Park,Star Wars Hyperspace Mountain,8,OPERATING,STANDBY,35,,,queue-times.com
2026-08-26T11:45:40Z,2026-08-26,13,45,Disneyland Park,Star Wars Hyperspace Mountain Single Rider,7278,OPERATING,STANDBY,25,,,queue-times.com
2026-08-26T11:45:40Z,2026-08-26,13,45,Disneyland Park,Welcome to Starport: A Star Wars Encounter,4573,OPERATING,STANDBY,25,,,queue-times.com
2026-08-26T11:45:40Z,2026-08-26,13,45,Disneyland Park,"""it's a small world""",19,OPERATING,STANDBY,10,,,queue-times.com
2026-08-26T11:45:40Z,2026-08-26,13,45,Disneyland Park,Alice's Curious Labyrinth,14,OPERATING,STANDBY,5,,,queue-times.com
2026-08-26T11:45:40Z,2026-08-26,13,45,Disneyland Park,Blanche-Neige et les Sept Nains®,15,OPERATING,STANDBY,15,,,queue-times.com
2026-08-26T11:45:40Z,2026-08-26,13,45,Disneyland Park,Casey Jr. – le Petit Train du Cirque,17,OPERATING,STANDBY,25,,,queue-times.com
2026-08-26T11:45:40Z,2026-08-26,13,45,Disneyland Park,Disneyland Railroad Fantasyland Station,2711,CLOSED,STANDBY,0,,,queue-times.com
2026-08-26T11:45:40Z,2026-08-26,13,45,Disneyland Park,Disneyland Railroad Main Street Station,11,OPERATING,STANDBY,10,,,queue-times.com
2026-08-26T11:45:40Z,2026-08-26,13,45,Disneyland Park,Dumbo the Flying Elephant,18,CLOSED,STANDBY,0,,,queue-times.com
2026-08-26T11:45:40Z,2026-08-26,13,45,Disneyland Park,La Tanière du Dragon,2710,OPERATING,STANDBY,0,,,queue-times.com
2026-08-26T11:45:40Z,2026-08-26,13,45,Disneyland Park,Le Carrousel de Lancelot,16,OPERATING,STANDBY,10,,,queue-times.com
2026-08-26T11:45:40Z,2026-08-26,13,45,Disneyland Park,"Le Pays des Contes de Fées, presented by Vittel",21,OPERATING,STANDBY,5,,,queue-times.com
2026-08-26T11:45:40Z,2026-08-26,13,45,Disneyland Park,Les Voyages de Pinocchio,23,OPERATING,STANDBY,15,,,queue-times.com
2026-08-26T11:45:40Z,2026-08-26,13,45,Disneyland Park,Mad Hatter's Tea Cups,20,OPERATING,STANDBY,10,,,queue-times.com
2026-08-26T11:45:40Z,2026-08-26,13,45,Disneyland Park,Meet Mickey Mouse,13,OPERATING,STANDBY,0,,,queue-times.com
2026-08-26T11:45:40Z,2026-08-26,13,45,Disneyland Park,Peter Pan's Flight,22,OPERATING,STANDBY,60,,,queue-times.com
2026-08-26T11:45:40Z,2026-08-26,13,45,Disneyland Park,Princess Pavilion,24,OPERATING,STANDBY,0,,,queue-times.com
2026-08-26T11:45:40Z,2026-08-26,13,45,Disneyland Park,Big Thunder Mountain,25,OPERATING,STANDBY,70,,,queue-times.com
2026-08-26T11:45:40Z,2026-08-26,13,45,Disneyland Park,Disneyland Railroad Frontierland Depot,2714,OPERATING,STANDBY,10,,,queue-times.com
2026-08-26T11:45:40Z,2026-08-26,13,45,Disneyland Park,Frontierland Playground,2713,OPERATING,STANDBY,0,,,queue-times.com
2026-08-26T11:45:40Z,2026-08-26,13,45,Disneyland Park,Phantom Manor,26,OPERATING,STANDBY,20,,,queue-times.com
2026-08-26T11:45:40Z,2026-08-26,13,45,Disneyland Park,River Rogue Keelboats,27,CLOSED,STANDBY,0,,,queue-times.com
2026-08-26T11:45:40Z,2026-08-26,13,45,Disneyland Park,Rustler Roundup Shootin' Gallery,2712,OPERATING,STANDBY,0,,,queue-times.com
2026-08-26T11:45:40Z,2026-08-26,13,45,Disneyland Park,Thunder Mesa Riverboat Landing,28,OPERATING,STANDBY,20,,,queue-times.com
2026-08-26T11:45:40Z,2026-08-26,13,45,Disneyland Park,Disneyland Railroad Main Street Station,2708,OPERATING,STANDBY,0,,,queue-times.com
2026-08-26T11:45:40Z,2026-08-26,13,45,Disneyland Park,Main Street Vehicles,12,OPERATING,STANDBY,5,,,queue-times.com
2026-08-26T11:45:40Z,2026-08-26,13,45,Disney Adventure World,Avengers Assemble: Flight Force,10848,CLOSED,STANDBY,0,,,queue-times.com
2026-08-26T11:45:40Z,2026-08-26,13,45,Disney Adventure World,Avengers Assemble: Flight Force Single Rider,10849,CLOSED,STANDBY,0,,,queue-times.com
2026-08-26T11:45:40Z,2026-08-26,13,45,Disney Adventure World,Spider-Man W.E.B. Adventure,10845,OPERATING,STANDBY,60,,,queue-times.com
2026-08-26T11:45:40Z,2026-08-26,13,45,Disney Adventure World,Spider-Man W.E.B. Adventure Single Rider,10846,OPERATING,STANDBY,25,,,queue-times.com
2026-08-26T11:45:40Z,2026-08-26,13,45,Disney Adventure World,The Twilight Zone Tower of Terror,40,OPERATING,STANDBY,30,,,queue-times.com
2026-08-26T11:45:40Z,2026-08-26,13,45,Disney Adventure World,Cars Quatre Roues Rallye,31,OPERATING,STANDBY,10,,,queue-times.com
2026-08-26T11:45:40Z,2026-08-26,13,45,Disney Adventure World,Cars ROAD TRIP,29,OPERATING,STANDBY,20,,,queue-times.com
2026-08-26T11:45:40Z,2026-08-26,13,45,Disney Adventure World,Crush's Coaster,32,OPERATING,STANDBY,105,,,queue-times.com
2026-08-26T11:45:40Z,2026-08-26,13,45,Disney Adventure World,Crush's Coaster Single Rider,7277,OPERATING,STANDBY,85,,,queue-times.com
2026-08-26T11:45:40Z,2026-08-26,13,45,Disney Adventure World,Les Tapis Volants - Flying Carpets Over Agrabah®,33,OPERATING,STANDBY,15,,,queue-times.com
2026-08-26T11:45:40Z,2026-08-26,13,45,Disney Adventure World,Ratatouille : L’Aventure Totalement Toquée de Rémy​,37,CLOSED,STANDBY,0,,,queue-times.com
2026-08-26T11:45:40Z,2026-08-26,13,45,Disney Adventure World,Ratatouille: The Adventure Single Rider,7279,CLOSED,STANDBY,0,,,queue-times.com
2026-08-26T11:45:40Z,2026-08-26,13,45,Disney Adventure World,RC Racer,34,OPERATING,STANDBY,50,,,queue-times.com
2026-08-26T11:45:40Z,2026-08-26,13,45,Disney Adventure World,RC Racer Single Rider,7280,OPERATING,STANDBY,40,,,queue-times.com
2026-08-26T11:45:40Z,2026-08-26,13,45,Disney Adventure World,Slinky® Dog Zigzag Spin,36,OPERATING,STANDBY,15,,,queue-times.com
2026-08-26T11:45:40Z,2026-08-26,13,45,Disney Adventure World,Toy Soldiers Parachute Drop,35,OPERATING,STANDBY,50,,,queue-times.com
2026-08-26T11:45:40Z,2026-08-26,13,45,Disney Adventure World,Toy Soldiers Parachute Drop Single Rider,7281,OPERATING,STANDBY,20,,,queue-times.com
2026-08-26T11:45:40Z,2026-08-26,13,45,Disney Adventure World,Entry to World of Frozen,16247,OPERATING,STANDBY,0,,,queue-times.com
2026-08-26T11:45:40Z,2026-08-26,13,45,Disney Adventure World,Frozen Ever After,15413,OPERATING,STANDBY,50,,,queue-times.com
2026-08-26T11:45:40Z,2026-08-26,13,45,Disney Adventure World,Raiponce Tangled Spin,15415,OPERATING,STANDBY,10,,,queue-times.com
2026-08-26T11:50:33Z,2026-08-26,13,50,Disneyland Park,Adventure Isle,2702,OPERATING,STANDBY,0,,,queue-times.com
2026-08-26T11:50:33Z,2026-08-26,13,50,Disneyland Park,Indiana Jones and the Temple of Peril Single Rider,7306,OPERATING,STANDBY,20,,,queue-times.com
2026-08-26T11:50:33Z,2026-08-26,13,50,Disneyland Park,Indiana Jones™ and the Temple of Peril,2,OPERATING,STANDBY,25,,,queue-times.com
2026-08-26T11:50:33Z,2026-08-26,13,50,Disneyland Park,La Cabane des Robinson,1,OPERATING,STANDBY,5,,,queue-times.com
2026-08-26T11:50:33Z,2026-08-26,13,50,Disneyland Park,Le Passage Enchanté d'Aladdin,2703,OPERATING,STANDBY,0,,,queue-times.com
2026-08-26T11:50:33Z,2026-08-26,13,50,Disneyland Park,Pirate Galleon,2705,CLOSED,STANDBY,0,,,queue-times.com
2026-08-26T11:50:33Z,2026-08-26,13,50,Disneyland Park,Pirates of the Caribbean,3,OPERATING,STANDBY,30,,,queue-times.com
2026-08-26T11:50:33Z,2026-08-26,13,50,Disneyland Park,Pirates' Beach,2704,OPERATING,STANDBY,0,,,queue-times.com
2026-08-26T11:50:33Z,2026-08-26,13,50,Disneyland Park,"Autopia, presented by Avis",4,OPERATING,STANDBY,45,,,queue-times.com
2026-08-26T11:50:33Z,2026-08-26,13,50,Disneyland Park,Buzz Lightyear Laser Blast,5,OPERATING,STANDBY,40,,,queue-times.com
2026-08-26T11:50:33Z,2026-08-26,13,50,Disneyland Park,Disneyland Railroad Discoveryland Station,2706,CLOSED,STANDBY,0,,,queue-times.com
2026-08-26T11:50:33Z,2026-08-26,13,50,Disneyland Park,Les Mystères du Nautilus,6,OPERATING,STANDBY,5,,,queue-times.com
2026-08-26T11:50:33Z,2026-08-26,13,50,Disneyland Park,Mickey’s PhilharMagic,2707,OPERATING,STANDBY,0,,,queue-times.com
2026-08-26T11:50:33Z,2026-08-26,13,50,Disneyland Park,Orbitron®,7,OPERATING,STANDBY,50,,,queue-times.com
2026-08-26T11:50:33Z,2026-08-26,13,50,Disneyland Park,Star Tours: The Adventures Continue*,9,OPERATING,STANDBY,15,,,queue-times.com
2026-08-26T11:50:33Z,2026-08-26,13,50,Disneyland Park,Star Wars Hyperspace Mountain,8,OPERATING,STANDBY,35,,,queue-times.com
2026-08-26T11:50:33Z,2026-08-26,13,50,Disneyland Park,Star Wars Hyperspace Mountain Single Rider,7278,OPERATING,STANDBY,25,,,queue-times.com
2026-08-26T11:50:33Z,2026-08-26,13,50,Disneyland Park,Welcome to Starport: A Star Wars Encounter,4573,OPERATING,STANDBY,25,,,queue-times.com
2026-08-26T11:50:33Z,2026-08-26,13,50,Disneyland Park,"""it's a small world""",19,OPERATING,STANDBY,15,,,queue-times.com
2026-08-26T11:50:33Z,2026-08-26,13,50,Disneyland Park,Alice's Curious Labyrinth,14,OPERATING,STANDBY,5,,,queue-times.com
2026-08-26T11:50:33Z,2026-08-26,13,50,Disneyland Park,Blanche-Neige et les Sept Nains®,15,OPERATING,STANDBY,15,,,queue-times.com
2026-08-26T11:50:33Z,2026-08-26,13,50,Disneyland Park,Casey Jr. – le Petit Train du Cirque,17,OPERATING,STANDBY,25,,,queue-times.com
2026-08-26T11:50:33Z,2026-08-26,13,50,Disneyland Park,Disneyland Railroad Fantasyland Station,2711,CLOSED,STANDBY,0,,,queue-times.com
2026-08-26T11:50:33Z,2026-08-26,13,50,Disneyland Park,Disneyland Railroad Main Street Station,11,OPERATING,STANDBY,10,,,queue-times.com
2026-08-26T11:50:33Z,2026-08-26,13,50,Disneyland Park,Dumbo the Flying Elephant,18,CLOSED,STANDBY,0,,,queue-times.com
2026-08-26T11:50:33Z,2026-08-26,13,50,Disneyland Park,La Tanière du Dragon,2710,OPERATING,STANDBY,0,,,queue-times.com
2026-08-26T11:50:33Z,2026-08-26,13,50,Disneyland Park,Le Carrousel de Lancelot,16,OPERATING,STANDBY,10,,,queue-times.com
2026-08-26T11:50:33Z,2026-08-26,13,50,Disneyland Park,"Le Pays des Contes de Fées, presented by Vittel",21,OPERATING,STANDBY,5,,,queue-times.com
2026-08-26T11:50:33Z,2026-08-26,13,50,Disneyland Park,Les Voyages de Pinocchio,23,OPERATING,STANDBY,20,,,queue-times.com
2026-08-26T11:50:33Z,2026-08-26,13,50,Disneyland Park,Mad Hatter's Tea Cups,20,OPERATING,STANDBY,10,,,queue-times.com
2026-08-26T11:50:33Z,2026-08-26,13,50,Disneyland Park,Meet Mickey Mouse,13,OPERATING,STANDBY,0,,,queue-times.com
2026-08-26T11:50:33Z,2026-08-26,13,50,Disneyland Park,Peter Pan's Flight,22,OPERATING,STANDBY,60,,,queue-times.com
2026-08-26T11:50:33Z,2026-08-26,13,50,Disneyland Park,Princess Pavilion,24,OPERATING,STANDBY,0,,,queue-times.com
2026-08-26T11:50:33Z,2026-08-26,13,50,Disneyland Park,Big Thunder Mountain,25,OPERATING,STANDBY,70,,,queue-times.com
2026-08-26T11:50:33Z,2026-08-26,13,50,Disneyland Park,Disneyland Railroad Frontierland Depot,2714,OPERATING,STANDBY,10,,,queue-times.com
2026-08-26T11:50:33Z,2026-08-26,13,50,Disneyland Park,Frontierland Playground,2713,OPERATING,STANDBY,0,,,queue-times.com
2026-08-26T11:50:33Z,2026-08-26,13,50,Disneyland Park,Phantom Manor,26,OPERATING,STANDBY,20,,,queue-times.com
2026-08-26T11:50:33Z,2026-08-26,13,50,Disneyland Park,River Rogue Keelboats,27,CLOSED,STANDBY,0,,,queue-times.com
2026-08-26T11:50:33Z,2026-08-26,13,50,Disneyland Park,Rustler Roundup Shootin' Gallery,2712,OPERATING,STANDBY,0,,,queue-times.com
2026-08-26T11:50:33Z,2026-08-26,13,50,Disneyland Park,Thunder Mesa Riverboat Landing,28,OPERATING,STANDBY,20,,,queue-times.com
2026-08-26T11:50:33Z,2026-08-26,13,50,Disneyland Park,Disneyland Railroad Main Street Station,2708,OPERATING,STANDBY,0,,,queue-times.com
2026-08-26T11:50:33Z,2026-08-26,13,50,Disneyland Park,Main Street Vehicles,12,OPERATING,STANDBY,5,,,queue-times.com
2026-08-26T11:50:33Z,2026-08-26,13,50,Disney Adventure World,Avengers Assemble: Flight Force,10848,CLOSED,STANDBY,0,,,queue-times.com
2026-08-26T11:50:33Z,2026-08-26,13,50,Disney Adventure World,Avengers Assemble: Flight Force Single Rider,10849,CLOSED,STANDBY,0,,,queue-times.com
2026-08-26T11:50:33Z,2026-08-26,13,50,Disney Adventure World,Spider-Man W.E.B. Adventure,10845,OPERATING,STANDBY,60,,,queue-times.com
2026-08-26T11:50:33Z,2026-08-26,13,50,Disney Adventure World,Spider-Man W.E.B. Adventure Single Rider,10846,OPERATING,STANDBY,25,,,queue-times.com
2026-08-26T11:50:33Z,2026-08-26,13,50,Disney Adventure World,The Twilight Zone Tower of Terror,40,OPERATING,STANDBY,40,,,queue-times.com
2026-08-26T11:50:33Z,2026-08-26,13,50,Disney Adventure World,Cars Quatre Roues Rallye,31,OPERATING,STANDBY,15,,,queue-times.com
2026-08-26T11:50:33Z,2026-08-26,13,50,Disney Adventure World,Cars ROAD TRIP,29,OPERATING,STANDBY,20,,,queue-times.com
2026-08-26T11:50:33Z,2026-08-26,13,50,Disney Adventure World,Crush's Coaster,32,OPERATING,STANDBY,105,,,queue-times.com
2026-08-26T11:50:33Z,2026-08-26,13,50,Disney Adventure World,Crush's Coaster Single Rider,7277,OPERATING,STANDBY,85,,,queue-times.com
2026-08-26T11:50:33Z,2026-08-26,13,50,Disney Adventure World,Les Tapis Volants - Flying Carpets Over Agrabah®,33,OPERATING,STANDBY,15,,,queue-times.com
2026-08-26T11:50:33Z,2026-08-26,13,50,Disney Adventure World,Ratatouille : L’Aventure Totalement Toquée de Rémy​,37,CLOSED,STANDBY,0,,,queue-times.com
2026-08-26T11:50:33Z,2026-08-26,13,50,Disney Adventure World,Ratatouille: The Adventure Single Rider,7279,CLOSED,STANDBY,0,,,queue-times.com
2026-08-26T11:50:33Z,2026-08-26,13,50,Disney Adventure World,RC Racer,34,OPERATING,STANDBY,50,,,queue-times.com
2026-08-26T11:50:33Z,2026-08-26,13,50,Disney Adventure World,RC Racer Single Rider,7280,OPERATING,STANDBY,40,,,queue-times.com
2026-08-26T11:50:33Z,2026-08-26,13,50,Disney Adventure World,Slinky® Dog Zigzag Spin,36,OPERATING,STANDBY,20,,,queue-times.com
2026-08-26T11:50:33Z,2026-08-26,13,50,Disney Adventure World,Toy Soldiers Parachute Drop,35,OPERATING,STANDBY,50,,,queue-times.com
2026-08-26T11:50:33Z,2026-08-26,13,50,Disney Adventure World,Toy Soldiers Parachute Drop Single Rider,7281,OPERATING,STANDBY,25,,,queue-times.com
2026-08-26T11:50:33Z,2026-08-26,13,50,Disney Adventure World,Entry to World of Frozen,16247,OPERATING,STANDBY,0,,,queue-times.com
2026-08-26T11:50:33Z,2026-08-26,13,50,Disney Adventure World,Frozen Ever After,15413,OPERATING,STANDBY,50,,,queue-times.com
2026-08-26T11:50:33Z,2026-08-26,13,50,Disney Adventure World,Raiponce Tangled Spin,15415,OPERATING,STANDBY,10,,,queue-times.com
2026-08-26T12:01:06Z,2026-08-26,14,1,Disneyland Park,Adventure Isle,2702,OPERATING,STANDBY,0,,,queue-times.com
2026-08-26T12:01:06Z,2026-08-26,14,1,Disneyland Park,Indiana Jones and the Temple of Peril Single Rider,7306,OPERATING,STANDBY,5,,,queue-times.com
2026-08-26T12:01:06Z,2026-08-26,14,1,Disneyland Park,Indiana Jones™ and the Temple of Peril,2,OPERATING,STANDBY,25,,,queue-times.com
2026-08-26T12:01:06Z,2026-08-26,14,1,Disneyland Park,La Cabane des Robinson,1,OPERATING,STANDBY,5,,,queue-times.com
2026-08-26T12:01:06Z,2026-08-26,14,1,Disneyland Park,Le Passage Enchanté d'Aladdin,2703,OPERATING,STANDBY,0,,,queue-times.com
2026-08-26T12:01:06Z,2026-08-26,14,1,Disneyland Park,Pirate Galleon,2705,CLOSED,STANDBY,0,,,queue-times.com
2026-08-26T12:01:06Z,2026-08-26,14,1,Disneyland Park,Pirates of the Caribbean,3,OPERATING,STANDBY,35,,,queue-times.com
2026-08-26T12:01:06Z,2026-08-26,14,1,Disneyland Park,Pirates' Beach,2704,OPERATING,STANDBY,0,,,queue-times.com
2026-08-26T12:01:06Z,2026-08-26,14,1,Disneyland Park,"Autopia, presented by Avis",4,OPERATING,STANDBY,45,,,queue-times.com
2026-08-26T12:01:06Z,2026-08-26,14,1,Disneyland Park,Buzz Lightyear Laser Blast,5,OPERATING,STANDBY,55,,,queue-times.com
2026-08-26T12:01:06Z,2026-08-26,14,1,Disneyland Park,Disneyland Railroad Discoveryland Station,2706,CLOSED,STANDBY,0,,,queue-times.com
2026-08-26T12:01:06Z,2026-08-26,14,1,Disneyland Park,Les Mystères du Nautilus,6,OPERATING,STANDBY,5,,,queue-times.com
2026-08-26T12:01:06Z,2026-08-26,14,1,Disneyland Park,Mickey’s PhilharMagic,2707,OPERATING,STANDBY,0,,,queue-times.com
2026-08-26T12:01:06Z,2026-08-26,14,1,Disneyland Park,Orbitron®,7,OPERATING,STANDBY,70,,,queue-times.com
2026-08-26T12:01:06Z,2026-08-26,14,1,Disneyland Park,Star Tours: The Adventures Continue*,9,OPERATING,STANDBY,15,,,queue-times.com
2026-08-26T12:01:06Z,2026-08-26,14,1,Disneyland Park,Star Wars Hyperspace Mountain,8,OPERATING,STANDBY,35,,,queue-times.com
2026-08-26T12:01:06Z,2026-08-26,14,1,Disneyland Park,Star Wars Hyperspace Mountain Single Rider,7278,OPERATING,STANDBY,25,,,queue-times.com
2026-08-26T12:01:06Z,2026-08-26,14,1,Disneyland Park,Welcome to Starport: A Star Wars Encounter,4573,CLOSED,STANDBY,0,,,queue-times.com
2026-08-26T12:01:06Z,2026-08-26,14,1,Disneyland Park,"""it's a small world""",19,OPERATING,STANDBY,20,,,queue-times.com
2026-08-26T12:01:06Z,2026-08-26,14,1,Disneyland Park,Alice's Curious Labyrinth,14,OPERATING,STANDBY,5,,,queue-times.com
2026-08-26T12:01:06Z,2026-08-26,14,1,Disneyland Park,Blanche-Neige et les Sept Nains®,15,CLOSED,STANDBY,0,,,queue-times.com
2026-08-26T12:01:06Z,2026-08-26,14,1,Disneyland Park,Casey Jr. – le Petit Train du Cirque,17,OPERATING,STANDBY,15,,,queue-times.com
2026-08-26T12:01:06Z,2026-08-26,14,1,Disneyland Park,Disneyland Railroad Fantasyland Station,2711,CLOSED,STANDBY,0,,,queue-times.com
2026-08-26T12:01:06Z,2026-08-26,14,1,Disneyland Park,Disneyland Railroad Main Street Station,11,OPERATING,STANDBY,10,,,queue-times.com
2026-08-26T12:01:06Z,2026-08-26,14,1,Disneyland Park,Dumbo the Flying Elephant,18,CLOSED,STANDBY,0,,,queue-times.com
2026-08-26T12:01:06Z,2026-08-26,14,1,Disneyland Park,La Tanière du Dragon,2710,OPERATING,STANDBY,0,,,queue-times.com
2026-08-26T12:01:06Z,2026-08-26,14,1,Disneyland Park,Le Carrousel de Lancelot,16,OPERATING,STANDBY,10,,,queue-times.com
2026-08-26T12:01:06Z,2026-08-26,14,1,Disneyland Park,"Le Pays des Contes de Fées, presented by Vittel",21,OPERATING,STANDBY,5,,,queue-times.com
2026-08-26T12:01:06Z,2026-08-26,14,1,Disneyland Park,Les Voyages de Pinocchio,23,OPERATING,STANDBY,20,,,queue-times.com
2026-08-26T12:01:06Z,2026-08-26,14,1,Disneyland Park,Mad Hatter's Tea Cups,20,OPERATING,STANDBY,10,,,queue-times.com
2026-08-26T12:01:06Z,2026-08-26,14,1,Disneyland Park,Meet Mickey Mouse,13,OPERATING,STANDBY,0,,,queue-times.com
2026-08-26T12:01:06Z,2026-08-26,14,1,Disneyland Park,Peter Pan's Flight,22,OPERATING,STANDBY,60,,,queue-times.com
2026-08-26T12:01:06Z,2026-08-26,14,1,Disneyland Park,Princess Pavilion,24,OPERATING,STANDBY,0,,,queue-times.com
2026-08-26T12:01:06Z,2026-08-26,14,1,Disneyland Park,Big Thunder Mountain,25,OPERATING,STANDBY,60,,,queue-times.com
2026-08-26T12:01:06Z,2026-08-26,14,1,Disneyland Park,Disneyland Railroad Frontierland Depot,2714,OPERATING,STANDBY,10,,,queue-times.com
2026-08-26T12:01:06Z,2026-08-26,14,1,Disneyland Park,Frontierland Playground,2713,OPERATING,STANDBY,0,,,queue-times.com
2026-08-26T12:01:06Z,2026-08-26,14,1,Disneyland Park,Phantom Manor,26,OPERATING,STANDBY,20,,,queue-times.com
2026-08-26T12:01:06Z,2026-08-26,14,1,Disneyland Park,River Rogue Keelboats,27,CLOSED,STANDBY,0,,,queue-times.com
2026-08-26T12:01:06Z,2026-08-26,14,1,Disneyland Park,Rustler Roundup Shootin' Gallery,2712,OPERATING,STANDBY,0,,,queue-times.com
2026-08-26T12:01:06Z,2026-08-26,14,1,Disneyland Park,Thunder Mesa Riverboat Landing,28,OPERATING,STANDBY,20,,,queue-times.com
2026-08-26T12:01:06Z,2026-08-26,14,1,Disneyland Park,Disneyland Railroad Main Street Station,2708,OPERATING,STANDBY,0,,,queue-times.com
2026-08-26T12:01:06Z,2026-08-26,14,1,Disneyland Park,Main Street Vehicles,12,CLOSED,STANDBY,0,,,queue-times.com
2026-08-26T12:01:06Z,2026-08-26,14,1,Disney Adventure World,Avengers Assemble: Flight Force,10848,CLOSED,STANDBY,0,,,queue-times.com
2026-08-26T12:01:06Z,2026-08-26,14,1,Disney Adventure World,Avengers Assemble: Flight Force Single Rider,10849,CLOSED,STANDBY,0,,,queue-times.com
2026-08-26T12:01:06Z,2026-08-26,14,1,Disney Adventure World,Spider-Man W.E.B. Adventure,10845,OPERATING,STANDBY,70,,,queue-times.com
2026-08-26T12:01:06Z,2026-08-26,14,1,Disney Adventure World,Spider-Man W.E.B. Adventure Single Rider,10846,OPERATING,STANDBY,25,,,queue-times.com
2026-08-26T12:01:06Z,2026-08-26,14,1,Disney Adventure World,The Twilight Zone Tower of Terror,40,OPERATING,STANDBY,60,,,queue-times.com
2026-08-26T12:01:06Z,2026-08-26,14,1,Disney Adventure World,Cars Quatre Roues Rallye,31,OPERATING,STANDBY,15,,,queue-times.com
2026-08-26T12:01:06Z,2026-08-26,14,1,Disney Adventure World,Cars ROAD TRIP,29,OPERATING,STANDBY,35,,,queue-times.com
2026-08-26T12:01:06Z,2026-08-26,14,1,Disney Adventure World,Crush's Coaster,32,OPERATING,STANDBY,105,,,queue-times.com
2026-08-26T12:01:06Z,2026-08-26,14,1,Disney Adventure World,Crush's Coaster Single Rider,7277,OPERATING,STANDBY,75,,,queue-times.com
2026-08-26T12:01:06Z,2026-08-26,14,1,Disney Adventure World,Les Tapis Volants - Flying Carpets Over Agrabah®,33,OPERATING,STANDBY,15,,,queue-times.com
2026-08-26T12:01:06Z,2026-08-26,14,1,Disney Adventure World,Ratatouille : L’Aventure Totalement Toquée de Rémy​,37,CLOSED,STANDBY,0,,,queue-times.com
2026-08-26T12:01:06Z,2026-08-26,14,1,Disney Adventure World,Ratatouille: The Adventure Single Rider,7279,CLOSED,STANDBY,0,,,queue-times.com
2026-08-26T12:01:06Z,2026-08-26,14,1,Disney Adventure World,RC Racer,34,OPERATING,STANDBY,50,,,queue-times.com
2026-08-26T12:01:06Z,2026-08-26,14,1,Disney Adventure World,RC Racer Single Rider,7280,OPERATING,STANDBY,25,,,queue-times.com
2026-08-26T12:01:06Z,2026-08-26,14,1,Disney Adventure World,Slinky® Dog Zigzag Spin,36,OPERATING,STANDBY,25,,,queue-times.com
2026-08-26T12:01:06Z,2026-08-26,14,1,Disney Adventure World,Toy Soldiers Parachute Drop,35,OPERATING,STANDBY,50,,,queue-times.com
2026-08-26T12:01:06Z,2026-08-26,14,1,Disney Adventure World,Toy Soldiers Parachute Drop Single Rider,7281,OPERATING,STANDBY,25,,,queue-times.com
2026-08-26T12:01:06Z,2026-08-26,14,1,Disney Adventure World,Entry to World of Frozen,16247,OPERATING,STANDBY,0,,,queue-times.com
2026-08-26T12:01:06Z,2026-08-26,14,1,Disney Adventure World,Frozen Ever After,15413,OPERATING,STANDBY,80,,,queue-times.com
2026-08-26T12:01:06Z,2026-08-26,14,1,Disney Adventure World,Raiponce Tangled Spin,15415,OPERATING,STANDBY,5,,,queue-times.com
2026-08-26T12:15:37Z,2026-08-26,14,15,Disneyland Park,Adventure Isle,2702,OPERATING,STANDBY,0,,,queue-times.com
2026-08-26T12:15:37Z,2026-08-26,14,15,Disneyland Park,Indiana Jones and the Temple of Peril Single Rider,7306,OPERATING,STANDBY,5,,,queue-times.com
2026-08-26T12:15:37Z,2026-08-26,14,15,Disneyland Park,Indiana Jones™ and the Temple of Peril,2,OPERATING,STANDBY,25,,,queue-times.com
2026-08-26T12:15:37Z,2026-08-26,14,15,Disneyland Park,La Cabane des Robinson,1,OPERATING,STANDBY,5,,,queue-times.com
2026-08-26T12:15:37Z,2026-08-26,14,15,Disneyland Park,Le Passage Enchanté d'Aladdin,2703,OPERATING,STANDBY,0,,,queue-times.com
2026-08-26T12:15:37Z,2026-08-26,14,15,Disneyland Park,Pirate Galleon,2705,CLOSED,STANDBY,0,,,queue-times.com
2026-08-26T12:15:37Z,2026-08-26,14,15,Disneyland Park,Pirates of the Caribbean,3,OPERATING,STANDBY,30,,,queue-times.com
2026-08-26T12:15:37Z,2026-08-26,14,15,Disneyland Park,Pirates' Beach,2704,OPERATING,STANDBY,0,,,queue-times.com
2026-08-26T12:15:37Z,2026-08-26,14,15,Disneyland Park,"Autopia, presented by Avis",4,OPERATING,STANDBY,45,,,queue-times.com
2026-08-26T12:15:37Z,2026-08-26,14,15,Disneyland Park,Buzz Lightyear Laser Blast,5,OPERATING,STANDBY,50,,,queue-times.com
2026-08-26T12:15:37Z,2026-08-26,14,15,Disneyland Park,Disneyland Railroad Discoveryland Station,2706,CLOSED,STANDBY,0,,,queue-times.com
2026-08-26T12:15:37Z,2026-08-26,14,15,Disneyland Park,Les Mystères du Nautilus,6,OPERATING,STANDBY,5,,,queue-times.com
2026-08-26T12:15:37Z,2026-08-26,14,15,Disneyland Park,Mickey’s PhilharMagic,2707,OPERATING,STANDBY,0,,,queue-times.com
2026-08-26T12:15:37Z,2026-08-26,14,15,Disneyland Park,Orbitron®,7,OPERATING,STANDBY,70,,,queue-times.com
2026-08-26T12:15:37Z,2026-08-26,14,15,Disneyland Park,Star Tours: The Adventures Continue*,9,OPERATING,STANDBY,10,,,queue-times.com
2026-08-26T12:15:37Z,2026-08-26,14,15,Disneyland Park,Star Wars Hyperspace Mountain,8,OPERATING,STANDBY,35,,,queue-times.com
2026-08-26T12:15:37Z,2026-08-26,14,15,Disneyland Park,Star Wars Hyperspace Mountain Single Rider,7278,OPERATING,STANDBY,25,,,queue-times.com
2026-08-26T12:15:37Z,2026-08-26,14,15,Disneyland Park,Welcome to Starport: A Star Wars Encounter,4573,OPERATING,STANDBY,25,,,queue-times.com
2026-08-26T12:15:37Z,2026-08-26,14,15,Disneyland Park,"""it's a small world""",19,OPERATING,STANDBY,20,,,queue-times.com
2026-08-26T12:15:37Z,2026-08-26,14,15,Disneyland Park,Alice's Curious Labyrinth,14,OPERATING,STANDBY,5,,,queue-times.com
2026-08-26T12:15:37Z,2026-08-26,14,15,Disneyland Park,Blanche-Neige et les Sept Nains®,15,CLOSED,STANDBY,0,,,queue-times.com
2026-08-26T12:15:37Z,2026-08-26,14,15,Disneyland Park,Casey Jr. – le Petit Train du Cirque,17,OPERATING,STANDBY,15,,,queue-times.com
2026-08-26T12:15:37Z,2026-08-26,14,15,Disneyland Park,Disneyland Railroad Fantasyland Station,2711,CLOSED,STANDBY,0,,,queue-times.com
2026-08-26T12:15:37Z,2026-08-26,14,15,Disneyland Park,Disneyland Railroad Main Street Station,11,OPERATING,STANDBY,10,,,queue-times.com
2026-08-26T12:15:37Z,2026-08-26,14,15,Disneyland Park,Dumbo the Flying Elephant,18,CLOSED,STANDBY,0,,,queue-times.com
2026-08-26T12:15:37Z,2026-08-26,14,15,Disneyland Park,La Tanière du Dragon,2710,OPERATING,STANDBY,0,,,queue-times.com
2026-08-26T12:15:37Z,2026-08-26,14,15,Disneyland Park,Le Carrousel de Lancelot,16,OPERATING,STANDBY,10,,,queue-times.com
2026-08-26T12:15:37Z,2026-08-26,14,15,Disneyland Park,"Le Pays des Contes de Fées, presented by Vittel",21,OPERATING,STANDBY,5,,,queue-times.com
2026-08-26T12:15:37Z,2026-08-26,14,15,Disneyland Park,Les Voyages de Pinocchio,23,OPERATING,STANDBY,20,,,queue-times.com
2026-08-26T12:15:37Z,2026-08-26,14,15,Disneyland Park,Mad Hatter's Tea Cups,20,OPERATING,STANDBY,10,,,queue-times.com
2026-08-26T12:15:37Z,2026-08-26,14,15,Disneyland Park,Meet Mickey Mouse,13,OPERATING,STANDBY,0,,,queue-times.com
2026-08-26T12:15:37Z,2026-08-26,14,15,Disneyland Park,Peter Pan's Flight,22,OPERATING,STANDBY,55,,,queue-times.com
2026-08-26T12:15:37Z,2026-08-26,14,15,Disneyland Park,Princess Pavilion,24,OPERATING,STANDBY,0,,,queue-times.com
2026-08-26T12:15:37Z,2026-08-26,14,15,Disneyland Park,Big Thunder Mountain,25,OPERATING,STANDBY,60,,,queue-times.com
2026-08-26T12:15:37Z,2026-08-26,14,15,Disneyland Park,Disneyland Railroad Frontierland Depot,2714,OPERATING,STANDBY,10,,,queue-times.com
2026-08-26T12:15:37Z,2026-08-26,14,15,Disneyland Park,Frontierland Playground,2713,OPERATING,STANDBY,0,,,queue-times.com
2026-08-26T12:15:37Z,2026-08-26,14,15,Disneyland Park,Phantom Manor,26,OPERATING,STANDBY,20,,,queue-times.com
2026-08-26T12:15:37Z,2026-08-26,14,15,Disneyland Park,River Rogue Keelboats,27,CLOSED,STANDBY,0,,,queue-times.com
2026-08-26T12:15:37Z,2026-08-26,14,15,Disneyland Park,Rustler Roundup Shootin' Gallery,2712,OPERATING,STANDBY,0,,,queue-times.com
2026-08-26T12:15:37Z,2026-08-26,14,15,Disneyland Park,Thunder Mesa Riverboat Landing,28,OPERATING,STANDBY,20,,,queue-times.com
2026-08-26T12:15:37Z,2026-08-26,14,15,Disneyland Park,Disneyland Railroad Main Street Station,2708,OPERATING,STANDBY,0,,,queue-times.com
2026-08-26T12:15:37Z,2026-08-26,14,15,Disneyland Park,Main Street Vehicles,12,CLOSED,STANDBY,0,,,queue-times.com
2026-08-26T12:15:37Z,2026-08-26,14,15,Disney Adventure World,Avengers Assemble: Flight Force,10848,CLOSED,STANDBY,0,,,queue-times.com
2026-08-26T12:15:37Z,2026-08-26,14,15,Disney Adventure World,Avengers Assemble: Flight Force Single Rider,10849,CLOSED,STANDBY,0,,,queue-times.com
2026-08-26T12:15:37Z,2026-08-26,14,15,Disney Adventure World,Spider-Man W.E.B. Adventure,10845,OPERATING,STANDBY,70,,,queue-times.com
2026-08-26T12:15:37Z,2026-08-26,14,15,Disney Adventure World,Spider-Man W.E.B. Adventure Single Rider,10846,OPERATING,STANDBY,25,,,queue-times.com
2026-08-26T12:15:37Z,2026-08-26,14,15,Disney Adventure World,The Twilight Zone Tower of Terror,40,OPERATING,STANDBY,50,,,queue-times.com
2026-08-26T12:15:37Z,2026-08-26,14,15,Disney Adventure World,Cars Quatre Roues Rallye,31,OPERATING,STANDBY,15,,,queue-times.com
2026-08-26T12:15:37Z,2026-08-26,14,15,Disney Adventure World,Cars ROAD TRIP,29,OPERATING,STANDBY,35,,,queue-times.com
2026-08-26T12:15:37Z,2026-08-26,14,15,Disney Adventure World,Crush's Coaster,32,OPERATING,STANDBY,95,,,queue-times.com
2026-08-26T12:15:37Z,2026-08-26,14,15,Disney Adventure World,Crush's Coaster Single Rider,7277,OPERATING,STANDBY,55,,,queue-times.com
2026-08-26T12:15:37Z,2026-08-26,14,15,Disney Adventure World,Les Tapis Volants - Flying Carpets Over Agrabah®,33,OPERATING,STANDBY,15,,,queue-times.com
2026-08-26T12:15:37Z,2026-08-26,14,15,Disney Adventure World,Ratatouille : L’Aventure Totalement Toquée de Rémy​,37,OPERATING,STANDBY,50,,,queue-times.com
2026-08-26T12:15:37Z,2026-08-26,14,15,Disney Adventure World,Ratatouille: The Adventure Single Rider,7279,OPERATING,STANDBY,20,,,queue-times.com
2026-08-26T12:15:37Z,2026-08-26,14,15,Disney Adventure World,RC Racer,34,OPERATING,STANDBY,55,,,queue-times.com
2026-08-26T12:15:37Z,2026-08-26,14,15,Disney Adventure World,RC Racer Single Rider,7280,OPERATING,STANDBY,50,,,queue-times.com
2026-08-26T12:15:37Z,2026-08-26,14,15,Disney Adventure World,Slinky® Dog Zigzag Spin,36,OPERATING,STANDBY,20,,,queue-times.com
2026-08-26T12:15:37Z,2026-08-26,14,15,Disney Adventure World,Toy Soldiers Parachute Drop,35,OPERATING,STANDBY,50,,,queue-times.com
2026-08-26T12:15:37Z,2026-08-26,14,15,Disney Adventure World,Toy Soldiers Parachute Drop Single Rider,7281,OPERATING,STANDBY,20,,,queue-times.com
2026-08-26T12:15:37Z,2026-08-26,14,15,Disney Adventure World,Entry to World of Frozen,16247,OPERATING,STANDBY,0,,,queue-times.com
2026-08-26T12:15:37Z,2026-08-26,14,15,Disney Adventure World,Frozen Ever After,15413,OPERATING,STANDBY,70,,,queue-times.com
2026-08-26T12:15:37Z,2026-08-26,14,15,Disney Adventure World,Raiponce Tangled Spin,15415,OPERATING,STANDBY,10,,,queue-times.com
2026-08-26T12:22:13Z,2026-08-26,14,22,Disneyland Park,Adventure Isle,2702,OPERATING,STANDBY,0,,,queue-times.com
2026-08-26T12:22:13Z,2026-08-26,14,22,Disneyland Park,Indiana Jones and the Temple of Peril Single Rider,7306,OPERATING,STANDBY,10,,,queue-times.com
2026-08-26T12:22:13Z,2026-08-26,14,22,Disneyland Park,Indiana Jones™ and the Temple of Peril,2,OPERATING,STANDBY,25,,,queue-times.com
2026-08-26T12:22:13Z,2026-08-26,14,22,Disneyland Park,La Cabane des Robinson,1,OPERATING,STANDBY,5,,,queue-times.com
2026-08-26T12:22:13Z,2026-08-26,14,22,Disneyland Park,Le Passage Enchanté d'Aladdin,2703,OPERATING,STANDBY,0,,,queue-times.com
2026-08-26T12:22:13Z,2026-08-26,14,22,Disneyland Park,Pirate Galleon,2705,CLOSED,STANDBY,0,,,queue-times.com
2026-08-26T12:22:13Z,2026-08-26,14,22,Disneyland Park,Pirates of the Caribbean,3,OPERATING,STANDBY,20,,,queue-times.com
2026-08-26T12:22:13Z,2026-08-26,14,22,Disneyland Park,Pirates' Beach,2704,OPERATING,STANDBY,0,,,queue-times.com
2026-08-26T12:22:13Z,2026-08-26,14,22,Disneyland Park,"Autopia, presented by Avis",4,OPERATING,STANDBY,30,,,queue-times.com
2026-08-26T12:22:13Z,2026-08-26,14,22,Disneyland Park,Buzz Lightyear Laser Blast,5,OPERATING,STANDBY,40,,,queue-times.com
2026-08-26T12:22:13Z,2026-08-26,14,22,Disneyland Park,Disneyland Railroad Discoveryland Station,2706,CLOSED,STANDBY,0,,,queue-times.com
2026-08-26T12:22:13Z,2026-08-26,14,22,Disneyland Park,Les Mystères du Nautilus,6,OPERATING,STANDBY,5,,,queue-times.com
2026-08-26T12:22:13Z,2026-08-26,14,22,Disneyland Park,Mickey’s PhilharMagic,2707,OPERATING,STANDBY,0,,,queue-times.com
2026-08-26T12:22:13Z,2026-08-26,14,22,Disneyland Park,Orbitron®,7,OPERATING,STANDBY,70,,,queue-times.com
2026-08-26T12:22:13Z,2026-08-26,14,22,Disneyland Park,Star Tours: The Adventures Continue*,9,OPERATING,STANDBY,10,,,queue-times.com
2026-08-26T12:22:13Z,2026-08-26,14,22,Disneyland Park,Star Wars Hyperspace Mountain,8,OPERATING,STANDBY,35,,,queue-times.com
2026-08-26T12:22:13Z,2026-08-26,14,22,Disneyland Park,Star Wars Hyperspace Mountain Single Rider,7278,OPERATING,STANDBY,25,,,queue-times.com
2026-08-26T12:22:13Z,2026-08-26,14,22,Disneyland Park,Welcome to Starport: A Star Wars Encounter,4573,OPERATING,STANDBY,10,,,queue-times.com
2026-08-26T12:22:13Z,2026-08-26,14,22,Disneyland Park,"""it's a small world""",19,OPERATING,STANDBY,15,,,queue-times.com
2026-08-26T12:22:13Z,2026-08-26,14,22,Disneyland Park,Alice's Curious Labyrinth,14,OPERATING,STANDBY,5,,,queue-times.com
2026-08-26T12:22:13Z,2026-08-26,14,22,Disneyland Park,Blanche-Neige et les Sept Nains®,15,OPERATING,STANDBY,15,,,queue-times.com
2026-08-26T12:22:13Z,2026-08-26,14,22,Disneyland Park,Casey Jr. – le Petit Train du Cirque,17,OPERATING,STANDBY,15,,,queue-times.com
2026-08-26T12:22:13Z,2026-08-26,14,22,Disneyland Park,Disneyland Railroad Fantasyland Station,2711,CLOSED,STANDBY,0,,,queue-times.com
2026-08-26T12:22:13Z,2026-08-26,14,22,Disneyland Park,Disneyland Railroad Main Street Station,11,OPERATING,STANDBY,20,,,queue-times.com
2026-08-26T12:22:13Z,2026-08-26,14,22,Disneyland Park,Dumbo the Flying Elephant,18,CLOSED,STANDBY,0,,,queue-times.com
2026-08-26T12:22:13Z,2026-08-26,14,22,Disneyland Park,La Tanière du Dragon,2710,OPERATING,STANDBY,0,,,queue-times.com
2026-08-26T12:22:13Z,2026-08-26,14,22,Disneyland Park,Le Carrousel de Lancelot,16,OPERATING,STANDBY,10,,,queue-times.com
2026-08-26T12:22:13Z,2026-08-26,14,22,Disneyland Park,"Le Pays des Contes de Fées, presented by Vittel",21,OPERATING,STANDBY,5,,,queue-times.com
2026-08-26T12:22:13Z,2026-08-26,14,22,Disneyland Park,Les Voyages de Pinocchio,23,OPERATING,STANDBY,20,,,queue-times.com
2026-08-26T12:22:13Z,2026-08-26,14,22,Disneyland Park,Mad Hatter's Tea Cups,20,OPERATING,STANDBY,10,,,queue-times.com
2026-08-26T12:22:13Z,2026-08-26,14,22,Disneyland Park,Meet Mickey Mouse,13,OPERATING,STANDBY,0,,,queue-times.com
2026-08-26T12:22:13Z,2026-08-26,14,22,Disneyland Park,Peter Pan's Flight,22,OPERATING,STANDBY,55,,,queue-times.com
2026-08-26T12:22:13Z,2026-08-26,14,22,Disneyland Park,Princess Pavilion,24,OPERATING,STANDBY,0,,,queue-times.com
2026-08-26T12:22:13Z,2026-08-26,14,22,Disneyland Park,Big Thunder Mountain,25,OPERATING,STANDBY,60,,,queue-times.com
2026-08-26T12:22:13Z,2026-08-26,14,22,Disneyland Park,Disneyland Railroad Frontierland Depot,2714,OPERATING,STANDBY,10,,,queue-times.com
2026-08-26T12:22:13Z,2026-08-26,14,22,Disneyland Park,Frontierland Playground,2713,OPERATING,STANDBY,0,,,queue-times.com
2026-08-26T12:22:13Z,2026-08-26,14,22,Disneyland Park,Phantom Manor,26,OPERATING,STANDBY,20,,,queue-times.com
2026-08-26T12:22:13Z,2026-08-26,14,22,Disneyland Park,River Rogue Keelboats,27,CLOSED,STANDBY,0,,,queue-times.com
2026-08-26T12:22:13Z,2026-08-26,14,22,Disneyland Park,Rustler Roundup Shootin' Gallery,2712,OPERATING,STANDBY,0,,,queue-times.com
2026-08-26T12:22:13Z,2026-08-26,14,22,Disneyland Park,Thunder Mesa Riverboat Landing,28,OPERATING,STANDBY,20,,,queue-times.com
2026-08-26T12:22:13Z,2026-08-26,14,22,Disneyland Park,Disneyland Railroad Main Street Station,2708,OPERATING,STANDBY,0,,,queue-times.com
2026-08-26T12:22:13Z,2026-08-26,14,22,Disneyland Park,Main Street Vehicles,12,CLOSED,STANDBY,0,,,queue-times.com
2026-08-26T12:22:13Z,2026-08-26,14,22,Disney Adventure World,Avengers Assemble: Flight Force,10848,CLOSED,STANDBY,0,,,queue-times.com
2026-08-26T12:22:13Z,2026-08-26,14,22,Disney Adventure World,Avengers Assemble: Flight Force Single Rider,10849,CLOSED,STANDBY,0,,,queue-times.com
2026-08-26T12:22:13Z,2026-08-26,14,22,Disney Adventure World,Spider-Man W.E.B. Adventure,10845,OPERATING,STANDBY,70,,,queue-times.com
2026-08-26T12:22:13Z,2026-08-26,14,22,Disney Adventure World,Spider-Man W.E.B. Adventure Single Rider,10846,OPERATING,STANDBY,25,,,queue-times.com
2026-08-26T12:22:13Z,2026-08-26,14,22,Disney Adventure World,The Twilight Zone Tower of Terror,40,OPERATING,STANDBY,50,,,queue-times.com
2026-08-26T12:22:13Z,2026-08-26,14,22,Disney Adventure World,Cars Quatre Roues Rallye,31,OPERATING,STANDBY,15,,,queue-times.com
2026-08-26T12:22:13Z,2026-08-26,14,22,Disney Adventure World,Cars ROAD TRIP,29,OPERATING,STANDBY,25,,,queue-times.com
2026-08-26T12:22:13Z,2026-08-26,14,22,Disney Adventure World,Crush's Coaster,32,OPERATING,STANDBY,95,,,queue-times.com
2026-08-26T12:22:13Z,2026-08-26,14,22,Disney Adventure World,Crush's Coaster Single Rider,7277,OPERATING,STANDBY,55,,,queue-times.com
2026-08-26T12:22:13Z,2026-08-26,14,22,Disney Adventure World,Les Tapis Volants - Flying Carpets Over Agrabah®,33,OPERATING,STANDBY,20,,,queue-times.com
2026-08-26T12:22:13Z,2026-08-26,14,22,Disney Adventure World,Ratatouille : L’Aventure Totalement Toquée de Rémy​,37,OPERATING,STANDBY,50,,,queue-times.com
2026-08-26T12:22:13Z,2026-08-26,14,22,Disney Adventure World,Ratatouille: The Adventure Single Rider,7279,OPERATING,STANDBY,20,,,queue-times.com
2026-08-26T12:22:13Z,2026-08-26,14,22,Disney Adventure World,RC Racer,34,OPERATING,STANDBY,60,,,queue-times.com
2026-08-26T12:22:13Z,2026-08-26,14,22,Disney Adventure World,RC Racer Single Rider,7280,OPERATING,STANDBY,50,,,queue-times.com
2026-08-26T12:22:13Z,2026-08-26,14,22,Disney Adventure World,Slinky® Dog Zigzag Spin,36,OPERATING,STANDBY,25,,,queue-times.com
2026-08-26T12:22:13Z,2026-08-26,14,22,Disney Adventure World,Toy Soldiers Parachute Drop,35,OPERATING,STANDBY,50,,,queue-times.com
2026-08-26T12:22:13Z,2026-08-26,14,22,Disney Adventure World,Toy Soldiers Parachute Drop Single Rider,7281,OPERATING,STANDBY,15,,,queue-times.com
2026-08-26T12:22:13Z,2026-08-26,14,22,Disney Adventure World,Entry to World of Frozen,16247,OPERATING,STANDBY,0,,,queue-times.com
2026-08-26T12:22:13Z,2026-08-26,14,22,Disney Adventure World,Frozen Ever After,15413,OPERATING,STANDBY,80,,,queue-times.com
2026-08-26T12:22:13Z,2026-08-26,14,22,Disney Adventure World,Raiponce Tangled Spin,15415,OPERATING,STANDBY,15,,,queue-times.com
2026-08-26T12:30:54Z,2026-08-26,14,30,Disneyland Park,Adventure Isle,2702,OPERATING,STANDBY,0,,,queue-times.com
2026-08-26T12:30:54Z,2026-08-26,14,30,Disneyland Park,Indiana Jones and the Temple of Peril Single Rider,7306,OPERATING,STANDBY,10,,,queue-times.com
2026-08-26T12:30:54Z,2026-08-26,14,30,Disneyland Park,Indiana Jones™ and the Temple of Peril,2,OPERATING,STANDBY,20,,,queue-times.com
2026-08-26T12:30:54Z,2026-08-26,14,30,Disneyland Park,La Cabane des Robinson,1,OPERATING,STANDBY,5,,,queue-times.com
2026-08-26T12:30:54Z,2026-08-26,14,30,Disneyland Park,Le Passage Enchanté d'Aladdin,2703,OPERATING,STANDBY,0,,,queue-times.com
2026-08-26T12:30:54Z,2026-08-26,14,30,Disneyland Park,Pirate Galleon,2705,CLOSED,STANDBY,0,,,queue-times.com
2026-08-26T12:30:54Z,2026-08-26,14,30,Disneyland Park,Pirates of the Caribbean,3,OPERATING,STANDBY,20,,,queue-times.com
2026-08-26T12:30:54Z,2026-08-26,14,30,Disneyland Park,Pirates' Beach,2704,OPERATING,STANDBY,0,,,queue-times.com
2026-08-26T12:30:54Z,2026-08-26,14,30,Disneyland Park,"Autopia, presented by Avis",4,OPERATING,STANDBY,15,,,queue-times.com
2026-08-26T12:30:54Z,2026-08-26,14,30,Disneyland Park,Buzz Lightyear Laser Blast,5,OPERATING,STANDBY,35,,,queue-times.com
2026-08-26T12:30:54Z,2026-08-26,14,30,Disneyland Park,Disneyland Railroad Discoveryland Station,2706,CLOSED,STANDBY,0,,,queue-times.com
2026-08-26T12:30:54Z,2026-08-26,14,30,Disneyland Park,Les Mystères du Nautilus,6,OPERATING,STANDBY,5,,,queue-times.com
2026-08-26T12:30:54Z,2026-08-26,14,30,Disneyland Park,Mickey’s PhilharMagic,2707,OPERATING,STANDBY,0,,,queue-times.com
2026-08-26T12:30:54Z,2026-08-26,14,30,Disneyland Park,Orbitron®,7,OPERATING,STANDBY,70,,,queue-times.com
2026-08-26T12:30:54Z,2026-08-26,14,30,Disneyland Park,Star Tours: The Adventures Continue*,9,OPERATING,STANDBY,10,,,queue-times.com
2026-08-26T12:30:54Z,2026-08-26,14,30,Disneyland Park,Star Wars Hyperspace Mountain,8,OPERATING,STANDBY,35,,,queue-times.com
2026-08-26T12:30:54Z,2026-08-26,14,30,Disneyland Park,Star Wars Hyperspace Mountain Single Rider,7278,OPERATING,STANDBY,25,,,queue-times.com
2026-08-26T12:30:54Z,2026-08-26,14,30,Disneyland Park,Welcome to Starport: A Star Wars Encounter,4573,OPERATING,STANDBY,10,,,queue-times.com
2026-08-26T12:30:54Z,2026-08-26,14,30,Disneyland Park,"""it's a small world""",19,OPERATING,STANDBY,10,,,queue-times.com
2026-08-26T12:30:54Z,2026-08-26,14,30,Disneyland Park,Alice's Curious Labyrinth,14,OPERATING,STANDBY,5,,,queue-times.com
2026-08-26T12:30:54Z,2026-08-26,14,30,Disneyland Park,Blanche-Neige et les Sept Nains®,15,OPERATING,STANDBY,15,,,queue-times.com
2026-08-26T12:30:54Z,2026-08-26,14,30,Disneyland Park,Casey Jr. – le Petit Train du Cirque,17,OPERATING,STANDBY,15,,,queue-times.com
2026-08-26T12:30:54Z,2026-08-26,14,30,Disneyland Park,Disneyland Railroad Fantasyland Station,2711,CLOSED,STANDBY,0,,,queue-times.com
2026-08-26T12:30:54Z,2026-08-26,14,30,Disneyland Park,Disneyland Railroad Main Street Station,11,OPERATING,STANDBY,20,,,queue-times.com
2026-08-26T12:30:54Z,2026-08-26,14,30,Disneyland Park,Dumbo the Flying Elephant,18,CLOSED,STANDBY,0,,,queue-times.com
2026-08-26T12:30:54Z,2026-08-26,14,30,Disneyland Park,La Tanière du Dragon,2710,OPERATING,STANDBY,0,,,queue-times.com
2026-08-26T12:30:54Z,2026-08-26,14,30,Disneyland Park,Le Carrousel de Lancelot,16,OPERATING,STANDBY,10,,,queue-times.com
2026-08-26T12:30:54Z,2026-08-26,14,30,Disneyland Park,"Le Pays des Contes de Fées, presented by Vittel",21,OPERATING,STANDBY,5,,,queue-times.com
2026-08-26T12:30:54Z,2026-08-26,14,30,Disneyland Park,Les Voyages de Pinocchio,23,OPERATING,STANDBY,20,,,queue-times.com
2026-08-26T12:30:54Z,2026-08-26,14,30,Disneyland Park,Mad Hatter's Tea Cups,20,OPERATING,STANDBY,10,,,queue-times.com
2026-08-26T12:30:54Z,2026-08-26,14,30,Disneyland Park,Meet Mickey Mouse,13,OPERATING,STANDBY,0,,,queue-times.com
2026-08-26T12:30:54Z,2026-08-26,14,30,Disneyland Park,Peter Pan's Flight,22,OPERATING,STANDBY,55,,,queue-times.com
2026-08-26T12:30:54Z,2026-08-26,14,30,Disneyland Park,Princess Pavilion,24,OPERATING,STANDBY,0,,,queue-times.com
2026-08-26T12:30:54Z,2026-08-26,14,30,Disneyland Park,Big Thunder Mountain,25,OPERATING,STANDBY,65,,,queue-times.com
2026-08-26T12:30:54Z,2026-08-26,14,30,Disneyland Park,Disneyland Railroad Frontierland Depot,2714,OPERATING,STANDBY,35,,,queue-times.com
2026-08-26T12:30:54Z,2026-08-26,14,30,Disneyland Park,Frontierland Playground,2713,OPERATING,STANDBY,0,,,queue-times.com
2026-08-26T12:30:54Z,2026-08-26,14,30,Disneyland Park,Phantom Manor,26,OPERATING,STANDBY,20,,,queue-times.com
2026-08-26T12:30:54Z,2026-08-26,14,30,Disneyland Park,River Rogue Keelboats,27,CLOSED,STANDBY,0,,,queue-times.com
2026-08-26T12:30:54Z,2026-08-26,14,30,Disneyland Park,Rustler Roundup Shootin' Gallery,2712,OPERATING,STANDBY,0,,,queue-times.com
2026-08-26T12:30:54Z,2026-08-26,14,30,Disneyland Park,Thunder Mesa Riverboat Landing,28,OPERATING,STANDBY,20,,,queue-times.com
2026-08-26T12:30:54Z,2026-08-26,14,30,Disneyland Park,Disneyland Railroad Main Street Station,2708,OPERATING,STANDBY,0,,,queue-times.com
2026-08-26T12:30:54Z,2026-08-26,14,30,Disneyland Park,Main Street Vehicles,12,CLOSED,STANDBY,0,,,queue-times.com
2026-08-26T12:30:54Z,2026-08-26,14,30,Disney Adventure World,Avengers Assemble: Flight Force,10848,CLOSED,STANDBY,0,,,queue-times.com
2026-08-26T12:30:54Z,2026-08-26,14,30,Disney Adventure World,Avengers Assemble: Flight Force Single Rider,10849,CLOSED,STANDBY,0,,,queue-times.com
2026-08-26T12:30:54Z,2026-08-26,14,30,Disney Adventure World,Spider-Man W.E.B. Adventure,10845,OPERATING,STANDBY,90,,,queue-times.com
2026-08-26T12:30:54Z,2026-08-26,14,30,Disney Adventure World,Spider-Man W.E.B. Adventure Single Rider,10846,OPERATING,STANDBY,30,,,queue-times.com
2026-08-26T12:30:54Z,2026-08-26,14,30,Disney Adventure World,The Twilight Zone Tower of Terror,40,OPERATING,STANDBY,40,,,queue-times.com
2026-08-26T12:30:54Z,2026-08-26,14,30,Disney Adventure World,Cars Quatre Roues Rallye,31,OPERATING,STANDBY,15,,,queue-times.com
2026-08-26T12:30:54Z,2026-08-26,14,30,Disney Adventure World,Cars ROAD TRIP,29,OPERATING,STANDBY,10,,,queue-times.com
2026-08-26T12:30:54Z,2026-08-26,14,30,Disney Adventure World,Crush's Coaster,32,OPERATING,STANDBY,80,,,queue-times.com
2026-08-26T12:30:54Z,2026-08-26,14,30,Disney Adventure World,Crush's Coaster Single Rider,7277,OPERATING,STANDBY,50,,,queue-times.com
2026-08-26T12:30:54Z,2026-08-26,14,30,Disney Adventure World,Les Tapis Volants - Flying Carpets Over Agrabah®,33,OPERATING,STANDBY,20,,,queue-times.com
2026-08-26T12:30:54Z,2026-08-26,14,30,Disney Adventure World,Ratatouille : L’Aventure Totalement Toquée de Rémy​,37,OPERATING,STANDBY,45,,,queue-times.com
2026-08-26T12:30:54Z,2026-08-26,14,30,Disney Adventure World,Ratatouille: The Adventure Single Rider,7279,OPERATING,STANDBY,15,,,queue-times.com
2026-08-26T12:30:54Z,2026-08-26,14,30,Disney Adventure World,RC Racer,34,OPERATING,STANDBY,60,,,queue-times.com
2026-08-26T12:30:54Z,2026-08-26,14,30,Disney Adventure World,RC Racer Single Rider,7280,OPERATING,STANDBY,50,,,queue-times.com
2026-08-26T12:30:54Z,2026-08-26,14,30,Disney Adventure World,Slinky® Dog Zigzag Spin,36,OPERATING,STANDBY,25,,,queue-times.com
2026-08-26T12:30:54Z,2026-08-26,14,30,Disney Adventure World,Toy Soldiers Parachute Drop,35,OPERATING,STANDBY,50,,,queue-times.com
2026-08-26T12:30:54Z,2026-08-26,14,30,Disney Adventure World,Toy Soldiers Parachute Drop Single Rider,7281,OPERATING,STANDBY,25,,,queue-times.com
2026-08-26T12:30:54Z,2026-08-26,14,30,Disney Adventure World,Entry to World of Frozen,16247,OPERATING,STANDBY,0,,,queue-times.com
2026-08-26T12:30:54Z,2026-08-26,14,30,Disney Adventure World,Frozen Ever After,15413,OPERATING,STANDBY,80,,,queue-times.com
2026-08-26T12:30:54Z,2026-08-26,14,30,Disney Adventure World,Raiponce Tangled Spin,15415,OPERATING,STANDBY,15,,,queue-times.com
2026-08-26T12:45:38Z,2026-08-26,14,45,Disneyland Park,Adventure Isle,2702,OPERATING,STANDBY,0,,,queue-times.com
2026-08-26T12:45:38Z,2026-08-26,14,45,Disneyland Park,Indiana Jones and the Temple of Peril Single Rider,7306,OPERATING,STANDBY,10,,,queue-times.com
2026-08-26T12:45:38Z,2026-08-26,14,45,Disneyland Park,Indiana Jones™ and the Temple of Peril,2,OPERATING,STANDBY,20,,,queue-times.com
2026-08-26T12:45:38Z,2026-08-26,14,45,Disneyland Park,La Cabane des Robinson,1,OPERATING,STANDBY,5,,,queue-times.com
2026-08-26T12:45:38Z,2026-08-26,14,45,Disneyland Park,Le Passage Enchanté d'Aladdin,2703,OPERATING,STANDBY,0,,,queue-times.com
2026-08-26T12:45:38Z,2026-08-26,14,45,Disneyland Park,Pirate Galleon,2705,CLOSED,STANDBY,0,,,queue-times.com
2026-08-26T12:45:38Z,2026-08-26,14,45,Disneyland Park,Pirates of the Caribbean,3,OPERATING,STANDBY,30,,,queue-times.com
2026-08-26T12:45:38Z,2026-08-26,14,45,Disneyland Park,Pirates' Beach,2704,OPERATING,STANDBY,0,,,queue-times.com
2026-08-26T12:45:38Z,2026-08-26,14,45,Disneyland Park,"Autopia, presented by Avis",4,OPERATING,STANDBY,35,,,queue-times.com
2026-08-26T12:45:38Z,2026-08-26,14,45,Disneyland Park,Buzz Lightyear Laser Blast,5,OPERATING,STANDBY,50,,,queue-times.com
2026-08-26T12:45:38Z,2026-08-26,14,45,Disneyland Park,Disneyland Railroad Discoveryland Station,2706,CLOSED,STANDBY,0,,,queue-times.com
2026-08-26T12:45:38Z,2026-08-26,14,45,Disneyland Park,Les Mystères du Nautilus,6,OPERATING,STANDBY,5,,,queue-times.com
2026-08-26T12:45:38Z,2026-08-26,14,45,Disneyland Park,Mickey’s PhilharMagic,2707,OPERATING,STANDBY,0,,,queue-times.com
2026-08-26T12:45:38Z,2026-08-26,14,45,Disneyland Park,Orbitron®,7,OPERATING,STANDBY,70,,,queue-times.com
2026-08-26T12:45:38Z,2026-08-26,14,45,Disneyland Park,Star Tours: The Adventures Continue*,9,OPERATING,STANDBY,15,,,queue-times.com
2026-08-26T12:45:38Z,2026-08-26,14,45,Disneyland Park,Star Wars Hyperspace Mountain,8,OPERATING,STANDBY,40,,,queue-times.com
2026-08-26T12:45:38Z,2026-08-26,14,45,Disneyland Park,Star Wars Hyperspace Mountain Single Rider,7278,OPERATING,STANDBY,25,,,queue-times.com
2026-08-26T12:45:38Z,2026-08-26,14,45,Disneyland Park,Welcome to Starport: A Star Wars Encounter,4573,OPERATING,STANDBY,40,,,queue-times.com
2026-08-26T12:45:38Z,2026-08-26,14,45,Disneyland Park,"""it's a small world""",19,OPERATING,STANDBY,10,,,queue-times.com
2026-08-26T12:45:38Z,2026-08-26,14,45,Disneyland Park,Alice's Curious Labyrinth,14,OPERATING,STANDBY,5,,,queue-times.com
2026-08-26T12:45:38Z,2026-08-26,14,45,Disneyland Park,Blanche-Neige et les Sept Nains®,15,OPERATING,STANDBY,15,,,queue-times.com
2026-08-26T12:45:38Z,2026-08-26,14,45,Disneyland Park,Casey Jr. – le Petit Train du Cirque,17,OPERATING,STANDBY,15,,,queue-times.com
2026-08-26T12:45:38Z,2026-08-26,14,45,Disneyland Park,Disneyland Railroad Fantasyland Station,2711,CLOSED,STANDBY,0,,,queue-times.com
2026-08-26T12:45:38Z,2026-08-26,14,45,Disneyland Park,Disneyland Railroad Main Street Station,11,OPERATING,STANDBY,20,,,queue-times.com
2026-08-26T12:45:38Z,2026-08-26,14,45,Disneyland Park,Dumbo the Flying Elephant,18,CLOSED,STANDBY,0,,,queue-times.com
2026-08-26T12:45:38Z,2026-08-26,14,45,Disneyland Park,La Tanière du Dragon,2710,OPERATING,STANDBY,0,,,queue-times.com
2026-08-26T12:45:38Z,2026-08-26,14,45,Disneyland Park,Le Carrousel de Lancelot,16,OPERATING,STANDBY,10,,,queue-times.com
2026-08-26T12:45:38Z,2026-08-26,14,45,Disneyland Park,"Le Pays des Contes de Fées, presented by Vittel",21,OPERATING,STANDBY,5,,,queue-times.com
2026-08-26T12:45:38Z,2026-08-26,14,45,Disneyland Park,Les Voyages de Pinocchio,23,OPERATING,STANDBY,20,,,queue-times.com
2026-08-26T12:45:38Z,2026-08-26,14,45,Disneyland Park,Mad Hatter's Tea Cups,20,OPERATING,STANDBY,10,,,queue-times.com
2026-08-26T12:45:38Z,2026-08-26,14,45,Disneyland Park,Meet Mickey Mouse,13,OPERATING,STANDBY,0,,,queue-times.com
2026-08-26T12:45:38Z,2026-08-26,14,45,Disneyland Park,Peter Pan's Flight,22,OPERATING,STANDBY,70,,,queue-times.com
2026-08-26T12:45:38Z,2026-08-26,14,45,Disneyland Park,Princess Pavilion,24,OPERATING,STANDBY,0,,,queue-times.com
2026-08-26T12:45:38Z,2026-08-26,14,45,Disneyland Park,Big Thunder Mountain,25,OPERATING,STANDBY,55,,,queue-times.com
2026-08-26T12:45:38Z,2026-08-26,14,45,Disneyland Park,Disneyland Railroad Frontierland Depot,2714,OPERATING,STANDBY,35,,,queue-times.com
2026-08-26T12:45:38Z,2026-08-26,14,45,Disneyland Park,Frontierland Playground,2713,OPERATING,STANDBY,0,,,queue-times.com
2026-08-26T12:45:38Z,2026-08-26,14,45,Disneyland Park,Phantom Manor,26,OPERATING,STANDBY,20,,,queue-times.com
2026-08-26T12:45:38Z,2026-08-26,14,45,Disneyland Park,River Rogue Keelboats,27,CLOSED,STANDBY,0,,,queue-times.com
2026-08-26T12:45:38Z,2026-08-26,14,45,Disneyland Park,Rustler Roundup Shootin' Gallery,2712,OPERATING,STANDBY,0,,,queue-times.com
2026-08-26T12:45:38Z,2026-08-26,14,45,Disneyland Park,Thunder Mesa Riverboat Landing,28,OPERATING,STANDBY,20,,,queue-times.com
2026-08-26T12:45:38Z,2026-08-26,14,45,Disneyland Park,Disneyland Railroad Main Street Station,2708,OPERATING,STANDBY,0,,,queue-times.com
2026-08-26T12:45:38Z,2026-08-26,14,45,Disneyland Park,Main Street Vehicles,12,CLOSED,STANDBY,0,,,queue-times.com
2026-08-26T12:45:38Z,2026-08-26,14,45,Disney Adventure World,Avengers Assemble: Flight Force,10848,CLOSED,STANDBY,0,,,queue-times.com
2026-08-26T12:45:38Z,2026-08-26,14,45,Disney Adventure World,Avengers Assemble: Flight Force Single Rider,10849,CLOSED,STANDBY,0,,,queue-times.com
2026-08-26T12:45:38Z,2026-08-26,14,45,Disney Adventure World,Spider-Man W.E.B. Adventure,10845,OPERATING,STANDBY,80,,,queue-times.com
2026-08-26T12:45:38Z,2026-08-26,14,45,Disney Adventure World,Spider-Man W.E.B. Adventure Single Rider,10846,OPERATING,STANDBY,20,,,queue-times.com
2026-08-26T12:45:38Z,2026-08-26,14,45,Disney Adventure World,The Twilight Zone Tower of Terror,40,OPERATING,STANDBY,25,,,queue-times.com
2026-08-26T12:45:38Z,2026-08-26,14,45,Disney Adventure World,Cars Quatre Roues Rallye,31,OPERATING,STANDBY,15,,,queue-times.com
2026-08-26T12:45:38Z,2026-08-26,14,45,Disney Adventure World,Cars ROAD TRIP,29,OPERATING,STANDBY,5,,,queue-times.com
2026-08-26T12:45:38Z,2026-08-26,14,45,Disney Adventure World,Crush's Coaster,32,OPERATING,STANDBY,85,,,queue-times.com
2026-08-26T12:45:38Z,2026-08-26,14,45,Disney Adventure World,Crush's Coaster Single Rider,7277,OPERATING,STANDBY,60,,,queue-times.com
2026-08-26T12:45:38Z,2026-08-26,14,45,Disney Adventure World,Les Tapis Volants - Flying Carpets Over Agrabah®,33,OPERATING,STANDBY,25,,,queue-times.com
2026-08-26T12:45:38Z,2026-08-26,14,45,Disney Adventure World,Ratatouille : L’Aventure Totalement Toquée de Rémy​,37,OPERATING,STANDBY,45,,,queue-times.com
2026-08-26T12:45:38Z,2026-08-26,14,45,Disney Adventure World,Ratatouille: The Adventure Single Rider,7279,OPERATING,STANDBY,15,,,queue-times.com
2026-08-26T12:45:38Z,2026-08-26,14,45,Disney Adventure World,RC Racer,34,OPERATING,STANDBY,45,,,queue-times.com
2026-08-26T12:45:38Z,2026-08-26,14,45,Disney Adventure World,RC Racer Single Rider,7280,OPERATING,STANDBY,30,,,queue-times.com
2026-08-26T12:45:38Z,2026-08-26,14,45,Disney Adventure World,Slinky® Dog Zigzag Spin,36,OPERATING,STANDBY,30,,,queue-times.com
2026-08-26T12:45:38Z,2026-08-26,14,45,Disney Adventure World,Toy Soldiers Parachute Drop,35,OPERATING,STANDBY,50,,,queue-times.com
2026-08-26T12:45:38Z,2026-08-26,14,45,Disney Adventure World,Toy Soldiers Parachute Drop Single Rider,7281,OPERATING,STANDBY,25,,,queue-times.com
2026-08-26T12:45:38Z,2026-08-26,14,45,Disney Adventure World,Entry to World of Frozen,16247,OPERATING,STANDBY,0,,,queue-times.com
2026-08-26T12:45:38Z,2026-08-26,14,45,Disney Adventure World,Frozen Ever After,15413,OPERATING,STANDBY,80,,,queue-times.com
2026-08-26T12:45:38Z,2026-08-26,14,45,Disney Adventure World,Raiponce Tangled Spin,15415,OPERATING,STANDBY,15,,,queue-times.com
2026-08-26T13:01:06Z,2026-08-26,15,1,Disneyland Park,Adventure Isle,2702,OPERATING,STANDBY,0,,,queue-times.com
2026-08-26T13:01:06Z,2026-08-26,15,1,Disneyland Park,Indiana Jones and the Temple of Peril Single Rider,7306,OPERATING,STANDBY,10,,,queue-times.com
2026-08-26T13:01:06Z,2026-08-26,15,1,Disneyland Park,Indiana Jones™ and the Temple of Peril,2,OPERATING,STANDBY,20,,,queue-times.com
2026-08-26T13:01:06Z,2026-08-26,15,1,Disneyland Park,La Cabane des Robinson,1,OPERATING,STANDBY,5,,,queue-times.com
2026-08-26T13:01:06Z,2026-08-26,15,1,Disneyland Park,Le Passage Enchanté d'Aladdin,2703,OPERATING,STANDBY,0,,,queue-times.com
2026-08-26T13:01:06Z,2026-08-26,15,1,Disneyland Park,Pirate Galleon,2705,CLOSED,STANDBY,0,,,queue-times.com
2026-08-26T13:01:06Z,2026-08-26,15,1,Disneyland Park,Pirates of the Caribbean,3,OPERATING,STANDBY,30,,,queue-times.com
2026-08-26T13:01:06Z,2026-08-26,15,1,Disneyland Park,Pirates' Beach,2704,OPERATING,STANDBY,0,,,queue-times.com
2026-08-26T13:01:06Z,2026-08-26,15,1,Disneyland Park,"Autopia, presented by Avis",4,OPERATING,STANDBY,35,,,queue-times.com
2026-08-26T13:01:06Z,2026-08-26,15,1,Disneyland Park,Buzz Lightyear Laser Blast,5,OPERATING,STANDBY,70,,,queue-times.com
2026-08-26T13:01:06Z,2026-08-26,15,1,Disneyland Park,Disneyland Railroad Discoveryland Station,2706,CLOSED,STANDBY,0,,,queue-times.com
2026-08-26T13:01:06Z,2026-08-26,15,1,Disneyland Park,Les Mystères du Nautilus,6,OPERATING,STANDBY,5,,,queue-times.com
2026-08-26T13:01:06Z,2026-08-26,15,1,Disneyland Park,Mickey’s PhilharMagic,2707,OPERATING,STANDBY,0,,,queue-times.com
2026-08-26T13:01:06Z,2026-08-26,15,1,Disneyland Park,Orbitron®,7,OPERATING,STANDBY,70,,,queue-times.com
2026-08-26T13:01:06Z,2026-08-26,15,1,Disneyland Park,Star Tours: The Adventures Continue*,9,OPERATING,STANDBY,15,,,queue-times.com
2026-08-26T13:01:06Z,2026-08-26,15,1,Disneyland Park,Star Wars Hyperspace Mountain,8,OPERATING,STANDBY,40,,,queue-times.com
2026-08-26T13:01:06Z,2026-08-26,15,1,Disneyland Park,Star Wars Hyperspace Mountain Single Rider,7278,OPERATING,STANDBY,30,,,queue-times.com
2026-08-26T13:01:06Z,2026-08-26,15,1,Disneyland Park,Welcome to Starport: A Star Wars Encounter,4573,OPERATING,STANDBY,40,,,queue-times.com
2026-08-26T13:01:06Z,2026-08-26,15,1,Disneyland Park,"""it's a small world""",19,OPERATING,STANDBY,10,,,queue-times.com
2026-08-26T13:01:06Z,2026-08-26,15,1,Disneyland Park,Alice's Curious Labyrinth,14,OPERATING,STANDBY,5,,,queue-times.com
2026-08-26T13:01:06Z,2026-08-26,15,1,Disneyland Park,Blanche-Neige et les Sept Nains®,15,OPERATING,STANDBY,15,,,queue-times.com
2026-08-26T13:01:06Z,2026-08-26,15,1,Disneyland Park,Casey Jr. – le Petit Train du Cirque,17,OPERATING,STANDBY,25,,,queue-times.com
2026-08-26T13:01:06Z,2026-08-26,15,1,Disneyland Park,Disneyland Railroad Fantasyland Station,2711,CLOSED,STANDBY,0,,,queue-times.com
2026-08-26T13:01:06Z,2026-08-26,15,1,Disneyland Park,Disneyland Railroad Main Street Station,11,OPERATING,STANDBY,20,,,queue-times.com
2026-08-26T13:01:06Z,2026-08-26,15,1,Disneyland Park,Dumbo the Flying Elephant,18,CLOSED,STANDBY,0,,,queue-times.com
2026-08-26T13:01:06Z,2026-08-26,15,1,Disneyland Park,La Tanière du Dragon,2710,OPERATING,STANDBY,0,,,queue-times.com
2026-08-26T13:01:06Z,2026-08-26,15,1,Disneyland Park,Le Carrousel de Lancelot,16,OPERATING,STANDBY,10,,,queue-times.com
2026-08-26T13:01:06Z,2026-08-26,15,1,Disneyland Park,"Le Pays des Contes de Fées, presented by Vittel",21,OPERATING,STANDBY,5,,,queue-times.com
2026-08-26T13:01:06Z,2026-08-26,15,1,Disneyland Park,Les Voyages de Pinocchio,23,OPERATING,STANDBY,20,,,queue-times.com
2026-08-26T13:01:06Z,2026-08-26,15,1,Disneyland Park,Mad Hatter's Tea Cups,20,OPERATING,STANDBY,10,,,queue-times.com
2026-08-26T13:01:06Z,2026-08-26,15,1,Disneyland Park,Meet Mickey Mouse,13,OPERATING,STANDBY,0,,,queue-times.com
2026-08-26T13:01:06Z,2026-08-26,15,1,Disneyland Park,Peter Pan's Flight,22,OPERATING,STANDBY,60,,,queue-times.com
2026-08-26T13:01:06Z,2026-08-26,15,1,Disneyland Park,Princess Pavilion,24,OPERATING,STANDBY,0,,,queue-times.com
2026-08-26T13:01:06Z,2026-08-26,15,1,Disneyland Park,Big Thunder Mountain,25,OPERATING,STANDBY,55,,,queue-times.com
2026-08-26T13:01:06Z,2026-08-26,15,1,Disneyland Park,Disneyland Railroad Frontierland Depot,2714,OPERATING,STANDBY,20,,,queue-times.com
2026-08-26T13:01:06Z,2026-08-26,15,1,Disneyland Park,Frontierland Playground,2713,OPERATING,STANDBY,0,,,queue-times.com
2026-08-26T13:01:06Z,2026-08-26,15,1,Disneyland Park,Phantom Manor,26,OPERATING,STANDBY,20,,,queue-times.com
2026-08-26T13:01:06Z,2026-08-26,15,1,Disneyland Park,River Rogue Keelboats,27,CLOSED,STANDBY,0,,,queue-times.com
2026-08-26T13:01:06Z,2026-08-26,15,1,Disneyland Park,Rustler Roundup Shootin' Gallery,2712,OPERATING,STANDBY,0,,,queue-times.com
2026-08-26T13:01:06Z,2026-08-26,15,1,Disneyland Park,Thunder Mesa Riverboat Landing,28,OPERATING,STANDBY,20,,,queue-times.com
2026-08-26T13:01:06Z,2026-08-26,15,1,Disneyland Park,Disneyland Railroad Main Street Station,2708,OPERATING,STANDBY,0,,,queue-times.com
2026-08-26T13:01:06Z,2026-08-26,15,1,Disneyland Park,Main Street Vehicles,12,CLOSED,STANDBY,0,,,queue-times.com
2026-08-26T13:01:06Z,2026-08-26,15,1,Disney Adventure World,Avengers Assemble: Flight Force,10848,CLOSED,STANDBY,0,,,queue-times.com
2026-08-26T13:01:06Z,2026-08-26,15,1,Disney Adventure World,Avengers Assemble: Flight Force Single Rider,10849,CLOSED,STANDBY,0,,,queue-times.com
2026-08-26T13:01:06Z,2026-08-26,15,1,Disney Adventure World,Spider-Man W.E.B. Adventure,10845,CLOSED,STANDBY,0,,,queue-times.com
2026-08-26T13:01:06Z,2026-08-26,15,1,Disney Adventure World,Spider-Man W.E.B. Adventure Single Rider,10846,CLOSED,STANDBY,0,,,queue-times.com
2026-08-26T13:01:06Z,2026-08-26,15,1,Disney Adventure World,The Twilight Zone Tower of Terror,40,OPERATING,STANDBY,45,,,queue-times.com
2026-08-26T13:01:06Z,2026-08-26,15,1,Disney Adventure World,Cars Quatre Roues Rallye,31,OPERATING,STANDBY,20,,,queue-times.com
2026-08-26T13:01:06Z,2026-08-26,15,1,Disney Adventure World,Cars ROAD TRIP,29,OPERATING,STANDBY,10,,,queue-times.com
2026-08-26T13:01:06Z,2026-08-26,15,1,Disney Adventure World,Crush's Coaster,32,OPERATING,STANDBY,70,,,queue-times.com
2026-08-26T13:01:06Z,2026-08-26,15,1,Disney Adventure World,Crush's Coaster Single Rider,7277,OPERATING,STANDBY,60,,,queue-times.com
2026-08-26T13:01:06Z,2026-08-26,15,1,Disney Adventure World,Les Tapis Volants - Flying Carpets Over Agrabah®,33,OPERATING,STANDBY,20,,,queue-times.com
2026-08-26T13:01:06Z,2026-08-26,15,1,Disney Adventure World,Ratatouille : L’Aventure Totalement Toquée de Rémy​,37,OPERATING,STANDBY,70,,,queue-times.com
2026-08-26T13:01:06Z,2026-08-26,15,1,Disney Adventure World,Ratatouille: The Adventure Single Rider,7279,OPERATING,STANDBY,25,,,queue-times.com
2026-08-26T13:01:06Z,2026-08-26,15,1,Disney Adventure World,RC Racer,34,OPERATING,STANDBY,55,,,queue-times.com
2026-08-26T13:01:06Z,2026-08-26,15,1,Disney Adventure World,RC Racer Single Rider,7280,OPERATING,STANDBY,30,,,queue-times.com
2026-08-26T13:01:06Z,2026-08-26,15,1,Disney Adventure World,Slinky® Dog Zigzag Spin,36,OPERATING,STANDBY,20,,,queue-times.com
2026-08-26T13:01:06Z,2026-08-26,15,1,Disney Adventure World,Toy Soldiers Parachute Drop,35,OPERATING,STANDBY,50,,,queue-times.com
2026-08-26T13:01:06Z,2026-08-26,15,1,Disney Adventure World,Toy Soldiers Parachute Drop Single Rider,7281,OPERATING,STANDBY,25,,,queue-times.com
2026-08-26T13:01:06Z,2026-08-26,15,1,Disney Adventure World,Entry to World of Frozen,16247,OPERATING,STANDBY,0,,,queue-times.com
2026-08-26T13:01:06Z,2026-08-26,15,1,Disney Adventure World,Frozen Ever After,15413,OPERATING,STANDBY,105,,,queue-times.com
2026-08-26T13:01:06Z,2026-08-26,15,1,Disney Adventure World,Raiponce Tangled Spin,15415,OPERATING,STANDBY,10,,,queue-times.com
2026-08-26T13:15:37Z,2026-08-26,15,15,Disneyland Park,Adventure Isle,2702,OPERATING,STANDBY,0,,,queue-times.com
2026-08-26T13:15:37Z,2026-08-26,15,15,Disneyland Park,Indiana Jones and the Temple of Peril Single Rider,7306,OPERATING,STANDBY,5,,,queue-times.com
2026-08-26T13:15:37Z,2026-08-26,15,15,Disneyland Park,Indiana Jones™ and the Temple of Peril,2,OPERATING,STANDBY,20,,,queue-times.com
2026-08-26T13:15:37Z,2026-08-26,15,15,Disneyland Park,La Cabane des Robinson,1,OPERATING,STANDBY,5,,,queue-times.com
2026-08-26T13:15:37Z,2026-08-26,15,15,Disneyland Park,Le Passage Enchanté d'Aladdin,2703,OPERATING,STANDBY,0,,,queue-times.com
2026-08-26T13:15:37Z,2026-08-26,15,15,Disneyland Park,Pirate Galleon,2705,CLOSED,STANDBY,0,,,queue-times.com
2026-08-26T13:15:37Z,2026-08-26,15,15,Disneyland Park,Pirates of the Caribbean,3,OPERATING,STANDBY,35,,,queue-times.com
2026-08-26T13:15:37Z,2026-08-26,15,15,Disneyland Park,Pirates' Beach,2704,OPERATING,STANDBY,0,,,queue-times.com
2026-08-26T13:15:37Z,2026-08-26,15,15,Disneyland Park,"Autopia, presented by Avis",4,OPERATING,STANDBY,35,,,queue-times.com
2026-08-26T13:15:37Z,2026-08-26,15,15,Disneyland Park,Buzz Lightyear Laser Blast,5,OPERATING,STANDBY,60,,,queue-times.com
2026-08-26T13:15:37Z,2026-08-26,15,15,Disneyland Park,Disneyland Railroad Discoveryland Station,2706,CLOSED,STANDBY,0,,,queue-times.com
2026-08-26T13:15:37Z,2026-08-26,15,15,Disneyland Park,Les Mystères du Nautilus,6,OPERATING,STANDBY,5,,,queue-times.com
2026-08-26T13:15:37Z,2026-08-26,15,15,Disneyland Park,Mickey’s PhilharMagic,2707,OPERATING,STANDBY,0,,,queue-times.com
2026-08-26T13:15:37Z,2026-08-26,15,15,Disneyland Park,Orbitron®,7,OPERATING,STANDBY,55,,,queue-times.com
2026-08-26T13:15:37Z,2026-08-26,15,15,Disneyland Park,Star Tours: The Adventures Continue*,9,OPERATING,STANDBY,15,,,queue-times.com
2026-08-26T13:15:37Z,2026-08-26,15,15,Disneyland Park,Star Wars Hyperspace Mountain,8,OPERATING,STANDBY,40,,,queue-times.com
2026-08-26T13:15:37Z,2026-08-26,15,15,Disneyland Park,Star Wars Hyperspace Mountain Single Rider,7278,OPERATING,STANDBY,30,,,queue-times.com
2026-08-26T13:15:37Z,2026-08-26,15,15,Disneyland Park,Welcome to Starport: A Star Wars Encounter,4573,OPERATING,STANDBY,40,,,queue-times.com
2026-08-26T13:15:37Z,2026-08-26,15,15,Disneyland Park,"""it's a small world""",19,OPERATING,STANDBY,10,,,queue-times.com
2026-08-26T13:15:37Z,2026-08-26,15,15,Disneyland Park,Alice's Curious Labyrinth,14,OPERATING,STANDBY,5,,,queue-times.com
2026-08-26T13:15:37Z,2026-08-26,15,15,Disneyland Park,Blanche-Neige et les Sept Nains®,15,OPERATING,STANDBY,15,,,queue-times.com
2026-08-26T13:15:37Z,2026-08-26,15,15,Disneyland Park,Casey Jr. – le Petit Train du Cirque,17,OPERATING,STANDBY,25,,,queue-times.com
2026-08-26T13:15:37Z,2026-08-26,15,15,Disneyland Park,Disneyland Railroad Fantasyland Station,2711,CLOSED,STANDBY,0,,,queue-times.com
2026-08-26T13:15:37Z,2026-08-26,15,15,Disneyland Park,Disneyland Railroad Main Street Station,11,OPERATING,STANDBY,20,,,queue-times.com
2026-08-26T13:15:37Z,2026-08-26,15,15,Disneyland Park,Dumbo the Flying Elephant,18,CLOSED,STANDBY,0,,,queue-times.com
2026-08-26T13:15:37Z,2026-08-26,15,15,Disneyland Park,La Tanière du Dragon,2710,OPERATING,STANDBY,0,,,queue-times.com
2026-08-26T13:15:37Z,2026-08-26,15,15,Disneyland Park,Le Carrousel de Lancelot,16,OPERATING,STANDBY,10,,,queue-times.com
2026-08-26T13:15:37Z,2026-08-26,15,15,Disneyland Park,"Le Pays des Contes de Fées, presented by Vittel",21,OPERATING,STANDBY,5,,,queue-times.com
2026-08-26T13:15:37Z,2026-08-26,15,15,Disneyland Park,Les Voyages de Pinocchio,23,OPERATING,STANDBY,15,,,queue-times.com
2026-08-26T13:15:37Z,2026-08-26,15,15,Disneyland Park,Mad Hatter's Tea Cups,20,OPERATING,STANDBY,10,,,queue-times.com
2026-08-26T13:15:37Z,2026-08-26,15,15,Disneyland Park,Meet Mickey Mouse,13,OPERATING,STANDBY,0,,,queue-times.com
2026-08-26T13:15:37Z,2026-08-26,15,15,Disneyland Park,Peter Pan's Flight,22,OPERATING,STANDBY,60,,,queue-times.com
2026-08-26T13:15:37Z,2026-08-26,15,15,Disneyland Park,Princess Pavilion,24,OPERATING,STANDBY,0,,,queue-times.com
2026-08-26T13:15:37Z,2026-08-26,15,15,Disneyland Park,Big Thunder Mountain,25,OPERATING,STANDBY,60,,,queue-times.com
2026-08-26T13:15:37Z,2026-08-26,15,15,Disneyland Park,Disneyland Railroad Frontierland Depot,2714,OPERATING,STANDBY,35,,,queue-times.com
2026-08-26T13:15:37Z,2026-08-26,15,15,Disneyland Park,Frontierland Playground,2713,OPERATING,STANDBY,0,,,queue-times.com
2026-08-26T13:15:37Z,2026-08-26,15,15,Disneyland Park,Phantom Manor,26,OPERATING,STANDBY,20,,,queue-times.com
2026-08-26T13:15:37Z,2026-08-26,15,15,Disneyland Park,River Rogue Keelboats,27,CLOSED,STANDBY,0,,,queue-times.com
2026-08-26T13:15:37Z,2026-08-26,15,15,Disneyland Park,Rustler Roundup Shootin' Gallery,2712,OPERATING,STANDBY,0,,,queue-times.com
2026-08-26T13:15:37Z,2026-08-26,15,15,Disneyland Park,Thunder Mesa Riverboat Landing,28,OPERATING,STANDBY,20,,,queue-times.com
2026-08-26T13:15:37Z,2026-08-26,15,15,Disneyland Park,Disneyland Railroad Main Street Station,2708,OPERATING,STANDBY,0,,,queue-times.com
2026-08-26T13:15:37Z,2026-08-26,15,15,Disneyland Park,Main Street Vehicles,12,CLOSED,STANDBY,0,,,queue-times.com
2026-08-26T13:15:37Z,2026-08-26,15,15,Disney Adventure World,Avengers Assemble: Flight Force,10848,CLOSED,STANDBY,0,,,queue-times.com
2026-08-26T13:15:37Z,2026-08-26,15,15,Disney Adventure World,Avengers Assemble: Flight Force Single Rider,10849,CLOSED,STANDBY,0,,,queue-times.com
2026-08-26T13:15:37Z,2026-08-26,15,15,Disney Adventure World,Spider-Man W.E.B. Adventure,10845,OPERATING,STANDBY,35,,,queue-times.com
2026-08-26T13:15:37Z,2026-08-26,15,15,Disney Adventure World,Spider-Man W.E.B. Adventure Single Rider,10846,OPERATING,STANDBY,20,,,queue-times.com
2026-08-26T13:15:37Z,2026-08-26,15,15,Disney Adventure World,The Twilight Zone Tower of Terror,40,OPERATING,STANDBY,30,,,queue-times.com
2026-08-26T13:15:37Z,2026-08-26,15,15,Disney Adventure World,Cars Quatre Roues Rallye,31,OPERATING,STANDBY,20,,,queue-times.com
2026-08-26T13:15:37Z,2026-08-26,15,15,Disney Adventure World,Cars ROAD TRIP,29,OPERATING,STANDBY,10,,,queue-times.com
2026-08-26T13:15:37Z,2026-08-26,15,15,Disney Adventure World,Crush's Coaster,32,OPERATING,STANDBY,70,,,queue-times.com
2026-08-26T13:15:37Z,2026-08-26,15,15,Disney Adventure World,Crush's Coaster Single Rider,7277,OPERATING,STANDBY,50,,,queue-times.com
2026-08-26T13:15:37Z,2026-08-26,15,15,Disney Adventure World,Les Tapis Volants - Flying Carpets Over Agrabah®,33,OPERATING,STANDBY,20,,,queue-times.com
2026-08-26T13:15:37Z,2026-08-26,15,15,Disney Adventure World,Ratatouille : L’Aventure Totalement Toquée de Rémy​,37,OPERATING,STANDBY,55,,,queue-times.com
2026-08-26T13:15:37Z,2026-08-26,15,15,Disney Adventure World,Ratatouille: The Adventure Single Rider,7279,OPERATING,STANDBY,35,,,queue-times.com
2026-08-26T13:15:37Z,2026-08-26,15,15,Disney Adventure World,RC Racer,34,OPERATING,STANDBY,50,,,queue-times.com
2026-08-26T13:15:37Z,2026-08-26,15,15,Disney Adventure World,RC Racer Single Rider,7280,OPERATING,STANDBY,45,,,queue-times.com
2026-08-26T13:15:37Z,2026-08-26,15,15,Disney Adventure World,Slinky® Dog Zigzag Spin,36,OPERATING,STANDBY,20,,,queue-times.com
2026-08-26T13:15:37Z,2026-08-26,15,15,Disney Adventure World,Toy Soldiers Parachute Drop,35,OPERATING,STANDBY,50,,,queue-times.com
2026-08-26T13:15:37Z,2026-08-26,15,15,Disney Adventure World,Toy Soldiers Parachute Drop Single Rider,7281,OPERATING,STANDBY,25,,,queue-times.com
2026-08-26T13:15:37Z,2026-08-26,15,15,Disney Adventure World,Entry to World of Frozen,16247,OPERATING,STANDBY,0,,,queue-times.com
2026-08-26T13:15:37Z,2026-08-26,15,15,Disney Adventure World,Frozen Ever After,15413,CLOSED,STANDBY,0,,,queue-times.com
2026-08-26T13:15:37Z,2026-08-26,15,15,Disney Adventure World,Raiponce Tangled Spin,15415,OPERATING,STANDBY,10,,,queue-times.com
2026-08-26T13:30:57Z,2026-08-26,15,30,Disneyland Park,Adventure Isle,2702,OPERATING,STANDBY,0,,,queue-times.com
2026-08-26T13:30:57Z,2026-08-26,15,30,Disneyland Park,Indiana Jones and the Temple of Peril Single Rider,7306,OPERATING,STANDBY,5,,,queue-times.com
2026-08-26T13:30:57Z,2026-08-26,15,30,Disneyland Park,Indiana Jones™ and the Temple of Peril,2,OPERATING,STANDBY,25,,,queue-times.com
2026-08-26T13:30:57Z,2026-08-26,15,30,Disneyland Park,La Cabane des Robinson,1,OPERATING,STANDBY,5,,,queue-times.com
2026-08-26T13:30:57Z,2026-08-26,15,30,Disneyland Park,Le Passage Enchanté d'Aladdin,2703,OPERATING,STANDBY,0,,,queue-times.com
2026-08-26T13:30:57Z,2026-08-26,15,30,Disneyland Park,Pirate Galleon,2705,CLOSED,STANDBY,0,,,queue-times.com
2026-08-26T13:30:57Z,2026-08-26,15,30,Disneyland Park,Pirates of the Caribbean,3,OPERATING,STANDBY,35,,,queue-times.com
2026-08-26T13:30:57Z,2026-08-26,15,30,Disneyland Park,Pirates' Beach,2704,OPERATING,STANDBY,0,,,queue-times.com
2026-08-26T13:30:57Z,2026-08-26,15,30,Disneyland Park,"Autopia, presented by Avis",4,OPERATING,STANDBY,35,,,queue-times.com
2026-08-26T13:30:57Z,2026-08-26,15,30,Disneyland Park,Buzz Lightyear Laser Blast,5,OPERATING,STANDBY,60,,,queue-times.com
2026-08-26T13:30:57Z,2026-08-26,15,30,Disneyland Park,Disneyland Railroad Discoveryland Station,2706,CLOSED,STANDBY,0,,,queue-times.com
2026-08-26T13:30:57Z,2026-08-26,15,30,Disneyland Park,Les Mystères du Nautilus,6,OPERATING,STANDBY,5,,,queue-times.com
2026-08-26T13:30:57Z,2026-08-26,15,30,Disneyland Park,Mickey’s PhilharMagic,2707,OPERATING,STANDBY,0,,,queue-times.com
2026-08-26T13:30:57Z,2026-08-26,15,30,Disneyland Park,Orbitron®,7,OPERATING,STANDBY,55,,,queue-times.com
2026-08-26T13:30:57Z,2026-08-26,15,30,Disneyland Park,Star Tours: The Adventures Continue*,9,OPERATING,STANDBY,10,,,queue-times.com
2026-08-26T13:30:57Z,2026-08-26,15,30,Disneyland Park,Star Wars Hyperspace Mountain,8,OPERATING,STANDBY,85,,,queue-times.com
2026-08-26T13:30:57Z,2026-08-26,15,30,Disneyland Park,Star Wars Hyperspace Mountain Single Rider,7278,OPERATING,STANDBY,60,,,queue-times.com
2026-08-26T13:30:57Z,2026-08-26,15,30,Disneyland Park,Welcome to Starport: A Star Wars Encounter,4573,OPERATING,STANDBY,20,,,queue-times.com
2026-08-26T13:30:57Z,2026-08-26,15,30,Disneyland Park,"""it's a small world""",19,OPERATING,STANDBY,15,,,queue-times.com
2026-08-26T13:30:57Z,2026-08-26,15,30,Disneyland Park,Alice's Curious Labyrinth,14,OPERATING,STANDBY,5,,,queue-times.com
2026-08-26T13:30:57Z,2026-08-26,15,30,Disneyland Park,Blanche-Neige et les Sept Nains®,15,OPERATING,STANDBY,15,,,queue-times.com
2026-08-26T13:30:57Z,2026-08-26,15,30,Disneyland Park,Casey Jr. – le Petit Train du Cirque,17,OPERATING,STANDBY,15,,,queue-times.com
2026-08-26T13:30:57Z,2026-08-26,15,30,Disneyland Park,Disneyland Railroad Fantasyland Station,2711,CLOSED,STANDBY,0,,,queue-times.com
2026-08-26T13:30:57Z,2026-08-26,15,30,Disneyland Park,Disneyland Railroad Main Street Station,11,OPERATING,STANDBY,20,,,queue-times.com
2026-08-26T13:30:57Z,2026-08-26,15,30,Disneyland Park,Dumbo the Flying Elephant,18,CLOSED,STANDBY,0,,,queue-times.com
2026-08-26T13:30:57Z,2026-08-26,15,30,Disneyland Park,La Tanière du Dragon,2710,OPERATING,STANDBY,0,,,queue-times.com
2026-08-26T13:30:57Z,2026-08-26,15,30,Disneyland Park,Le Carrousel de Lancelot,16,OPERATING,STANDBY,10,,,queue-times.com
2026-08-26T13:30:57Z,2026-08-26,15,30,Disneyland Park,"Le Pays des Contes de Fées, presented by Vittel",21,OPERATING,STANDBY,5,,,queue-times.com
2026-08-26T13:30:57Z,2026-08-26,15,30,Disneyland Park,Les Voyages de Pinocchio,23,OPERATING,STANDBY,20,,,queue-times.com
2026-08-26T13:30:57Z,2026-08-26,15,30,Disneyland Park,Mad Hatter's Tea Cups,20,OPERATING,STANDBY,5,,,queue-times.com
2026-08-26T13:30:57Z,2026-08-26,15,30,Disneyland Park,Meet Mickey Mouse,13,OPERATING,STANDBY,0,,,queue-times.com
2026-08-26T13:30:57Z,2026-08-26,15,30,Disneyland Park,Peter Pan's Flight,22,OPERATING,STANDBY,60,,,queue-times.com
2026-08-26T13:30:57Z,2026-08-26,15,30,Disneyland Park,Princess Pavilion,24,OPERATING,STANDBY,0,,,queue-times.com
2026-08-26T13:30:57Z,2026-08-26,15,30,Disneyland Park,Big Thunder Mountain,25,CLOSED,STANDBY,0,,,queue-times.com
2026-08-26T13:30:57Z,2026-08-26,15,30,Disneyland Park,Disneyland Railroad Frontierland Depot,2714,OPERATING,STANDBY,35,,,queue-times.com
2026-08-26T13:30:57Z,2026-08-26,15,30,Disneyland Park,Frontierland Playground,2713,OPERATING,STANDBY,0,,,queue-times.com
2026-08-26T13:30:57Z,2026-08-26,15,30,Disneyland Park,Phantom Manor,26,OPERATING,STANDBY,20,,,queue-times.com
2026-08-26T13:30:57Z,2026-08-26,15,30,Disneyland Park,River Rogue Keelboats,27,CLOSED,STANDBY,0,,,queue-times.com
2026-08-26T13:30:57Z,2026-08-26,15,30,Disneyland Park,Rustler Roundup Shootin' Gallery,2712,OPERATING,STANDBY,0,,,queue-times.com
2026-08-26T13:30:57Z,2026-08-26,15,30,Disneyland Park,Thunder Mesa Riverboat Landing,28,OPERATING,STANDBY,20,,,queue-times.com
2026-08-26T13:30:57Z,2026-08-26,15,30,Disneyland Park,Disneyland Railroad Main Street Station,2708,OPERATING,STANDBY,0,,,queue-times.com
2026-08-26T13:30:57Z,2026-08-26,15,30,Disneyland Park,Main Street Vehicles,12,CLOSED,STANDBY,0,,,queue-times.com
2026-08-26T13:30:57Z,2026-08-26,15,30,Disney Adventure World,Avengers Assemble: Flight Force,10848,CLOSED,STANDBY,0,,,queue-times.com
2026-08-26T13:30:57Z,2026-08-26,15,30,Disney Adventure World,Avengers Assemble: Flight Force Single Rider,10849,CLOSED,STANDBY,0,,,queue-times.com
2026-08-26T13:30:57Z,2026-08-26,15,30,Disney Adventure World,Spider-Man W.E.B. Adventure,10845,OPERATING,STANDBY,70,,,queue-times.com
2026-08-26T13:30:57Z,2026-08-26,15,30,Disney Adventure World,Spider-Man W.E.B. Adventure Single Rider,10846,OPERATING,STANDBY,30,,,queue-times.com
2026-08-26T13:30:57Z,2026-08-26,15,30,Disney Adventure World,The Twilight Zone Tower of Terror,40,OPERATING,STANDBY,65,,,queue-times.com
2026-08-26T13:30:57Z,2026-08-26,15,30,Disney Adventure World,Cars Quatre Roues Rallye,31,OPERATING,STANDBY,15,,,queue-times.com
2026-08-26T13:30:57Z,2026-08-26,15,30,Disney Adventure World,Cars ROAD TRIP,29,OPERATING,STANDBY,15,,,queue-times.com
2026-08-26T13:30:57Z,2026-08-26,15,30,Disney Adventure World,Crush's Coaster,32,OPERATING,STANDBY,80,,,queue-times.com
2026-08-26T13:30:57Z,2026-08-26,15,30,Disney Adventure World,Crush's Coaster Single Rider,7277,OPERATING,STANDBY,60,,,queue-times.com
2026-08-26T13:30:57Z,2026-08-26,15,30,Disney Adventure World,Les Tapis Volants - Flying Carpets Over Agrabah®,33,OPERATING,STANDBY,10,,,queue-times.com
2026-08-26T13:30:57Z,2026-08-26,15,30,Disney Adventure World,Ratatouille : L’Aventure Totalement Toquée de Rémy​,37,OPERATING,STANDBY,65,,,queue-times.com
2026-08-26T13:30:57Z,2026-08-26,15,30,Disney Adventure World,Ratatouille: The Adventure Single Rider,7279,OPERATING,STANDBY,25,,,queue-times.com
2026-08-26T13:30:57Z,2026-08-26,15,30,Disney Adventure World,RC Racer,34,OPERATING,STANDBY,45,,,queue-times.com
2026-08-26T13:30:57Z,2026-08-26,15,30,Disney Adventure World,RC Racer Single Rider,7280,OPERATING,STANDBY,40,,,queue-times.com
2026-08-26T13:30:57Z,2026-08-26,15,30,Disney Adventure World,Slinky® Dog Zigzag Spin,36,OPERATING,STANDBY,20,,,queue-times.com
2026-08-26T13:30:57Z,2026-08-26,15,30,Disney Adventure World,Toy Soldiers Parachute Drop,35,OPERATING,STANDBY,45,,,queue-times.com
2026-08-26T13:30:57Z,2026-08-26,15,30,Disney Adventure World,Toy Soldiers Parachute Drop Single Rider,7281,OPERATING,STANDBY,30,,,queue-times.com
2026-08-26T13:30:57Z,2026-08-26,15,30,Disney Adventure World,Entry to World of Frozen,16247,OPERATING,STANDBY,0,,,queue-times.com
2026-08-26T13:30:57Z,2026-08-26,15,30,Disney Adventure World,Frozen Ever After,15413,CLOSED,STANDBY,0,,,queue-times.com
2026-08-26T13:30:57Z,2026-08-26,15,30,Disney Adventure World,Raiponce Tangled Spin,15415,OPERATING,STANDBY,10,,,queue-times.com
2026-08-26T13:36:59Z,2026-08-26,15,36,Disneyland Park,Adventure Isle,2702,OPERATING,STANDBY,0,,,queue-times.com
2026-08-26T13:36:59Z,2026-08-26,15,36,Disneyland Park,Indiana Jones and the Temple of Peril Single Rider,7306,OPERATING,STANDBY,5,,,queue-times.com
2026-08-26T13:36:59Z,2026-08-26,15,36,Disneyland Park,Indiana Jones™ and the Temple of Peril,2,OPERATING,STANDBY,25,,,queue-times.com
2026-08-26T13:36:59Z,2026-08-26,15,36,Disneyland Park,La Cabane des Robinson,1,OPERATING,STANDBY,5,,,queue-times.com
2026-08-26T13:36:59Z,2026-08-26,15,36,Disneyland Park,Le Passage Enchanté d'Aladdin,2703,OPERATING,STANDBY,0,,,queue-times.com
2026-08-26T13:36:59Z,2026-08-26,15,36,Disneyland Park,Pirate Galleon,2705,CLOSED,STANDBY,0,,,queue-times.com
2026-08-26T13:36:59Z,2026-08-26,15,36,Disneyland Park,Pirates of the Caribbean,3,OPERATING,STANDBY,30,,,queue-times.com
2026-08-26T13:36:59Z,2026-08-26,15,36,Disneyland Park,Pirates' Beach,2704,OPERATING,STANDBY,0,,,queue-times.com
2026-08-26T13:36:59Z,2026-08-26,15,36,Disneyland Park,"Autopia, presented by Avis",4,OPERATING,STANDBY,35,,,queue-times.com
2026-08-26T13:36:59Z,2026-08-26,15,36,Disneyland Park,Buzz Lightyear Laser Blast,5,OPERATING,STANDBY,50,,,queue-times.com
2026-08-26T13:36:59Z,2026-08-26,15,36,Disneyland Park,Disneyland Railroad Discoveryland Station,2706,CLOSED,STANDBY,0,,,queue-times.com
2026-08-26T13:36:59Z,2026-08-26,15,36,Disneyland Park,Les Mystères du Nautilus,6,OPERATING,STANDBY,5,,,queue-times.com
2026-08-26T13:36:59Z,2026-08-26,15,36,Disneyland Park,Mickey’s PhilharMagic,2707,OPERATING,STANDBY,0,,,queue-times.com
2026-08-26T13:36:59Z,2026-08-26,15,36,Disneyland Park,Orbitron®,7,OPERATING,STANDBY,50,,,queue-times.com
2026-08-26T13:36:59Z,2026-08-26,15,36,Disneyland Park,Star Tours: The Adventures Continue*,9,OPERATING,STANDBY,10,,,queue-times.com
2026-08-26T13:36:59Z,2026-08-26,15,36,Disneyland Park,Star Wars Hyperspace Mountain,8,OPERATING,STANDBY,40,,,queue-times.com
2026-08-26T13:36:59Z,2026-08-26,15,36,Disneyland Park,Star Wars Hyperspace Mountain Single Rider,7278,OPERATING,STANDBY,35,,,queue-times.com
2026-08-26T13:36:59Z,2026-08-26,15,36,Disneyland Park,Welcome to Starport: A Star Wars Encounter,4573,OPERATING,STANDBY,20,,,queue-times.com
2026-08-26T13:36:59Z,2026-08-26,15,36,Disneyland Park,"""it's a small world""",19,OPERATING,STANDBY,15,,,queue-times.com
2026-08-26T13:36:59Z,2026-08-26,15,36,Disneyland Park,Alice's Curious Labyrinth,14,OPERATING,STANDBY,5,,,queue-times.com
2026-08-26T13:36:59Z,2026-08-26,15,36,Disneyland Park,Blanche-Neige et les Sept Nains®,15,OPERATING,STANDBY,15,,,queue-times.com
2026-08-26T13:36:59Z,2026-08-26,15,36,Disneyland Park,Casey Jr. – le Petit Train du Cirque,17,OPERATING,STANDBY,10,,,queue-times.com
2026-08-26T13:36:59Z,2026-08-26,15,36,Disneyland Park,Disneyland Railroad Fantasyland Station,2711,CLOSED,STANDBY,0,,,queue-times.com
2026-08-26T13:36:59Z,2026-08-26,15,36,Disneyland Park,Disneyland Railroad Main Street Station,11,OPERATING,STANDBY,20,,,queue-times.com
2026-08-26T13:36:59Z,2026-08-26,15,36,Disneyland Park,Dumbo the Flying Elephant,18,CLOSED,STANDBY,0,,,queue-times.com
2026-08-26T13:36:59Z,2026-08-26,15,36,Disneyland Park,La Tanière du Dragon,2710,OPERATING,STANDBY,0,,,queue-times.com
2026-08-26T13:36:59Z,2026-08-26,15,36,Disneyland Park,Le Carrousel de Lancelot,16,OPERATING,STANDBY,10,,,queue-times.com
2026-08-26T13:36:59Z,2026-08-26,15,36,Disneyland Park,"Le Pays des Contes de Fées, presented by Vittel",21,OPERATING,STANDBY,5,,,queue-times.com
2026-08-26T13:36:59Z,2026-08-26,15,36,Disneyland Park,Les Voyages de Pinocchio,23,OPERATING,STANDBY,25,,,queue-times.com
2026-08-26T13:36:59Z,2026-08-26,15,36,Disneyland Park,Mad Hatter's Tea Cups,20,OPERATING,STANDBY,5,,,queue-times.com
2026-08-26T13:36:59Z,2026-08-26,15,36,Disneyland Park,Meet Mickey Mouse,13,OPERATING,STANDBY,0,,,queue-times.com
2026-08-26T13:36:59Z,2026-08-26,15,36,Disneyland Park,Peter Pan's Flight,22,OPERATING,STANDBY,70,,,queue-times.com
2026-08-26T13:36:59Z,2026-08-26,15,36,Disneyland Park,Princess Pavilion,24,OPERATING,STANDBY,0,,,queue-times.com
2026-08-26T13:36:59Z,2026-08-26,15,36,Disneyland Park,Big Thunder Mountain,25,CLOSED,STANDBY,0,,,queue-times.com
2026-08-26T13:36:59Z,2026-08-26,15,36,Disneyland Park,Disneyland Railroad Frontierland Depot,2714,OPERATING,STANDBY,35,,,queue-times.com
2026-08-26T13:36:59Z,2026-08-26,15,36,Disneyland Park,Frontierland Playground,2713,OPERATING,STANDBY,0,,,queue-times.com
2026-08-26T13:36:59Z,2026-08-26,15,36,Disneyland Park,Phantom Manor,26,OPERATING,STANDBY,20,,,queue-times.com
2026-08-26T13:36:59Z,2026-08-26,15,36,Disneyland Park,River Rogue Keelboats,27,CLOSED,STANDBY,0,,,queue-times.com
2026-08-26T13:36:59Z,2026-08-26,15,36,Disneyland Park,Rustler Roundup Shootin' Gallery,2712,OPERATING,STANDBY,0,,,queue-times.com
2026-08-26T13:36:59Z,2026-08-26,15,36,Disneyland Park,Thunder Mesa Riverboat Landing,28,OPERATING,STANDBY,20,,,queue-times.com
2026-08-26T13:36:59Z,2026-08-26,15,36,Disneyland Park,Disneyland Railroad Main Street Station,2708,OPERATING,STANDBY,0,,,queue-times.com
2026-08-26T13:36:59Z,2026-08-26,15,36,Disneyland Park,Main Street Vehicles,12,CLOSED,STANDBY,0,,,queue-times.com
2026-08-26T13:36:59Z,2026-08-26,15,36,Disney Adventure World,Avengers Assemble: Flight Force,10848,CLOSED,STANDBY,0,,,queue-times.com
2026-08-26T13:36:59Z,2026-08-26,15,36,Disney Adventure World,Avengers Assemble: Flight Force Single Rider,10849,CLOSED,STANDBY,0,,,queue-times.com
2026-08-26T13:36:59Z,2026-08-26,15,36,Disney Adventure World,Spider-Man W.E.B. Adventure,10845,OPERATING,STANDBY,70,,,queue-times.com
2026-08-26T13:36:59Z,2026-08-26,15,36,Disney Adventure World,Spider-Man W.E.B. Adventure Single Rider,10846,OPERATING,STANDBY,30,,,queue-times.com
2026-08-26T13:36:59Z,2026-08-26,15,36,Disney Adventure World,The Twilight Zone Tower of Terror,40,OPERATING,STANDBY,50,,,queue-times.com
2026-08-26T13:36:59Z,2026-08-26,15,36,Disney Adventure World,Cars Quatre Roues Rallye,31,OPERATING,STANDBY,15,,,queue-times.com
2026-08-26T13:36:59Z,2026-08-26,15,36,Disney Adventure World,Cars ROAD TRIP,29,OPERATING,STANDBY,15,,,queue-times.com
2026-08-26T13:36:59Z,2026-08-26,15,36,Disney Adventure World,Crush's Coaster,32,OPERATING,STANDBY,80,,,queue-times.com
2026-08-26T13:36:59Z,2026-08-26,15,36,Disney Adventure World,Crush's Coaster Single Rider,7277,OPERATING,STANDBY,60,,,queue-times.com
2026-08-26T13:36:59Z,2026-08-26,15,36,Disney Adventure World,Les Tapis Volants - Flying Carpets Over Agrabah®,33,OPERATING,STANDBY,5,,,queue-times.com
2026-08-26T13:36:59Z,2026-08-26,15,36,Disney Adventure World,Ratatouille : L’Aventure Totalement Toquée de Rémy​,37,OPERATING,STANDBY,65,,,queue-times.com
2026-08-26T13:36:59Z,2026-08-26,15,36,Disney Adventure World,Ratatouille: The Adventure Single Rider,7279,OPERATING,STANDBY,30,,,queue-times.com
2026-08-26T13:36:59Z,2026-08-26,15,36,Disney Adventure World,RC Racer,34,OPERATING,STANDBY,45,,,queue-times.com
2026-08-26T13:36:59Z,2026-08-26,15,36,Disney Adventure World,RC Racer Single Rider,7280,OPERATING,STANDBY,40,,,queue-times.com
2026-08-26T13:36:59Z,2026-08-26,15,36,Disney Adventure World,Slinky® Dog Zigzag Spin,36,OPERATING,STANDBY,20,,,queue-times.com
2026-08-26T13:36:59Z,2026-08-26,15,36,Disney Adventure World,Toy Soldiers Parachute Drop,35,OPERATING,STANDBY,45,,,queue-times.com
2026-08-26T13:36:59Z,2026-08-26,15,36,Disney Adventure World,Toy Soldiers Parachute Drop Single Rider,7281,OPERATING,STANDBY,30,,,queue-times.com
2026-08-26T13:36:59Z,2026-08-26,15,36,Disney Adventure World,Entry to World of Frozen,16247,OPERATING,STANDBY,0,,,queue-times.com
2026-08-26T13:36:59Z,2026-08-26,15,36,Disney Adventure World,Frozen Ever After,15413,CLOSED,STANDBY,0,,,queue-times.com
2026-08-26T13:36:59Z,2026-08-26,15,36,Disney Adventure World,Raiponce Tangled Spin,15415,OPERATING,STANDBY,10,,,queue-times.com
2026-08-26T13:45:42Z,2026-08-26,15,45,Disneyland Park,Adventure Isle,2702,OPERATING,STANDBY,0,,,queue-times.com
2026-08-26T13:45:42Z,2026-08-26,15,45,Disneyland Park,Indiana Jones and the Temple of Peril Single Rider,7306,OPERATING,STANDBY,10,,,queue-times.com
2026-08-26T13:45:42Z,2026-08-26,15,45,Disneyland Park,Indiana Jones™ and the Temple of Peril,2,OPERATING,STANDBY,25,,,queue-times.com
2026-08-26T13:45:42Z,2026-08-26,15,45,Disneyland Park,La Cabane des Robinson,1,OPERATING,STANDBY,5,,,queue-times.com
2026-08-26T13:45:42Z,2026-08-26,15,45,Disneyland Park,Le Passage Enchanté d'Aladdin,2703,OPERATING,STANDBY,0,,,queue-times.com
2026-08-26T13:45:42Z,2026-08-26,15,45,Disneyland Park,Pirate Galleon,2705,CLOSED,STANDBY,0,,,queue-times.com
2026-08-26T13:45:42Z,2026-08-26,15,45,Disneyland Park,Pirates of the Caribbean,3,OPERATING,STANDBY,30,,,queue-times.com
2026-08-26T13:45:42Z,2026-08-26,15,45,Disneyland Park,Pirates' Beach,2704,OPERATING,STANDBY,0,,,queue-times.com
2026-08-26T13:45:42Z,2026-08-26,15,45,Disneyland Park,"Autopia, presented by Avis",4,OPERATING,STANDBY,35,,,queue-times.com
2026-08-26T13:45:42Z,2026-08-26,15,45,Disneyland Park,Buzz Lightyear Laser Blast,5,OPERATING,STANDBY,45,,,queue-times.com
2026-08-26T13:45:42Z,2026-08-26,15,45,Disneyland Park,Disneyland Railroad Discoveryland Station,2706,CLOSED,STANDBY,0,,,queue-times.com
2026-08-26T13:45:42Z,2026-08-26,15,45,Disneyland Park,Les Mystères du Nautilus,6,OPERATING,STANDBY,5,,,queue-times.com
2026-08-26T13:45:42Z,2026-08-26,15,45,Disneyland Park,Mickey’s PhilharMagic,2707,OPERATING,STANDBY,0,,,queue-times.com
2026-08-26T13:45:42Z,2026-08-26,15,45,Disneyland Park,Orbitron®,7,OPERATING,STANDBY,50,,,queue-times.com
2026-08-26T13:45:42Z,2026-08-26,15,45,Disneyland Park,Star Tours: The Adventures Continue*,9,OPERATING,STANDBY,10,,,queue-times.com
2026-08-26T13:45:42Z,2026-08-26,15,45,Disneyland Park,Star Wars Hyperspace Mountain,8,OPERATING,STANDBY,50,,,queue-times.com
2026-08-26T13:45:42Z,2026-08-26,15,45,Disneyland Park,Star Wars Hyperspace Mountain Single Rider,7278,OPERATING,STANDBY,40,,,queue-times.com
2026-08-26T13:45:42Z,2026-08-26,15,45,Disneyland Park,Welcome to Starport: A Star Wars Encounter,4573,OPERATING,STANDBY,5,,,queue-times.com
2026-08-26T13:45:42Z,2026-08-26,15,45,Disneyland Park,"""it's a small world""",19,OPERATING,STANDBY,15,,,queue-times.com
2026-08-26T13:45:42Z,2026-08-26,15,45,Disneyland Park,Alice's Curious Labyrinth,14,OPERATING,STANDBY,5,,,queue-times.com
2026-08-26T13:45:42Z,2026-08-26,15,45,Disneyland Park,Blanche-Neige et les Sept Nains®,15,OPERATING,STANDBY,15,,,queue-times.com
2026-08-26T13:45:42Z,2026-08-26,15,45,Disneyland Park,Casey Jr. – le Petit Train du Cirque,17,OPERATING,STANDBY,10,,,queue-times.com
2026-08-26T13:45:42Z,2026-08-26,15,45,Disneyland Park,Disneyland Railroad Fantasyland Station,2711,CLOSED,STANDBY,0,,,queue-times.com
2026-08-26T13:45:42Z,2026-08-26,15,45,Disneyland Park,Disneyland Railroad Main Street Station,11,OPERATING,STANDBY,20,,,queue-times.com
2026-08-26T13:45:42Z,2026-08-26,15,45,Disneyland Park,Dumbo the Flying Elephant,18,CLOSED,STANDBY,0,,,queue-times.com
2026-08-26T13:45:42Z,2026-08-26,15,45,Disneyland Park,La Tanière du Dragon,2710,OPERATING,STANDBY,0,,,queue-times.com
2026-08-26T13:45:42Z,2026-08-26,15,45,Disneyland Park,Le Carrousel de Lancelot,16,OPERATING,STANDBY,10,,,queue-times.com
2026-08-26T13:45:42Z,2026-08-26,15,45,Disneyland Park,"Le Pays des Contes de Fées, presented by Vittel",21,OPERATING,STANDBY,5,,,queue-times.com
2026-08-26T13:45:42Z,2026-08-26,15,45,Disneyland Park,Les Voyages de Pinocchio,23,OPERATING,STANDBY,25,,,queue-times.com
2026-08-26T13:45:42Z,2026-08-26,15,45,Disneyland Park,Mad Hatter's Tea Cups,20,OPERATING,STANDBY,5,,,queue-times.com
2026-08-26T13:45:42Z,2026-08-26,15,45,Disneyland Park,Meet Mickey Mouse,13,OPERATING,STANDBY,0,,,queue-times.com
2026-08-26T13:45:42Z,2026-08-26,15,45,Disneyland Park,Peter Pan's Flight,22,OPERATING,STANDBY,70,,,queue-times.com
2026-08-26T13:45:42Z,2026-08-26,15,45,Disneyland Park,Princess Pavilion,24,OPERATING,STANDBY,0,,,queue-times.com
2026-08-26T13:45:42Z,2026-08-26,15,45,Disneyland Park,Big Thunder Mountain,25,CLOSED,STANDBY,0,,,queue-times.com
2026-08-26T13:45:42Z,2026-08-26,15,45,Disneyland Park,Disneyland Railroad Frontierland Depot,2714,OPERATING,STANDBY,10,,,queue-times.com
2026-08-26T13:45:42Z,2026-08-26,15,45,Disneyland Park,Frontierland Playground,2713,OPERATING,STANDBY,0,,,queue-times.com
2026-08-26T13:45:42Z,2026-08-26,15,45,Disneyland Park,Phantom Manor,26,OPERATING,STANDBY,20,,,queue-times.com
2026-08-26T13:45:42Z,2026-08-26,15,45,Disneyland Park,River Rogue Keelboats,27,CLOSED,STANDBY,0,,,queue-times.com
2026-08-26T13:45:42Z,2026-08-26,15,45,Disneyland Park,Rustler Roundup Shootin' Gallery,2712,OPERATING,STANDBY,0,,,queue-times.com
2026-08-26T13:45:42Z,2026-08-26,15,45,Disneyland Park,Thunder Mesa Riverboat Landing,28,OPERATING,STANDBY,20,,,queue-times.com
2026-08-26T13:45:42Z,2026-08-26,15,45,Disneyland Park,Disneyland Railroad Main Street Station,2708,OPERATING,STANDBY,0,,,queue-times.com
2026-08-26T13:45:42Z,2026-08-26,15,45,Disneyland Park,Main Street Vehicles,12,CLOSED,STANDBY,0,,,queue-times.com
2026-08-26T13:45:42Z,2026-08-26,15,45,Disney Adventure World,Avengers Assemble: Flight Force,10848,CLOSED,STANDBY,0,,,queue-times.com
2026-08-26T13:45:42Z,2026-08-26,15,45,Disney Adventure World,Avengers Assemble: Flight Force Single Rider,10849,CLOSED,STANDBY,0,,,queue-times.com
2026-08-26T13:45:42Z,2026-08-26,15,45,Disney Adventure World,Spider-Man W.E.B. Adventure,10845,OPERATING,STANDBY,70,,,queue-times.com
2026-08-26T13:45:42Z,2026-08-26,15,45,Disney Adventure World,Spider-Man W.E.B. Adventure Single Rider,10846,OPERATING,STANDBY,30,,,queue-times.com
2026-08-26T13:45:42Z,2026-08-26,15,45,Disney Adventure World,The Twilight Zone Tower of Terror,40,OPERATING,STANDBY,50,,,queue-times.com
2026-08-26T13:45:42Z,2026-08-26,15,45,Disney Adventure World,Cars Quatre Roues Rallye,31,OPERATING,STANDBY,15,,,queue-times.com
2026-08-26T13:45:42Z,2026-08-26,15,45,Disney Adventure World,Cars ROAD TRIP,29,OPERATING,STANDBY,15,,,queue-times.com
2026-08-26T13:45:42Z,2026-08-26,15,45,Disney Adventure World,Crush's Coaster,32,OPERATING,STANDBY,90,,,queue-times.com
2026-08-26T13:45:42Z,2026-08-26,15,45,Disney Adventure World,Crush's Coaster Single Rider,7277,OPERATING,STANDBY,60,,,queue-times.com
2026-08-26T13:45:42Z,2026-08-26,15,45,Disney Adventure World,Les Tapis Volants - Flying Carpets Over Agrabah®,33,OPERATING,STANDBY,5,,,queue-times.com
2026-08-26T13:45:42Z,2026-08-26,15,45,Disney Adventure World,Ratatouille : L’Aventure Totalement Toquée de Rémy​,37,OPERATING,STANDBY,65,,,queue-times.com
2026-08-26T13:45:42Z,2026-08-26,15,45,Disney Adventure World,Ratatouille: The Adventure Single Rider,7279,OPERATING,STANDBY,30,,,queue-times.com
2026-08-26T13:45:42Z,2026-08-26,15,45,Disney Adventure World,RC Racer,34,OPERATING,STANDBY,40,,,queue-times.com
2026-08-26T13:45:42Z,2026-08-26,15,45,Disney Adventure World,RC Racer Single Rider,7280,OPERATING,STANDBY,35,,,queue-times.com
2026-08-26T13:45:42Z,2026-08-26,15,45,Disney Adventure World,Slinky® Dog Zigzag Spin,36,OPERATING,STANDBY,20,,,queue-times.com
2026-08-26T13:45:42Z,2026-08-26,15,45,Disney Adventure World,Toy Soldiers Parachute Drop,35,OPERATING,STANDBY,45,,,queue-times.com
2026-08-26T13:45:42Z,2026-08-26,15,45,Disney Adventure World,Toy Soldiers Parachute Drop Single Rider,7281,OPERATING,STANDBY,25,,,queue-times.com
2026-08-26T13:45:42Z,2026-08-26,15,45,Disney Adventure World,Entry to World of Frozen,16247,OPERATING,STANDBY,0,,,queue-times.com
2026-08-26T13:45:42Z,2026-08-26,15,45,Disney Adventure World,Frozen Ever After,15413,CLOSED,STANDBY,0,,,queue-times.com
2026-08-26T13:45:42Z,2026-08-26,15,45,Disney Adventure World,Raiponce Tangled Spin,15415,OPERATING,STANDBY,10,,,queue-times.com
2026-08-26T14:01:13Z,2026-08-26,16,1,Disneyland Park,Adventure Isle,2702,OPERATING,STANDBY,0,,,queue-times.com
2026-08-26T14:01:13Z,2026-08-26,16,1,Disneyland Park,Indiana Jones and the Temple of Peril Single Rider,7306,OPERATING,STANDBY,25,,,queue-times.com
2026-08-26T14:01:13Z,2026-08-26,16,1,Disneyland Park,Indiana Jones™ and the Temple of Peril,2,OPERATING,STANDBY,40,,,queue-times.com
2026-08-26T14:01:13Z,2026-08-26,16,1,Disneyland Park,La Cabane des Robinson,1,OPERATING,STANDBY,5,,,queue-times.com
2026-08-26T14:01:13Z,2026-08-26,16,1,Disneyland Park,Le Passage Enchanté d'Aladdin,2703,OPERATING,STANDBY,0,,,queue-times.com
2026-08-26T14:01:13Z,2026-08-26,16,1,Disneyland Park,Pirate Galleon,2705,CLOSED,STANDBY,0,,,queue-times.com
2026-08-26T14:01:13Z,2026-08-26,16,1,Disneyland Park,Pirates of the Caribbean,3,OPERATING,STANDBY,30,,,queue-times.com
2026-08-26T14:01:13Z,2026-08-26,16,1,Disneyland Park,Pirates' Beach,2704,OPERATING,STANDBY,0,,,queue-times.com
2026-08-26T14:01:13Z,2026-08-26,16,1,Disneyland Park,"Autopia, presented by Avis",4,OPERATING,STANDBY,40,,,queue-times.com
2026-08-26T14:01:13Z,2026-08-26,16,1,Disneyland Park,Buzz Lightyear Laser Blast,5,OPERATING,STANDBY,50,,,queue-times.com
2026-08-26T14:01:13Z,2026-08-26,16,1,Disneyland Park,Disneyland Railroad Discoveryland Station,2706,CLOSED,STANDBY,0,,,queue-times.com
2026-08-26T14:01:13Z,2026-08-26,16,1,Disneyland Park,Les Mystères du Nautilus,6,OPERATING,STANDBY,5,,,queue-times.com
2026-08-26T14:01:13Z,2026-08-26,16,1,Disneyland Park,Mickey’s PhilharMagic,2707,OPERATING,STANDBY,0,,,queue-times.com
2026-08-26T14:01:13Z,2026-08-26,16,1,Disneyland Park,Orbitron®,7,OPERATING,STANDBY,50,,,queue-times.com
2026-08-26T14:01:13Z,2026-08-26,16,1,Disneyland Park,Star Tours: The Adventures Continue*,9,OPERATING,STANDBY,5,,,queue-times.com
2026-08-26T14:01:13Z,2026-08-26,16,1,Disneyland Park,Star Wars Hyperspace Mountain,8,OPERATING,STANDBY,50,,,queue-times.com
2026-08-26T14:01:13Z,2026-08-26,16,1,Disneyland Park,Star Wars Hyperspace Mountain Single Rider,7278,OPERATING,STANDBY,35,,,queue-times.com
2026-08-26T14:01:13Z,2026-08-26,16,1,Disneyland Park,Welcome to Starport: A Star Wars Encounter,4573,OPERATING,STANDBY,5,,,queue-times.com
2026-08-26T14:01:13Z,2026-08-26,16,1,Disneyland Park,"""it's a small world""",19,OPERATING,STANDBY,10,,,queue-times.com
2026-08-26T14:01:13Z,2026-08-26,16,1,Disneyland Park,Alice's Curious Labyrinth,14,OPERATING,STANDBY,5,,,queue-times.com
2026-08-26T14:01:13Z,2026-08-26,16,1,Disneyland Park,Blanche-Neige et les Sept Nains®,15,OPERATING,STANDBY,15,,,queue-times.com
2026-08-26T14:01:13Z,2026-08-26,16,1,Disneyland Park,Casey Jr. – le Petit Train du Cirque,17,OPERATING,STANDBY,15,,,queue-times.com
2026-08-26T14:01:13Z,2026-08-26,16,1,Disneyland Park,Disneyland Railroad Fantasyland Station,2711,CLOSED,STANDBY,0,,,queue-times.com
2026-08-26T14:01:13Z,2026-08-26,16,1,Disneyland Park,Disneyland Railroad Main Street Station,11,OPERATING,STANDBY,20,,,queue-times.com
2026-08-26T14:01:13Z,2026-08-26,16,1,Disneyland Park,Dumbo the Flying Elephant,18,CLOSED,STANDBY,0,,,queue-times.com
2026-08-26T14:01:13Z,2026-08-26,16,1,Disneyland Park,La Tanière du Dragon,2710,OPERATING,STANDBY,0,,,queue-times.com
2026-08-26T14:01:13Z,2026-08-26,16,1,Disneyland Park,Le Carrousel de Lancelot,16,OPERATING,STANDBY,10,,,queue-times.com
2026-08-26T14:01:13Z,2026-08-26,16,1,Disneyland Park,"Le Pays des Contes de Fées, presented by Vittel",21,OPERATING,STANDBY,5,,,queue-times.com
2026-08-26T14:01:13Z,2026-08-26,16,1,Disneyland Park,Les Voyages de Pinocchio,23,OPERATING,STANDBY,25,,,queue-times.com
2026-08-26T14:01:13Z,2026-08-26,16,1,Disneyland Park,Mad Hatter's Tea Cups,20,OPERATING,STANDBY,5,,,queue-times.com
2026-08-26T14:01:13Z,2026-08-26,16,1,Disneyland Park,Meet Mickey Mouse,13,OPERATING,STANDBY,0,,,queue-times.com
2026-08-26T14:01:13Z,2026-08-26,16,1,Disneyland Park,Peter Pan's Flight,22,OPERATING,STANDBY,70,,,queue-times.com
2026-08-26T14:01:13Z,2026-08-26,16,1,Disneyland Park,Princess Pavilion,24,OPERATING,STANDBY,0,,,queue-times.com
2026-08-26T14:01:13Z,2026-08-26,16,1,Disneyland Park,Big Thunder Mountain,25,CLOSED,STANDBY,0,,,queue-times.com
2026-08-26T14:01:13Z,2026-08-26,16,1,Disneyland Park,Disneyland Railroad Frontierland Depot,2714,OPERATING,STANDBY,10,,,queue-times.com
2026-08-26T14:01:13Z,2026-08-26,16,1,Disneyland Park,Frontierland Playground,2713,OPERATING,STANDBY,0,,,queue-times.com
2026-08-26T14:01:13Z,2026-08-26,16,1,Disneyland Park,Phantom Manor,26,OPERATING,STANDBY,20,,,queue-times.com
2026-08-26T14:01:13Z,2026-08-26,16,1,Disneyland Park,River Rogue Keelboats,27,CLOSED,STANDBY,0,,,queue-times.com
2026-08-26T14:01:13Z,2026-08-26,16,1,Disneyland Park,Rustler Roundup Shootin' Gallery,2712,OPERATING,STANDBY,0,,,queue-times.com
2026-08-26T14:01:13Z,2026-08-26,16,1,Disneyland Park,Thunder Mesa Riverboat Landing,28,OPERATING,STANDBY,20,,,queue-times.com
2026-08-26T14:01:13Z,2026-08-26,16,1,Disneyland Park,Disneyland Railroad Main Street Station,2708,OPERATING,STANDBY,0,,,queue-times.com
2026-08-26T14:01:13Z,2026-08-26,16,1,Disneyland Park,Main Street Vehicles,12,CLOSED,STANDBY,0,,,queue-times.com
2026-08-26T14:01:13Z,2026-08-26,16,1,Disney Adventure World,Avengers Assemble: Flight Force,10848,CLOSED,STANDBY,0,,,queue-times.com
2026-08-26T14:01:13Z,2026-08-26,16,1,Disney Adventure World,Avengers Assemble: Flight Force Single Rider,10849,CLOSED,STANDBY,0,,,queue-times.com
2026-08-26T14:01:13Z,2026-08-26,16,1,Disney Adventure World,Spider-Man W.E.B. Adventure,10845,OPERATING,STANDBY,75,,,queue-times.com
2026-08-26T14:01:13Z,2026-08-26,16,1,Disney Adventure World,Spider-Man W.E.B. Adventure Single Rider,10846,OPERATING,STANDBY,50,,,queue-times.com
2026-08-26T14:01:13Z,2026-08-26,16,1,Disney Adventure World,The Twilight Zone Tower of Terror,40,OPERATING,STANDBY,45,,,queue-times.com
2026-08-26T14:01:13Z,2026-08-26,16,1,Disney Adventure World,Cars Quatre Roues Rallye,31,OPERATING,STANDBY,20,,,queue-times.com
2026-08-26T14:01:13Z,2026-08-26,16,1,Disney Adventure World,Cars ROAD TRIP,29,OPERATING,STANDBY,30,,,queue-times.com
2026-08-26T14:01:13Z,2026-08-26,16,1,Disney Adventure World,Crush's Coaster,32,OPERATING,STANDBY,95,,,queue-times.com
2026-08-26T14:01:13Z,2026-08-26,16,1,Disney Adventure World,Crush's Coaster Single Rider,7277,OPERATING,STANDBY,80,,,queue-times.com
2026-08-26T14:01:13Z,2026-08-26,16,1,Disney Adventure World,Les Tapis Volants - Flying Carpets Over Agrabah®,33,OPERATING,STANDBY,20,,,queue-times.com
2026-08-26T14:01:13Z,2026-08-26,16,1,Disney Adventure World,Ratatouille : L’Aventure Totalement Toquée de Rémy​,37,OPERATING,STANDBY,90,,,queue-times.com
2026-08-26T14:01:13Z,2026-08-26,16,1,Disney Adventure World,Ratatouille: The Adventure Single Rider,7279,OPERATING,STANDBY,35,,,queue-times.com
2026-08-26T14:01:13Z,2026-08-26,16,1,Disney Adventure World,RC Racer,34,OPERATING,STANDBY,75,,,queue-times.com
2026-08-26T14:01:13Z,2026-08-26,16,1,Disney Adventure World,RC Racer Single Rider,7280,OPERATING,STANDBY,65,,,queue-times.com
2026-08-26T14:01:13Z,2026-08-26,16,1,Disney Adventure World,Slinky® Dog Zigzag Spin,36,OPERATING,STANDBY,20,,,queue-times.com
2026-08-26T14:01:13Z,2026-08-26,16,1,Disney Adventure World,Toy Soldiers Parachute Drop,35,OPERATING,STANDBY,50,,,queue-times.com
2026-08-26T14:01:13Z,2026-08-26,16,1,Disney Adventure World,Toy Soldiers Parachute Drop Single Rider,7281,OPERATING,STANDBY,30,,,queue-times.com
2026-08-26T14:01:13Z,2026-08-26,16,1,Disney Adventure World,Entry to World of Frozen,16247,OPERATING,STANDBY,0,,,queue-times.com
2026-08-26T14:01:13Z,2026-08-26,16,1,Disney Adventure World,Frozen Ever After,15413,CLOSED,STANDBY,0,,,queue-times.com
2026-08-26T14:01:13Z,2026-08-26,16,1,Disney Adventure World,Raiponce Tangled Spin,15415,OPERATING,STANDBY,10,,,queue-times.com
2026-08-26T14:15:38Z,2026-08-26,16,15,Disneyland Park,Adventure Isle,2702,OPERATING,STANDBY,0,,,queue-times.com
2026-08-26T14:15:38Z,2026-08-26,16,15,Disneyland Park,Indiana Jones and the Temple of Peril Single Rider,7306,OPERATING,STANDBY,30,,,queue-times.com
2026-08-26T14:15:38Z,2026-08-26,16,15,Disneyland Park,Indiana Jones™ and the Temple of Peril,2,OPERATING,STANDBY,40,,,queue-times.com
2026-08-26T14:15:38Z,2026-08-26,16,15,Disneyland Park,La Cabane des Robinson,1,OPERATING,STANDBY,5,,,queue-times.com
2026-08-26T14:15:38Z,2026-08-26,16,15,Disneyland Park,Le Passage Enchanté d'Aladdin,2703,OPERATING,STANDBY,0,,,queue-times.com
2026-08-26T14:15:38Z,2026-08-26,16,15,Disneyland Park,Pirate Galleon,2705,CLOSED,STANDBY,0,,,queue-times.com
2026-08-26T14:15:38Z,2026-08-26,16,15,Disneyland Park,Pirates of the Caribbean,3,OPERATING,STANDBY,35,,,queue-times.com
2026-08-26T14:15:38Z,2026-08-26,16,15,Disneyland Park,Pirates' Beach,2704,OPERATING,STANDBY,0,,,queue-times.com
2026-08-26T14:15:38Z,2026-08-26,16,15,Disneyland Park,"Autopia, presented by Avis",4,OPERATING,STANDBY,40,,,queue-times.com
2026-08-26T14:15:38Z,2026-08-26,16,15,Disneyland Park,Buzz Lightyear Laser Blast,5,OPERATING,STANDBY,45,,,queue-times.com
2026-08-26T14:15:38Z,2026-08-26,16,15,Disneyland Park,Disneyland Railroad Discoveryland Station,2706,CLOSED,STANDBY,0,,,queue-times.com
2026-08-26T14:15:38Z,2026-08-26,16,15,Disneyland Park,Les Mystères du Nautilus,6,OPERATING,STANDBY,5,,,queue-times.com
2026-08-26T14:15:38Z,2026-08-26,16,15,Disneyland Park,Mickey’s PhilharMagic,2707,OPERATING,STANDBY,0,,,queue-times.com
2026-08-26T14:15:38Z,2026-08-26,16,15,Disneyland Park,Orbitron®,7,OPERATING,STANDBY,50,,,queue-times.com
2026-08-26T14:15:38Z,2026-08-26,16,15,Disneyland Park,Star Tours: The Adventures Continue*,9,OPERATING,STANDBY,10,,,queue-times.com
2026-08-26T14:15:38Z,2026-08-26,16,15,Disneyland Park,Star Wars Hyperspace Mountain,8,OPERATING,STANDBY,40,,,queue-times.com
2026-08-26T14:15:38Z,2026-08-26,16,15,Disneyland Park,Star Wars Hyperspace Mountain Single Rider,7278,OPERATING,STANDBY,30,,,queue-times.com
2026-08-26T14:15:38Z,2026-08-26,16,15,Disneyland Park,Welcome to Starport: A Star Wars Encounter,4573,OPERATING,STANDBY,25,,,queue-times.com
2026-08-26T14:15:38Z,2026-08-26,16,15,Disneyland Park,"""it's a small world""",19,OPERATING,STANDBY,10,,,queue-times.com
2026-08-26T14:15:38Z,2026-08-26,16,15,Disneyland Park,Alice's Curious Labyrinth,14,OPERATING,STANDBY,5,,,queue-times.com
2026-08-26T14:15:38Z,2026-08-26,16,15,Disneyland Park,Blanche-Neige et les Sept Nains®,15,OPERATING,STANDBY,15,,,queue-times.com
2026-08-26T14:15:38Z,2026-08-26,16,15,Disneyland Park,Casey Jr. – le Petit Train du Cirque,17,OPERATING,STANDBY,20,,,queue-times.com
2026-08-26T14:15:38Z,2026-08-26,16,15,Disneyland Park,Disneyland Railroad Fantasyland Station,2711,CLOSED,STANDBY,0,,,queue-times.com
2026-08-26T14:15:38Z,2026-08-26,16,15,Disneyland Park,Disneyland Railroad Main Street Station,11,OPERATING,STANDBY,20,,,queue-times.com
2026-08-26T14:15:38Z,2026-08-26,16,15,Disneyland Park,Dumbo the Flying Elephant,18,CLOSED,STANDBY,0,,,queue-times.com
2026-08-26T14:15:38Z,2026-08-26,16,15,Disneyland Park,La Tanière du Dragon,2710,OPERATING,STANDBY,0,,,queue-times.com
2026-08-26T14:15:38Z,2026-08-26,16,15,Disneyland Park,Le Carrousel de Lancelot,16,OPERATING,STANDBY,10,,,queue-times.com
2026-08-26T14:15:38Z,2026-08-26,16,15,Disneyland Park,"Le Pays des Contes de Fées, presented by Vittel",21,OPERATING,STANDBY,5,,,queue-times.com
2026-08-26T14:15:38Z,2026-08-26,16,15,Disneyland Park,Les Voyages de Pinocchio,23,OPERATING,STANDBY,25,,,queue-times.com
2026-08-26T14:15:38Z,2026-08-26,16,15,Disneyland Park,Mad Hatter's Tea Cups,20,OPERATING,STANDBY,5,,,queue-times.com
2026-08-26T14:15:38Z,2026-08-26,16,15,Disneyland Park,Meet Mickey Mouse,13,OPERATING,STANDBY,0,,,queue-times.com
2026-08-26T14:15:38Z,2026-08-26,16,15,Disneyland Park,Peter Pan's Flight,22,OPERATING,STANDBY,60,,,queue-times.com
2026-08-26T14:15:38Z,2026-08-26,16,15,Disneyland Park,Princess Pavilion,24,OPERATING,STANDBY,0,,,queue-times.com
2026-08-26T14:15:38Z,2026-08-26,16,15,Disneyland Park,Big Thunder Mountain,25,CLOSED,STANDBY,0,,,queue-times.com
2026-08-26T14:15:38Z,2026-08-26,16,15,Disneyland Park,Disneyland Railroad Frontierland Depot,2714,OPERATING,STANDBY,10,,,queue-times.com
2026-08-26T14:15:38Z,2026-08-26,16,15,Disneyland Park,Frontierland Playground,2713,OPERATING,STANDBY,0,,,queue-times.com
2026-08-26T14:15:38Z,2026-08-26,16,15,Disneyland Park,Phantom Manor,26,OPERATING,STANDBY,20,,,queue-times.com
2026-08-26T14:15:38Z,2026-08-26,16,15,Disneyland Park,River Rogue Keelboats,27,CLOSED,STANDBY,0,,,queue-times.com
2026-08-26T14:15:38Z,2026-08-26,16,15,Disneyland Park,Rustler Roundup Shootin' Gallery,2712,OPERATING,STANDBY,0,,,queue-times.com
2026-08-26T14:15:38Z,2026-08-26,16,15,Disneyland Park,Thunder Mesa Riverboat Landing,28,OPERATING,STANDBY,20,,,queue-times.com
2026-08-26T14:15:38Z,2026-08-26,16,15,Disneyland Park,Disneyland Railroad Main Street Station,2708,OPERATING,STANDBY,0,,,queue-times.com
2026-08-26T14:15:38Z,2026-08-26,16,15,Disneyland Park,Main Street Vehicles,12,CLOSED,STANDBY,0,,,queue-times.com
2026-08-26T14:15:38Z,2026-08-26,16,15,Disney Adventure World,Avengers Assemble: Flight Force,10848,CLOSED,STANDBY,0,,,queue-times.com
2026-08-26T14:15:38Z,2026-08-26,16,15,Disney Adventure World,Avengers Assemble: Flight Force Single Rider,10849,CLOSED,STANDBY,0,,,queue-times.com
2026-08-26T14:15:38Z,2026-08-26,16,15,Disney Adventure World,Spider-Man W.E.B. Adventure,10845,OPERATING,STANDBY,75,,,queue-times.com
2026-08-26T14:15:38Z,2026-08-26,16,15,Disney Adventure World,Spider-Man W.E.B. Adventure Single Rider,10846,OPERATING,STANDBY,50,,,queue-times.com
2026-08-26T14:15:38Z,2026-08-26,16,15,Disney Adventure World,The Twilight Zone Tower of Terror,40,OPERATING,STANDBY,80,,,queue-times.com
2026-08-26T14:15:38Z,2026-08-26,16,15,Disney Adventure World,Cars Quatre Roues Rallye,31,OPERATING,STANDBY,20,,,queue-times.com
2026-08-26T14:15:38Z,2026-08-26,16,15,Disney Adventure World,Cars ROAD TRIP,29,OPERATING,STANDBY,25,,,queue-times.com
2026-08-26T14:15:38Z,2026-08-26,16,15,Disney Adventure World,Crush's Coaster,32,OPERATING,STANDBY,100,,,queue-times.com
2026-08-26T14:15:38Z,2026-08-26,16,15,Disney Adventure World,Crush's Coaster Single Rider,7277,OPERATING,STANDBY,80,,,queue-times.com
2026-08-26T14:15:38Z,2026-08-26,16,15,Disney Adventure World,Les Tapis Volants - Flying Carpets Over Agrabah®,33,OPERATING,STANDBY,20,,,queue-times.com
2026-08-26T14:15:38Z,2026-08-26,16,15,Disney Adventure World,Ratatouille : L’Aventure Totalement Toquée de Rémy​,37,OPERATING,STANDBY,75,,,queue-times.com
2026-08-26T14:15:38Z,2026-08-26,16,15,Disney Adventure World,Ratatouille: The Adventure Single Rider,7279,OPERATING,STANDBY,35,,,queue-times.com
2026-08-26T14:15:38Z,2026-08-26,16,15,Disney Adventure World,RC Racer,34,OPERATING,STANDBY,85,,,queue-times.com
2026-08-26T14:15:38Z,2026-08-26,16,15,Disney Adventure World,RC Racer Single Rider,7280,OPERATING,STANDBY,65,,,queue-times.com
2026-08-26T14:15:38Z,2026-08-26,16,15,Disney Adventure World,Slinky® Dog Zigzag Spin,36,OPERATING,STANDBY,25,,,queue-times.com
2026-08-26T14:15:38Z,2026-08-26,16,15,Disney Adventure World,Toy Soldiers Parachute Drop,35,OPERATING,STANDBY,60,,,queue-times.com
2026-08-26T14:15:38Z,2026-08-26,16,15,Disney Adventure World,Toy Soldiers Parachute Drop Single Rider,7281,OPERATING,STANDBY,30,,,queue-times.com
2026-08-26T14:15:38Z,2026-08-26,16,15,Disney Adventure World,Entry to World of Frozen,16247,OPERATING,STANDBY,0,,,queue-times.com
2026-08-26T14:15:38Z,2026-08-26,16,15,Disney Adventure World,Frozen Ever After,15413,CLOSED,STANDBY,0,,,queue-times.com
2026-08-26T14:15:38Z,2026-08-26,16,15,Disney Adventure World,Raiponce Tangled Spin,15415,OPERATING,STANDBY,15,,,queue-times.com
2026-08-26T14:24:13Z,2026-08-26,16,24,Disneyland Park,Adventure Isle,2702,OPERATING,STANDBY,0,,,queue-times.com
2026-08-26T14:24:13Z,2026-08-26,16,24,Disneyland Park,Indiana Jones and the Temple of Peril Single Rider,7306,OPERATING,STANDBY,30,,,queue-times.com
2026-08-26T14:24:13Z,2026-08-26,16,24,Disneyland Park,Indiana Jones™ and the Temple of Peril,2,OPERATING,STANDBY,40,,,queue-times.com
2026-08-26T14:24:13Z,2026-08-26,16,24,Disneyland Park,La Cabane des Robinson,1,OPERATING,STANDBY,5,,,queue-times.com
2026-08-26T14:24:13Z,2026-08-26,16,24,Disneyland Park,Le Passage Enchanté d'Aladdin,2703,OPERATING,STANDBY,0,,,queue-times.com
2026-08-26T14:24:13Z,2026-08-26,16,24,Disneyland Park,Pirate Galleon,2705,CLOSED,STANDBY,0,,,queue-times.com
2026-08-26T14:24:13Z,2026-08-26,16,24,Disneyland Park,Pirates of the Caribbean,3,OPERATING,STANDBY,30,,,queue-times.com
2026-08-26T14:24:13Z,2026-08-26,16,24,Disneyland Park,Pirates' Beach,2704,OPERATING,STANDBY,0,,,queue-times.com
2026-08-26T14:24:13Z,2026-08-26,16,24,Disneyland Park,"Autopia, presented by Avis",4,OPERATING,STANDBY,35,,,queue-times.com
2026-08-26T14:24:13Z,2026-08-26,16,24,Disneyland Park,Buzz Lightyear Laser Blast,5,OPERATING,STANDBY,45,,,queue-times.com
2026-08-26T14:24:13Z,2026-08-26,16,24,Disneyland Park,Disneyland Railroad Discoveryland Station,2706,CLOSED,STANDBY,0,,,queue-times.com
2026-08-26T14:24:13Z,2026-08-26,16,24,Disneyland Park,Les Mystères du Nautilus,6,OPERATING,STANDBY,5,,,queue-times.com
2026-08-26T14:24:13Z,2026-08-26,16,24,Disneyland Park,Mickey’s PhilharMagic,2707,OPERATING,STANDBY,0,,,queue-times.com
2026-08-26T14:24:13Z,2026-08-26,16,24,Disneyland Park,Orbitron®,7,OPERATING,STANDBY,45,,,queue-times.com
2026-08-26T14:24:13Z,2026-08-26,16,24,Disneyland Park,Star Tours: The Adventures Continue*,9,OPERATING,STANDBY,10,,,queue-times.com
2026-08-26T14:24:13Z,2026-08-26,16,24,Disneyland Park,Star Wars Hyperspace Mountain,8,OPERATING,STANDBY,35,,,queue-times.com
2026-08-26T14:24:13Z,2026-08-26,16,24,Disneyland Park,Star Wars Hyperspace Mountain Single Rider,7278,OPERATING,STANDBY,30,,,queue-times.com
2026-08-26T14:24:13Z,2026-08-26,16,24,Disneyland Park,Welcome to Starport: A Star Wars Encounter,4573,OPERATING,STANDBY,25,,,queue-times.com
2026-08-26T14:24:13Z,2026-08-26,16,24,Disneyland Park,"""it's a small world""",19,OPERATING,STANDBY,10,,,queue-times.com
2026-08-26T14:24:13Z,2026-08-26,16,24,Disneyland Park,Alice's Curious Labyrinth,14,OPERATING,STANDBY,5,,,queue-times.com
2026-08-26T14:24:13Z,2026-08-26,16,24,Disneyland Park,Blanche-Neige et les Sept Nains®,15,OPERATING,STANDBY,15,,,queue-times.com
2026-08-26T14:24:13Z,2026-08-26,16,24,Disneyland Park,Casey Jr. – le Petit Train du Cirque,17,OPERATING,STANDBY,20,,,queue-times.com
2026-08-26T14:24:13Z,2026-08-26,16,24,Disneyland Park,Disneyland Railroad Fantasyland Station,2711,CLOSED,STANDBY,0,,,queue-times.com
2026-08-26T14:24:13Z,2026-08-26,16,24,Disneyland Park,Disneyland Railroad Main Street Station,11,OPERATING,STANDBY,20,,,queue-times.com
2026-08-26T14:24:13Z,2026-08-26,16,24,Disneyland Park,Dumbo the Flying Elephant,18,CLOSED,STANDBY,0,,,queue-times.com
2026-08-26T14:24:13Z,2026-08-26,16,24,Disneyland Park,La Tanière du Dragon,2710,OPERATING,STANDBY,0,,,queue-times.com
2026-08-26T14:24:13Z,2026-08-26,16,24,Disneyland Park,Le Carrousel de Lancelot,16,OPERATING,STANDBY,10,,,queue-times.com
2026-08-26T14:24:13Z,2026-08-26,16,24,Disneyland Park,"Le Pays des Contes de Fées, presented by Vittel",21,OPERATING,STANDBY,5,,,queue-times.com
2026-08-26T14:24:13Z,2026-08-26,16,24,Disneyland Park,Les Voyages de Pinocchio,23,OPERATING,STANDBY,25,,,queue-times.com
2026-08-26T14:24:13Z,2026-08-26,16,24,Disneyland Park,Mad Hatter's Tea Cups,20,OPERATING,STANDBY,5,,,queue-times.com
2026-08-26T14:24:13Z,2026-08-26,16,24,Disneyland Park,Meet Mickey Mouse,13,OPERATING,STANDBY,0,,,queue-times.com
2026-08-26T14:24:13Z,2026-08-26,16,24,Disneyland Park,Peter Pan's Flight,22,OPERATING,STANDBY,60,,,queue-times.com
2026-08-26T14:24:13Z,2026-08-26,16,24,Disneyland Park,Princess Pavilion,24,OPERATING,STANDBY,0,,,queue-times.com
2026-08-26T14:24:13Z,2026-08-26,16,24,Disneyland Park,Big Thunder Mountain,25,CLOSED,STANDBY,0,,,queue-times.com
2026-08-26T14:24:13Z,2026-08-26,16,24,Disneyland Park,Disneyland Railroad Frontierland Depot,2714,OPERATING,STANDBY,10,,,queue-times.com
2026-08-26T14:24:13Z,2026-08-26,16,24,Disneyland Park,Frontierland Playground,2713,OPERATING,STANDBY,0,,,queue-times.com
2026-08-26T14:24:13Z,2026-08-26,16,24,Disneyland Park,Phantom Manor,26,OPERATING,STANDBY,20,,,queue-times.com
2026-08-26T14:24:13Z,2026-08-26,16,24,Disneyland Park,River Rogue Keelboats,27,CLOSED,STANDBY,0,,,queue-times.com
2026-08-26T14:24:13Z,2026-08-26,16,24,Disneyland Park,Rustler Roundup Shootin' Gallery,2712,OPERATING,STANDBY,0,,,queue-times.com
2026-08-26T14:24:13Z,2026-08-26,16,24,Disneyland Park,Thunder Mesa Riverboat Landing,28,OPERATING,STANDBY,20,,,queue-times.com
2026-08-26T14:24:13Z,2026-08-26,16,24,Disneyland Park,Disneyland Railroad Main Street Station,2708,OPERATING,STANDBY,0,,,queue-times.com
2026-08-26T14:24:13Z,2026-08-26,16,24,Disneyland Park,Main Street Vehicles,12,CLOSED,STANDBY,0,,,queue-times.com
2026-08-26T14:24:13Z,2026-08-26,16,24,Disney Adventure World,Avengers Assemble: Flight Force,10848,CLOSED,STANDBY,0,,,queue-times.com
2026-08-26T14:24:13Z,2026-08-26,16,24,Disney Adventure World,Avengers Assemble: Flight Force Single Rider,10849,CLOSED,STANDBY,0,,,queue-times.com
2026-08-26T14:24:13Z,2026-08-26,16,24,Disney Adventure World,Spider-Man W.E.B. Adventure,10845,OPERATING,STANDBY,75,,,queue-times.com
2026-08-26T14:24:13Z,2026-08-26,16,24,Disney Adventure World,Spider-Man W.E.B. Adventure Single Rider,10846,OPERATING,STANDBY,50,,,queue-times.com
2026-08-26T14:24:13Z,2026-08-26,16,24,Disney Adventure World,The Twilight Zone Tower of Terror,40,OPERATING,STANDBY,70,,,queue-times.com
2026-08-26T14:24:13Z,2026-08-26,16,24,Disney Adventure World,Cars Quatre Roues Rallye,31,OPERATING,STANDBY,20,,,queue-times.com
2026-08-26T14:24:13Z,2026-08-26,16,24,Disney Adventure World,Cars ROAD TRIP,29,OPERATING,STANDBY,20,,,queue-times.com
2026-08-26T14:24:13Z,2026-08-26,16,24,Disney Adventure World,Crush's Coaster,32,OPERATING,STANDBY,100,,,queue-times.com
2026-08-26T14:24:13Z,2026-08-26,16,24,Disney Adventure World,Crush's Coaster Single Rider,7277,OPERATING,STANDBY,90,,,queue-times.com
2026-08-26T14:24:13Z,2026-08-26,16,24,Disney Adventure World,Les Tapis Volants - Flying Carpets Over Agrabah®,33,OPERATING,STANDBY,20,,,queue-times.com
2026-08-26T14:24:13Z,2026-08-26,16,24,Disney Adventure World,Ratatouille : L’Aventure Totalement Toquée de Rémy​,37,OPERATING,STANDBY,70,,,queue-times.com
2026-08-26T14:24:13Z,2026-08-26,16,24,Disney Adventure World,Ratatouille: The Adventure Single Rider,7279,OPERATING,STANDBY,30,,,queue-times.com
2026-08-26T14:24:13Z,2026-08-26,16,24,Disney Adventure World,RC Racer,34,OPERATING,STANDBY,85,,,queue-times.com
2026-08-26T14:24:13Z,2026-08-26,16,24,Disney Adventure World,RC Racer Single Rider,7280,OPERATING,STANDBY,65,,,queue-times.com
2026-08-26T14:24:13Z,2026-08-26,16,24,Disney Adventure World,Slinky® Dog Zigzag Spin,36,OPERATING,STANDBY,25,,,queue-times.com
2026-08-26T14:24:13Z,2026-08-26,16,24,Disney Adventure World,Toy Soldiers Parachute Drop,35,OPERATING,STANDBY,70,,,queue-times.com
2026-08-26T14:24:13Z,2026-08-26,16,24,Disney Adventure World,Toy Soldiers Parachute Drop Single Rider,7281,OPERATING,STANDBY,30,,,queue-times.com
2026-08-26T14:24:13Z,2026-08-26,16,24,Disney Adventure World,Entry to World of Frozen,16247,OPERATING,STANDBY,0,,,queue-times.com
2026-08-26T14:24:13Z,2026-08-26,16,24,Disney Adventure World,Frozen Ever After,15413,CLOSED,STANDBY,0,,,queue-times.com
2026-08-26T14:24:13Z,2026-08-26,16,24,Disney Adventure World,Raiponce Tangled Spin,15415,OPERATING,STANDBY,15,,,queue-times.com
2026-08-26T14:30:56Z,2026-08-26,16,30,Disneyland Park,Adventure Isle,2702,OPERATING,STANDBY,0,,,queue-times.com
2026-08-26T14:30:56Z,2026-08-26,16,30,Disneyland Park,Indiana Jones and the Temple of Peril Single Rider,7306,OPERATING,STANDBY,15,,,queue-times.com
2026-08-26T14:30:56Z,2026-08-26,16,30,Disneyland Park,Indiana Jones™ and the Temple of Peril,2,OPERATING,STANDBY,40,,,queue-times.com
2026-08-26T14:30:56Z,2026-08-26,16,30,Disneyland Park,La Cabane des Robinson,1,OPERATING,STANDBY,5,,,queue-times.com
2026-08-26T14:30:56Z,2026-08-26,16,30,Disneyland Park,Le Passage Enchanté d'Aladdin,2703,OPERATING,STANDBY,0,,,queue-times.com
2026-08-26T14:30:56Z,2026-08-26,16,30,Disneyland Park,Pirate Galleon,2705,CLOSED,STANDBY,0,,,queue-times.com
2026-08-26T14:30:56Z,2026-08-26,16,30,Disneyland Park,Pirates of the Caribbean,3,OPERATING,STANDBY,30,,,queue-times.com
2026-08-26T14:30:56Z,2026-08-26,16,30,Disneyland Park,Pirates' Beach,2704,OPERATING,STANDBY,0,,,queue-times.com
2026-08-26T14:30:56Z,2026-08-26,16,30,Disneyland Park,"Autopia, presented by Avis",4,OPERATING,STANDBY,35,,,queue-times.com
2026-08-26T14:30:56Z,2026-08-26,16,30,Disneyland Park,Buzz Lightyear Laser Blast,5,OPERATING,STANDBY,55,,,queue-times.com
2026-08-26T14:30:56Z,2026-08-26,16,30,Disneyland Park,Disneyland Railroad Discoveryland Station,2706,CLOSED,STANDBY,0,,,queue-times.com
2026-08-26T14:30:56Z,2026-08-26,16,30,Disneyland Park,Les Mystères du Nautilus,6,OPERATING,STANDBY,5,,,queue-times.com
2026-08-26T14:30:56Z,2026-08-26,16,30,Disneyland Park,Mickey’s PhilharMagic,2707,OPERATING,STANDBY,0,,,queue-times.com
2026-08-26T14:30:56Z,2026-08-26,16,30,Disneyland Park,Orbitron®,7,OPERATING,STANDBY,30,,,queue-times.com
2026-08-26T14:30:56Z,2026-08-26,16,30,Disneyland Park,Star Tours: The Adventures Continue*,9,OPERATING,STANDBY,5,,,queue-times.com
2026-08-26T14:30:56Z,2026-08-26,16,30,Disneyland Park,Star Wars Hyperspace Mountain,8,OPERATING,STANDBY,35,,,queue-times.com
2026-08-26T14:30:56Z,2026-08-26,16,30,Disneyland Park,Star Wars Hyperspace Mountain Single Rider,7278,OPERATING,STANDBY,30,,,queue-times.com
2026-08-26T14:30:56Z,2026-08-26,16,30,Disneyland Park,Welcome to Starport: A Star Wars Encounter,4573,OPERATING,STANDBY,25,,,queue-times.com
2026-08-26T14:30:56Z,2026-08-26,16,30,Disneyland Park,"""it's a small world""",19,OPERATING,STANDBY,10,,,queue-times.com
2026-08-26T14:30:56Z,2026-08-26,16,30,Disneyland Park,Alice's Curious Labyrinth,14,OPERATING,STANDBY,5,,,queue-times.com
2026-08-26T14:30:56Z,2026-08-26,16,30,Disneyland Park,Blanche-Neige et les Sept Nains®,15,OPERATING,STANDBY,15,,,queue-times.com
2026-08-26T14:30:56Z,2026-08-26,16,30,Disneyland Park,Casey Jr. – le Petit Train du Cirque,17,OPERATING,STANDBY,20,,,queue-times.com
2026-08-26T14:30:56Z,2026-08-26,16,30,Disneyland Park,Disneyland Railroad Fantasyland Station,2711,CLOSED,STANDBY,0,,,queue-times.com
2026-08-26T14:30:56Z,2026-08-26,16,30,Disneyland Park,Disneyland Railroad Main Street Station,11,OPERATING,STANDBY,20,,,queue-times.com
2026-08-26T14:30:56Z,2026-08-26,16,30,Disneyland Park,Dumbo the Flying Elephant,18,CLOSED,STANDBY,0,,,queue-times.com
2026-08-26T14:30:56Z,2026-08-26,16,30,Disneyland Park,La Tanière du Dragon,2710,OPERATING,STANDBY,0,,,queue-times.com
2026-08-26T14:30:56Z,2026-08-26,16,30,Disneyland Park,Le Carrousel de Lancelot,16,OPERATING,STANDBY,10,,,queue-times.com
2026-08-26T14:30:56Z,2026-08-26,16,30,Disneyland Park,"Le Pays des Contes de Fées, presented by Vittel",21,OPERATING,STANDBY,5,,,queue-times.com
2026-08-26T14:30:56Z,2026-08-26,16,30,Disneyland Park,Les Voyages de Pinocchio,23,OPERATING,STANDBY,25,,,queue-times.com
2026-08-26T14:30:56Z,2026-08-26,16,30,Disneyland Park,Mad Hatter's Tea Cups,20,OPERATING,STANDBY,5,,,queue-times.com
2026-08-26T14:30:56Z,2026-08-26,16,30,Disneyland Park,Meet Mickey Mouse,13,OPERATING,STANDBY,0,,,queue-times.com
2026-08-26T14:30:56Z,2026-08-26,16,30,Disneyland Park,Peter Pan's Flight,22,OPERATING,STANDBY,60,,,queue-times.com
2026-08-26T14:30:56Z,2026-08-26,16,30,Disneyland Park,Princess Pavilion,24,OPERATING,STANDBY,0,,,queue-times.com
2026-08-26T14:30:56Z,2026-08-26,16,30,Disneyland Park,Big Thunder Mountain,25,OPERATING,STANDBY,70,,,queue-times.com
2026-08-26T14:30:56Z,2026-08-26,16,30,Disneyland Park,Disneyland Railroad Frontierland Depot,2714,OPERATING,STANDBY,10,,,queue-times.com
2026-08-26T14:30:56Z,2026-08-26,16,30,Disneyland Park,Frontierland Playground,2713,OPERATING,STANDBY,0,,,queue-times.com
2026-08-26T14:30:56Z,2026-08-26,16,30,Disneyland Park,Phantom Manor,26,OPERATING,STANDBY,20,,,queue-times.com
2026-08-26T14:30:56Z,2026-08-26,16,30,Disneyland Park,River Rogue Keelboats,27,CLOSED,STANDBY,0,,,queue-times.com
2026-08-26T14:30:56Z,2026-08-26,16,30,Disneyland Park,Rustler Roundup Shootin' Gallery,2712,OPERATING,STANDBY,0,,,queue-times.com
2026-08-26T14:30:56Z,2026-08-26,16,30,Disneyland Park,Thunder Mesa Riverboat Landing,28,OPERATING,STANDBY,20,,,queue-times.com
2026-08-26T14:30:56Z,2026-08-26,16,30,Disneyland Park,Disneyland Railroad Main Street Station,2708,OPERATING,STANDBY,0,,,queue-times.com
2026-08-26T14:30:56Z,2026-08-26,16,30,Disneyland Park,Main Street Vehicles,12,CLOSED,STANDBY,0,,,queue-times.com
2026-08-26T14:30:56Z,2026-08-26,16,30,Disney Adventure World,Avengers Assemble: Flight Force,10848,CLOSED,STANDBY,0,,,queue-times.com
2026-08-26T14:30:56Z,2026-08-26,16,30,Disney Adventure World,Avengers Assemble: Flight Force Single Rider,10849,CLOSED,STANDBY,0,,,queue-times.com
2026-08-26T14:30:56Z,2026-08-26,16,30,Disney Adventure World,Spider-Man W.E.B. Adventure,10845,OPERATING,STANDBY,75,,,queue-times.com
2026-08-26T14:30:56Z,2026-08-26,16,30,Disney Adventure World,Spider-Man W.E.B. Adventure Single Rider,10846,OPERATING,STANDBY,50,,,queue-times.com
2026-08-26T14:30:56Z,2026-08-26,16,30,Disney Adventure World,The Twilight Zone Tower of Terror,40,OPERATING,STANDBY,45,,,queue-times.com
2026-08-26T14:30:56Z,2026-08-26,16,30,Disney Adventure World,Cars Quatre Roues Rallye,31,OPERATING,STANDBY,20,,,queue-times.com
2026-08-26T14:30:56Z,2026-08-26,16,30,Disney Adventure World,Cars ROAD TRIP,29,OPERATING,STANDBY,20,,,queue-times.com
2026-08-26T14:30:56Z,2026-08-26,16,30,Disney Adventure World,Crush's Coaster,32,OPERATING,STANDBY,105,,,queue-times.com
2026-08-26T14:30:56Z,2026-08-26,16,30,Disney Adventure World,Crush's Coaster Single Rider,7277,OPERATING,STANDBY,70,,,queue-times.com
2026-08-26T14:30:56Z,2026-08-26,16,30,Disney Adventure World,Les Tapis Volants - Flying Carpets Over Agrabah®,33,OPERATING,STANDBY,35,,,queue-times.com
2026-08-26T14:30:56Z,2026-08-26,16,30,Disney Adventure World,Ratatouille : L’Aventure Totalement Toquée de Rémy​,37,OPERATING,STANDBY,70,,,queue-times.com
2026-08-26T14:30:56Z,2026-08-26,16,30,Disney Adventure World,Ratatouille: The Adventure Single Rider,7279,OPERATING,STANDBY,20,,,queue-times.com
2026-08-26T14:30:56Z,2026-08-26,16,30,Disney Adventure World,RC Racer,34,OPERATING,STANDBY,85,,,queue-times.com
2026-08-26T14:30:56Z,2026-08-26,16,30,Disney Adventure World,RC Racer Single Rider,7280,OPERATING,STANDBY,70,,,queue-times.com
2026-08-26T14:30:56Z,2026-08-26,16,30,Disney Adventure World,Slinky® Dog Zigzag Spin,36,OPERATING,STANDBY,35,,,queue-times.com
2026-08-26T14:30:56Z,2026-08-26,16,30,Disney Adventure World,Toy Soldiers Parachute Drop,35,OPERATING,STANDBY,70,,,queue-times.com
2026-08-26T14:30:56Z,2026-08-26,16,30,Disney Adventure World,Toy Soldiers Parachute Drop Single Rider,7281,OPERATING,STANDBY,30,,,queue-times.com
2026-08-26T14:30:56Z,2026-08-26,16,30,Disney Adventure World,Entry to World of Frozen,16247,OPERATING,STANDBY,0,,,queue-times.com
2026-08-26T14:30:56Z,2026-08-26,16,30,Disney Adventure World,Frozen Ever After,15413,CLOSED,STANDBY,0,,,queue-times.com
2026-08-26T14:30:56Z,2026-08-26,16,30,Disney Adventure World,Raiponce Tangled Spin,15415,OPERATING,STANDBY,20,,,queue-times.com
2026-08-26T14:45:38Z,2026-08-26,16,45,Disneyland Park,Adventure Isle,2702,OPERATING,STANDBY,0,,,queue-times.com
2026-08-26T14:45:38Z,2026-08-26,16,45,Disneyland Park,Indiana Jones and the Temple of Peril Single Rider,7306,OPERATING,STANDBY,30,,,queue-times.com
2026-08-26T14:45:38Z,2026-08-26,16,45,Disneyland Park,Indiana Jones™ and the Temple of Peril,2,OPERATING,STANDBY,40,,,queue-times.com
2026-08-26T14:45:38Z,2026-08-26,16,45,Disneyland Park,La Cabane des Robinson,1,OPERATING,STANDBY,5,,,queue-times.com
2026-08-26T14:45:38Z,2026-08-26,16,45,Disneyland Park,Le Passage Enchanté d'Aladdin,2703,OPERATING,STANDBY,0,,,queue-times.com
2026-08-26T14:45:38Z,2026-08-26,16,45,Disneyland Park,Pirate Galleon,2705,CLOSED,STANDBY,0,,,queue-times.com
2026-08-26T14:45:38Z,2026-08-26,16,45,Disneyland Park,Pirates of the Caribbean,3,OPERATING,STANDBY,20,,,queue-times.com
2026-08-26T14:45:38Z,2026-08-26,16,45,Disneyland Park,Pirates' Beach,2704,OPERATING,STANDBY,0,,,queue-times.com
2026-08-26T14:45:38Z,2026-08-26,16,45,Disneyland Park,"Autopia, presented by Avis",4,OPERATING,STANDBY,35,,,queue-times.com
2026-08-26T14:45:38Z,2026-08-26,16,45,Disneyland Park,Buzz Lightyear Laser Blast,5,OPERATING,STANDBY,65,,,queue-times.com
2026-08-26T14:45:38Z,2026-08-26,16,45,Disneyland Park,Disneyland Railroad Discoveryland Station,2706,CLOSED,STANDBY,0,,,queue-times.com
2026-08-26T14:45:38Z,2026-08-26,16,45,Disneyland Park,Les Mystères du Nautilus,6,OPERATING,STANDBY,5,,,queue-times.com
2026-08-26T14:45:38Z,2026-08-26,16,45,Disneyland Park,Mickey’s PhilharMagic,2707,OPERATING,STANDBY,0,,,queue-times.com
2026-08-26T14:45:38Z,2026-08-26,16,45,Disneyland Park,Orbitron®,7,OPERATING,STANDBY,45,,,queue-times.com
2026-08-26T14:45:38Z,2026-08-26,16,45,Disneyland Park,Star Tours: The Adventures Continue*,9,OPERATING,STANDBY,5,,,queue-times.com
2026-08-26T14:45:38Z,2026-08-26,16,45,Disneyland Park,Star Wars Hyperspace Mountain,8,OPERATING,STANDBY,40,,,queue-times.com
2026-08-26T14:45:38Z,2026-08-26,16,45,Disneyland Park,Star Wars Hyperspace Mountain Single Rider,7278,OPERATING,STANDBY,25,,,queue-times.com
2026-08-26T14:45:38Z,2026-08-26,16,45,Disneyland Park,Welcome to Starport: A Star Wars Encounter,4573,OPERATING,STANDBY,25,,,queue-times.com
2026-08-26T14:45:38Z,2026-08-26,16,45,Disneyland Park,"""it's a small world""",19,OPERATING,STANDBY,10,,,queue-times.com
2026-08-26T14:45:38Z,2026-08-26,16,45,Disneyland Park,Alice's Curious Labyrinth,14,OPERATING,STANDBY,5,,,queue-times.com
2026-08-26T14:45:38Z,2026-08-26,16,45,Disneyland Park,Blanche-Neige et les Sept Nains®,15,OPERATING,STANDBY,30,,,queue-times.com
2026-08-26T14:45:38Z,2026-08-26,16,45,Disneyland Park,Casey Jr. – le Petit Train du Cirque,17,OPERATING,STANDBY,15,,,queue-times.com
2026-08-26T14:45:38Z,2026-08-26,16,45,Disneyland Park,Disneyland Railroad Fantasyland Station,2711,CLOSED,STANDBY,0,,,queue-times.com
2026-08-26T14:45:38Z,2026-08-26,16,45,Disneyland Park,Disneyland Railroad Main Street Station,11,OPERATING,STANDBY,20,,,queue-times.com
2026-08-26T14:45:38Z,2026-08-26,16,45,Disneyland Park,Dumbo the Flying Elephant,18,CLOSED,STANDBY,0,,,queue-times.com
2026-08-26T14:45:38Z,2026-08-26,16,45,Disneyland Park,La Tanière du Dragon,2710,OPERATING,STANDBY,0,,,queue-times.com
2026-08-26T14:45:38Z,2026-08-26,16,45,Disneyland Park,Le Carrousel de Lancelot,16,OPERATING,STANDBY,10,,,queue-times.com
2026-08-26T14:45:38Z,2026-08-26,16,45,Disneyland Park,"Le Pays des Contes de Fées, presented by Vittel",21,OPERATING,STANDBY,5,,,queue-times.com
2026-08-26T14:45:38Z,2026-08-26,16,45,Disneyland Park,Les Voyages de Pinocchio,23,OPERATING,STANDBY,25,,,queue-times.com
2026-08-26T14:45:38Z,2026-08-26,16,45,Disneyland Park,Mad Hatter's Tea Cups,20,OPERATING,STANDBY,5,,,queue-times.com
2026-08-26T14:45:38Z,2026-08-26,16,45,Disneyland Park,Meet Mickey Mouse,13,OPERATING,STANDBY,0,,,queue-times.com
2026-08-26T14:45:38Z,2026-08-26,16,45,Disneyland Park,Peter Pan's Flight,22,OPERATING,STANDBY,60,,,queue-times.com
2026-08-26T14:45:38Z,2026-08-26,16,45,Disneyland Park,Princess Pavilion,24,OPERATING,STANDBY,0,,,queue-times.com
2026-08-26T14:45:38Z,2026-08-26,16,45,Disneyland Park,Big Thunder Mountain,25,OPERATING,STANDBY,70,,,queue-times.com
2026-08-26T14:45:38Z,2026-08-26,16,45,Disneyland Park,Disneyland Railroad Frontierland Depot,2714,OPERATING,STANDBY,30,,,queue-times.com
2026-08-26T14:45:38Z,2026-08-26,16,45,Disneyland Park,Frontierland Playground,2713,OPERATING,STANDBY,0,,,queue-times.com
2026-08-26T14:45:38Z,2026-08-26,16,45,Disneyland Park,Phantom Manor,26,OPERATING,STANDBY,20,,,queue-times.com
2026-08-26T14:45:38Z,2026-08-26,16,45,Disneyland Park,River Rogue Keelboats,27,CLOSED,STANDBY,0,,,queue-times.com
2026-08-26T14:45:38Z,2026-08-26,16,45,Disneyland Park,Rustler Roundup Shootin' Gallery,2712,OPERATING,STANDBY,0,,,queue-times.com
2026-08-26T14:45:38Z,2026-08-26,16,45,Disneyland Park,Thunder Mesa Riverboat Landing,28,OPERATING,STANDBY,20,,,queue-times.com
2026-08-26T14:45:38Z,2026-08-26,16,45,Disneyland Park,Disneyland Railroad Main Street Station,2708,OPERATING,STANDBY,0,,,queue-times.com
2026-08-26T14:45:38Z,2026-08-26,16,45,Disneyland Park,Main Street Vehicles,12,CLOSED,STANDBY,0,,,queue-times.com
2026-08-26T14:45:38Z,2026-08-26,16,45,Disney Adventure World,Avengers Assemble: Flight Force,10848,CLOSED,STANDBY,0,,,queue-times.com
2026-08-26T14:45:38Z,2026-08-26,16,45,Disney Adventure World,Avengers Assemble: Flight Force Single Rider,10849,CLOSED,STANDBY,0,,,queue-times.com
2026-08-26T14:45:38Z,2026-08-26,16,45,Disney Adventure World,Spider-Man W.E.B. Adventure,10845,OPERATING,STANDBY,80,,,queue-times.com
2026-08-26T14:45:38Z,2026-08-26,16,45,Disney Adventure World,Spider-Man W.E.B. Adventure Single Rider,10846,OPERATING,STANDBY,40,,,queue-times.com
2026-08-26T14:45:38Z,2026-08-26,16,45,Disney Adventure World,The Twilight Zone Tower of Terror,40,OPERATING,STANDBY,25,,,queue-times.com
2026-08-26T14:45:38Z,2026-08-26,16,45,Disney Adventure World,Cars Quatre Roues Rallye,31,OPERATING,STANDBY,30,,,queue-times.com
2026-08-26T14:45:38Z,2026-08-26,16,45,Disney Adventure World,Cars ROAD TRIP,29,OPERATING,STANDBY,20,,,queue-times.com
2026-08-26T14:45:38Z,2026-08-26,16,45,Disney Adventure World,Crush's Coaster,32,OPERATING,STANDBY,105,,,queue-times.com
2026-08-26T14:45:38Z,2026-08-26,16,45,Disney Adventure World,Crush's Coaster Single Rider,7277,OPERATING,STANDBY,70,,,queue-times.com
2026-08-26T14:45:38Z,2026-08-26,16,45,Disney Adventure World,Les Tapis Volants - Flying Carpets Over Agrabah®,33,OPERATING,STANDBY,25,,,queue-times.com
2026-08-26T14:45:38Z,2026-08-26,16,45,Disney Adventure World,Ratatouille : L’Aventure Totalement Toquée de Rémy​,37,OPERATING,STANDBY,50,,,queue-times.com
2026-08-26T14:45:38Z,2026-08-26,16,45,Disney Adventure World,Ratatouille: The Adventure Single Rider,7279,OPERATING,STANDBY,20,,,queue-times.com
2026-08-26T14:45:38Z,2026-08-26,16,45,Disney Adventure World,RC Racer,34,OPERATING,STANDBY,80,,,queue-times.com
2026-08-26T14:45:38Z,2026-08-26,16,45,Disney Adventure World,RC Racer Single Rider,7280,OPERATING,STANDBY,35,,,queue-times.com
2026-08-26T14:45:38Z,2026-08-26,16,45,Disney Adventure World,Slinky® Dog Zigzag Spin,36,OPERATING,STANDBY,25,,,queue-times.com
2026-08-26T14:45:38Z,2026-08-26,16,45,Disney Adventure World,Toy Soldiers Parachute Drop,35,OPERATING,STANDBY,60,,,queue-times.com
2026-08-26T14:45:38Z,2026-08-26,16,45,Disney Adventure World,Toy Soldiers Parachute Drop Single Rider,7281,OPERATING,STANDBY,30,,,queue-times.com
2026-08-26T14:45:38Z,2026-08-26,16,45,Disney Adventure World,Entry to World of Frozen,16247,OPERATING,STANDBY,0,,,queue-times.com
2026-08-26T14:45:38Z,2026-08-26,16,45,Disney Adventure World,Frozen Ever After,15413,CLOSED,STANDBY,0,,,queue-times.com
2026-08-26T14:45:38Z,2026-08-26,16,45,Disney Adventure World,Raiponce Tangled Spin,15415,OPERATING,STANDBY,20,,,queue-times.com
2026-08-26T15:01:18Z,2026-08-26,17,1,Disneyland Park,Adventure Isle,2702,OPERATING,STANDBY,0,,,queue-times.com
2026-08-26T15:01:18Z,2026-08-26,17,1,Disneyland Park,Indiana Jones and the Temple of Peril Single Rider,7306,OPERATING,STANDBY,5,,,queue-times.com
2026-08-26T15:01:18Z,2026-08-26,17,1,Disneyland Park,Indiana Jones™ and the Temple of Peril,2,OPERATING,STANDBY,25,,,queue-times.com
2026-08-26T15:01:18Z,2026-08-26,17,1,Disneyland Park,La Cabane des Robinson,1,OPERATING,STANDBY,5,,,queue-times.com
2026-08-26T15:01:18Z,2026-08-26,17,1,Disneyland Park,Le Passage Enchanté d'Aladdin,2703,OPERATING,STANDBY,0,,,queue-times.com
2026-08-26T15:01:18Z,2026-08-26,17,1,Disneyland Park,Pirate Galleon,2705,CLOSED,STANDBY,0,,,queue-times.com
2026-08-26T15:01:18Z,2026-08-26,17,1,Disneyland Park,Pirates of the Caribbean,3,OPERATING,STANDBY,20,,,queue-times.com
2026-08-26T15:01:18Z,2026-08-26,17,1,Disneyland Park,Pirates' Beach,2704,OPERATING,STANDBY,0,,,queue-times.com
2026-08-26T15:01:18Z,2026-08-26,17,1,Disneyland Park,"Autopia, presented by Avis",4,OPERATING,STANDBY,40,,,queue-times.com
2026-08-26T15:01:18Z,2026-08-26,17,1,Disneyland Park,Buzz Lightyear Laser Blast,5,OPERATING,STANDBY,45,,,queue-times.com
2026-08-26T15:01:18Z,2026-08-26,17,1,Disneyland Park,Disneyland Railroad Discoveryland Station,2706,CLOSED,STANDBY,0,,,queue-times.com
2026-08-26T15:01:18Z,2026-08-26,17,1,Disneyland Park,Les Mystères du Nautilus,6,OPERATING,STANDBY,5,,,queue-times.com
2026-08-26T15:01:18Z,2026-08-26,17,1,Disneyland Park,Mickey’s PhilharMagic,2707,OPERATING,STANDBY,0,,,queue-times.com
2026-08-26T15:01:18Z,2026-08-26,17,1,Disneyland Park,Orbitron®,7,OPERATING,STANDBY,50,,,queue-times.com
2026-08-26T15:01:18Z,2026-08-26,17,1,Disneyland Park,Star Tours: The Adventures Continue*,9,OPERATING,STANDBY,10,,,queue-times.com
2026-08-26T15:01:18Z,2026-08-26,17,1,Disneyland Park,Star Wars Hyperspace Mountain,8,OPERATING,STANDBY,40,,,queue-times.com
2026-08-26T15:01:18Z,2026-08-26,17,1,Disneyland Park,Star Wars Hyperspace Mountain Single Rider,7278,OPERATING,STANDBY,35,,,queue-times.com
2026-08-26T15:01:18Z,2026-08-26,17,1,Disneyland Park,Welcome to Starport: A Star Wars Encounter,4573,OPERATING,STANDBY,25,,,queue-times.com
2026-08-26T15:01:18Z,2026-08-26,17,1,Disneyland Park,"""it's a small world""",19,OPERATING,STANDBY,5,,,queue-times.com
2026-08-26T15:01:18Z,2026-08-26,17,1,Disneyland Park,Alice's Curious Labyrinth,14,OPERATING,STANDBY,5,,,queue-times.com
2026-08-26T15:01:18Z,2026-08-26,17,1,Disneyland Park,Blanche-Neige et les Sept Nains®,15,OPERATING,STANDBY,30,,,queue-times.com
2026-08-26T15:01:18Z,2026-08-26,17,1,Disneyland Park,Casey Jr. – le Petit Train du Cirque,17,OPERATING,STANDBY,20,,,queue-times.com
2026-08-26T15:01:18Z,2026-08-26,17,1,Disneyland Park,Disneyland Railroad Fantasyland Station,2711,CLOSED,STANDBY,0,,,queue-times.com
2026-08-26T15:01:18Z,2026-08-26,17,1,Disneyland Park,Disneyland Railroad Main Street Station,11,OPERATING,STANDBY,20,,,queue-times.com
2026-08-26T15:01:18Z,2026-08-26,17,1,Disneyland Park,Dumbo the Flying Elephant,18,CLOSED,STANDBY,0,,,queue-times.com
2026-08-26T15:01:18Z,2026-08-26,17,1,Disneyland Park,La Tanière du Dragon,2710,OPERATING,STANDBY,0,,,queue-times.com
2026-08-26T15:01:18Z,2026-08-26,17,1,Disneyland Park,Le Carrousel de Lancelot,16,OPERATING,STANDBY,10,,,queue-times.com
2026-08-26T15:01:18Z,2026-08-26,17,1,Disneyland Park,"Le Pays des Contes de Fées, presented by Vittel",21,OPERATING,STANDBY,5,,,queue-times.com
2026-08-26T15:01:18Z,2026-08-26,17,1,Disneyland Park,Les Voyages de Pinocchio,23,OPERATING,STANDBY,30,,,queue-times.com
2026-08-26T15:01:18Z,2026-08-26,17,1,Disneyland Park,Mad Hatter's Tea Cups,20,OPERATING,STANDBY,5,,,queue-times.com
2026-08-26T15:01:18Z,2026-08-26,17,1,Disneyland Park,Meet Mickey Mouse,13,OPERATING,STANDBY,0,,,queue-times.com
2026-08-26T15:01:18Z,2026-08-26,17,1,Disneyland Park,Peter Pan's Flight,22,OPERATING,STANDBY,55,,,queue-times.com
2026-08-26T15:01:18Z,2026-08-26,17,1,Disneyland Park,Princess Pavilion,24,OPERATING,STANDBY,0,,,queue-times.com
2026-08-26T15:01:18Z,2026-08-26,17,1,Disneyland Park,Big Thunder Mountain,25,OPERATING,STANDBY,55,,,queue-times.com
2026-08-26T15:01:18Z,2026-08-26,17,1,Disneyland Park,Disneyland Railroad Frontierland Depot,2714,OPERATING,STANDBY,30,,,queue-times.com
2026-08-26T15:01:18Z,2026-08-26,17,1,Disneyland Park,Frontierland Playground,2713,OPERATING,STANDBY,0,,,queue-times.com
2026-08-26T15:01:18Z,2026-08-26,17,1,Disneyland Park,Phantom Manor,26,OPERATING,STANDBY,15,,,queue-times.com
2026-08-26T15:01:18Z,2026-08-26,17,1,Disneyland Park,River Rogue Keelboats,27,CLOSED,STANDBY,0,,,queue-times.com
2026-08-26T15:01:18Z,2026-08-26,17,1,Disneyland Park,Rustler Roundup Shootin' Gallery,2712,OPERATING,STANDBY,0,,,queue-times.com
2026-08-26T15:01:18Z,2026-08-26,17,1,Disneyland Park,Thunder Mesa Riverboat Landing,28,OPERATING,STANDBY,20,,,queue-times.com
2026-08-26T15:01:18Z,2026-08-26,17,1,Disneyland Park,Disneyland Railroad Main Street Station,2708,OPERATING,STANDBY,0,,,queue-times.com
2026-08-26T15:01:18Z,2026-08-26,17,1,Disneyland Park,Main Street Vehicles,12,CLOSED,STANDBY,0,,,queue-times.com
2026-08-26T15:01:18Z,2026-08-26,17,1,Disney Adventure World,Avengers Assemble: Flight Force,10848,CLOSED,STANDBY,0,,,queue-times.com
2026-08-26T15:01:18Z,2026-08-26,17,1,Disney Adventure World,Avengers Assemble: Flight Force Single Rider,10849,CLOSED,STANDBY,0,,,queue-times.com
2026-08-26T15:01:18Z,2026-08-26,17,1,Disney Adventure World,Spider-Man W.E.B. Adventure,10845,OPERATING,STANDBY,80,,,queue-times.com
2026-08-26T15:01:18Z,2026-08-26,17,1,Disney Adventure World,Spider-Man W.E.B. Adventure Single Rider,10846,OPERATING,STANDBY,5,,,queue-times.com
2026-08-26T15:01:18Z,2026-08-26,17,1,Disney Adventure World,The Twilight Zone Tower of Terror,40,OPERATING,STANDBY,30,,,queue-times.com
2026-08-26T15:01:18Z,2026-08-26,17,1,Disney Adventure World,Cars Quatre Roues Rallye,31,OPERATING,STANDBY,20,,,queue-times.com
2026-08-26T15:01:18Z,2026-08-26,17,1,Disney Adventure World,Cars ROAD TRIP,29,OPERATING,STANDBY,5,,,queue-times.com
2026-08-26T15:01:18Z,2026-08-26,17,1,Disney Adventure World,Crush's Coaster,32,OPERATING,STANDBY,85,,,queue-times.com
2026-08-26T15:01:18Z,2026-08-26,17,1,Disney Adventure World,Crush's Coaster Single Rider,7277,OPERATING,STANDBY,60,,,queue-times.com
2026-08-26T15:01:18Z,2026-08-26,17,1,Disney Adventure World,Les Tapis Volants - Flying Carpets Over Agrabah®,33,OPERATING,STANDBY,25,,,queue-times.com
2026-08-26T15:01:18Z,2026-08-26,17,1,Disney Adventure World,Ratatouille : L’Aventure Totalement Toquée de Rémy​,37,OPERATING,STANDBY,70,,,queue-times.com
2026-08-26T15:01:18Z,2026-08-26,17,1,Disney Adventure World,Ratatouille: The Adventure Single Rider,7279,OPERATING,STANDBY,15,,,queue-times.com
2026-08-26T15:01:18Z,2026-08-26,17,1,Disney Adventure World,RC Racer,34,OPERATING,STANDBY,60,,,queue-times.com
2026-08-26T15:01:18Z,2026-08-26,17,1,Disney Adventure World,RC Racer Single Rider,7280,OPERATING,STANDBY,55,,,queue-times.com
2026-08-26T15:01:18Z,2026-08-26,17,1,Disney Adventure World,Slinky® Dog Zigzag Spin,36,OPERATING,STANDBY,15,,,queue-times.com
2026-08-26T15:01:18Z,2026-08-26,17,1,Disney Adventure World,Toy Soldiers Parachute Drop,35,OPERATING,STANDBY,55,,,queue-times.com
2026-08-26T15:01:18Z,2026-08-26,17,1,Disney Adventure World,Toy Soldiers Parachute Drop Single Rider,7281,OPERATING,STANDBY,30,,,queue-times.com
2026-08-26T15:01:18Z,2026-08-26,17,1,Disney Adventure World,Entry to World of Frozen,16247,OPERATING,STANDBY,0,,,queue-times.com
2026-08-26T15:01:18Z,2026-08-26,17,1,Disney Adventure World,Frozen Ever After,15413,CLOSED,STANDBY,0,,,queue-times.com
2026-08-26T15:01:18Z,2026-08-26,17,1,Disney Adventure World,Raiponce Tangled Spin,15415,OPERATING,STANDBY,5,,,queue-times.com
